====== 测试项开始: 入离网上报测试 ======
时间: 2026-08-28 18:54:28
DateTime:2026-08-28 18:54:28.815:"=========【开启测试项日志】结束=========="                            File: Line:0 Function: Type:Debug:
DateTime:2026-08-28 18:54:28.815:"-----------------------------"                            File: Line:0 Function: Type:Debug:
DateTime:2026-08-28 18:54:28.823:"=============执行【三相功率源初始化连接】==================="                            File: Line:0 Function: Type:Debug:
DateTime:2026-08-28 18:54:28.823:port "COM11"                            File: Line:0 Function: Type:Debug:
DateTime:2026-08-28 18:54:28.827:三相功率源初始化连接成功                            File: Line:0 Function: Type:Debug:
DateTime:2026-08-28 18:54:28.839:"=========【三相功率源初始化连接】结束=========="                            File: Line:0 Function: Type:Debug:
DateTime:2026-08-28 18:54:28.839:"-----------------------------"                            File: Line:0 Function: Type:Debug:
DateTime:2026-08-28 18:54:28.839:"=============执行【三相功率源生源参数初始化】==================="                            File: Line:0 Function: Type:Debug:
DateTime:2026-08-28 18:54:28.839:"--发送:A1 01 04 D1 10 01 E2"                            File: Line:0 Function: Type:Debug:
DateTime:2026-08-28 18:54:28.940:"--发送:A1 01 05 C8 05 00 00 CD"                            File: Line:0 Function: Type:Debug:
DateTime:2026-08-28 18:54:29.041:"--发送:A1 01 07 D6 00 02 20 00 00 F8"                            File: Line:0 Function: Type:Debug:
DateTime:2026-08-28 18:54:29.141:"工作状态变更,当前状态:运行"                            File: Line:0 Function: Type:Debug:
DateTime:2026-08-28 18:54:29.141:"--发送:A1 01 07 D8 00 01 00 00 00 D9"                            File: Line:0 Function: Type:Debug:
DateTime:2026-08-28 18:54:29.188:"RocketMq上报工况(设备工作状态信息):{\"curWkStatusCode\":\"04\",\"plantNo\":\"YL-101601\",\"previousState\":\"02\",\"receiveTime\":\"2026-08-28 18:54:29\",\"startTime\":\"2026-08-28 18:54:29\"}"                            File: Line:0 Function: Type:Debug:
DateTime:2026-08-28 18:54:29.188:QAbstractSocket::waitForDisconnected() is not allowed in UnconnectedState                            File: Line:0 Function: Type:Warning:
DateTime:2026-08-28 18:54:29.242:"--发送:A1 01 05 D5 50 00 00 25"                            File: Line:0 Function: Type:Debug:
DateTime:2026-08-28 18:54:29.343:"=========【三相功率源生源参数初始化】结束=========="                            File: Line:0 Function: Type:Debug:
DateTime:2026-08-28 18:54:29.343:"-----------------------------"                            File: Line:0 Function: Type:Debug:
DateTime:2026-08-28 18:54:29.344:"=============执行【三相功率源生源】==================="                            File: Line:0 Function: Type:Debug:
DateTime:2026-08-28 18:54:29.344:"--发送:A1 01 04 DC 07 01 E4"                            File: Line:0 Function: Type:Debug:
DateTime:2026-08-28 18:54:29.445:三相功率源生源成功                            File: Line:0 Function: Type:Debug:
DateTime:2026-08-28 18:54:29.445:"=========【三相功率源生源】结束=========="                            File: Line:0 Function: Type:Debug:
DateTime:2026-08-28 18:54:29.445:"-----------------------------"                            File: Line:0 Function: Type:Debug:
DateTime:2026-08-28 18:54:29.446:"=============执行【Step1-应用串口初始化】==================="                            File: Line:0 Function: Type:Debug:
DateTime:2026-08-28 18:54:29.446:"执行接口函数ini_SimuCorn_Connect"                            File: Line:0 Function: Type:Debug:
DateTime:2026-08-28 18:54:29.446:callWorkFunction: ini_SimuCorn_Connect                            File: Line:0 Function: Type:Debug:
DateTime:2026-08-28 18:54:29.446:找到对应函数，进入执行                            File: Line:0 Function: Type:Debug:
DateTime:2026-08-28 18:54:29.449:"全部工装板连接成功"                            File: Line:0 Function: Type:Debug:
DateTime:2026-08-28 18:54:29.550:dll输出信息: ""                            File: Line:0 Function: Type:Debug:
DateTime:2026-08-28 18:54:29.550:接口函数调用成功，返回的结果为 0                            File: Line:0 Function: Type:Debug:
DateTime:2026-08-28 18:54:29.550:"外部传入的para：0，返回的result：0,返回的pValRet：0"                            File: Line:0 Function: Type:Debug:
DateTime:2026-08-28 18:54:29.550:"执行接口函数ini_SimuCorn_Connect完成"                            File: Line:0 Function: Type:Debug:
DateTime:2026-08-28 18:54:29.550:coorIndex 0                            File: Line:0 Function: Type:Debug:
DateTime:2026-08-28 18:54:29.550:当前流程结束                            File: Line:0 Function: Type:Debug:
DateTime:2026-08-28 18:54:29.550:退出connect函数                            File: Line:0 Function: Type:Debug:
DateTime:2026-08-28 18:54:29.550:"=========【Step1-应用串口初始化】结束=========="                            File: Line:0 Function: Type:Debug:
DateTime:2026-08-28 18:54:29.550:"-----------------------------"                            File: Line:0 Function: Type:Debug:
DateTime:2026-08-28 18:54:29.551:"=============执行【初始化工装参数】==================="                            File: Line:0 Function: Type:Debug:
DateTime:2026-08-28 18:54:29.551:"执行接口函数ini_SimuCorn_Para"                            File: Line:0 Function: Type:Debug:
DateTime:2026-08-28 18:54:29.551:callWorkFunction: ini_SimuCorn_Para                            File: Line:0 Function: Type:Debug:
DateTime:2026-08-28 18:54:29.551:找到对应函数，进入执行                            File: Line:0 Function: Type:Debug:
DateTime:2026-08-28 18:54:29.551:"工装板参数初始化完成"                            File: Line:0 Function: Type:Debug:
DateTime:2026-08-28 18:54:29.653:dll输出信息: ""                            File: Line:0 Function: Type:Debug:
DateTime:2026-08-28 18:54:29.653:接口函数调用成功，返回的结果为 0                            File: Line:0 Function: Type:Debug:
DateTime:2026-08-28 18:54:29.653:"外部传入的para：0，返回的result：0,返回的pValRet：0"                            File: Line:0 Function: Type:Debug:
DateTime:2026-08-28 18:54:29.653:"执行接口函数ini_SimuCorn_Para完成"                            File: Line:0 Function: Type:Debug:
DateTime:2026-08-28 18:54:29.653:coorIndex 0                            File: Line:0 Function: Type:Debug:
DateTime:2026-08-28 18:54:29.653:当前流程结束                            File: Line:0 Function: Type:Debug:
DateTime:2026-08-28 18:54:29.653:退出connect函数                            File: Line:0 Function: Type:Debug:
DateTime:2026-08-28 18:54:29.653:"=========【初始化工装参数】结束=========="                            File: Line:0 Function: Type:Debug:
DateTime:2026-08-28 18:54:29.653:"-----------------------------"                            File: Line:0 Function: Type:Debug:
DateTime:2026-08-28 18:54:29.653:"=============执行【测试槽位设置波特率】==================="                            File: Line:0 Function: Type:Debug:
DateTime:2026-08-28 18:54:29.653:"执行接口函数SimuCorn_set_baudrate"                            File: Line:0 Function: Type:Debug:
DateTime:2026-08-28 18:54:29.653:callWorkFunction: SimuCorn_set_baudrate                            File: Line:0 Function: Type:Debug:
DateTime:2026-08-28 18:54:29.653:找到对应函数，进入执行                            File: Line:0 Function: Type:Debug:
DateTime:2026-08-28 18:54:29.653:"工装发送：68 3A 00 3A 00 68 40 00 00 00 00 00 22 60 00 00 08 00 02 02 CE 16"                            File: Line:0 Function: Type:Debug:
DateTime:2026-08-28 18:54:29.654:"工装接收：68 32 00 32 00 68 80 00 00 00 00 00 00 60 00 00 01 00 E1 16"                            File: Line:0 Function: Type:Debug:
DateTime:2026-08-28 18:54:29.654:"m_baRecvMsg:"                            File: Line:0 Function: Type:Debug:
DateTime:2026-08-28 18:54:29.654:"frameList.size():1"                            File: Line:0 Function: Type:Debug:
DateTime:2026-08-28 18:54:29.654:"进入报文解析"                            File: Line:0 Function: Type:Debug:
DateTime:2026-08-28 18:54:29.654:"68 32 00 32 00 68 80 00 00 00 00 00 00 60 00 00 01 00 E1 16"                            File: Line:0 Function: Type:Debug:
DateTime:2026-08-28 18:54:29.654:"解码完成，功能码: 1"                            File: Line:0 Function: Type:Debug:
DateTime:2026-08-28 18:54:29.654:"工装回复确认帧"                            File: Line:0 Function: Type:Debug:
DateTime:2026-08-28 18:54:29.654:"全部槽位设置波特率成功"                            File: Line:0 Function: Type:Debug:
DateTime:2026-08-28 18:54:29.755:dll输出信息: ""                            File: Line:0 Function: Type:Debug:
DateTime:2026-08-28 18:54:29.755:接口函数调用成功，返回的结果为 0                            File: Line:0 Function: Type:Debug:
DateTime:2026-08-28 18:54:29.755:"外部传入的para：0，返回的result：0,返回的pValRet：0"                            File: Line:0 Function: Type:Debug:
DateTime:2026-08-28 18:54:29.755:"执行接口函数SimuCorn_set_baudrate完成"                            File: Line:0 Function: Type:Debug:
DateTime:2026-08-28 18:54:29.755:coorIndex 0                            File: Line:0 Function: Type:Debug:
DateTime:2026-08-28 18:54:29.755:当前流程结束                            File: Line:0 Function: Type:Debug:
DateTime:2026-08-28 18:54:29.755:退出connect函数                            File: Line:0 Function: Type:Debug:
DateTime:2026-08-28 18:54:29.755:"=========【测试槽位设置波特率】结束=========="                            File: Line:0 Function: Type:Debug:
DateTime:2026-08-28 18:54:29.755:"-----------------------------"                            File: Line:0 Function: Type:Debug:
DateTime:2026-08-28 18:54:29.756:"=============执行【测试槽位开启透传】==================="                            File: Line:0 Function: Type:Debug:
DateTime:2026-08-28 18:54:29.756:"执行接口函数SimuCorn_open_transport"                            File: Line:0 Function: Type:Debug:
DateTime:2026-08-28 18:54:29.756:callWorkFunction: SimuCorn_open_transport                            File: Line:0 Function: Type:Debug:
DateTime:2026-08-28 18:54:29.756:找到对应函数，进入执行                            File: Line:0 Function: Type:Debug:
DateTime:2026-08-28 18:54:29.756:"工装发送：68 42 00 42 00 68 40 00 00 00 00 00 22 60 00 00 01 00 02 01 3C 00 02 16"                            File: Line:0 Function: Type:Debug:
DateTime:2026-08-28 18:54:29.757:"工装接收：68 32 00 32 00 68 80 00 00 00 00 00 00 60 00 00 01 00 E1 16"                            File: Line:0 Function: Type:Debug:
DateTime:2026-08-28 18:54:29.757:"m_baRecvMsg:"                            File: Line:0 Function: Type:Debug:
DateTime:2026-08-28 18:54:29.757:"frameList.size():1"                            File: Line:0 Function: Type:Debug:
DateTime:2026-08-28 18:54:29.757:"进入报文解析"                            File: Line:0 Function: Type:Debug:
DateTime:2026-08-28 18:54:29.757:"68 32 00 32 00 68 80 00 00 00 00 00 00 60 00 00 01 00 E1 16"                            File: Line:0 Function: Type:Debug:
DateTime:2026-08-28 18:54:29.757:"解码完成，功能码: 1"                            File: Line:0 Function: Type:Debug:
DateTime:2026-08-28 18:54:29.757:"工装回复确认帧"                            File: Line:0 Function: Type:Debug:
DateTime:2026-08-28 18:54:29.757:"全部槽位开启透传成功"                            File: Line:0 Function: Type:Debug:
DateTime:2026-08-28 18:54:29.858:dll输出信息: ""                            File: Line:0 Function: Type:Debug:
DateTime:2026-08-28 18:54:29.858:接口函数调用成功，返回的结果为 0                            File: Line:0 Function: Type:Debug:
DateTime:2026-08-28 18:54:29.858:"外部传入的para：0，返回的result：0,返回的pValRet：0"                            File: Line:0 Function: Type:Debug:
DateTime:2026-08-28 18:54:29.858:"执行接口函数SimuCorn_open_transport完成"                            File: Line:0 Function: Type:Debug:
DateTime:2026-08-28 18:54:29.858:coorIndex 0                            File: Line:0 Function: Type:Debug:
DateTime:2026-08-28 18:54:29.858:当前流程结束                            File: Line:0 Function: Type:Debug:
DateTime:2026-08-28 18:54:29.858:退出connect函数                            File: Line:0 Function: Type:Debug:
DateTime:2026-08-28 18:54:29.858:"=========【测试槽位开启透传】结束=========="                            File: Line:0 Function: Type:Debug:
DateTime:2026-08-28 18:54:29.858:"-----------------------------"                            File: Line:0 Function: Type:Debug:
DateTime:2026-08-28 18:54:29.859:"=============执行【测试槽位透传关闭】==================="                            File: Line:0 Function: Type:Debug:
DateTime:2026-08-28 18:54:29.859:"执行接口函数SimuCorn_close_transport"                            File: Line:0 Function: Type:Debug:
DateTime:2026-08-28 18:54:29.859:callWorkFunction: SimuCorn_close_transport                            File: Line:0 Function: Type:Debug:
DateTime:2026-08-28 18:54:29.859:找到对应函数，进入执行                            File: Line:0 Function: Type:Debug:
DateTime:2026-08-28 18:54:29.859:"工装发送：68 42 00 42 00 68 40 00 00 00 00 00 22 60 00 00 01 00 03 00 3C 00 02 16"                            File: Line:0 Function: Type:Debug:
DateTime:2026-08-28 18:54:29.860:"工装接收：68 FA 01 FA 01 68 80 00 00 00 00 00 22 60 00 00 01 00 02 6F 00 68 11 00 C0 00 00 00 00 00 18 56 10 00 64 00 A2 16 68 11 00 C0 00 00 00 00 00 18 56 10 00 64 00 A2 16 68 4D 00 C0 00 00 00 00 00 19 56 02 00 01 12 90 78 56 34 12 36 68 12 90 78 56 34 12 68 81 2A 39 38 37 1E 35 39 36 34 43 33 49 4C 37 34 43 33 49 4C 39 34 43 33 49 4C 38 34 43 33 49 4C 3B 34 43 33 49 4C 3A 34 43 33 49 4C 32 16 98 16 15 16 68 32 00 32 00 68 80 00 00 00 00 00 00 60 00 00 01 00 E1 16"                            File: Line:0 Function: Type:Debug:
DateTime:2026-08-28 18:54:29.860:"m_baRecvMsg:"                            File: Line:0 Function: Type:Debug:
DateTime:2026-08-28 18:54:29.860:"frameList.size():2"                            File: Line:0 Function: Type:Debug:
DateTime:2026-08-28 18:54:29.860:"进入报文解析"                            File: Line:0 Function: Type:Debug:
DateTime:2026-08-28 18:54:29.860:"68 FA 01 FA 01 68 80 00 00 00 00 00 22 60 00 00 01 00 02 6F 00 68 11 00 C0 00 00 00 00 00 18 56 10 00 64 00 A2 16 68 11 00 C0 00 00 00 00 00 18 56 10 00 64 00 A2 16 68 4D 00 C0 00 00 00 00 00 19 56 02 00 01 12 90 78 56 34 12 36 68 12 90 78 56 34 12 68 81 2A 39 38 37 1E 35 39 36 34 43 33 49 4C 37 34 43 33 49 4C 39 34 43 33 49 4C 38 34 43 33 49 4C 3B 34 43 33 49 4C 3A 34 43 33 49 4C 32 16 98 16 15 16"                            File: Line:0 Function: Type:Debug:
DateTime:2026-08-28 18:54:29.860:"解码完成，功能码: 4"                            File: Line:0 Function: Type:Debug:
DateTime:2026-08-28 18:54:29.860:"工装接收到透传报文"                            File: Line:0 Function: Type:Debug:
DateTime:2026-08-28 18:54:29.860:"026F00681100C00000000000185610006400A216681100C00000000000185610006400A216684D00C000000000001956020001129078563412366812907856341268812A3938371E353936344333494C37344333494C39344333494C38344333494C3B344333494C3A344333494C32169816"                            File: Line:0 Function: Type:Debug:
DateTime:2026-08-28 18:54:29.860:"透传报文内容:68 11 00 c0 00 00 00 00 00 18 56 10 00 64 00 a2 16 68 11 00 c0 00 00 00 00 00 18 56 10 00 64 00 a2 16 68 4d 00 c0 00 00 00 00 00 19 56 02 00 01 12 90 78 56 34 12 36 68 12 90 78 56 34 12 68 81 2a 39 38 37 1e 35 39 36 34 43 33 49 4c 37 34 43 33 49 4c 39 34 43 33 49 4c 38 34 43 33 49 4c 3b 34 43 33 49 4c 3a 34 43 33 49 4c 32 16 98 16"                            File: Line:0 Function: Type:Debug:
DateTime:2026-08-28 18:54:29.860:"进入报文解析"                            File: Line:0 Function: Type:Debug:
DateTime:2026-08-28 18:54:29.861:"68 32 00 32 00 68 80 00 00 00 00 00 00 60 00 00 01 00 E1 16"                            File: Line:0 Function: Type:Debug:
DateTime:2026-08-28 18:54:29.861:"解码完成，功能码: 1"                            File: Line:0 Function: Type:Debug:
DateTime:2026-08-28 18:54:29.861:"工装回复确认帧"                            File: Line:0 Function: Type:Debug:
DateTime:2026-08-28 18:54:29.861:"工装发送：68 42 00 42 00 68 40 00 00 00 00 00 22 60 00 00 01 00 04 00 3C 00 03 16"                            File: Line:0 Function: Type:Debug:
DateTime:2026-08-28 18:54:29.861:"工装接收：68 32 00 32 00 68 80 00 00 00 00 00 00 60 00 00 01 00 E1 16"                            File: Line:0 Function: Type:Debug:
DateTime:2026-08-28 18:54:29.861:"m_baRecvMsg:"                            File: Line:0 Function: Type:Debug:
DateTime:2026-08-28 18:54:29.861:"frameList.size():1"                            File: Line:0 Function: Type:Debug:
DateTime:2026-08-28 18:54:29.861:"进入报文解析"                            File: Line:0 Function: Type:Debug:
DateTime:2026-08-28 18:54:29.861:"68 32 00 32 00 68 80 00 00 00 00 00 00 60 00 00 01 00 E1 16"                            File: Line:0 Function: Type:Debug:
DateTime:2026-08-28 18:54:29.861:"解码完成，功能码: 1"                            File: Line:0 Function: Type:Debug:
DateTime:2026-08-28 18:54:29.861:"工装回复确认帧"                            File: Line:0 Function: Type:Debug:
DateTime:2026-08-28 18:54:29.861:"工装发送：68 42 00 42 00 68 40 00 00 00 00 00 22 60 00 00 01 00 05 00 3C 00 04 16"                            File: Line:0 Function: Type:Debug:
DateTime:2026-08-28 18:54:29.862:"工装接收：68 32 00 32 00 68 80 00 00 00 00 00 00 60 00 00 01 00 E1 16"                            File: Line:0 Function: Type:Debug:
DateTime:2026-08-28 18:54:29.862:"m_baRecvMsg:"                            File: Line:0 Function: Type:Debug:
DateTime:2026-08-28 18:54:29.862:"frameList.size():1"                            File: Line:0 Function: Type:Debug:
DateTime:2026-08-28 18:54:29.862:"进入报文解析"                            File: Line:0 Function: Type:Debug:
DateTime:2026-08-28 18:54:29.862:"68 32 00 32 00 68 80 00 00 00 00 00 00 60 00 00 01 00 E1 16"                            File: Line:0 Function: Type:Debug:
DateTime:2026-08-28 18:54:29.862:"解码完成，功能码: 1"                            File: Line:0 Function: Type:Debug:
DateTime:2026-08-28 18:54:29.862:"工装回复确认帧"                            File: Line:0 Function: Type:Debug:
DateTime:2026-08-28 18:54:29.862:"工装发送：68 42 00 42 00 68 40 00 00 00 00 00 22 60 00 00 01 00 06 00 3C 00 05 16"                            File: Line:0 Function: Type:Debug:
DateTime:2026-08-28 18:54:29.863:"工装接收：68 32 00 32 00 68 80 00 00 00 00 00 00 60 00 00 01 00 E1 16"                            File: Line:0 Function: Type:Debug:
DateTime:2026-08-28 18:54:29.863:"m_baRecvMsg:"                            File: Line:0 Function: Type:Debug:
DateTime:2026-08-28 18:54:29.863:"frameList.size():1"                            File: Line:0 Function: Type:Debug:
DateTime:2026-08-28 18:54:29.863:"进入报文解析"                            File: Line:0 Function: Type:Debug:
DateTime:2026-08-28 18:54:29.863:"68 32 00 32 00 68 80 00 00 00 00 00 00 60 00 00 01 00 E1 16"                            File: Line:0 Function: Type:Debug:
DateTime:2026-08-28 18:54:29.863:"解码完成，功能码: 1"                            File: Line:0 Function: Type:Debug:
DateTime:2026-08-28 18:54:29.863:"工装回复确认帧"                            File: Line:0 Function: Type:Debug:
DateTime:2026-08-28 18:54:29.863:"工装发送：68 42 00 42 00 68 40 00 00 00 00 00 22 60 00 00 01 00 07 00 3C 00 06 16"                            File: Line:0 Function: Type:Debug:
DateTime:2026-08-28 18:54:29.863:"工装接收：68 32 00 32 00 68 80 00 00 00 00 00 00 60 00 00 01 00 E1 16"                            File: Line:0 Function: Type:Debug:
DateTime:2026-08-28 18:54:29.863:"m_baRecvMsg:"                            File: Line:0 Function: Type:Debug:
DateTime:2026-08-28 18:54:29.863:"frameList.size():1"                            File: Line:0 Function: Type:Debug:
DateTime:2026-08-28 18:54:29.864:"进入报文解析"                            File: Line:0 Function: Type:Debug:
DateTime:2026-08-28 18:54:29.864:"68 32 00 32 00 68 80 00 00 00 00 00 00 60 00 00 01 00 E1 16"                            File: Line:0 Function: Type:Debug:
DateTime:2026-08-28 18:54:29.864:"解码完成，功能码: 1"                            File: Line:0 Function: Type:Debug:
DateTime:2026-08-28 18:54:29.864:"工装回复确认帧"                            File: Line:0 Function: Type:Debug:
DateTime:2026-08-28 18:54:29.864:"工装发送：68 42 00 42 00 68 40 00 00 00 00 00 22 60 00 00 01 00 08 00 3C 00 07 16"                            File: Line:0 Function: Type:Debug:
DateTime:2026-08-28 18:54:29.864:"工装接收：68 32 00 32 00 68 80 00 00 00 00 00 00 60 00 00 01 00 E1 16"                            File: Line:0 Function: Type:Debug:
DateTime:2026-08-28 18:54:29.864:"m_baRecvMsg:"                            File: Line:0 Function: Type:Debug:
DateTime:2026-08-28 18:54:29.864:"frameList.size():1"                            File: Line:0 Function: Type:Debug:
DateTime:2026-08-28 18:54:29.864:"进入报文解析"                            File: Line:0 Function: Type:Debug:
DateTime:2026-08-28 18:54:29.864:"68 32 00 32 00 68 80 00 00 00 00 00 00 60 00 00 01 00 E1 16"                            File: Line:0 Function: Type:Debug:
DateTime:2026-08-28 18:54:29.864:"解码完成，功能码: 1"                            File: Line:0 Function: Type:Debug:
DateTime:2026-08-28 18:54:29.864:"工装回复确认帧"                            File: Line:0 Function: Type:Debug:
DateTime:2026-08-28 18:54:29.864:"全部槽位关闭透传成功"                            File: Line:0 Function: Type:Debug:
DateTime:2026-08-28 18:54:29.965:dll输出信息: ""                            File: Line:0 Function: Type:Debug:
DateTime:2026-08-28 18:54:29.965:接口函数调用成功，返回的结果为 0                            File: Line:0 Function: Type:Debug:
DateTime:2026-08-28 18:54:29.965:"外部传入的para：0，返回的result：0,返回的pValRet：0"                            File: Line:0 Function: Type:Debug:
DateTime:2026-08-28 18:54:29.965:"执行接口函数SimuCorn_close_transport完成"                            File: Line:0 Function: Type:Debug:
DateTime:2026-08-28 18:54:29.965:coorIndex 0                            File: Line:0 Function: Type:Debug:
DateTime:2026-08-28 18:54:29.965:当前流程结束                            File: Line:0 Function: Type:Debug:
DateTime:2026-08-28 18:54:29.965:退出connect函数                            File: Line:0 Function: Type:Debug:
DateTime:2026-08-28 18:54:29.965:"=========【测试槽位透传关闭】结束=========="                            File: Line:0 Function: Type:Debug:
DateTime:2026-08-28 18:54:29.965:"-----------------------------"                            File: Line:0 Function: Type:Debug:
DateTime:2026-08-28 18:54:29.966:"=============执行【路由测试槽位上电】==================="                            File: Line:0 Function: Type:Debug:
DateTime:2026-08-28 18:54:29.966:"执行接口函数SimuCorn_power_on"                            File: Line:0 Function: Type:Debug:
DateTime:2026-08-28 18:54:29.966:callWorkFunction: SimuCorn_power_on                            File: Line:0 Function: Type:Debug:
DateTime:2026-08-28 18:54:29.967:找到对应函数，进入执行                            File: Line:0 Function: Type:Debug:
DateTime:2026-08-28 18:54:29.967:"工装发送：68 3E 00 3E 00 68 40 00 00 00 00 00 21 60 00 00 02 00 02 02 01 C8 16"                            File: Line:0 Function: Type:Debug:
DateTime:2026-08-28 18:54:29.967:"工装接收：68 32 00 32 00 68 80 00 00 00 00 00 00 60 00 00 01 00 E1 16"                            File: Line:0 Function: Type:Debug:
DateTime:2026-08-28 18:54:29.967:"m_baRecvMsg:"                            File: Line:0 Function: Type:Debug:
DateTime:2026-08-28 18:54:29.967:"frameList.size():1"                            File: Line:0 Function: Type:Debug:
DateTime:2026-08-28 18:54:29.967:"进入报文解析"                            File: Line:0 Function: Type:Debug:
DateTime:2026-08-28 18:54:29.967:"68 32 00 32 00 68 80 00 00 00 00 00 00 60 00 00 01 00 E1 16"                            File: Line:0 Function: Type:Debug:
DateTime:2026-08-28 18:54:29.967:"解码完成，功能码: 1"                            File: Line:0 Function: Type:Debug:
DateTime:2026-08-28 18:54:29.967:"工装回复确认帧"                            File: Line:0 Function: Type:Debug:
DateTime:2026-08-28 18:54:29.967:"所有槽位上电成功"                            File: Line:0 Function: Type:Debug:
DateTime:2026-08-28 18:54:30.069:dll输出信息: ""                            File: Line:0 Function: Type:Debug:
DateTime:2026-08-28 18:54:30.069:接口函数调用成功，返回的结果为 0                            File: Line:0 Function: Type:Debug:
DateTime:2026-08-28 18:54:30.069:"外部传入的para：0，返回的result：0,返回的pValRet：0"                            File: Line:0 Function: Type:Debug:
DateTime:2026-08-28 18:54:30.069:"执行接口函数SimuCorn_power_on完成"                            File: Line:0 Function: Type:Debug:
DateTime:2026-08-28 18:54:30.069:coorIndex 0                            File: Line:0 Function: Type:Debug:
DateTime:2026-08-28 18:54:30.069:当前流程结束                            File: Line:0 Function: Type:Debug:
DateTime:2026-08-28 18:54:30.069:退出connect函数                            File: Line:0 Function: Type:Debug:
DateTime:2026-08-28 18:54:30.069:"=========【路由测试槽位上电】结束=========="                            File: Line:0 Function: Type:Debug:
DateTime:2026-08-28 18:54:30.069:"-----------------------------"                            File: Line:0 Function: Type:Debug:
DateTime:2026-08-28 18:54:30.070:"=============执行【设置强电通路闭合(槽位5,6)】==================="                            File: Line:0 Function: Type:Debug:
DateTime:2026-08-28 18:54:30.070:"执行接口函数SimuCorn_get_set_simu_relay"                            File: Line:0 Function: Type:Debug:
DateTime:2026-08-28 18:54:30.070:callWorkFunction: SimuCorn_get_set_simu_relay                            File: Line:0 Function: Type:Debug:
DateTime:2026-08-28 18:54:30.071:找到对应函数，进入执行                            File: Line:0 Function: Type:Debug:
DateTime:2026-08-28 18:54:30.071:"工装发送：68 42 00 42 00 68 40 00 00 00 00 00 22 60 00 00 20 00 01 02 03 04 EC 16"                            File: Line:0 Function: Type:Debug:
DateTime:2026-08-28 18:54:30.074:"工装接收：68 32 00 32 00 68 80 00 00 00 00 00 00 60 00 00 01 00 E1 16"                            File: Line:0 Function: Type:Debug:
DateTime:2026-08-28 18:54:30.074:"m_baRecvMsg:"                            File: Line:0 Function: Type:Debug:
DateTime:2026-08-28 18:54:30.074:"frameList.size():1"                            File: Line:0 Function: Type:Debug:
DateTime:2026-08-28 18:54:30.074:"进入报文解析"                            File: Line:0 Function: Type:Debug:
DateTime:2026-08-28 18:54:30.074:"68 32 00 32 00 68 80 00 00 00 00 00 00 60 00 00 01 00 E1 16"                            File: Line:0 Function: Type:Debug:
DateTime:2026-08-28 18:54:30.074:"解码完成，功能码: 1"                            File: Line:0 Function: Type:Debug:
DateTime:2026-08-28 18:54:30.074:"工装回复确认帧"                            File: Line:0 Function: Type:Debug:
DateTime:2026-08-28 18:54:30.074:"设置强电通路成功"                            File: Line:0 Function: Type:Debug:
DateTime:2026-08-28 18:54:30.176:dll输出信息: ""                            File: Line:0 Function: Type:Debug:
DateTime:2026-08-28 18:54:30.176:接口函数调用成功，返回的结果为 0                            File: Line:0 Function: Type:Debug:
DateTime:2026-08-28 18:54:30.176:"外部传入的para：0，返回的result：0,返回的pValRet：0"                            File: Line:0 Function: Type:Debug:
DateTime:2026-08-28 18:54:30.176:"执行接口函数SimuCorn_get_set_simu_relay完成"                            File: Line:0 Function: Type:Debug:
DateTime:2026-08-28 18:54:30.176:coorIndex 0                            File: Line:0 Function: Type:Debug:
DateTime:2026-08-28 18:54:30.176:当前流程结束                            File: Line:0 Function: Type:Debug:
DateTime:2026-08-28 18:54:30.176:退出connect函数                            File: Line:0 Function: Type:Debug:
DateTime:2026-08-28 18:54:30.176:"=========【设置强电通路闭合(槽位5,6)】结束=========="                            File: Line:0 Function: Type:Debug:
DateTime:2026-08-28 18:54:30.176:"-----------------------------"                            File: Line:0 Function: Type:Debug:
DateTime:2026-08-28 18:54:30.177:"=============执行【设置强电通路闭合(槽位7,8)】==================="                            File: Line:0 Function: Type:Debug:
DateTime:2026-08-28 18:54:30.177:"执行接口函数SimuCorn_get_set_simu_relay"                            File: Line:0 Function: Type:Debug:
DateTime:2026-08-28 18:54:30.178:callWorkFunction: SimuCorn_get_set_simu_relay                            File: Line:0 Function: Type:Debug:
DateTime:2026-08-28 18:54:30.178:找到对应函数，进入执行                            File: Line:0 Function: Type:Debug:
DateTime:2026-08-28 18:54:30.178:"工装发送：68 42 00 42 00 68 40 00 00 00 00 00 22 60 00 00 20 00 11 12 13 14 2C 16"                            File: Line:0 Function: Type:Debug:
DateTime:2026-08-28 18:54:30.183:"工装接收：68 32 00 32 00 68 80 00 00 00 00 00 00 60 00 00 01 00 E1 16"                            File: Line:0 Function: Type:Debug:
DateTime:2026-08-28 18:54:30.184:"m_baRecvMsg:"                            File: Line:0 Function: Type:Debug:
DateTime:2026-08-28 18:54:30.184:"frameList.size():1"                            File: Line:0 Function: Type:Debug:
DateTime:2026-08-28 18:54:30.184:"进入报文解析"                            File: Line:0 Function: Type:Debug:
DateTime:2026-08-28 18:54:30.184:"68 32 00 32 00 68 80 00 00 00 00 00 00 60 00 00 01 00 E1 16"                            File: Line:0 Function: Type:Debug:
DateTime:2026-08-28 18:54:30.184:"解码完成，功能码: 1"                            File: Line:0 Function: Type:Debug:
DateTime:2026-08-28 18:54:30.184:"工装回复确认帧"                            File: Line:0 Function: Type:Debug:
DateTime:2026-08-28 18:54:30.184:"设置强电通路成功"                            File: Line:0 Function: Type:Debug:
DateTime:2026-08-28 18:54:30.284:dll输出信息: ""                            File: Line:0 Function: Type:Debug:
DateTime:2026-08-28 18:54:30.284:接口函数调用成功，返回的结果为 0                            File: Line:0 Function: Type:Debug:
DateTime:2026-08-28 18:54:30.284:"外部传入的para：0，返回的result：0,返回的pValRet：0"                            File: Line:0 Function: Type:Debug:
DateTime:2026-08-28 18:54:30.284:"执行接口函数SimuCorn_get_set_simu_relay完成"                            File: Line:0 Function: Type:Debug:
DateTime:2026-08-28 18:54:30.284:coorIndex 0                            File: Line:0 Function: Type:Debug:
DateTime:2026-08-28 18:54:30.284:当前流程结束                            File: Line:0 Function: Type:Debug:
DateTime:2026-08-28 18:54:30.284:退出connect函数                            File: Line:0 Function: Type:Debug:
DateTime:2026-08-28 18:54:30.284:"=========【设置强电通路闭合(槽位7,8)】结束=========="                            File: Line:0 Function: Type:Debug:
DateTime:2026-08-28 18:54:30.284:"-----------------------------"                            File: Line:0 Function: Type:Debug:
DateTime:2026-08-28 18:54:30.285:"=============执行【执行延时】==================="                            File: Line:0 Function: Type:Debug:
DateTime:2026-08-28 18:54:30.286:"执行接口函数Func_Delay"                            File: Line:0 Function: Type:Debug:
DateTime:2026-08-28 18:54:30.286:callWorkFunction: Func_Delay                            File: Line:0 Function: Type:Debug:
DateTime:2026-08-28 18:54:30.286:找到对应函数，进入执行                            File: Line:0 Function: Type:Debug:
DateTime:2026-08-28 18:54:30.286:"延时时间为5s"                            File: Line:0 Function: Type:Debug:
DateTime:2026-08-28 18:54:30.286:"uTimeSecond_ms:5000"                            File: Line:0 Function: Type:Debug:
DateTime:2026-08-28 18:54:33.308:"等待工装回复超时"                            File: Line:0 Function: Type:Debug:
DateTime:2026-08-28 18:54:36.330:"等待工装回复超时"                            File: Line:0 Function: Type:Debug:
DateTime:2026-08-28 18:54:36.330:"延时时间到"                            File: Line:0 Function: Type:Debug:
DateTime:2026-08-28 18:54:36.431:dll输出信息: ""                            File: Line:0 Function: Type:Debug:
DateTime:2026-08-28 18:54:36.431:接口函数调用成功，返回的结果为 0                            File: Line:0 Function: Type:Debug:
DateTime:2026-08-28 18:54:36.431:"外部传入的para：0，返回的result：0,返回的pValRet：0"                            File: Line:0 Function: Type:Debug:
DateTime:2026-08-28 18:54:36.431:"执行接口函数Func_Delay完成"                            File: Line:0 Function: Type:Debug:
DateTime:2026-08-28 18:54:36.431:coorIndex 0                            File: Line:0 Function: Type:Debug:
DateTime:2026-08-28 18:54:36.431:当前流程结束                            File: Line:0 Function: Type:Debug:
DateTime:2026-08-28 18:54:36.431:退出connect函数                            File: Line:0 Function: Type:Debug:
DateTime:2026-08-28 18:54:36.431:"=========【执行延时】结束=========="                            File: Line:0 Function: Type:Debug:
DateTime:2026-08-28 18:54:36.431:"-----------------------------"                            File: Line:0 Function: Type:Debug:
DateTime:2026-08-28 18:54:36.432:"=============执行【Step2-设置主节点地址】==================="                            File: Line:0 Function: Type:Debug:
DateTime:2026-08-28 18:54:36.432:"执行接口函数CCO_AFN55_F1"                            File: Line:0 Function: Type:Debug:
DateTime:2026-08-28 18:54:36.433:callWorkFunction: CCO_AFN55_F1                            File: Line:0 Function: Type:Debug:
DateTime:2026-08-28 18:54:36.433:找到对应函数，进入执行                            File: Line:0 Function: Type:Debug:
DateTime:2026-08-28 18:54:36.551:"工装接收：68 72 01 72 01 68 80 00 00 00 00 00 22 60 00 00 01 00 02 4D 00 68 4D 00 C0 00 00 00 00 00 19 56 02 00 01 12 90 78 56 34 12 36 68 12 90 78 56 34 12 68 81 2A 39 38 37 1E 35 39 36 34 43 33 49 4C 37 34 43 33 49 4C 39 34 43 33 49 4C 38 34 43 33 49 4C 3B 34 43 33 49 4C 3A 34 43 33 49 4C 32 16 98 16 4D 16"                            File: Line:0 Function: Type:Debug:
DateTime:2026-08-28 18:54:36.551:"m_baRecvMsg:"                            File: Line:0 Function: Type:Debug:
DateTime:2026-08-28 18:54:36.551:"rameList.size():"                            File: Line:0 Function: Type:Debug:
DateTime:2026-08-28 18:54:36.551:"进入报文解析"                            File: Line:0 Function: Type:Debug:
DateTime:2026-08-28 18:54:36.551:"68 72 01 72 01 68 80 00 00 00 00 00 22 60 00 00 01 00 02 4D 00 68 4D 00 C0 00 00 00 00 00 19 56 02 00 01 12 90 78 56 34 12 36 68 12 90 78 56 34 12 68 81 2A 39 38 37 1E 35 39 36 34 43 33 49 4C 37 34 43 33 49 4C 39 34 43 33 49 4C 38 34 43 33 49 4C 3B 34 43 33 49 4C 3A 34 43 33 49 4C 32 16 98 16 4D 16"                            File: Line:0 Function: Type:Debug:
DateTime:2026-08-28 18:54:36.551:"解码完成，功能码: 4"                            File: Line:0 Function: Type:Debug:
DateTime:2026-08-28 18:54:36.552:"工装回复透传报文"                            File: Line:0 Function: Type:Debug:
DateTime:2026-08-28 18:54:36.552:"024D00684D00C000000000001956020001129078563412366812907856341268812A3938371E353936344333494C37344333494C39344333494C38344333494C3B344333494C3A344333494C32169816"                            File: Line:0 Function: Type:Debug:
DateTime:2026-08-28 18:54:36.552:"内容:68 4d 00 c0 00 00 00 00 00 19 56 02 00 01 12 90 78 56 34 12 36 68 12 90 78 56 34 12 68 81 2a 39 38 37 1e 35 39 36 34 43 33 49 4c 37 34 43 33 49 4c 39 34 43 33 49 4c 38 34 43 33 49 4c 3b 34 43 33 49 4c 3a 34 43 33 49 4c 32 16 98 16"                            File: Line:0 Function: Type:Debug:
DateTime:2026-08-28 18:54:36.955:"等待工装回复超时"                            File: Line:0 Function: Type:Debug:
DateTime:2026-08-28 18:54:36.955:"开始组帧"                            File: Line:0 Function: Type:Debug:
DateTime:2026-08-28 18:54:36.955:"组帧结束"                            File: Line:0 Function: Type:Debug:
DateTime:2026-08-28 18:54:36.955:"367.2Send:设置主节点地址(55H-F1)：=>68 15 00 43 00 00 00 00 00 E7 55 01 00 12 90 78 56 34 12 36 16"                            File: Line:0 Function: Type:Debug:
DateTime:2026-08-28 18:54:36.955:"槽位2透传:68960096006840000000000022600000010002013C00681500430000000000E755010012907856341236160116"                            File: Line:0 Function: Type:Debug:
DateTime:2026-08-28 18:54:36.955:"工装发送：68 96 00 96 00 68 40 00 00 00 00 00 22 60 00 00 01 00 02 01 3C 00 68 15 00 43 00 00 00 00 00 E7 55 01 00 12 90 78 56 34 12 36 16 01 16"                            File: Line:0 Function: Type:Debug:
DateTime:2026-08-28 18:54:36.979:"工装接收：68 32 00 32 00 68 80 00 00 00 00 00 00 60 00 00 01 00 E1 16"                            File: Line:0 Function: Type:Debug:
DateTime:2026-08-28 18:54:36.979:"m_baRecvMsg:"                            File: Line:0 Function: Type:Debug:
DateTime:2026-08-28 18:54:36.979:"frameList.size():1"                            File: Line:0 Function: Type:Debug:
DateTime:2026-08-28 18:54:36.979:"进入报文解析"                            File: Line:0 Function: Type:Debug:
DateTime:2026-08-28 18:54:36.979:"68 32 00 32 00 68 80 00 00 00 00 00 00 60 00 00 01 00 E1 16"                            File: Line:0 Function: Type:Debug:
DateTime:2026-08-28 18:54:36.979:"解码完成，功能码: 1"                            File: Line:0 Function: Type:Debug:
DateTime:2026-08-28 18:54:36.979:"工装回复确认帧"                            File: Line:0 Function: Type:Debug:
DateTime:2026-08-28 18:54:37.296:"工装接收：68 7A 00 7A 00 68 80 00 00 00 00 00 22 60 00 00 01 00 02 0F 00 68 0F 00 80 00 00 00 00 00 E7 50 01 00 B8 16 11 16"                            File: Line:0 Function: Type:Debug:
DateTime:2026-08-28 18:54:37.296:"m_baRecvMsg:"                            File: Line:0 Function: Type:Debug:
DateTime:2026-08-28 18:54:37.296:"frameList.size():1"                            File: Line:0 Function: Type:Debug:
DateTime:2026-08-28 18:54:37.296:"进入报文解析"                            File: Line:0 Function: Type:Debug:
DateTime:2026-08-28 18:54:37.296:"68 7A 00 7A 00 68 80 00 00 00 00 00 22 60 00 00 01 00 02 0F 00 68 0F 00 80 00 00 00 00 00 E7 50 01 00 B8 16 11 16"                            File: Line:0 Function: Type:Debug:
DateTime:2026-08-28 18:54:37.296:"解码完成，功能码: 4"                            File: Line:0 Function: Type:Debug:
DateTime:2026-08-28 18:54:37.296:"工装接收到透传报文"                            File: Line:0 Function: Type:Debug:
DateTime:2026-08-28 18:54:37.296:"020F00680F00800000000000E7500100B816"                            File: Line:0 Function: Type:Debug:
DateTime:2026-08-28 18:54:37.296:"透传报文内容:68 0f 00 80 00 00 00 00 00 e7 50 01 00 b8 16"                            File: Line:0 Function: Type:Debug:
DateTime:2026-08-28 18:54:40.015:"uTimeSecond_ms:5000"                            File: Line:0 Function: Type:Debug:
DateTime:2026-08-28 18:54:40.015:"查找结果: iret=0, wStart=0, dwOutLen=15, dwStreamLen=15, dwFindPos=0"                            File: Line:0 Function: Type:Debug:
DateTime:2026-08-28 18:54:40.015:"Receive:<= 68 0F 00 80 00 00 00 00 00 E7 50 01 00 B8 16"                            File: Line:0 Function: Type:Debug:
DateTime:2026-08-28 18:54:40.015:"解析：功能码-AFN=50H,Fn=1："                            File: Line:0 Function: Type:Debug:
DateTime:2026-08-28 18:54:40.015:"设置主节点地址成功"                            File: Line:0 Function: Type:Debug:
DateTime:2026-08-28 18:54:40.015:dll输出信息: ""                            File: Line:0 Function: Type:Debug:
DateTime:2026-08-28 18:54:40.015:接口函数调用成功，返回的结果为 0                            File: Line:0 Function: Type:Debug:
DateTime:2026-08-28 18:54:40.015:"外部传入的para：0，返回的result：0,返回的pValRet：0"                            File: Line:0 Function: Type:Debug:
DateTime:2026-08-28 18:54:40.015:"执行接口函数CCO_AFN55_F1完成"                            File: Line:0 Function: Type:Debug:
DateTime:2026-08-28 18:54:40.016:coorIndex 0                            File: Line:0 Function: Type:Debug:
DateTime:2026-08-28 18:54:40.016:当前流程结束                            File: Line:0 Function: Type:Debug:
DateTime:2026-08-28 18:54:40.016:退出connect函数                            File: Line:0 Function: Type:Debug:
DateTime:2026-08-28 18:54:40.016:"=========【Step2-设置主节点地址】结束=========="                            File: Line:0 Function: Type:Debug:
DateTime:2026-08-28 18:54:40.016:"-----------------------------"                            File: Line:0 Function: Type:Debug:
DateTime:2026-08-28 18:54:40.017:"=============执行【Step3-参数初始化】==================="                            File: Line:0 Function: Type:Debug:
DateTime:2026-08-28 18:54:40.017:"执行接口函数CCO_AFN51_F2"                            File: Line:0 Function: Type:Debug:
DateTime:2026-08-28 18:54:40.017:callWorkFunction: CCO_AFN51_F2                            File: Line:0 Function: Type:Debug:
DateTime:2026-08-28 18:54:40.017:找到对应函数，进入执行                            File: Line:0 Function: Type:Debug:
DateTime:2026-08-28 18:54:40.521:"等待工装回复超时"                            File: Line:0 Function: Type:Debug:
DateTime:2026-08-28 18:54:40.521:"开始组帧"                            File: Line:0 Function: Type:Debug:
DateTime:2026-08-28 18:54:40.521:"组帧结束"                            File: Line:0 Function: Type:Debug:
DateTime:2026-08-28 18:54:40.521:"367.2Send:参数初始化(51H-F2)：=>68 0F 00 43 00 00 00 00 00 E8 51 02 00 7E 16"                            File: Line:0 Function: Type:Debug:
DateTime:2026-08-28 18:54:40.521:"槽位2透传:687E007E006840000000000022600000010002013C00680F00430000000000E85102007E168B16"                            File: Line:0 Function: Type:Debug:
DateTime:2026-08-28 18:54:40.521:"工装发送：68 7E 00 7E 00 68 40 00 00 00 00 00 22 60 00 00 01 00 02 01 3C 00 68 0F 00 43 00 00 00 00 00 E8 51 02 00 7E 16 8B 16"                            File: Line:0 Function: Type:Debug:
DateTime:2026-08-28 18:54:40.539:"工装接收：68 32 00 32 00 68 80 00 00 00 00 00 00 60 00 00 01 00 E1 16"                            File: Line:0 Function: Type:Debug:
DateTime:2026-08-28 18:54:40.539:"m_baRecvMsg:"                            File: Line:0 Function: Type:Debug:
DateTime:2026-08-28 18:54:40.539:"frameList.size():1"                            File: Line:0 Function: Type:Debug:
DateTime:2026-08-28 18:54:40.539:"进入报文解析"                            File: Line:0 Function: Type:Debug:
DateTime:2026-08-28 18:54:40.539:"68 32 00 32 00 68 80 00 00 00 00 00 00 60 00 00 01 00 E1 16"                            File: Line:0 Function: Type:Debug:
DateTime:2026-08-28 18:54:40.539:"解码完成，功能码: 1"                            File: Line:0 Function: Type:Debug:
DateTime:2026-08-28 18:54:40.539:"工装回复确认帧"                            File: Line:0 Function: Type:Debug:
DateTime:2026-08-28 18:54:40.595:"工装接收：68 7A 00 7A 00 68 80 00 00 00 00 00 22 60 00 00 01 00 02 0F 00 68 0F 00 80 00 00 00 00 00 E8 50 01 00 B9 16 13 16"                            File: Line:0 Function: Type:Debug:
DateTime:2026-08-28 18:54:40.595:"m_baRecvMsg:"                            File: Line:0 Function: Type:Debug:
DateTime:2026-08-28 18:54:40.595:"frameList.size():1"                            File: Line:0 Function: Type:Debug:
DateTime:2026-08-28 18:54:40.595:"进入报文解析"                            File: Line:0 Function: Type:Debug:
DateTime:2026-08-28 18:54:40.595:"68 7A 00 7A 00 68 80 00 00 00 00 00 22 60 00 00 01 00 02 0F 00 68 0F 00 80 00 00 00 00 00 E8 50 01 00 B9 16 13 16"                            File: Line:0 Function: Type:Debug:
DateTime:2026-08-28 18:54:40.595:"解码完成，功能码: 4"                            File: Line:0 Function: Type:Debug:
DateTime:2026-08-28 18:54:40.595:"工装接收到透传报文"                            File: Line:0 Function: Type:Debug:
DateTime:2026-08-28 18:54:40.595:"020F00680F00800000000000E8500100B916"                            File: Line:0 Function: Type:Debug:
DateTime:2026-08-28 18:54:40.595:"透传报文内容:68 0f 00 80 00 00 00 00 00 e8 50 01 00 b9 16"                            File: Line:0 Function: Type:Debug:
DateTime:2026-08-28 18:54:43.617:"uTimeSecond_ms:20000"                            File: Line:0 Function: Type:Debug:
DateTime:2026-08-28 18:54:43.617:"查找结果: iret=0, wStart=0, dwOutLen=15, dwStreamLen=15, dwFindPos=0"                            File: Line:0 Function: Type:Debug:
DateTime:2026-08-28 18:54:43.617:"Receive:<= 68 0F 00 80 00 00 00 00 00 E8 50 01 00 B9 16"                            File: Line:0 Function: Type:Debug:
DateTime:2026-08-28 18:54:43.617:"解析：功能码-AFN=50H,Fn=1："                            File: Line:0 Function: Type:Debug:
DateTime:2026-08-28 18:54:43.617:"参数区初始化成功"                            File: Line:0 Function: Type:Debug:
DateTime:2026-08-28 18:54:43.617:dll输出信息: ""                            File: Line:0 Function: Type:Debug:
DateTime:2026-08-28 18:54:43.617:接口函数调用成功，返回的结果为 0                            File: Line:0 Function: Type:Debug:
DateTime:2026-08-28 18:54:43.617:"外部传入的para：0，返回的result：0,返回的pValRet：0"                            File: Line:0 Function: Type:Debug:
DateTime:2026-08-28 18:54:43.617:"执行接口函数CCO_AFN51_F2完成"                            File: Line:0 Function: Type:Debug:
DateTime:2026-08-28 18:54:43.618:coorIndex 0                            File: Line:0 Function: Type:Debug:
DateTime:2026-08-28 18:54:43.618:当前流程结束                            File: Line:0 Function: Type:Debug:
DateTime:2026-08-28 18:54:43.618:退出connect函数                            File: Line:0 Function: Type:Debug:
DateTime:2026-08-28 18:54:43.618:"=========【Step3-参数初始化】结束=========="                            File: Line:0 Function: Type:Debug:
DateTime:2026-08-28 18:54:43.618:"-----------------------------"                            File: Line:0 Function: Type:Debug:
DateTime:2026-08-28 18:54:43.621:"=============执行【执行延时】==================="                            File: Line:0 Function: Type:Debug:
DateTime:2026-08-28 18:54:43.621:"执行接口函数Func_Delay"                            File: Line:0 Function: Type:Debug:
DateTime:2026-08-28 18:54:43.621:callWorkFunction: Func_Delay                            File: Line:0 Function: Type:Debug:
DateTime:2026-08-28 18:54:43.621:找到对应函数，进入执行                            File: Line:0 Function: Type:Debug:
DateTime:2026-08-28 18:54:43.621:"延时时间为5s"                            File: Line:0 Function: Type:Debug:
DateTime:2026-08-28 18:54:43.621:"uTimeSecond_ms:5000"                            File: Line:0 Function: Type:Debug:
DateTime:2026-08-28 18:54:46.643:"等待工装回复超时"                            File: Line:0 Function: Type:Debug:
DateTime:2026-08-28 18:54:46.961:"工装接收：68 72 01 72 01 68 80 00 00 00 00 00 22 60 00 00 01 00 02 4D 00 68 4D 00 C0 00 00 00 00 00 19 56 02 00 01 12 90 78 56 34 12 36 68 12 90 78 56 34 12 68 81 2A 39 38 37 1E 35 39 36 34 43 33 49 4C 37 34 43 33 49 4C 39 34 43 33 49 4C 38 34 43 33 49 4C 3B 34 43 33 49 4C 3A 34 43 33 49 4C 32 16 98 16 4D 16"                            File: Line:0 Function: Type:Debug:
DateTime:2026-08-28 18:54:46.961:"m_baRecvMsg:"                            File: Line:0 Function: Type:Debug:
DateTime:2026-08-28 18:54:46.961:"rameList.size():"                            File: Line:0 Function: Type:Debug:
DateTime:2026-08-28 18:54:46.961:"进入报文解析"                            File: Line:0 Function: Type:Debug:
DateTime:2026-08-28 18:54:46.961:"68 72 01 72 01 68 80 00 00 00 00 00 22 60 00 00 01 00 02 4D 00 68 4D 00 C0 00 00 00 00 00 19 56 02 00 01 12 90 78 56 34 12 36 68 12 90 78 56 34 12 68 81 2A 39 38 37 1E 35 39 36 34 43 33 49 4C 37 34 43 33 49 4C 39 34 43 33 49 4C 38 34 43 33 49 4C 3B 34 43 33 49 4C 3A 34 43 33 49 4C 32 16 98 16 4D 16"                            File: Line:0 Function: Type:Debug:
DateTime:2026-08-28 18:54:46.961:"解码完成，功能码: 4"                            File: Line:0 Function: Type:Debug:
DateTime:2026-08-28 18:54:46.961:"工装回复透传报文"                            File: Line:0 Function: Type:Debug:
DateTime:2026-08-28 18:54:46.961:"024D00684D00C000000000001956020001129078563412366812907856341268812A3938371E353936344333494C37344333494C39344333494C38344333494C3B344333494C3A344333494C32169816"                            File: Line:0 Function: Type:Debug:
DateTime:2026-08-28 18:54:46.961:"内容:68 4d 00 c0 00 00 00 00 00 19 56 02 00 01 12 90 78 56 34 12 36 68 12 90 78 56 34 12 68 81 2a 39 38 37 1e 35 39 36 34 43 33 49 4c 37 34 43 33 49 4c 39 34 43 33 49 4c 38 34 43 33 49 4c 3b 34 43 33 49 4c 3a 34 43 33 49 4c 32 16 98 16"                            File: Line:0 Function: Type:Debug:
DateTime:2026-08-28 18:54:49.681:"等待工装回复超时"                            File: Line:0 Function: Type:Debug:
DateTime:2026-08-28 18:54:49.681:"延时时间到"                            File: Line:0 Function: Type:Debug:
DateTime:2026-08-28 18:54:49.781:dll输出信息: ""                            File: Line:0 Function: Type:Debug:
DateTime:2026-08-28 18:54:49.781:接口函数调用成功，返回的结果为 0                            File: Line:0 Function: Type:Debug:
DateTime:2026-08-28 18:54:49.781:"外部传入的para：0，返回的result：0,返回的pValRet：0"                            File: Line:0 Function: Type:Debug:
DateTime:2026-08-28 18:54:49.781:"执行接口函数Func_Delay完成"                            File: Line:0 Function: Type:Debug:
DateTime:2026-08-28 18:54:49.781:coorIndex 0                            File: Line:0 Function: Type:Debug:
DateTime:2026-08-28 18:54:49.781:当前流程结束                            File: Line:0 Function: Type:Debug:
DateTime:2026-08-28 18:54:49.781:退出connect函数                            File: Line:0 Function: Type:Debug:
DateTime:2026-08-28 18:54:49.781:"=========【执行延时】结束=========="                            File: Line:0 Function: Type:Debug:
DateTime:2026-08-28 18:54:49.781:"-----------------------------"                            File: Line:0 Function: Type:Debug:
DateTime:2026-08-28 18:54:49.782:"=============执行【EB040501设置默认方式主动上报】==================="                            File: Line:0 Function: Type:Debug:
DateTime:2026-08-28 18:54:49.782:"执行接口函数CCO_AFN52_F1_EB040501_set"                            File: Line:0 Function: Type:Debug:
DateTime:2026-08-28 18:54:49.783:callWorkFunction: CCO_AFN52_F1_EB040501_set                            File: Line:0 Function: Type:Debug:
DateTime:2026-08-28 18:54:49.783:找到对应函数，进入执行                            File: Line:0 Function: Type:Debug:
DateTime:2026-08-28 18:54:50.287:"等待工装回复超时"                            File: Line:0 Function: Type:Debug:
DateTime:2026-08-28 18:54:50.287:"开始组帧"                            File: Line:0 Function: Type:Debug:
DateTime:2026-08-28 18:54:50.287:"组帧结束"                            File: Line:0 Function: Type:Debug:
DateTime:2026-08-28 18:54:50.287:"367.2Send:数据转发(设置-存量CCO加工处理的事件主动上报方式EB040503)：=>68 34 00 43 00 00 00 00 00 E9 52 01 00 02 12 90 78 56 34 12 6B 8A E8 19 00 68 12 90 78 56 34 12 68 14 0D 34 38 37 1E 3B 33 33 33 44 44 44 44 33 7F 16 41 16"                            File: Line:0 Function: Type:Debug:
DateTime:2026-08-28 18:54:50.287:"槽位2透传:68120112016840000000000022600000010002013C00683400430000000000E9520100021290785634126B8AE819006812907856341268140D3438371E3B33333344444444337F1641163616"                            File: Line:0 Function: Type:Debug:
DateTime:2026-08-28 18:54:50.287:"工装发送：68 12 01 12 01 68 40 00 00 00 00 00 22 60 00 00 01 00 02 01 3C 00 68 34 00 43 00 00 00 00 00 E9 52 01 00 02 12 90 78 56 34 12 6B 8A E8 19 00 68 12 90 78 56 34 12 68 14 0D 34 38 37 1E 3B 33 33 33 44 44 44 44 33 7F 16 41 16 36 16"                            File: Line:0 Function: Type:Debug:
DateTime:2026-08-28 18:54:50.348:"工装接收：68 32 00 32 00 68 80 00 00 00 00 00 00 60 00 00 01 00 E1 16"                            File: Line:0 Function: Type:Debug:
DateTime:2026-08-28 18:54:50.348:"m_baRecvMsg:"                            File: Line:0 Function: Type:Debug:
DateTime:2026-08-28 18:54:50.348:"frameList.size():1"                            File: Line:0 Function: Type:Debug:
DateTime:2026-08-28 18:54:50.348:"进入报文解析"                            File: Line:0 Function: Type:Debug:
DateTime:2026-08-28 18:54:50.348:"68 32 00 32 00 68 80 00 00 00 00 00 00 60 00 00 01 00 E1 16"                            File: Line:0 Function: Type:Debug:
DateTime:2026-08-28 18:54:50.348:"解码完成，功能码: 1"                            File: Line:0 Function: Type:Debug:
DateTime:2026-08-28 18:54:50.348:"工装回复确认帧"                            File: Line:0 Function: Type:Debug:
DateTime:2026-08-28 18:54:50.457:"工装接收：68 CE 00 CE 00 68 80 00 00 00 00 00 22 60 00 00 01 00 02 24 00 68 24 00 80 00 00 00 00 00 E9 52 01 00 02 12 90 78 56 34 12 0C 00 68 12 90 78 56 34 12 68 94 00 1A 16 CA 16 5F 16"                            File: Line:0 Function: Type:Debug:
DateTime:2026-08-28 18:54:50.457:"m_baRecvMsg:"                            File: Line:0 Function: Type:Debug:
DateTime:2026-08-28 18:54:50.457:"frameList.size():1"                            File: Line:0 Function: Type:Debug:
DateTime:2026-08-28 18:54:50.457:"进入报文解析"                            File: Line:0 Function: Type:Debug:
DateTime:2026-08-28 18:54:50.457:"68 CE 00 CE 00 68 80 00 00 00 00 00 22 60 00 00 01 00 02 24 00 68 24 00 80 00 00 00 00 00 E9 52 01 00 02 12 90 78 56 34 12 0C 00 68 12 90 78 56 34 12 68 94 00 1A 16 CA 16 5F 16"                            File: Line:0 Function: Type:Debug:
DateTime:2026-08-28 18:54:50.457:"解码完成，功能码: 4"                            File: Line:0 Function: Type:Debug:
DateTime:2026-08-28 18:54:50.457:"工装接收到透传报文"                            File: Line:0 Function: Type:Debug:
DateTime:2026-08-28 18:54:50.457:"022400682400800000000000E9520100021290785634120C00681290785634126894001A16CA16"                            File: Line:0 Function: Type:Debug:
DateTime:2026-08-28 18:54:50.457:"透传报文内容:68 24 00 80 00 00 00 00 00 e9 52 01 00 02 12 90 78 56 34 12 0c 00 68 12 90 78 56 34 12 68 94 00 1a 16 ca 16"                            File: Line:0 Function: Type:Debug:
DateTime:2026-08-28 18:54:53.379:"uTimeSecond_ms:30000"                            File: Line:0 Function: Type:Debug:
DateTime:2026-08-28 18:54:53.379:"查找结果: iret=0, wStart=0, dwOutLen=36, dwStreamLen=36, dwFindPos=0"                            File: Line:0 Function: Type:Debug:
DateTime:2026-08-28 18:54:53.379:"Receive:<= 68 24 00 80 00 00 00 00 00 E9 52 01 00 02 12 90 78 56 34 12 0C 00 68 12 90 78 56 34 12 68 94 00 1A 16 CA 16"                            File: Line:0 Function: Type:Debug:
DateTime:2026-08-28 18:54:53.379:"解析：功能码-AFN=52H,Fn=1："                            File: Line:0 Function: Type:Debug:
DateTime:2026-08-28 18:54:53.379:"透传回复内容：021290785634120C00681290785634126894001A16"                            File: Line:0 Function: Type:Debug:
DateTime:2026-08-28 18:54:53.379:"设置成功"                            File: Line:0 Function: Type:Debug:
DateTime:2026-08-28 18:54:53.379:dll输出信息: ""                            File: Line:0 Function: Type:Debug:
DateTime:2026-08-28 18:54:53.379:接口函数调用成功，返回的结果为 0                            File: Line:0 Function: Type:Debug:
DateTime:2026-08-28 18:54:53.379:"外部传入的para：0，返回的result：0,返回的pValRet：0"                            File: Line:0 Function: Type:Debug:
DateTime:2026-08-28 18:54:53.379:"执行接口函数CCO_AFN52_F1_EB040501_set完成"                            File: Line:0 Function: Type:Debug:
DateTime:2026-08-28 18:54:53.380:coorIndex 0                            File: Line:0 Function: Type:Debug:
DateTime:2026-08-28 18:54:53.380:当前流程结束                            File: Line:0 Function: Type:Debug:
DateTime:2026-08-28 18:54:53.380:退出connect函数                            File: Line:0 Function: Type:Debug:
DateTime:2026-08-28 18:54:53.380:"=========【EB040501设置默认方式主动上报】结束=========="                            File: Line:0 Function: Type:Debug:
DateTime:2026-08-28 18:54:53.380:"-----------------------------"                            File: Line:0 Function: Type:Debug:
DateTime:2026-08-28 18:54:53.381:"=============执行【Step4-数据转发--EB040505设置网络状态变更信息主动上报(默认)】==================="                            File: Line:0 Function: Type:Debug:
DateTime:2026-08-28 18:54:53.381:"执行接口函数CCO_AFN52_F1_EB040505_set"                            File: Line:0 Function: Type:Debug:
DateTime:2026-08-28 18:54:53.381:callWorkFunction: CCO_AFN52_F1_EB040505_set                            File: Line:0 Function: Type:Debug:
DateTime:2026-08-28 18:54:53.381:找到对应函数，进入执行                            File: Line:0 Function: Type:Debug:
DateTime:2026-08-28 18:54:53.884:"等待工装回复超时"                            File: Line:0 Function: Type:Debug:
DateTime:2026-08-28 18:54:53.884:"开始组帧"                            File: Line:0 Function: Type:Debug:
DateTime:2026-08-28 18:54:53.884:"组帧结束"                            File: Line:0 Function: Type:Debug:
DateTime:2026-08-28 18:54:53.884:"367.2Send:数据转发(设置-网络状态变更信息主动上报EB040505)：=>68 34 00 43 00 00 00 00 00 EA 52 01 00 02 12 90 78 56 34 12 6B 8A E8 19 00 68 12 90 78 56 34 12 68 14 0D 38 38 37 1E 3B 33 33 33 44 44 44 44 36 86 16 50 16"                            File: Line:0 Function: Type:Debug:
DateTime:2026-08-28 18:54:53.884:"槽位2透传:68120112016840000000000022600000010002013C00683400430000000000EA520100021290785634126B8AE819006812907856341268140D3838371E3B3333334444444436861650165416"                            File: Line:0 Function: Type:Debug:
DateTime:2026-08-28 18:54:53.884:"工装发送：68 12 01 12 01 68 40 00 00 00 00 00 22 60 00 00 01 00 02 01 3C 00 68 34 00 43 00 00 00 00 00 EA 52 01 00 02 12 90 78 56 34 12 6B 8A E8 19 00 68 12 90 78 56 34 12 68 14 0D 38 38 37 1E 3B 33 33 33 44 44 44 44 36 86 16 50 16 54 16"                            File: Line:0 Function: Type:Debug:
DateTime:2026-08-28 18:54:53.945:"工装接收：68 32 00 32 00 68 80 00 00 00 00 00 00 60 00 00 01 00 E1 16"                            File: Line:0 Function: Type:Debug:
DateTime:2026-08-28 18:54:53.945:"m_baRecvMsg:"                            File: Line:0 Function: Type:Debug:
DateTime:2026-08-28 18:54:53.945:"frameList.size():1"                            File: Line:0 Function: Type:Debug:
DateTime:2026-08-28 18:54:53.945:"进入报文解析"                            File: Line:0 Function: Type:Debug:
DateTime:2026-08-28 18:54:53.945:"68 32 00 32 00 68 80 00 00 00 00 00 00 60 00 00 01 00 E1 16"                            File: Line:0 Function: Type:Debug:
DateTime:2026-08-28 18:54:53.945:"解码完成，功能码: 1"                            File: Line:0 Function: Type:Debug:
DateTime:2026-08-28 18:54:53.945:"工装回复确认帧"                            File: Line:0 Function: Type:Debug:
DateTime:2026-08-28 18:54:54.054:"工装接收：68 CE 00 CE 00 68 80 00 00 00 00 00 22 60 00 00 01 00 02 24 00 68 24 00 80 00 00 00 00 00 EA 52 01 00 02 12 90 78 56 34 12 0C 00 68 12 90 78 56 34 12 68 94 00 1A 16 CB 16 61 16"                            File: Line:0 Function: Type:Debug:
DateTime:2026-08-28 18:54:54.054:"m_baRecvMsg:"                            File: Line:0 Function: Type:Debug:
DateTime:2026-08-28 18:54:54.054:"frameList.size():1"                            File: Line:0 Function: Type:Debug:
DateTime:2026-08-28 18:54:54.054:"进入报文解析"                            File: Line:0 Function: Type:Debug:
DateTime:2026-08-28 18:54:54.054:"68 CE 00 CE 00 68 80 00 00 00 00 00 22 60 00 00 01 00 02 24 00 68 24 00 80 00 00 00 00 00 EA 52 01 00 02 12 90 78 56 34 12 0C 00 68 12 90 78 56 34 12 68 94 00 1A 16 CB 16 61 16"                            File: Line:0 Function: Type:Debug:
DateTime:2026-08-28 18:54:54.054:"解码完成，功能码: 4"                            File: Line:0 Function: Type:Debug:
DateTime:2026-08-28 18:54:54.054:"工装接收到透传报文"                            File: Line:0 Function: Type:Debug:
DateTime:2026-08-28 18:54:54.054:"022400682400800000000000EA520100021290785634120C00681290785634126894001A16CB16"                            File: Line:0 Function: Type:Debug:
DateTime:2026-08-28 18:54:54.054:"透传报文内容:68 24 00 80 00 00 00 00 00 ea 52 01 00 02 12 90 78 56 34 12 0c 00 68 12 90 78 56 34 12 68 94 00 1a 16 cb 16"                            File: Line:0 Function: Type:Debug:
DateTime:2026-08-28 18:54:56.975:"uTimeSecond_ms:30000"                            File: Line:0 Function: Type:Debug:
DateTime:2026-08-28 18:54:56.975:"查找结果: iret=0, wStart=0, dwOutLen=36, dwStreamLen=36, dwFindPos=0"                            File: Line:0 Function: Type:Debug:
DateTime:2026-08-28 18:54:56.975:"Receive:<= 68 24 00 80 00 00 00 00 00 EA 52 01 00 02 12 90 78 56 34 12 0C 00 68 12 90 78 56 34 12 68 94 00 1A 16 CB 16"                            File: Line:0 Function: Type:Debug:
DateTime:2026-08-28 18:54:56.975:"解析：功能码-AFN=52H,Fn=1："                            File: Line:0 Function: Type:Debug:
DateTime:2026-08-28 18:54:56.975:"透传回复内容：021290785634120C00681290785634126894001A16"                            File: Line:0 Function: Type:Debug:
DateTime:2026-08-28 18:54:56.975:"设置成功"                            File: Line:0 Function: Type:Debug:
DateTime:2026-08-28 18:54:56.975:dll输出信息: ""                            File: Line:0 Function: Type:Debug:
DateTime:2026-08-28 18:54:56.975:接口函数调用成功，返回的结果为 0                            File: Line:0 Function: Type:Debug:
DateTime:2026-08-28 18:54:56.975:"外部传入的para：0，返回的result：0,返回的pValRet：0"                            File: Line:0 Function: Type:Debug:
DateTime:2026-08-28 18:54:56.975:"执行接口函数CCO_AFN52_F1_EB040505_set完成"                            File: Line:0 Function: Type:Debug:
DateTime:2026-08-28 18:54:56.976:coorIndex 0                            File: Line:0 Function: Type:Debug:
DateTime:2026-08-28 18:54:56.976:当前流程结束                            File: Line:0 Function: Type:Debug:
DateTime:2026-08-28 18:54:56.976:退出connect函数                            File: Line:0 Function: Type:Debug:
DateTime:2026-08-28 18:54:56.976:"=========【Step4-数据转发--EB040505设置网络状态变更信息主动上报(默认)】结束=========="                            File: Line:0 Function: Type:Debug:
DateTime:2026-08-28 18:54:56.977:"-----------------------------"                            File: Line:0 Function: Type:Debug:
DateTime:2026-08-28 18:54:56.979:"=============执行【Step5-数据转发--EB040505查询网络状态变更信息主动上报(默认都上报)】==================="                            File: Line:0 Function: Type:Debug:
DateTime:2026-08-28 18:54:56.979:"执行接口函数CCO_AFN52_F1_EB040505_read"                            File: Line:0 Function: Type:Debug:
DateTime:2026-08-28 18:54:56.979:callWorkFunction: CCO_AFN52_F1_EB040505_read                            File: Line:0 Function: Type:Debug:
DateTime:2026-08-28 18:54:56.979:找到对应函数，进入执行                            File: Line:0 Function: Type:Debug:
DateTime:2026-08-28 18:54:57.483:"等待工装回复超时"                            File: Line:0 Function: Type:Debug:
DateTime:2026-08-28 18:54:57.483:"开始组帧"                            File: Line:0 Function: Type:Debug:
DateTime:2026-08-28 18:54:57.483:"组帧结束"                            File: Line:0 Function: Type:Debug:
DateTime:2026-08-28 18:54:57.483:"367.2Send:数据转发(查询-网络状态变更信息主动上报 EB040505)：=>68 2B 00 43 00 00 00 00 00 EB 52 01 00 02 12 90 78 56 34 12 6B 8A E8 10 00 68 12 90 78 56 34 12 68 11 04 38 38 37 1E 60 16 FC 16"                            File: Line:0 Function: Type:Debug:
DateTime:2026-08-28 18:54:57.483:"槽位2透传:68EE00EE006840000000000022600000010002013C00682B00430000000000EB520100021290785634126B8AE81000681290785634126811043838371E6016FC16A316"                            File: Line:0 Function: Type:Debug:
DateTime:2026-08-28 18:54:57.483:"工装发送：68 EE 00 EE 00 68 40 00 00 00 00 00 22 60 00 00 01 00 02 01 3C 00 68 2B 00 43 00 00 00 00 00 EB 52 01 00 02 12 90 78 56 34 12 6B 8A E8 10 00 68 12 90 78 56 34 12 68 11 04 38 38 37 1E 60 16 FC 16 A3 16"                            File: Line:0 Function: Type:Debug:
DateTime:2026-08-28 18:54:57.533:"工装接收：68 32 00 32 00 68 80 00 00 00 00 00 00 60 00 00 01 00 E1 16"                            File: Line:0 Function: Type:Debug:
DateTime:2026-08-28 18:54:57.533:"m_baRecvMsg:"                            File: Line:0 Function: Type:Debug:
DateTime:2026-08-28 18:54:57.533:"frameList.size():1"                            File: Line:0 Function: Type:Debug:
DateTime:2026-08-28 18:54:57.533:"进入报文解析"                            File: Line:0 Function: Type:Debug:
DateTime:2026-08-28 18:54:57.533:"68 32 00 32 00 68 80 00 00 00 00 00 00 60 00 00 01 00 E1 16"                            File: Line:0 Function: Type:Debug:
DateTime:2026-08-28 18:54:57.533:"解码完成，功能码: 1"                            File: Line:0 Function: Type:Debug:
DateTime:2026-08-28 18:54:57.533:"工装回复确认帧"                            File: Line:0 Function: Type:Debug:
DateTime:2026-08-28 18:54:57.588:"工装接收：68 E2 00 E2 00 68 80 00 00 00 00 00 22 60 00 00 01 00 02 29 00 68 29 00 80 00 00 00 00 00 EB 52 01 00 02 12 90 78 56 34 12 11 00 68 12 90 78 56 34 12 68 91 05 38 38 37 1E 36 17 16 CB 16 6B 16"                            File: Line:0 Function: Type:Debug:
DateTime:2026-08-28 18:54:57.588:"m_baRecvMsg:"                            File: Line:0 Function: Type:Debug:
DateTime:2026-08-28 18:54:57.588:"frameList.size():1"                            File: Line:0 Function: Type:Debug:
DateTime:2026-08-28 18:54:57.588:"进入报文解析"                            File: Line:0 Function: Type:Debug:
DateTime:2026-08-28 18:54:57.588:"68 E2 00 E2 00 68 80 00 00 00 00 00 22 60 00 00 01 00 02 29 00 68 29 00 80 00 00 00 00 00 EB 52 01 00 02 12 90 78 56 34 12 11 00 68 12 90 78 56 34 12 68 91 05 38 38 37 1E 36 17 16 CB 16 6B 16"                            File: Line:0 Function: Type:Debug:
DateTime:2026-08-28 18:54:57.588:"解码完成，功能码: 4"                            File: Line:0 Function: Type:Debug:
DateTime:2026-08-28 18:54:57.588:"工装接收到透传报文"                            File: Line:0 Function: Type:Debug:
DateTime:2026-08-28 18:54:57.588:"022900682900800000000000EB520100021290785634121100681290785634126891053838371E361716CB16"                            File: Line:0 Function: Type:Debug:
DateTime:2026-08-28 18:54:57.588:"透传报文内容:68 29 00 80 00 00 00 00 00 eb 52 01 00 02 12 90 78 56 34 12 11 00 68 12 90 78 56 34 12 68 91 05 38 38 37 1e 36 17 16 cb 16"                            File: Line:0 Function: Type:Debug:
DateTime:2026-08-28 18:55:00.510:"uTimeSecond_ms:30000"                            File: Line:0 Function: Type:Debug:
DateTime:2026-08-28 18:55:00.510:"查找结果: iret=0, wStart=0, dwOutLen=41, dwStreamLen=41, dwFindPos=0"                            File: Line:0 Function: Type:Debug:
DateTime:2026-08-28 18:55:00.510:"Receive:<= 68 29 00 80 00 00 00 00 00 EB 52 01 00 02 12 90 78 56 34 12 11 00 68 12 90 78 56 34 12 68 91 05 38 38 37 1E 36 17 16 CB 16"                            File: Line:0 Function: Type:Debug:
DateTime:2026-08-28 18:55:00.510:"解析：功能码-AFN=52H,Fn=1："                            File: Line:0 Function: Type:Debug:
DateTime:2026-08-28 18:55:00.510:"透传回复内容：021290785634121100681290785634126891053838371E361716"                            File: Line:0 Function: Type:Debug:
DateTime:2026-08-28 18:55:00.510:"DL/T645-2007协议 回复报文信息：控制码：91,数据标识：EB040505，数据域(需倒序解析)：03"                            File: Line:0 Function: Type:Debug:
DateTime:2026-08-28 18:55:00.510:"网络状态变更信息主动上报：入网上报,    网络状态变更信息主动上报：离网上报"                            File: Line:0 Function: Type:Debug:
DateTime:2026-08-28 18:55:00.510:dll输出信息: ""                            File: Line:0 Function: Type:Debug:
DateTime:2026-08-28 18:55:00.510:接口函数调用成功，返回的结果为 0                            File: Line:0 Function: Type:Debug:
DateTime:2026-08-28 18:55:00.510:"外部传入的para：0，返回的result：0,返回的pValRet：0"                            File: Line:0 Function: Type:Debug:
DateTime:2026-08-28 18:55:00.510:"执行接口函数CCO_AFN52_F1_EB040505_read完成"                            File: Line:0 Function: Type:Debug:
DateTime:2026-08-28 18:55:00.511:coorIndex 0                            File: Line:0 Function: Type:Debug:
DateTime:2026-08-28 18:55:00.512:当前流程结束                            File: Line:0 Function: Type:Debug:
DateTime:2026-08-28 18:55:00.512:退出connect函数                            File: Line:0 Function: Type:Debug:
DateTime:2026-08-28 18:55:00.512:"=========【Step5-数据转发--EB040505查询网络状态变更信息主动上报(默认都上报)】结束=========="                            File: Line:0 Function: Type:Debug:
DateTime:2026-08-28 18:55:00.512:"-----------------------------"                            File: Line:0 Function: Type:Debug:
DateTime:2026-08-28 18:55:00.514:"=============执行【Step6-预告抄读对象】==================="                            File: Line:0 Function: Type:Debug:
DateTime:2026-08-28 18:55:00.514:"执行接口函数CCO_AFN55_F9"                            File: Line:0 Function: Type:Debug:
DateTime:2026-08-28 18:55:00.514:callWorkFunction: CCO_AFN55_F9                            File: Line:0 Function: Type:Debug:
DateTime:2026-08-28 18:55:00.514:找到对应函数，进入执行                            File: Line:0 Function: Type:Debug:
DateTime:2026-08-28 18:55:01.018:"等待工装回复超时"                            File: Line:0 Function: Type:Debug:
DateTime:2026-08-28 18:55:01.018:"开始组帧"                            File: Line:0 Function: Type:Debug:
DateTime:2026-08-28 18:55:01.018:"组帧结束"                            File: Line:0 Function: Type:Debug:
DateTime:2026-08-28 18:55:01.018:"367.2Send:预告抄读对象(55H-F9)：=>68 48 00 43 00 00 00 00 00 EC 55 01 01 06 00 00 01 00 03 03 01 10 00 16 19 02 00 03 04 01 10 00 16 19 03 00 03 05 01 10 00 16 19 04 00 03 06 01 10 00 16 19 05 00 03 07 01 10 00 16 19 06 00 03 08 01 10 00 16 19 54 16"                            File: Line:0 Function: Type:Debug:
DateTime:2026-08-28 18:55:01.018:"槽位2透传:68620162016840000000000022600000010002013C00684800430000000000EC55010106000001000303011000161902000304011000161903000305011000161904000306011000161905000307011000161906000308011000161954167016"                            File: Line:0 Function: Type:Debug:
DateTime:2026-08-28 18:55:01.018:"工装发送：68 62 01 62 01 68 40 00 00 00 00 00 22 60 00 00 01 00 02 01 3C 00 68 48 00 43 00 00 00 00 00 EC 55 01 01 06 00 00 01 00 03 03 01 10 00 16 19 02 00 03 04 01 10 00 16 19 03 00 03 05 01 10 00 16 19 04 00 03 06 01 10 00 16 19 05 00 03 07 01 10 00 16 19 06 00 03 08 01 10 00 16 19 54 16 70 16"                            File: Line:0 Function: Type:Debug:
DateTime:2026-08-28 18:55:01.102:"工装接收：68 32 00 32 00 68 80 00 00 00 00 00 00 60 00 00 01 00 E1 16"                            File: Line:0 Function: Type:Debug:
DateTime:2026-08-28 18:55:01.102:"m_baRecvMsg:"                            File: Line:0 Function: Type:Debug:
DateTime:2026-08-28 18:55:01.102:"frameList.size():1"                            File: Line:0 Function: Type:Debug:
DateTime:2026-08-28 18:55:01.102:"进入报文解析"                            File: Line:0 Function: Type:Debug:
DateTime:2026-08-28 18:55:01.102:"68 32 00 32 00 68 80 00 00 00 00 00 00 60 00 00 01 00 E1 16"                            File: Line:0 Function: Type:Debug:
DateTime:2026-08-28 18:55:01.102:"解码完成，功能码: 1"                            File: Line:0 Function: Type:Debug:
DateTime:2026-08-28 18:55:01.102:"工装回复确认帧"                            File: Line:0 Function: Type:Debug:
DateTime:2026-08-28 18:55:01.144:"工装接收：68 7A 00 7A 00 68 80 00 00 00 00 00 22 60 00 00 01 00 02 0F 00 68 0F 00 80 00 00 00 00 00 EC 50 01 00 BD 16 1B 16"                            File: Line:0 Function: Type:Debug:
DateTime:2026-08-28 18:55:01.144:"m_baRecvMsg:"                            File: Line:0 Function: Type:Debug:
DateTime:2026-08-28 18:55:01.144:"frameList.size():1"                            File: Line:0 Function: Type:Debug:
DateTime:2026-08-28 18:55:01.144:"进入报文解析"                            File: Line:0 Function: Type:Debug:
DateTime:2026-08-28 18:55:01.144:"68 7A 00 7A 00 68 80 00 00 00 00 00 22 60 00 00 01 00 02 0F 00 68 0F 00 80 00 00 00 00 00 EC 50 01 00 BD 16 1B 16"                            File: Line:0 Function: Type:Debug:
DateTime:2026-08-28 18:55:01.144:"解码完成，功能码: 4"                            File: Line:0 Function: Type:Debug:
DateTime:2026-08-28 18:55:01.144:"工装接收到透传报文"                            File: Line:0 Function: Type:Debug:
DateTime:2026-08-28 18:55:01.144:"020F00680F00800000000000EC500100BD16"                            File: Line:0 Function: Type:Debug:
DateTime:2026-08-28 18:55:01.144:"透传报文内容:68 0f 00 80 00 00 00 00 00 ec 50 01 00 bd 16"                            File: Line:0 Function: Type:Debug:
DateTime:2026-08-28 18:55:04.065:"uTimeSecond_ms:5000"                            File: Line:0 Function: Type:Debug:
DateTime:2026-08-28 18:55:04.065:"查找结果: iret=0, wStart=0, dwOutLen=15, dwStreamLen=15, dwFindPos=0"                            File: Line:0 Function: Type:Debug:
DateTime:2026-08-28 18:55:04.065:"Receive:<= 68 0F 00 80 00 00 00 00 00 EC 50 01 00 BD 16"                            File: Line:0 Function: Type:Debug:
DateTime:2026-08-28 18:55:04.065:"解析：功能码-AFN=50H,Fn=1："                            File: Line:0 Function: Type:Debug:
DateTime:2026-08-28 18:55:04.065:"预告抄读对象成功"                            File: Line:0 Function: Type:Debug:
DateTime:2026-08-28 18:55:04.065:"成功数量：6"                            File: Line:0 Function: Type:Debug:
DateTime:2026-08-28 18:55:04.086:"预告抄读对象总数量：6 全部成功 "                            File: Line:0 Function: Type:Debug:
DateTime:2026-08-28 18:55:04.086:dll输出信息: ""                            File: Line:0 Function: Type:Debug:
DateTime:2026-08-28 18:55:04.086:接口函数调用成功，返回的结果为 0                            File: Line:0 Function: Type:Debug:
DateTime:2026-08-28 18:55:04.086:"外部传入的para：0，返回的result：0,返回的pValRet：0"                            File: Line:0 Function: Type:Debug:
DateTime:2026-08-28 18:55:04.086:"执行接口函数CCO_AFN55_F9完成"                            File: Line:0 Function: Type:Debug:
DateTime:2026-08-28 18:55:04.087:coorIndex 0                            File: Line:0 Function: Type:Debug:
DateTime:2026-08-28 18:55:04.087:当前流程结束                            File: Line:0 Function: Type:Debug:
DateTime:2026-08-28 18:55:04.087:退出connect函数                            File: Line:0 Function: Type:Debug:
DateTime:2026-08-28 18:55:04.087:"=========【Step6-预告抄读对象】结束=========="                            File: Line:0 Function: Type:Debug:
DateTime:2026-08-28 18:55:04.087:"-----------------------------"                            File: Line:0 Function: Type:Debug:
DateTime:2026-08-28 18:55:04.089:"=============执行【STA测试槽位上电】==================="                            File: Line:0 Function: Type:Debug:
DateTime:2026-08-28 18:55:04.090:"执行接口函数SimuCorn_power_on"                            File: Line:0 Function: Type:Debug:
DateTime:2026-08-28 18:55:04.090:callWorkFunction: SimuCorn_power_on                            File: Line:0 Function: Type:Debug:
DateTime:2026-08-28 18:55:04.090:找到对应函数，进入执行                            File: Line:0 Function: Type:Debug:
DateTime:2026-08-28 18:55:04.090:"工装发送：68 3E 00 3E 00 68 40 00 00 00 00 00 21 60 00 00 02 00 03 02 01 C9 16"                            File: Line:0 Function: Type:Debug:
DateTime:2026-08-28 18:55:04.090:"工装接收：68 32 00 32 00 68 80 00 00 00 00 00 00 60 00 00 01 00 E1 16"                            File: Line:0 Function: Type:Debug:
DateTime:2026-08-28 18:55:04.090:"m_baRecvMsg:"                            File: Line:0 Function: Type:Debug:
DateTime:2026-08-28 18:55:04.091:"frameList.size():1"                            File: Line:0 Function: Type:Debug:
DateTime:2026-08-28 18:55:04.091:"进入报文解析"                            File: Line:0 Function: Type:Debug:
DateTime:2026-08-28 18:55:04.091:"68 32 00 32 00 68 80 00 00 00 00 00 00 60 00 00 01 00 E1 16"                            File: Line:0 Function: Type:Debug:
DateTime:2026-08-28 18:55:04.091:"解码完成，功能码: 1"                            File: Line:0 Function: Type:Debug:
DateTime:2026-08-28 18:55:04.091:"工装回复确认帧"                            File: Line:0 Function: Type:Debug:
DateTime:2026-08-28 18:55:04.091:"工装发送：68 3E 00 3E 00 68 40 00 00 00 00 00 21 60 00 00 02 00 04 02 01 CA 16"                            File: Line:0 Function: Type:Debug:
DateTime:2026-08-28 18:55:04.091:"工装接收：68 32 00 32 00 68 80 00 00 00 00 00 00 60 00 00 01 00 E1 16"                            File: Line:0 Function: Type:Debug:
DateTime:2026-08-28 18:55:04.091:"m_baRecvMsg:"                            File: Line:0 Function: Type:Debug:
DateTime:2026-08-28 18:55:04.091:"frameList.size():1"                            File: Line:0 Function: Type:Debug:
DateTime:2026-08-28 18:55:04.091:"进入报文解析"                            File: Line:0 Function: Type:Debug:
DateTime:2026-08-28 18:55:04.091:"68 32 00 32 00 68 80 00 00 00 00 00 00 60 00 00 01 00 E1 16"                            File: Line:0 Function: Type:Debug:
DateTime:2026-08-28 18:55:04.091:"解码完成，功能码: 1"                            File: Line:0 Function: Type:Debug:
DateTime:2026-08-28 18:55:04.091:"工装回复确认帧"                            File: Line:0 Function: Type:Debug:
DateTime:2026-08-28 18:55:04.091:"工装发送：68 3E 00 3E 00 68 40 00 00 00 00 00 21 60 00 00 02 00 05 02 01 CB 16"                            File: Line:0 Function: Type:Debug:
DateTime:2026-08-28 18:55:04.092:"工装接收：68 32 00 32 00 68 80 00 00 00 00 00 00 60 00 00 01 00 E1 16"                            File: Line:0 Function: Type:Debug:
DateTime:2026-08-28 18:55:04.092:"m_baRecvMsg:"                            File: Line:0 Function: Type:Debug:
DateTime:2026-08-28 18:55:04.092:"frameList.size():1"                            File: Line:0 Function: Type:Debug:
DateTime:2026-08-28 18:55:04.092:"进入报文解析"                            File: Line:0 Function: Type:Debug:
DateTime:2026-08-28 18:55:04.092:"68 32 00 32 00 68 80 00 00 00 00 00 00 60 00 00 01 00 E1 16"                            File: Line:0 Function: Type:Debug:
DateTime:2026-08-28 18:55:04.092:"解码完成，功能码: 1"                            File: Line:0 Function: Type:Debug:
DateTime:2026-08-28 18:55:04.092:"工装回复确认帧"                            File: Line:0 Function: Type:Debug:
DateTime:2026-08-28 18:55:04.092:"工装发送：68 3E 00 3E 00 68 40 00 00 00 00 00 21 60 00 00 02 00 06 02 01 CC 16"                            File: Line:0 Function: Type:Debug:
DateTime:2026-08-28 18:55:04.093:"工装接收：68 32 00 32 00 68 80 00 00 00 00 00 00 60 00 00 01 00 E1 16"                            File: Line:0 Function: Type:Debug:
DateTime:2026-08-28 18:55:04.093:"m_baRecvMsg:"                            File: Line:0 Function: Type:Debug:
DateTime:2026-08-28 18:55:04.093:"frameList.size():1"                            File: Line:0 Function: Type:Debug:
DateTime:2026-08-28 18:55:04.093:"进入报文解析"                            File: Line:0 Function: Type:Debug:
DateTime:2026-08-28 18:55:04.093:"68 32 00 32 00 68 80 00 00 00 00 00 00 60 00 00 01 00 E1 16"                            File: Line:0 Function: Type:Debug:
DateTime:2026-08-28 18:55:04.093:"解码完成，功能码: 1"                            File: Line:0 Function: Type:Debug:
DateTime:2026-08-28 18:55:04.093:"工装回复确认帧"                            File: Line:0 Function: Type:Debug:
DateTime:2026-08-28 18:55:04.093:"工装发送：68 3E 00 3E 00 68 40 00 00 00 00 00 21 60 00 00 02 00 07 02 01 CD 16"                            File: Line:0 Function: Type:Debug:
DateTime:2026-08-28 18:55:04.093:"工装接收：68 32 00 32 00 68 80 00 00 00 00 00 00 60 00 00 01 00 E1 16"                            File: Line:0 Function: Type:Debug:
DateTime:2026-08-28 18:55:04.094:"m_baRecvMsg:"                            File: Line:0 Function: Type:Debug:
DateTime:2026-08-28 18:55:04.094:"frameList.size():1"                            File: Line:0 Function: Type:Debug:
DateTime:2026-08-28 18:55:04.094:"进入报文解析"                            File: Line:0 Function: Type:Debug:
DateTime:2026-08-28 18:55:04.094:"68 32 00 32 00 68 80 00 00 00 00 00 00 60 00 00 01 00 E1 16"                            File: Line:0 Function: Type:Debug:
DateTime:2026-08-28 18:55:04.094:"解码完成，功能码: 1"                            File: Line:0 Function: Type:Debug:
DateTime:2026-08-28 18:55:04.094:"工装回复确认帧"                            File: Line:0 Function: Type:Debug:
DateTime:2026-08-28 18:55:04.094:"工装发送：68 3E 00 3E 00 68 40 00 00 00 00 00 21 60 00 00 02 00 08 02 01 CE 16"                            File: Line:0 Function: Type:Debug:
DateTime:2026-08-28 18:55:04.094:"工装接收：68 32 00 32 00 68 80 00 00 00 00 00 00 60 00 00 01 00 E1 16"                            File: Line:0 Function: Type:Debug:
DateTime:2026-08-28 18:55:04.094:"m_baRecvMsg:"                            File: Line:0 Function: Type:Debug:
DateTime:2026-08-28 18:55:04.094:"frameList.size():1"                            File: Line:0 Function: Type:Debug:
DateTime:2026-08-28 18:55:04.094:"进入报文解析"                            File: Line:0 Function: Type:Debug:
DateTime:2026-08-28 18:55:04.094:"68 32 00 32 00 68 80 00 00 00 00 00 00 60 00 00 01 00 E1 16"                            File: Line:0 Function: Type:Debug:
DateTime:2026-08-28 18:55:04.094:"解码完成，功能码: 1"                            File: Line:0 Function: Type:Debug:
DateTime:2026-08-28 18:55:04.094:"工装回复确认帧"                            File: Line:0 Function: Type:Debug:
DateTime:2026-08-28 18:55:04.094:"所有槽位上电成功"                            File: Line:0 Function: Type:Debug:
DateTime:2026-08-28 18:55:04.196:dll输出信息: ""                            File: Line:0 Function: Type:Debug:
DateTime:2026-08-28 18:55:04.196:接口函数调用成功，返回的结果为 0                            File: Line:0 Function: Type:Debug:
DateTime:2026-08-28 18:55:04.196:"外部传入的para：0，返回的result：0,返回的pValRet：0"                            File: Line:0 Function: Type:Debug:
DateTime:2026-08-28 18:55:04.196:"执行接口函数SimuCorn_power_on完成"                            File: Line:0 Function: Type:Debug:
DateTime:2026-08-28 18:55:04.196:coorIndex 0                            File: Line:0 Function: Type:Debug:
DateTime:2026-08-28 18:55:04.196:当前流程结束                            File: Line:0 Function: Type:Debug:
DateTime:2026-08-28 18:55:04.196:退出connect函数                            File: Line:0 Function: Type:Debug:
DateTime:2026-08-28 18:55:04.196:"=========【STA测试槽位上电】结束=========="                            File: Line:0 Function: Type:Debug:
DateTime:2026-08-28 18:55:04.196:"-----------------------------"                            File: Line:0 Function: Type:Debug:
DateTime:2026-08-28 18:55:04.197:"=============执行【执行延时】==================="                            File: Line:0 Function: Type:Debug:
DateTime:2026-08-28 18:55:04.197:"执行接口函数Func_Delay"                            File: Line:0 Function: Type:Debug:
DateTime:2026-08-28 18:55:04.197:callWorkFunction: Func_Delay                            File: Line:0 Function: Type:Debug:
DateTime:2026-08-28 18:55:04.197:找到对应函数，进入执行                            File: Line:0 Function: Type:Debug:
DateTime:2026-08-28 18:55:04.198:"延时时间为5s"                            File: Line:0 Function: Type:Debug:
DateTime:2026-08-28 18:55:04.198:"uTimeSecond_ms:5000"                            File: Line:0 Function: Type:Debug:
DateTime:2026-08-28 18:55:07.220:"等待工装回复超时"                            File: Line:0 Function: Type:Debug:
DateTime:2026-08-28 18:55:10.242:"等待工装回复超时"                            File: Line:0 Function: Type:Debug:
DateTime:2026-08-28 18:55:10.242:"延时时间到"                            File: Line:0 Function: Type:Debug:
DateTime:2026-08-28 18:55:10.342:dll输出信息: ""                            File: Line:0 Function: Type:Debug:
DateTime:2026-08-28 18:55:10.342:接口函数调用成功，返回的结果为 0                            File: Line:0 Function: Type:Debug:
DateTime:2026-08-28 18:55:10.342:"外部传入的para：0，返回的result：0,返回的pValRet：0"                            File: Line:0 Function: Type:Debug:
DateTime:2026-08-28 18:55:10.342:"执行接口函数Func_Delay完成"                            File: Line:0 Function: Type:Debug:
DateTime:2026-08-28 18:55:10.342:coorIndex 0                            File: Line:0 Function: Type:Debug:
DateTime:2026-08-28 18:55:10.342:当前流程结束                            File: Line:0 Function: Type:Debug:
DateTime:2026-08-28 18:55:10.342:退出connect函数                            File: Line:0 Function: Type:Debug:
DateTime:2026-08-28 18:55:10.342:"=========【执行延时】结束=========="                            File: Line:0 Function: Type:Debug:
DateTime:2026-08-28 18:55:10.342:"-----------------------------"                            File: Line:0 Function: Type:Debug:
DateTime:2026-08-28 18:55:10.343:"=============执行【Step7-等待STA入网上报】==================="                            File: Line:0 Function: Type:Debug:
DateTime:2026-08-28 18:55:10.344:"执行接口函数CCO_Func_ON_Boarding_Event"                            File: Line:0 Function: Type:Debug:
DateTime:2026-08-28 18:55:10.344:callWorkFunction: CCO_Func_ON_Boarding_Event                            File: Line:0 Function: Type:Debug:
DateTime:2026-08-28 18:55:10.344:找到对应函数，进入执行                            File: Line:0 Function: Type:Debug:
DateTime:2026-08-28 18:55:10.356:"uTimeSecond_ms:5000"                            File: Line:0 Function: Type:Debug:
DateTime:2026-08-28 18:55:13.378:"等待工装回复超时"                            File: Line:0 Function: Type:Debug:
DateTime:2026-08-28 18:55:16.400:"等待工装回复超时"                            File: Line:0 Function: Type:Debug:
DateTime:2026-08-28 18:55:16.400:"uTimeSecond_ms:5000"                            File: Line:0 Function: Type:Debug:
DateTime:2026-08-28 18:55:19.422:"等待工装回复超时"                            File: Line:0 Function: Type:Debug:
DateTime:2026-08-28 18:55:21.158:"工装接收：68 DE 00 DE 00 68 80 00 00 00 00 00 22 60 00 00 01 00 02 28 00 68 28 00 C0 00 00 00 00 00 1A 56 02 00 01 12 90 78 56 34 12 11 68 12 90 78 56 34 12 68 81 05 39 36 36 1E 38 07 16 1E 16 0F 16"                            File: Line:0 Function: Type:Debug:
DateTime:2026-08-28 18:55:21.158:"m_baRecvMsg:"                            File: Line:0 Function: Type:Debug:
DateTime:2026-08-28 18:55:21.158:"rameList.size():"                            File: Line:0 Function: Type:Debug:
DateTime:2026-08-28 18:55:21.158:"进入报文解析"                            File: Line:0 Function: Type:Debug:
DateTime:2026-08-28 18:55:21.158:"68 DE 00 DE 00 68 80 00 00 00 00 00 22 60 00 00 01 00 02 28 00 68 28 00 C0 00 00 00 00 00 1A 56 02 00 01 12 90 78 56 34 12 11 68 12 90 78 56 34 12 68 81 05 39 36 36 1E 38 07 16 1E 16 0F 16"                            File: Line:0 Function: Type:Debug:
DateTime:2026-08-28 18:55:21.158:"解码完成，功能码: 4"                            File: Line:0 Function: Type:Debug:
DateTime:2026-08-28 18:55:21.158:"工装回复透传报文"                            File: Line:0 Function: Type:Debug:
DateTime:2026-08-28 18:55:21.158:"022800682800C000000000001A5602000112907856341211681290785634126881053936361E3807161E16"                            File: Line:0 Function: Type:Debug:
DateTime:2026-08-28 18:55:21.158:"内容:68 28 00 c0 00 00 00 00 00 1a 56 02 00 01 12 90 78 56 34 12 11 68 12 90 78 56 34 12 68 81 05 39 36 36 1e 38 07 16 1e 16"                            File: Line:0 Function: Type:Debug:
DateTime:2026-08-28 18:55:22.468:"等待工装回复超时"                            File: Line:0 Function: Type:Debug:
DateTime:2026-08-28 18:55:22.468:"uTimeSecond_ms:5000"                            File: Line:0 Function: Type:Debug:
DateTime:2026-08-28 18:55:22.468:"查找结果: iret=0, wStart=0, dwOutLen=40, dwStreamLen=40, dwFindPos=0"                            File: Line:0 Function: Type:Debug:
DateTime:2026-08-28 18:55:22.468:"Receive:<= 68 28 00 C0 00 00 00 00 00 1A 56 02 00 01 12 90 78 56 34 12 11 68 12 90 78 56 34 12 68 81 05 39 36 36 1E 38 07 16 1E 16"                            File: Line:0 Function: Type:Debug:
DateTime:2026-08-28 18:55:22.468:"解析：功能码-AFN=56H,Fn=2："                            File: Line:0 Function: Type:Debug:
DateTime:2026-08-28 18:55:22.468:"Send(确认)：=> 68 0F 00 43 00 00 00 00 00 1A 50 01 00 AE 16"                            File: Line:0 Function: Type:Debug:
DateTime:2026-08-28 18:55:22.468:"槽位2透传:687E007E006840000000000022600000010002013C00680F004300000000001A500100AE16EB16"                            File: Line:0 Function: Type:Debug:
DateTime:2026-08-28 18:55:22.468:"工装发送：68 7E 00 7E 00 68 40 00 00 00 00 00 22 60 00 00 01 00 02 01 3C 00 68 0F 00 43 00 00 00 00 00 1A 50 01 00 AE 16 EB 16"                            File: Line:0 Function: Type:Debug:
DateTime:2026-08-28 18:55:22.468:"入离网事件上报报文格式错误"                            File: Line:0 Function: Type:Debug:
DateTime:2026-08-28 18:55:22.468:"uTimeSecond_ms:5000"                            File: Line:0 Function: Type:Debug:
DateTime:2026-08-28 18:55:22.486:"工装接收：68 32 00 32 00 68 80 00 00 00 00 00 00 60 00 00 01 00 E1 16"                            File: Line:0 Function: Type:Debug:
DateTime:2026-08-28 18:55:22.486:"m_baRecvMsg:"                            File: Line:0 Function: Type:Debug:
DateTime:2026-08-28 18:55:22.486:"rameList.size():"                            File: Line:0 Function: Type:Debug:
DateTime:2026-08-28 18:55:22.486:"进入报文解析"                            File: Line:0 Function: Type:Debug:
DateTime:2026-08-28 18:55:22.486:"68 32 00 32 00 68 80 00 00 00 00 00 00 60 00 00 01 00 E1 16"                            File: Line:0 Function: Type:Debug:
DateTime:2026-08-28 18:55:22.486:"解码完成，功能码: 1"                            File: Line:0 Function: Type:Debug:
DateTime:2026-08-28 18:55:22.486:"工装回复确认帧"                            File: Line:0 Function: Type:Debug:
DateTime:2026-08-28 18:55:26.467:"工装接收：68 7A 00 7A 00 68 80 00 00 00 00 00 22 60 00 00 01 00 02 0F 00 68 0F 00 C3 00 00 00 00 00 1B 14 02 00 F4 16 89 16"                            File: Line:0 Function: Type:Debug:
DateTime:2026-08-28 18:55:26.467:"m_baRecvMsg:"                            File: Line:0 Function: Type:Debug:
DateTime:2026-08-28 18:55:26.468:"rameList.size():"                            File: Line:0 Function: Type:Debug:
DateTime:2026-08-28 18:55:26.468:"进入报文解析"                            File: Line:0 Function: Type:Debug:
DateTime:2026-08-28 18:55:26.468:"68 7A 00 7A 00 68 80 00 00 00 00 00 22 60 00 00 01 00 02 0F 00 68 0F 00 C3 00 00 00 00 00 1B 14 02 00 F4 16 89 16"                            File: Line:0 Function: Type:Debug:
DateTime:2026-08-28 18:55:26.468:"解码完成，功能码: 4"                            File: Line:0 Function: Type:Debug:
DateTime:2026-08-28 18:55:26.468:"工装回复透传报文"                            File: Line:0 Function: Type:Debug:
DateTime:2026-08-28 18:55:26.468:"020F00680F00C300000000001B140200F416"                            File: Line:0 Function: Type:Debug:
DateTime:2026-08-28 18:55:26.468:"内容:68 0f 00 c3 00 00 00 00 00 1b 14 02 00 f4 16"                            File: Line:0 Function: Type:Debug:
DateTime:2026-08-28 18:55:28.584:"等待工装回复超时"                            File: Line:0 Function: Type:Debug:
DateTime:2026-08-28 18:55:28.584:"uTimeSecond_ms:5000"                            File: Line:0 Function: Type:Debug:
DateTime:2026-08-28 18:55:28.584:"查找结果: iret=0, wStart=0, dwOutLen=15, dwStreamLen=15, dwFindPos=0"                            File: Line:0 Function: Type:Debug:
DateTime:2026-08-28 18:55:28.584:"Receive:<= 68 0F 00 C3 00 00 00 00 00 1B 14 02 00 F4 16"                            File: Line:0 Function: Type:Debug:
DateTime:2026-08-28 18:55:28.584:"解析：功能码-AFN=14H,Fn=2："                            File: Line:0 Function: Type:Debug:
DateTime:2026-08-28 18:55:28.584:"Send(回复路由请求集中器时钟)：=> 68 15 00 03 00 00 00 00 00 1B 14 02 00 28 55 18 28 08 26 1F 16"                            File: Line:0 Function: Type:Debug:
DateTime:2026-08-28 18:55:28.584:"槽位2透传:68960096006840000000000022600000010002013C006815000300000000001B1402002855182808261F16D316"                            File: Line:0 Function: Type:Debug:
DateTime:2026-08-28 18:55:28.584:"工装发送：68 96 00 96 00 68 40 00 00 00 00 00 22 60 00 00 01 00 02 01 3C 00 68 15 00 03 00 00 00 00 00 1B 14 02 00 28 55 18 28 08 26 1F 16 D3 16"                            File: Line:0 Function: Type:Debug:
DateTime:2026-08-28 18:55:28.608:"工装接收：68 32 00 32 00 68 80 00 00 00 00 00 00 60 00 00 01 00 E1 16"                            File: Line:0 Function: Type:Debug:
DateTime:2026-08-28 18:55:28.608:"m_baRecvMsg:"                            File: Line:0 Function: Type:Debug:
DateTime:2026-08-28 18:55:28.608:"rameList.size():"                            File: Line:0 Function: Type:Debug:
DateTime:2026-08-28 18:55:28.608:"进入报文解析"                            File: Line:0 Function: Type:Debug:
DateTime:2026-08-28 18:55:28.608:"68 32 00 32 00 68 80 00 00 00 00 00 00 60 00 00 01 00 E1 16"                            File: Line:0 Function: Type:Debug:
DateTime:2026-08-28 18:55:28.608:"解码完成，功能码: 1"                            File: Line:0 Function: Type:Debug:
DateTime:2026-08-28 18:55:28.608:"工装回复确认帧"                            File: Line:0 Function: Type:Debug:
DateTime:2026-08-28 18:55:34.652:"等待工装回复超时"                            File: Line:0 Function: Type:Debug:
DateTime:2026-08-28 18:55:34.652:"uTimeSecond_ms:5000"                            File: Line:0 Function: Type:Debug:
DateTime:2026-08-28 18:55:37.674:"等待工装回复超时"                            File: Line:0 Function: Type:Debug:
DateTime:2026-08-28 18:55:40.696:"等待工装回复超时"                            File: Line:0 Function: Type:Debug:
DateTime:2026-08-28 18:55:40.696:"uTimeSecond_ms:5000"                            File: Line:0 Function: Type:Debug:
DateTime:2026-08-28 18:55:43.718:"等待工装回复超时"                            File: Line:0 Function: Type:Debug:
DateTime:2026-08-28 18:55:46.740:"等待工装回复超时"                            File: Line:0 Function: Type:Debug:
DateTime:2026-08-28 18:55:46.740:"uTimeSecond_ms:5000"                            File: Line:0 Function: Type:Debug:
DateTime:2026-08-28 18:55:49.762:"等待工装回复超时"                            File: Line:0 Function: Type:Debug:
DateTime:2026-08-28 18:55:52.784:"等待工装回复超时"                            File: Line:0 Function: Type:Debug:
DateTime:2026-08-28 18:55:52.784:"uTimeSecond_ms:5000"                            File: Line:0 Function: Type:Debug:
DateTime:2026-08-28 18:55:55.806:"等待工装回复超时"                            File: Line:0 Function: Type:Debug:
DateTime:2026-08-28 18:55:58.828:"等待工装回复超时"                            File: Line:0 Function: Type:Debug:
DateTime:2026-08-28 18:55:58.828:"uTimeSecond_ms:5000"                            File: Line:0 Function: Type:Debug:
DateTime:2026-08-28 18:56:01.850:"等待工装回复超时"                            File: Line:0 Function: Type:Debug:
DateTime:2026-08-28 18:56:04.871:"等待工装回复超时"                            File: Line:0 Function: Type:Debug:
DateTime:2026-08-28 18:56:04.871:"uTimeSecond_ms:5000"                            File: Line:0 Function: Type:Debug:
DateTime:2026-08-28 18:56:07.893:"等待工装回复超时"                            File: Line:0 Function: Type:Debug:
DateTime:2026-08-28 18:56:10.915:"等待工装回复超时"                            File: Line:0 Function: Type:Debug:
DateTime:2026-08-28 18:56:10.915:"uTimeSecond_ms:5000"                            File: Line:0 Function: Type:Debug:
DateTime:2026-08-28 18:56:13.937:"等待工装回复超时"                            File: Line:0 Function: Type:Debug:
DateTime:2026-08-28 18:56:16.959:"等待工装回复超时"                            File: Line:0 Function: Type:Debug:
DateTime:2026-08-28 18:56:16.959:"uTimeSecond_ms:5000"                            File: Line:0 Function: Type:Debug:
DateTime:2026-08-28 18:56:19.981:"等待工装回复超时"                            File: Line:0 Function: Type:Debug:
DateTime:2026-08-28 18:56:23.003:"等待工装回复超时"                            File: Line:0 Function: Type:Debug:
DateTime:2026-08-28 18:56:23.003:"uTimeSecond_ms:5000"                            File: Line:0 Function: Type:Debug:
DateTime:2026-08-28 18:56:26.025:"等待工装回复超时"                            File: Line:0 Function: Type:Debug:
DateTime:2026-08-28 18:56:29.047:"等待工装回复超时"                            File: Line:0 Function: Type:Debug:
DateTime:2026-08-28 18:56:29.047:"uTimeSecond_ms:5000"                            File: Line:0 Function: Type:Debug:
DateTime:2026-08-28 18:56:32.069:"等待工装回复超时"                            File: Line:0 Function: Type:Debug:
DateTime:2026-08-28 18:56:35.091:"等待工装回复超时"                            File: Line:0 Function: Type:Debug:
DateTime:2026-08-28 18:56:35.091:"uTimeSecond_ms:5000"                            File: Line:0 Function: Type:Debug:
DateTime:2026-08-28 18:56:38.113:"等待工装回复超时"                            File: Line:0 Function: Type:Debug:
DateTime:2026-08-28 18:56:38.316:"RocketMq上报工况(设备输出信息):{\"devSeatNo\":\"1\",\"machNo\":\"\",\"occurTime\":\"2026-08-28 18:56:38\",\"plantNo\":\"YL-101601\",\"realTimeValues\":[{\"outParaName\":\"volage\",\"outParaValue\":\"220V\"}],\"remarks\":\"null\"}"                            File: Line:0 Function: Type:Debug:
DateTime:2026-08-28 18:56:38.316:QAbstractSocket::waitForDisconnected() is not allowed in UnconnectedState                            File: Line:0 Function: Type:Warning:
DateTime:2026-08-28 18:56:38.559:"工装接收：68 72 01 72 01 68 80 00 00 00 00 00 22 60 00 00 01 00 02 4D 00 68 4D 00 C0 00 00 00 00 00 1D 56 02 00 01 12 90 78 56 34 12 36 68 12 90 78 56 34 12 68 81 2A 39 38 37 1E 34 39 36 34 43 33 49 4C 3A 34 43 33 49 4C 38 34 43 33 49 4C 39 34 43 33 49 4C 37 34 43 33 49 4C 3B 34 43 33 49 4C 31 16 9A 16 51 16"                            File: Line:0 Function: Type:Debug:
DateTime:2026-08-28 18:56:38.559:"m_baRecvMsg:"                            File: Line:0 Function: Type:Debug:
DateTime:2026-08-28 18:56:38.559:"rameList.size():"                            File: Line:0 Function: Type:Debug:
DateTime:2026-08-28 18:56:38.559:"进入报文解析"                            File: Line:0 Function: Type:Debug:
DateTime:2026-08-28 18:56:38.559:"68 72 01 72 01 68 80 00 00 00 00 00 22 60 00 00 01 00 02 4D 00 68 4D 00 C0 00 00 00 00 00 1D 56 02 00 01 12 90 78 56 34 12 36 68 12 90 78 56 34 12 68 81 2A 39 38 37 1E 34 39 36 34 43 33 49 4C 3A 34 43 33 49 4C 38 34 43 33 49 4C 39 34 43 33 49 4C 37 34 43 33 49 4C 3B 34 43 33 49 4C 31 16 9A 16 51 16"                            File: Line:0 Function: Type:Debug:
DateTime:2026-08-28 18:56:38.559:"解码完成，功能码: 4"                            File: Line:0 Function: Type:Debug:
DateTime:2026-08-28 18:56:38.559:"工装回复透传报文"                            File: Line:0 Function: Type:Debug:
DateTime:2026-08-28 18:56:38.559:"024D00684D00C000000000001D56020001129078563412366812907856341268812A3938371E343936344333494C3A344333494C38344333494C39344333494C37344333494C3B344333494C31169A16"                            File: Line:0 Function: Type:Debug:
DateTime:2026-08-28 18:56:38.559:"内容:68 4d 00 c0 00 00 00 00 00 1d 56 02 00 01 12 90 78 56 34 12 36 68 12 90 78 56 34 12 68 81 2a 39 38 37 1e 34 39 36 34 43 33 49 4c 3a 34 43 33 49 4c 38 34 43 33 49 4c 39 34 43 33 49 4c 37 34 43 33 49 4c 3b 34 43 33 49 4c 31 16 9a 16"                            File: Line:0 Function: Type:Debug:
DateTime:2026-08-28 18:56:41.178:"等待工装回复超时"                            File: Line:0 Function: Type:Debug:
DateTime:2026-08-28 18:56:41.178:"uTimeSecond_ms:5000"                            File: Line:0 Function: Type:Debug:
DateTime:2026-08-28 18:56:41.178:"查找结果: iret=0, wStart=0, dwOutLen=77, dwStreamLen=77, dwFindPos=0"                            File: Line:0 Function: Type:Debug:
DateTime:2026-08-28 18:56:41.178:"Receive:<= 68 4D 00 C0 00 00 00 00 00 1D 56 02 00 01 12 90 78 56 34 12 36 68 12 90 78 56 34 12 68 81 2A 39 38 37 1E 34 39 36 34 43 33 49 4C 3A 34 43 33 49 4C 38 34 43 33 49 4C 39 34 43 33 49 4C 37 34 43 33 49 4C 3B 34 43 33 49 4C 31 16 9A 16"                            File: Line:0 Function: Type:Debug:
DateTime:2026-08-28 18:56:41.178:"解析：功能码-AFN=56H,Fn=2："                            File: Line:0 Function: Type:Debug:
DateTime:2026-08-28 18:56:41.178:"Send(确认)：=> 68 0F 00 43 00 00 00 00 00 1D 50 01 00 B1 16"                            File: Line:0 Function: Type:Debug:
DateTime:2026-08-28 18:56:41.178:"槽位2透传:687E007E006840000000000022600000010002013C00680F004300000000001D500100B116F116"                            File: Line:0 Function: Type:Debug:
DateTime:2026-08-28 18:56:41.178:"工装发送：68 7E 00 7E 00 68 40 00 00 00 00 00 22 60 00 00 01 00 02 01 3C 00 68 0F 00 43 00 00 00 00 00 1D 50 01 00 B1 16 F1 16"                            File: Line:0 Function: Type:Debug:
DateTime:2026-08-28 18:56:41.178:"|****************事件上报状态：************************|"                            File: Line:0 Function: Type:Debug:
DateTime:2026-08-28 18:56:41.178:"地址191600100103：--入网事件上报成功"                            File: Line:0 Function: Type:Debug:
DateTime:2026-08-28 18:56:41.178:"地址191600100104：--入网事件上报成功"                            File: Line:0 Function: Type:Debug:
DateTime:2026-08-28 18:56:41.179:"地址191600100105：--入网事件上报成功"                            File: Line:0 Function: Type:Debug:
DateTime:2026-08-28 18:56:41.179:"地址191600100106：--入网事件上报成功"                            File: Line:0 Function: Type:Debug:
DateTime:2026-08-28 18:56:41.179:"地址191600100107：--入网事件上报成功"                            File: Line:0 Function: Type:Debug:
DateTime:2026-08-28 18:56:41.179:"地址191600100108：--入网事件上报成功"                            File: Line:0 Function: Type:Debug:
DateTime:2026-08-28 18:56:41.179:"|*******************结束*****************************|"                            File: Line:0 Function: Type:Debug:
DateTime:2026-08-28 18:56:51.180:"入网事件测试完成,上报成功率100%."                            File: Line:0 Function: Type:Debug:
DateTime:2026-08-28 18:56:51.180:dll输出信息: ""                            File: Line:0 Function: Type:Debug:
DateTime:2026-08-28 18:56:51.180:接口函数调用成功，返回的结果为 0                            File: Line:0 Function: Type:Debug:
DateTime:2026-08-28 18:56:51.180:"外部传入的para：0，返回的result：0,返回的pValRet：0"                            File: Line:0 Function: Type:Debug:
DateTime:2026-08-28 18:56:51.180:"执行接口函数CCO_Func_ON_Boarding_Event完成"                            File: Line:0 Function: Type:Debug:
DateTime:2026-08-28 18:56:51.181:coorIndex 0                            File: Line:0 Function: Type:Debug:
DateTime:2026-08-28 18:56:51.181:当前流程结束                            File: Line:0 Function: Type:Debug:
DateTime:2026-08-28 18:56:51.181:退出connect函数                            File: Line:0 Function: Type:Debug:
DateTime:2026-08-28 18:56:51.181:"=========【Step7-等待STA入网上报】结束=========="                            File: Line:0 Function: Type:Debug:
DateTime:2026-08-28 18:56:51.181:"-----------------------------"                            File: Line:0 Function: Type:Debug:
DateTime:2026-08-28 18:56:51.184:"=============执行【Step8-STA断电等待离网】==================="                            File: Line:0 Function: Type:Debug:
DateTime:2026-08-28 18:56:51.184:"执行接口函数SimuCorn_power_off"                            File: Line:0 Function: Type:Debug:
DateTime:2026-08-28 18:56:51.184:callWorkFunction: SimuCorn_power_off                            File: Line:0 Function: Type:Debug:
DateTime:2026-08-28 18:56:51.184:找到对应函数，进入执行                            File: Line:0 Function: Type:Debug:
DateTime:2026-08-28 18:56:51.184:"工装发送：68 3E 00 3E 00 68 40 00 00 00 00 00 21 60 00 00 02 00 03 02 00 C8 16"                            File: Line:0 Function: Type:Debug:
DateTime:2026-08-28 18:56:51.185:"工装接收：68 32 00 32 00 68 80 00 00 00 00 00 00 60 00 00 01 00 E1 16 68 32 00 32 00 68 80 00 00 00 00 00 00 60 00 00 01 00 E1 16"                            File: Line:0 Function: Type:Debug:
DateTime:2026-08-28 18:56:51.185:"m_baRecvMsg:"                            File: Line:0 Function: Type:Debug:
DateTime:2026-08-28 18:56:51.185:"frameList.size():2"                            File: Line:0 Function: Type:Debug:
DateTime:2026-08-28 18:56:51.185:"进入报文解析"                            File: Line:0 Function: Type:Debug:
DateTime:2026-08-28 18:56:51.185:"68 32 00 32 00 68 80 00 00 00 00 00 00 60 00 00 01 00 E1 16"                            File: Line:0 Function: Type:Debug:
DateTime:2026-08-28 18:56:51.185:"解码完成，功能码: 1"                            File: Line:0 Function: Type:Debug:
DateTime:2026-08-28 18:56:51.185:"工装回复确认帧"                            File: Line:0 Function: Type:Debug:
DateTime:2026-08-28 18:56:51.185:"工装发送：68 3E 00 3E 00 68 40 00 00 00 00 00 21 60 00 00 02 00 04 02 00 C9 16"                            File: Line:0 Function: Type:Debug:
DateTime:2026-08-28 18:56:51.185:"工装接收：68 32 00 32 00 68 80 00 00 00 00 00 00 60 00 00 01 00 E1 16"                            File: Line:0 Function: Type:Debug:
DateTime:2026-08-28 18:56:51.186:"m_baRecvMsg:"                            File: Line:0 Function: Type:Debug:
DateTime:2026-08-28 18:56:51.186:"frameList.size():1"                            File: Line:0 Function: Type:Debug:
DateTime:2026-08-28 18:56:51.186:"进入报文解析"                            File: Line:0 Function: Type:Debug:
DateTime:2026-08-28 18:56:51.186:"68 32 00 32 00 68 80 00 00 00 00 00 00 60 00 00 01 00 E1 16"                            File: Line:0 Function: Type:Debug:
DateTime:2026-08-28 18:56:51.186:"解码完成，功能码: 1"                            File: Line:0 Function: Type:Debug:
DateTime:2026-08-28 18:56:51.186:"工装回复确认帧"                            File: Line:0 Function: Type:Debug:
DateTime:2026-08-28 18:56:51.186:"工装发送：68 3E 00 3E 00 68 40 00 00 00 00 00 21 60 00 00 02 00 05 02 00 CA 16"                            File: Line:0 Function: Type:Debug:
DateTime:2026-08-28 18:56:51.186:"工装接收：68 32 00 32 00 68 80 00 00 00 00 00 00 60 00 00 01 00 E1 16"                            File: Line:0 Function: Type:Debug:
DateTime:2026-08-28 18:56:51.186:"m_baRecvMsg:"                            File: Line:0 Function: Type:Debug:
DateTime:2026-08-28 18:56:51.186:"frameList.size():1"                            File: Line:0 Function: Type:Debug:
DateTime:2026-08-28 18:56:51.186:"进入报文解析"                            File: Line:0 Function: Type:Debug:
DateTime:2026-08-28 18:56:51.186:"68 32 00 32 00 68 80 00 00 00 00 00 00 60 00 00 01 00 E1 16"                            File: Line:0 Function: Type:Debug:
DateTime:2026-08-28 18:56:51.186:"解码完成，功能码: 1"                            File: Line:0 Function: Type:Debug:
DateTime:2026-08-28 18:56:51.186:"工装回复确认帧"                            File: Line:0 Function: Type:Debug:
DateTime:2026-08-28 18:56:51.187:"工装发送：68 3E 00 3E 00 68 40 00 00 00 00 00 21 60 00 00 02 00 06 02 00 CB 16"                            File: Line:0 Function: Type:Debug:
DateTime:2026-08-28 18:56:51.187:"工装接收：68 32 00 32 00 68 80 00 00 00 00 00 00 60 00 00 01 00 E1 16"                            File: Line:0 Function: Type:Debug:
DateTime:2026-08-28 18:56:51.187:"m_baRecvMsg:"                            File: Line:0 Function: Type:Debug:
DateTime:2026-08-28 18:56:51.187:"frameList.size():1"                            File: Line:0 Function: Type:Debug:
DateTime:2026-08-28 18:56:51.187:"进入报文解析"                            File: Line:0 Function: Type:Debug:
DateTime:2026-08-28 18:56:51.187:"68 32 00 32 00 68 80 00 00 00 00 00 00 60 00 00 01 00 E1 16"                            File: Line:0 Function: Type:Debug:
DateTime:2026-08-28 18:56:51.187:"解码完成，功能码: 1"                            File: Line:0 Function: Type:Debug:
DateTime:2026-08-28 18:56:51.187:"工装回复确认帧"                            File: Line:0 Function: Type:Debug:
DateTime:2026-08-28 18:56:51.187:"工装发送：68 3E 00 3E 00 68 40 00 00 00 00 00 21 60 00 00 02 00 07 02 00 CC 16"                            File: Line:0 Function: Type:Debug:
DateTime:2026-08-28 18:56:51.188:"工装接收：68 32 00 32 00 68 80 00 00 00 00 00 00 60 00 00 01 00 E1 16"                            File: Line:0 Function: Type:Debug:
DateTime:2026-08-28 18:56:51.188:"m_baRecvMsg:"                            File: Line:0 Function: Type:Debug:
DateTime:2026-08-28 18:56:51.188:"frameList.size():1"                            File: Line:0 Function: Type:Debug:
DateTime:2026-08-28 18:56:51.188:"进入报文解析"                            File: Line:0 Function: Type:Debug:
DateTime:2026-08-28 18:56:51.188:"68 32 00 32 00 68 80 00 00 00 00 00 00 60 00 00 01 00 E1 16"                            File: Line:0 Function: Type:Debug:
DateTime:2026-08-28 18:56:51.188:"解码完成，功能码: 1"                            File: Line:0 Function: Type:Debug:
DateTime:2026-08-28 18:56:51.188:"工装回复确认帧"                            File: Line:0 Function: Type:Debug:
DateTime:2026-08-28 18:56:51.188:"工装发送：68 3E 00 3E 00 68 40 00 00 00 00 00 21 60 00 00 02 00 08 02 00 CD 16"                            File: Line:0 Function: Type:Debug:
DateTime:2026-08-28 18:56:51.188:"工装接收：68 32 00 32 00 68 80 00 00 00 00 00 00 60 00 00 01 00 E1 16"                            File: Line:0 Function: Type:Debug:
DateTime:2026-08-28 18:56:51.189:"m_baRecvMsg:"                            File: Line:0 Function: Type:Debug:
DateTime:2026-08-28 18:56:51.189:"frameList.size():1"                            File: Line:0 Function: Type:Debug:
DateTime:2026-08-28 18:56:51.189:"进入报文解析"                            File: Line:0 Function: Type:Debug:
DateTime:2026-08-28 18:56:51.189:"68 32 00 32 00 68 80 00 00 00 00 00 00 60 00 00 01 00 E1 16"                            File: Line:0 Function: Type:Debug:
DateTime:2026-08-28 18:56:51.189:"解码完成，功能码: 1"                            File: Line:0 Function: Type:Debug:
DateTime:2026-08-28 18:56:51.189:"工装回复确认帧"                            File: Line:0 Function: Type:Debug:
DateTime:2026-08-28 18:56:51.189:"所有槽位下电成功"                            File: Line:0 Function: Type:Debug:
DateTime:2026-08-28 18:56:51.289:dll输出信息: ""                            File: Line:0 Function: Type:Debug:
DateTime:2026-08-28 18:56:51.289:接口函数调用成功，返回的结果为 0                            File: Line:0 Function: Type:Debug:
DateTime:2026-08-28 18:56:51.289:"外部传入的para：0，返回的result：0,返回的pValRet：0"                            File: Line:0 Function: Type:Debug:
DateTime:2026-08-28 18:56:51.289:"执行接口函数SimuCorn_power_off完成"                            File: Line:0 Function: Type:Debug:
DateTime:2026-08-28 18:56:51.290:coorIndex 0                            File: Line:0 Function: Type:Debug:
DateTime:2026-08-28 18:56:51.290:当前流程结束                            File: Line:0 Function: Type:Debug:
DateTime:2026-08-28 18:56:51.290:退出connect函数                            File: Line:0 Function: Type:Debug:
DateTime:2026-08-28 18:56:51.290:"=========【Step8-STA断电等待离网】结束=========="                            File: Line:0 Function: Type:Debug:
DateTime:2026-08-28 18:56:51.290:"-----------------------------"                            File: Line:0 Function: Type:Debug:
DateTime:2026-08-28 18:56:51.293:"=============执行【Step9-等待STA离网上报】==================="                            File: Line:0 Function: Type:Debug:
DateTime:2026-08-28 18:56:51.293:"执行接口函数CCO_Func_OFF_Boarding_Event"                            File: Line:0 Function: Type:Debug:
DateTime:2026-08-28 18:56:51.293:callWorkFunction: CCO_Func_OFF_Boarding_Event                            File: Line:0 Function: Type:Debug:
DateTime:2026-08-28 18:56:51.293:找到对应函数，进入执行                            File: Line:0 Function: Type:Debug:
DateTime:2026-08-28 18:56:51.293:"uTimeSecond_ms:5000"                            File: Line:0 Function: Type:Debug:
DateTime:2026-08-28 18:56:54.315:"等待工装回复超时"                            File: Line:0 Function: Type:Debug:
DateTime:2026-08-28 18:56:57.337:"等待工装回复超时"                            File: Line:0 Function: Type:Debug:
DateTime:2026-08-28 18:56:57.337:"uTimeSecond_ms:5000"                            File: Line:0 Function: Type:Debug:
DateTime:2026-08-28 18:57:00.359:"等待工装回复超时"                            File: Line:0 Function: Type:Debug:
DateTime:2026-08-28 18:57:03.381:"等待工装回复超时"                            File: Line:0 Function: Type:Debug:
DateTime:2026-08-28 18:57:03.381:"uTimeSecond_ms:5000"                            File: Line:0 Function: Type:Debug:
DateTime:2026-08-28 18:57:06.403:"等待工装回复超时"                            File: Line:0 Function: Type:Debug:
DateTime:2026-08-28 18:57:09.425:"等待工装回复超时"                            File: Line:0 Function: Type:Debug:
DateTime:2026-08-28 18:57:09.425:"uTimeSecond_ms:5000"                            File: Line:0 Function: Type:Debug:
DateTime:2026-08-28 18:57:12.447:"等待工装回复超时"                            File: Line:0 Function: Type:Debug:
DateTime:2026-08-28 18:57:15.469:"等待工装回复超时"                            File: Line:0 Function: Type:Debug:
DateTime:2026-08-28 18:57:15.469:"uTimeSecond_ms:5000"                            File: Line:0 Function: Type:Debug:
DateTime:2026-08-28 18:57:18.491:"等待工装回复超时"                            File: Line:0 Function: Type:Debug:
DateTime:2026-08-28 18:57:21.513:"等待工装回复超时"                            File: Line:0 Function: Type:Debug:
DateTime:2026-08-28 18:57:21.513:"uTimeSecond_ms:5000"                            File: Line:0 Function: Type:Debug:
DateTime:2026-08-28 18:57:24.534:"等待工装回复超时"                            File: Line:0 Function: Type:Debug:
DateTime:2026-08-28 18:57:27.556:"等待工装回复超时"                            File: Line:0 Function: Type:Debug:
DateTime:2026-08-28 18:57:27.556:"uTimeSecond_ms:5000"                            File: Line:0 Function: Type:Debug:
DateTime:2026-08-28 18:57:30.578:"等待工装回复超时"                            File: Line:0 Function: Type:Debug:
DateTime:2026-08-28 18:57:33.600:"等待工装回复超时"                            File: Line:0 Function: Type:Debug:
DateTime:2026-08-28 18:57:33.600:"uTimeSecond_ms:5000"                            File: Line:0 Function: Type:Debug:
DateTime:2026-08-28 18:57:36.622:"等待工装回复超时"                            File: Line:0 Function: Type:Debug:
DateTime:2026-08-28 18:57:39.644:"等待工装回复超时"                            File: Line:0 Function: Type:Debug:
DateTime:2026-08-28 18:57:39.644:"uTimeSecond_ms:5000"                            File: Line:0 Function: Type:Debug:
DateTime:2026-08-28 18:57:42.666:"等待工装回复超时"                            File: Line:0 Function: Type:Debug:
DateTime:2026-08-28 18:57:45.688:"等待工装回复超时"                            File: Line:0 Function: Type:Debug:
DateTime:2026-08-28 18:57:45.688:"uTimeSecond_ms:5000"                            File: Line:0 Function: Type:Debug:
DateTime:2026-08-28 18:57:48.710:"等待工装回复超时"                            File: Line:0 Function: Type:Debug:
DateTime:2026-08-28 18:57:51.732:"等待工装回复超时"                            File: Line:0 Function: Type:Debug:
DateTime:2026-08-28 18:57:51.732:"uTimeSecond_ms:5000"                            File: Line:0 Function: Type:Debug:
DateTime:2026-08-28 18:57:54.754:"等待工装回复超时"                            File: Line:0 Function: Type:Debug:
DateTime:2026-08-28 18:57:57.776:"等待工装回复超时"                            File: Line:0 Function: Type:Debug:
DateTime:2026-08-28 18:57:57.776:"uTimeSecond_ms:5000"                            File: Line:0 Function: Type:Debug:
DateTime:2026-08-28 18:58:00.798:"等待工装回复超时"                            File: Line:0 Function: Type:Debug:
DateTime:2026-08-28 18:58:03.819:"等待工装回复超时"                            File: Line:0 Function: Type:Debug:
DateTime:2026-08-28 18:58:03.819:"uTimeSecond_ms:5000"                            File: Line:0 Function: Type:Debug:
DateTime:2026-08-28 18:58:06.841:"等待工装回复超时"                            File: Line:0 Function: Type:Debug:
DateTime:2026-08-28 18:58:09.863:"等待工装回复超时"                            File: Line:0 Function: Type:Debug:
DateTime:2026-08-28 18:58:09.863:"uTimeSecond_ms:5000"                            File: Line:0 Function: Type:Debug:
DateTime:2026-08-28 18:58:12.885:"等待工装回复超时"                            File: Line:0 Function: Type:Debug:
DateTime:2026-08-28 18:58:15.907:"等待工装回复超时"                            File: Line:0 Function: Type:Debug:
DateTime:2026-08-28 18:58:15.907:"uTimeSecond_ms:5000"                            File: Line:0 Function: Type:Debug:
DateTime:2026-08-28 18:58:18.929:"等待工装回复超时"                            File: Line:0 Function: Type:Debug:
DateTime:2026-08-28 18:58:21.951:"等待工装回复超时"                            File: Line:0 Function: Type:Debug:
DateTime:2026-08-28 18:58:21.951:"uTimeSecond_ms:5000"                            File: Line:0 Function: Type:Debug:
DateTime:2026-08-28 18:58:24.973:"等待工装回复超时"                            File: Line:0 Function: Type:Debug:
DateTime:2026-08-28 18:58:27.995:"等待工装回复超时"                            File: Line:0 Function: Type:Debug:
DateTime:2026-08-28 18:58:27.995:"uTimeSecond_ms:5000"                            File: Line:0 Function: Type:Debug:
DateTime:2026-08-28 18:58:31.017:"等待工装回复超时"                            File: Line:0 Function: Type:Debug:
DateTime:2026-08-28 18:58:34.039:"等待工装回复超时"                            File: Line:0 Function: Type:Debug:
DateTime:2026-08-28 18:58:34.039:"uTimeSecond_ms:5000"                            File: Line:0 Function: Type:Debug:
DateTime:2026-08-28 18:58:37.061:"等待工装回复超时"                            File: Line:0 Function: Type:Debug:
DateTime:2026-08-28 18:58:40.083:"等待工装回复超时"                            File: Line:0 Function: Type:Debug:
DateTime:2026-08-28 18:58:40.083:"uTimeSecond_ms:5000"                            File: Line:0 Function: Type:Debug:
DateTime:2026-08-28 18:58:43.104:"等待工装回复超时"                            File: Line:0 Function: Type:Debug:
DateTime:2026-08-28 18:58:46.126:"等待工装回复超时"                            File: Line:0 Function: Type:Debug:
DateTime:2026-08-28 18:58:46.126:"uTimeSecond_ms:5000"                            File: Line:0 Function: Type:Debug:
DateTime:2026-08-28 18:58:49.148:"等待工装回复超时"                            File: Line:0 Function: Type:Debug:
DateTime:2026-08-28 18:58:52.170:"等待工装回复超时"                            File: Line:0 Function: Type:Debug:
DateTime:2026-08-28 18:58:52.170:"uTimeSecond_ms:5000"                            File: Line:0 Function: Type:Debug:
DateTime:2026-08-28 18:58:55.192:"等待工装回复超时"                            File: Line:0 Function: Type:Debug:
DateTime:2026-08-28 18:58:58.214:"等待工装回复超时"                            File: Line:0 Function: Type:Debug:
DateTime:2026-08-28 18:58:58.214:"uTimeSecond_ms:5000"                            File: Line:0 Function: Type:Debug:
DateTime:2026-08-28 18:59:01.236:"等待工装回复超时"                            File: Line:0 Function: Type:Debug:
DateTime:2026-08-28 18:59:04.258:"等待工装回复超时"                            File: Line:0 Function: Type:Debug:
DateTime:2026-08-28 18:59:04.258:"uTimeSecond_ms:5000"                            File: Line:0 Function: Type:Debug:
DateTime:2026-08-28 18:59:07.280:"等待工装回复超时"                            File: Line:0 Function: Type:Debug:
DateTime:2026-08-28 18:59:10.302:"等待工装回复超时"                            File: Line:0 Function: Type:Debug:
DateTime:2026-08-28 18:59:10.302:"uTimeSecond_ms:5000"                            File: Line:0 Function: Type:Debug:
DateTime:2026-08-28 18:59:13.324:"等待工装回复超时"                            File: Line:0 Function: Type:Debug:
DateTime:2026-08-28 18:59:16.346:"等待工装回复超时"                            File: Line:0 Function: Type:Debug:
DateTime:2026-08-28 18:59:16.346:"uTimeSecond_ms:5000"                            File: Line:0 Function: Type:Debug:
DateTime:2026-08-28 18:59:19.367:"等待工装回复超时"                            File: Line:0 Function: Type:Debug:
DateTime:2026-08-28 18:59:22.389:"等待工装回复超时"                            File: Line:0 Function: Type:Debug:
DateTime:2026-08-28 18:59:22.389:"uTimeSecond_ms:5000"                            File: Line:0 Function: Type:Debug:
DateTime:2026-08-28 18:59:25.411:"等待工装回复超时"                            File: Line:0 Function: Type:Debug:
DateTime:2026-08-28 18:59:28.433:"等待工装回复超时"                            File: Line:0 Function: Type:Debug:
DateTime:2026-08-28 18:59:28.433:"uTimeSecond_ms:5000"                            File: Line:0 Function: Type:Debug:
DateTime:2026-08-28 18:59:31.455:"等待工装回复超时"                            File: Line:0 Function: Type:Debug:
DateTime:2026-08-28 18:59:34.477:"等待工装回复超时"                            File: Line:0 Function: Type:Debug:
DateTime:2026-08-28 18:59:34.477:"uTimeSecond_ms:5000"                            File: Line:0 Function: Type:Debug:
DateTime:2026-08-28 18:59:37.499:"等待工装回复超时"                            File: Line:0 Function: Type:Debug:
DateTime:2026-08-28 18:59:40.521:"等待工装回复超时"                            File: Line:0 Function: Type:Debug:
DateTime:2026-08-28 18:59:40.521:"uTimeSecond_ms:5000"                            File: Line:0 Function: Type:Debug:
DateTime:2026-08-28 18:59:43.543:"等待工装回复超时"                            File: Line:0 Function: Type:Debug:
DateTime:2026-08-28 18:59:46.565:"等待工装回复超时"                            File: Line:0 Function: Type:Debug:
DateTime:2026-08-28 18:59:46.565:"uTimeSecond_ms:5000"                            File: Line:0 Function: Type:Debug:
DateTime:2026-08-28 18:59:49.587:"等待工装回复超时"                            File: Line:0 Function: Type:Debug:
DateTime:2026-08-28 18:59:52.609:"等待工装回复超时"                            File: Line:0 Function: Type:Debug:
DateTime:2026-08-28 18:59:52.609:"uTimeSecond_ms:5000"                            File: Line:0 Function: Type:Debug:
DateTime:2026-08-28 18:59:55.631:"等待工装回复超时"                            File: Line:0 Function: Type:Debug:
DateTime:2026-08-28 18:59:58.652:"等待工装回复超时"                            File: Line:0 Function: Type:Debug:
DateTime:2026-08-28 18:59:58.652:"uTimeSecond_ms:5000"                            File: Line:0 Function: Type:Debug:
DateTime:2026-08-28 19:00:01.674:"等待工装回复超时"                            File: Line:0 Function: Type:Debug:
DateTime:2026-08-28 19:00:04.696:"等待工装回复超时"                            File: Line:0 Function: Type:Debug:
DateTime:2026-08-28 19:00:04.696:"uTimeSecond_ms:5000"                            File: Line:0 Function: Type:Debug:
DateTime:2026-08-28 19:00:07.718:"等待工装回复超时"                            File: Line:0 Function: Type:Debug:
DateTime:2026-08-28 19:00:10.740:"等待工装回复超时"                            File: Line:0 Function: Type:Debug:
DateTime:2026-08-28 19:00:10.740:"uTimeSecond_ms:5000"                            File: Line:0 Function: Type:Debug:
DateTime:2026-08-28 19:00:13.762:"等待工装回复超时"                            File: Line:0 Function: Type:Debug:
DateTime:2026-08-28 19:00:16.784:"等待工装回复超时"                            File: Line:0 Function: Type:Debug:
DateTime:2026-08-28 19:00:16.784:"uTimeSecond_ms:5000"                            File: Line:0 Function: Type:Debug:
DateTime:2026-08-28 19:00:19.806:"等待工装回复超时"                            File: Line:0 Function: Type:Debug:
DateTime:2026-08-28 19:00:22.828:"等待工装回复超时"                            File: Line:0 Function: Type:Debug:
DateTime:2026-08-28 19:00:22.828:"uTimeSecond_ms:5000"                            File: Line:0 Function: Type:Debug:
DateTime:2026-08-28 19:00:25.850:"等待工装回复超时"                            File: Line:0 Function: Type:Debug:
DateTime:2026-08-28 19:00:28.872:"等待工装回复超时"                            File: Line:0 Function: Type:Debug:
DateTime:2026-08-28 19:00:28.872:"uTimeSecond_ms:5000"                            File: Line:0 Function: Type:Debug:
DateTime:2026-08-28 19:00:31.894:"等待工装回复超时"                            File: Line:0 Function: Type:Debug:
DateTime:2026-08-28 19:00:34.915:"等待工装回复超时"                            File: Line:0 Function: Type:Debug:
DateTime:2026-08-28 19:00:34.915:"uTimeSecond_ms:5000"                            File: Line:0 Function: Type:Debug:
DateTime:2026-08-28 19:00:37.937:"等待工装回复超时"                            File: Line:0 Function: Type:Debug:
DateTime:2026-08-28 19:00:40.959:"等待工装回复超时"                            File: Line:0 Function: Type:Debug:
DateTime:2026-08-28 19:00:40.959:"uTimeSecond_ms:5000"                            File: Line:0 Function: Type:Debug:
DateTime:2026-08-28 19:00:43.981:"等待工装回复超时"                            File: Line:0 Function: Type:Debug:
DateTime:2026-08-28 19:00:47.003:"等待工装回复超时"                            File: Line:0 Function: Type:Debug:
DateTime:2026-08-28 19:00:47.003:"uTimeSecond_ms:5000"                            File: Line:0 Function: Type:Debug:
DateTime:2026-08-28 19:00:50.025:"等待工装回复超时"                            File: Line:0 Function: Type:Debug:
DateTime:2026-08-28 19:00:53.047:"等待工装回复超时"                            File: Line:0 Function: Type:Debug:
DateTime:2026-08-28 19:00:53.047:"uTimeSecond_ms:5000"                            File: Line:0 Function: Type:Debug:
DateTime:2026-08-28 19:00:56.069:"等待工装回复超时"                            File: Line:0 Function: Type:Debug:
DateTime:2026-08-28 19:00:59.091:"等待工装回复超时"                            File: Line:0 Function: Type:Debug:
DateTime:2026-08-28 19:00:59.091:"uTimeSecond_ms:5000"                            File: Line:0 Function: Type:Debug:
DateTime:2026-08-28 19:01:02.113:"等待工装回复超时"                            File: Line:0 Function: Type:Debug:
DateTime:2026-08-28 19:01:05.135:"等待工装回复超时"                            File: Line:0 Function: Type:Debug:
DateTime:2026-08-28 19:01:05.135:"uTimeSecond_ms:5000"                            File: Line:0 Function: Type:Debug:
DateTime:2026-08-28 19:01:08.157:"等待工装回复超时"                            File: Line:0 Function: Type:Debug:
DateTime:2026-08-28 19:01:11.179:"等待工装回复超时"                            File: Line:0 Function: Type:Debug:
DateTime:2026-08-28 19:01:11.179:"uTimeSecond_ms:5000"                            File: Line:0 Function: Type:Debug:
DateTime:2026-08-28 19:01:14.200:"等待工装回复超时"                            File: Line:0 Function: Type:Debug:
DateTime:2026-08-28 19:01:17.222:"等待工装回复超时"                            File: Line:0 Function: Type:Debug:
DateTime:2026-08-28 19:01:17.222:"uTimeSecond_ms:5000"                            File: Line:0 Function: Type:Debug:
DateTime:2026-08-28 19:01:20.244:"等待工装回复超时"                            File: Line:0 Function: Type:Debug:
DateTime:2026-08-28 19:01:23.266:"等待工装回复超时"                            File: Line:0 Function: Type:Debug:
DateTime:2026-08-28 19:01:23.266:"uTimeSecond_ms:5000"                            File: Line:0 Function: Type:Debug:
DateTime:2026-08-28 19:01:26.288:"等待工装回复超时"                            File: Line:0 Function: Type:Debug:
DateTime:2026-08-28 19:01:29.310:"等待工装回复超时"                            File: Line:0 Function: Type:Debug:
DateTime:2026-08-28 19:01:29.310:"uTimeSecond_ms:5000"                            File: Line:0 Function: Type:Debug:
DateTime:2026-08-28 19:01:32.332:"等待工装回复超时"                            File: Line:0 Function: Type:Debug:
DateTime:2026-08-28 19:01:35.354:"等待工装回复超时"                            File: Line:0 Function: Type:Debug:
DateTime:2026-08-28 19:01:35.354:"uTimeSecond_ms:5000"                            File: Line:0 Function: Type:Debug:
DateTime:2026-08-28 19:01:38.376:"等待工装回复超时"                            File: Line:0 Function: Type:Debug:
DateTime:2026-08-28 19:01:41.398:"等待工装回复超时"                            File: Line:0 Function: Type:Debug:
DateTime:2026-08-28 19:01:41.398:"uTimeSecond_ms:5000"                            File: Line:0 Function: Type:Debug:
DateTime:2026-08-28 19:01:44.420:"等待工装回复超时"                            File: Line:0 Function: Type:Debug:
DateTime:2026-08-28 19:01:47.442:"等待工装回复超时"                            File: Line:0 Function: Type:Debug:
DateTime:2026-08-28 19:01:47.442:"uTimeSecond_ms:5000"                            File: Line:0 Function: Type:Debug:
DateTime:2026-08-28 19:01:50.463:"等待工装回复超时"                            File: Line:0 Function: Type:Debug:
DateTime:2026-08-28 19:01:53.485:"等待工装回复超时"                            File: Line:0 Function: Type:Debug:
DateTime:2026-08-28 19:01:53.485:"uTimeSecond_ms:5000"                            File: Line:0 Function: Type:Debug:
DateTime:2026-08-28 19:01:56.507:"等待工装回复超时"                            File: Line:0 Function: Type:Debug:
DateTime:2026-08-28 19:01:59.529:"等待工装回复超时"                            File: Line:0 Function: Type:Debug:
DateTime:2026-08-28 19:01:59.529:"uTimeSecond_ms:5000"                            File: Line:0 Function: Type:Debug:
DateTime:2026-08-28 19:02:02.551:"等待工装回复超时"                            File: Line:0 Function: Type:Debug:
DateTime:2026-08-28 19:02:05.573:"等待工装回复超时"                            File: Line:0 Function: Type:Debug:
DateTime:2026-08-28 19:02:05.573:"uTimeSecond_ms:5000"                            File: Line:0 Function: Type:Debug:
DateTime:2026-08-28 19:02:08.595:"等待工装回复超时"                            File: Line:0 Function: Type:Debug:
DateTime:2026-08-28 19:02:11.617:"等待工装回复超时"                            File: Line:0 Function: Type:Debug:
DateTime:2026-08-28 19:02:11.617:"uTimeSecond_ms:5000"                            File: Line:0 Function: Type:Debug:
DateTime:2026-08-28 19:02:14.639:"等待工装回复超时"                            File: Line:0 Function: Type:Debug:
DateTime:2026-08-28 19:02:17.661:"等待工装回复超时"                            File: Line:0 Function: Type:Debug:
DateTime:2026-08-28 19:02:17.661:"uTimeSecond_ms:5000"                            File: Line:0 Function: Type:Debug:
DateTime:2026-08-28 19:02:20.683:"等待工装回复超时"                            File: Line:0 Function: Type:Debug:
DateTime:2026-08-28 19:02:23.705:"等待工装回复超时"                            File: Line:0 Function: Type:Debug:
DateTime:2026-08-28 19:02:23.705:"uTimeSecond_ms:5000"                            File: Line:0 Function: Type:Debug:
DateTime:2026-08-28 19:02:26.727:"等待工装回复超时"                            File: Line:0 Function: Type:Debug:
DateTime:2026-08-28 19:02:29.748:"等待工装回复超时"                            File: Line:0 Function: Type:Debug:
DateTime:2026-08-28 19:02:29.748:"uTimeSecond_ms:5000"                            File: Line:0 Function: Type:Debug:
DateTime:2026-08-28 19:02:32.770:"等待工装回复超时"                            File: Line:0 Function: Type:Debug:
DateTime:2026-08-28 19:02:35.792:"等待工装回复超时"                            File: Line:0 Function: Type:Debug:
DateTime:2026-08-28 19:02:35.792:"uTimeSecond_ms:5000"                            File: Line:0 Function: Type:Debug:
DateTime:2026-08-28 19:02:38.814:"等待工装回复超时"                            File: Line:0 Function: Type:Debug:
DateTime:2026-08-28 19:02:41.836:"等待工装回复超时"                            File: Line:0 Function: Type:Debug:
DateTime:2026-08-28 19:02:41.836:"uTimeSecond_ms:5000"                            File: Line:0 Function: Type:Debug:
DateTime:2026-08-28 19:02:44.858:"等待工装回复超时"                            File: Line:0 Function: Type:Debug:
DateTime:2026-08-28 19:02:47.880:"等待工装回复超时"                            File: Line:0 Function: Type:Debug:
DateTime:2026-08-28 19:02:47.880:"uTimeSecond_ms:5000"                            File: Line:0 Function: Type:Debug:
DateTime:2026-08-28 19:02:50.902:"等待工装回复超时"                            File: Line:0 Function: Type:Debug:
DateTime:2026-08-28 19:02:53.924:"等待工装回复超时"                            File: Line:0 Function: Type:Debug:
DateTime:2026-08-28 19:02:53.924:"uTimeSecond_ms:5000"                            File: Line:0 Function: Type:Debug:
DateTime:2026-08-28 19:02:56.946:"等待工装回复超时"                            File: Line:0 Function: Type:Debug:
DateTime:2026-08-28 19:02:59.968:"等待工装回复超时"                            File: Line:0 Function: Type:Debug:
DateTime:2026-08-28 19:02:59.968:"uTimeSecond_ms:5000"                            File: Line:0 Function: Type:Debug:
DateTime:2026-08-28 19:03:02.990:"等待工装回复超时"                            File: Line:0 Function: Type:Debug:
DateTime:2026-08-28 19:03:06.012:"等待工装回复超时"                            File: Line:0 Function: Type:Debug:
DateTime:2026-08-28 19:03:06.012:"uTimeSecond_ms:5000"                            File: Line:0 Function: Type:Debug:
DateTime:2026-08-28 19:03:09.033:"等待工装回复超时"                            File: Line:0 Function: Type:Debug:
DateTime:2026-08-28 19:03:12.055:"等待工装回复超时"                            File: Line:0 Function: Type:Debug:
DateTime:2026-08-28 19:03:12.055:"uTimeSecond_ms:5000"                            File: Line:0 Function: Type:Debug:
DateTime:2026-08-28 19:03:15.077:"等待工装回复超时"                            File: Line:0 Function: Type:Debug:
DateTime:2026-08-28 19:03:18.099:"等待工装回复超时"                            File: Line:0 Function: Type:Debug:
DateTime:2026-08-28 19:03:18.099:"uTimeSecond_ms:5000"                            File: Line:0 Function: Type:Debug:
DateTime:2026-08-28 19:03:21.121:"等待工装回复超时"                            File: Line:0 Function: Type:Debug:
DateTime:2026-08-28 19:03:24.143:"等待工装回复超时"                            File: Line:0 Function: Type:Debug:
DateTime:2026-08-28 19:03:24.143:"uTimeSecond_ms:5000"                            File: Line:0 Function: Type:Debug:
DateTime:2026-08-28 19:03:27.165:"等待工装回复超时"                            File: Line:0 Function: Type:Debug:
DateTime:2026-08-28 19:03:30.187:"等待工装回复超时"                            File: Line:0 Function: Type:Debug:
DateTime:2026-08-28 19:03:30.187:"uTimeSecond_ms:5000"                            File: Line:0 Function: Type:Debug:
DateTime:2026-08-28 19:03:33.209:"等待工装回复超时"                            File: Line:0 Function: Type:Debug:
DateTime:2026-08-28 19:03:36.231:"等待工装回复超时"                            File: Line:0 Function: Type:Debug:
DateTime:2026-08-28 19:03:36.231:"uTimeSecond_ms:5000"                            File: Line:0 Function: Type:Debug:
DateTime:2026-08-28 19:03:39.253:"等待工装回复超时"                            File: Line:0 Function: Type:Debug:
DateTime:2026-08-28 19:03:42.275:"等待工装回复超时"                            File: Line:0 Function: Type:Debug:
DateTime:2026-08-28 19:03:42.275:"uTimeSecond_ms:5000"                            File: Line:0 Function: Type:Debug:
DateTime:2026-08-28 19:03:45.296:"等待工装回复超时"                            File: Line:0 Function: Type:Debug:
DateTime:2026-08-28 19:03:48.318:"等待工装回复超时"                            File: Line:0 Function: Type:Debug:
DateTime:2026-08-28 19:03:48.318:"uTimeSecond_ms:5000"                            File: Line:0 Function: Type:Debug:
DateTime:2026-08-28 19:03:51.340:"等待工装回复超时"                            File: Line:0 Function: Type:Debug:
DateTime:2026-08-28 19:03:54.362:"等待工装回复超时"                            File: Line:0 Function: Type:Debug:
DateTime:2026-08-28 19:03:54.362:"uTimeSecond_ms:5000"                            File: Line:0 Function: Type:Debug:
DateTime:2026-08-28 19:03:57.384:"等待工装回复超时"                            File: Line:0 Function: Type:Debug:
DateTime:2026-08-28 19:04:00.406:"等待工装回复超时"                            File: Line:0 Function: Type:Debug:
DateTime:2026-08-28 19:04:00.406:"uTimeSecond_ms:5000"                            File: Line:0 Function: Type:Debug:
DateTime:2026-08-28 19:04:03.428:"等待工装回复超时"                            File: Line:0 Function: Type:Debug:
DateTime:2026-08-28 19:04:06.450:"等待工装回复超时"                            File: Line:0 Function: Type:Debug:
DateTime:2026-08-28 19:04:06.450:"uTimeSecond_ms:5000"                            File: Line:0 Function: Type:Debug:
DateTime:2026-08-28 19:04:09.472:"等待工装回复超时"                            File: Line:0 Function: Type:Debug:
DateTime:2026-08-28 19:04:12.494:"等待工装回复超时"                            File: Line:0 Function: Type:Debug:
DateTime:2026-08-28 19:04:12.494:"uTimeSecond_ms:5000"                            File: Line:0 Function: Type:Debug:
DateTime:2026-08-28 19:04:15.516:"等待工装回复超时"                            File: Line:0 Function: Type:Debug:
DateTime:2026-08-28 19:04:18.538:"等待工装回复超时"                            File: Line:0 Function: Type:Debug:
DateTime:2026-08-28 19:04:18.538:"uTimeSecond_ms:5000"                            File: Line:0 Function: Type:Debug:
DateTime:2026-08-28 19:04:21.560:"等待工装回复超时"                            File: Line:0 Function: Type:Debug:
DateTime:2026-08-28 19:04:24.582:"等待工装回复超时"                            File: Line:0 Function: Type:Debug:
DateTime:2026-08-28 19:04:24.582:"uTimeSecond_ms:5000"                            File: Line:0 Function: Type:Debug:
DateTime:2026-08-28 19:04:27.604:"等待工装回复超时"                            File: Line:0 Function: Type:Debug:
DateTime:2026-08-28 19:04:30.626:"等待工装回复超时"                            File: Line:0 Function: Type:Debug:
DateTime:2026-08-28 19:04:30.626:"uTimeSecond_ms:5000"                            File: Line:0 Function: Type:Debug:
DateTime:2026-08-28 19:04:33.648:"等待工装回复超时"                            File: Line:0 Function: Type:Debug:
DateTime:2026-08-28 19:04:36.670:"等待工装回复超时"                            File: Line:0 Function: Type:Debug:
DateTime:2026-08-28 19:04:36.670:"uTimeSecond_ms:5000"                            File: Line:0 Function: Type:Debug:
DateTime:2026-08-28 19:04:39.692:"等待工装回复超时"                            File: Line:0 Function: Type:Debug:
DateTime:2026-08-28 19:04:42.714:"等待工装回复超时"                            File: Line:0 Function: Type:Debug:
DateTime:2026-08-28 19:04:42.714:"uTimeSecond_ms:5000"                            File: Line:0 Function: Type:Debug:
DateTime:2026-08-28 19:04:45.736:"等待工装回复超时"                            File: Line:0 Function: Type:Debug:
DateTime:2026-08-28 19:04:48.758:"等待工装回复超时"                            File: Line:0 Function: Type:Debug:
DateTime:2026-08-28 19:04:48.758:"uTimeSecond_ms:5000"                            File: Line:0 Function: Type:Debug:
DateTime:2026-08-28 19:04:51.780:"等待工装回复超时"                            File: Line:0 Function: Type:Debug:
DateTime:2026-08-28 19:04:54.802:"等待工装回复超时"                            File: Line:0 Function: Type:Debug:
DateTime:2026-08-28 19:04:54.802:"离网事件测试时间到,上报成功率:0%"                            File: Line:0 Function: Type:Debug:
DateTime:2026-08-28 19:04:54.802:dll输出信息: ""                            File: Line:0 Function: Type:Debug:
DateTime:2026-08-28 19:04:54.802:接口函数调用成功，返回的结果为 0                            File: Line:0 Function: Type:Debug:
DateTime:2026-08-28 19:04:54.824:"外部传入的para：0，返回的result：0,返回的pValRet：1"                            File: Line:0 Function: Type:Debug:
DateTime:2026-08-28 19:04:54.824:返回结果不满足预期值                            File: Line:0 Function: Type:Debug:
DateTime:2026-08-28 19:04:54.825:coorIndex 0                            File: Line:0 Function: Type:Debug:
DateTime:2026-08-28 19:04:54.825:当前流程结束                            File: Line:0 Function: Type:Debug:
DateTime:2026-08-28 19:04:54.825:退出connect函数                            File: Line:0 Function: Type:Debug:
DateTime:2026-08-28 19:04:54.825:"=========【Step9-等待STA离网上报】结束=========="                            File: Line:0 Function: Type:Debug:
DateTime:2026-08-28 19:04:54.825:"-----------------------------"                            File: Line:0 Function: Type:Debug:
DateTime:2026-08-28 19:04:54.825:"=============执行【Step10-参数初始化】==================="                            File: Line:0 Function: Type:Debug:
DateTime:2026-08-28 19:04:54.825:"执行接口函数CCO_AFN51_F2"                            File: Line:0 Function: Type:Debug:
DateTime:2026-08-28 19:04:54.825:callWorkFunction: CCO_AFN51_F2                            File: Line:0 Function: Type:Debug:
DateTime:2026-08-28 19:04:54.825:找到对应函数，进入执行                            File: Line:0 Function: Type:Debug:
DateTime:2026-08-28 19:04:55.328:"等待工装回复超时"                            File: Line:0 Function: Type:Debug:
DateTime:2026-08-28 19:04:55.328:"开始组帧"                            File: Line:0 Function: Type:Debug:
DateTime:2026-08-28 19:04:55.328:"组帧结束"                            File: Line:0 Function: Type:Debug:
DateTime:2026-08-28 19:04:55.328:"367.2Send:参数初始化(51H-F2)：=>68 0F 00 43 00 00 00 00 00 ED 51 02 00 83 16"                            File: Line:0 Function: Type:Debug:
DateTime:2026-08-28 19:04:55.328:"槽位2透传:687E007E006840000000000022600000010002013C00680F00430000000000ED51020083169516"                            File: Line:0 Function: Type:Debug:
DateTime:2026-08-28 19:04:55.328:"工装发送：68 7E 00 7E 00 68 40 00 00 00 00 00 22 60 00 00 01 00 02 01 3C 00 68 0F 00 43 00 00 00 00 00 ED 51 02 00 83 16 95 16"                            File: Line:0 Function: Type:Debug:
DateTime:2026-08-28 19:04:55.346:"工装接收：68 32 00 32 00 68 80 00 00 00 00 00 00 60 00 00 01 00 E1 16"                            File: Line:0 Function: Type:Debug:
DateTime:2026-08-28 19:04:55.346:"m_baRecvMsg:"                            File: Line:0 Function: Type:Debug:
DateTime:2026-08-28 19:04:55.346:"frameList.size():1"                            File: Line:0 Function: Type:Debug:
DateTime:2026-08-28 19:04:55.346:"进入报文解析"                            File: Line:0 Function: Type:Debug:
DateTime:2026-08-28 19:04:55.346:"68 32 00 32 00 68 80 00 00 00 00 00 00 60 00 00 01 00 E1 16"                            File: Line:0 Function: Type:Debug:
DateTime:2026-08-28 19:04:55.346:"解码完成，功能码: 1"                            File: Line:0 Function: Type:Debug:
DateTime:2026-08-28 19:04:55.346:"工装回复确认帧"                            File: Line:0 Function: Type:Debug:
DateTime:2026-08-28 19:04:55.401:"工装接收：68 7A 00 7A 00 68 80 00 00 00 00 00 22 60 00 00 01 00 02 0F 00 68 0F 00 80 00 00 00 00 00 ED 50 01 00 BE 16 1D 16"                            File: Line:0 Function: Type:Debug:
DateTime:2026-08-28 19:04:55.401:"m_baRecvMsg:"                            File: Line:0 Function: Type:Debug:
DateTime:2026-08-28 19:04:55.401:"frameList.size():1"                            File: Line:0 Function: Type:Debug:
DateTime:2026-08-28 19:04:55.401:"进入报文解析"                            File: Line:0 Function: Type:Debug:
DateTime:2026-08-28 19:04:55.401:"68 7A 00 7A 00 68 80 00 00 00 00 00 22 60 00 00 01 00 02 0F 00 68 0F 00 80 00 00 00 00 00 ED 50 01 00 BE 16 1D 16"                            File: Line:0 Function: Type:Debug:
DateTime:2026-08-28 19:04:55.401:"解码完成，功能码: 4"                            File: Line:0 Function: Type:Debug:
DateTime:2026-08-28 19:04:55.401:"工装接收到透传报文"                            File: Line:0 Function: Type:Debug:
DateTime:2026-08-28 19:04:55.401:"020F00680F00800000000000ED500100BE16"                            File: Line:0 Function: Type:Debug:
DateTime:2026-08-28 19:04:55.401:"透传报文内容:68 0f 00 80 00 00 00 00 00 ed 50 01 00 be 16"                            File: Line:0 Function: Type:Debug:
DateTime:2026-08-28 19:04:58.423:"uTimeSecond_ms:20000"                            File: Line:0 Function: Type:Debug:
DateTime:2026-08-28 19:04:58.423:"查找结果: iret=0, wStart=0, dwOutLen=15, dwStreamLen=15, dwFindPos=0"                            File: Line:0 Function: Type:Debug:
DateTime:2026-08-28 19:04:58.423:"Receive:<= 68 0F 00 80 00 00 00 00 00 ED 50 01 00 BE 16"                            File: Line:0 Function: Type:Debug:
DateTime:2026-08-28 19:04:58.423:"解析：功能码-AFN=50H,Fn=1："                            File: Line:0 Function: Type:Debug:
DateTime:2026-08-28 19:04:58.423:"参数区初始化成功"                            File: Line:0 Function: Type:Debug:
DateTime:2026-08-28 19:04:58.423:dll输出信息: ""                            File: Line:0 Function: Type:Debug:
DateTime:2026-08-28 19:04:58.423:接口函数调用成功，返回的结果为 0                            File: Line:0 Function: Type:Debug:
DateTime:2026-08-28 19:04:58.423:"外部传入的para：0，返回的result：0,返回的pValRet：0"                            File: Line:0 Function: Type:Debug:
DateTime:2026-08-28 19:04:58.423:"执行接口函数CCO_AFN51_F2完成"                            File: Line:0 Function: Type:Debug:
DateTime:2026-08-28 19:04:58.424:coorIndex 0                            File: Line:0 Function: Type:Debug:
DateTime:2026-08-28 19:04:58.424:当前流程结束                            File: Line:0 Function: Type:Debug:
DateTime:2026-08-28 19:04:58.424:退出connect函数                            File: Line:0 Function: Type:Debug:
DateTime:2026-08-28 19:04:58.425:"=========【Step10-参数初始化】结束=========="                            File: Line:0 Function: Type:Debug:
DateTime:2026-08-28 19:04:58.425:"-----------------------------"                            File: Line:0 Function: Type:Debug:
DateTime:2026-08-28 19:04:58.425:"=============执行【执行延时】==================="                            File: Line:0 Function: Type:Debug:
DateTime:2026-08-28 19:04:58.437:"执行接口函数Func_Delay"                            File: Line:0 Function: Type:Debug:
DateTime:2026-08-28 19:04:58.437:callWorkFunction: Func_Delay                            File: Line:0 Function: Type:Debug:
DateTime:2026-08-28 19:04:58.437:找到对应函数，进入执行                            File: Line:0 Function: Type:Debug:
DateTime:2026-08-28 19:04:58.437:"延时时间为5s"                            File: Line:0 Function: Type:Debug:
DateTime:2026-08-28 19:04:58.437:"uTimeSecond_ms:5000"                            File: Line:0 Function: Type:Debug:
DateTime:2026-08-28 19:05:01.459:"等待工装回复超时"                            File: Line:0 Function: Type:Debug:
DateTime:2026-08-28 19:05:04.481:"等待工装回复超时"                            File: Line:0 Function: Type:Debug:
DateTime:2026-08-28 19:05:04.481:"延时时间到"                            File: Line:0 Function: Type:Debug:
DateTime:2026-08-28 19:05:04.581:dll输出信息: ""                            File: Line:0 Function: Type:Debug:
DateTime:2026-08-28 19:05:04.581:接口函数调用成功，返回的结果为 0                            File: Line:0 Function: Type:Debug:
DateTime:2026-08-28 19:05:04.581:"外部传入的para：0，返回的result：0,返回的pValRet：0"                            File: Line:0 Function: Type:Debug:
DateTime:2026-08-28 19:05:04.581:"执行接口函数Func_Delay完成"                            File: Line:0 Function: Type:Debug:
DateTime:2026-08-28 19:05:04.581:coorIndex 0                            File: Line:0 Function: Type:Debug:
DateTime:2026-08-28 19:05:04.581:当前流程结束                            File: Line:0 Function: Type:Debug:
DateTime:2026-08-28 19:05:04.581:退出connect函数                            File: Line:0 Function: Type:Debug:
DateTime:2026-08-28 19:05:04.581:"=========【执行延时】结束=========="                            File: Line:0 Function: Type:Debug:
DateTime:2026-08-28 19:05:04.581:"-----------------------------"                            File: Line:0 Function: Type:Debug:
DateTime:2026-08-28 19:05:04.582:"=============执行【Step11-数据转发--EB040505设置网络状态变更信息主动上报(离网上报)】==================="                            File: Line:0 Function: Type:Debug:
DateTime:2026-08-28 19:05:04.582:"执行接口函数CCO_AFN52_F1_EB040505_set"                            File: Line:0 Function: Type:Debug:
DateTime:2026-08-28 19:05:04.582:callWorkFunction: CCO_AFN52_F1_EB040505_set                            File: Line:0 Function: Type:Debug:
DateTime:2026-08-28 19:05:04.582:找到对应函数，进入执行                            File: Line:0 Function: Type:Debug:
DateTime:2026-08-28 19:05:05.086:"等待工装回复超时"                            File: Line:0 Function: Type:Debug:
DateTime:2026-08-28 19:05:05.086:"开始组帧"                            File: Line:0 Function: Type:Debug:
DateTime:2026-08-28 19:05:05.086:"组帧结束"                            File: Line:0 Function: Type:Debug:
DateTime:2026-08-28 19:05:05.086:"367.2Send:数据转发(设置-网络状态变更信息主动上报EB040505)：=>68 34 00 43 00 00 00 00 00 EE 52 01 00 02 12 90 78 56 34 12 6B 8A E8 19 00 68 12 90 78 56 34 12 68 14 0D 38 38 37 1E 3B 33 33 33 44 44 44 44 35 85 16 52 16"                            File: Line:0 Function: Type:Debug:
DateTime:2026-08-28 19:05:05.086:"槽位2透传:68120112016840000000000022600000010002013C00683400430000000000EE520100021290785634126B8AE819006812907856341268140D3838371E3B3333334444444435851652165816"                            File: Line:0 Function: Type:Debug:
DateTime:2026-08-28 19:05:05.086:"工装发送：68 12 01 12 01 68 40 00 00 00 00 00 22 60 00 00 01 00 02 01 3C 00 68 34 00 43 00 00 00 00 00 EE 52 01 00 02 12 90 78 56 34 12 6B 8A E8 19 00 68 12 90 78 56 34 12 68 14 0D 38 38 37 1E 3B 33 33 33 44 44 44 44 35 85 16 52 16 58 16"                            File: Line:0 Function: Type:Debug:
DateTime:2026-08-28 19:05:05.147:"工装接收：68 32 00 32 00 68 80 00 00 00 00 00 00 60 00 00 01 00 E1 16"                            File: Line:0 Function: Type:Debug:
DateTime:2026-08-28 19:05:05.147:"m_baRecvMsg:"                            File: Line:0 Function: Type:Debug:
DateTime:2026-08-28 19:05:05.147:"frameList.size():1"                            File: Line:0 Function: Type:Debug:
DateTime:2026-08-28 19:05:05.147:"进入报文解析"                            File: Line:0 Function: Type:Debug:
DateTime:2026-08-28 19:05:05.147:"68 32 00 32 00 68 80 00 00 00 00 00 00 60 00 00 01 00 E1 16"                            File: Line:0 Function: Type:Debug:
DateTime:2026-08-28 19:05:05.147:"解码完成，功能码: 1"                            File: Line:0 Function: Type:Debug:
DateTime:2026-08-28 19:05:05.147:"工装回复确认帧"                            File: Line:0 Function: Type:Debug:
DateTime:2026-08-28 19:05:05.253:"工装接收：68 CE 00 CE 00 68 80 00 00 00 00 00 22 60 00 00 01 00 02 24 00 68 24 00 80 00 00 00 00 00 EE 52 01 00 02 12 90 78 56 34 12 0C 00 68 12 90 78 56 34 12 68 94 00 1A 16 CF 16 69 16"                            File: Line:0 Function: Type:Debug:
DateTime:2026-08-28 19:05:05.253:"m_baRecvMsg:"                            File: Line:0 Function: Type:Debug:
DateTime:2026-08-28 19:05:05.253:"frameList.size():1"                            File: Line:0 Function: Type:Debug:
DateTime:2026-08-28 19:05:05.253:"进入报文解析"                            File: Line:0 Function: Type:Debug:
DateTime:2026-08-28 19:05:05.253:"68 CE 00 CE 00 68 80 00 00 00 00 00 22 60 00 00 01 00 02 24 00 68 24 00 80 00 00 00 00 00 EE 52 01 00 02 12 90 78 56 34 12 0C 00 68 12 90 78 56 34 12 68 94 00 1A 16 CF 16 69 16"                            File: Line:0 Function: Type:Debug:
DateTime:2026-08-28 19:05:05.253:"解码完成，功能码: 4"                            File: Line:0 Function: Type:Debug:
DateTime:2026-08-28 19:05:05.253:"工装接收到透传报文"                            File: Line:0 Function: Type:Debug:
DateTime:2026-08-28 19:05:05.254:"022400682400800000000000EE520100021290785634120C00681290785634126894001A16CF16"                            File: Line:0 Function: Type:Debug:
DateTime:2026-08-28 19:05:05.254:"透传报文内容:68 24 00 80 00 00 00 00 00 ee 52 01 00 02 12 90 78 56 34 12 0c 00 68 12 90 78 56 34 12 68 94 00 1a 16 cf 16"                            File: Line:0 Function: Type:Debug:
DateTime:2026-08-28 19:05:08.175:"uTimeSecond_ms:30000"                            File: Line:0 Function: Type:Debug:
DateTime:2026-08-28 19:05:08.175:"查找结果: iret=0, wStart=0, dwOutLen=36, dwStreamLen=36, dwFindPos=0"                            File: Line:0 Function: Type:Debug:
DateTime:2026-08-28 19:05:08.175:"Receive:<= 68 24 00 80 00 00 00 00 00 EE 52 01 00 02 12 90 78 56 34 12 0C 00 68 12 90 78 56 34 12 68 94 00 1A 16 CF 16"                            File: Line:0 Function: Type:Debug:
DateTime:2026-08-28 19:05:08.175:"解析：功能码-AFN=52H,Fn=1："                            File: Line:0 Function: Type:Debug:
DateTime:2026-08-28 19:05:08.175:"透传回复内容：021290785634120C00681290785634126894001A16"                            File: Line:0 Function: Type:Debug:
DateTime:2026-08-28 19:05:08.175:"设置成功"                            File: Line:0 Function: Type:Debug:
DateTime:2026-08-28 19:05:08.175:dll输出信息: ""                            File: Line:0 Function: Type:Debug:
DateTime:2026-08-28 19:05:08.175:接口函数调用成功，返回的结果为 0                            File: Line:0 Function: Type:Debug:
DateTime:2026-08-28 19:05:08.175:"外部传入的para：0，返回的result：0,返回的pValRet：0"                            File: Line:0 Function: Type:Debug:
DateTime:2026-08-28 19:05:08.175:"执行接口函数CCO_AFN52_F1_EB040505_set完成"                            File: Line:0 Function: Type:Debug:
DateTime:2026-08-28 19:05:08.176:coorIndex 0                            File: Line:0 Function: Type:Debug:
DateTime:2026-08-28 19:05:08.176:当前流程结束                            File: Line:0 Function: Type:Debug:
DateTime:2026-08-28 19:05:08.176:退出connect函数                            File: Line:0 Function: Type:Debug:
DateTime:2026-08-28 19:05:08.177:"=========【Step11-数据转发--EB040505设置网络状态变更信息主动上报(离网上报)】结束=========="                            File: Line:0 Function: Type:Debug:
DateTime:2026-08-28 19:05:08.177:"-----------------------------"                            File: Line:0 Function: Type:Debug:
DateTime:2026-08-28 19:05:08.177:"=============执行【Step12-数据转发--EB040505查询网络状态变更信息主动上报(离网上报)】==================="                            File: Line:0 Function: Type:Debug:
DateTime:2026-08-28 19:05:08.177:"执行接口函数CCO_AFN52_F1_EB040505_read"                            File: Line:0 Function: Type:Debug:
DateTime:2026-08-28 19:05:08.177:callWorkFunction: CCO_AFN52_F1_EB040505_read                            File: Line:0 Function: Type:Debug:
DateTime:2026-08-28 19:05:08.177:找到对应函数，进入执行                            File: Line:0 Function: Type:Debug:
DateTime:2026-08-28 19:05:08.681:"等待工装回复超时"                            File: Line:0 Function: Type:Debug:
DateTime:2026-08-28 19:05:08.681:"开始组帧"                            File: Line:0 Function: Type:Debug:
DateTime:2026-08-28 19:05:08.681:"组帧结束"                            File: Line:0 Function: Type:Debug:
DateTime:2026-08-28 19:05:08.681:"367.2Send:数据转发(查询-网络状态变更信息主动上报 EB040505)：=>68 2B 00 43 00 00 00 00 00 EF 52 01 00 02 12 90 78 56 34 12 6B 8A E8 10 00 68 12 90 78 56 34 12 68 11 04 38 38 37 1E 60 16 00 16"                            File: Line:0 Function: Type:Debug:
DateTime:2026-08-28 19:05:08.681:"槽位2透传:68EE00EE006840000000000022600000010002013C00682B00430000000000EF520100021290785634126B8AE81000681290785634126811043838371E60160016AB16"                            File: Line:0 Function: Type:Debug:
DateTime:2026-08-28 19:05:08.681:"工装发送：68 EE 00 EE 00 68 40 00 00 00 00 00 22 60 00 00 01 00 02 01 3C 00 68 2B 00 43 00 00 00 00 00 EF 52 01 00 02 12 90 78 56 34 12 6B 8A E8 10 00 68 12 90 78 56 34 12 68 11 04 38 38 37 1E 60 16 00 16 AB 16"                            File: Line:0 Function: Type:Debug:
DateTime:2026-08-28 19:05:08.730:"工装接收：68 32 00 32 00 68 80 00 00 00 00 00 00 60 00 00 01 00 E1 16"                            File: Line:0 Function: Type:Debug:
DateTime:2026-08-28 19:05:08.730:"m_baRecvMsg:"                            File: Line:0 Function: Type:Debug:
DateTime:2026-08-28 19:05:08.730:"frameList.size():1"                            File: Line:0 Function: Type:Debug:
DateTime:2026-08-28 19:05:08.730:"进入报文解析"                            File: Line:0 Function: Type:Debug:
DateTime:2026-08-28 19:05:08.730:"68 32 00 32 00 68 80 00 00 00 00 00 00 60 00 00 01 00 E1 16"                            File: Line:0 Function: Type:Debug:
DateTime:2026-08-28 19:05:08.730:"解码完成，功能码: 1"                            File: Line:0 Function: Type:Debug:
DateTime:2026-08-28 19:05:08.730:"工装回复确认帧"                            File: Line:0 Function: Type:Debug:
DateTime:2026-08-28 19:05:08.785:"工装接收：68 E2 00 E2 00 68 80 00 00 00 00 00 22 60 00 00 01 00 02 29 00 68 29 00 80 00 00 00 00 00 EF 52 01 00 02 12 90 78 56 34 12 11 00 68 12 90 78 56 34 12 68 91 05 38 38 37 1E 35 16 16 CD 16 6F 16"                            File: Line:0 Function: Type:Debug:
DateTime:2026-08-28 19:05:08.785:"m_baRecvMsg:"                            File: Line:0 Function: Type:Debug:
DateTime:2026-08-28 19:05:08.785:"frameList.size():1"                            File: Line:0 Function: Type:Debug:
DateTime:2026-08-28 19:05:08.785:"进入报文解析"                            File: Line:0 Function: Type:Debug:
DateTime:2026-08-28 19:05:08.785:"68 E2 00 E2 00 68 80 00 00 00 00 00 22 60 00 00 01 00 02 29 00 68 29 00 80 00 00 00 00 00 EF 52 01 00 02 12 90 78 56 34 12 11 00 68 12 90 78 56 34 12 68 91 05 38 38 37 1E 35 16 16 CD 16 6F 16"                            File: Line:0 Function: Type:Debug:
DateTime:2026-08-28 19:05:08.785:"解码完成，功能码: 4"                            File: Line:0 Function: Type:Debug:
DateTime:2026-08-28 19:05:08.785:"工装接收到透传报文"                            File: Line:0 Function: Type:Debug:
DateTime:2026-08-28 19:05:08.785:"022900682900800000000000EF520100021290785634121100681290785634126891053838371E351616CD16"                            File: Line:0 Function: Type:Debug:
DateTime:2026-08-28 19:05:08.785:"透传报文内容:68 29 00 80 00 00 00 00 00 ef 52 01 00 02 12 90 78 56 34 12 11 00 68 12 90 78 56 34 12 68 91 05 38 38 37 1e 35 16 16 cd 16"                            File: Line:0 Function: Type:Debug:
DateTime:2026-08-28 19:05:11.706:"uTimeSecond_ms:30000"                            File: Line:0 Function: Type:Debug:
DateTime:2026-08-28 19:05:11.706:"查找结果: iret=0, wStart=0, dwOutLen=41, dwStreamLen=41, dwFindPos=0"                            File: Line:0 Function: Type:Debug:
DateTime:2026-08-28 19:05:11.706:"Receive:<= 68 29 00 80 00 00 00 00 00 EF 52 01 00 02 12 90 78 56 34 12 11 00 68 12 90 78 56 34 12 68 91 05 38 38 37 1E 35 16 16 CD 16"                            File: Line:0 Function: Type:Debug:
DateTime:2026-08-28 19:05:11.706:"解析：功能码-AFN=52H,Fn=1："                            File: Line:0 Function: Type:Debug:
DateTime:2026-08-28 19:05:11.706:"透传回复内容：021290785634121100681290785634126891053838371E351616"                            File: Line:0 Function: Type:Debug:
DateTime:2026-08-28 19:05:11.706:"DL/T645-2007协议 回复报文信息：控制码：91,数据标识：EB040505，数据域(需倒序解析)：02"                            File: Line:0 Function: Type:Debug:
DateTime:2026-08-28 19:05:11.706:"网络状态变更信息主动上报：入网不上报,    网络状态变更信息主动上报：离网上报"                            File: Line:0 Function: Type:Debug:
DateTime:2026-08-28 19:05:11.706:dll输出信息: ""                            File: Line:0 Function: Type:Debug:
DateTime:2026-08-28 19:05:11.706:接口函数调用成功，返回的结果为 0                            File: Line:0 Function: Type:Debug:
DateTime:2026-08-28 19:05:11.706:"外部传入的para：0，返回的result：0,返回的pValRet：0"                            File: Line:0 Function: Type:Debug:
DateTime:2026-08-28 19:05:11.706:"执行接口函数CCO_AFN52_F1_EB040505_read完成"                            File: Line:0 Function: Type:Debug:
DateTime:2026-08-28 19:05:11.707:coorIndex 0                            File: Line:0 Function: Type:Debug:
DateTime:2026-08-28 19:05:11.707:当前流程结束                            File: Line:0 Function: Type:Debug:
DateTime:2026-08-28 19:05:11.707:退出connect函数                            File: Line:0 Function: Type:Debug:
DateTime:2026-08-28 19:05:11.708:"=========【Step12-数据转发--EB040505查询网络状态变更信息主动上报(离网上报)】结束=========="                            File: Line:0 Function: Type:Debug:
DateTime:2026-08-28 19:05:11.708:"-----------------------------"                            File: Line:0 Function: Type:Debug:
DateTime:2026-08-28 19:05:11.708:"=============执行【Step13-预告抄读对象】==================="                            File: Line:0 Function: Type:Debug:
DateTime:2026-08-28 19:05:11.708:"执行接口函数CCO_AFN55_F9"                            File: Line:0 Function: Type:Debug:
DateTime:2026-08-28 19:05:11.708:callWorkFunction: CCO_AFN55_F9                            File: Line:0 Function: Type:Debug:
DateTime:2026-08-28 19:05:11.708:找到对应函数，进入执行                            File: Line:0 Function: Type:Debug:
DateTime:2026-08-28 19:05:12.212:"等待工装回复超时"                            File: Line:0 Function: Type:Debug:
DateTime:2026-08-28 19:05:12.212:"开始组帧"                            File: Line:0 Function: Type:Debug:
DateTime:2026-08-28 19:05:12.212:"组帧结束"                            File: Line:0 Function: Type:Debug:
DateTime:2026-08-28 19:05:12.212:"367.2Send:预告抄读对象(55H-F9)：=>68 48 00 43 00 00 00 00 00 F0 55 01 01 06 00 00 01 00 03 03 01 10 00 16 19 02 00 03 04 01 10 00 16 19 03 00 03 05 01 10 00 16 19 04 00 03 06 01 10 00 16 19 05 00 03 07 01 10 00 16 19 06 00 03 08 01 10 00 16 19 58 16"                            File: Line:0 Function: Type:Debug:
DateTime:2026-08-28 19:05:12.212:"槽位2透传:68620162016840000000000022600000010002013C00684800430000000000F055010106000001000303011000161902000304011000161903000305011000161904000306011000161905000307011000161906000308011000161958167816"                            File: Line:0 Function: Type:Debug:
DateTime:2026-08-28 19:05:12.212:"工装发送：68 62 01 62 01 68 40 00 00 00 00 00 22 60 00 00 01 00 02 01 3C 00 68 48 00 43 00 00 00 00 00 F0 55 01 01 06 00 00 01 00 03 03 01 10 00 16 19 02 00 03 04 01 10 00 16 19 03 00 03 05 01 10 00 16 19 04 00 03 06 01 10 00 16 19 05 00 03 07 01 10 00 16 19 06 00 03 08 01 10 00 16 19 58 16 78 16"                            File: Line:0 Function: Type:Debug:
DateTime:2026-08-28 19:05:12.296:"工装接收：68 32 00 32 00 68 80 00 00 00 00 00 00 60 00 00 01 00 E1 16"                            File: Line:0 Function: Type:Debug:
DateTime:2026-08-28 19:05:12.296:"m_baRecvMsg:"                            File: Line:0 Function: Type:Debug:
DateTime:2026-08-28 19:05:12.296:"frameList.size():1"                            File: Line:0 Function: Type:Debug:
DateTime:2026-08-28 19:05:12.296:"进入报文解析"                            File: Line:0 Function: Type:Debug:
DateTime:2026-08-28 19:05:12.296:"68 32 00 32 00 68 80 00 00 00 00 00 00 60 00 00 01 00 E1 16"                            File: Line:0 Function: Type:Debug:
DateTime:2026-08-28 19:05:12.296:"解码完成，功能码: 1"                            File: Line:0 Function: Type:Debug:
DateTime:2026-08-28 19:05:12.296:"工装回复确认帧"                            File: Line:0 Function: Type:Debug:
DateTime:2026-08-28 19:05:12.337:"工装接收：68 7A 00 7A 00 68 80 00 00 00 00 00 22 60 00 00 01 00 02 0F 00 68 0F 00 80 00 00 00 00 00 F0 50 01 00 C1 16 23 16"                            File: Line:0 Function: Type:Debug:
DateTime:2026-08-28 19:05:12.337:"m_baRecvMsg:"                            File: Line:0 Function: Type:Debug:
DateTime:2026-08-28 19:05:12.337:"frameList.size():1"                            File: Line:0 Function: Type:Debug:
DateTime:2026-08-28 19:05:12.337:"进入报文解析"                            File: Line:0 Function: Type:Debug:
DateTime:2026-08-28 19:05:12.337:"68 7A 00 7A 00 68 80 00 00 00 00 00 22 60 00 00 01 00 02 0F 00 68 0F 00 80 00 00 00 00 00 F0 50 01 00 C1 16 23 16"                            File: Line:0 Function: Type:Debug:
DateTime:2026-08-28 19:05:12.337:"解码完成，功能码: 4"                            File: Line:0 Function: Type:Debug:
DateTime:2026-08-28 19:05:12.337:"工装接收到透传报文"                            File: Line:0 Function: Type:Debug:
DateTime:2026-08-28 19:05:12.337:"020F00680F00800000000000F0500100C116"                            File: Line:0 Function: Type:Debug:
DateTime:2026-08-28 19:05:12.337:"透传报文内容:68 0f 00 80 00 00 00 00 00 f0 50 01 00 c1 16"                            File: Line:0 Function: Type:Debug:
DateTime:2026-08-28 19:05:15.258:"uTimeSecond_ms:5000"                            File: Line:0 Function: Type:Debug:
DateTime:2026-08-28 19:05:15.258:"查找结果: iret=0, wStart=0, dwOutLen=15, dwStreamLen=15, dwFindPos=0"                            File: Line:0 Function: Type:Debug:
DateTime:2026-08-28 19:05:15.258:"Receive:<= 68 0F 00 80 00 00 00 00 00 F0 50 01 00 C1 16"                            File: Line:0 Function: Type:Debug:
DateTime:2026-08-28 19:05:15.258:"解析：功能码-AFN=50H,Fn=1："                            File: Line:0 Function: Type:Debug:
DateTime:2026-08-28 19:05:15.258:"预告抄读对象成功"                            File: Line:0 Function: Type:Debug:
DateTime:2026-08-28 19:05:15.258:"成功数量：6"                            File: Line:0 Function: Type:Debug:
DateTime:2026-08-28 19:05:15.279:"预告抄读对象总数量：6 全部成功 "                            File: Line:0 Function: Type:Debug:
DateTime:2026-08-28 19:05:15.279:dll输出信息: ""                            File: Line:0 Function: Type:Debug:
DateTime:2026-08-28 19:05:15.279:接口函数调用成功，返回的结果为 0                            File: Line:0 Function: Type:Debug:
DateTime:2026-08-28 19:05:15.279:"外部传入的para：0，返回的result：0,返回的pValRet：0"                            File: Line:0 Function: Type:Debug:
DateTime:2026-08-28 19:05:15.279:"执行接口函数CCO_AFN55_F9完成"                            File: Line:0 Function: Type:Debug:
DateTime:2026-08-28 19:05:15.279:coorIndex 0                            File: Line:0 Function: Type:Debug:
DateTime:2026-08-28 19:05:15.279:当前流程结束                            File: Line:0 Function: Type:Debug:
DateTime:2026-08-28 19:05:15.279:退出connect函数                            File: Line:0 Function: Type:Debug:
DateTime:2026-08-28 19:05:15.279:"=========【Step13-预告抄读对象】结束=========="                            File: Line:0 Function: Type:Debug:
DateTime:2026-08-28 19:05:15.279:"-----------------------------"                            File: Line:0 Function: Type:Debug:
DateTime:2026-08-28 19:05:15.279:"=============执行【Step14-STA上电】==================="                            File: Line:0 Function: Type:Debug:
DateTime:2026-08-28 19:05:15.280:"执行接口函数SimuCorn_power_on"                            File: Line:0 Function: Type:Debug:
DateTime:2026-08-28 19:05:15.280:callWorkFunction: SimuCorn_power_on                            File: Line:0 Function: Type:Debug:
DateTime:2026-08-28 19:05:15.280:找到对应函数，进入执行                            File: Line:0 Function: Type:Debug:
DateTime:2026-08-28 19:05:15.280:"工装发送：68 3E 00 3E 00 68 40 00 00 00 00 00 21 60 00 00 02 00 03 02 01 C9 16"                            File: Line:0 Function: Type:Debug:
DateTime:2026-08-28 19:05:15.280:"工装接收：68 32 00 32 00 68 80 00 00 00 00 00 00 60 00 00 01 00 E1 16"                            File: Line:0 Function: Type:Debug:
DateTime:2026-08-28 19:05:15.280:"m_baRecvMsg:"                            File: Line:0 Function: Type:Debug:
DateTime:2026-08-28 19:05:15.280:"frameList.size():1"                            File: Line:0 Function: Type:Debug:
DateTime:2026-08-28 19:05:15.280:"进入报文解析"                            File: Line:0 Function: Type:Debug:
DateTime:2026-08-28 19:05:15.280:"68 32 00 32 00 68 80 00 00 00 00 00 00 60 00 00 01 00 E1 16"                            File: Line:0 Function: Type:Debug:
DateTime:2026-08-28 19:05:15.280:"解码完成，功能码: 1"                            File: Line:0 Function: Type:Debug:
DateTime:2026-08-28 19:05:15.280:"工装回复确认帧"                            File: Line:0 Function: Type:Debug:
DateTime:2026-08-28 19:05:15.280:"工装发送：68 3E 00 3E 00 68 40 00 00 00 00 00 21 60 00 00 02 00 04 02 01 CA 16"                            File: Line:0 Function: Type:Debug:
DateTime:2026-08-28 19:05:15.281:"工装接收：68 32 00 32 00 68 80 00 00 00 00 00 00 60 00 00 01 00 E1 16"                            File: Line:0 Function: Type:Debug:
DateTime:2026-08-28 19:05:15.281:"m_baRecvMsg:"                            File: Line:0 Function: Type:Debug:
DateTime:2026-08-28 19:05:15.281:"frameList.size():1"                            File: Line:0 Function: Type:Debug:
DateTime:2026-08-28 19:05:15.281:"进入报文解析"                            File: Line:0 Function: Type:Debug:
DateTime:2026-08-28 19:05:15.281:"68 32 00 32 00 68 80 00 00 00 00 00 00 60 00 00 01 00 E1 16"                            File: Line:0 Function: Type:Debug:
DateTime:2026-08-28 19:05:15.281:"解码完成，功能码: 1"                            File: Line:0 Function: Type:Debug:
DateTime:2026-08-28 19:05:15.281:"工装回复确认帧"                            File: Line:0 Function: Type:Debug:
DateTime:2026-08-28 19:05:15.281:"工装发送：68 3E 00 3E 00 68 40 00 00 00 00 00 21 60 00 00 02 00 05 02 01 CB 16"                            File: Line:0 Function: Type:Debug:
DateTime:2026-08-28 19:05:15.281:"工装接收：68 32 00 32 00 68 80 00 00 00 00 00 00 60 00 00 01 00 E1 16"                            File: Line:0 Function: Type:Debug:
DateTime:2026-08-28 19:05:15.281:"m_baRecvMsg:"                            File: Line:0 Function: Type:Debug:
DateTime:2026-08-28 19:05:15.281:"frameList.size():1"                            File: Line:0 Function: Type:Debug:
DateTime:2026-08-28 19:05:15.281:"进入报文解析"                            File: Line:0 Function: Type:Debug:
DateTime:2026-08-28 19:05:15.281:"68 32 00 32 00 68 80 00 00 00 00 00 00 60 00 00 01 00 E1 16"                            File: Line:0 Function: Type:Debug:
DateTime:2026-08-28 19:05:15.281:"解码完成，功能码: 1"                            File: Line:0 Function: Type:Debug:
DateTime:2026-08-28 19:05:15.281:"工装回复确认帧"                            File: Line:0 Function: Type:Debug:
DateTime:2026-08-28 19:05:15.281:"工装发送：68 3E 00 3E 00 68 40 00 00 00 00 00 21 60 00 00 02 00 06 02 01 CC 16"                            File: Line:0 Function: Type:Debug:
DateTime:2026-08-28 19:05:15.282:"工装接收：68 32 00 32 00 68 80 00 00 00 00 00 00 60 00 00 01 00 E1 16"                            File: Line:0 Function: Type:Debug:
DateTime:2026-08-28 19:05:15.282:"m_baRecvMsg:"                            File: Line:0 Function: Type:Debug:
DateTime:2026-08-28 19:05:15.282:"frameList.size():1"                            File: Line:0 Function: Type:Debug:
DateTime:2026-08-28 19:05:15.282:"进入报文解析"                            File: Line:0 Function: Type:Debug:
DateTime:2026-08-28 19:05:15.282:"68 32 00 32 00 68 80 00 00 00 00 00 00 60 00 00 01 00 E1 16"                            File: Line:0 Function: Type:Debug:
DateTime:2026-08-28 19:05:15.282:"解码完成，功能码: 1"                            File: Line:0 Function: Type:Debug:
DateTime:2026-08-28 19:05:15.282:"工装回复确认帧"                            File: Line:0 Function: Type:Debug:
DateTime:2026-08-28 19:05:15.282:"工装发送：68 3E 00 3E 00 68 40 00 00 00 00 00 21 60 00 00 02 00 07 02 01 CD 16"                            File: Line:0 Function: Type:Debug:
DateTime:2026-08-28 19:05:15.282:"工装接收：68 32 00 32 00 68 80 00 00 00 00 00 00 60 00 00 01 00 E1 16"                            File: Line:0 Function: Type:Debug:
DateTime:2026-08-28 19:05:15.282:"m_baRecvMsg:"                            File: Line:0 Function: Type:Debug:
DateTime:2026-08-28 19:05:15.282:"frameList.size():1"                            File: Line:0 Function: Type:Debug:
DateTime:2026-08-28 19:05:15.282:"进入报文解析"                            File: Line:0 Function: Type:Debug:
DateTime:2026-08-28 19:05:15.282:"68 32 00 32 00 68 80 00 00 00 00 00 00 60 00 00 01 00 E1 16"                            File: Line:0 Function: Type:Debug:
DateTime:2026-08-28 19:05:15.282:"解码完成，功能码: 1"                            File: Line:0 Function: Type:Debug:
DateTime:2026-08-28 19:05:15.282:"工装回复确认帧"                            File: Line:0 Function: Type:Debug:
DateTime:2026-08-28 19:05:15.282:"工装发送：68 3E 00 3E 00 68 40 00 00 00 00 00 21 60 00 00 02 00 08 02 01 CE 16"                            File: Line:0 Function: Type:Debug:
DateTime:2026-08-28 19:05:15.283:"工装接收：68 32 00 32 00 68 80 00 00 00 00 00 00 60 00 00 01 00 E1 16"                            File: Line:0 Function: Type:Debug:
DateTime:2026-08-28 19:05:15.283:"m_baRecvMsg:"                            File: Line:0 Function: Type:Debug:
DateTime:2026-08-28 19:05:15.283:"frameList.size():1"                            File: Line:0 Function: Type:Debug:
DateTime:2026-08-28 19:05:15.283:"进入报文解析"                            File: Line:0 Function: Type:Debug:
DateTime:2026-08-28 19:05:15.283:"68 32 00 32 00 68 80 00 00 00 00 00 00 60 00 00 01 00 E1 16"                            File: Line:0 Function: Type:Debug:
DateTime:2026-08-28 19:05:15.283:"解码完成，功能码: 1"                            File: Line:0 Function: Type:Debug:
DateTime:2026-08-28 19:05:15.283:"工装回复确认帧"                            File: Line:0 Function: Type:Debug:
DateTime:2026-08-28 19:05:15.283:"所有槽位上电成功"                            File: Line:0 Function: Type:Debug:
DateTime:2026-08-28 19:05:15.384:dll输出信息: ""                            File: Line:0 Function: Type:Debug:
DateTime:2026-08-28 19:05:15.384:接口函数调用成功，返回的结果为 0                            File: Line:0 Function: Type:Debug:
DateTime:2026-08-28 19:05:15.384:"外部传入的para：0，返回的result：0,返回的pValRet：0"                            File: Line:0 Function: Type:Debug:
DateTime:2026-08-28 19:05:15.384:"执行接口函数SimuCorn_power_on完成"                            File: Line:0 Function: Type:Debug:
DateTime:2026-08-28 19:05:15.385:coorIndex 0                            File: Line:0 Function: Type:Debug:
DateTime:2026-08-28 19:05:15.385:当前流程结束                            File: Line:0 Function: Type:Debug:
DateTime:2026-08-28 19:05:15.385:退出connect函数                            File: Line:0 Function: Type:Debug:
DateTime:2026-08-28 19:05:15.385:"=========【Step14-STA上电】结束=========="                            File: Line:0 Function: Type:Debug:
DateTime:2026-08-28 19:05:15.385:"-----------------------------"                            File: Line:0 Function: Type:Debug:
DateTime:2026-08-28 19:05:15.386:"=============执行【Step15-等待STA入网上报】==================="                            File: Line:0 Function: Type:Debug:
DateTime:2026-08-28 19:05:15.386:"执行接口函数CCO_Func_ON_Boarding_Event"                            File: Line:0 Function: Type:Debug:
DateTime:2026-08-28 19:05:15.386:callWorkFunction: CCO_Func_ON_Boarding_Event                            File: Line:0 Function: Type:Debug:
DateTime:2026-08-28 19:05:15.386:找到对应函数，进入执行                            File: Line:0 Function: Type:Debug:
DateTime:2026-08-28 19:05:15.386:"uTimeSecond_ms:5000"                            File: Line:0 Function: Type:Debug:
DateTime:2026-08-28 19:05:18.408:"等待工装回复超时"                            File: Line:0 Function: Type:Debug:
DateTime:2026-08-28 19:05:21.429:"等待工装回复超时"                            File: Line:0 Function: Type:Debug:
DateTime:2026-08-28 19:05:21.429:"uTimeSecond_ms:5000"                            File: Line:0 Function: Type:Debug:
DateTime:2026-08-28 19:05:24.451:"等待工装回复超时"                            File: Line:0 Function: Type:Debug:
DateTime:2026-08-28 19:05:27.473:"等待工装回复超时"                            File: Line:0 Function: Type:Debug:
DateTime:2026-08-28 19:05:27.473:"uTimeSecond_ms:5000"                            File: Line:0 Function: Type:Debug:
DateTime:2026-08-28 19:05:30.495:"等待工装回复超时"                            File: Line:0 Function: Type:Debug:
DateTime:2026-08-28 19:05:33.517:"等待工装回复超时"                            File: Line:0 Function: Type:Debug:
DateTime:2026-08-28 19:05:33.517:"uTimeSecond_ms:5000"                            File: Line:0 Function: Type:Debug:
DateTime:2026-08-28 19:05:36.539:"等待工装回复超时"                            File: Line:0 Function: Type:Debug:
DateTime:2026-08-28 19:05:39.561:"等待工装回复超时"                            File: Line:0 Function: Type:Debug:
DateTime:2026-08-28 19:05:39.561:"uTimeSecond_ms:5000"                            File: Line:0 Function: Type:Debug:
DateTime:2026-08-28 19:05:42.583:"等待工装回复超时"                            File: Line:0 Function: Type:Debug:
DateTime:2026-08-28 19:05:45.605:"等待工装回复超时"                            File: Line:0 Function: Type:Debug:
DateTime:2026-08-28 19:05:45.605:"uTimeSecond_ms:5000"                            File: Line:0 Function: Type:Debug:
DateTime:2026-08-28 19:05:48.627:"等待工装回复超时"                            File: Line:0 Function: Type:Debug:
DateTime:2026-08-28 19:05:51.649:"等待工装回复超时"                            File: Line:0 Function: Type:Debug:
DateTime:2026-08-28 19:05:51.649:"uTimeSecond_ms:5000"                            File: Line:0 Function: Type:Debug:
DateTime:2026-08-28 19:05:54.671:"等待工装回复超时"                            File: Line:0 Function: Type:Debug:
DateTime:2026-08-28 19:05:57.692:"等待工装回复超时"                            File: Line:0 Function: Type:Debug:
DateTime:2026-08-28 19:05:57.692:"uTimeSecond_ms:5000"                            File: Line:0 Function: Type:Debug:
DateTime:2026-08-28 19:05:58.661:"工装接收：68 72 01 72 01 68 80 00 00 00 00 00 22 60 00 00 01 00 02 4D 00 68 4D 00 C0 00 00 00 00 00 1E 56 02 00 01 12 90 78 56 34 12 36 68 12 90 78 56 34 12 68 81 2A 39 38 37 1E 35 39 3B 34 43 33 49 4C 37 34 43 33 49 4C 39 34 43 33 49 4C 38 34 43 33 49 4C 3A 34 43 33 49 4C 36 34 43 33 49 4C 32 16 9D 16 57 16"                            File: Line:0 Function: Type:Debug:
DateTime:2026-08-28 19:05:58.661:"m_baRecvMsg:"                            File: Line:0 Function: Type:Debug:
DateTime:2026-08-28 19:05:58.661:"rameList.size():"                            File: Line:0 Function: Type:Debug:
DateTime:2026-08-28 19:05:58.661:"进入报文解析"                            File: Line:0 Function: Type:Debug:
DateTime:2026-08-28 19:05:58.661:"68 72 01 72 01 68 80 00 00 00 00 00 22 60 00 00 01 00 02 4D 00 68 4D 00 C0 00 00 00 00 00 1E 56 02 00 01 12 90 78 56 34 12 36 68 12 90 78 56 34 12 68 81 2A 39 38 37 1E 35 39 3B 34 43 33 49 4C 37 34 43 33 49 4C 39 34 43 33 49 4C 38 34 43 33 49 4C 3A 34 43 33 49 4C 36 34 43 33 49 4C 32 16 9D 16 57 16"                            File: Line:0 Function: Type:Debug:
DateTime:2026-08-28 19:05:58.661:"解码完成，功能码: 4"                            File: Line:0 Function: Type:Debug:
DateTime:2026-08-28 19:05:58.661:"工装回复透传报文"                            File: Line:0 Function: Type:Debug:
DateTime:2026-08-28 19:05:58.661:"024D00684D00C000000000001E56020001129078563412366812907856341268812A3938371E35393B344333494C37344333494C39344333494C38344333494C3A344333494C36344333494C32169D16"                            File: Line:0 Function: Type:Debug:
DateTime:2026-08-28 19:05:58.661:"内容:68 4d 00 c0 00 00 00 00 00 1e 56 02 00 01 12 90 78 56 34 12 36 68 12 90 78 56 34 12 68 81 2a 39 38 37 1e 35 39 3b 34 43 33 49 4c 37 34 43 33 49 4c 39 34 43 33 49 4c 38 34 43 33 49 4c 3a 34 43 33 49 4c 36 34 43 33 49 4c 32 16 9d 16"                            File: Line:0 Function: Type:Debug:
DateTime:2026-08-28 19:06:00.776:"等待工装回复超时"                            File: Line:0 Function: Type:Debug:
DateTime:2026-08-28 19:06:00.776:"查找结果: iret=0, wStart=0, dwOutLen=77, dwStreamLen=77, dwFindPos=0"                            File: Line:0 Function: Type:Debug:
DateTime:2026-08-28 19:06:00.776:"Receive:<= 68 4D 00 C0 00 00 00 00 00 1E 56 02 00 01 12 90 78 56 34 12 36 68 12 90 78 56 34 12 68 81 2A 39 38 37 1E 35 39 3B 34 43 33 49 4C 37 34 43 33 49 4C 39 34 43 33 49 4C 38 34 43 33 49 4C 3A 34 43 33 49 4C 36 34 43 33 49 4C 32 16 9D 16"                            File: Line:0 Function: Type:Debug:
DateTime:2026-08-28 19:06:00.776:"解析：功能码-AFN=56H,Fn=2："                            File: Line:0 Function: Type:Debug:
DateTime:2026-08-28 19:06:00.776:"Send(确认)：=> 68 0F 00 43 00 00 00 00 00 1E 50 01 00 B2 16"                            File: Line:0 Function: Type:Debug:
DateTime:2026-08-28 19:06:00.776:"槽位2透传:687E007E006840000000000022600000010002013C00680F004300000000001E500100B216F316"                            File: Line:0 Function: Type:Debug:
DateTime:2026-08-28 19:06:00.776:"工装发送：68 7E 00 7E 00 68 40 00 00 00 00 00 22 60 00 00 01 00 02 01 3C 00 68 0F 00 43 00 00 00 00 00 1E 50 01 00 B2 16 F3 16"                            File: Line:0 Function: Type:Debug:
DateTime:2026-08-28 19:06:00.776:"|****************事件上报状态：************************|"                            File: Line:0 Function: Type:Debug:
DateTime:2026-08-28 19:06:00.776:"地址191600100103：--离网事件上报成功"                            File: Line:0 Function: Type:Debug:
DateTime:2026-08-28 19:06:00.777:"地址191600100104：--离网事件上报成功"                            File: Line:0 Function: Type:Debug:
DateTime:2026-08-28 19:06:00.777:"地址191600100105：--离网事件上报成功"                            File: Line:0 Function: Type:Debug:
DateTime:2026-08-28 19:06:00.777:"地址191600100106：--离网事件上报成功"                            File: Line:0 Function: Type:Debug:
DateTime:2026-08-28 19:06:00.777:"地址191600100107：--离网事件上报成功"                            File: Line:0 Function: Type:Debug:
DateTime:2026-08-28 19:06:00.777:"地址191600100108：--离网事件上报成功"                            File: Line:0 Function: Type:Debug:
DateTime:2026-08-28 19:06:00.777:"|*******************结束*****************************|"                            File: Line:0 Function: Type:Debug:
DateTime:2026-08-28 19:06:00.777:"uTimeSecond_ms:5000"                            File: Line:0 Function: Type:Debug:
DateTime:2026-08-28 19:06:00.794:"工装接收：68 32 00 32 00 68 80 00 00 00 00 00 00 60 00 00 01 00 E1 16"                            File: Line:0 Function: Type:Debug:
DateTime:2026-08-28 19:06:00.794:"m_baRecvMsg:"                            File: Line:0 Function: Type:Debug:
DateTime:2026-08-28 19:06:00.794:"rameList.size():"                            File: Line:0 Function: Type:Debug:
DateTime:2026-08-28 19:06:00.794:"进入报文解析"                            File: Line:0 Function: Type:Debug:
DateTime:2026-08-28 19:06:00.794:"68 32 00 32 00 68 80 00 00 00 00 00 00 60 00 00 01 00 E1 16"                            File: Line:0 Function: Type:Debug:
DateTime:2026-08-28 19:06:00.794:"解码完成，功能码: 1"                            File: Line:0 Function: Type:Debug:
DateTime:2026-08-28 19:06:00.794:"工装回复确认帧"                            File: Line:0 Function: Type:Debug:
DateTime:2026-08-28 19:06:06.838:"等待工装回复超时"                            File: Line:0 Function: Type:Debug:
DateTime:2026-08-28 19:06:06.838:"uTimeSecond_ms:5000"                            File: Line:0 Function: Type:Debug:
DateTime:2026-08-28 19:06:09.860:"等待工装回复超时"                            File: Line:0 Function: Type:Debug:
DateTime:2026-08-28 19:06:12.882:"等待工装回复超时"                            File: Line:0 Function: Type:Debug:
DateTime:2026-08-28 19:06:12.882:"uTimeSecond_ms:5000"                            File: Line:0 Function: Type:Debug:
DateTime:2026-08-28 19:06:15.904:"等待工装回复超时"                            File: Line:0 Function: Type:Debug:
DateTime:2026-08-28 19:06:18.926:"等待工装回复超时"                            File: Line:0 Function: Type:Debug:
DateTime:2026-08-28 19:06:18.926:"uTimeSecond_ms:5000"                            File: Line:0 Function: Type:Debug:
DateTime:2026-08-28 19:06:21.948:"等待工装回复超时"                            File: Line:0 Function: Type:Debug:
DateTime:2026-08-28 19:06:24.970:"等待工装回复超时"                            File: Line:0 Function: Type:Debug:
DateTime:2026-08-28 19:06:24.970:"uTimeSecond_ms:5000"                            File: Line:0 Function: Type:Debug:
DateTime:2026-08-28 19:06:27.991:"等待工装回复超时"                            File: Line:0 Function: Type:Debug:
DateTime:2026-08-28 19:06:31.013:"等待工装回复超时"                            File: Line:0 Function: Type:Debug:
DateTime:2026-08-28 19:06:31.013:"uTimeSecond_ms:5000"                            File: Line:0 Function: Type:Debug:
DateTime:2026-08-28 19:06:34.035:"等待工装回复超时"                            File: Line:0 Function: Type:Debug:
DateTime:2026-08-28 19:06:37.057:"等待工装回复超时"                            File: Line:0 Function: Type:Debug:
DateTime:2026-08-28 19:06:37.057:"uTimeSecond_ms:5000"                            File: Line:0 Function: Type:Debug:
DateTime:2026-08-28 19:06:40.079:"等待工装回复超时"                            File: Line:0 Function: Type:Debug:
DateTime:2026-08-28 19:06:43.101:"等待工装回复超时"                            File: Line:0 Function: Type:Debug:
DateTime:2026-08-28 19:06:43.101:"uTimeSecond_ms:5000"                            File: Line:0 Function: Type:Debug:
DateTime:2026-08-28 19:06:46.123:"等待工装回复超时"                            File: Line:0 Function: Type:Debug:
DateTime:2026-08-28 19:06:49.145:"等待工装回复超时"                            File: Line:0 Function: Type:Debug:
DateTime:2026-08-28 19:06:49.145:"uTimeSecond_ms:5000"                            File: Line:0 Function: Type:Debug:
DateTime:2026-08-28 19:06:52.167:"等待工装回复超时"                            File: Line:0 Function: Type:Debug:
DateTime:2026-08-28 19:06:55.189:"等待工装回复超时"                            File: Line:0 Function: Type:Debug:
DateTime:2026-08-28 19:06:55.189:"uTimeSecond_ms:5000"                            File: Line:0 Function: Type:Debug:
DateTime:2026-08-28 19:06:58.211:"等待工装回复超时"                            File: Line:0 Function: Type:Debug:
DateTime:2026-08-28 19:07:01.233:"等待工装回复超时"                            File: Line:0 Function: Type:Debug:
DateTime:2026-08-28 19:07:01.233:"uTimeSecond_ms:5000"                            File: Line:0 Function: Type:Debug:
DateTime:2026-08-28 19:07:04.255:"等待工装回复超时"                            File: Line:0 Function: Type:Debug:
DateTime:2026-08-28 19:07:07.276:"等待工装回复超时"                            File: Line:0 Function: Type:Debug:
DateTime:2026-08-28 19:07:07.276:"uTimeSecond_ms:5000"                            File: Line:0 Function: Type:Debug:
DateTime:2026-08-28 19:07:10.298:"等待工装回复超时"                            File: Line:0 Function: Type:Debug:
DateTime:2026-08-28 19:07:13.320:"等待工装回复超时"                            File: Line:0 Function: Type:Debug:
DateTime:2026-08-28 19:07:13.320:"uTimeSecond_ms:5000"                            File: Line:0 Function: Type:Debug:
DateTime:2026-08-28 19:07:16.342:"等待工装回复超时"                            File: Line:0 Function: Type:Debug:
DateTime:2026-08-28 19:07:19.364:"等待工装回复超时"                            File: Line:0 Function: Type:Debug:
DateTime:2026-08-28 19:07:19.364:"uTimeSecond_ms:5000"                            File: Line:0 Function: Type:Debug:
DateTime:2026-08-28 19:07:22.386:"等待工装回复超时"                            File: Line:0 Function: Type:Debug:
DateTime:2026-08-28 19:07:25.408:"等待工装回复超时"                            File: Line:0 Function: Type:Debug:
DateTime:2026-08-28 19:07:25.408:"uTimeSecond_ms:5000"                            File: Line:0 Function: Type:Debug:
DateTime:2026-08-28 19:07:28.430:"等待工装回复超时"                            File: Line:0 Function: Type:Debug:
DateTime:2026-08-28 19:07:31.452:"等待工装回复超时"                            File: Line:0 Function: Type:Debug:
DateTime:2026-08-28 19:07:31.452:"uTimeSecond_ms:5000"                            File: Line:0 Function: Type:Debug:
DateTime:2026-08-28 19:07:34.474:"等待工装回复超时"                            File: Line:0 Function: Type:Debug:
DateTime:2026-08-28 19:07:37.496:"等待工装回复超时"                            File: Line:0 Function: Type:Debug:
DateTime:2026-08-28 19:07:37.496:"uTimeSecond_ms:5000"                            File: Line:0 Function: Type:Debug:
DateTime:2026-08-28 19:07:40.518:"等待工装回复超时"                            File: Line:0 Function: Type:Debug:
DateTime:2026-08-28 19:07:43.539:"等待工装回复超时"                            File: Line:0 Function: Type:Debug:
DateTime:2026-08-28 19:07:43.539:"uTimeSecond_ms:5000"                            File: Line:0 Function: Type:Debug:
DateTime:2026-08-28 19:07:46.561:"等待工装回复超时"                            File: Line:0 Function: Type:Debug:
DateTime:2026-08-28 19:07:49.583:"等待工装回复超时"                            File: Line:0 Function: Type:Debug:
DateTime:2026-08-28 19:07:49.583:"uTimeSecond_ms:5000"                            File: Line:0 Function: Type:Debug:
DateTime:2026-08-28 19:07:52.605:"等待工装回复超时"                            File: Line:0 Function: Type:Debug:
DateTime:2026-08-28 19:07:55.627:"等待工装回复超时"                            File: Line:0 Function: Type:Debug:
DateTime:2026-08-28 19:07:55.627:"uTimeSecond_ms:5000"                            File: Line:0 Function: Type:Debug:
DateTime:2026-08-28 19:07:58.649:"等待工装回复超时"                            File: Line:0 Function: Type:Debug:
DateTime:2026-08-28 19:08:01.671:"等待工装回复超时"                            File: Line:0 Function: Type:Debug:
DateTime:2026-08-28 19:08:01.671:"uTimeSecond_ms:5000"                            File: Line:0 Function: Type:Debug:
DateTime:2026-08-28 19:08:04.693:"等待工装回复超时"                            File: Line:0 Function: Type:Debug:
DateTime:2026-08-28 19:08:07.715:"等待工装回复超时"                            File: Line:0 Function: Type:Debug:
DateTime:2026-08-28 19:08:07.715:"uTimeSecond_ms:5000"                            File: Line:0 Function: Type:Debug:
DateTime:2026-08-28 19:08:10.737:"等待工装回复超时"                            File: Line:0 Function: Type:Debug:
DateTime:2026-08-28 19:08:13.759:"等待工装回复超时"                            File: Line:0 Function: Type:Debug:
DateTime:2026-08-28 19:08:13.759:"uTimeSecond_ms:5000"                            File: Line:0 Function: Type:Debug:
DateTime:2026-08-28 19:08:16.781:"等待工装回复超时"                            File: Line:0 Function: Type:Debug:
DateTime:2026-08-28 19:08:19.803:"等待工装回复超时"                            File: Line:0 Function: Type:Debug:
DateTime:2026-08-28 19:08:19.803:"uTimeSecond_ms:5000"                            File: Line:0 Function: Type:Debug:
DateTime:2026-08-28 19:08:22.824:"等待工装回复超时"                            File: Line:0 Function: Type:Debug:
DateTime:2026-08-28 19:08:25.846:"等待工装回复超时"                            File: Line:0 Function: Type:Debug:
DateTime:2026-08-28 19:08:25.846:"uTimeSecond_ms:5000"                            File: Line:0 Function: Type:Debug:
DateTime:2026-08-28 19:08:28.868:"等待工装回复超时"                            File: Line:0 Function: Type:Debug:
DateTime:2026-08-28 19:08:31.891:"等待工装回复超时"                            File: Line:0 Function: Type:Debug:
DateTime:2026-08-28 19:08:31.891:"uTimeSecond_ms:5000"                            File: Line:0 Function: Type:Debug:
DateTime:2026-08-28 19:08:34.913:"等待工装回复超时"                            File: Line:0 Function: Type:Debug:
DateTime:2026-08-28 19:08:37.935:"等待工装回复超时"                            File: Line:0 Function: Type:Debug:
DateTime:2026-08-28 19:08:37.935:"uTimeSecond_ms:5000"                            File: Line:0 Function: Type:Debug:
DateTime:2026-08-28 19:08:40.957:"等待工装回复超时"                            File: Line:0 Function: Type:Debug:
DateTime:2026-08-28 19:08:43.979:"等待工装回复超时"                            File: Line:0 Function: Type:Debug:
DateTime:2026-08-28 19:08:43.979:"uTimeSecond_ms:5000"                            File: Line:0 Function: Type:Debug:
DateTime:2026-08-28 19:08:47.001:"等待工装回复超时"                            File: Line:0 Function: Type:Debug:
DateTime:2026-08-28 19:08:50.023:"等待工装回复超时"                            File: Line:0 Function: Type:Debug:
DateTime:2026-08-28 19:08:50.023:"uTimeSecond_ms:5000"                            File: Line:0 Function: Type:Debug:
DateTime:2026-08-28 19:08:53.045:"等待工装回复超时"                            File: Line:0 Function: Type:Debug:
DateTime:2026-08-28 19:08:56.067:"等待工装回复超时"                            File: Line:0 Function: Type:Debug:
DateTime:2026-08-28 19:08:56.067:"uTimeSecond_ms:5000"                            File: Line:0 Function: Type:Debug:
DateTime:2026-08-28 19:08:59.089:"等待工装回复超时"                            File: Line:0 Function: Type:Debug:
DateTime:2026-08-28 19:09:02.110:"等待工装回复超时"                            File: Line:0 Function: Type:Debug:
DateTime:2026-08-28 19:09:02.110:"uTimeSecond_ms:5000"                            File: Line:0 Function: Type:Debug:
DateTime:2026-08-28 19:09:05.132:"等待工装回复超时"                            File: Line:0 Function: Type:Debug:
DateTime:2026-08-28 19:09:08.154:"等待工装回复超时"                            File: Line:0 Function: Type:Debug:
DateTime:2026-08-28 19:09:08.154:"uTimeSecond_ms:5000"                            File: Line:0 Function: Type:Debug:
DateTime:2026-08-28 19:09:11.176:"等待工装回复超时"                            File: Line:0 Function: Type:Debug:
DateTime:2026-08-28 19:09:14.198:"等待工装回复超时"                            File: Line:0 Function: Type:Debug:
DateTime:2026-08-28 19:09:14.198:"uTimeSecond_ms:5000"                            File: Line:0 Function: Type:Debug:
DateTime:2026-08-28 19:09:17.220:"等待工装回复超时"                            File: Line:0 Function: Type:Debug:
DateTime:2026-08-28 19:09:20.242:"等待工装回复超时"                            File: Line:0 Function: Type:Debug:
DateTime:2026-08-28 19:09:20.242:"uTimeSecond_ms:5000"                            File: Line:0 Function: Type:Debug:
DateTime:2026-08-28 19:09:23.264:"等待工装回复超时"                            File: Line:0 Function: Type:Debug:
DateTime:2026-08-28 19:09:26.286:"等待工装回复超时"                            File: Line:0 Function: Type:Debug:
DateTime:2026-08-28 19:09:26.286:"uTimeSecond_ms:5000"                            File: Line:0 Function: Type:Debug:
DateTime:2026-08-28 19:09:29.308:"等待工装回复超时"                            File: Line:0 Function: Type:Debug:
DateTime:2026-08-28 19:09:32.330:"等待工装回复超时"                            File: Line:0 Function: Type:Debug:
DateTime:2026-08-28 19:09:32.330:"uTimeSecond_ms:5000"                            File: Line:0 Function: Type:Debug:
DateTime:2026-08-28 19:09:35.352:"等待工装回复超时"                            File: Line:0 Function: Type:Debug:
DateTime:2026-08-28 19:09:38.373:"等待工装回复超时"                            File: Line:0 Function: Type:Debug:
DateTime:2026-08-28 19:09:38.373:"uTimeSecond_ms:5000"                            File: Line:0 Function: Type:Debug:
DateTime:2026-08-28 19:09:41.395:"等待工装回复超时"                            File: Line:0 Function: Type:Debug:
DateTime:2026-08-28 19:09:44.417:"等待工装回复超时"                            File: Line:0 Function: Type:Debug:
DateTime:2026-08-28 19:09:44.417:"uTimeSecond_ms:5000"                            File: Line:0 Function: Type:Debug:
DateTime:2026-08-28 19:09:47.439:"等待工装回复超时"                            File: Line:0 Function: Type:Debug:
DateTime:2026-08-28 19:09:50.461:"等待工装回复超时"                            File: Line:0 Function: Type:Debug:
DateTime:2026-08-28 19:09:50.461:"uTimeSecond_ms:5000"                            File: Line:0 Function: Type:Debug:
DateTime:2026-08-28 19:09:53.483:"等待工装回复超时"                            File: Line:0 Function: Type:Debug:
DateTime:2026-08-28 19:09:56.505:"等待工装回复超时"                            File: Line:0 Function: Type:Debug:
DateTime:2026-08-28 19:09:56.505:"uTimeSecond_ms:5000"                            File: Line:0 Function: Type:Debug:
DateTime:2026-08-28 19:09:59.527:"等待工装回复超时"                            File: Line:0 Function: Type:Debug:
DateTime:2026-08-28 19:10:02.549:"等待工装回复超时"                            File: Line:0 Function: Type:Debug:
DateTime:2026-08-28 19:10:02.549:"uTimeSecond_ms:5000"                            File: Line:0 Function: Type:Debug:
DateTime:2026-08-28 19:10:05.571:"等待工装回复超时"                            File: Line:0 Function: Type:Debug:
DateTime:2026-08-28 19:10:08.593:"等待工装回复超时"                            File: Line:0 Function: Type:Debug:
DateTime:2026-08-28 19:10:08.593:"uTimeSecond_ms:5000"                            File: Line:0 Function: Type:Debug:
DateTime:2026-08-28 19:10:11.615:"等待工装回复超时"                            File: Line:0 Function: Type:Debug:
DateTime:2026-08-28 19:10:14.637:"等待工装回复超时"                            File: Line:0 Function: Type:Debug:
DateTime:2026-08-28 19:10:14.637:"uTimeSecond_ms:5000"                            File: Line:0 Function: Type:Debug:
DateTime:2026-08-28 19:10:17.658:"等待工装回复超时"                            File: Line:0 Function: Type:Debug:
DateTime:2026-08-28 19:10:20.680:"等待工装回复超时"                            File: Line:0 Function: Type:Debug:
DateTime:2026-08-28 19:10:20.680:"uTimeSecond_ms:5000"                            File: Line:0 Function: Type:Debug:
DateTime:2026-08-28 19:10:23.702:"等待工装回复超时"                            File: Line:0 Function: Type:Debug:
DateTime:2026-08-28 19:10:25.876:"工装接收：68 7A 00 7A 00 68 80 00 00 00 00 00 22 60 00 00 01 00 02 0F 00 68 0F 00 C3 00 00 00 00 00 1F 14 02 00 F8 16 91 16"                            File: Line:0 Function: Type:Debug:
DateTime:2026-08-28 19:10:25.876:"m_baRecvMsg:"                            File: Line:0 Function: Type:Debug:
DateTime:2026-08-28 19:10:25.877:"rameList.size():"                            File: Line:0 Function: Type:Debug:
DateTime:2026-08-28 19:10:25.877:"进入报文解析"                            File: Line:0 Function: Type:Debug:
DateTime:2026-08-28 19:10:25.877:"68 7A 00 7A 00 68 80 00 00 00 00 00 22 60 00 00 01 00 02 0F 00 68 0F 00 C3 00 00 00 00 00 1F 14 02 00 F8 16 91 16"                            File: Line:0 Function: Type:Debug:
DateTime:2026-08-28 19:10:25.877:"解码完成，功能码: 4"                            File: Line:0 Function: Type:Debug:
DateTime:2026-08-28 19:10:25.877:"工装回复透传报文"                            File: Line:0 Function: Type:Debug:
DateTime:2026-08-28 19:10:25.877:"020F00680F00C300000000001F140200F816"                            File: Line:0 Function: Type:Debug:
DateTime:2026-08-28 19:10:25.877:"内容:68 0f 00 c3 00 00 00 00 00 1f 14 02 00 f8 16"                            File: Line:0 Function: Type:Debug:
DateTime:2026-08-28 19:10:26.784:"等待工装回复超时"                            File: Line:0 Function: Type:Debug:
DateTime:2026-08-28 19:10:26.784:"uTimeSecond_ms:5000"                            File: Line:0 Function: Type:Debug:
DateTime:2026-08-28 19:10:26.784:"查找结果: iret=0, wStart=0, dwOutLen=15, dwStreamLen=15, dwFindPos=0"                            File: Line:0 Function: Type:Debug:
DateTime:2026-08-28 19:10:26.784:"Receive:<= 68 0F 00 C3 00 00 00 00 00 1F 14 02 00 F8 16"                            File: Line:0 Function: Type:Debug:
DateTime:2026-08-28 19:10:26.784:"解析：功能码-AFN=14H,Fn=2："                            File: Line:0 Function: Type:Debug:
DateTime:2026-08-28 19:10:26.784:"Send(回复路由请求集中器时钟)：=> 68 15 00 03 00 00 00 00 00 1F 14 02 00 26 10 19 28 08 26 DD 16"                            File: Line:0 Function: Type:Debug:
DateTime:2026-08-28 19:10:26.784:"槽位2透传:68960096006840000000000022600000010002013C006815000300000000001F140200261019280826DD164F16"                            File: Line:0 Function: Type:Debug:
DateTime:2026-08-28 19:10:26.784:"工装发送：68 96 00 96 00 68 40 00 00 00 00 00 22 60 00 00 01 00 02 01 3C 00 68 15 00 03 00 00 00 00 00 1F 14 02 00 26 10 19 28 08 26 DD 16 4F 16"                            File: Line:0 Function: Type:Debug:
DateTime:2026-08-28 19:10:26.809:"工装接收：68 32 00 32 00 68 80 00 00 00 00 00 00 60 00 00 01 00 E1 16"                            File: Line:0 Function: Type:Debug:
DateTime:2026-08-28 19:10:26.809:"m_baRecvMsg:"                            File: Line:0 Function: Type:Debug:
DateTime:2026-08-28 19:10:26.809:"rameList.size():"                            File: Line:0 Function: Type:Debug:
DateTime:2026-08-28 19:10:26.809:"进入报文解析"                            File: Line:0 Function: Type:Debug:
DateTime:2026-08-28 19:10:26.809:"68 32 00 32 00 68 80 00 00 00 00 00 00 60 00 00 01 00 E1 16"                            File: Line:0 Function: Type:Debug:
DateTime:2026-08-28 19:10:26.809:"解码完成，功能码: 1"                            File: Line:0 Function: Type:Debug:
DateTime:2026-08-28 19:10:26.809:"工装回复确认帧"                            File: Line:0 Function: Type:Debug:
DateTime:2026-08-28 19:10:32.853:"等待工装回复超时"                            File: Line:0 Function: Type:Debug:
DateTime:2026-08-28 19:10:32.853:"uTimeSecond_ms:5000"                            File: Line:0 Function: Type:Debug:
DateTime:2026-08-28 19:10:35.875:"等待工装回复超时"                            File: Line:0 Function: Type:Debug:
DateTime:2026-08-28 19:10:38.897:"等待工装回复超时"                            File: Line:0 Function: Type:Debug:
DateTime:2026-08-28 19:10:38.897:"uTimeSecond_ms:5000"                            File: Line:0 Function: Type:Debug:
DateTime:2026-08-28 19:10:41.919:"等待工装回复超时"                            File: Line:0 Function: Type:Debug:
DateTime:2026-08-28 19:10:44.940:"等待工装回复超时"                            File: Line:0 Function: Type:Debug:
DateTime:2026-08-28 19:10:44.940:"uTimeSecond_ms:5000"                            File: Line:0 Function: Type:Debug:
DateTime:2026-08-28 19:10:47.962:"等待工装回复超时"                            File: Line:0 Function: Type:Debug:
DateTime:2026-08-28 19:10:50.984:"等待工装回复超时"                            File: Line:0 Function: Type:Debug:
DateTime:2026-08-28 19:10:50.984:"uTimeSecond_ms:5000"                            File: Line:0 Function: Type:Debug:
DateTime:2026-08-28 19:10:54.006:"等待工装回复超时"                            File: Line:0 Function: Type:Debug:
DateTime:2026-08-28 19:10:57.028:"等待工装回复超时"                            File: Line:0 Function: Type:Debug:
DateTime:2026-08-28 19:10:57.028:"uTimeSecond_ms:5000"                            File: Line:0 Function: Type:Debug:
DateTime:2026-08-28 19:11:00.050:"等待工装回复超时"                            File: Line:0 Function: Type:Debug:
DateTime:2026-08-28 19:11:03.072:"等待工装回复超时"                            File: Line:0 Function: Type:Debug:
DateTime:2026-08-28 19:11:03.072:"uTimeSecond_ms:5000"                            File: Line:0 Function: Type:Debug:
DateTime:2026-08-28 19:11:06.094:"等待工装回复超时"                            File: Line:0 Function: Type:Debug:
DateTime:2026-08-28 19:11:09.116:"等待工装回复超时"                            File: Line:0 Function: Type:Debug:
DateTime:2026-08-28 19:11:09.116:"uTimeSecond_ms:5000"                            File: Line:0 Function: Type:Debug:
DateTime:2026-08-28 19:11:12.138:"等待工装回复超时"                            File: Line:0 Function: Type:Debug:
DateTime:2026-08-28 19:11:15.160:"等待工装回复超时"                            File: Line:0 Function: Type:Debug:
DateTime:2026-08-28 19:11:15.160:"uTimeSecond_ms:5000"                            File: Line:0 Function: Type:Debug:
DateTime:2026-08-28 19:11:18.182:"等待工装回复超时"                            File: Line:0 Function: Type:Debug:
DateTime:2026-08-28 19:11:21.204:"等待工装回复超时"                            File: Line:0 Function: Type:Debug:
DateTime:2026-08-28 19:11:21.204:"uTimeSecond_ms:5000"                            File: Line:0 Function: Type:Debug:
DateTime:2026-08-28 19:11:24.225:"等待工装回复超时"                            File: Line:0 Function: Type:Debug:
DateTime:2026-08-28 19:11:27.247:"等待工装回复超时"                            File: Line:0 Function: Type:Debug:
DateTime:2026-08-28 19:11:27.247:"uTimeSecond_ms:5000"                            File: Line:0 Function: Type:Debug:
DateTime:2026-08-28 19:11:30.269:"等待工装回复超时"                            File: Line:0 Function: Type:Debug:
DateTime:2026-08-28 19:11:33.291:"等待工装回复超时"                            File: Line:0 Function: Type:Debug:
DateTime:2026-08-28 19:11:33.291:"uTimeSecond_ms:5000"                            File: Line:0 Function: Type:Debug:
DateTime:2026-08-28 19:11:36.313:"等待工装回复超时"                            File: Line:0 Function: Type:Debug:
DateTime:2026-08-28 19:11:39.335:"等待工装回复超时"                            File: Line:0 Function: Type:Debug:
DateTime:2026-08-28 19:11:39.335:"uTimeSecond_ms:5000"                            File: Line:0 Function: Type:Debug:
DateTime:2026-08-28 19:11:42.357:"等待工装回复超时"                            File: Line:0 Function: Type:Debug:
DateTime:2026-08-28 19:11:45.379:"等待工装回复超时"                            File: Line:0 Function: Type:Debug:
DateTime:2026-08-28 19:11:45.379:"uTimeSecond_ms:5000"                            File: Line:0 Function: Type:Debug:
DateTime:2026-08-28 19:11:48.401:"等待工装回复超时"                            File: Line:0 Function: Type:Debug:
DateTime:2026-08-28 19:11:51.423:"等待工装回复超时"                            File: Line:0 Function: Type:Debug:
DateTime:2026-08-28 19:11:51.423:"uTimeSecond_ms:5000"                            File: Line:0 Function: Type:Debug:
DateTime:2026-08-28 19:11:54.445:"等待工装回复超时"                            File: Line:0 Function: Type:Debug:
DateTime:2026-08-28 19:11:57.467:"等待工装回复超时"                            File: Line:0 Function: Type:Debug:
DateTime:2026-08-28 19:11:57.467:"uTimeSecond_ms:5000"                            File: Line:0 Function: Type:Debug:
DateTime:2026-08-28 19:12:00.489:"等待工装回复超时"                            File: Line:0 Function: Type:Debug:
DateTime:2026-08-28 19:12:03.510:"等待工装回复超时"                            File: Line:0 Function: Type:Debug:
DateTime:2026-08-28 19:12:03.510:"uTimeSecond_ms:5000"                            File: Line:0 Function: Type:Debug:
DateTime:2026-08-28 19:12:06.532:"等待工装回复超时"                            File: Line:0 Function: Type:Debug:
DateTime:2026-08-28 19:12:09.554:"等待工装回复超时"                            File: Line:0 Function: Type:Debug:
DateTime:2026-08-28 19:12:09.554:"uTimeSecond_ms:5000"                            File: Line:0 Function: Type:Debug:
DateTime:2026-08-28 19:12:12.576:"等待工装回复超时"                            File: Line:0 Function: Type:Debug:
DateTime:2026-08-28 19:12:15.598:"等待工装回复超时"                            File: Line:0 Function: Type:Debug:
DateTime:2026-08-28 19:12:15.598:"uTimeSecond_ms:5000"                            File: Line:0 Function: Type:Debug:
DateTime:2026-08-28 19:12:18.620:"等待工装回复超时"                            File: Line:0 Function: Type:Debug:
DateTime:2026-08-28 19:12:21.642:"等待工装回复超时"                            File: Line:0 Function: Type:Debug:
DateTime:2026-08-28 19:12:21.642:"uTimeSecond_ms:5000"                            File: Line:0 Function: Type:Debug:
DateTime:2026-08-28 19:12:24.664:"等待工装回复超时"                            File: Line:0 Function: Type:Debug:
DateTime:2026-08-28 19:12:27.686:"等待工装回复超时"                            File: Line:0 Function: Type:Debug:
DateTime:2026-08-28 19:12:27.686:"uTimeSecond_ms:5000"                            File: Line:0 Function: Type:Debug:
DateTime:2026-08-28 19:12:30.708:"等待工装回复超时"                            File: Line:0 Function: Type:Debug:
DateTime:2026-08-28 19:12:33.730:"等待工装回复超时"                            File: Line:0 Function: Type:Debug:
DateTime:2026-08-28 19:12:33.730:"uTimeSecond_ms:5000"                            File: Line:0 Function: Type:Debug:
DateTime:2026-08-28 19:12:36.752:"等待工装回复超时"                            File: Line:0 Function: Type:Debug:
DateTime:2026-08-28 19:12:39.773:"等待工装回复超时"                            File: Line:0 Function: Type:Debug:
DateTime:2026-08-28 19:12:39.773:"uTimeSecond_ms:5000"                            File: Line:0 Function: Type:Debug:
DateTime:2026-08-28 19:12:42.795:"等待工装回复超时"                            File: Line:0 Function: Type:Debug:
DateTime:2026-08-28 19:12:45.817:"等待工装回复超时"                            File: Line:0 Function: Type:Debug:
DateTime:2026-08-28 19:12:45.817:"uTimeSecond_ms:5000"                            File: Line:0 Function: Type:Debug:
DateTime:2026-08-28 19:12:48.839:"等待工装回复超时"                            File: Line:0 Function: Type:Debug:
DateTime:2026-08-28 19:12:51.861:"等待工装回复超时"                            File: Line:0 Function: Type:Debug:
DateTime:2026-08-28 19:12:51.861:"uTimeSecond_ms:5000"                            File: Line:0 Function: Type:Debug:
DateTime:2026-08-28 19:12:54.883:"等待工装回复超时"                            File: Line:0 Function: Type:Debug:
DateTime:2026-08-28 19:12:57.905:"等待工装回复超时"                            File: Line:0 Function: Type:Debug:
DateTime:2026-08-28 19:12:57.905:"uTimeSecond_ms:5000"                            File: Line:0 Function: Type:Debug:
DateTime:2026-08-28 19:13:00.927:"等待工装回复超时"                            File: Line:0 Function: Type:Debug:
DateTime:2026-08-28 19:13:03.949:"等待工装回复超时"                            File: Line:0 Function: Type:Debug:
DateTime:2026-08-28 19:13:03.949:"uTimeSecond_ms:5000"                            File: Line:0 Function: Type:Debug:
DateTime:2026-08-28 19:13:06.971:"等待工装回复超时"                            File: Line:0 Function: Type:Debug:
DateTime:2026-08-28 19:13:09.993:"等待工装回复超时"                            File: Line:0 Function: Type:Debug:
DateTime:2026-08-28 19:13:09.993:"uTimeSecond_ms:5000"                            File: Line:0 Function: Type:Debug:
DateTime:2026-08-28 19:13:13.015:"等待工装回复超时"                            File: Line:0 Function: Type:Debug:
DateTime:2026-08-28 19:13:16.037:"等待工装回复超时"                            File: Line:0 Function: Type:Debug:
DateTime:2026-08-28 19:13:16.037:"入网事件测试时间到,上报成功率:0%"                            File: Line:0 Function: Type:Debug:
DateTime:2026-08-28 19:13:16.037:dll输出信息: ""                            File: Line:0 Function: Type:Debug:
DateTime:2026-08-28 19:13:16.037:接口函数调用成功，返回的结果为 0                            File: Line:0 Function: Type:Debug:
DateTime:2026-08-28 19:13:16.037:"外部传入的para：1，返回的result：0,返回的pValRet：1"                            File: Line:0 Function: Type:Debug:
DateTime:2026-08-28 19:13:16.037:"执行接口函数CCO_Func_ON_Boarding_Event完成"                            File: Line:0 Function: Type:Debug:
DateTime:2026-08-28 19:13:16.038:coorIndex 0                            File: Line:0 Function: Type:Debug:
DateTime:2026-08-28 19:13:16.038:当前流程结束                            File: Line:0 Function: Type:Debug:
DateTime:2026-08-28 19:13:16.038:退出connect函数                            File: Line:0 Function: Type:Debug:
DateTime:2026-08-28 19:13:16.038:"=========【Step15-等待STA入网上报】结束=========="                            File: Line:0 Function: Type:Debug:
DateTime:2026-08-28 19:13:16.038:"-----------------------------"                            File: Line:0 Function: Type:Debug:
DateTime:2026-08-28 19:13:16.055:"=============执行【Step16-STA断电等待离网】==================="                            File: Line:0 Function: Type:Debug:
DateTime:2026-08-28 19:13:16.055:"执行接口函数SimuCorn_power_off"                            File: Line:0 Function: Type:Debug:
DateTime:2026-08-28 19:13:16.055:callWorkFunction: SimuCorn_power_off                            File: Line:0 Function: Type:Debug:
DateTime:2026-08-28 19:13:16.055:找到对应函数，进入执行                            File: Line:0 Function: Type:Debug:
DateTime:2026-08-28 19:13:16.055:"工装发送：68 3E 00 3E 00 68 40 00 00 00 00 00 21 60 00 00 02 00 03 02 00 C8 16"                            File: Line:0 Function: Type:Debug:
DateTime:2026-08-28 19:13:16.056:"工装接收：68 32 00 32 00 68 80 00 00 00 00 00 00 60 00 00 01 00 E1 16"                            File: Line:0 Function: Type:Debug:
DateTime:2026-08-28 19:13:16.056:"m_baRecvMsg:"                            File: Line:0 Function: Type:Debug:
DateTime:2026-08-28 19:13:16.056:"frameList.size():1"                            File: Line:0 Function: Type:Debug:
DateTime:2026-08-28 19:13:16.056:"进入报文解析"                            File: Line:0 Function: Type:Debug:
DateTime:2026-08-28 19:13:16.056:"68 32 00 32 00 68 80 00 00 00 00 00 00 60 00 00 01 00 E1 16"                            File: Line:0 Function: Type:Debug:
DateTime:2026-08-28 19:13:16.056:"解码完成，功能码: 1"                            File: Line:0 Function: Type:Debug:
DateTime:2026-08-28 19:13:16.056:"工装回复确认帧"                            File: Line:0 Function: Type:Debug:
DateTime:2026-08-28 19:13:16.056:"工装发送：68 3E 00 3E 00 68 40 00 00 00 00 00 21 60 00 00 02 00 04 02 00 C9 16"                            File: Line:0 Function: Type:Debug:
DateTime:2026-08-28 19:13:16.056:"工装接收：68 32 00 32 00 68 80 00 00 00 00 00 00 60 00 00 01 00 E1 16"                            File: Line:0 Function: Type:Debug:
DateTime:2026-08-28 19:13:16.056:"m_baRecvMsg:"                            File: Line:0 Function: Type:Debug:
DateTime:2026-08-28 19:13:16.056:"frameList.size():1"                            File: Line:0 Function: Type:Debug:
DateTime:2026-08-28 19:13:16.056:"进入报文解析"                            File: Line:0 Function: Type:Debug:
DateTime:2026-08-28 19:13:16.056:"68 32 00 32 00 68 80 00 00 00 00 00 00 60 00 00 01 00 E1 16"                            File: Line:0 Function: Type:Debug:
DateTime:2026-08-28 19:13:16.056:"解码完成，功能码: 1"                            File: Line:0 Function: Type:Debug:
DateTime:2026-08-28 19:13:16.056:"工装回复确认帧"                            File: Line:0 Function: Type:Debug:
DateTime:2026-08-28 19:13:16.056:"工装发送：68 3E 00 3E 00 68 40 00 00 00 00 00 21 60 00 00 02 00 05 02 00 CA 16"                            File: Line:0 Function: Type:Debug:
DateTime:2026-08-28 19:13:16.056:"工装接收：68 32 00 32 00 68 80 00 00 00 00 00 00 60 00 00 01 00 E1 16"                            File: Line:0 Function: Type:Debug:
DateTime:2026-08-28 19:13:16.056:"m_baRecvMsg:"                            File: Line:0 Function: Type:Debug:
DateTime:2026-08-28 19:13:16.056:"frameList.size():1"                            File: Line:0 Function: Type:Debug:
DateTime:2026-08-28 19:13:16.057:"进入报文解析"                            File: Line:0 Function: Type:Debug:
DateTime:2026-08-28 19:13:16.057:"68 32 00 32 00 68 80 00 00 00 00 00 00 60 00 00 01 00 E1 16"                            File: Line:0 Function: Type:Debug:
DateTime:2026-08-28 19:13:16.057:"解码完成，功能码: 1"                            File: Line:0 Function: Type:Debug:
DateTime:2026-08-28 19:13:16.057:"工装回复确认帧"                            File: Line:0 Function: Type:Debug:
DateTime:2026-08-28 19:13:16.057:"工装发送：68 3E 00 3E 00 68 40 00 00 00 00 00 21 60 00 00 02 00 06 02 00 CB 16"                            File: Line:0 Function: Type:Debug:
DateTime:2026-08-28 19:13:16.057:"工装接收：68 32 00 32 00 68 80 00 00 00 00 00 00 60 00 00 01 00 E1 16"                            File: Line:0 Function: Type:Debug:
DateTime:2026-08-28 19:13:16.057:"m_baRecvMsg:"                            File: Line:0 Function: Type:Debug:
DateTime:2026-08-28 19:13:16.057:"frameList.size():1"                            File: Line:0 Function: Type:Debug:
DateTime:2026-08-28 19:13:16.057:"进入报文解析"                            File: Line:0 Function: Type:Debug:
DateTime:2026-08-28 19:13:16.057:"68 32 00 32 00 68 80 00 00 00 00 00 00 60 00 00 01 00 E1 16"                            File: Line:0 Function: Type:Debug:
DateTime:2026-08-28 19:13:16.057:"解码完成，功能码: 1"                            File: Line:0 Function: Type:Debug:
DateTime:2026-08-28 19:13:16.057:"工装回复确认帧"                            File: Line:0 Function: Type:Debug:
DateTime:2026-08-28 19:13:16.057:"工装发送：68 3E 00 3E 00 68 40 00 00 00 00 00 21 60 00 00 02 00 07 02 00 CC 16"                            File: Line:0 Function: Type:Debug:
DateTime:2026-08-28 19:13:16.057:"工装接收：68 32 00 32 00 68 80 00 00 00 00 00 00 60 00 00 01 00 E1 16"                            File: Line:0 Function: Type:Debug:
DateTime:2026-08-28 19:13:16.057:"m_baRecvMsg:"                            File: Line:0 Function: Type:Debug:
DateTime:2026-08-28 19:13:16.057:"frameList.size():1"                            File: Line:0 Function: Type:Debug:
DateTime:2026-08-28 19:13:16.057:"进入报文解析"                            File: Line:0 Function: Type:Debug:
DateTime:2026-08-28 19:13:16.057:"68 32 00 32 00 68 80 00 00 00 00 00 00 60 00 00 01 00 E1 16"                            File: Line:0 Function: Type:Debug:
DateTime:2026-08-28 19:13:16.057:"解码完成，功能码: 1"                            File: Line:0 Function: Type:Debug:
DateTime:2026-08-28 19:13:16.057:"工装回复确认帧"                            File: Line:0 Function: Type:Debug:
DateTime:2026-08-28 19:13:16.057:"工装发送：68 3E 00 3E 00 68 40 00 00 00 00 00 21 60 00 00 02 00 08 02 00 CD 16"                            File: Line:0 Function: Type:Debug:
DateTime:2026-08-28 19:13:16.058:"工装接收：68 32 00 32 00 68 80 00 00 00 00 00 00 60 00 00 01 00 E1 16"                            File: Line:0 Function: Type:Debug:
DateTime:2026-08-28 19:13:16.058:"m_baRecvMsg:"                            File: Line:0 Function: Type:Debug:
DateTime:2026-08-28 19:13:16.058:"frameList.size():1"                            File: Line:0 Function: Type:Debug:
DateTime:2026-08-28 19:13:16.058:"进入报文解析"                            File: Line:0 Function: Type:Debug:
DateTime:2026-08-28 19:13:16.058:"68 32 00 32 00 68 80 00 00 00 00 00 00 60 00 00 01 00 E1 16"                            File: Line:0 Function: Type:Debug:
DateTime:2026-08-28 19:13:16.058:"解码完成，功能码: 1"                            File: Line:0 Function: Type:Debug:
DateTime:2026-08-28 19:13:16.058:"工装回复确认帧"                            File: Line:0 Function: Type:Debug:
DateTime:2026-08-28 19:13:16.058:"所有槽位下电成功"                            File: Line:0 Function: Type:Debug:
DateTime:2026-08-28 19:13:16.159:dll输出信息: ""                            File: Line:0 Function: Type:Debug:
DateTime:2026-08-28 19:13:16.159:接口函数调用成功，返回的结果为 0                            File: Line:0 Function: Type:Debug:
DateTime:2026-08-28 19:13:16.159:"外部传入的para：0，返回的result：0,返回的pValRet：0"                            File: Line:0 Function: Type:Debug:
DateTime:2026-08-28 19:13:16.159:"执行接口函数SimuCorn_power_off完成"                            File: Line:0 Function: Type:Debug:
DateTime:2026-08-28 19:13:16.160:coorIndex 0                            File: Line:0 Function: Type:Debug:
DateTime:2026-08-28 19:13:16.160:当前流程结束                            File: Line:0 Function: Type:Debug:
DateTime:2026-08-28 19:13:16.160:退出connect函数                            File: Line:0 Function: Type:Debug:
DateTime:2026-08-28 19:13:16.160:"=========【Step16-STA断电等待离网】结束=========="                            File: Line:0 Function: Type:Debug:
DateTime:2026-08-28 19:13:16.160:"-----------------------------"                            File: Line:0 Function: Type:Debug:
DateTime:2026-08-28 19:13:16.161:"=============执行【Step17-等待STA离网上报】==================="                            File: Line:0 Function: Type:Debug:
DateTime:2026-08-28 19:13:16.161:"执行接口函数CCO_Func_OFF_Boarding_Event"                            File: Line:0 Function: Type:Debug:
DateTime:2026-08-28 19:13:16.161:callWorkFunction: CCO_Func_OFF_Boarding_Event                            File: Line:0 Function: Type:Debug:
DateTime:2026-08-28 19:13:16.162:找到对应函数，进入执行                            File: Line:0 Function: Type:Debug:
DateTime:2026-08-28 19:13:16.162:"uTimeSecond_ms:5000"                            File: Line:0 Function: Type:Debug:
DateTime:2026-08-28 19:13:18.315:"RocketMq上报工况(设备输出信息):{\"devSeatNo\":\"1\",\"machNo\":\"\",\"occurTime\":\"2026-08-28 19:13:18\",\"plantNo\":\"YL-101601\",\"realTimeValues\":[{\"outParaName\":\"volage\",\"outParaValue\":\"220V\"}],\"remarks\":\"null\"}"                            File: Line:0 Function: Type:Debug:
DateTime:2026-08-28 19:13:18.315:QAbstractSocket::waitForDisconnected() is not allowed in UnconnectedState                            File: Line:0 Function: Type:Warning:
DateTime:2026-08-28 19:13:19.184:"等待工装回复超时"                            File: Line:0 Function: Type:Debug:
DateTime:2026-08-28 19:13:22.206:"等待工装回复超时"                            File: Line:0 Function: Type:Debug:
DateTime:2026-08-28 19:13:22.206:"uTimeSecond_ms:5000"                            File: Line:0 Function: Type:Debug:
DateTime:2026-08-28 19:13:25.228:"等待工装回复超时"                            File: Line:0 Function: Type:Debug:
DateTime:2026-08-28 19:13:28.250:"等待工装回复超时"                            File: Line:0 Function: Type:Debug:
DateTime:2026-08-28 19:13:28.250:"uTimeSecond_ms:5000"                            File: Line:0 Function: Type:Debug:
DateTime:2026-08-28 19:13:31.272:"等待工装回复超时"                            File: Line:0 Function: Type:Debug:
DateTime:2026-08-28 19:13:34.294:"等待工装回复超时"                            File: Line:0 Function: Type:Debug:
DateTime:2026-08-28 19:13:34.294:"uTimeSecond_ms:5000"                            File: Line:0 Function: Type:Debug:
DateTime:2026-08-28 19:13:37.316:"等待工装回复超时"                            File: Line:0 Function: Type:Debug:
DateTime:2026-08-28 19:13:40.338:"等待工装回复超时"                            File: Line:0 Function: Type:Debug:
DateTime:2026-08-28 19:13:40.338:"uTimeSecond_ms:5000"                            File: Line:0 Function: Type:Debug:
DateTime:2026-08-28 19:13:43.359:"等待工装回复超时"                            File: Line:0 Function: Type:Debug:
DateTime:2026-08-28 19:13:46.381:"等待工装回复超时"                            File: Line:0 Function: Type:Debug:
DateTime:2026-08-28 19:13:46.381:"uTimeSecond_ms:5000"                            File: Line:0 Function: Type:Debug:
DateTime:2026-08-28 19:13:49.403:"等待工装回复超时"                            File: Line:0 Function: Type:Debug:
DateTime:2026-08-28 19:13:52.425:"等待工装回复超时"                            File: Line:0 Function: Type:Debug:
DateTime:2026-08-28 19:13:52.425:"uTimeSecond_ms:5000"                            File: Line:0 Function: Type:Debug:
DateTime:2026-08-28 19:13:55.447:"等待工装回复超时"                            File: Line:0 Function: Type:Debug:
DateTime:2026-08-28 19:13:58.469:"等待工装回复超时"                            File: Line:0 Function: Type:Debug:
DateTime:2026-08-28 19:13:58.469:"uTimeSecond_ms:5000"                            File: Line:0 Function: Type:Debug:
DateTime:2026-08-28 19:14:01.491:"等待工装回复超时"                            File: Line:0 Function: Type:Debug:
DateTime:2026-08-28 19:14:04.513:"等待工装回复超时"                            File: Line:0 Function: Type:Debug:
DateTime:2026-08-28 19:14:04.513:"uTimeSecond_ms:5000"                            File: Line:0 Function: Type:Debug:
DateTime:2026-08-28 19:14:07.535:"等待工装回复超时"                            File: Line:0 Function: Type:Debug:
DateTime:2026-08-28 19:14:10.557:"等待工装回复超时"                            File: Line:0 Function: Type:Debug:
DateTime:2026-08-28 19:14:10.557:"uTimeSecond_ms:5000"                            File: Line:0 Function: Type:Debug:
DateTime:2026-08-28 19:14:13.579:"等待工装回复超时"                            File: Line:0 Function: Type:Debug:
DateTime:2026-08-28 19:14:16.601:"等待工装回复超时"                            File: Line:0 Function: Type:Debug:
DateTime:2026-08-28 19:14:16.601:"uTimeSecond_ms:5000"                            File: Line:0 Function: Type:Debug:
DateTime:2026-08-28 19:14:19.623:"等待工装回复超时"                            File: Line:0 Function: Type:Debug:
DateTime:2026-08-28 19:14:22.644:"等待工装回复超时"                            File: Line:0 Function: Type:Debug:
DateTime:2026-08-28 19:14:22.644:"uTimeSecond_ms:5000"                            File: Line:0 Function: Type:Debug:
DateTime:2026-08-28 19:14:25.666:"等待工装回复超时"                            File: Line:0 Function: Type:Debug:
DateTime:2026-08-28 19:14:28.688:"等待工装回复超时"                            File: Line:0 Function: Type:Debug:
DateTime:2026-08-28 19:14:28.688:"uTimeSecond_ms:5000"                            File: Line:0 Function: Type:Debug:
DateTime:2026-08-28 19:14:31.710:"等待工装回复超时"                            File: Line:0 Function: Type:Debug:
DateTime:2026-08-28 19:14:34.732:"等待工装回复超时"                            File: Line:0 Function: Type:Debug:
DateTime:2026-08-28 19:14:34.732:"uTimeSecond_ms:5000"                            File: Line:0 Function: Type:Debug:
DateTime:2026-08-28 19:14:37.754:"等待工装回复超时"                            File: Line:0 Function: Type:Debug:
DateTime:2026-08-28 19:14:40.776:"等待工装回复超时"                            File: Line:0 Function: Type:Debug:
DateTime:2026-08-28 19:14:40.776:"uTimeSecond_ms:5000"                            File: Line:0 Function: Type:Debug:
DateTime:2026-08-28 19:14:43.798:"等待工装回复超时"                            File: Line:0 Function: Type:Debug:
DateTime:2026-08-28 19:14:46.820:"等待工装回复超时"                            File: Line:0 Function: Type:Debug:
DateTime:2026-08-28 19:14:46.820:"uTimeSecond_ms:5000"                            File: Line:0 Function: Type:Debug:
DateTime:2026-08-28 19:14:49.842:"等待工装回复超时"                            File: Line:0 Function: Type:Debug:
DateTime:2026-08-28 19:14:52.864:"等待工装回复超时"                            File: Line:0 Function: Type:Debug:
DateTime:2026-08-28 19:14:52.864:"uTimeSecond_ms:5000"                            File: Line:0 Function: Type:Debug:
DateTime:2026-08-28 19:14:55.886:"等待工装回复超时"                            File: Line:0 Function: Type:Debug:
DateTime:2026-08-28 19:14:58.907:"等待工装回复超时"                            File: Line:0 Function: Type:Debug:
DateTime:2026-08-28 19:14:58.907:"uTimeSecond_ms:5000"                            File: Line:0 Function: Type:Debug:
DateTime:2026-08-28 19:15:01.929:"等待工装回复超时"                            File: Line:0 Function: Type:Debug:
DateTime:2026-08-28 19:15:04.951:"等待工装回复超时"                            File: Line:0 Function: Type:Debug:
DateTime:2026-08-28 19:15:04.951:"uTimeSecond_ms:5000"                            File: Line:0 Function: Type:Debug:
DateTime:2026-08-28 19:15:07.973:"等待工装回复超时"                            File: Line:0 Function: Type:Debug:
DateTime:2026-08-28 19:15:10.995:"等待工装回复超时"                            File: Line:0 Function: Type:Debug:
DateTime:2026-08-28 19:15:10.995:"uTimeSecond_ms:5000"                            File: Line:0 Function: Type:Debug:
DateTime:2026-08-28 19:15:14.017:"等待工装回复超时"                            File: Line:0 Function: Type:Debug:
DateTime:2026-08-28 19:15:17.042:"等待工装回复超时"                            File: Line:0 Function: Type:Debug:
DateTime:2026-08-28 19:15:17.042:"uTimeSecond_ms:5000"                            File: Line:0 Function: Type:Debug:
DateTime:2026-08-28 19:15:20.062:"等待工装回复超时"                            File: Line:0 Function: Type:Debug:
DateTime:2026-08-28 19:15:23.080:"等待工装回复超时"                            File: Line:0 Function: Type:Debug:
DateTime:2026-08-28 19:15:23.080:"uTimeSecond_ms:5000"                            File: Line:0 Function: Type:Debug:
DateTime:2026-08-28 19:15:26.099:"等待工装回复超时"                            File: Line:0 Function: Type:Debug:
DateTime:2026-08-28 19:15:29.121:"等待工装回复超时"                            File: Line:0 Function: Type:Debug:
DateTime:2026-08-28 19:15:29.121:"uTimeSecond_ms:5000"                            File: Line:0 Function: Type:Debug:
DateTime:2026-08-28 19:15:32.143:"等待工装回复超时"                            File: Line:0 Function: Type:Debug:
DateTime:2026-08-28 19:15:35.165:"等待工装回复超时"                            File: Line:0 Function: Type:Debug:
DateTime:2026-08-28 19:15:35.165:"uTimeSecond_ms:5000"                            File: Line:0 Function: Type:Debug:
DateTime:2026-08-28 19:15:38.187:"等待工装回复超时"                            File: Line:0 Function: Type:Debug:
DateTime:2026-08-28 19:15:41.209:"等待工装回复超时"                            File: Line:0 Function: Type:Debug:
DateTime:2026-08-28 19:15:41.209:"uTimeSecond_ms:5000"                            File: Line:0 Function: Type:Debug:
DateTime:2026-08-28 19:15:44.231:"等待工装回复超时"                            File: Line:0 Function: Type:Debug:
DateTime:2026-08-28 19:15:47.253:"等待工装回复超时"                            File: Line:0 Function: Type:Debug:
DateTime:2026-08-28 19:15:47.253:"uTimeSecond_ms:5000"                            File: Line:0 Function: Type:Debug:
DateTime:2026-08-28 19:15:50.275:"等待工装回复超时"                            File: Line:0 Function: Type:Debug:
DateTime:2026-08-28 19:15:53.297:"等待工装回复超时"                            File: Line:0 Function: Type:Debug:
DateTime:2026-08-28 19:15:53.297:"uTimeSecond_ms:5000"                            File: Line:0 Function: Type:Debug:
DateTime:2026-08-28 19:15:56.319:"等待工装回复超时"                            File: Line:0 Function: Type:Debug:
DateTime:2026-08-28 19:15:59.341:"等待工装回复超时"                            File: Line:0 Function: Type:Debug:
DateTime:2026-08-28 19:15:59.341:"uTimeSecond_ms:5000"                            File: Line:0 Function: Type:Debug:
DateTime:2026-08-28 19:16:02.363:"等待工装回复超时"                            File: Line:0 Function: Type:Debug:
DateTime:2026-08-28 19:16:05.384:"等待工装回复超时"                            File: Line:0 Function: Type:Debug:
DateTime:2026-08-28 19:16:05.384:"uTimeSecond_ms:5000"                            File: Line:0 Function: Type:Debug:
DateTime:2026-08-28 19:16:08.406:"等待工装回复超时"                            File: Line:0 Function: Type:Debug:
DateTime:2026-08-28 19:16:11.428:"等待工装回复超时"                            File: Line:0 Function: Type:Debug:
DateTime:2026-08-28 19:16:11.428:"uTimeSecond_ms:5000"                            File: Line:0 Function: Type:Debug:
DateTime:2026-08-28 19:16:14.450:"等待工装回复超时"                            File: Line:0 Function: Type:Debug:
DateTime:2026-08-28 19:16:17.472:"等待工装回复超时"                            File: Line:0 Function: Type:Debug:
DateTime:2026-08-28 19:16:17.472:"uTimeSecond_ms:5000"                            File: Line:0 Function: Type:Debug:
DateTime:2026-08-28 19:16:20.494:"等待工装回复超时"                            File: Line:0 Function: Type:Debug:
DateTime:2026-08-28 19:16:23.516:"等待工装回复超时"                            File: Line:0 Function: Type:Debug:
DateTime:2026-08-28 19:16:23.516:"uTimeSecond_ms:5000"                            File: Line:0 Function: Type:Debug:
DateTime:2026-08-28 19:16:26.538:"等待工装回复超时"                            File: Line:0 Function: Type:Debug:
DateTime:2026-08-28 19:16:29.560:"等待工装回复超时"                            File: Line:0 Function: Type:Debug:
DateTime:2026-08-28 19:16:29.560:"uTimeSecond_ms:5000"                            File: Line:0 Function: Type:Debug:
DateTime:2026-08-28 19:16:32.582:"等待工装回复超时"                            File: Line:0 Function: Type:Debug:
DateTime:2026-08-28 19:16:35.604:"等待工装回复超时"                            File: Line:0 Function: Type:Debug:
DateTime:2026-08-28 19:16:35.604:"uTimeSecond_ms:5000"                            File: Line:0 Function: Type:Debug:
DateTime:2026-08-28 19:16:38.626:"等待工装回复超时"                            File: Line:0 Function: Type:Debug:
DateTime:2026-08-28 19:16:41.647:"等待工装回复超时"                            File: Line:0 Function: Type:Debug:
DateTime:2026-08-28 19:16:41.647:"uTimeSecond_ms:5000"                            File: Line:0 Function: Type:Debug:
DateTime:2026-08-28 19:16:44.670:"等待工装回复超时"                            File: Line:0 Function: Type:Debug:
DateTime:2026-08-28 19:16:47.692:"等待工装回复超时"                            File: Line:0 Function: Type:Debug:
DateTime:2026-08-28 19:16:47.692:"uTimeSecond_ms:5000"                            File: Line:0 Function: Type:Debug:
DateTime:2026-08-28 19:16:50.714:"等待工装回复超时"                            File: Line:0 Function: Type:Debug:
DateTime:2026-08-28 19:16:53.736:"等待工装回复超时"                            File: Line:0 Function: Type:Debug:
DateTime:2026-08-28 19:16:53.736:"uTimeSecond_ms:5000"                            File: Line:0 Function: Type:Debug:
DateTime:2026-08-28 19:16:56.756:"等待工装回复超时"                            File: Line:0 Function: Type:Debug:
DateTime:2026-08-28 19:16:59.777:"等待工装回复超时"                            File: Line:0 Function: Type:Debug:
DateTime:2026-08-28 19:16:59.777:"uTimeSecond_ms:5000"                            File: Line:0 Function: Type:Debug:
DateTime:2026-08-28 19:17:02.796:"等待工装回复超时"                            File: Line:0 Function: Type:Debug:
DateTime:2026-08-28 19:17:05.817:"等待工装回复超时"                            File: Line:0 Function: Type:Debug:
DateTime:2026-08-28 19:17:05.817:"uTimeSecond_ms:5000"                            File: Line:0 Function: Type:Debug:
DateTime:2026-08-28 19:17:08.839:"等待工装回复超时"                            File: Line:0 Function: Type:Debug:
DateTime:2026-08-28 19:17:11.861:"等待工装回复超时"                            File: Line:0 Function: Type:Debug:
DateTime:2026-08-28 19:17:11.861:"uTimeSecond_ms:5000"                            File: Line:0 Function: Type:Debug:
DateTime:2026-08-28 19:17:14.883:"等待工装回复超时"                            File: Line:0 Function: Type:Debug:
DateTime:2026-08-28 19:17:17.905:"等待工装回复超时"                            File: Line:0 Function: Type:Debug:
DateTime:2026-08-28 19:17:17.905:"uTimeSecond_ms:5000"                            File: Line:0 Function: Type:Debug:
DateTime:2026-08-28 19:17:20.927:"等待工装回复超时"                            File: Line:0 Function: Type:Debug:
DateTime:2026-08-28 19:17:23.949:"等待工装回复超时"                            File: Line:0 Function: Type:Debug:
DateTime:2026-08-28 19:17:23.949:"uTimeSecond_ms:5000"                            File: Line:0 Function: Type:Debug:
DateTime:2026-08-28 19:17:26.971:"等待工装回复超时"                            File: Line:0 Function: Type:Debug:
DateTime:2026-08-28 19:17:29.993:"等待工装回复超时"                            File: Line:0 Function: Type:Debug:
DateTime:2026-08-28 19:17:29.993:"uTimeSecond_ms:5000"                            File: Line:0 Function: Type:Debug:
DateTime:2026-08-28 19:17:33.015:"等待工装回复超时"                            File: Line:0 Function: Type:Debug:
DateTime:2026-08-28 19:17:36.037:"等待工装回复超时"                            File: Line:0 Function: Type:Debug:
DateTime:2026-08-28 19:17:36.037:"uTimeSecond_ms:5000"                            File: Line:0 Function: Type:Debug:
DateTime:2026-08-28 19:17:39.059:"等待工装回复超时"                            File: Line:0 Function: Type:Debug:
DateTime:2026-08-28 19:17:42.081:"等待工装回复超时"                            File: Line:0 Function: Type:Debug:
DateTime:2026-08-28 19:17:42.081:"uTimeSecond_ms:5000"                            File: Line:0 Function: Type:Debug:
DateTime:2026-08-28 19:17:45.102:"等待工装回复超时"                            File: Line:0 Function: Type:Debug:
DateTime:2026-08-28 19:17:48.124:"等待工装回复超时"                            File: Line:0 Function: Type:Debug:
DateTime:2026-08-28 19:17:48.124:"uTimeSecond_ms:5000"                            File: Line:0 Function: Type:Debug:
DateTime:2026-08-28 19:17:51.146:"等待工装回复超时"                            File: Line:0 Function: Type:Debug:
DateTime:2026-08-28 19:17:54.168:"等待工装回复超时"                            File: Line:0 Function: Type:Debug:
DateTime:2026-08-28 19:17:54.168:"uTimeSecond_ms:5000"                            File: Line:0 Function: Type:Debug:
DateTime:2026-08-28 19:17:57.190:"等待工装回复超时"                            File: Line:0 Function: Type:Debug:
DateTime:2026-08-28 19:18:00.212:"等待工装回复超时"                            File: Line:0 Function: Type:Debug:
DateTime:2026-08-28 19:18:00.212:"uTimeSecond_ms:5000"                            File: Line:0 Function: Type:Debug:
DateTime:2026-08-28 19:18:03.234:"等待工装回复超时"                            File: Line:0 Function: Type:Debug:
DateTime:2026-08-28 19:18:06.256:"等待工装回复超时"                            File: Line:0 Function: Type:Debug:
DateTime:2026-08-28 19:18:06.256:"uTimeSecond_ms:5000"                            File: Line:0 Function: Type:Debug:
DateTime:2026-08-28 19:18:09.278:"等待工装回复超时"                            File: Line:0 Function: Type:Debug:
DateTime:2026-08-28 19:18:12.300:"等待工装回复超时"                            File: Line:0 Function: Type:Debug:
DateTime:2026-08-28 19:18:12.300:"uTimeSecond_ms:5000"                            File: Line:0 Function: Type:Debug:
DateTime:2026-08-28 19:18:15.322:"等待工装回复超时"                            File: Line:0 Function: Type:Debug:
DateTime:2026-08-28 19:18:18.344:"等待工装回复超时"                            File: Line:0 Function: Type:Debug:
DateTime:2026-08-28 19:18:18.344:"uTimeSecond_ms:5000"                            File: Line:0 Function: Type:Debug:
DateTime:2026-08-28 19:18:21.365:"等待工装回复超时"                            File: Line:0 Function: Type:Debug:
DateTime:2026-08-28 19:18:24.387:"等待工装回复超时"                            File: Line:0 Function: Type:Debug:
DateTime:2026-08-28 19:18:24.387:"uTimeSecond_ms:5000"                            File: Line:0 Function: Type:Debug:
DateTime:2026-08-28 19:18:27.409:"等待工装回复超时"                            File: Line:0 Function: Type:Debug:
DateTime:2026-08-28 19:18:30.431:"等待工装回复超时"                            File: Line:0 Function: Type:Debug:
DateTime:2026-08-28 19:18:30.431:"uTimeSecond_ms:5000"                            File: Line:0 Function: Type:Debug:
DateTime:2026-08-28 19:18:33.453:"等待工装回复超时"                            File: Line:0 Function: Type:Debug:
DateTime:2026-08-28 19:18:36.475:"等待工装回复超时"                            File: Line:0 Function: Type:Debug:
DateTime:2026-08-28 19:18:36.475:"uTimeSecond_ms:5000"                            File: Line:0 Function: Type:Debug:
DateTime:2026-08-28 19:18:39.497:"等待工装回复超时"                            File: Line:0 Function: Type:Debug:
DateTime:2026-08-28 19:18:42.519:"等待工装回复超时"                            File: Line:0 Function: Type:Debug:
DateTime:2026-08-28 19:18:42.519:"uTimeSecond_ms:5000"                            File: Line:0 Function: Type:Debug:
DateTime:2026-08-28 19:18:45.541:"等待工装回复超时"                            File: Line:0 Function: Type:Debug:
DateTime:2026-08-28 19:18:48.563:"等待工装回复超时"                            File: Line:0 Function: Type:Debug:
DateTime:2026-08-28 19:18:48.563:"uTimeSecond_ms:5000"                            File: Line:0 Function: Type:Debug:
DateTime:2026-08-28 19:18:51.585:"等待工装回复超时"                            File: Line:0 Function: Type:Debug:
DateTime:2026-08-28 19:18:54.607:"等待工装回复超时"                            File: Line:0 Function: Type:Debug:
DateTime:2026-08-28 19:18:54.607:"uTimeSecond_ms:5000"                            File: Line:0 Function: Type:Debug:
DateTime:2026-08-28 19:18:57.629:"等待工装回复超时"                            File: Line:0 Function: Type:Debug:
DateTime:2026-08-28 19:19:00.650:"等待工装回复超时"                            File: Line:0 Function: Type:Debug:
DateTime:2026-08-28 19:19:00.650:"uTimeSecond_ms:5000"                            File: Line:0 Function: Type:Debug:
DateTime:2026-08-28 19:19:03.672:"等待工装回复超时"                            File: Line:0 Function: Type:Debug:
DateTime:2026-08-28 19:19:06.694:"等待工装回复超时"                            File: Line:0 Function: Type:Debug:
DateTime:2026-08-28 19:19:06.694:"uTimeSecond_ms:5000"                            File: Line:0 Function: Type:Debug:
DateTime:2026-08-28 19:19:09.716:"等待工装回复超时"                            File: Line:0 Function: Type:Debug:
DateTime:2026-08-28 19:19:12.738:"等待工装回复超时"                            File: Line:0 Function: Type:Debug:
DateTime:2026-08-28 19:19:12.738:"uTimeSecond_ms:5000"                            File: Line:0 Function: Type:Debug:
DateTime:2026-08-28 19:19:15.760:"等待工装回复超时"                            File: Line:0 Function: Type:Debug:
DateTime:2026-08-28 19:19:18.782:"等待工装回复超时"                            File: Line:0 Function: Type:Debug:
DateTime:2026-08-28 19:19:18.782:"uTimeSecond_ms:5000"                            File: Line:0 Function: Type:Debug:
DateTime:2026-08-28 19:19:21.804:"等待工装回复超时"                            File: Line:0 Function: Type:Debug:
DateTime:2026-08-28 19:19:24.826:"等待工装回复超时"                            File: Line:0 Function: Type:Debug:
DateTime:2026-08-28 19:19:24.826:"uTimeSecond_ms:5000"                            File: Line:0 Function: Type:Debug:
DateTime:2026-08-28 19:19:27.848:"等待工装回复超时"                            File: Line:0 Function: Type:Debug:
DateTime:2026-08-28 19:19:30.870:"等待工装回复超时"                            File: Line:0 Function: Type:Debug:
DateTime:2026-08-28 19:19:30.870:"uTimeSecond_ms:5000"                            File: Line:0 Function: Type:Debug:
DateTime:2026-08-28 19:19:33.892:"等待工装回复超时"                            File: Line:0 Function: Type:Debug:
DateTime:2026-08-28 19:19:36.914:"等待工装回复超时"                            File: Line:0 Function: Type:Debug:
DateTime:2026-08-28 19:19:36.914:"uTimeSecond_ms:5000"                            File: Line:0 Function: Type:Debug:
DateTime:2026-08-28 19:19:39.935:"等待工装回复超时"                            File: Line:0 Function: Type:Debug:
DateTime:2026-08-28 19:19:42.957:"等待工装回复超时"                            File: Line:0 Function: Type:Debug:
DateTime:2026-08-28 19:19:42.957:"uTimeSecond_ms:5000"                            File: Line:0 Function: Type:Debug:
DateTime:2026-08-28 19:19:45.979:"等待工装回复超时"                            File: Line:0 Function: Type:Debug:
DateTime:2026-08-28 19:19:49.001:"等待工装回复超时"                            File: Line:0 Function: Type:Debug:
DateTime:2026-08-28 19:19:49.001:"uTimeSecond_ms:5000"                            File: Line:0 Function: Type:Debug:
DateTime:2026-08-28 19:19:52.023:"等待工装回复超时"                            File: Line:0 Function: Type:Debug:
DateTime:2026-08-28 19:19:55.045:"等待工装回复超时"                            File: Line:0 Function: Type:Debug:
DateTime:2026-08-28 19:19:55.045:"uTimeSecond_ms:5000"                            File: Line:0 Function: Type:Debug:
DateTime:2026-08-28 19:19:58.067:"等待工装回复超时"                            File: Line:0 Function: Type:Debug:
DateTime:2026-08-28 19:20:01.089:"等待工装回复超时"                            File: Line:0 Function: Type:Debug:
DateTime:2026-08-28 19:20:01.089:"uTimeSecond_ms:5000"                            File: Line:0 Function: Type:Debug:
DateTime:2026-08-28 19:20:04.111:"等待工装回复超时"                            File: Line:0 Function: Type:Debug:
DateTime:2026-08-28 19:20:07.133:"等待工装回复超时"                            File: Line:0 Function: Type:Debug:
DateTime:2026-08-28 19:20:07.133:"uTimeSecond_ms:5000"                            File: Line:0 Function: Type:Debug:
DateTime:2026-08-28 19:20:10.155:"等待工装回复超时"                            File: Line:0 Function: Type:Debug:
DateTime:2026-08-28 19:20:13.177:"等待工装回复超时"                            File: Line:0 Function: Type:Debug:
DateTime:2026-08-28 19:20:13.177:"uTimeSecond_ms:5000"                            File: Line:0 Function: Type:Debug:
DateTime:2026-08-28 19:20:16.198:"等待工装回复超时"                            File: Line:0 Function: Type:Debug:
DateTime:2026-08-28 19:20:19.220:"等待工装回复超时"                            File: Line:0 Function: Type:Debug:
DateTime:2026-08-28 19:20:19.220:"uTimeSecond_ms:5000"                            File: Line:0 Function: Type:Debug:
DateTime:2026-08-28 19:20:22.242:"等待工装回复超时"                            File: Line:0 Function: Type:Debug:
DateTime:2026-08-28 19:20:25.264:"等待工装回复超时"                            File: Line:0 Function: Type:Debug:
DateTime:2026-08-28 19:20:25.264:"uTimeSecond_ms:5000"                            File: Line:0 Function: Type:Debug:
DateTime:2026-08-28 19:20:28.286:"等待工装回复超时"                            File: Line:0 Function: Type:Debug:
DateTime:2026-08-28 19:20:31.308:"等待工装回复超时"                            File: Line:0 Function: Type:Debug:
DateTime:2026-08-28 19:20:31.308:"uTimeSecond_ms:5000"                            File: Line:0 Function: Type:Debug:
DateTime:2026-08-28 19:20:34.330:"等待工装回复超时"                            File: Line:0 Function: Type:Debug:
DateTime:2026-08-28 19:20:37.352:"等待工装回复超时"                            File: Line:0 Function: Type:Debug:
DateTime:2026-08-28 19:20:37.352:"uTimeSecond_ms:5000"                            File: Line:0 Function: Type:Debug:
DateTime:2026-08-28 19:20:40.374:"等待工装回复超时"                            File: Line:0 Function: Type:Debug:
DateTime:2026-08-28 19:20:43.396:"等待工装回复超时"                            File: Line:0 Function: Type:Debug:
DateTime:2026-08-28 19:20:43.396:"uTimeSecond_ms:5000"                            File: Line:0 Function: Type:Debug:
DateTime:2026-08-28 19:20:46.418:"等待工装回复超时"                            File: Line:0 Function: Type:Debug:
DateTime:2026-08-28 19:20:49.440:"等待工装回复超时"                            File: Line:0 Function: Type:Debug:
DateTime:2026-08-28 19:20:49.440:"uTimeSecond_ms:5000"                            File: Line:0 Function: Type:Debug:
DateTime:2026-08-28 19:20:52.462:"等待工装回复超时"                            File: Line:0 Function: Type:Debug:
DateTime:2026-08-28 19:20:55.483:"等待工装回复超时"                            File: Line:0 Function: Type:Debug:
DateTime:2026-08-28 19:20:55.483:"uTimeSecond_ms:5000"                            File: Line:0 Function: Type:Debug:
DateTime:2026-08-28 19:20:58.505:"等待工装回复超时"                            File: Line:0 Function: Type:Debug:
DateTime:2026-08-28 19:21:01.527:"等待工装回复超时"                            File: Line:0 Function: Type:Debug:
DateTime:2026-08-28 19:21:01.527:"uTimeSecond_ms:5000"                            File: Line:0 Function: Type:Debug:
DateTime:2026-08-28 19:21:04.549:"等待工装回复超时"                            File: Line:0 Function: Type:Debug:
DateTime:2026-08-28 19:21:07.571:"等待工装回复超时"                            File: Line:0 Function: Type:Debug:
DateTime:2026-08-28 19:21:07.571:"uTimeSecond_ms:5000"                            File: Line:0 Function: Type:Debug:
DateTime:2026-08-28 19:21:10.593:"等待工装回复超时"                            File: Line:0 Function: Type:Debug:
DateTime:2026-08-28 19:21:13.615:"等待工装回复超时"                            File: Line:0 Function: Type:Debug:
DateTime:2026-08-28 19:21:13.615:"uTimeSecond_ms:5000"                            File: Line:0 Function: Type:Debug:
DateTime:2026-08-28 19:21:16.637:"等待工装回复超时"                            File: Line:0 Function: Type:Debug:
DateTime:2026-08-28 19:21:19.659:"等待工装回复超时"                            File: Line:0 Function: Type:Debug:
DateTime:2026-08-28 19:21:19.659:"离网事件测试时间到,上报成功率:0%"                            File: Line:0 Function: Type:Debug:
DateTime:2026-08-28 19:21:19.659:dll输出信息: ""                            File: Line:0 Function: Type:Debug:
DateTime:2026-08-28 19:21:19.659:接口函数调用成功，返回的结果为 0                            File: Line:0 Function: Type:Debug:
DateTime:2026-08-28 19:21:19.659:"外部传入的para：0，返回的result：0,返回的pValRet：1"                            File: Line:0 Function: Type:Debug:
DateTime:2026-08-28 19:21:19.659:返回结果不满足预期值                            File: Line:0 Function: Type:Debug:
DateTime:2026-08-28 19:21:19.661:coorIndex 0                            File: Line:0 Function: Type:Debug:
DateTime:2026-08-28 19:21:19.661:当前流程结束                            File: Line:0 Function: Type:Debug:
DateTime:2026-08-28 19:21:19.661:退出connect函数                            File: Line:0 Function: Type:Debug:
DateTime:2026-08-28 19:21:19.661:"=========【Step17-等待STA离网上报】结束=========="                            File: Line:0 Function: Type:Debug:
DateTime:2026-08-28 19:21:19.661:"-----------------------------"                            File: Line:0 Function: Type:Debug:
DateTime:2026-08-28 19:21:19.665:"=============执行【Step18-参数初始化】==================="                            File: Line:0 Function: Type:Debug:
DateTime:2026-08-28 19:21:19.666:"执行接口函数CCO_AFN51_F2"                            File: Line:0 Function: Type:Debug:
DateTime:2026-08-28 19:21:19.666:callWorkFunction: CCO_AFN51_F2                            File: Line:0 Function: Type:Debug:
DateTime:2026-08-28 19:21:19.666:找到对应函数，进入执行                            File: Line:0 Function: Type:Debug:
DateTime:2026-08-28 19:21:20.169:"等待工装回复超时"                            File: Line:0 Function: Type:Debug:
DateTime:2026-08-28 19:21:20.169:"开始组帧"                            File: Line:0 Function: Type:Debug:
DateTime:2026-08-28 19:21:20.169:"组帧结束"                            File: Line:0 Function: Type:Debug:
DateTime:2026-08-28 19:21:20.169:"367.2Send:参数初始化(51H-F2)：=>68 0F 00 43 00 00 00 00 00 F1 51 02 00 87 16"                            File: Line:0 Function: Type:Debug:
DateTime:2026-08-28 19:21:20.169:"槽位2透传:687E007E006840000000000022600000010002013C00680F00430000000000F151020087169D16"                            File: Line:0 Function: Type:Debug:
DateTime:2026-08-28 19:21:20.169:"工装发送：68 7E 00 7E 00 68 40 00 00 00 00 00 22 60 00 00 01 00 02 01 3C 00 68 0F 00 43 00 00 00 00 00 F1 51 02 00 87 16 9D 16"                            File: Line:0 Function: Type:Debug:
DateTime:2026-08-28 19:21:20.187:"工装接收：68 32 00 32 00 68 80 00 00 00 00 00 00 60 00 00 01 00 E1 16"                            File: Line:0 Function: Type:Debug:
DateTime:2026-08-28 19:21:20.187:"m_baRecvMsg:"                            File: Line:0 Function: Type:Debug:
DateTime:2026-08-28 19:21:20.187:"frameList.size():1"                            File: Line:0 Function: Type:Debug:
DateTime:2026-08-28 19:21:20.187:"进入报文解析"                            File: Line:0 Function: Type:Debug:
DateTime:2026-08-28 19:21:20.187:"68 32 00 32 00 68 80 00 00 00 00 00 00 60 00 00 01 00 E1 16"                            File: Line:0 Function: Type:Debug:
DateTime:2026-08-28 19:21:20.187:"解码完成，功能码: 1"                            File: Line:0 Function: Type:Debug:
DateTime:2026-08-28 19:21:20.187:"工装回复确认帧"                            File: Line:0 Function: Type:Debug:
DateTime:2026-08-28 19:21:20.241:"工装接收：68 7A 00 7A 00 68 80 00 00 00 00 00 22 60 00 00 01 00 02 0F 00 68 0F 00 80 00 00 00 00 00 F1 50 01 00 C2 16 25 16"                            File: Line:0 Function: Type:Debug:
DateTime:2026-08-28 19:21:20.241:"m_baRecvMsg:"                            File: Line:0 Function: Type:Debug:
DateTime:2026-08-28 19:21:20.241:"frameList.size():1"                            File: Line:0 Function: Type:Debug:
DateTime:2026-08-28 19:21:20.241:"进入报文解析"                            File: Line:0 Function: Type:Debug:
DateTime:2026-08-28 19:21:20.241:"68 7A 00 7A 00 68 80 00 00 00 00 00 22 60 00 00 01 00 02 0F 00 68 0F 00 80 00 00 00 00 00 F1 50 01 00 C2 16 25 16"                            File: Line:0 Function: Type:Debug:
DateTime:2026-08-28 19:21:20.241:"解码完成，功能码: 4"                            File: Line:0 Function: Type:Debug:
DateTime:2026-08-28 19:21:20.241:"工装接收到透传报文"                            File: Line:0 Function: Type:Debug:
DateTime:2026-08-28 19:21:20.241:"020F00680F00800000000000F1500100C216"                            File: Line:0 Function: Type:Debug:
DateTime:2026-08-28 19:21:20.241:"透传报文内容:68 0f 00 80 00 00 00 00 00 f1 50 01 00 c2 16"                            File: Line:0 Function: Type:Debug:
DateTime:2026-08-28 19:21:23.263:"uTimeSecond_ms:20000"                            File: Line:0 Function: Type:Debug:
DateTime:2026-08-28 19:21:23.263:"查找结果: iret=0, wStart=0, dwOutLen=15, dwStreamLen=15, dwFindPos=0"                            File: Line:0 Function: Type:Debug:
DateTime:2026-08-28 19:21:23.263:"Receive:<= 68 0F 00 80 00 00 00 00 00 F1 50 01 00 C2 16"                            File: Line:0 Function: Type:Debug:
DateTime:2026-08-28 19:21:23.263:"解析：功能码-AFN=50H,Fn=1："                            File: Line:0 Function: Type:Debug:
DateTime:2026-08-28 19:21:23.263:"参数区初始化成功"                            File: Line:0 Function: Type:Debug:
DateTime:2026-08-28 19:21:23.263:dll输出信息: ""                            File: Line:0 Function: Type:Debug:
DateTime:2026-08-28 19:21:23.263:接口函数调用成功，返回的结果为 0                            File: Line:0 Function: Type:Debug:
DateTime:2026-08-28 19:21:23.263:"外部传入的para：0，返回的result：0,返回的pValRet：0"                            File: Line:0 Function: Type:Debug:
DateTime:2026-08-28 19:21:23.263:"执行接口函数CCO_AFN51_F2完成"                            File: Line:0 Function: Type:Debug:
DateTime:2026-08-28 19:21:23.264:coorIndex 0                            File: Line:0 Function: Type:Debug:
DateTime:2026-08-28 19:21:23.264:当前流程结束                            File: Line:0 Function: Type:Debug:
DateTime:2026-08-28 19:21:23.264:退出connect函数                            File: Line:0 Function: Type:Debug:
DateTime:2026-08-28 19:21:23.264:"=========【Step18-参数初始化】结束=========="                            File: Line:0 Function: Type:Debug:
DateTime:2026-08-28 19:21:23.264:"-----------------------------"                            File: Line:0 Function: Type:Debug:
DateTime:2026-08-28 19:21:23.267:"=============执行【执行延时】==================="                            File: Line:0 Function: Type:Debug:
DateTime:2026-08-28 19:21:23.267:"执行接口函数Func_Delay"                            File: Line:0 Function: Type:Debug:
DateTime:2026-08-28 19:21:23.268:callWorkFunction: Func_Delay                            File: Line:0 Function: Type:Debug:
DateTime:2026-08-28 19:21:23.268:找到对应函数，进入执行                            File: Line:0 Function: Type:Debug:
DateTime:2026-08-28 19:21:23.268:"延时时间为5s"                            File: Line:0 Function: Type:Debug:
DateTime:2026-08-28 19:21:23.268:"uTimeSecond_ms:5000"                            File: Line:0 Function: Type:Debug:
DateTime:2026-08-28 19:21:26.290:"等待工装回复超时"                            File: Line:0 Function: Type:Debug:
DateTime:2026-08-28 19:21:29.312:"等待工装回复超时"                            File: Line:0 Function: Type:Debug:
DateTime:2026-08-28 19:21:29.312:"延时时间到"                            File: Line:0 Function: Type:Debug:
DateTime:2026-08-28 19:21:29.413:dll输出信息: ""                            File: Line:0 Function: Type:Debug:
DateTime:2026-08-28 19:21:29.413:接口函数调用成功，返回的结果为 0                            File: Line:0 Function: Type:Debug:
DateTime:2026-08-28 19:21:29.413:"外部传入的para：0，返回的result：0,返回的pValRet：0"                            File: Line:0 Function: Type:Debug:
DateTime:2026-08-28 19:21:29.413:"执行接口函数Func_Delay完成"                            File: Line:0 Function: Type:Debug:
DateTime:2026-08-28 19:21:29.413:coorIndex 0                            File: Line:0 Function: Type:Debug:
DateTime:2026-08-28 19:21:29.413:当前流程结束                            File: Line:0 Function: Type:Debug:
DateTime:2026-08-28 19:21:29.413:退出connect函数                            File: Line:0 Function: Type:Debug:
DateTime:2026-08-28 19:21:29.413:"=========【执行延时】结束=========="                            File: Line:0 Function: Type:Debug:
DateTime:2026-08-28 19:21:29.413:"-----------------------------"                            File: Line:0 Function: Type:Debug:
DateTime:2026-08-28 19:21:29.414:"=============执行【Step19-数据转发--EB040505设置网络状态变更信息主动上报(入网上报)】==================="                            File: Line:0 Function: Type:Debug:
DateTime:2026-08-28 19:21:29.415:"执行接口函数CCO_AFN52_F1_EB040505_set"                            File: Line:0 Function: Type:Debug:
DateTime:2026-08-28 19:21:29.415:callWorkFunction: CCO_AFN52_F1_EB040505_set                            File: Line:0 Function: Type:Debug:
DateTime:2026-08-28 19:21:29.415:找到对应函数，进入执行                            File: Line:0 Function: Type:Debug:
DateTime:2026-08-28 19:21:29.918:"等待工装回复超时"                            File: Line:0 Function: Type:Debug:
DateTime:2026-08-28 19:21:29.918:"开始组帧"                            File: Line:0 Function: Type:Debug:
DateTime:2026-08-28 19:21:29.918:"组帧结束"                            File: Line:0 Function: Type:Debug:
DateTime:2026-08-28 19:21:29.918:"367.2Send:数据转发(设置-网络状态变更信息主动上报EB040505)：=>68 34 00 43 00 00 00 00 00 F2 52 01 00 02 12 90 78 56 34 12 6B 8A E8 19 00 68 12 90 78 56 34 12 68 14 0D 38 38 37 1E 3B 33 33 33 44 44 44 44 34 84 16 54 16"                            File: Line:0 Function: Type:Debug:
DateTime:2026-08-28 19:21:29.918:"槽位2透传:68120112016840000000000022600000010002013C00683400430000000000F2520100021290785634126B8AE819006812907856341268140D3838371E3B3333334444444434841654165C16"                            File: Line:0 Function: Type:Debug:
DateTime:2026-08-28 19:21:29.918:"工装发送：68 12 01 12 01 68 40 00 00 00 00 00 22 60 00 00 01 00 02 01 3C 00 68 34 00 43 00 00 00 00 00 F2 52 01 00 02 12 90 78 56 34 12 6B 8A E8 19 00 68 12 90 78 56 34 12 68 14 0D 38 38 37 1E 3B 33 33 33 44 44 44 44 34 84 16 54 16 5C 16"                            File: Line:0 Function: Type:Debug:
DateTime:2026-08-28 19:21:29.979:"工装接收：68 32 00 32 00 68 80 00 00 00 00 00 00 60 00 00 01 00 E1 16"                            File: Line:0 Function: Type:Debug:
DateTime:2026-08-28 19:21:29.979:"m_baRecvMsg:"                            File: Line:0 Function: Type:Debug:
DateTime:2026-08-28 19:21:29.979:"frameList.size():1"                            File: Line:0 Function: Type:Debug:
DateTime:2026-08-28 19:21:29.979:"进入报文解析"                            File: Line:0 Function: Type:Debug:
DateTime:2026-08-28 19:21:29.979:"68 32 00 32 00 68 80 00 00 00 00 00 00 60 00 00 01 00 E1 16"                            File: Line:0 Function: Type:Debug:
DateTime:2026-08-28 19:21:29.979:"解码完成，功能码: 1"                            File: Line:0 Function: Type:Debug:
DateTime:2026-08-28 19:21:29.979:"工装回复确认帧"                            File: Line:0 Function: Type:Debug:
DateTime:2026-08-28 19:21:30.087:"工装接收：68 CE 00 CE 00 68 80 00 00 00 00 00 22 60 00 00 01 00 02 24 00 68 24 00 80 00 00 00 00 00 F2 52 01 00 02 12 90 78 56 34 12 0C 00 68 12 90 78 56 34 12 68 94 00 1A 16 D3 16 71 16"                            File: Line:0 Function: Type:Debug:
DateTime:2026-08-28 19:21:30.087:"m_baRecvMsg:"                            File: Line:0 Function: Type:Debug:
DateTime:2026-08-28 19:21:30.087:"frameList.size():1"                            File: Line:0 Function: Type:Debug:
DateTime:2026-08-28 19:21:30.087:"进入报文解析"                            File: Line:0 Function: Type:Debug:
DateTime:2026-08-28 19:21:30.087:"68 CE 00 CE 00 68 80 00 00 00 00 00 22 60 00 00 01 00 02 24 00 68 24 00 80 00 00 00 00 00 F2 52 01 00 02 12 90 78 56 34 12 0C 00 68 12 90 78 56 34 12 68 94 00 1A 16 D3 16 71 16"                            File: Line:0 Function: Type:Debug:
DateTime:2026-08-28 19:21:30.087:"解码完成，功能码: 4"                            File: Line:0 Function: Type:Debug:
DateTime:2026-08-28 19:21:30.087:"工装接收到透传报文"                            File: Line:0 Function: Type:Debug:
DateTime:2026-08-28 19:21:30.087:"022400682400800000000000F2520100021290785634120C00681290785634126894001A16D316"                            File: Line:0 Function: Type:Debug:
DateTime:2026-08-28 19:21:30.087:"透传报文内容:68 24 00 80 00 00 00 00 00 f2 52 01 00 02 12 90 78 56 34 12 0c 00 68 12 90 78 56 34 12 68 94 00 1a 16 d3 16"                            File: Line:0 Function: Type:Debug:
DateTime:2026-08-28 19:21:33.009:"uTimeSecond_ms:30000"                            File: Line:0 Function: Type:Debug:
DateTime:2026-08-28 19:21:33.009:"查找结果: iret=0, wStart=0, dwOutLen=36, dwStreamLen=36, dwFindPos=0"                            File: Line:0 Function: Type:Debug:
DateTime:2026-08-28 19:21:33.009:"Receive:<= 68 24 00 80 00 00 00 00 00 F2 52 01 00 02 12 90 78 56 34 12 0C 00 68 12 90 78 56 34 12 68 94 00 1A 16 D3 16"                            File: Line:0 Function: Type:Debug:
DateTime:2026-08-28 19:21:33.009:"解析：功能码-AFN=52H,Fn=1："                            File: Line:0 Function: Type:Debug:
DateTime:2026-08-28 19:21:33.009:"透传回复内容：021290785634120C00681290785634126894001A16"                            File: Line:0 Function: Type:Debug:
DateTime:2026-08-28 19:21:33.009:"设置成功"                            File: Line:0 Function: Type:Debug:
DateTime:2026-08-28 19:21:33.009:dll输出信息: ""                            File: Line:0 Function: Type:Debug:
DateTime:2026-08-28 19:21:33.009:接口函数调用成功，返回的结果为 0                            File: Line:0 Function: Type:Debug:
DateTime:2026-08-28 19:21:33.009:"外部传入的para：0，返回的result：0,返回的pValRet：0"                            File: Line:0 Function: Type:Debug:
DateTime:2026-08-28 19:21:33.009:"执行接口函数CCO_AFN52_F1_EB040505_set完成"                            File: Line:0 Function: Type:Debug:
DateTime:2026-08-28 19:21:33.010:coorIndex 0                            File: Line:0 Function: Type:Debug:
DateTime:2026-08-28 19:21:33.010:当前流程结束                            File: Line:0 Function: Type:Debug:
DateTime:2026-08-28 19:21:33.011:退出connect函数                            File: Line:0 Function: Type:Debug:
DateTime:2026-08-28 19:21:33.011:"=========【Step19-数据转发--EB040505设置网络状态变更信息主动上报(入网上报)】结束=========="                            File: Line:0 Function: Type:Debug:
DateTime:2026-08-28 19:21:33.011:"-----------------------------"                            File: Line:0 Function: Type:Debug:
DateTime:2026-08-28 19:21:33.013:"=============执行【Step20-数据转发--EB040505查询网络状态变更信息主动上报(入网上报)】==================="                            File: Line:0 Function: Type:Debug:
DateTime:2026-08-28 19:21:33.014:"执行接口函数CCO_AFN52_F1_EB040505_read"                            File: Line:0 Function: Type:Debug:
DateTime:2026-08-28 19:21:33.014:callWorkFunction: CCO_AFN52_F1_EB040505_read                            File: Line:0 Function: Type:Debug:
DateTime:2026-08-28 19:21:33.014:找到对应函数，进入执行                            File: Line:0 Function: Type:Debug:
DateTime:2026-08-28 19:21:33.518:"等待工装回复超时"                            File: Line:0 Function: Type:Debug:
DateTime:2026-08-28 19:21:33.518:"开始组帧"                            File: Line:0 Function: Type:Debug:
DateTime:2026-08-28 19:21:33.518:"组帧结束"                            File: Line:0 Function: Type:Debug:
DateTime:2026-08-28 19:21:33.518:"367.2Send:数据转发(查询-网络状态变更信息主动上报 EB040505)：=>68 2B 00 43 00 00 00 00 00 F3 52 01 00 02 12 90 78 56 34 12 6B 8A E8 10 00 68 12 90 78 56 34 12 68 11 04 38 38 37 1E 60 16 04 16"                            File: Line:0 Function: Type:Debug:
DateTime:2026-08-28 19:21:33.518:"槽位2透传:68EE00EE006840000000000022600000010002013C00682B00430000000000F3520100021290785634126B8AE81000681290785634126811043838371E60160416B316"                            File: Line:0 Function: Type:Debug:
DateTime:2026-08-28 19:21:33.518:"工装发送：68 EE 00 EE 00 68 40 00 00 00 00 00 22 60 00 00 01 00 02 01 3C 00 68 2B 00 43 00 00 00 00 00 F3 52 01 00 02 12 90 78 56 34 12 6B 8A E8 10 00 68 12 90 78 56 34 12 68 11 04 38 38 37 1E 60 16 04 16 B3 16"                            File: Line:0 Function: Type:Debug:
DateTime:2026-08-28 19:21:33.568:"工装接收：68 32 00 32 00 68 80 00 00 00 00 00 00 60 00 00 01 00 E1 16"                            File: Line:0 Function: Type:Debug:
DateTime:2026-08-28 19:21:33.568:"m_baRecvMsg:"                            File: Line:0 Function: Type:Debug:
DateTime:2026-08-28 19:21:33.568:"frameList.size():1"                            File: Line:0 Function: Type:Debug:
DateTime:2026-08-28 19:21:33.568:"进入报文解析"                            File: Line:0 Function: Type:Debug:
DateTime:2026-08-28 19:21:33.568:"68 32 00 32 00 68 80 00 00 00 00 00 00 60 00 00 01 00 E1 16"                            File: Line:0 Function: Type:Debug:
DateTime:2026-08-28 19:21:33.568:"解码完成，功能码: 1"                            File: Line:0 Function: Type:Debug:
DateTime:2026-08-28 19:21:33.569:"工装回复确认帧"                            File: Line:0 Function: Type:Debug:
DateTime:2026-08-28 19:21:33.622:"工装接收：68 E2 00 E2 00 68 80 00 00 00 00 00 22 60 00 00 01 00 02 29 00 68 29 00 80 00 00 00 00 00 F3 52 01 00 02 12 90 78 56 34 12 11 00 68 12 90 78 56 34 12 68 91 05 38 38 37 1E 34 15 16 CF 16 73 16"                            File: Line:0 Function: Type:Debug:
DateTime:2026-08-28 19:21:33.622:"m_baRecvMsg:"                            File: Line:0 Function: Type:Debug:
DateTime:2026-08-28 19:21:33.622:"frameList.size():1"                            File: Line:0 Function: Type:Debug:
DateTime:2026-08-28 19:21:33.622:"进入报文解析"                            File: Line:0 Function: Type:Debug:
DateTime:2026-08-28 19:21:33.622:"68 E2 00 E2 00 68 80 00 00 00 00 00 22 60 00 00 01 00 02 29 00 68 29 00 80 00 00 00 00 00 F3 52 01 00 02 12 90 78 56 34 12 11 00 68 12 90 78 56 34 12 68 91 05 38 38 37 1E 34 15 16 CF 16 73 16"                            File: Line:0 Function: Type:Debug:
DateTime:2026-08-28 19:21:33.622:"解码完成，功能码: 4"                            File: Line:0 Function: Type:Debug:
DateTime:2026-08-28 19:21:33.622:"工装接收到透传报文"                            File: Line:0 Function: Type:Debug:
DateTime:2026-08-28 19:21:33.622:"022900682900800000000000F3520100021290785634121100681290785634126891053838371E341516CF16"                            File: Line:0 Function: Type:Debug:
DateTime:2026-08-28 19:21:33.622:"透传报文内容:68 29 00 80 00 00 00 00 00 f3 52 01 00 02 12 90 78 56 34 12 11 00 68 12 90 78 56 34 12 68 91 05 38 38 37 1e 34 15 16 cf 16"                            File: Line:0 Function: Type:Debug:
DateTime:2026-08-28 19:21:36.544:"uTimeSecond_ms:30000"                            File: Line:0 Function: Type:Debug:
DateTime:2026-08-28 19:21:36.544:"查找结果: iret=0, wStart=0, dwOutLen=41, dwStreamLen=41, dwFindPos=0"                            File: Line:0 Function: Type:Debug:
DateTime:2026-08-28 19:21:36.544:"Receive:<= 68 29 00 80 00 00 00 00 00 F3 52 01 00 02 12 90 78 56 34 12 11 00 68 12 90 78 56 34 12 68 91 05 38 38 37 1E 34 15 16 CF 16"                            File: Line:0 Function: Type:Debug:
DateTime:2026-08-28 19:21:36.544:"解析：功能码-AFN=52H,Fn=1："                            File: Line:0 Function: Type:Debug:
DateTime:2026-08-28 19:21:36.544:"透传回复内容：021290785634121100681290785634126891053838371E341516"                            File: Line:0 Function: Type:Debug:
DateTime:2026-08-28 19:21:36.544:"DL/T645-2007协议 回复报文信息：控制码：91,数据标识：EB040505，数据域(需倒序解析)：01"                            File: Line:0 Function: Type:Debug:
DateTime:2026-08-28 19:21:36.544:"网络状态变更信息主动上报：入网上报,    网络状态变更信息主动上报：离网不上报"                            File: Line:0 Function: Type:Debug:
DateTime:2026-08-28 19:21:36.544:dll输出信息: ""                            File: Line:0 Function: Type:Debug:
DateTime:2026-08-28 19:21:36.544:接口函数调用成功，返回的结果为 0                            File: Line:0 Function: Type:Debug:
DateTime:2026-08-28 19:21:36.544:"外部传入的para：0，返回的result：0,返回的pValRet：0"                            File: Line:0 Function: Type:Debug:
DateTime:2026-08-28 19:21:36.544:"执行接口函数CCO_AFN52_F1_EB040505_read完成"                            File: Line:0 Function: Type:Debug:
DateTime:2026-08-28 19:21:36.545:coorIndex 0                            File: Line:0 Function: Type:Debug:
DateTime:2026-08-28 19:21:36.545:当前流程结束                            File: Line:0 Function: Type:Debug:
DateTime:2026-08-28 19:21:36.545:退出connect函数                            File: Line:0 Function: Type:Debug:
DateTime:2026-08-28 19:21:36.545:"=========【Step20-数据转发--EB040505查询网络状态变更信息主动上报(入网上报)】结束=========="                            File: Line:0 Function: Type:Debug:
DateTime:2026-08-28 19:21:36.546:"-----------------------------"                            File: Line:0 Function: Type:Debug:
DateTime:2026-08-28 19:21:36.548:"=============执行【Step21-预告抄读对象】==================="                            File: Line:0 Function: Type:Debug:
DateTime:2026-08-28 19:21:36.549:"执行接口函数CCO_AFN55_F9"                            File: Line:0 Function: Type:Debug:
DateTime:2026-08-28 19:21:36.549:callWorkFunction: CCO_AFN55_F9                            File: Line:0 Function: Type:Debug:
DateTime:2026-08-28 19:21:36.549:找到对应函数，进入执行                            File: Line:0 Function: Type:Debug:
DateTime:2026-08-28 19:21:37.052:"等待工装回复超时"                            File: Line:0 Function: Type:Debug:
DateTime:2026-08-28 19:21:37.052:"开始组帧"                            File: Line:0 Function: Type:Debug:
DateTime:2026-08-28 19:21:37.052:"组帧结束"                            File: Line:0 Function: Type:Debug:
DateTime:2026-08-28 19:21:37.052:"367.2Send:预告抄读对象(55H-F9)：=>68 48 00 43 00 00 00 00 00 F4 55 01 01 06 00 00 01 00 03 03 01 10 00 16 19 02 00 03 04 01 10 00 16 19 03 00 03 05 01 10 00 16 19 04 00 03 06 01 10 00 16 19 05 00 03 07 01 10 00 16 19 06 00 03 08 01 10 00 16 19 5C 16"                            File: Line:0 Function: Type:Debug:
DateTime:2026-08-28 19:21:37.052:"槽位2透传:68620162016840000000000022600000010002013C00684800430000000000F45501010600000100030301100016190200030401100016190300030501100016190400030601100016190500030701100016190600030801100016195C168016"                            File: Line:0 Function: Type:Debug:
DateTime:2026-08-28 19:21:37.052:"工装发送：68 62 01 62 01 68 40 00 00 00 00 00 22 60 00 00 01 00 02 01 3C 00 68 48 00 43 00 00 00 00 00 F4 55 01 01 06 00 00 01 00 03 03 01 10 00 16 19 02 00 03 04 01 10 00 16 19 03 00 03 05 01 10 00 16 19 04 00 03 06 01 10 00 16 19 05 00 03 07 01 10 00 16 19 06 00 03 08 01 10 00 16 19 5C 16 80 16"                            File: Line:0 Function: Type:Debug:
DateTime:2026-08-28 19:21:37.135:"工装接收：68 32 00 32 00 68 80 00 00 00 00 00 00 60 00 00 01 00 E1 16"                            File: Line:0 Function: Type:Debug:
DateTime:2026-08-28 19:21:37.135:"m_baRecvMsg:"                            File: Line:0 Function: Type:Debug:
DateTime:2026-08-28 19:21:37.135:"frameList.size():1"                            File: Line:0 Function: Type:Debug:
DateTime:2026-08-28 19:21:37.135:"进入报文解析"                            File: Line:0 Function: Type:Debug:
DateTime:2026-08-28 19:21:37.135:"68 32 00 32 00 68 80 00 00 00 00 00 00 60 00 00 01 00 E1 16"                            File: Line:0 Function: Type:Debug:
DateTime:2026-08-28 19:21:37.135:"解码完成，功能码: 1"                            File: Line:0 Function: Type:Debug:
DateTime:2026-08-28 19:21:37.135:"工装回复确认帧"                            File: Line:0 Function: Type:Debug:
DateTime:2026-08-28 19:21:37.187:"工装接收：68 7A 00 7A 00 68 80 00 00 00 00 00 22 60 00 00 01 00 02 0F 00 68 0F 00 80 00 00 00 00 00 F4 50 01 00 C5 16 2B 16"                            File: Line:0 Function: Type:Debug:
DateTime:2026-08-28 19:21:37.187:"m_baRecvMsg:"                            File: Line:0 Function: Type:Debug:
DateTime:2026-08-28 19:21:37.187:"frameList.size():1"                            File: Line:0 Function: Type:Debug:
DateTime:2026-08-28 19:21:37.187:"进入报文解析"                            File: Line:0 Function: Type:Debug:
DateTime:2026-08-28 19:21:37.187:"68 7A 00 7A 00 68 80 00 00 00 00 00 22 60 00 00 01 00 02 0F 00 68 0F 00 80 00 00 00 00 00 F4 50 01 00 C5 16 2B 16"                            File: Line:0 Function: Type:Debug:
DateTime:2026-08-28 19:21:37.187:"解码完成，功能码: 4"                            File: Line:0 Function: Type:Debug:
DateTime:2026-08-28 19:21:37.187:"工装接收到透传报文"                            File: Line:0 Function: Type:Debug:
DateTime:2026-08-28 19:21:37.187:"020F00680F00800000000000F4500100C516"                            File: Line:0 Function: Type:Debug:
DateTime:2026-08-28 19:21:37.187:"透传报文内容:68 0f 00 80 00 00 00 00 00 f4 50 01 00 c5 16"                            File: Line:0 Function: Type:Debug:
DateTime:2026-08-28 19:21:40.108:"uTimeSecond_ms:5000"                            File: Line:0 Function: Type:Debug:
DateTime:2026-08-28 19:21:40.108:"查找结果: iret=0, wStart=0, dwOutLen=15, dwStreamLen=15, dwFindPos=0"                            File: Line:0 Function: Type:Debug:
DateTime:2026-08-28 19:21:40.108:"Receive:<= 68 0F 00 80 00 00 00 00 00 F4 50 01 00 C5 16"                            File: Line:0 Function: Type:Debug:
DateTime:2026-08-28 19:21:40.108:"解析：功能码-AFN=50H,Fn=1："                            File: Line:0 Function: Type:Debug:
DateTime:2026-08-28 19:21:40.108:"预告抄读对象成功"                            File: Line:0 Function: Type:Debug:
DateTime:2026-08-28 19:21:40.108:"成功数量：6"                            File: Line:0 Function: Type:Debug:
DateTime:2026-08-28 19:21:40.129:"预告抄读对象总数量：6 全部成功 "                            File: Line:0 Function: Type:Debug:
DateTime:2026-08-28 19:21:40.129:dll输出信息: ""                            File: Line:0 Function: Type:Debug:
DateTime:2026-08-28 19:21:40.129:接口函数调用成功，返回的结果为 0                            File: Line:0 Function: Type:Debug:
DateTime:2026-08-28 19:21:40.129:"外部传入的para：0，返回的result：0,返回的pValRet：0"                            File: Line:0 Function: Type:Debug:
DateTime:2026-08-28 19:21:40.129:"执行接口函数CCO_AFN55_F9完成"                            File: Line:0 Function: Type:Debug:
DateTime:2026-08-28 19:21:40.130:coorIndex 0                            File: Line:0 Function: Type:Debug:
DateTime:2026-08-28 19:21:40.130:当前流程结束                            File: Line:0 Function: Type:Debug:
DateTime:2026-08-28 19:21:40.130:退出connect函数                            File: Line:0 Function: Type:Debug:
DateTime:2026-08-28 19:21:40.130:"=========【Step21-预告抄读对象】结束=========="                            File: Line:0 Function: Type:Debug:
DateTime:2026-08-28 19:21:40.130:"-----------------------------"                            File: Line:0 Function: Type:Debug:
DateTime:2026-08-28 19:21:40.133:"=============执行【Step22-STA上电】==================="                            File: Line:0 Function: Type:Debug:
DateTime:2026-08-28 19:21:40.133:"执行接口函数SimuCorn_power_on"                            File: Line:0 Function: Type:Debug:
DateTime:2026-08-28 19:21:40.133:callWorkFunction: SimuCorn_power_on                            File: Line:0 Function: Type:Debug:
DateTime:2026-08-28 19:21:40.133:找到对应函数，进入执行                            File: Line:0 Function: Type:Debug:
DateTime:2026-08-28 19:21:40.134:"工装发送：68 3E 00 3E 00 68 40 00 00 00 00 00 21 60 00 00 02 00 03 02 01 C9 16"                            File: Line:0 Function: Type:Debug:
DateTime:2026-08-28 19:21:40.134:"工装接收：68 32 00 32 00 68 80 00 00 00 00 00 00 60 00 00 01 00 E1 16"                            File: Line:0 Function: Type:Debug:
DateTime:2026-08-28 19:21:40.134:"m_baRecvMsg:"                            File: Line:0 Function: Type:Debug:
DateTime:2026-08-28 19:21:40.134:"frameList.size():1"                            File: Line:0 Function: Type:Debug:
DateTime:2026-08-28 19:21:40.134:"进入报文解析"                            File: Line:0 Function: Type:Debug:
DateTime:2026-08-28 19:21:40.134:"68 32 00 32 00 68 80 00 00 00 00 00 00 60 00 00 01 00 E1 16"                            File: Line:0 Function: Type:Debug:
DateTime:2026-08-28 19:21:40.134:"解码完成，功能码: 1"                            File: Line:0 Function: Type:Debug:
DateTime:2026-08-28 19:21:40.134:"工装回复确认帧"                            File: Line:0 Function: Type:Debug:
DateTime:2026-08-28 19:21:40.134:"工装发送：68 3E 00 3E 00 68 40 00 00 00 00 00 21 60 00 00 02 00 04 02 01 CA 16"                            File: Line:0 Function: Type:Debug:
DateTime:2026-08-28 19:21:40.135:"工装接收：68 32 00 32 00 68 80 00 00 00 00 00 00 60 00 00 01 00 E1 16"                            File: Line:0 Function: Type:Debug:
DateTime:2026-08-28 19:21:40.135:"m_baRecvMsg:"                            File: Line:0 Function: Type:Debug:
DateTime:2026-08-28 19:21:40.135:"frameList.size():1"                            File: Line:0 Function: Type:Debug:
DateTime:2026-08-28 19:21:40.135:"进入报文解析"                            File: Line:0 Function: Type:Debug:
DateTime:2026-08-28 19:21:40.135:"68 32 00 32 00 68 80 00 00 00 00 00 00 60 00 00 01 00 E1 16"                            File: Line:0 Function: Type:Debug:
DateTime:2026-08-28 19:21:40.135:"解码完成，功能码: 1"                            File: Line:0 Function: Type:Debug:
DateTime:2026-08-28 19:21:40.135:"工装回复确认帧"                            File: Line:0 Function: Type:Debug:
DateTime:2026-08-28 19:21:40.135:"工装发送：68 3E 00 3E 00 68 40 00 00 00 00 00 21 60 00 00 02 00 05 02 01 CB 16"                            File: Line:0 Function: Type:Debug:
DateTime:2026-08-28 19:21:40.136:"工装接收：68 32 00 32 00 68 80 00 00 00 00 00 00 60 00 00 01 00 E1 16"                            File: Line:0 Function: Type:Debug:
DateTime:2026-08-28 19:21:40.136:"m_baRecvMsg:"                            File: Line:0 Function: Type:Debug:
DateTime:2026-08-28 19:21:40.136:"frameList.size():1"                            File: Line:0 Function: Type:Debug:
DateTime:2026-08-28 19:21:40.136:"进入报文解析"                            File: Line:0 Function: Type:Debug:
DateTime:2026-08-28 19:21:40.136:"68 32 00 32 00 68 80 00 00 00 00 00 00 60 00 00 01 00 E1 16"                            File: Line:0 Function: Type:Debug:
DateTime:2026-08-28 19:21:40.136:"解码完成，功能码: 1"                            File: Line:0 Function: Type:Debug:
DateTime:2026-08-28 19:21:40.136:"工装回复确认帧"                            File: Line:0 Function: Type:Debug:
DateTime:2026-08-28 19:21:40.136:"工装发送：68 3E 00 3E 00 68 40 00 00 00 00 00 21 60 00 00 02 00 06 02 01 CC 16"                            File: Line:0 Function: Type:Debug:
DateTime:2026-08-28 19:21:40.136:"工装接收：68 32 00 32 00 68 80 00 00 00 00 00 00 60 00 00 01 00 E1 16"                            File: Line:0 Function: Type:Debug:
DateTime:2026-08-28 19:21:40.136:"m_baRecvMsg:"                            File: Line:0 Function: Type:Debug:
DateTime:2026-08-28 19:21:40.136:"frameList.size():1"                            File: Line:0 Function: Type:Debug:
DateTime:2026-08-28 19:21:40.136:"进入报文解析"                            File: Line:0 Function: Type:Debug:
DateTime:2026-08-28 19:21:40.136:"68 32 00 32 00 68 80 00 00 00 00 00 00 60 00 00 01 00 E1 16"                            File: Line:0 Function: Type:Debug:
DateTime:2026-08-28 19:21:40.137:"解码完成，功能码: 1"                            File: Line:0 Function: Type:Debug:
DateTime:2026-08-28 19:21:40.137:"工装回复确认帧"                            File: Line:0 Function: Type:Debug:
DateTime:2026-08-28 19:21:40.137:"工装发送：68 3E 00 3E 00 68 40 00 00 00 00 00 21 60 00 00 02 00 07 02 01 CD 16"                            File: Line:0 Function: Type:Debug:
DateTime:2026-08-28 19:21:40.137:"工装接收：68 32 00 32 00 68 80 00 00 00 00 00 00 60 00 00 01 00 E1 16"                            File: Line:0 Function: Type:Debug:
DateTime:2026-08-28 19:21:40.137:"m_baRecvMsg:"                            File: Line:0 Function: Type:Debug:
DateTime:2026-08-28 19:21:40.137:"frameList.size():1"                            File: Line:0 Function: Type:Debug:
DateTime:2026-08-28 19:21:40.137:"进入报文解析"                            File: Line:0 Function: Type:Debug:
DateTime:2026-08-28 19:21:40.137:"68 32 00 32 00 68 80 00 00 00 00 00 00 60 00 00 01 00 E1 16"                            File: Line:0 Function: Type:Debug:
DateTime:2026-08-28 19:21:40.137:"解码完成，功能码: 1"                            File: Line:0 Function: Type:Debug:
DateTime:2026-08-28 19:21:40.137:"工装回复确认帧"                            File: Line:0 Function: Type:Debug:
DateTime:2026-08-28 19:21:40.137:"工装发送：68 3E 00 3E 00 68 40 00 00 00 00 00 21 60 00 00 02 00 08 02 01 CE 16"                            File: Line:0 Function: Type:Debug:
DateTime:2026-08-28 19:21:40.138:"工装接收：68 32 00 32 00 68 80 00 00 00 00 00 00 60 00 00 01 00 E1 16"                            File: Line:0 Function: Type:Debug:
DateTime:2026-08-28 19:21:40.138:"m_baRecvMsg:"                            File: Line:0 Function: Type:Debug:
DateTime:2026-08-28 19:21:40.138:"frameList.size():1"                            File: Line:0 Function: Type:Debug:
DateTime:2026-08-28 19:21:40.138:"进入报文解析"                            File: Line:0 Function: Type:Debug:
DateTime:2026-08-28 19:21:40.138:"68 32 00 32 00 68 80 00 00 00 00 00 00 60 00 00 01 00 E1 16"                            File: Line:0 Function: Type:Debug:
DateTime:2026-08-28 19:21:40.138:"解码完成，功能码: 1"                            File: Line:0 Function: Type:Debug:
DateTime:2026-08-28 19:21:40.138:"工装回复确认帧"                            File: Line:0 Function: Type:Debug:
DateTime:2026-08-28 19:21:40.138:"所有槽位上电成功"                            File: Line:0 Function: Type:Debug:
DateTime:2026-08-28 19:21:40.239:dll输出信息: ""                            File: Line:0 Function: Type:Debug:
DateTime:2026-08-28 19:21:40.239:接口函数调用成功，返回的结果为 0                            File: Line:0 Function: Type:Debug:
DateTime:2026-08-28 19:21:40.239:"外部传入的para：0，返回的result：0,返回的pValRet：0"                            File: Line:0 Function: Type:Debug:
DateTime:2026-08-28 19:21:40.239:"执行接口函数SimuCorn_power_on完成"                            File: Line:0 Function: Type:Debug:
DateTime:2026-08-28 19:21:40.240:coorIndex 0                            File: Line:0 Function: Type:Debug:
DateTime:2026-08-28 19:21:40.240:当前流程结束                            File: Line:0 Function: Type:Debug:
DateTime:2026-08-28 19:21:40.240:退出connect函数                            File: Line:0 Function: Type:Debug:
DateTime:2026-08-28 19:21:40.240:"=========【Step22-STA上电】结束=========="                            File: Line:0 Function: Type:Debug:
DateTime:2026-08-28 19:21:40.240:"-----------------------------"                            File: Line:0 Function: Type:Debug:
DateTime:2026-08-28 19:21:40.243:"=============执行【Step23-等待STA入网上报】==================="                            File: Line:0 Function: Type:Debug:
DateTime:2026-08-28 19:21:40.243:"执行接口函数CCO_Func_ON_Boarding_Event"                            File: Line:0 Function: Type:Debug:
DateTime:2026-08-28 19:21:40.243:callWorkFunction: CCO_Func_ON_Boarding_Event                            File: Line:0 Function: Type:Debug:
DateTime:2026-08-28 19:21:40.243:找到对应函数，进入执行                            File: Line:0 Function: Type:Debug:
DateTime:2026-08-28 19:21:40.244:"uTimeSecond_ms:5000"                            File: Line:0 Function: Type:Debug:
DateTime:2026-08-28 19:21:43.266:"等待工装回复超时"                            File: Line:0 Function: Type:Debug:
DateTime:2026-08-28 19:21:46.288:"等待工装回复超时"                            File: Line:0 Function: Type:Debug:
DateTime:2026-08-28 19:21:46.288:"uTimeSecond_ms:5000"                            File: Line:0 Function: Type:Debug:
DateTime:2026-08-28 19:21:49.310:"等待工装回复超时"                            File: Line:0 Function: Type:Debug:
DateTime:2026-08-28 19:21:52.331:"等待工装回复超时"                            File: Line:0 Function: Type:Debug:
DateTime:2026-08-28 19:21:52.331:"uTimeSecond_ms:5000"                            File: Line:0 Function: Type:Debug:
DateTime:2026-08-28 19:21:55.353:"等待工装回复超时"                            File: Line:0 Function: Type:Debug:
DateTime:2026-08-28 19:21:58.375:"等待工装回复超时"                            File: Line:0 Function: Type:Debug:
DateTime:2026-08-28 19:21:58.375:"uTimeSecond_ms:5000"                            File: Line:0 Function: Type:Debug:
DateTime:2026-08-28 19:22:01.397:"等待工装回复超时"                            File: Line:0 Function: Type:Debug:
DateTime:2026-08-28 19:22:04.419:"等待工装回复超时"                            File: Line:0 Function: Type:Debug:
DateTime:2026-08-28 19:22:04.419:"uTimeSecond_ms:5000"                            File: Line:0 Function: Type:Debug:
DateTime:2026-08-28 19:22:07.441:"等待工装回复超时"                            File: Line:0 Function: Type:Debug:
DateTime:2026-08-28 19:22:10.463:"等待工装回复超时"                            File: Line:0 Function: Type:Debug:
DateTime:2026-08-28 19:22:10.463:"uTimeSecond_ms:5000"                            File: Line:0 Function: Type:Debug:
DateTime:2026-08-28 19:22:13.485:"等待工装回复超时"                            File: Line:0 Function: Type:Debug:
DateTime:2026-08-28 19:22:16.507:"等待工装回复超时"                            File: Line:0 Function: Type:Debug:
DateTime:2026-08-28 19:22:16.507:"uTimeSecond_ms:5000"                            File: Line:0 Function: Type:Debug:
DateTime:2026-08-28 19:22:19.529:"等待工装回复超时"                            File: Line:0 Function: Type:Debug:
DateTime:2026-08-28 19:22:22.551:"等待工装回复超时"                            File: Line:0 Function: Type:Debug:
DateTime:2026-08-28 19:22:22.551:"uTimeSecond_ms:5000"                            File: Line:0 Function: Type:Debug:
DateTime:2026-08-28 19:22:25.573:"等待工装回复超时"                            File: Line:0 Function: Type:Debug:
DateTime:2026-08-28 19:22:28.594:"等待工装回复超时"                            File: Line:0 Function: Type:Debug:
DateTime:2026-08-28 19:22:28.594:"uTimeSecond_ms:5000"                            File: Line:0 Function: Type:Debug:
DateTime:2026-08-28 19:22:31.616:"等待工装回复超时"                            File: Line:0 Function: Type:Debug:
DateTime:2026-08-28 19:22:34.638:"等待工装回复超时"                            File: Line:0 Function: Type:Debug:
DateTime:2026-08-28 19:22:34.638:"uTimeSecond_ms:5000"                            File: Line:0 Function: Type:Debug:
DateTime:2026-08-28 19:22:36.566:"工装接收：68 72 01 72 01 68 80 00 00 00 00 00 22 60 00 00 01 00 02 4D 00 68 4D 00 C0 00 00 00 00 00 21 56 02 00 01 12 90 78 56 34 12 36 68 12 90 78 56 34 12 68 81 2A 39 38 37 1E 34 39 36 34 43 33 49 4C 37 34 43 33 49 4C 3A 34 43 33 49 4C 38 34 43 33 49 4C 39 34 43 33 49 4C 3B 34 43 33 49 4C 31 16 9E 16 59 16"                            File: Line:0 Function: Type:Debug:
DateTime:2026-08-28 19:22:36.567:"m_baRecvMsg:"                            File: Line:0 Function: Type:Debug:
DateTime:2026-08-28 19:22:36.567:"rameList.size():"                            File: Line:0 Function: Type:Debug:
DateTime:2026-08-28 19:22:36.567:"进入报文解析"                            File: Line:0 Function: Type:Debug:
DateTime:2026-08-28 19:22:36.567:"68 72 01 72 01 68 80 00 00 00 00 00 22 60 00 00 01 00 02 4D 00 68 4D 00 C0 00 00 00 00 00 21 56 02 00 01 12 90 78 56 34 12 36 68 12 90 78 56 34 12 68 81 2A 39 38 37 1E 34 39 36 34 43 33 49 4C 37 34 43 33 49 4C 3A 34 43 33 49 4C 38 34 43 33 49 4C 39 34 43 33 49 4C 3B 34 43 33 49 4C 31 16 9E 16 59 16"                            File: Line:0 Function: Type:Debug:
DateTime:2026-08-28 19:22:36.567:"解码完成，功能码: 4"                            File: Line:0 Function: Type:Debug:
DateTime:2026-08-28 19:22:36.567:"工装回复透传报文"                            File: Line:0 Function: Type:Debug:
DateTime:2026-08-28 19:22:36.567:"024D00684D00C000000000002156020001129078563412366812907856341268812A3938371E343936344333494C37344333494C3A344333494C38344333494C39344333494C3B344333494C31169E16"                            File: Line:0 Function: Type:Debug:
DateTime:2026-08-28 19:22:36.567:"内容:68 4d 00 c0 00 00 00 00 00 21 56 02 00 01 12 90 78 56 34 12 36 68 12 90 78 56 34 12 68 81 2a 39 38 37 1e 34 39 36 34 43 33 49 4c 37 34 43 33 49 4c 3a 34 43 33 49 4c 38 34 43 33 49 4c 39 34 43 33 49 4c 3b 34 43 33 49 4c 31 16 9e 16"                            File: Line:0 Function: Type:Debug:
DateTime:2026-08-28 19:22:37.675:"等待工装回复超时"                            File: Line:0 Function: Type:Debug:
DateTime:2026-08-28 19:22:37.675:"查找结果: iret=0, wStart=0, dwOutLen=77, dwStreamLen=77, dwFindPos=0"                            File: Line:0 Function: Type:Debug:
DateTime:2026-08-28 19:22:37.675:"Receive:<= 68 4D 00 C0 00 00 00 00 00 21 56 02 00 01 12 90 78 56 34 12 36 68 12 90 78 56 34 12 68 81 2A 39 38 37 1E 34 39 36 34 43 33 49 4C 37 34 43 33 49 4C 3A 34 43 33 49 4C 38 34 43 33 49 4C 39 34 43 33 49 4C 3B 34 43 33 49 4C 31 16 9E 16"                            File: Line:0 Function: Type:Debug:
DateTime:2026-08-28 19:22:37.675:"解析：功能码-AFN=56H,Fn=2："                            File: Line:0 Function: Type:Debug:
DateTime:2026-08-28 19:22:37.675:"Send(确认)：=> 68 0F 00 43 00 00 00 00 00 21 50 01 00 B5 16"                            File: Line:0 Function: Type:Debug:
DateTime:2026-08-28 19:22:37.675:"槽位2透传:687E007E006840000000000022600000010002013C00680F0043000000000021500100B516F916"                            File: Line:0 Function: Type:Debug:
DateTime:2026-08-28 19:22:37.675:"工装发送：68 7E 00 7E 00 68 40 00 00 00 00 00 22 60 00 00 01 00 02 01 3C 00 68 0F 00 43 00 00 00 00 00 21 50 01 00 B5 16 F9 16"                            File: Line:0 Function: Type:Debug:
DateTime:2026-08-28 19:22:37.675:"|****************事件上报状态：************************|"                            File: Line:0 Function: Type:Debug:
DateTime:2026-08-28 19:22:37.675:"地址191600100103：--入网事件上报成功"                            File: Line:0 Function: Type:Debug:
DateTime:2026-08-28 19:22:37.675:"地址191600100104：--入网事件上报成功"                            File: Line:0 Function: Type:Debug:
DateTime:2026-08-28 19:22:37.675:"地址191600100105：--入网事件上报成功"                            File: Line:0 Function: Type:Debug:
DateTime:2026-08-28 19:22:37.675:"地址191600100106：--入网事件上报成功"                            File: Line:0 Function: Type:Debug:
DateTime:2026-08-28 19:22:37.676:"地址191600100107：--入网事件上报成功"                            File: Line:0 Function: Type:Debug:
DateTime:2026-08-28 19:22:37.676:"地址191600100108：--入网事件上报成功"                            File: Line:0 Function: Type:Debug:
DateTime:2026-08-28 19:22:37.676:"|*******************结束*****************************|"                            File: Line:0 Function: Type:Debug:
DateTime:2026-08-28 19:22:47.676:"入网事件测试完成,上报成功率100%."                            File: Line:0 Function: Type:Debug:
DateTime:2026-08-28 19:22:47.676:dll输出信息: ""                            File: Line:0 Function: Type:Debug:
DateTime:2026-08-28 19:22:47.676:接口函数调用成功，返回的结果为 0                            File: Line:0 Function: Type:Debug:
DateTime:2026-08-28 19:22:47.676:"外部传入的para：0，返回的result：0,返回的pValRet：0"                            File: Line:0 Function: Type:Debug:
DateTime:2026-08-28 19:22:47.676:"执行接口函数CCO_Func_ON_Boarding_Event完成"                            File: Line:0 Function: Type:Debug:
DateTime:2026-08-28 19:22:47.677:coorIndex 0                            File: Line:0 Function: Type:Debug:
DateTime:2026-08-28 19:22:47.677:当前流程结束                            File: Line:0 Function: Type:Debug:
DateTime:2026-08-28 19:22:47.677:退出connect函数                            File: Line:0 Function: Type:Debug:
DateTime:2026-08-28 19:22:47.677:"=========【Step23-等待STA入网上报】结束=========="                            File: Line:0 Function: Type:Debug:
DateTime:2026-08-28 19:22:47.678:"-----------------------------"                            File: Line:0 Function: Type:Debug:
DateTime:2026-08-28 19:22:47.681:"=============执行【Step24-STA断电等待离网】==================="                            File: Line:0 Function: Type:Debug:
DateTime:2026-08-28 19:22:47.681:"执行接口函数SimuCorn_power_off"                            File: Line:0 Function: Type:Debug:
DateTime:2026-08-28 19:22:47.681:callWorkFunction: SimuCorn_power_off                            File: Line:0 Function: Type:Debug:
DateTime:2026-08-28 19:22:47.681:找到对应函数，进入执行                            File: Line:0 Function: Type:Debug:
DateTime:2026-08-28 19:22:47.681:"工装发送：68 3E 00 3E 00 68 40 00 00 00 00 00 21 60 00 00 02 00 03 02 00 C8 16"                            File: Line:0 Function: Type:Debug:
DateTime:2026-08-28 19:22:47.682:"工装接收：68 32 00 32 00 68 80 00 00 00 00 00 00 60 00 00 01 00 E1 16 68 32 00 32 00 68 80 00 00 00 00 00 00 60 00 00 01 00 E1 16"                            File: Line:0 Function: Type:Debug:
DateTime:2026-08-28 19:22:47.682:"m_baRecvMsg:"                            File: Line:0 Function: Type:Debug:
DateTime:2026-08-28 19:22:47.682:"frameList.size():2"                            File: Line:0 Function: Type:Debug:
DateTime:2026-08-28 19:22:47.682:"进入报文解析"                            File: Line:0 Function: Type:Debug:
DateTime:2026-08-28 19:22:47.682:"68 32 00 32 00 68 80 00 00 00 00 00 00 60 00 00 01 00 E1 16"                            File: Line:0 Function: Type:Debug:
DateTime:2026-08-28 19:22:47.682:"解码完成，功能码: 1"                            File: Line:0 Function: Type:Debug:
DateTime:2026-08-28 19:22:47.682:"工装回复确认帧"                            File: Line:0 Function: Type:Debug:
DateTime:2026-08-28 19:22:47.682:"工装发送：68 3E 00 3E 00 68 40 00 00 00 00 00 21 60 00 00 02 00 04 02 00 C9 16"                            File: Line:0 Function: Type:Debug:
DateTime:2026-08-28 19:22:47.683:"工装接收：68 32 00 32 00 68 80 00 00 00 00 00 00 60 00 00 01 00 E1 16"                            File: Line:0 Function: Type:Debug:
DateTime:2026-08-28 19:22:47.683:"m_baRecvMsg:"                            File: Line:0 Function: Type:Debug:
DateTime:2026-08-28 19:22:47.683:"frameList.size():1"                            File: Line:0 Function: Type:Debug:
DateTime:2026-08-28 19:22:47.683:"进入报文解析"                            File: Line:0 Function: Type:Debug:
DateTime:2026-08-28 19:22:47.683:"68 32 00 32 00 68 80 00 00 00 00 00 00 60 00 00 01 00 E1 16"                            File: Line:0 Function: Type:Debug:
DateTime:2026-08-28 19:22:47.683:"解码完成，功能码: 1"                            File: Line:0 Function: Type:Debug:
DateTime:2026-08-28 19:22:47.683:"工装回复确认帧"                            File: Line:0 Function: Type:Debug:
DateTime:2026-08-28 19:22:47.683:"工装发送：68 3E 00 3E 00 68 40 00 00 00 00 00 21 60 00 00 02 00 05 02 00 CA 16"                            File: Line:0 Function: Type:Debug:
DateTime:2026-08-28 19:22:47.683:"工装接收：68 32 00 32 00 68 80 00 00 00 00 00 00 60 00 00 01 00 E1 16"                            File: Line:0 Function: Type:Debug:
DateTime:2026-08-28 19:22:47.683:"m_baRecvMsg:"                            File: Line:0 Function: Type:Debug:
DateTime:2026-08-28 19:22:47.683:"frameList.size():1"                            File: Line:0 Function: Type:Debug:
DateTime:2026-08-28 19:22:47.683:"进入报文解析"                            File: Line:0 Function: Type:Debug:
DateTime:2026-08-28 19:22:47.683:"68 32 00 32 00 68 80 00 00 00 00 00 00 60 00 00 01 00 E1 16"                            File: Line:0 Function: Type:Debug:
DateTime:2026-08-28 19:22:47.683:"解码完成，功能码: 1"                            File: Line:0 Function: Type:Debug:
DateTime:2026-08-28 19:22:47.684:"工装回复确认帧"                            File: Line:0 Function: Type:Debug:
DateTime:2026-08-28 19:22:47.684:"工装发送：68 3E 00 3E 00 68 40 00 00 00 00 00 21 60 00 00 02 00 06 02 00 CB 16"                            File: Line:0 Function: Type:Debug:
DateTime:2026-08-28 19:22:47.684:"工装接收：68 32 00 32 00 68 80 00 00 00 00 00 00 60 00 00 01 00 E1 16"                            File: Line:0 Function: Type:Debug:
DateTime:2026-08-28 19:22:47.684:"m_baRecvMsg:"                            File: Line:0 Function: Type:Debug:
DateTime:2026-08-28 19:22:47.684:"frameList.size():1"                            File: Line:0 Function: Type:Debug:
DateTime:2026-08-28 19:22:47.684:"进入报文解析"                            File: Line:0 Function: Type:Debug:
DateTime:2026-08-28 19:22:47.684:"68 32 00 32 00 68 80 00 00 00 00 00 00 60 00 00 01 00 E1 16"                            File: Line:0 Function: Type:Debug:
DateTime:2026-08-28 19:22:47.684:"解码完成，功能码: 1"                            File: Line:0 Function: Type:Debug:
DateTime:2026-08-28 19:22:47.684:"工装回复确认帧"                            File: Line:0 Function: Type:Debug:
DateTime:2026-08-28 19:22:47.684:"工装发送：68 3E 00 3E 00 68 40 00 00 00 00 00 21 60 00 00 02 00 07 02 00 CC 16"                            File: Line:0 Function: Type:Debug:
DateTime:2026-08-28 19:22:47.685:"工装接收：68 32 00 32 00 68 80 00 00 00 00 00 00 60 00 00 01 00 E1 16"                            File: Line:0 Function: Type:Debug:
DateTime:2026-08-28 19:22:47.685:"m_baRecvMsg:"                            File: Line:0 Function: Type:Debug:
DateTime:2026-08-28 19:22:47.685:"frameList.size():1"                            File: Line:0 Function: Type:Debug:
DateTime:2026-08-28 19:22:47.685:"进入报文解析"                            File: Line:0 Function: Type:Debug:
DateTime:2026-08-28 19:22:47.685:"68 32 00 32 00 68 80 00 00 00 00 00 00 60 00 00 01 00 E1 16"                            File: Line:0 Function: Type:Debug:
DateTime:2026-08-28 19:22:47.685:"解码完成，功能码: 1"                            File: Line:0 Function: Type:Debug:
DateTime:2026-08-28 19:22:47.685:"工装回复确认帧"                            File: Line:0 Function: Type:Debug:
DateTime:2026-08-28 19:22:47.685:"工装发送：68 3E 00 3E 00 68 40 00 00 00 00 00 21 60 00 00 02 00 08 02 00 CD 16"                            File: Line:0 Function: Type:Debug:
DateTime:2026-08-28 19:22:47.685:"工装接收：68 32 00 32 00 68 80 00 00 00 00 00 00 60 00 00 01 00 E1 16"                            File: Line:0 Function: Type:Debug:
DateTime:2026-08-28 19:22:47.686:"m_baRecvMsg:"                            File: Line:0 Function: Type:Debug:
DateTime:2026-08-28 19:22:47.686:"frameList.size():1"                            File: Line:0 Function: Type:Debug:
DateTime:2026-08-28 19:22:47.686:"进入报文解析"                            File: Line:0 Function: Type:Debug:
DateTime:2026-08-28 19:22:47.686:"68 32 00 32 00 68 80 00 00 00 00 00 00 60 00 00 01 00 E1 16"                            File: Line:0 Function: Type:Debug:
DateTime:2026-08-28 19:22:47.686:"解码完成，功能码: 1"                            File: Line:0 Function: Type:Debug:
DateTime:2026-08-28 19:22:47.686:"工装回复确认帧"                            File: Line:0 Function: Type:Debug:
DateTime:2026-08-28 19:22:47.686:"所有槽位下电成功"                            File: Line:0 Function: Type:Debug:
DateTime:2026-08-28 19:22:47.787:dll输出信息: ""                            File: Line:0 Function: Type:Debug:
DateTime:2026-08-28 19:22:47.787:接口函数调用成功，返回的结果为 0                            File: Line:0 Function: Type:Debug:
DateTime:2026-08-28 19:22:47.787:"外部传入的para：0，返回的result：0,返回的pValRet：0"                            File: Line:0 Function: Type:Debug:
DateTime:2026-08-28 19:22:47.787:"执行接口函数SimuCorn_power_off完成"                            File: Line:0 Function: Type:Debug:
DateTime:2026-08-28 19:22:47.788:coorIndex 0                            File: Line:0 Function: Type:Debug:
DateTime:2026-08-28 19:22:47.788:当前流程结束                            File: Line:0 Function: Type:Debug:
DateTime:2026-08-28 19:22:47.788:退出connect函数                            File: Line:0 Function: Type:Debug:
DateTime:2026-08-28 19:22:47.788:"=========【Step24-STA断电等待离网】结束=========="                            File: Line:0 Function: Type:Debug:
DateTime:2026-08-28 19:22:47.788:"-----------------------------"                            File: Line:0 Function: Type:Debug:
DateTime:2026-08-28 19:22:47.791:"=============执行【Step25-等待STA离网上报】==================="                            File: Line:0 Function: Type:Debug:
DateTime:2026-08-28 19:22:47.791:"执行接口函数CCO_Func_OFF_Boarding_Event"                            File: Line:0 Function: Type:Debug:
DateTime:2026-08-28 19:22:47.791:callWorkFunction: CCO_Func_OFF_Boarding_Event                            File: Line:0 Function: Type:Debug:
DateTime:2026-08-28 19:22:47.791:找到对应函数，进入执行                            File: Line:0 Function: Type:Debug:
DateTime:2026-08-28 19:22:47.792:"uTimeSecond_ms:5000"                            File: Line:0 Function: Type:Debug:
DateTime:2026-08-28 19:22:50.814:"等待工装回复超时"                            File: Line:0 Function: Type:Debug:
DateTime:2026-08-28 19:22:53.836:"等待工装回复超时"                            File: Line:0 Function: Type:Debug:
DateTime:2026-08-28 19:22:53.836:"uTimeSecond_ms:5000"                            File: Line:0 Function: Type:Debug:
DateTime:2026-08-28 19:22:56.858:"等待工装回复超时"                            File: Line:0 Function: Type:Debug:
DateTime:2026-08-28 19:22:59.880:"等待工装回复超时"                            File: Line:0 Function: Type:Debug:
DateTime:2026-08-28 19:22:59.880:"uTimeSecond_ms:5000"                            File: Line:0 Function: Type:Debug:
DateTime:2026-08-28 19:23:02.902:"等待工装回复超时"                            File: Line:0 Function: Type:Debug:
DateTime:2026-08-28 19:23:05.924:"等待工装回复超时"                            File: Line:0 Function: Type:Debug:
DateTime:2026-08-28 19:23:05.924:"uTimeSecond_ms:5000"                            File: Line:0 Function: Type:Debug:
DateTime:2026-08-28 19:23:08.946:"等待工装回复超时"                            File: Line:0 Function: Type:Debug:
DateTime:2026-08-28 19:23:11.968:"等待工装回复超时"                            File: Line:0 Function: Type:Debug:
DateTime:2026-08-28 19:23:11.968:"uTimeSecond_ms:5000"                            File: Line:0 Function: Type:Debug:
DateTime:2026-08-28 19:23:14.989:"等待工装回复超时"                            File: Line:0 Function: Type:Debug:
DateTime:2026-08-28 19:23:18.011:"等待工装回复超时"                            File: Line:0 Function: Type:Debug:
DateTime:2026-08-28 19:23:18.011:"uTimeSecond_ms:5000"                            File: Line:0 Function: Type:Debug:
DateTime:2026-08-28 19:23:21.033:"等待工装回复超时"                            File: Line:0 Function: Type:Debug:
DateTime:2026-08-28 19:23:24.055:"等待工装回复超时"                            File: Line:0 Function: Type:Debug:
DateTime:2026-08-28 19:23:24.055:"uTimeSecond_ms:5000"                            File: Line:0 Function: Type:Debug:
DateTime:2026-08-28 19:23:27.077:"等待工装回复超时"                            File: Line:0 Function: Type:Debug:
DateTime:2026-08-28 19:23:30.099:"等待工装回复超时"                            File: Line:0 Function: Type:Debug:
DateTime:2026-08-28 19:23:30.099:"uTimeSecond_ms:5000"                            File: Line:0 Function: Type:Debug:
DateTime:2026-08-28 19:23:33.121:"等待工装回复超时"                            File: Line:0 Function: Type:Debug:
DateTime:2026-08-28 19:23:36.143:"等待工装回复超时"                            File: Line:0 Function: Type:Debug:
DateTime:2026-08-28 19:23:36.143:"uTimeSecond_ms:5000"                            File: Line:0 Function: Type:Debug:
DateTime:2026-08-28 19:23:39.165:"等待工装回复超时"                            File: Line:0 Function: Type:Debug:
DateTime:2026-08-28 19:23:42.187:"等待工装回复超时"                            File: Line:0 Function: Type:Debug:
DateTime:2026-08-28 19:23:42.187:"uTimeSecond_ms:5000"                            File: Line:0 Function: Type:Debug:
DateTime:2026-08-28 19:23:45.209:"等待工装回复超时"                            File: Line:0 Function: Type:Debug:
DateTime:2026-08-28 19:23:48.231:"等待工装回复超时"                            File: Line:0 Function: Type:Debug:
DateTime:2026-08-28 19:23:48.231:"uTimeSecond_ms:5000"                            File: Line:0 Function: Type:Debug:
DateTime:2026-08-28 19:23:51.252:"等待工装回复超时"                            File: Line:0 Function: Type:Debug:
DateTime:2026-08-28 19:23:54.274:"等待工装回复超时"                            File: Line:0 Function: Type:Debug:
DateTime:2026-08-28 19:23:54.274:"uTimeSecond_ms:5000"                            File: Line:0 Function: Type:Debug:
DateTime:2026-08-28 19:23:57.296:"等待工装回复超时"                            File: Line:0 Function: Type:Debug:
DateTime:2026-08-28 19:24:00.318:"等待工装回复超时"                            File: Line:0 Function: Type:Debug:
DateTime:2026-08-28 19:24:00.318:"uTimeSecond_ms:5000"                            File: Line:0 Function: Type:Debug:
DateTime:2026-08-28 19:24:03.340:"等待工装回复超时"                            File: Line:0 Function: Type:Debug:
DateTime:2026-08-28 19:24:06.362:"等待工装回复超时"                            File: Line:0 Function: Type:Debug:
DateTime:2026-08-28 19:24:06.362:"uTimeSecond_ms:5000"                            File: Line:0 Function: Type:Debug:
DateTime:2026-08-28 19:24:09.384:"等待工装回复超时"                            File: Line:0 Function: Type:Debug:
DateTime:2026-08-28 19:24:12.406:"等待工装回复超时"                            File: Line:0 Function: Type:Debug:
DateTime:2026-08-28 19:24:12.406:"uTimeSecond_ms:5000"                            File: Line:0 Function: Type:Debug:
DateTime:2026-08-28 19:24:15.428:"等待工装回复超时"                            File: Line:0 Function: Type:Debug:
DateTime:2026-08-28 19:24:18.450:"等待工装回复超时"                            File: Line:0 Function: Type:Debug:
DateTime:2026-08-28 19:24:18.450:"uTimeSecond_ms:5000"                            File: Line:0 Function: Type:Debug:
DateTime:2026-08-28 19:24:21.472:"等待工装回复超时"                            File: Line:0 Function: Type:Debug:
DateTime:2026-08-28 19:24:24.494:"等待工装回复超时"                            File: Line:0 Function: Type:Debug:
DateTime:2026-08-28 19:24:24.494:"uTimeSecond_ms:5000"                            File: Line:0 Function: Type:Debug:
DateTime:2026-08-28 19:24:27.516:"等待工装回复超时"                            File: Line:0 Function: Type:Debug:
DateTime:2026-08-28 19:24:30.537:"等待工装回复超时"                            File: Line:0 Function: Type:Debug:
DateTime:2026-08-28 19:24:30.537:"uTimeSecond_ms:5000"                            File: Line:0 Function: Type:Debug:
DateTime:2026-08-28 19:24:33.559:"等待工装回复超时"                            File: Line:0 Function: Type:Debug:
DateTime:2026-08-28 19:24:36.581:"等待工装回复超时"                            File: Line:0 Function: Type:Debug:
DateTime:2026-08-28 19:24:36.581:"uTimeSecond_ms:5000"                            File: Line:0 Function: Type:Debug:
DateTime:2026-08-28 19:24:39.603:"等待工装回复超时"                            File: Line:0 Function: Type:Debug:
DateTime:2026-08-28 19:24:42.625:"等待工装回复超时"                            File: Line:0 Function: Type:Debug:
DateTime:2026-08-28 19:24:42.625:"uTimeSecond_ms:5000"                            File: Line:0 Function: Type:Debug:
DateTime:2026-08-28 19:24:45.647:"等待工装回复超时"                            File: Line:0 Function: Type:Debug:
DateTime:2026-08-28 19:24:48.669:"等待工装回复超时"                            File: Line:0 Function: Type:Debug:
DateTime:2026-08-28 19:24:48.669:"uTimeSecond_ms:5000"                            File: Line:0 Function: Type:Debug:
DateTime:2026-08-28 19:24:51.691:"等待工装回复超时"                            File: Line:0 Function: Type:Debug:
DateTime:2026-08-28 19:24:54.713:"等待工装回复超时"                            File: Line:0 Function: Type:Debug:
DateTime:2026-08-28 19:24:54.713:"uTimeSecond_ms:5000"                            File: Line:0 Function: Type:Debug:
DateTime:2026-08-28 19:24:57.735:"等待工装回复超时"                            File: Line:0 Function: Type:Debug:
DateTime:2026-08-28 19:25:00.757:"等待工装回复超时"                            File: Line:0 Function: Type:Debug:
DateTime:2026-08-28 19:25:00.757:"uTimeSecond_ms:5000"                            File: Line:0 Function: Type:Debug:
DateTime:2026-08-28 19:25:03.779:"等待工装回复超时"                            File: Line:0 Function: Type:Debug:
DateTime:2026-08-28 19:25:06.801:"等待工装回复超时"                            File: Line:0 Function: Type:Debug:
DateTime:2026-08-28 19:25:06.801:"uTimeSecond_ms:5000"                            File: Line:0 Function: Type:Debug:
DateTime:2026-08-28 19:25:09.822:"等待工装回复超时"                            File: Line:0 Function: Type:Debug:
DateTime:2026-08-28 19:25:12.844:"等待工装回复超时"                            File: Line:0 Function: Type:Debug:
DateTime:2026-08-28 19:25:12.844:"uTimeSecond_ms:5000"                            File: Line:0 Function: Type:Debug:
DateTime:2026-08-28 19:25:15.866:"等待工装回复超时"                            File: Line:0 Function: Type:Debug:
DateTime:2026-08-28 19:25:18.888:"等待工装回复超时"                            File: Line:0 Function: Type:Debug:
DateTime:2026-08-28 19:25:18.888:"uTimeSecond_ms:5000"                            File: Line:0 Function: Type:Debug:
DateTime:2026-08-28 19:25:21.910:"等待工装回复超时"                            File: Line:0 Function: Type:Debug:
DateTime:2026-08-28 19:25:24.932:"等待工装回复超时"                            File: Line:0 Function: Type:Debug:
DateTime:2026-08-28 19:25:24.932:"uTimeSecond_ms:5000"                            File: Line:0 Function: Type:Debug:
DateTime:2026-08-28 19:25:26.087:"工装接收：68 7A 00 7A 00 68 80 00 00 00 00 00 22 60 00 00 01 00 02 0F 00 68 0F 00 C3 00 00 00 00 00 22 14 02 00 FB 16 97 16"                            File: Line:0 Function: Type:Debug:
DateTime:2026-08-28 19:25:26.087:"m_baRecvMsg:"                            File: Line:0 Function: Type:Debug:
DateTime:2026-08-28 19:25:26.087:"rameList.size():"                            File: Line:0 Function: Type:Debug:
DateTime:2026-08-28 19:25:26.087:"进入报文解析"                            File: Line:0 Function: Type:Debug:
DateTime:2026-08-28 19:25:26.087:"68 7A 00 7A 00 68 80 00 00 00 00 00 22 60 00 00 01 00 02 0F 00 68 0F 00 C3 00 00 00 00 00 22 14 02 00 FB 16 97 16"                            File: Line:0 Function: Type:Debug:
DateTime:2026-08-28 19:25:26.087:"解码完成，功能码: 4"                            File: Line:0 Function: Type:Debug:
DateTime:2026-08-28 19:25:26.087:"工装回复透传报文"                            File: Line:0 Function: Type:Debug:
DateTime:2026-08-28 19:25:26.087:"020F00680F00C3000000000022140200FB16"                            File: Line:0 Function: Type:Debug:
DateTime:2026-08-28 19:25:26.087:"内容:68 0f 00 c3 00 00 00 00 00 22 14 02 00 fb 16"                            File: Line:0 Function: Type:Debug:
DateTime:2026-08-28 19:25:28.001:"等待工装回复超时"                            File: Line:0 Function: Type:Debug:
DateTime:2026-08-28 19:25:28.001:"查找结果: iret=0, wStart=0, dwOutLen=15, dwStreamLen=15, dwFindPos=0"                            File: Line:0 Function: Type:Debug:
DateTime:2026-08-28 19:25:28.001:"Receive:<= 68 0F 00 C3 00 00 00 00 00 22 14 02 00 FB 16"                            File: Line:0 Function: Type:Debug:
DateTime:2026-08-28 19:25:28.001:"解析：功能码-AFN=14H,Fn=2："                            File: Line:0 Function: Type:Debug:
DateTime:2026-08-28 19:25:28.001:"Send(回复路由请求集中器时钟)：=> 68 15 00 03 00 00 00 00 00 22 14 02 00 28 25 19 28 08 26 F7 16"                            File: Line:0 Function: Type:Debug:
DateTime:2026-08-28 19:25:28.001:"槽位2透传:68960096006840000000000022600000010002013C0068150003000000000022140200282519280826F7168316"                            File: Line:0 Function: Type:Debug:
DateTime:2026-08-28 19:25:28.001:"工装发送：68 96 00 96 00 68 40 00 00 00 00 00 22 60 00 00 01 00 02 01 3C 00 68 15 00 03 00 00 00 00 00 22 14 02 00 28 25 19 28 08 26 F7 16 83 16"                            File: Line:0 Function: Type:Debug:
DateTime:2026-08-28 19:25:28.026:"工装接收：68 32 00 32 00 68 80 00 00 00 00 00 00 60 00 00 01 00 E1 16"                            File: Line:0 Function: Type:Debug:
DateTime:2026-08-28 19:25:28.026:"m_baRecvMsg:"                            File: Line:0 Function: Type:Debug:
DateTime:2026-08-28 19:25:28.026:"rameList.size():"                            File: Line:0 Function: Type:Debug:
DateTime:2026-08-28 19:25:28.026:"进入报文解析"                            File: Line:0 Function: Type:Debug:
DateTime:2026-08-28 19:25:28.026:"68 32 00 32 00 68 80 00 00 00 00 00 00 60 00 00 01 00 E1 16"                            File: Line:0 Function: Type:Debug:
DateTime:2026-08-28 19:25:28.026:"解码完成，功能码: 1"                            File: Line:0 Function: Type:Debug:
DateTime:2026-08-28 19:25:28.026:"工装回复确认帧"                            File: Line:0 Function: Type:Debug:
DateTime:2026-08-28 19:25:31.048:"uTimeSecond_ms:5000"                            File: Line:0 Function: Type:Debug:
DateTime:2026-08-28 19:25:34.070:"等待工装回复超时"                            File: Line:0 Function: Type:Debug:
DateTime:2026-08-28 19:25:37.092:"等待工装回复超时"                            File: Line:0 Function: Type:Debug:
DateTime:2026-08-28 19:25:37.092:"uTimeSecond_ms:5000"                            File: Line:0 Function: Type:Debug:
DateTime:2026-08-28 19:25:40.113:"等待工装回复超时"                            File: Line:0 Function: Type:Debug:
DateTime:2026-08-28 19:25:43.135:"等待工装回复超时"                            File: Line:0 Function: Type:Debug:
DateTime:2026-08-28 19:25:43.135:"uTimeSecond_ms:5000"                            File: Line:0 Function: Type:Debug:
DateTime:2026-08-28 19:25:46.157:"等待工装回复超时"                            File: Line:0 Function: Type:Debug:
DateTime:2026-08-28 19:25:49.179:"等待工装回复超时"                            File: Line:0 Function: Type:Debug:
DateTime:2026-08-28 19:25:49.179:"uTimeSecond_ms:5000"                            File: Line:0 Function: Type:Debug:
DateTime:2026-08-28 19:25:52.201:"等待工装回复超时"                            File: Line:0 Function: Type:Debug:
DateTime:2026-08-28 19:25:55.223:"等待工装回复超时"                            File: Line:0 Function: Type:Debug:
DateTime:2026-08-28 19:25:55.223:"uTimeSecond_ms:5000"                            File: Line:0 Function: Type:Debug:
DateTime:2026-08-28 19:25:58.245:"等待工装回复超时"                            File: Line:0 Function: Type:Debug:
DateTime:2026-08-28 19:26:01.267:"等待工装回复超时"                            File: Line:0 Function: Type:Debug:
DateTime:2026-08-28 19:26:01.267:"uTimeSecond_ms:5000"                            File: Line:0 Function: Type:Debug:
DateTime:2026-08-28 19:26:04.289:"等待工装回复超时"                            File: Line:0 Function: Type:Debug:
DateTime:2026-08-28 19:26:07.311:"等待工装回复超时"                            File: Line:0 Function: Type:Debug:
DateTime:2026-08-28 19:26:07.311:"uTimeSecond_ms:5000"                            File: Line:0 Function: Type:Debug:
DateTime:2026-08-28 19:26:10.333:"等待工装回复超时"                            File: Line:0 Function: Type:Debug:
DateTime:2026-08-28 19:26:13.355:"等待工装回复超时"                            File: Line:0 Function: Type:Debug:
DateTime:2026-08-28 19:26:13.355:"uTimeSecond_ms:5000"                            File: Line:0 Function: Type:Debug:
DateTime:2026-08-28 19:26:16.376:"等待工装回复超时"                            File: Line:0 Function: Type:Debug:
DateTime:2026-08-28 19:26:19.398:"等待工装回复超时"                            File: Line:0 Function: Type:Debug:
DateTime:2026-08-28 19:26:19.398:"uTimeSecond_ms:5000"                            File: Line:0 Function: Type:Debug:
DateTime:2026-08-28 19:26:22.420:"等待工装回复超时"                            File: Line:0 Function: Type:Debug:
DateTime:2026-08-28 19:26:25.442:"等待工装回复超时"                            File: Line:0 Function: Type:Debug:
DateTime:2026-08-28 19:26:25.442:"uTimeSecond_ms:5000"                            File: Line:0 Function: Type:Debug:
DateTime:2026-08-28 19:26:28.464:"等待工装回复超时"                            File: Line:0 Function: Type:Debug:
DateTime:2026-08-28 19:26:31.486:"等待工装回复超时"                            File: Line:0 Function: Type:Debug:
DateTime:2026-08-28 19:26:31.486:"uTimeSecond_ms:5000"                            File: Line:0 Function: Type:Debug:
DateTime:2026-08-28 19:26:34.508:"等待工装回复超时"                            File: Line:0 Function: Type:Debug:
DateTime:2026-08-28 19:26:37.530:"等待工装回复超时"                            File: Line:0 Function: Type:Debug:
DateTime:2026-08-28 19:26:37.530:"uTimeSecond_ms:5000"                            File: Line:0 Function: Type:Debug:
DateTime:2026-08-28 19:26:40.552:"等待工装回复超时"                            File: Line:0 Function: Type:Debug:
DateTime:2026-08-28 19:26:43.574:"等待工装回复超时"                            File: Line:0 Function: Type:Debug:
DateTime:2026-08-28 19:26:43.574:"uTimeSecond_ms:5000"                            File: Line:0 Function: Type:Debug:
DateTime:2026-08-28 19:26:46.596:"等待工装回复超时"                            File: Line:0 Function: Type:Debug:
DateTime:2026-08-28 19:26:49.618:"等待工装回复超时"                            File: Line:0 Function: Type:Debug:
DateTime:2026-08-28 19:26:49.618:"uTimeSecond_ms:5000"                            File: Line:0 Function: Type:Debug:
DateTime:2026-08-28 19:26:52.640:"等待工装回复超时"                            File: Line:0 Function: Type:Debug:
DateTime:2026-08-28 19:26:55.661:"等待工装回复超时"                            File: Line:0 Function: Type:Debug:
DateTime:2026-08-28 19:26:55.661:"uTimeSecond_ms:5000"                            File: Line:0 Function: Type:Debug:
DateTime:2026-08-28 19:26:58.683:"等待工装回复超时"                            File: Line:0 Function: Type:Debug:
DateTime:2026-08-28 19:27:01.705:"等待工装回复超时"                            File: Line:0 Function: Type:Debug:
DateTime:2026-08-28 19:27:01.705:"uTimeSecond_ms:5000"                            File: Line:0 Function: Type:Debug:
DateTime:2026-08-28 19:27:04.727:"等待工装回复超时"                            File: Line:0 Function: Type:Debug:
DateTime:2026-08-28 19:27:07.749:"等待工装回复超时"                            File: Line:0 Function: Type:Debug:
DateTime:2026-08-28 19:27:07.749:"uTimeSecond_ms:5000"                            File: Line:0 Function: Type:Debug:
DateTime:2026-08-28 19:27:10.771:"等待工装回复超时"                            File: Line:0 Function: Type:Debug:
DateTime:2026-08-28 19:27:13.793:"等待工装回复超时"                            File: Line:0 Function: Type:Debug:
DateTime:2026-08-28 19:27:13.793:"uTimeSecond_ms:5000"                            File: Line:0 Function: Type:Debug:
DateTime:2026-08-28 19:27:16.815:"等待工装回复超时"                            File: Line:0 Function: Type:Debug:
DateTime:2026-08-28 19:27:19.837:"等待工装回复超时"                            File: Line:0 Function: Type:Debug:
DateTime:2026-08-28 19:27:19.837:"uTimeSecond_ms:5000"                            File: Line:0 Function: Type:Debug:
DateTime:2026-08-28 19:27:22.859:"等待工装回复超时"                            File: Line:0 Function: Type:Debug:
DateTime:2026-08-28 19:27:25.881:"等待工装回复超时"                            File: Line:0 Function: Type:Debug:
DateTime:2026-08-28 19:27:25.881:"uTimeSecond_ms:5000"                            File: Line:0 Function: Type:Debug:
DateTime:2026-08-28 19:27:28.903:"等待工装回复超时"                            File: Line:0 Function: Type:Debug:
DateTime:2026-08-28 19:27:31.924:"等待工装回复超时"                            File: Line:0 Function: Type:Debug:
DateTime:2026-08-28 19:27:31.924:"uTimeSecond_ms:5000"                            File: Line:0 Function: Type:Debug:
DateTime:2026-08-28 19:27:34.946:"等待工装回复超时"                            File: Line:0 Function: Type:Debug:
DateTime:2026-08-28 19:27:37.968:"等待工装回复超时"                            File: Line:0 Function: Type:Debug:
DateTime:2026-08-28 19:27:37.968:"uTimeSecond_ms:5000"                            File: Line:0 Function: Type:Debug:
DateTime:2026-08-28 19:27:40.990:"等待工装回复超时"                            File: Line:0 Function: Type:Debug:
DateTime:2026-08-28 19:27:44.012:"等待工装回复超时"                            File: Line:0 Function: Type:Debug:
DateTime:2026-08-28 19:27:44.012:"uTimeSecond_ms:5000"                            File: Line:0 Function: Type:Debug:
DateTime:2026-08-28 19:27:47.034:"等待工装回复超时"                            File: Line:0 Function: Type:Debug:
DateTime:2026-08-28 19:27:50.056:"等待工装回复超时"                            File: Line:0 Function: Type:Debug:
DateTime:2026-08-28 19:27:50.056:"uTimeSecond_ms:5000"                            File: Line:0 Function: Type:Debug:
DateTime:2026-08-28 19:27:53.078:"等待工装回复超时"                            File: Line:0 Function: Type:Debug:
DateTime:2026-08-28 19:27:56.100:"等待工装回复超时"                            File: Line:0 Function: Type:Debug:
DateTime:2026-08-28 19:27:56.100:"uTimeSecond_ms:5000"                            File: Line:0 Function: Type:Debug:
DateTime:2026-08-28 19:27:59.122:"等待工装回复超时"                            File: Line:0 Function: Type:Debug:
DateTime:2026-08-28 19:28:02.144:"等待工装回复超时"                            File: Line:0 Function: Type:Debug:
DateTime:2026-08-28 19:28:02.144:"uTimeSecond_ms:5000"                            File: Line:0 Function: Type:Debug:
DateTime:2026-08-28 19:28:05.166:"等待工装回复超时"                            File: Line:0 Function: Type:Debug:
DateTime:2026-08-28 19:28:08.188:"等待工装回复超时"                            File: Line:0 Function: Type:Debug:
DateTime:2026-08-28 19:28:08.188:"uTimeSecond_ms:5000"                            File: Line:0 Function: Type:Debug:
DateTime:2026-08-28 19:28:11.209:"等待工装回复超时"                            File: Line:0 Function: Type:Debug:
DateTime:2026-08-28 19:28:14.231:"等待工装回复超时"                            File: Line:0 Function: Type:Debug:
DateTime:2026-08-28 19:28:14.231:"uTimeSecond_ms:5000"                            File: Line:0 Function: Type:Debug:
DateTime:2026-08-28 19:28:17.253:"等待工装回复超时"                            File: Line:0 Function: Type:Debug:
DateTime:2026-08-28 19:28:20.275:"等待工装回复超时"                            File: Line:0 Function: Type:Debug:
DateTime:2026-08-28 19:28:20.275:"uTimeSecond_ms:5000"                            File: Line:0 Function: Type:Debug:
DateTime:2026-08-28 19:28:23.297:"等待工装回复超时"                            File: Line:0 Function: Type:Debug:
DateTime:2026-08-28 19:28:26.319:"等待工装回复超时"                            File: Line:0 Function: Type:Debug:
DateTime:2026-08-28 19:28:26.319:"uTimeSecond_ms:5000"                            File: Line:0 Function: Type:Debug:
DateTime:2026-08-28 19:28:29.341:"等待工装回复超时"                            File: Line:0 Function: Type:Debug:
DateTime:2026-08-28 19:28:32.363:"等待工装回复超时"                            File: Line:0 Function: Type:Debug:
DateTime:2026-08-28 19:28:32.363:"uTimeSecond_ms:5000"                            File: Line:0 Function: Type:Debug:
DateTime:2026-08-28 19:28:35.385:"等待工装回复超时"                            File: Line:0 Function: Type:Debug:
DateTime:2026-08-28 19:28:38.407:"等待工装回复超时"                            File: Line:0 Function: Type:Debug:
DateTime:2026-08-28 19:28:38.407:"uTimeSecond_ms:5000"                            File: Line:0 Function: Type:Debug:
DateTime:2026-08-28 19:28:41.429:"等待工装回复超时"                            File: Line:0 Function: Type:Debug:
DateTime:2026-08-28 19:28:44.451:"等待工装回复超时"                            File: Line:0 Function: Type:Debug:
DateTime:2026-08-28 19:28:44.451:"uTimeSecond_ms:5000"                            File: Line:0 Function: Type:Debug:
DateTime:2026-08-28 19:28:47.473:"等待工装回复超时"                            File: Line:0 Function: Type:Debug:
DateTime:2026-08-28 19:28:50.494:"等待工装回复超时"                            File: Line:0 Function: Type:Debug:
DateTime:2026-08-28 19:28:50.494:"uTimeSecond_ms:5000"                            File: Line:0 Function: Type:Debug:
DateTime:2026-08-28 19:28:53.516:"等待工装回复超时"                            File: Line:0 Function: Type:Debug:
DateTime:2026-08-28 19:28:56.538:"等待工装回复超时"                            File: Line:0 Function: Type:Debug:
DateTime:2026-08-28 19:28:56.538:"uTimeSecond_ms:5000"                            File: Line:0 Function: Type:Debug:
DateTime:2026-08-28 19:28:59.560:"等待工装回复超时"                            File: Line:0 Function: Type:Debug:
DateTime:2026-08-28 19:29:02.582:"等待工装回复超时"                            File: Line:0 Function: Type:Debug:
DateTime:2026-08-28 19:29:02.582:"uTimeSecond_ms:5000"                            File: Line:0 Function: Type:Debug:
DateTime:2026-08-28 19:29:05.604:"等待工装回复超时"                            File: Line:0 Function: Type:Debug:
DateTime:2026-08-28 19:29:08.626:"等待工装回复超时"                            File: Line:0 Function: Type:Debug:
DateTime:2026-08-28 19:29:08.626:"uTimeSecond_ms:5000"                            File: Line:0 Function: Type:Debug:
DateTime:2026-08-28 19:29:11.648:"等待工装回复超时"                            File: Line:0 Function: Type:Debug:
DateTime:2026-08-28 19:29:14.670:"等待工装回复超时"                            File: Line:0 Function: Type:Debug:
DateTime:2026-08-28 19:29:14.670:"uTimeSecond_ms:5000"                            File: Line:0 Function: Type:Debug:
DateTime:2026-08-28 19:29:17.692:"等待工装回复超时"                            File: Line:0 Function: Type:Debug:
DateTime:2026-08-28 19:29:20.714:"等待工装回复超时"                            File: Line:0 Function: Type:Debug:
DateTime:2026-08-28 19:29:20.714:"uTimeSecond_ms:5000"                            File: Line:0 Function: Type:Debug:
DateTime:2026-08-28 19:29:23.736:"等待工装回复超时"                            File: Line:0 Function: Type:Debug:
DateTime:2026-08-28 19:29:26.757:"等待工装回复超时"                            File: Line:0 Function: Type:Debug:
DateTime:2026-08-28 19:29:26.757:"uTimeSecond_ms:5000"                            File: Line:0 Function: Type:Debug:
DateTime:2026-08-28 19:29:29.779:"等待工装回复超时"                            File: Line:0 Function: Type:Debug:
DateTime:2026-08-28 19:29:32.801:"等待工装回复超时"                            File: Line:0 Function: Type:Debug:
DateTime:2026-08-28 19:29:32.801:"uTimeSecond_ms:5000"                            File: Line:0 Function: Type:Debug:
DateTime:2026-08-28 19:29:35.823:"等待工装回复超时"                            File: Line:0 Function: Type:Debug:
DateTime:2026-08-28 19:29:38.845:"等待工装回复超时"                            File: Line:0 Function: Type:Debug:
DateTime:2026-08-28 19:29:38.845:"uTimeSecond_ms:5000"                            File: Line:0 Function: Type:Debug:
DateTime:2026-08-28 19:29:41.867:"等待工装回复超时"                            File: Line:0 Function: Type:Debug:
DateTime:2026-08-28 19:29:44.889:"等待工装回复超时"                            File: Line:0 Function: Type:Debug:
DateTime:2026-08-28 19:29:44.889:"uTimeSecond_ms:5000"                            File: Line:0 Function: Type:Debug:
DateTime:2026-08-28 19:29:47.911:"等待工装回复超时"                            File: Line:0 Function: Type:Debug:
DateTime:2026-08-28 19:29:50.933:"等待工装回复超时"                            File: Line:0 Function: Type:Debug:
DateTime:2026-08-28 19:29:50.933:"uTimeSecond_ms:5000"                            File: Line:0 Function: Type:Debug:
DateTime:2026-08-28 19:29:53.955:"等待工装回复超时"                            File: Line:0 Function: Type:Debug:
DateTime:2026-08-28 19:29:56.977:"等待工装回复超时"                            File: Line:0 Function: Type:Debug:
DateTime:2026-08-28 19:29:56.977:"uTimeSecond_ms:5000"                            File: Line:0 Function: Type:Debug:
DateTime:2026-08-28 19:29:58.316:"RocketMq上报工况(设备输出信息):{\"devSeatNo\":\"1\",\"machNo\":\"\",\"occurTime\":\"2026-08-28 19:29:58\",\"plantNo\":\"YL-101601\",\"realTimeValues\":[{\"outParaName\":\"volage\",\"outParaValue\":\"220V\"}],\"remarks\":\"null\"}"                            File: Line:0 Function: Type:Debug:
DateTime:2026-08-28 19:29:58.316:QAbstractSocket::waitForDisconnected() is not allowed in UnconnectedState                            File: Line:0 Function: Type:Warning:
DateTime:2026-08-28 19:29:59.999:"等待工装回复超时"                            File: Line:0 Function: Type:Debug:
DateTime:2026-08-28 19:30:03.021:"等待工装回复超时"                            File: Line:0 Function: Type:Debug:
DateTime:2026-08-28 19:30:03.021:"uTimeSecond_ms:5000"                            File: Line:0 Function: Type:Debug:
DateTime:2026-08-28 19:30:06.042:"等待工装回复超时"                            File: Line:0 Function: Type:Debug:
DateTime:2026-08-28 19:30:09.064:"等待工装回复超时"                            File: Line:0 Function: Type:Debug:
DateTime:2026-08-28 19:30:09.064:"uTimeSecond_ms:5000"                            File: Line:0 Function: Type:Debug:
DateTime:2026-08-28 19:30:12.086:"等待工装回复超时"                            File: Line:0 Function: Type:Debug:
DateTime:2026-08-28 19:30:15.108:"等待工装回复超时"                            File: Line:0 Function: Type:Debug:
DateTime:2026-08-28 19:30:15.108:"uTimeSecond_ms:5000"                            File: Line:0 Function: Type:Debug:
DateTime:2026-08-28 19:30:18.130:"等待工装回复超时"                            File: Line:0 Function: Type:Debug:
DateTime:2026-08-28 19:30:21.152:"等待工装回复超时"                            File: Line:0 Function: Type:Debug:
DateTime:2026-08-28 19:30:21.152:"uTimeSecond_ms:5000"                            File: Line:0 Function: Type:Debug:
DateTime:2026-08-28 19:30:24.174:"等待工装回复超时"                            File: Line:0 Function: Type:Debug:
DateTime:2026-08-28 19:30:27.196:"等待工装回复超时"                            File: Line:0 Function: Type:Debug:
DateTime:2026-08-28 19:30:27.196:"uTimeSecond_ms:5000"                            File: Line:0 Function: Type:Debug:
DateTime:2026-08-28 19:30:30.218:"等待工装回复超时"                            File: Line:0 Function: Type:Debug:
DateTime:2026-08-28 19:30:33.240:"等待工装回复超时"                            File: Line:0 Function: Type:Debug:
DateTime:2026-08-28 19:30:33.240:"uTimeSecond_ms:5000"                            File: Line:0 Function: Type:Debug:
DateTime:2026-08-28 19:30:36.262:"等待工装回复超时"                            File: Line:0 Function: Type:Debug:
DateTime:2026-08-28 19:30:39.284:"等待工装回复超时"                            File: Line:0 Function: Type:Debug:
DateTime:2026-08-28 19:30:39.284:"uTimeSecond_ms:5000"                            File: Line:0 Function: Type:Debug:
DateTime:2026-08-28 19:30:42.305:"等待工装回复超时"                            File: Line:0 Function: Type:Debug:
DateTime:2026-08-28 19:30:45.327:"等待工装回复超时"                            File: Line:0 Function: Type:Debug:
DateTime:2026-08-28 19:30:45.327:"uTimeSecond_ms:5000"                            File: Line:0 Function: Type:Debug:
DateTime:2026-08-28 19:30:48.349:"等待工装回复超时"                            File: Line:0 Function: Type:Debug:
DateTime:2026-08-28 19:30:51.371:"等待工装回复超时"                            File: Line:0 Function: Type:Debug:
DateTime:2026-08-28 19:30:51.371:"离网事件测试时间到,上报成功率:0%"                            File: Line:0 Function: Type:Debug:
DateTime:2026-08-28 19:30:51.371:dll输出信息: ""                            File: Line:0 Function: Type:Debug:
DateTime:2026-08-28 19:30:51.371:接口函数调用成功，返回的结果为 0                            File: Line:0 Function: Type:Debug:
DateTime:2026-08-28 19:30:51.371:"外部传入的para：1，返回的result：0,返回的pValRet：1"                            File: Line:0 Function: Type:Debug:
DateTime:2026-08-28 19:30:51.371:"执行接口函数CCO_Func_OFF_Boarding_Event完成"                            File: Line:0 Function: Type:Debug:
DateTime:2026-08-28 19:30:51.373:coorIndex 0                            File: Line:0 Function: Type:Debug:
DateTime:2026-08-28 19:30:51.373:当前流程结束                            File: Line:0 Function: Type:Debug:
DateTime:2026-08-28 19:30:51.373:退出connect函数                            File: Line:0 Function: Type:Debug:
DateTime:2026-08-28 19:30:51.373:"=========【Step25-等待STA离网上报】结束=========="                            File: Line:0 Function: Type:Debug:
DateTime:2026-08-28 19:30:51.373:"-----------------------------"                            File: Line:0 Function: Type:Debug:
DateTime:2026-08-28 19:30:51.377:"=============执行【Step26-参数初始化】==================="                            File: Line:0 Function: Type:Debug:
DateTime:2026-08-28 19:30:51.377:"执行接口函数CCO_AFN51_F2"                            File: Line:0 Function: Type:Debug:
DateTime:2026-08-28 19:30:51.377:callWorkFunction: CCO_AFN51_F2                            File: Line:0 Function: Type:Debug:
DateTime:2026-08-28 19:30:51.377:找到对应函数，进入执行                            File: Line:0 Function: Type:Debug:
DateTime:2026-08-28 19:30:51.881:"等待工装回复超时"                            File: Line:0 Function: Type:Debug:
DateTime:2026-08-28 19:30:51.881:"开始组帧"                            File: Line:0 Function: Type:Debug:
DateTime:2026-08-28 19:30:51.881:"组帧结束"                            File: Line:0 Function: Type:Debug:
DateTime:2026-08-28 19:30:51.881:"367.2Send:参数初始化(51H-F2)：=>68 0F 00 43 00 00 00 00 00 F5 51 02 00 8B 16"                            File: Line:0 Function: Type:Debug:
DateTime:2026-08-28 19:30:51.881:"槽位2透传:687E007E006840000000000022600000010002013C00680F00430000000000F55102008B16A516"                            File: Line:0 Function: Type:Debug:
DateTime:2026-08-28 19:30:51.881:"工装发送：68 7E 00 7E 00 68 40 00 00 00 00 00 22 60 00 00 01 00 02 01 3C 00 68 0F 00 43 00 00 00 00 00 F5 51 02 00 8B 16 A5 16"                            File: Line:0 Function: Type:Debug:
DateTime:2026-08-28 19:30:51.899:"工装接收：68 32 00 32 00 68 80 00 00 00 00 00 00 60 00 00 01 00 E1 16"                            File: Line:0 Function: Type:Debug:
DateTime:2026-08-28 19:30:51.899:"m_baRecvMsg:"                            File: Line:0 Function: Type:Debug:
DateTime:2026-08-28 19:30:51.899:"frameList.size():1"                            File: Line:0 Function: Type:Debug:
DateTime:2026-08-28 19:30:51.899:"进入报文解析"                            File: Line:0 Function: Type:Debug:
DateTime:2026-08-28 19:30:51.899:"68 32 00 32 00 68 80 00 00 00 00 00 00 60 00 00 01 00 E1 16"                            File: Line:0 Function: Type:Debug:
DateTime:2026-08-28 19:30:51.899:"解码完成，功能码: 1"                            File: Line:0 Function: Type:Debug:
DateTime:2026-08-28 19:30:51.899:"工装回复确认帧"                            File: Line:0 Function: Type:Debug:
DateTime:2026-08-28 19:30:51.954:"工装接收：68 7A 00 7A 00 68 80 00 00 00 00 00 22 60 00 00 01 00 02 0F 00 68 0F 00 80 00 00 00 00 00 F5 50 01 00 C6 16 2D 16"                            File: Line:0 Function: Type:Debug:
DateTime:2026-08-28 19:30:51.954:"m_baRecvMsg:"                            File: Line:0 Function: Type:Debug:
DateTime:2026-08-28 19:30:51.954:"frameList.size():1"                            File: Line:0 Function: Type:Debug:
DateTime:2026-08-28 19:30:51.954:"进入报文解析"                            File: Line:0 Function: Type:Debug:
DateTime:2026-08-28 19:30:51.954:"68 7A 00 7A 00 68 80 00 00 00 00 00 22 60 00 00 01 00 02 0F 00 68 0F 00 80 00 00 00 00 00 F5 50 01 00 C6 16 2D 16"                            File: Line:0 Function: Type:Debug:
DateTime:2026-08-28 19:30:51.954:"解码完成，功能码: 4"                            File: Line:0 Function: Type:Debug:
DateTime:2026-08-28 19:30:51.954:"工装接收到透传报文"                            File: Line:0 Function: Type:Debug:
DateTime:2026-08-28 19:30:51.954:"020F00680F00800000000000F5500100C616"                            File: Line:0 Function: Type:Debug:
DateTime:2026-08-28 19:30:51.954:"透传报文内容:68 0f 00 80 00 00 00 00 00 f5 50 01 00 c6 16"                            File: Line:0 Function: Type:Debug:
DateTime:2026-08-28 19:30:54.976:"uTimeSecond_ms:20000"                            File: Line:0 Function: Type:Debug:
DateTime:2026-08-28 19:30:54.976:"查找结果: iret=0, wStart=0, dwOutLen=15, dwStreamLen=15, dwFindPos=0"                            File: Line:0 Function: Type:Debug:
DateTime:2026-08-28 19:30:54.976:"Receive:<= 68 0F 00 80 00 00 00 00 00 F5 50 01 00 C6 16"                            File: Line:0 Function: Type:Debug:
DateTime:2026-08-28 19:30:54.976:"解析：功能码-AFN=50H,Fn=1："                            File: Line:0 Function: Type:Debug:
DateTime:2026-08-28 19:30:54.976:"参数区初始化成功"                            File: Line:0 Function: Type:Debug:
DateTime:2026-08-28 19:30:54.976:dll输出信息: ""                            File: Line:0 Function: Type:Debug:
DateTime:2026-08-28 19:30:54.976:接口函数调用成功，返回的结果为 0                            File: Line:0 Function: Type:Debug:
DateTime:2026-08-28 19:30:54.976:"外部传入的para：0，返回的result：0,返回的pValRet：0"                            File: Line:0 Function: Type:Debug:
DateTime:2026-08-28 19:30:54.976:"执行接口函数CCO_AFN51_F2完成"                            File: Line:0 Function: Type:Debug:
DateTime:2026-08-28 19:30:54.977:coorIndex 0                            File: Line:0 Function: Type:Debug:
DateTime:2026-08-28 19:30:54.977:当前流程结束                            File: Line:0 Function: Type:Debug:
DateTime:2026-08-28 19:30:54.977:退出connect函数                            File: Line:0 Function: Type:Debug:
DateTime:2026-08-28 19:30:54.978:"=========【Step26-参数初始化】结束=========="                            File: Line:0 Function: Type:Debug:
DateTime:2026-08-28 19:30:54.978:"-----------------------------"                            File: Line:0 Function: Type:Debug:
DateTime:2026-08-28 19:30:54.980:"=============执行【执行延时】==================="                            File: Line:0 Function: Type:Debug:
DateTime:2026-08-28 19:30:54.981:"执行接口函数Func_Delay"                            File: Line:0 Function: Type:Debug:
DateTime:2026-08-28 19:30:54.981:callWorkFunction: Func_Delay                            File: Line:0 Function: Type:Debug:
DateTime:2026-08-28 19:30:54.981:找到对应函数，进入执行                            File: Line:0 Function: Type:Debug:
DateTime:2026-08-28 19:30:54.981:"延时时间为5s"                            File: Line:0 Function: Type:Debug:
DateTime:2026-08-28 19:30:54.981:"uTimeSecond_ms:5000"                            File: Line:0 Function: Type:Debug:
DateTime:2026-08-28 19:30:58.003:"等待工装回复超时"                            File: Line:0 Function: Type:Debug:
DateTime:2026-08-28 19:31:01.024:"等待工装回复超时"                            File: Line:0 Function: Type:Debug:
DateTime:2026-08-28 19:31:01.024:"延时时间到"                            File: Line:0 Function: Type:Debug:
DateTime:2026-08-28 19:31:01.125:dll输出信息: ""                            File: Line:0 Function: Type:Debug:
DateTime:2026-08-28 19:31:01.125:接口函数调用成功，返回的结果为 0                            File: Line:0 Function: Type:Debug:
DateTime:2026-08-28 19:31:01.125:"外部传入的para：0，返回的result：0,返回的pValRet：0"                            File: Line:0 Function: Type:Debug:
DateTime:2026-08-28 19:31:01.125:"执行接口函数Func_Delay完成"                            File: Line:0 Function: Type:Debug:
DateTime:2026-08-28 19:31:01.125:coorIndex 0                            File: Line:0 Function: Type:Debug:
DateTime:2026-08-28 19:31:01.125:当前流程结束                            File: Line:0 Function: Type:Debug:
DateTime:2026-08-28 19:31:01.125:退出connect函数                            File: Line:0 Function: Type:Debug:
DateTime:2026-08-28 19:31:01.125:"=========【执行延时】结束=========="                            File: Line:0 Function: Type:Debug:
DateTime:2026-08-28 19:31:01.125:"-----------------------------"                            File: Line:0 Function: Type:Debug:
DateTime:2026-08-28 19:31:01.126:"=============执行【Step27-数据转发--EB040505设置网络状态变更信息主动上报(均不上报)】==================="                            File: Line:0 Function: Type:Debug:
DateTime:2026-08-28 19:31:01.127:"执行接口函数CCO_AFN52_F1_EB040505_set"                            File: Line:0 Function: Type:Debug:
DateTime:2026-08-28 19:31:01.127:callWorkFunction: CCO_AFN52_F1_EB040505_set                            File: Line:0 Function: Type:Debug:
DateTime:2026-08-28 19:31:01.127:找到对应函数，进入执行                            File: Line:0 Function: Type:Debug:
DateTime:2026-08-28 19:31:01.631:"等待工装回复超时"                            File: Line:0 Function: Type:Debug:
DateTime:2026-08-28 19:31:01.631:"开始组帧"                            File: Line:0 Function: Type:Debug:
DateTime:2026-08-28 19:31:01.631:"组帧结束"                            File: Line:0 Function: Type:Debug:
DateTime:2026-08-28 19:31:01.631:"367.2Send:数据转发(设置-网络状态变更信息主动上报EB040505)：=>68 34 00 43 00 00 00 00 00 F6 52 01 00 02 12 90 78 56 34 12 6B 8A E8 19 00 68 12 90 78 56 34 12 68 14 0D 38 38 37 1E 3B 33 33 33 44 44 44 44 33 83 16 56 16"                            File: Line:0 Function: Type:Debug:
DateTime:2026-08-28 19:31:01.631:"槽位2透传:68120112016840000000000022600000010002013C00683400430000000000F6520100021290785634126B8AE819006812907856341268140D3838371E3B3333334444444433831656166016"                            File: Line:0 Function: Type:Debug:
DateTime:2026-08-28 19:31:01.631:"工装发送：68 12 01 12 01 68 40 00 00 00 00 00 22 60 00 00 01 00 02 01 3C 00 68 34 00 43 00 00 00 00 00 F6 52 01 00 02 12 90 78 56 34 12 6B 8A E8 19 00 68 12 90 78 56 34 12 68 14 0D 38 38 37 1E 3B 33 33 33 44 44 44 44 33 83 16 56 16 60 16"                            File: Line:0 Function: Type:Debug:
DateTime:2026-08-28 19:31:01.692:"工装接收：68 32 00 32 00 68 80 00 00 00 00 00 00 60 00 00 01 00 E1 16"                            File: Line:0 Function: Type:Debug:
DateTime:2026-08-28 19:31:01.692:"m_baRecvMsg:"                            File: Line:0 Function: Type:Debug:
DateTime:2026-08-28 19:31:01.692:"frameList.size():1"                            File: Line:0 Function: Type:Debug:
DateTime:2026-08-28 19:31:01.692:"进入报文解析"                            File: Line:0 Function: Type:Debug:
DateTime:2026-08-28 19:31:01.692:"68 32 00 32 00 68 80 00 00 00 00 00 00 60 00 00 01 00 E1 16"                            File: Line:0 Function: Type:Debug:
DateTime:2026-08-28 19:31:01.692:"解码完成，功能码: 1"                            File: Line:0 Function: Type:Debug:
DateTime:2026-08-28 19:31:01.692:"工装回复确认帧"                            File: Line:0 Function: Type:Debug:
DateTime:2026-08-28 19:31:01.798:"工装接收：68 CE 00 CE 00 68 80 00 00 00 00 00 22 60 00 00 01 00 02 24 00 68 24 00 80 00 00 00 00 00 F6 52 01 00 02 12 90 78 56 34 12 0C 00 68 12 90 78 56 34 12 68 94 00 1A 16 D7 16 79 16"                            File: Line:0 Function: Type:Debug:
DateTime:2026-08-28 19:31:01.798:"m_baRecvMsg:"                            File: Line:0 Function: Type:Debug:
DateTime:2026-08-28 19:31:01.798:"frameList.size():1"                            File: Line:0 Function: Type:Debug:
DateTime:2026-08-28 19:31:01.798:"进入报文解析"                            File: Line:0 Function: Type:Debug:
DateTime:2026-08-28 19:31:01.798:"68 CE 00 CE 00 68 80 00 00 00 00 00 22 60 00 00 01 00 02 24 00 68 24 00 80 00 00 00 00 00 F6 52 01 00 02 12 90 78 56 34 12 0C 00 68 12 90 78 56 34 12 68 94 00 1A 16 D7 16 79 16"                            File: Line:0 Function: Type:Debug:
DateTime:2026-08-28 19:31:01.798:"解码完成，功能码: 4"                            File: Line:0 Function: Type:Debug:
DateTime:2026-08-28 19:31:01.798:"工装接收到透传报文"                            File: Line:0 Function: Type:Debug:
DateTime:2026-08-28 19:31:01.798:"022400682400800000000000F6520100021290785634120C00681290785634126894001A16D716"                            File: Line:0 Function: Type:Debug:
DateTime:2026-08-28 19:31:01.798:"透传报文内容:68 24 00 80 00 00 00 00 00 f6 52 01 00 02 12 90 78 56 34 12 0c 00 68 12 90 78 56 34 12 68 94 00 1a 16 d7 16"                            File: Line:0 Function: Type:Debug:
DateTime:2026-08-28 19:31:04.720:"uTimeSecond_ms:30000"                            File: Line:0 Function: Type:Debug:
DateTime:2026-08-28 19:31:04.720:"查找结果: iret=0, wStart=0, dwOutLen=36, dwStreamLen=36, dwFindPos=0"                            File: Line:0 Function: Type:Debug:
DateTime:2026-08-28 19:31:04.720:"Receive:<= 68 24 00 80 00 00 00 00 00 F6 52 01 00 02 12 90 78 56 34 12 0C 00 68 12 90 78 56 34 12 68 94 00 1A 16 D7 16"                            File: Line:0 Function: Type:Debug:
DateTime:2026-08-28 19:31:04.720:"解析：功能码-AFN=52H,Fn=1："                            File: Line:0 Function: Type:Debug:
DateTime:2026-08-28 19:31:04.720:"透传回复内容：021290785634120C00681290785634126894001A16"                            File: Line:0 Function: Type:Debug:
DateTime:2026-08-28 19:31:04.720:"设置成功"                            File: Line:0 Function: Type:Debug:
DateTime:2026-08-28 19:31:04.720:dll输出信息: ""                            File: Line:0 Function: Type:Debug:
DateTime:2026-08-28 19:31:04.720:接口函数调用成功，返回的结果为 0                            File: Line:0 Function: Type:Debug:
DateTime:2026-08-28 19:31:04.720:"外部传入的para：0，返回的result：0,返回的pValRet：0"                            File: Line:0 Function: Type:Debug:
DateTime:2026-08-28 19:31:04.720:"执行接口函数CCO_AFN52_F1_EB040505_set完成"                            File: Line:0 Function: Type:Debug:
DateTime:2026-08-28 19:31:04.721:coorIndex 0                            File: Line:0 Function: Type:Debug:
DateTime:2026-08-28 19:31:04.722:当前流程结束                            File: Line:0 Function: Type:Debug:
DateTime:2026-08-28 19:31:04.722:退出connect函数                            File: Line:0 Function: Type:Debug:
DateTime:2026-08-28 19:31:04.722:"=========【Step27-数据转发--EB040505设置网络状态变更信息主动上报(均不上报)】结束=========="                            File: Line:0 Function: Type:Debug:
DateTime:2026-08-28 19:31:04.722:"-----------------------------"                            File: Line:0 Function: Type:Debug:
DateTime:2026-08-28 19:31:04.725:"=============执行【Step28-数据转发--EB040505查询网络状态变更信息主动上报(均不上报)】==================="                            File: Line:0 Function: Type:Debug:
DateTime:2026-08-28 19:31:04.725:"执行接口函数CCO_AFN52_F1_EB040505_read"                            File: Line:0 Function: Type:Debug:
DateTime:2026-08-28 19:31:04.725:callWorkFunction: CCO_AFN52_F1_EB040505_read                            File: Line:0 Function: Type:Debug:
DateTime:2026-08-28 19:31:04.725:找到对应函数，进入执行                            File: Line:0 Function: Type:Debug:
DateTime:2026-08-28 19:31:05.228:"等待工装回复超时"                            File: Line:0 Function: Type:Debug:
DateTime:2026-08-28 19:31:05.228:"开始组帧"                            File: Line:0 Function: Type:Debug:
DateTime:2026-08-28 19:31:05.228:"组帧结束"                            File: Line:0 Function: Type:Debug:
DateTime:2026-08-28 19:31:05.228:"367.2Send:数据转发(查询-网络状态变更信息主动上报 EB040505)：=>68 2B 00 43 00 00 00 00 00 F7 52 01 00 02 12 90 78 56 34 12 6B 8A E8 10 00 68 12 90 78 56 34 12 68 11 04 38 38 37 1E 60 16 08 16"                            File: Line:0 Function: Type:Debug:
DateTime:2026-08-28 19:31:05.228:"槽位2透传:68EE00EE006840000000000022600000010002013C00682B00430000000000F7520100021290785634126B8AE81000681290785634126811043838371E60160816BB16"                            File: Line:0 Function: Type:Debug:
DateTime:2026-08-28 19:31:05.228:"工装发送：68 EE 00 EE 00 68 40 00 00 00 00 00 22 60 00 00 01 00 02 01 3C 00 68 2B 00 43 00 00 00 00 00 F7 52 01 00 02 12 90 78 56 34 12 6B 8A E8 10 00 68 12 90 78 56 34 12 68 11 04 38 38 37 1E 60 16 08 16 BB 16"                            File: Line:0 Function: Type:Debug:
DateTime:2026-08-28 19:31:05.278:"工装接收：68 32 00 32 00 68 80 00 00 00 00 00 00 60 00 00 01 00 E1 16"                            File: Line:0 Function: Type:Debug:
DateTime:2026-08-28 19:31:05.278:"m_baRecvMsg:"                            File: Line:0 Function: Type:Debug:
DateTime:2026-08-28 19:31:05.278:"frameList.size():1"                            File: Line:0 Function: Type:Debug:
DateTime:2026-08-28 19:31:05.278:"进入报文解析"                            File: Line:0 Function: Type:Debug:
DateTime:2026-08-28 19:31:05.278:"68 32 00 32 00 68 80 00 00 00 00 00 00 60 00 00 01 00 E1 16"                            File: Line:0 Function: Type:Debug:
DateTime:2026-08-28 19:31:05.279:"解码完成，功能码: 1"                            File: Line:0 Function: Type:Debug:
DateTime:2026-08-28 19:31:05.279:"工装回复确认帧"                            File: Line:0 Function: Type:Debug:
DateTime:2026-08-28 19:31:05.333:"工装接收：68 E2 00 E2 00 68 80 00 00 00 00 00 22 60 00 00 01 00 02 29 00 68 29 00 80 00 00 00 00 00 F7 52 01 00 02 12 90 78 56 34 12 11 00 68 12 90 78 56 34 12 68 91 05 38 38 37 1E 33 14 16 D1 16 77 16"                            File: Line:0 Function: Type:Debug:
DateTime:2026-08-28 19:31:05.333:"m_baRecvMsg:"                            File: Line:0 Function: Type:Debug:
DateTime:2026-08-28 19:31:05.333:"frameList.size():1"                            File: Line:0 Function: Type:Debug:
DateTime:2026-08-28 19:31:05.333:"进入报文解析"                            File: Line:0 Function: Type:Debug:
DateTime:2026-08-28 19:31:05.333:"68 E2 00 E2 00 68 80 00 00 00 00 00 22 60 00 00 01 00 02 29 00 68 29 00 80 00 00 00 00 00 F7 52 01 00 02 12 90 78 56 34 12 11 00 68 12 90 78 56 34 12 68 91 05 38 38 37 1E 33 14 16 D1 16 77 16"                            File: Line:0 Function: Type:Debug:
DateTime:2026-08-28 19:31:05.333:"解码完成，功能码: 4"                            File: Line:0 Function: Type:Debug:
DateTime:2026-08-28 19:31:05.333:"工装接收到透传报文"                            File: Line:0 Function: Type:Debug:
DateTime:2026-08-28 19:31:05.333:"022900682900800000000000F7520100021290785634121100681290785634126891053838371E331416D116"                            File: Line:0 Function: Type:Debug:
DateTime:2026-08-28 19:31:05.333:"透传报文内容:68 29 00 80 00 00 00 00 00 f7 52 01 00 02 12 90 78 56 34 12 11 00 68 12 90 78 56 34 12 68 91 05 38 38 37 1e 33 14 16 d1 16"                            File: Line:0 Function: Type:Debug:
DateTime:2026-08-28 19:31:08.254:"uTimeSecond_ms:30000"                            File: Line:0 Function: Type:Debug:
DateTime:2026-08-28 19:31:08.254:"查找结果: iret=0, wStart=0, dwOutLen=41, dwStreamLen=41, dwFindPos=0"                            File: Line:0 Function: Type:Debug:
DateTime:2026-08-28 19:31:08.254:"Receive:<= 68 29 00 80 00 00 00 00 00 F7 52 01 00 02 12 90 78 56 34 12 11 00 68 12 90 78 56 34 12 68 91 05 38 38 37 1E 33 14 16 D1 16"                            File: Line:0 Function: Type:Debug:
DateTime:2026-08-28 19:31:08.254:"解析：功能码-AFN=52H,Fn=1："                            File: Line:0 Function: Type:Debug:
DateTime:2026-08-28 19:31:08.254:"透传回复内容：021290785634121100681290785634126891053838371E331416"                            File: Line:0 Function: Type:Debug:
DateTime:2026-08-28 19:31:08.254:"DL/T645-2007协议 回复报文信息：控制码：91,数据标识：EB040505，数据域(需倒序解析)：00"                            File: Line:0 Function: Type:Debug:
DateTime:2026-08-28 19:31:08.254:"网络状态变更信息主动上报：入网不上报,    网络状态变更信息主动上报：离网不上报"                            File: Line:0 Function: Type:Debug:
DateTime:2026-08-28 19:31:08.254:dll输出信息: ""                            File: Line:0 Function: Type:Debug:
DateTime:2026-08-28 19:31:08.254:接口函数调用成功，返回的结果为 0                            File: Line:0 Function: Type:Debug:
DateTime:2026-08-28 19:31:08.254:"外部传入的para：0，返回的result：0,返回的pValRet：0"                            File: Line:0 Function: Type:Debug:
DateTime:2026-08-28 19:31:08.254:"执行接口函数CCO_AFN52_F1_EB040505_read完成"                            File: Line:0 Function: Type:Debug:
DateTime:2026-08-28 19:31:08.255:coorIndex 0                            File: Line:0 Function: Type:Debug:
DateTime:2026-08-28 19:31:08.255:当前流程结束                            File: Line:0 Function: Type:Debug:
DateTime:2026-08-28 19:31:08.255:退出connect函数                            File: Line:0 Function: Type:Debug:
DateTime:2026-08-28 19:31:08.256:"=========【Step28-数据转发--EB040505查询网络状态变更信息主动上报(均不上报)】结束=========="                            File: Line:0 Function: Type:Debug:
DateTime:2026-08-28 19:31:08.256:"-----------------------------"                            File: Line:0 Function: Type:Debug:
DateTime:2026-08-28 19:31:08.259:"=============执行【Step29-预告抄读对象】==================="                            File: Line:0 Function: Type:Debug:
DateTime:2026-08-28 19:31:08.259:"执行接口函数CCO_AFN55_F9"                            File: Line:0 Function: Type:Debug:
DateTime:2026-08-28 19:31:08.259:callWorkFunction: CCO_AFN55_F9                            File: Line:0 Function: Type:Debug:
DateTime:2026-08-28 19:31:08.259:找到对应函数，进入执行                            File: Line:0 Function: Type:Debug:
DateTime:2026-08-28 19:31:08.763:"等待工装回复超时"                            File: Line:0 Function: Type:Debug:
DateTime:2026-08-28 19:31:08.763:"开始组帧"                            File: Line:0 Function: Type:Debug:
DateTime:2026-08-28 19:31:08.763:"组帧结束"                            File: Line:0 Function: Type:Debug:
DateTime:2026-08-28 19:31:08.763:"367.2Send:预告抄读对象(55H-F9)：=>68 48 00 43 00 00 00 00 00 F8 55 01 01 06 00 00 01 00 03 03 01 10 00 16 19 02 00 03 04 01 10 00 16 19 03 00 03 05 01 10 00 16 19 04 00 03 06 01 10 00 16 19 05 00 03 07 01 10 00 16 19 06 00 03 08 01 10 00 16 19 60 16"                            File: Line:0 Function: Type:Debug:
DateTime:2026-08-28 19:31:08.763:"槽位2透传:68620162016840000000000022600000010002013C00684800430000000000F855010106000001000303011000161902000304011000161903000305011000161904000306011000161905000307011000161906000308011000161960168816"                            File: Line:0 Function: Type:Debug:
DateTime:2026-08-28 19:31:08.763:"工装发送：68 62 01 62 01 68 40 00 00 00 00 00 22 60 00 00 01 00 02 01 3C 00 68 48 00 43 00 00 00 00 00 F8 55 01 01 06 00 00 01 00 03 03 01 10 00 16 19 02 00 03 04 01 10 00 16 19 03 00 03 05 01 10 00 16 19 04 00 03 06 01 10 00 16 19 05 00 03 07 01 10 00 16 19 06 00 03 08 01 10 00 16 19 60 16 88 16"                            File: Line:0 Function: Type:Debug:
DateTime:2026-08-28 19:31:08.847:"工装接收：68 32 00 32 00 68 80 00 00 00 00 00 00 60 00 00 01 00 E1 16"                            File: Line:0 Function: Type:Debug:
DateTime:2026-08-28 19:31:08.847:"m_baRecvMsg:"                            File: Line:0 Function: Type:Debug:
DateTime:2026-08-28 19:31:08.847:"frameList.size():1"                            File: Line:0 Function: Type:Debug:
DateTime:2026-08-28 19:31:08.847:"进入报文解析"                            File: Line:0 Function: Type:Debug:
DateTime:2026-08-28 19:31:08.847:"68 32 00 32 00 68 80 00 00 00 00 00 00 60 00 00 01 00 E1 16"                            File: Line:0 Function: Type:Debug:
DateTime:2026-08-28 19:31:08.847:"解码完成，功能码: 1"                            File: Line:0 Function: Type:Debug:
DateTime:2026-08-28 19:31:08.847:"工装回复确认帧"                            File: Line:0 Function: Type:Debug:
DateTime:2026-08-28 19:31:08.899:"工装接收：68 7A 00 7A 00 68 80 00 00 00 00 00 22 60 00 00 01 00 02 0F 00 68 0F 00 80 00 00 00 00 00 F8 50 01 00 C9 16 33 16"                            File: Line:0 Function: Type:Debug:
DateTime:2026-08-28 19:31:08.899:"m_baRecvMsg:"                            File: Line:0 Function: Type:Debug:
DateTime:2026-08-28 19:31:08.899:"frameList.size():1"                            File: Line:0 Function: Type:Debug:
DateTime:2026-08-28 19:31:08.899:"进入报文解析"                            File: Line:0 Function: Type:Debug:
DateTime:2026-08-28 19:31:08.899:"68 7A 00 7A 00 68 80 00 00 00 00 00 22 60 00 00 01 00 02 0F 00 68 0F 00 80 00 00 00 00 00 F8 50 01 00 C9 16 33 16"                            File: Line:0 Function: Type:Debug:
DateTime:2026-08-28 19:31:08.899:"解码完成，功能码: 4"                            File: Line:0 Function: Type:Debug:
DateTime:2026-08-28 19:31:08.899:"工装接收到透传报文"                            File: Line:0 Function: Type:Debug:
DateTime:2026-08-28 19:31:08.899:"020F00680F00800000000000F8500100C916"                            File: Line:0 Function: Type:Debug:
DateTime:2026-08-28 19:31:08.899:"透传报文内容:68 0f 00 80 00 00 00 00 00 f8 50 01 00 c9 16"                            File: Line:0 Function: Type:Debug:
DateTime:2026-08-28 19:31:11.821:"uTimeSecond_ms:5000"                            File: Line:0 Function: Type:Debug:
DateTime:2026-08-28 19:31:11.821:"查找结果: iret=0, wStart=0, dwOutLen=15, dwStreamLen=15, dwFindPos=0"                            File: Line:0 Function: Type:Debug:
DateTime:2026-08-28 19:31:11.821:"Receive:<= 68 0F 00 80 00 00 00 00 00 F8 50 01 00 C9 16"                            File: Line:0 Function: Type:Debug:
DateTime:2026-08-28 19:31:11.821:"解析：功能码-AFN=50H,Fn=1："                            File: Line:0 Function: Type:Debug:
DateTime:2026-08-28 19:31:11.821:"预告抄读对象成功"                            File: Line:0 Function: Type:Debug:
DateTime:2026-08-28 19:31:11.821:"成功数量：6"                            File: Line:0 Function: Type:Debug:
DateTime:2026-08-28 19:31:11.842:"预告抄读对象总数量：6 全部成功 "                            File: Line:0 Function: Type:Debug:
DateTime:2026-08-28 19:31:11.842:dll输出信息: ""                            File: Line:0 Function: Type:Debug:
DateTime:2026-08-28 19:31:11.842:接口函数调用成功，返回的结果为 0                            File: Line:0 Function: Type:Debug:
DateTime:2026-08-28 19:31:11.842:"外部传入的para：0，返回的result：0,返回的pValRet：0"                            File: Line:0 Function: Type:Debug:
DateTime:2026-08-28 19:31:11.842:"执行接口函数CCO_AFN55_F9完成"                            File: Line:0 Function: Type:Debug:
DateTime:2026-08-28 19:31:11.843:coorIndex 0                            File: Line:0 Function: Type:Debug:
DateTime:2026-08-28 19:31:11.843:当前流程结束                            File: Line:0 Function: Type:Debug:
DateTime:2026-08-28 19:31:11.843:退出connect函数                            File: Line:0 Function: Type:Debug:
DateTime:2026-08-28 19:31:11.843:"=========【Step29-预告抄读对象】结束=========="                            File: Line:0 Function: Type:Debug:
DateTime:2026-08-28 19:31:11.843:"-----------------------------"                            File: Line:0 Function: Type:Debug:
DateTime:2026-08-28 19:31:11.846:"=============执行【Step30-STA上电】==================="                            File: Line:0 Function: Type:Debug:
DateTime:2026-08-28 19:31:11.846:"执行接口函数SimuCorn_power_on"                            File: Line:0 Function: Type:Debug:
DateTime:2026-08-28 19:31:11.846:callWorkFunction: SimuCorn_power_on                            File: Line:0 Function: Type:Debug:
DateTime:2026-08-28 19:31:11.847:找到对应函数，进入执行                            File: Line:0 Function: Type:Debug:
DateTime:2026-08-28 19:31:11.847:"工装发送：68 3E 00 3E 00 68 40 00 00 00 00 00 21 60 00 00 02 00 03 02 01 C9 16"                            File: Line:0 Function: Type:Debug:
DateTime:2026-08-28 19:31:11.847:"工装接收：68 32 00 32 00 68 80 00 00 00 00 00 00 60 00 00 01 00 E1 16"                            File: Line:0 Function: Type:Debug:
DateTime:2026-08-28 19:31:11.847:"m_baRecvMsg:"                            File: Line:0 Function: Type:Debug:
DateTime:2026-08-28 19:31:11.847:"frameList.size():1"                            File: Line:0 Function: Type:Debug:
DateTime:2026-08-28 19:31:11.847:"进入报文解析"                            File: Line:0 Function: Type:Debug:
DateTime:2026-08-28 19:31:11.847:"68 32 00 32 00 68 80 00 00 00 00 00 00 60 00 00 01 00 E1 16"                            File: Line:0 Function: Type:Debug:
DateTime:2026-08-28 19:31:11.847:"解码完成，功能码: 1"                            File: Line:0 Function: Type:Debug:
DateTime:2026-08-28 19:31:11.847:"工装回复确认帧"                            File: Line:0 Function: Type:Debug:
DateTime:2026-08-28 19:31:11.847:"工装发送：68 3E 00 3E 00 68 40 00 00 00 00 00 21 60 00 00 02 00 04 02 01 CA 16"                            File: Line:0 Function: Type:Debug:
DateTime:2026-08-28 19:31:11.848:"工装接收：68 32 00 32 00 68 80 00 00 00 00 00 00 60 00 00 01 00 E1 16"                            File: Line:0 Function: Type:Debug:
DateTime:2026-08-28 19:31:11.848:"m_baRecvMsg:"                            File: Line:0 Function: Type:Debug:
DateTime:2026-08-28 19:31:11.848:"frameList.size():1"                            File: Line:0 Function: Type:Debug:
DateTime:2026-08-28 19:31:11.848:"进入报文解析"                            File: Line:0 Function: Type:Debug:
DateTime:2026-08-28 19:31:11.848:"68 32 00 32 00 68 80 00 00 00 00 00 00 60 00 00 01 00 E1 16"                            File: Line:0 Function: Type:Debug:
DateTime:2026-08-28 19:31:11.848:"解码完成，功能码: 1"                            File: Line:0 Function: Type:Debug:
DateTime:2026-08-28 19:31:11.848:"工装回复确认帧"                            File: Line:0 Function: Type:Debug:
DateTime:2026-08-28 19:31:11.848:"工装发送：68 3E 00 3E 00 68 40 00 00 00 00 00 21 60 00 00 02 00 05 02 01 CB 16"                            File: Line:0 Function: Type:Debug:
DateTime:2026-08-28 19:31:11.848:"工装接收：68 32 00 32 00 68 80 00 00 00 00 00 00 60 00 00 01 00 E1 16"                            File: Line:0 Function: Type:Debug:
DateTime:2026-08-28 19:31:11.848:"m_baRecvMsg:"                            File: Line:0 Function: Type:Debug:
DateTime:2026-08-28 19:31:11.848:"frameList.size():1"                            File: Line:0 Function: Type:Debug:
DateTime:2026-08-28 19:31:11.848:"进入报文解析"                            File: Line:0 Function: Type:Debug:
DateTime:2026-08-28 19:31:11.848:"68 32 00 32 00 68 80 00 00 00 00 00 00 60 00 00 01 00 E1 16"                            File: Line:0 Function: Type:Debug:
DateTime:2026-08-28 19:31:11.848:"解码完成，功能码: 1"                            File: Line:0 Function: Type:Debug:
DateTime:2026-08-28 19:31:11.848:"工装回复确认帧"                            File: Line:0 Function: Type:Debug:
DateTime:2026-08-28 19:31:11.848:"工装发送：68 3E 00 3E 00 68 40 00 00 00 00 00 21 60 00 00 02 00 06 02 01 CC 16"                            File: Line:0 Function: Type:Debug:
DateTime:2026-08-28 19:31:11.848:"工装接收：68 32 00 32 00 68 80 00 00 00 00 00 00 60 00 00 01 00 E1 16"                            File: Line:0 Function: Type:Debug:
DateTime:2026-08-28 19:31:11.848:"m_baRecvMsg:"                            File: Line:0 Function: Type:Debug:
DateTime:2026-08-28 19:31:11.849:"frameList.size():1"                            File: Line:0 Function: Type:Debug:
DateTime:2026-08-28 19:31:11.849:"进入报文解析"                            File: Line:0 Function: Type:Debug:
DateTime:2026-08-28 19:31:11.849:"68 32 00 32 00 68 80 00 00 00 00 00 00 60 00 00 01 00 E1 16"                            File: Line:0 Function: Type:Debug:
DateTime:2026-08-28 19:31:11.849:"解码完成，功能码: 1"                            File: Line:0 Function: Type:Debug:
DateTime:2026-08-28 19:31:11.849:"工装回复确认帧"                            File: Line:0 Function: Type:Debug:
DateTime:2026-08-28 19:31:11.849:"工装发送：68 3E 00 3E 00 68 40 00 00 00 00 00 21 60 00 00 02 00 07 02 01 CD 16"                            File: Line:0 Function: Type:Debug:
DateTime:2026-08-28 19:31:11.849:"工装接收：68 32 00 32 00 68 80 00 00 00 00 00 00 60 00 00 01 00 E1 16"                            File: Line:0 Function: Type:Debug:
DateTime:2026-08-28 19:31:11.849:"m_baRecvMsg:"                            File: Line:0 Function: Type:Debug:
DateTime:2026-08-28 19:31:11.849:"frameList.size():1"                            File: Line:0 Function: Type:Debug:
DateTime:2026-08-28 19:31:11.849:"进入报文解析"                            File: Line:0 Function: Type:Debug:
DateTime:2026-08-28 19:31:11.849:"68 32 00 32 00 68 80 00 00 00 00 00 00 60 00 00 01 00 E1 16"                            File: Line:0 Function: Type:Debug:
DateTime:2026-08-28 19:31:11.849:"解码完成，功能码: 1"                            File: Line:0 Function: Type:Debug:
DateTime:2026-08-28 19:31:11.849:"工装回复确认帧"                            File: Line:0 Function: Type:Debug:
DateTime:2026-08-28 19:31:11.849:"工装发送：68 3E 00 3E 00 68 40 00 00 00 00 00 21 60 00 00 02 00 08 02 01 CE 16"                            File: Line:0 Function: Type:Debug:
DateTime:2026-08-28 19:31:11.850:"工装接收：68 32 00 32 00 68 80 00 00 00 00 00 00 60 00 00 01 00 E1 16"                            File: Line:0 Function: Type:Debug:
DateTime:2026-08-28 19:31:11.850:"m_baRecvMsg:"                            File: Line:0 Function: Type:Debug:
DateTime:2026-08-28 19:31:11.850:"frameList.size():1"                            File: Line:0 Function: Type:Debug:
DateTime:2026-08-28 19:31:11.850:"进入报文解析"                            File: Line:0 Function: Type:Debug:
DateTime:2026-08-28 19:31:11.850:"68 32 00 32 00 68 80 00 00 00 00 00 00 60 00 00 01 00 E1 16"                            File: Line:0 Function: Type:Debug:
DateTime:2026-08-28 19:31:11.850:"解码完成，功能码: 1"                            File: Line:0 Function: Type:Debug:
DateTime:2026-08-28 19:31:11.850:"工装回复确认帧"                            File: Line:0 Function: Type:Debug:
DateTime:2026-08-28 19:31:11.850:"所有槽位上电成功"                            File: Line:0 Function: Type:Debug:
DateTime:2026-08-28 19:31:11.951:dll输出信息: ""                            File: Line:0 Function: Type:Debug:
DateTime:2026-08-28 19:31:11.951:接口函数调用成功，返回的结果为 0                            File: Line:0 Function: Type:Debug:
DateTime:2026-08-28 19:31:11.951:"外部传入的para：0，返回的result：0,返回的pValRet：0"                            File: Line:0 Function: Type:Debug:
DateTime:2026-08-28 19:31:11.951:"执行接口函数SimuCorn_power_on完成"                            File: Line:0 Function: Type:Debug:
DateTime:2026-08-28 19:31:11.952:coorIndex 0                            File: Line:0 Function: Type:Debug:
DateTime:2026-08-28 19:31:11.952:当前流程结束                            File: Line:0 Function: Type:Debug:
DateTime:2026-08-28 19:31:11.952:退出connect函数                            File: Line:0 Function: Type:Debug:
DateTime:2026-08-28 19:31:11.952:"=========【Step30-STA上电】结束=========="                            File: Line:0 Function: Type:Debug:
DateTime:2026-08-28 19:31:11.952:"-----------------------------"                            File: Line:0 Function: Type:Debug:
DateTime:2026-08-28 19:31:11.955:"=============执行【Step31-等待STA入网上报】==================="                            File: Line:0 Function: Type:Debug:
DateTime:2026-08-28 19:31:11.955:"执行接口函数CCO_Func_ON_Boarding_Event"                            File: Line:0 Function: Type:Debug:
DateTime:2026-08-28 19:31:11.955:callWorkFunction: CCO_Func_ON_Boarding_Event                            File: Line:0 Function: Type:Debug:
DateTime:2026-08-28 19:31:11.955:找到对应函数，进入执行                            File: Line:0 Function: Type:Debug:
DateTime:2026-08-28 19:31:11.956:"uTimeSecond_ms:5000"                            File: Line:0 Function: Type:Debug:
DateTime:2026-08-28 19:31:14.978:"等待工装回复超时"                            File: Line:0 Function: Type:Debug:
DateTime:2026-08-28 19:31:18.000:"等待工装回复超时"                            File: Line:0 Function: Type:Debug:
DateTime:2026-08-28 19:31:18.000:"uTimeSecond_ms:5000"                            File: Line:0 Function: Type:Debug:
DateTime:2026-08-28 19:31:21.022:"等待工装回复超时"                            File: Line:0 Function: Type:Debug:
DateTime:2026-08-28 19:31:24.044:"等待工装回复超时"                            File: Line:0 Function: Type:Debug:
DateTime:2026-08-28 19:31:24.044:"uTimeSecond_ms:5000"                            File: Line:0 Function: Type:Debug:
DateTime:2026-08-28 19:31:27.066:"等待工装回复超时"                            File: Line:0 Function: Type:Debug:
DateTime:2026-08-28 19:31:30.088:"等待工装回复超时"                            File: Line:0 Function: Type:Debug:
DateTime:2026-08-28 19:31:30.088:"uTimeSecond_ms:5000"                            File: Line:0 Function: Type:Debug:
DateTime:2026-08-28 19:31:33.110:"等待工装回复超时"                            File: Line:0 Function: Type:Debug:
DateTime:2026-08-28 19:31:36.132:"等待工装回复超时"                            File: Line:0 Function: Type:Debug:
DateTime:2026-08-28 19:31:36.132:"uTimeSecond_ms:5000"                            File: Line:0 Function: Type:Debug:
DateTime:2026-08-28 19:31:39.153:"等待工装回复超时"                            File: Line:0 Function: Type:Debug:
DateTime:2026-08-28 19:31:42.175:"等待工装回复超时"                            File: Line:0 Function: Type:Debug:
DateTime:2026-08-28 19:31:42.175:"uTimeSecond_ms:5000"                            File: Line:0 Function: Type:Debug:
DateTime:2026-08-28 19:31:45.197:"等待工装回复超时"                            File: Line:0 Function: Type:Debug:
DateTime:2026-08-28 19:31:48.219:"等待工装回复超时"                            File: Line:0 Function: Type:Debug:
DateTime:2026-08-28 19:31:48.219:"uTimeSecond_ms:5000"                            File: Line:0 Function: Type:Debug:
DateTime:2026-08-28 19:31:51.241:"等待工装回复超时"                            File: Line:0 Function: Type:Debug:
DateTime:2026-08-28 19:31:54.263:"等待工装回复超时"                            File: Line:0 Function: Type:Debug:
DateTime:2026-08-28 19:31:54.263:"uTimeSecond_ms:5000"                            File: Line:0 Function: Type:Debug:
DateTime:2026-08-28 19:31:57.285:"等待工装回复超时"                            File: Line:0 Function: Type:Debug:
DateTime:2026-08-28 19:32:00.307:"等待工装回复超时"                            File: Line:0 Function: Type:Debug:
DateTime:2026-08-28 19:32:00.307:"uTimeSecond_ms:5000"                            File: Line:0 Function: Type:Debug:
DateTime:2026-08-28 19:32:03.329:"等待工装回复超时"                            File: Line:0 Function: Type:Debug:
DateTime:2026-08-28 19:32:06.351:"等待工装回复超时"                            File: Line:0 Function: Type:Debug:
DateTime:2026-08-28 19:32:06.351:"uTimeSecond_ms:5000"                            File: Line:0 Function: Type:Debug:
DateTime:2026-08-28 19:32:09.373:"等待工装回复超时"                            File: Line:0 Function: Type:Debug:
DateTime:2026-08-28 19:32:12.395:"等待工装回复超时"                            File: Line:0 Function: Type:Debug:
DateTime:2026-08-28 19:32:12.395:"uTimeSecond_ms:5000"                            File: Line:0 Function: Type:Debug:
DateTime:2026-08-28 19:32:15.417:"等待工装回复超时"                            File: Line:0 Function: Type:Debug:
DateTime:2026-08-28 19:32:18.438:"等待工装回复超时"                            File: Line:0 Function: Type:Debug:
DateTime:2026-08-28 19:32:18.438:"uTimeSecond_ms:5000"                            File: Line:0 Function: Type:Debug:
DateTime:2026-08-28 19:32:21.460:"等待工装回复超时"                            File: Line:0 Function: Type:Debug:
DateTime:2026-08-28 19:32:24.482:"等待工装回复超时"                            File: Line:0 Function: Type:Debug:
DateTime:2026-08-28 19:32:24.482:"uTimeSecond_ms:5000"                            File: Line:0 Function: Type:Debug:
DateTime:2026-08-28 19:32:27.504:"等待工装回复超时"                            File: Line:0 Function: Type:Debug:
DateTime:2026-08-28 19:32:30.526:"等待工装回复超时"                            File: Line:0 Function: Type:Debug:
DateTime:2026-08-28 19:32:30.526:"uTimeSecond_ms:5000"                            File: Line:0 Function: Type:Debug:
DateTime:2026-08-28 19:32:33.548:"等待工装回复超时"                            File: Line:0 Function: Type:Debug:
DateTime:2026-08-28 19:32:36.570:"等待工装回复超时"                            File: Line:0 Function: Type:Debug:
DateTime:2026-08-28 19:32:36.570:"uTimeSecond_ms:5000"                            File: Line:0 Function: Type:Debug:
DateTime:2026-08-28 19:32:39.592:"等待工装回复超时"                            File: Line:0 Function: Type:Debug:
DateTime:2026-08-28 19:32:42.614:"等待工装回复超时"                            File: Line:0 Function: Type:Debug:
DateTime:2026-08-28 19:32:42.614:"uTimeSecond_ms:5000"                            File: Line:0 Function: Type:Debug:
DateTime:2026-08-28 19:32:45.636:"等待工装回复超时"                            File: Line:0 Function: Type:Debug:
DateTime:2026-08-28 19:32:48.658:"等待工装回复超时"                            File: Line:0 Function: Type:Debug:
DateTime:2026-08-28 19:32:48.658:"uTimeSecond_ms:5000"                            File: Line:0 Function: Type:Debug:
DateTime:2026-08-28 19:32:51.680:"等待工装回复超时"                            File: Line:0 Function: Type:Debug:
DateTime:2026-08-28 19:32:54.702:"等待工装回复超时"                            File: Line:0 Function: Type:Debug:
DateTime:2026-08-28 19:32:54.702:"uTimeSecond_ms:5000"                            File: Line:0 Function: Type:Debug:
DateTime:2026-08-28 19:32:57.723:"等待工装回复超时"                            File: Line:0 Function: Type:Debug:
DateTime:2026-08-28 19:33:00.745:"等待工装回复超时"                            File: Line:0 Function: Type:Debug:
DateTime:2026-08-28 19:33:00.745:"uTimeSecond_ms:5000"                            File: Line:0 Function: Type:Debug:
DateTime:2026-08-28 19:33:03.767:"等待工装回复超时"                            File: Line:0 Function: Type:Debug:
DateTime:2026-08-28 19:33:06.789:"等待工装回复超时"                            File: Line:0 Function: Type:Debug:
DateTime:2026-08-28 19:33:06.789:"uTimeSecond_ms:5000"                            File: Line:0 Function: Type:Debug:
DateTime:2026-08-28 19:33:09.811:"等待工装回复超时"                            File: Line:0 Function: Type:Debug:
DateTime:2026-08-28 19:33:12.833:"等待工装回复超时"                            File: Line:0 Function: Type:Debug:
DateTime:2026-08-28 19:33:12.833:"uTimeSecond_ms:5000"                            File: Line:0 Function: Type:Debug:
DateTime:2026-08-28 19:33:15.855:"等待工装回复超时"                            File: Line:0 Function: Type:Debug:
DateTime:2026-08-28 19:33:18.877:"等待工装回复超时"                            File: Line:0 Function: Type:Debug:
DateTime:2026-08-28 19:33:18.877:"uTimeSecond_ms:5000"                            File: Line:0 Function: Type:Debug:
DateTime:2026-08-28 19:33:21.899:"等待工装回复超时"                            File: Line:0 Function: Type:Debug:
DateTime:2026-08-28 19:33:24.921:"等待工装回复超时"                            File: Line:0 Function: Type:Debug:
DateTime:2026-08-28 19:33:24.921:"uTimeSecond_ms:5000"                            File: Line:0 Function: Type:Debug:
DateTime:2026-08-28 19:33:27.943:"等待工装回复超时"                            File: Line:0 Function: Type:Debug:
DateTime:2026-08-28 19:33:30.965:"等待工装回复超时"                            File: Line:0 Function: Type:Debug:
DateTime:2026-08-28 19:33:30.965:"uTimeSecond_ms:5000"                            File: Line:0 Function: Type:Debug:
DateTime:2026-08-28 19:33:33.986:"等待工装回复超时"                            File: Line:0 Function: Type:Debug:
DateTime:2026-08-28 19:33:37.008:"等待工装回复超时"                            File: Line:0 Function: Type:Debug:
DateTime:2026-08-28 19:33:37.008:"uTimeSecond_ms:5000"                            File: Line:0 Function: Type:Debug:
DateTime:2026-08-28 19:33:40.030:"等待工装回复超时"                            File: Line:0 Function: Type:Debug:
DateTime:2026-08-28 19:33:43.052:"等待工装回复超时"                            File: Line:0 Function: Type:Debug:
DateTime:2026-08-28 19:33:43.052:"uTimeSecond_ms:5000"                            File: Line:0 Function: Type:Debug:
DateTime:2026-08-28 19:33:46.074:"等待工装回复超时"                            File: Line:0 Function: Type:Debug:
DateTime:2026-08-28 19:33:49.096:"等待工装回复超时"                            File: Line:0 Function: Type:Debug:
DateTime:2026-08-28 19:33:49.096:"uTimeSecond_ms:5000"                            File: Line:0 Function: Type:Debug:
DateTime:2026-08-28 19:33:52.118:"等待工装回复超时"                            File: Line:0 Function: Type:Debug:
DateTime:2026-08-28 19:33:55.140:"等待工装回复超时"                            File: Line:0 Function: Type:Debug:
DateTime:2026-08-28 19:33:55.140:"uTimeSecond_ms:5000"                            File: Line:0 Function: Type:Debug:
DateTime:2026-08-28 19:33:58.162:"等待工装回复超时"                            File: Line:0 Function: Type:Debug:
DateTime:2026-08-28 19:34:01.184:"等待工装回复超时"                            File: Line:0 Function: Type:Debug:
DateTime:2026-08-28 19:34:01.184:"uTimeSecond_ms:5000"                            File: Line:0 Function: Type:Debug:
DateTime:2026-08-28 19:34:04.206:"等待工装回复超时"                            File: Line:0 Function: Type:Debug:
DateTime:2026-08-28 19:34:07.228:"等待工装回复超时"                            File: Line:0 Function: Type:Debug:
DateTime:2026-08-28 19:34:07.228:"uTimeSecond_ms:5000"                            File: Line:0 Function: Type:Debug:
DateTime:2026-08-28 19:34:10.250:"等待工装回复超时"                            File: Line:0 Function: Type:Debug:
DateTime:2026-08-28 19:34:13.271:"等待工装回复超时"                            File: Line:0 Function: Type:Debug:
DateTime:2026-08-28 19:34:13.271:"uTimeSecond_ms:5000"                            File: Line:0 Function: Type:Debug:
DateTime:2026-08-28 19:34:16.293:"等待工装回复超时"                            File: Line:0 Function: Type:Debug:
DateTime:2026-08-28 19:34:19.315:"等待工装回复超时"                            File: Line:0 Function: Type:Debug:
DateTime:2026-08-28 19:34:19.315:"uTimeSecond_ms:5000"                            File: Line:0 Function: Type:Debug:
DateTime:2026-08-28 19:34:22.337:"等待工装回复超时"                            File: Line:0 Function: Type:Debug:
DateTime:2026-08-28 19:34:25.359:"等待工装回复超时"                            File: Line:0 Function: Type:Debug:
DateTime:2026-08-28 19:34:25.359:"uTimeSecond_ms:5000"                            File: Line:0 Function: Type:Debug:
DateTime:2026-08-28 19:34:28.381:"等待工装回复超时"                            File: Line:0 Function: Type:Debug:
DateTime:2026-08-28 19:34:31.403:"等待工装回复超时"                            File: Line:0 Function: Type:Debug:
DateTime:2026-08-28 19:34:31.403:"uTimeSecond_ms:5000"                            File: Line:0 Function: Type:Debug:
DateTime:2026-08-28 19:34:34.425:"等待工装回复超时"                            File: Line:0 Function: Type:Debug:
DateTime:2026-08-28 19:34:37.447:"等待工装回复超时"                            File: Line:0 Function: Type:Debug:
DateTime:2026-08-28 19:34:37.447:"uTimeSecond_ms:5000"                            File: Line:0 Function: Type:Debug:
DateTime:2026-08-28 19:34:40.469:"等待工装回复超时"                            File: Line:0 Function: Type:Debug:
DateTime:2026-08-28 19:34:43.491:"等待工装回复超时"                            File: Line:0 Function: Type:Debug:
DateTime:2026-08-28 19:34:43.491:"uTimeSecond_ms:5000"                            File: Line:0 Function: Type:Debug:
DateTime:2026-08-28 19:34:46.513:"等待工装回复超时"                            File: Line:0 Function: Type:Debug:
DateTime:2026-08-28 19:34:49.534:"等待工装回复超时"                            File: Line:0 Function: Type:Debug:
DateTime:2026-08-28 19:34:49.534:"uTimeSecond_ms:5000"                            File: Line:0 Function: Type:Debug:
DateTime:2026-08-28 19:34:52.556:"等待工装回复超时"                            File: Line:0 Function: Type:Debug:
DateTime:2026-08-28 19:34:55.578:"等待工装回复超时"                            File: Line:0 Function: Type:Debug:
DateTime:2026-08-28 19:34:55.578:"uTimeSecond_ms:5000"                            File: Line:0 Function: Type:Debug:
DateTime:2026-08-28 19:34:58.600:"等待工装回复超时"                            File: Line:0 Function: Type:Debug:
DateTime:2026-08-28 19:35:01.622:"等待工装回复超时"                            File: Line:0 Function: Type:Debug:
DateTime:2026-08-28 19:35:01.622:"uTimeSecond_ms:5000"                            File: Line:0 Function: Type:Debug:
DateTime:2026-08-28 19:35:04.644:"等待工装回复超时"                            File: Line:0 Function: Type:Debug:
DateTime:2026-08-28 19:35:07.666:"等待工装回复超时"                            File: Line:0 Function: Type:Debug:
DateTime:2026-08-28 19:35:07.666:"uTimeSecond_ms:5000"                            File: Line:0 Function: Type:Debug:
DateTime:2026-08-28 19:35:10.688:"等待工装回复超时"                            File: Line:0 Function: Type:Debug:
DateTime:2026-08-28 19:35:13.710:"等待工装回复超时"                            File: Line:0 Function: Type:Debug:
DateTime:2026-08-28 19:35:13.710:"uTimeSecond_ms:5000"                            File: Line:0 Function: Type:Debug:
DateTime:2026-08-28 19:35:16.732:"等待工装回复超时"                            File: Line:0 Function: Type:Debug:
DateTime:2026-08-28 19:35:19.754:"等待工装回复超时"                            File: Line:0 Function: Type:Debug:
DateTime:2026-08-28 19:35:19.754:"uTimeSecond_ms:5000"                            File: Line:0 Function: Type:Debug:
DateTime:2026-08-28 19:35:22.776:"等待工装回复超时"                            File: Line:0 Function: Type:Debug:
DateTime:2026-08-28 19:35:25.798:"等待工装回复超时"                            File: Line:0 Function: Type:Debug:
DateTime:2026-08-28 19:35:25.798:"uTimeSecond_ms:5000"                            File: Line:0 Function: Type:Debug:
DateTime:2026-08-28 19:35:28.819:"等待工装回复超时"                            File: Line:0 Function: Type:Debug:
DateTime:2026-08-28 19:35:31.841:"等待工装回复超时"                            File: Line:0 Function: Type:Debug:
DateTime:2026-08-28 19:35:31.841:"uTimeSecond_ms:5000"                            File: Line:0 Function: Type:Debug:
DateTime:2026-08-28 19:35:34.863:"等待工装回复超时"                            File: Line:0 Function: Type:Debug:
DateTime:2026-08-28 19:35:37.885:"等待工装回复超时"                            File: Line:0 Function: Type:Debug:
DateTime:2026-08-28 19:35:37.885:"uTimeSecond_ms:5000"                            File: Line:0 Function: Type:Debug:
DateTime:2026-08-28 19:35:40.907:"等待工装回复超时"                            File: Line:0 Function: Type:Debug:
DateTime:2026-08-28 19:35:43.929:"等待工装回复超时"                            File: Line:0 Function: Type:Debug:
DateTime:2026-08-28 19:35:43.929:"uTimeSecond_ms:5000"                            File: Line:0 Function: Type:Debug:
DateTime:2026-08-28 19:35:46.951:"等待工装回复超时"                            File: Line:0 Function: Type:Debug:
DateTime:2026-08-28 19:35:49.973:"等待工装回复超时"                            File: Line:0 Function: Type:Debug:
DateTime:2026-08-28 19:35:49.973:"uTimeSecond_ms:5000"                            File: Line:0 Function: Type:Debug:
DateTime:2026-08-28 19:35:52.995:"等待工装回复超时"                            File: Line:0 Function: Type:Debug:
DateTime:2026-08-28 19:35:56.017:"等待工装回复超时"                            File: Line:0 Function: Type:Debug:
DateTime:2026-08-28 19:35:56.017:"uTimeSecond_ms:5000"                            File: Line:0 Function: Type:Debug:
DateTime:2026-08-28 19:35:59.039:"等待工装回复超时"                            File: Line:0 Function: Type:Debug:
DateTime:2026-08-28 19:36:02.061:"等待工装回复超时"                            File: Line:0 Function: Type:Debug:
DateTime:2026-08-28 19:36:02.061:"uTimeSecond_ms:5000"                            File: Line:0 Function: Type:Debug:
DateTime:2026-08-28 19:36:05.082:"等待工装回复超时"                            File: Line:0 Function: Type:Debug:
DateTime:2026-08-28 19:36:08.104:"等待工装回复超时"                            File: Line:0 Function: Type:Debug:
DateTime:2026-08-28 19:36:08.104:"uTimeSecond_ms:5000"                            File: Line:0 Function: Type:Debug:
DateTime:2026-08-28 19:36:11.126:"等待工装回复超时"                            File: Line:0 Function: Type:Debug:
DateTime:2026-08-28 19:36:14.148:"等待工装回复超时"                            File: Line:0 Function: Type:Debug:
DateTime:2026-08-28 19:36:14.148:"uTimeSecond_ms:5000"                            File: Line:0 Function: Type:Debug:
DateTime:2026-08-28 19:36:17.170:"等待工装回复超时"                            File: Line:0 Function: Type:Debug:
DateTime:2026-08-28 19:36:20.192:"等待工装回复超时"                            File: Line:0 Function: Type:Debug:
DateTime:2026-08-28 19:36:20.192:"uTimeSecond_ms:5000"                            File: Line:0 Function: Type:Debug:
DateTime:2026-08-28 19:36:23.214:"等待工装回复超时"                            File: Line:0 Function: Type:Debug:
DateTime:2026-08-28 19:36:26.236:"等待工装回复超时"                            File: Line:0 Function: Type:Debug:
DateTime:2026-08-28 19:36:26.236:"uTimeSecond_ms:5000"                            File: Line:0 Function: Type:Debug:
DateTime:2026-08-28 19:36:29.258:"等待工装回复超时"                            File: Line:0 Function: Type:Debug:
DateTime:2026-08-28 19:36:32.280:"等待工装回复超时"                            File: Line:0 Function: Type:Debug:
DateTime:2026-08-28 19:36:32.280:"uTimeSecond_ms:5000"                            File: Line:0 Function: Type:Debug:
DateTime:2026-08-28 19:36:35.302:"等待工装回复超时"                            File: Line:0 Function: Type:Debug:
DateTime:2026-08-28 19:36:38.324:"等待工装回复超时"                            File: Line:0 Function: Type:Debug:
DateTime:2026-08-28 19:36:38.324:"uTimeSecond_ms:5000"                            File: Line:0 Function: Type:Debug:
DateTime:2026-08-28 19:36:41.346:"等待工装回复超时"                            File: Line:0 Function: Type:Debug:
DateTime:2026-08-28 19:36:44.367:"等待工装回复超时"                            File: Line:0 Function: Type:Debug:
DateTime:2026-08-28 19:36:44.367:"uTimeSecond_ms:5000"                            File: Line:0 Function: Type:Debug:
DateTime:2026-08-28 19:36:47.389:"等待工装回复超时"                            File: Line:0 Function: Type:Debug:
DateTime:2026-08-28 19:36:50.411:"等待工装回复超时"                            File: Line:0 Function: Type:Debug:
DateTime:2026-08-28 19:36:50.411:"uTimeSecond_ms:5000"                            File: Line:0 Function: Type:Debug:
DateTime:2026-08-28 19:36:53.433:"等待工装回复超时"                            File: Line:0 Function: Type:Debug:
DateTime:2026-08-28 19:36:56.455:"等待工装回复超时"                            File: Line:0 Function: Type:Debug:
DateTime:2026-08-28 19:36:56.455:"uTimeSecond_ms:5000"                            File: Line:0 Function: Type:Debug:
DateTime:2026-08-28 19:36:59.477:"等待工装回复超时"                            File: Line:0 Function: Type:Debug:
DateTime:2026-08-28 19:37:02.499:"等待工装回复超时"                            File: Line:0 Function: Type:Debug:
DateTime:2026-08-28 19:37:02.499:"uTimeSecond_ms:5000"                            File: Line:0 Function: Type:Debug:
DateTime:2026-08-28 19:37:05.521:"等待工装回复超时"                            File: Line:0 Function: Type:Debug:
DateTime:2026-08-28 19:37:08.543:"等待工装回复超时"                            File: Line:0 Function: Type:Debug:
DateTime:2026-08-28 19:37:08.543:"uTimeSecond_ms:5000"                            File: Line:0 Function: Type:Debug:
DateTime:2026-08-28 19:37:11.565:"等待工装回复超时"                            File: Line:0 Function: Type:Debug:
DateTime:2026-08-28 19:37:14.587:"等待工装回复超时"                            File: Line:0 Function: Type:Debug:
DateTime:2026-08-28 19:37:14.587:"uTimeSecond_ms:5000"                            File: Line:0 Function: Type:Debug:
DateTime:2026-08-28 19:37:17.609:"等待工装回复超时"                            File: Line:0 Function: Type:Debug:
DateTime:2026-08-28 19:37:20.631:"等待工装回复超时"                            File: Line:0 Function: Type:Debug:
DateTime:2026-08-28 19:37:20.631:"uTimeSecond_ms:5000"                            File: Line:0 Function: Type:Debug:
DateTime:2026-08-28 19:37:23.652:"等待工装回复超时"                            File: Line:0 Function: Type:Debug:
DateTime:2026-08-28 19:37:26.674:"等待工装回复超时"                            File: Line:0 Function: Type:Debug:
DateTime:2026-08-28 19:37:26.674:"uTimeSecond_ms:5000"                            File: Line:0 Function: Type:Debug:
DateTime:2026-08-28 19:37:29.696:"等待工装回复超时"                            File: Line:0 Function: Type:Debug:
DateTime:2026-08-28 19:37:32.718:"等待工装回复超时"                            File: Line:0 Function: Type:Debug:
DateTime:2026-08-28 19:37:32.718:"uTimeSecond_ms:5000"                            File: Line:0 Function: Type:Debug:
DateTime:2026-08-28 19:37:35.740:"等待工装回复超时"                            File: Line:0 Function: Type:Debug:
DateTime:2026-08-28 19:37:38.762:"等待工装回复超时"                            File: Line:0 Function: Type:Debug:
DateTime:2026-08-28 19:37:38.762:"uTimeSecond_ms:5000"                            File: Line:0 Function: Type:Debug:
DateTime:2026-08-28 19:37:41.784:"等待工装回复超时"                            File: Line:0 Function: Type:Debug:
DateTime:2026-08-28 19:37:44.806:"等待工装回复超时"                            File: Line:0 Function: Type:Debug:
DateTime:2026-08-28 19:37:44.806:"uTimeSecond_ms:5000"                            File: Line:0 Function: Type:Debug:
DateTime:2026-08-28 19:37:47.828:"等待工装回复超时"                            File: Line:0 Function: Type:Debug:
DateTime:2026-08-28 19:37:50.850:"等待工装回复超时"                            File: Line:0 Function: Type:Debug:
DateTime:2026-08-28 19:37:50.850:"uTimeSecond_ms:5000"                            File: Line:0 Function: Type:Debug:
DateTime:2026-08-28 19:37:53.872:"等待工装回复超时"                            File: Line:0 Function: Type:Debug:
DateTime:2026-08-28 19:37:56.894:"等待工装回复超时"                            File: Line:0 Function: Type:Debug:
DateTime:2026-08-28 19:37:56.894:"uTimeSecond_ms:5000"                            File: Line:0 Function: Type:Debug:
DateTime:2026-08-28 19:37:59.915:"等待工装回复超时"                            File: Line:0 Function: Type:Debug:
DateTime:2026-08-28 19:38:02.937:"等待工装回复超时"                            File: Line:0 Function: Type:Debug:
DateTime:2026-08-28 19:38:02.937:"uTimeSecond_ms:5000"                            File: Line:0 Function: Type:Debug:
DateTime:2026-08-28 19:38:05.959:"等待工装回复超时"                            File: Line:0 Function: Type:Debug:
DateTime:2026-08-28 19:38:08.981:"等待工装回复超时"                            File: Line:0 Function: Type:Debug:
DateTime:2026-08-28 19:38:08.981:"uTimeSecond_ms:5000"                            File: Line:0 Function: Type:Debug:
DateTime:2026-08-28 19:38:12.003:"等待工装回复超时"                            File: Line:0 Function: Type:Debug:
DateTime:2026-08-28 19:38:15.025:"等待工装回复超时"                            File: Line:0 Function: Type:Debug:
DateTime:2026-08-28 19:38:15.025:"uTimeSecond_ms:5000"                            File: Line:0 Function: Type:Debug:
DateTime:2026-08-28 19:38:18.047:"等待工装回复超时"                            File: Line:0 Function: Type:Debug:
DateTime:2026-08-28 19:38:21.069:"等待工装回复超时"                            File: Line:0 Function: Type:Debug:
DateTime:2026-08-28 19:38:21.069:"uTimeSecond_ms:5000"                            File: Line:0 Function: Type:Debug:
DateTime:2026-08-28 19:38:24.091:"等待工装回复超时"                            File: Line:0 Function: Type:Debug:
DateTime:2026-08-28 19:38:27.113:"等待工装回复超时"                            File: Line:0 Function: Type:Debug:
DateTime:2026-08-28 19:38:27.113:"uTimeSecond_ms:5000"                            File: Line:0 Function: Type:Debug:
DateTime:2026-08-28 19:38:30.135:"等待工装回复超时"                            File: Line:0 Function: Type:Debug:
DateTime:2026-08-28 19:38:33.157:"等待工装回复超时"                            File: Line:0 Function: Type:Debug:
DateTime:2026-08-28 19:38:33.157:"uTimeSecond_ms:5000"                            File: Line:0 Function: Type:Debug:
DateTime:2026-08-28 19:38:36.179:"等待工装回复超时"                            File: Line:0 Function: Type:Debug:
DateTime:2026-08-28 19:38:39.200:"等待工装回复超时"                            File: Line:0 Function: Type:Debug:
DateTime:2026-08-28 19:38:39.200:"uTimeSecond_ms:5000"                            File: Line:0 Function: Type:Debug:
DateTime:2026-08-28 19:38:42.222:"等待工装回复超时"                            File: Line:0 Function: Type:Debug:
DateTime:2026-08-28 19:38:45.244:"等待工装回复超时"                            File: Line:0 Function: Type:Debug:
DateTime:2026-08-28 19:38:45.244:"uTimeSecond_ms:5000"                            File: Line:0 Function: Type:Debug:
DateTime:2026-08-28 19:38:48.266:"等待工装回复超时"                            File: Line:0 Function: Type:Debug:
DateTime:2026-08-28 19:38:51.288:"等待工装回复超时"                            File: Line:0 Function: Type:Debug:
DateTime:2026-08-28 19:38:51.288:"uTimeSecond_ms:5000"                            File: Line:0 Function: Type:Debug:
DateTime:2026-08-28 19:38:54.310:"等待工装回复超时"                            File: Line:0 Function: Type:Debug:
DateTime:2026-08-28 19:38:57.332:"等待工装回复超时"                            File: Line:0 Function: Type:Debug:
DateTime:2026-08-28 19:38:57.332:"uTimeSecond_ms:5000"                            File: Line:0 Function: Type:Debug:
DateTime:2026-08-28 19:39:00.354:"等待工装回复超时"                            File: Line:0 Function: Type:Debug:
DateTime:2026-08-28 19:39:03.376:"等待工装回复超时"                            File: Line:0 Function: Type:Debug:
DateTime:2026-08-28 19:39:03.376:"uTimeSecond_ms:5000"                            File: Line:0 Function: Type:Debug:
DateTime:2026-08-28 19:39:06.398:"等待工装回复超时"                            File: Line:0 Function: Type:Debug:
DateTime:2026-08-28 19:39:09.420:"等待工装回复超时"                            File: Line:0 Function: Type:Debug:
DateTime:2026-08-28 19:39:09.420:"uTimeSecond_ms:5000"                            File: Line:0 Function: Type:Debug:
DateTime:2026-08-28 19:39:12.442:"等待工装回复超时"                            File: Line:0 Function: Type:Debug:
DateTime:2026-08-28 19:39:15.463:"等待工装回复超时"                            File: Line:0 Function: Type:Debug:
DateTime:2026-08-28 19:39:15.463:"入网事件测试时间到,上报成功率:0%"                            File: Line:0 Function: Type:Debug:
DateTime:2026-08-28 19:39:15.463:dll输出信息: ""                            File: Line:0 Function: Type:Debug:
DateTime:2026-08-28 19:39:15.463:接口函数调用成功，返回的结果为 0                            File: Line:0 Function: Type:Debug:
DateTime:2026-08-28 19:39:15.463:"外部传入的para：1，返回的result：0,返回的pValRet：1"                            File: Line:0 Function: Type:Debug:
DateTime:2026-08-28 19:39:15.463:"执行接口函数CCO_Func_ON_Boarding_Event完成"                            File: Line:0 Function: Type:Debug:
DateTime:2026-08-28 19:39:15.465:coorIndex 0                            File: Line:0 Function: Type:Debug:
DateTime:2026-08-28 19:39:15.465:当前流程结束                            File: Line:0 Function: Type:Debug:
DateTime:2026-08-28 19:39:15.465:退出connect函数                            File: Line:0 Function: Type:Debug:
DateTime:2026-08-28 19:39:15.465:"=========【Step31-等待STA入网上报】结束=========="                            File: Line:0 Function: Type:Debug:
DateTime:2026-08-28 19:39:15.465:"-----------------------------"                            File: Line:0 Function: Type:Debug:
DateTime:2026-08-28 19:39:15.469:"=============执行【Step32-STA断电等待离网】==================="                            File: Line:0 Function: Type:Debug:
DateTime:2026-08-28 19:39:15.470:"执行接口函数SimuCorn_power_off"                            File: Line:0 Function: Type:Debug:
DateTime:2026-08-28 19:39:15.470:callWorkFunction: SimuCorn_power_off                            File: Line:0 Function: Type:Debug:
DateTime:2026-08-28 19:39:15.470:找到对应函数，进入执行                            File: Line:0 Function: Type:Debug:
DateTime:2026-08-28 19:39:15.470:"工装发送：68 3E 00 3E 00 68 40 00 00 00 00 00 21 60 00 00 02 00 03 02 00 C8 16"                            File: Line:0 Function: Type:Debug:
DateTime:2026-08-28 19:39:15.470:"工装接收：68 32 00 32 00 68 80 00 00 00 00 00 00 60 00 00 01 00 E1 16"                            File: Line:0 Function: Type:Debug:
DateTime:2026-08-28 19:39:15.470:"m_baRecvMsg:"                            File: Line:0 Function: Type:Debug:
DateTime:2026-08-28 19:39:15.470:"frameList.size():1"                            File: Line:0 Function: Type:Debug:
DateTime:2026-08-28 19:39:15.470:"进入报文解析"                            File: Line:0 Function: Type:Debug:
DateTime:2026-08-28 19:39:15.470:"68 32 00 32 00 68 80 00 00 00 00 00 00 60 00 00 01 00 E1 16"                            File: Line:0 Function: Type:Debug:
DateTime:2026-08-28 19:39:15.470:"解码完成，功能码: 1"                            File: Line:0 Function: Type:Debug:
DateTime:2026-08-28 19:39:15.470:"工装回复确认帧"                            File: Line:0 Function: Type:Debug:
DateTime:2026-08-28 19:39:15.470:"工装发送：68 3E 00 3E 00 68 40 00 00 00 00 00 21 60 00 00 02 00 04 02 00 C9 16"                            File: Line:0 Function: Type:Debug:
DateTime:2026-08-28 19:39:15.471:"工装接收：68 32 00 32 00 68 80 00 00 00 00 00 00 60 00 00 01 00 E1 16"                            File: Line:0 Function: Type:Debug:
DateTime:2026-08-28 19:39:15.471:"m_baRecvMsg:"                            File: Line:0 Function: Type:Debug:
DateTime:2026-08-28 19:39:15.471:"frameList.size():1"                            File: Line:0 Function: Type:Debug:
DateTime:2026-08-28 19:39:15.471:"进入报文解析"                            File: Line:0 Function: Type:Debug:
DateTime:2026-08-28 19:39:15.471:"68 32 00 32 00 68 80 00 00 00 00 00 00 60 00 00 01 00 E1 16"                            File: Line:0 Function: Type:Debug:
DateTime:2026-08-28 19:39:15.471:"解码完成，功能码: 1"                            File: Line:0 Function: Type:Debug:
DateTime:2026-08-28 19:39:15.471:"工装回复确认帧"                            File: Line:0 Function: Type:Debug:
DateTime:2026-08-28 19:39:15.471:"工装发送：68 3E 00 3E 00 68 40 00 00 00 00 00 21 60 00 00 02 00 05 02 00 CA 16"                            File: Line:0 Function: Type:Debug:
DateTime:2026-08-28 19:39:15.471:"工装接收：68 32 00 32 00 68 80 00 00 00 00 00 00 60 00 00 01 00 E1 16"                            File: Line:0 Function: Type:Debug:
DateTime:2026-08-28 19:39:15.471:"m_baRecvMsg:"                            File: Line:0 Function: Type:Debug:
DateTime:2026-08-28 19:39:15.471:"frameList.size():1"                            File: Line:0 Function: Type:Debug:
DateTime:2026-08-28 19:39:15.471:"进入报文解析"                            File: Line:0 Function: Type:Debug:
DateTime:2026-08-28 19:39:15.471:"68 32 00 32 00 68 80 00 00 00 00 00 00 60 00 00 01 00 E1 16"                            File: Line:0 Function: Type:Debug:
DateTime:2026-08-28 19:39:15.471:"解码完成，功能码: 1"                            File: Line:0 Function: Type:Debug:
DateTime:2026-08-28 19:39:15.471:"工装回复确认帧"                            File: Line:0 Function: Type:Debug:
DateTime:2026-08-28 19:39:15.471:"工装发送：68 3E 00 3E 00 68 40 00 00 00 00 00 21 60 00 00 02 00 06 02 00 CB 16"                            File: Line:0 Function: Type:Debug:
DateTime:2026-08-28 19:39:15.472:"工装接收：68 32 00 32 00 68 80 00 00 00 00 00 00 60 00 00 01 00 E1 16"                            File: Line:0 Function: Type:Debug:
DateTime:2026-08-28 19:39:15.472:"m_baRecvMsg:"                            File: Line:0 Function: Type:Debug:
DateTime:2026-08-28 19:39:15.472:"frameList.size():1"                            File: Line:0 Function: Type:Debug:
DateTime:2026-08-28 19:39:15.472:"进入报文解析"                            File: Line:0 Function: Type:Debug:
DateTime:2026-08-28 19:39:15.472:"68 32 00 32 00 68 80 00 00 00 00 00 00 60 00 00 01 00 E1 16"                            File: Line:0 Function: Type:Debug:
DateTime:2026-08-28 19:39:15.472:"解码完成，功能码: 1"                            File: Line:0 Function: Type:Debug:
DateTime:2026-08-28 19:39:15.472:"工装回复确认帧"                            File: Line:0 Function: Type:Debug:
DateTime:2026-08-28 19:39:15.472:"工装发送：68 3E 00 3E 00 68 40 00 00 00 00 00 21 60 00 00 02 00 07 02 00 CC 16"                            File: Line:0 Function: Type:Debug:
DateTime:2026-08-28 19:39:15.472:"工装接收：68 32 00 32 00 68 80 00 00 00 00 00 00 60 00 00 01 00 E1 16"                            File: Line:0 Function: Type:Debug:
DateTime:2026-08-28 19:39:15.472:"m_baRecvMsg:"                            File: Line:0 Function: Type:Debug:
DateTime:2026-08-28 19:39:15.472:"frameList.size():1"                            File: Line:0 Function: Type:Debug:
DateTime:2026-08-28 19:39:15.472:"进入报文解析"                            File: Line:0 Function: Type:Debug:
DateTime:2026-08-28 19:39:15.472:"68 32 00 32 00 68 80 00 00 00 00 00 00 60 00 00 01 00 E1 16"                            File: Line:0 Function: Type:Debug:
DateTime:2026-08-28 19:39:15.472:"解码完成，功能码: 1"                            File: Line:0 Function: Type:Debug:
DateTime:2026-08-28 19:39:15.472:"工装回复确认帧"                            File: Line:0 Function: Type:Debug:
DateTime:2026-08-28 19:39:15.472:"工装发送：68 3E 00 3E 00 68 40 00 00 00 00 00 21 60 00 00 02 00 08 02 00 CD 16"                            File: Line:0 Function: Type:Debug:
DateTime:2026-08-28 19:39:15.472:"工装接收：68 32 00 32 00 68 80 00 00 00 00 00 00 60 00 00 01 00 E1 16"                            File: Line:0 Function: Type:Debug:
DateTime:2026-08-28 19:39:15.472:"m_baRecvMsg:"                            File: Line:0 Function: Type:Debug:
DateTime:2026-08-28 19:39:15.472:"frameList.size():1"                            File: Line:0 Function: Type:Debug:
DateTime:2026-08-28 19:39:15.472:"进入报文解析"                            File: Line:0 Function: Type:Debug:
DateTime:2026-08-28 19:39:15.472:"68 32 00 32 00 68 80 00 00 00 00 00 00 60 00 00 01 00 E1 16"                            File: Line:0 Function: Type:Debug:
DateTime:2026-08-28 19:39:15.472:"解码完成，功能码: 1"                            File: Line:0 Function: Type:Debug:
DateTime:2026-08-28 19:39:15.472:"工装回复确认帧"                            File: Line:0 Function: Type:Debug:
DateTime:2026-08-28 19:39:15.472:"所有槽位下电成功"                            File: Line:0 Function: Type:Debug:
DateTime:2026-08-28 19:39:15.574:dll输出信息: ""                            File: Line:0 Function: Type:Debug:
DateTime:2026-08-28 19:39:15.574:接口函数调用成功，返回的结果为 0                            File: Line:0 Function: Type:Debug:
DateTime:2026-08-28 19:39:15.574:"外部传入的para：0，返回的result：0,返回的pValRet：0"                            File: Line:0 Function: Type:Debug:
DateTime:2026-08-28 19:39:15.574:"执行接口函数SimuCorn_power_off完成"                            File: Line:0 Function: Type:Debug:
DateTime:2026-08-28 19:39:15.575:coorIndex 0                            File: Line:0 Function: Type:Debug:
DateTime:2026-08-28 19:39:15.575:当前流程结束                            File: Line:0 Function: Type:Debug:
DateTime:2026-08-28 19:39:15.575:退出connect函数                            File: Line:0 Function: Type:Debug:
DateTime:2026-08-28 19:39:15.575:"=========【Step32-STA断电等待离网】结束=========="                            File: Line:0 Function: Type:Debug:
DateTime:2026-08-28 19:39:15.575:"-----------------------------"                            File: Line:0 Function: Type:Debug:
DateTime:2026-08-28 19:39:15.578:"=============执行【Step33-等待STA离网上报】==================="                            File: Line:0 Function: Type:Debug:
DateTime:2026-08-28 19:39:15.579:"执行接口函数CCO_Func_OFF_Boarding_Event"                            File: Line:0 Function: Type:Debug:
DateTime:2026-08-28 19:39:15.579:callWorkFunction: CCO_Func_OFF_Boarding_Event                            File: Line:0 Function: Type:Debug:
DateTime:2026-08-28 19:39:15.579:找到对应函数，进入执行                            File: Line:0 Function: Type:Debug:
DateTime:2026-08-28 19:39:15.579:"uTimeSecond_ms:5000"                            File: Line:0 Function: Type:Debug:
DateTime:2026-08-28 19:39:18.601:"等待工装回复超时"                            File: Line:0 Function: Type:Debug:
DateTime:2026-08-28 19:39:21.623:"等待工装回复超时"                            File: Line:0 Function: Type:Debug:
DateTime:2026-08-28 19:39:21.623:"uTimeSecond_ms:5000"                            File: Line:0 Function: Type:Debug:
DateTime:2026-08-28 19:39:24.645:"等待工装回复超时"                            File: Line:0 Function: Type:Debug:
DateTime:2026-08-28 19:39:27.667:"等待工装回复超时"                            File: Line:0 Function: Type:Debug:
DateTime:2026-08-28 19:39:27.667:"uTimeSecond_ms:5000"                            File: Line:0 Function: Type:Debug:
DateTime:2026-08-28 19:39:30.689:"等待工装回复超时"                            File: Line:0 Function: Type:Debug:
DateTime:2026-08-28 19:39:33.711:"等待工装回复超时"                            File: Line:0 Function: Type:Debug:
DateTime:2026-08-28 19:39:33.711:"uTimeSecond_ms:5000"                            File: Line:0 Function: Type:Debug:
DateTime:2026-08-28 19:39:36.733:"等待工装回复超时"                            File: Line:0 Function: Type:Debug:
DateTime:2026-08-28 19:39:39.755:"等待工装回复超时"                            File: Line:0 Function: Type:Debug:
DateTime:2026-08-28 19:39:39.755:"uTimeSecond_ms:5000"                            File: Line:0 Function: Type:Debug:
DateTime:2026-08-28 19:39:42.776:"等待工装回复超时"                            File: Line:0 Function: Type:Debug:
DateTime:2026-08-28 19:39:45.798:"等待工装回复超时"                            File: Line:0 Function: Type:Debug:
DateTime:2026-08-28 19:39:45.798:"uTimeSecond_ms:5000"                            File: Line:0 Function: Type:Debug:
DateTime:2026-08-28 19:39:48.820:"等待工装回复超时"                            File: Line:0 Function: Type:Debug:
DateTime:2026-08-28 19:39:51.842:"等待工装回复超时"                            File: Line:0 Function: Type:Debug:
DateTime:2026-08-28 19:39:51.842:"uTimeSecond_ms:5000"                            File: Line:0 Function: Type:Debug:
DateTime:2026-08-28 19:39:54.864:"等待工装回复超时"                            File: Line:0 Function: Type:Debug:
DateTime:2026-08-28 19:39:57.886:"等待工装回复超时"                            File: Line:0 Function: Type:Debug:
DateTime:2026-08-28 19:39:57.886:"uTimeSecond_ms:5000"                            File: Line:0 Function: Type:Debug:
DateTime:2026-08-28 19:40:00.908:"等待工装回复超时"                            File: Line:0 Function: Type:Debug:
DateTime:2026-08-28 19:40:03.930:"等待工装回复超时"                            File: Line:0 Function: Type:Debug:
DateTime:2026-08-28 19:40:03.930:"uTimeSecond_ms:5000"                            File: Line:0 Function: Type:Debug:
DateTime:2026-08-28 19:40:06.952:"等待工装回复超时"                            File: Line:0 Function: Type:Debug:
DateTime:2026-08-28 19:40:09.974:"等待工装回复超时"                            File: Line:0 Function: Type:Debug:
DateTime:2026-08-28 19:40:09.974:"uTimeSecond_ms:5000"                            File: Line:0 Function: Type:Debug:
DateTime:2026-08-28 19:40:12.996:"等待工装回复超时"                            File: Line:0 Function: Type:Debug:
DateTime:2026-08-28 19:40:16.018:"等待工装回复超时"                            File: Line:0 Function: Type:Debug:
DateTime:2026-08-28 19:40:16.018:"uTimeSecond_ms:5000"                            File: Line:0 Function: Type:Debug:
DateTime:2026-08-28 19:40:19.040:"等待工装回复超时"                            File: Line:0 Function: Type:Debug:
DateTime:2026-08-28 19:40:22.061:"等待工装回复超时"                            File: Line:0 Function: Type:Debug:
DateTime:2026-08-28 19:40:22.061:"uTimeSecond_ms:5000"                            File: Line:0 Function: Type:Debug:
DateTime:2026-08-28 19:40:25.083:"等待工装回复超时"                            File: Line:0 Function: Type:Debug:
DateTime:2026-08-28 19:40:25.356:"工装接收：68 7A 00 7A 00 68 80 00 00 00 00 00 22 60 00 00 01 00 02 0F 00 68 0F 00 C3 00 00 00 00 00 24 14 02 00 FD 16 9B 16"                            File: Line:0 Function: Type:Debug:
DateTime:2026-08-28 19:40:25.356:"m_baRecvMsg:"                            File: Line:0 Function: Type:Debug:
DateTime:2026-08-28 19:40:25.356:"rameList.size():"                            File: Line:0 Function: Type:Debug:
DateTime:2026-08-28 19:40:25.356:"进入报文解析"                            File: Line:0 Function: Type:Debug:
DateTime:2026-08-28 19:40:25.356:"68 7A 00 7A 00 68 80 00 00 00 00 00 22 60 00 00 01 00 02 0F 00 68 0F 00 C3 00 00 00 00 00 24 14 02 00 FD 16 9B 16"                            File: Line:0 Function: Type:Debug:
DateTime:2026-08-28 19:40:25.356:"解码完成，功能码: 4"                            File: Line:0 Function: Type:Debug:
DateTime:2026-08-28 19:40:25.356:"工装回复透传报文"                            File: Line:0 Function: Type:Debug:
DateTime:2026-08-28 19:40:25.356:"020F00680F00C3000000000024140200FD16"                            File: Line:0 Function: Type:Debug:
DateTime:2026-08-28 19:40:25.356:"内容:68 0f 00 c3 00 00 00 00 00 24 14 02 00 fd 16"                            File: Line:0 Function: Type:Debug:
DateTime:2026-08-28 19:40:28.177:"等待工装回复超时"                            File: Line:0 Function: Type:Debug:
DateTime:2026-08-28 19:40:28.177:"uTimeSecond_ms:5000"                            File: Line:0 Function: Type:Debug:
DateTime:2026-08-28 19:40:28.177:"查找结果: iret=0, wStart=0, dwOutLen=15, dwStreamLen=15, dwFindPos=0"                            File: Line:0 Function: Type:Debug:
DateTime:2026-08-28 19:40:28.177:"Receive:<= 68 0F 00 C3 00 00 00 00 00 24 14 02 00 FD 16"                            File: Line:0 Function: Type:Debug:
DateTime:2026-08-28 19:40:28.177:"解析：功能码-AFN=14H,Fn=2："                            File: Line:0 Function: Type:Debug:
DateTime:2026-08-28 19:40:28.177:"Send(回复路由请求集中器时钟)：=> 68 15 00 03 00 00 00 00 00 24 14 02 00 28 40 19 28 08 26 14 16"                            File: Line:0 Function: Type:Debug:
DateTime:2026-08-28 19:40:28.177:"槽位2透传:68960096006840000000000022600000010002013C00681500030000000000241402002840192808261416BD16"                            File: Line:0 Function: Type:Debug:
DateTime:2026-08-28 19:40:28.177:"工装发送：68 96 00 96 00 68 40 00 00 00 00 00 22 60 00 00 01 00 02 01 3C 00 68 15 00 03 00 00 00 00 00 24 14 02 00 28 40 19 28 08 26 14 16 BD 16"                            File: Line:0 Function: Type:Debug:
DateTime:2026-08-28 19:40:28.202:"工装接收：68 32 00 32 00 68 80 00 00 00 00 00 00 60 00 00 01 00 E1 16"                            File: Line:0 Function: Type:Debug:
DateTime:2026-08-28 19:40:28.202:"m_baRecvMsg:"                            File: Line:0 Function: Type:Debug:
DateTime:2026-08-28 19:40:28.202:"rameList.size():"                            File: Line:0 Function: Type:Debug:
DateTime:2026-08-28 19:40:28.202:"进入报文解析"                            File: Line:0 Function: Type:Debug:
DateTime:2026-08-28 19:40:28.202:"68 32 00 32 00 68 80 00 00 00 00 00 00 60 00 00 01 00 E1 16"                            File: Line:0 Function: Type:Debug:
DateTime:2026-08-28 19:40:28.202:"解码完成，功能码: 1"                            File: Line:0 Function: Type:Debug:
DateTime:2026-08-28 19:40:28.202:"工装回复确认帧"                            File: Line:0 Function: Type:Debug:
DateTime:2026-08-28 19:40:34.246:"等待工装回复超时"                            File: Line:0 Function: Type:Debug:
DateTime:2026-08-28 19:40:34.246:"uTimeSecond_ms:5000"                            File: Line:0 Function: Type:Debug:
DateTime:2026-08-28 19:40:37.268:"等待工装回复超时"                            File: Line:0 Function: Type:Debug:
DateTime:2026-08-28 19:40:40.290:"等待工装回复超时"                            File: Line:0 Function: Type:Debug:
DateTime:2026-08-28 19:40:40.290:"uTimeSecond_ms:5000"                            File: Line:0 Function: Type:Debug:
DateTime:2026-08-28 19:40:43.312:"等待工装回复超时"                            File: Line:0 Function: Type:Debug:
DateTime:2026-08-28 19:40:46.334:"等待工装回复超时"                            File: Line:0 Function: Type:Debug:
DateTime:2026-08-28 19:40:46.334:"uTimeSecond_ms:5000"                            File: Line:0 Function: Type:Debug:
DateTime:2026-08-28 19:40:49.355:"等待工装回复超时"                            File: Line:0 Function: Type:Debug:
DateTime:2026-08-28 19:40:52.377:"等待工装回复超时"                            File: Line:0 Function: Type:Debug:
DateTime:2026-08-28 19:40:52.377:"uTimeSecond_ms:5000"                            File: Line:0 Function: Type:Debug:
DateTime:2026-08-28 19:40:55.399:"等待工装回复超时"                            File: Line:0 Function: Type:Debug:
DateTime:2026-08-28 19:40:58.421:"等待工装回复超时"                            File: Line:0 Function: Type:Debug:
DateTime:2026-08-28 19:40:58.421:"uTimeSecond_ms:5000"                            File: Line:0 Function: Type:Debug:
DateTime:2026-08-28 19:41:01.443:"等待工装回复超时"                            File: Line:0 Function: Type:Debug:
DateTime:2026-08-28 19:41:04.465:"等待工装回复超时"                            File: Line:0 Function: Type:Debug:
DateTime:2026-08-28 19:41:04.465:"uTimeSecond_ms:5000"                            File: Line:0 Function: Type:Debug:
DateTime:2026-08-28 19:41:07.487:"等待工装回复超时"                            File: Line:0 Function: Type:Debug:
DateTime:2026-08-28 19:41:10.509:"等待工装回复超时"                            File: Line:0 Function: Type:Debug:
DateTime:2026-08-28 19:41:10.509:"uTimeSecond_ms:5000"                            File: Line:0 Function: Type:Debug:
DateTime:2026-08-28 19:41:13.531:"等待工装回复超时"                            File: Line:0 Function: Type:Debug:
DateTime:2026-08-28 19:41:16.553:"等待工装回复超时"                            File: Line:0 Function: Type:Debug:
DateTime:2026-08-28 19:41:16.553:"uTimeSecond_ms:5000"                            File: Line:0 Function: Type:Debug:
DateTime:2026-08-28 19:41:19.575:"等待工装回复超时"                            File: Line:0 Function: Type:Debug:
DateTime:2026-08-28 19:41:22.597:"等待工装回复超时"                            File: Line:0 Function: Type:Debug:
DateTime:2026-08-28 19:41:22.597:"uTimeSecond_ms:5000"                            File: Line:0 Function: Type:Debug:
DateTime:2026-08-28 19:41:25.618:"等待工装回复超时"                            File: Line:0 Function: Type:Debug:
DateTime:2026-08-28 19:41:28.640:"等待工装回复超时"                            File: Line:0 Function: Type:Debug:
DateTime:2026-08-28 19:41:28.640:"uTimeSecond_ms:5000"                            File: Line:0 Function: Type:Debug:
DateTime:2026-08-28 19:41:31.662:"等待工装回复超时"                            File: Line:0 Function: Type:Debug:
DateTime:2026-08-28 19:41:34.684:"等待工装回复超时"                            File: Line:0 Function: Type:Debug:
DateTime:2026-08-28 19:41:34.684:"uTimeSecond_ms:5000"                            File: Line:0 Function: Type:Debug:
DateTime:2026-08-28 19:41:37.706:"等待工装回复超时"                            File: Line:0 Function: Type:Debug:
DateTime:2026-08-28 19:41:40.728:"等待工装回复超时"                            File: Line:0 Function: Type:Debug:
DateTime:2026-08-28 19:41:40.728:"uTimeSecond_ms:5000"                            File: Line:0 Function: Type:Debug:
DateTime:2026-08-28 19:41:43.750:"等待工装回复超时"                            File: Line:0 Function: Type:Debug:
DateTime:2026-08-28 19:41:46.772:"等待工装回复超时"                            File: Line:0 Function: Type:Debug:
DateTime:2026-08-28 19:41:46.772:"uTimeSecond_ms:5000"                            File: Line:0 Function: Type:Debug:
DateTime:2026-08-28 19:41:49.794:"等待工装回复超时"                            File: Line:0 Function: Type:Debug:
DateTime:2026-08-28 19:41:52.816:"等待工装回复超时"                            File: Line:0 Function: Type:Debug:
DateTime:2026-08-28 19:41:52.816:"uTimeSecond_ms:5000"                            File: Line:0 Function: Type:Debug:
DateTime:2026-08-28 19:41:55.838:"等待工装回复超时"                            File: Line:0 Function: Type:Debug:
DateTime:2026-08-28 19:41:58.860:"等待工装回复超时"                            File: Line:0 Function: Type:Debug:
DateTime:2026-08-28 19:41:58.860:"uTimeSecond_ms:5000"                            File: Line:0 Function: Type:Debug:
DateTime:2026-08-28 19:42:01.882:"等待工装回复超时"                            File: Line:0 Function: Type:Debug:
DateTime:2026-08-28 19:42:04.903:"等待工装回复超时"                            File: Line:0 Function: Type:Debug:
DateTime:2026-08-28 19:42:04.903:"uTimeSecond_ms:5000"                            File: Line:0 Function: Type:Debug:
DateTime:2026-08-28 19:42:07.925:"等待工装回复超时"                            File: Line:0 Function: Type:Debug:
DateTime:2026-08-28 19:42:10.947:"等待工装回复超时"                            File: Line:0 Function: Type:Debug:
DateTime:2026-08-28 19:42:10.947:"uTimeSecond_ms:5000"                            File: Line:0 Function: Type:Debug:
DateTime:2026-08-28 19:42:13.969:"等待工装回复超时"                            File: Line:0 Function: Type:Debug:
DateTime:2026-08-28 19:42:16.991:"等待工装回复超时"                            File: Line:0 Function: Type:Debug:
DateTime:2026-08-28 19:42:16.991:"uTimeSecond_ms:5000"                            File: Line:0 Function: Type:Debug:
DateTime:2026-08-28 19:42:20.013:"等待工装回复超时"                            File: Line:0 Function: Type:Debug:
DateTime:2026-08-28 19:42:23.035:"等待工装回复超时"                            File: Line:0 Function: Type:Debug:
DateTime:2026-08-28 19:42:23.035:"uTimeSecond_ms:5000"                            File: Line:0 Function: Type:Debug:
DateTime:2026-08-28 19:42:26.057:"等待工装回复超时"                            File: Line:0 Function: Type:Debug:
DateTime:2026-08-28 19:42:29.079:"等待工装回复超时"                            File: Line:0 Function: Type:Debug:
DateTime:2026-08-28 19:42:29.079:"uTimeSecond_ms:5000"                            File: Line:0 Function: Type:Debug:
DateTime:2026-08-28 19:42:32.101:"等待工装回复超时"                            File: Line:0 Function: Type:Debug:
DateTime:2026-08-28 19:42:35.123:"等待工装回复超时"                            File: Line:0 Function: Type:Debug:
DateTime:2026-08-28 19:42:35.123:"uTimeSecond_ms:5000"                            File: Line:0 Function: Type:Debug:
DateTime:2026-08-28 19:42:38.145:"等待工装回复超时"                            File: Line:0 Function: Type:Debug:
DateTime:2026-08-28 19:42:41.167:"等待工装回复超时"                            File: Line:0 Function: Type:Debug:
DateTime:2026-08-28 19:42:41.167:"uTimeSecond_ms:5000"                            File: Line:0 Function: Type:Debug:
DateTime:2026-08-28 19:42:44.188:"等待工装回复超时"                            File: Line:0 Function: Type:Debug:
DateTime:2026-08-28 19:42:47.210:"等待工装回复超时"                            File: Line:0 Function: Type:Debug:
DateTime:2026-08-28 19:42:47.210:"uTimeSecond_ms:5000"                            File: Line:0 Function: Type:Debug:
DateTime:2026-08-28 19:42:50.232:"等待工装回复超时"                            File: Line:0 Function: Type:Debug:
DateTime:2026-08-28 19:42:53.254:"等待工装回复超时"                            File: Line:0 Function: Type:Debug:
DateTime:2026-08-28 19:42:53.254:"uTimeSecond_ms:5000"                            File: Line:0 Function: Type:Debug:
DateTime:2026-08-28 19:42:56.276:"等待工装回复超时"                            File: Line:0 Function: Type:Debug:
DateTime:2026-08-28 19:42:59.298:"等待工装回复超时"                            File: Line:0 Function: Type:Debug:
DateTime:2026-08-28 19:42:59.298:"uTimeSecond_ms:5000"                            File: Line:0 Function: Type:Debug:
DateTime:2026-08-28 19:43:02.320:"等待工装回复超时"                            File: Line:0 Function: Type:Debug:
DateTime:2026-08-28 19:43:05.342:"等待工装回复超时"                            File: Line:0 Function: Type:Debug:
DateTime:2026-08-28 19:43:05.342:"uTimeSecond_ms:5000"                            File: Line:0 Function: Type:Debug:
DateTime:2026-08-28 19:43:08.364:"等待工装回复超时"                            File: Line:0 Function: Type:Debug:
DateTime:2026-08-28 19:43:11.386:"等待工装回复超时"                            File: Line:0 Function: Type:Debug:
DateTime:2026-08-28 19:43:11.386:"uTimeSecond_ms:5000"                            File: Line:0 Function: Type:Debug:
DateTime:2026-08-28 19:43:14.408:"等待工装回复超时"                            File: Line:0 Function: Type:Debug:
DateTime:2026-08-28 19:43:17.430:"等待工装回复超时"                            File: Line:0 Function: Type:Debug:
DateTime:2026-08-28 19:43:17.430:"uTimeSecond_ms:5000"                            File: Line:0 Function: Type:Debug:
DateTime:2026-08-28 19:43:20.451:"等待工装回复超时"                            File: Line:0 Function: Type:Debug:
DateTime:2026-08-28 19:43:23.473:"等待工装回复超时"                            File: Line:0 Function: Type:Debug:
DateTime:2026-08-28 19:43:23.473:"uTimeSecond_ms:5000"                            File: Line:0 Function: Type:Debug:
DateTime:2026-08-28 19:43:26.495:"等待工装回复超时"                            File: Line:0 Function: Type:Debug:
DateTime:2026-08-28 19:43:29.517:"等待工装回复超时"                            File: Line:0 Function: Type:Debug:
DateTime:2026-08-28 19:43:29.517:"uTimeSecond_ms:5000"                            File: Line:0 Function: Type:Debug:
DateTime:2026-08-28 19:43:32.539:"等待工装回复超时"                            File: Line:0 Function: Type:Debug:
DateTime:2026-08-28 19:43:35.561:"等待工装回复超时"                            File: Line:0 Function: Type:Debug:
DateTime:2026-08-28 19:43:35.561:"uTimeSecond_ms:5000"                            File: Line:0 Function: Type:Debug:
DateTime:2026-08-28 19:43:38.583:"等待工装回复超时"                            File: Line:0 Function: Type:Debug:
DateTime:2026-08-28 19:43:41.605:"等待工装回复超时"                            File: Line:0 Function: Type:Debug:
DateTime:2026-08-28 19:43:41.605:"uTimeSecond_ms:5000"                            File: Line:0 Function: Type:Debug:
DateTime:2026-08-28 19:43:44.627:"等待工装回复超时"                            File: Line:0 Function: Type:Debug:
DateTime:2026-08-28 19:43:47.649:"等待工装回复超时"                            File: Line:0 Function: Type:Debug:
DateTime:2026-08-28 19:43:47.649:"uTimeSecond_ms:5000"                            File: Line:0 Function: Type:Debug:
DateTime:2026-08-28 19:43:50.671:"等待工装回复超时"                            File: Line:0 Function: Type:Debug:
DateTime:2026-08-28 19:43:53.693:"等待工装回复超时"                            File: Line:0 Function: Type:Debug:
DateTime:2026-08-28 19:43:53.693:"uTimeSecond_ms:5000"                            File: Line:0 Function: Type:Debug:
DateTime:2026-08-28 19:43:56.715:"等待工装回复超时"                            File: Line:0 Function: Type:Debug:
DateTime:2026-08-28 19:43:59.736:"等待工装回复超时"                            File: Line:0 Function: Type:Debug:
DateTime:2026-08-28 19:43:59.736:"uTimeSecond_ms:5000"                            File: Line:0 Function: Type:Debug:
DateTime:2026-08-28 19:44:02.758:"等待工装回复超时"                            File: Line:0 Function: Type:Debug:
DateTime:2026-08-28 19:44:05.780:"等待工装回复超时"                            File: Line:0 Function: Type:Debug:
DateTime:2026-08-28 19:44:05.780:"uTimeSecond_ms:5000"                            File: Line:0 Function: Type:Debug:
DateTime:2026-08-28 19:44:08.802:"等待工装回复超时"                            File: Line:0 Function: Type:Debug:
DateTime:2026-08-28 19:44:11.824:"等待工装回复超时"                            File: Line:0 Function: Type:Debug:
DateTime:2026-08-28 19:44:11.824:"uTimeSecond_ms:5000"                            File: Line:0 Function: Type:Debug:
DateTime:2026-08-28 19:44:14.846:"等待工装回复超时"                            File: Line:0 Function: Type:Debug:
DateTime:2026-08-28 19:44:17.868:"等待工装回复超时"                            File: Line:0 Function: Type:Debug:
DateTime:2026-08-28 19:44:17.868:"uTimeSecond_ms:5000"                            File: Line:0 Function: Type:Debug:
DateTime:2026-08-28 19:44:20.890:"等待工装回复超时"                            File: Line:0 Function: Type:Debug:
DateTime:2026-08-28 19:44:23.912:"等待工装回复超时"                            File: Line:0 Function: Type:Debug:
DateTime:2026-08-28 19:44:23.912:"uTimeSecond_ms:5000"                            File: Line:0 Function: Type:Debug:
DateTime:2026-08-28 19:44:26.934:"等待工装回复超时"                            File: Line:0 Function: Type:Debug:
DateTime:2026-08-28 19:44:29.956:"等待工装回复超时"                            File: Line:0 Function: Type:Debug:
DateTime:2026-08-28 19:44:29.956:"uTimeSecond_ms:5000"                            File: Line:0 Function: Type:Debug:
DateTime:2026-08-28 19:44:32.978:"等待工装回复超时"                            File: Line:0 Function: Type:Debug:
DateTime:2026-08-28 19:44:35.999:"等待工装回复超时"                            File: Line:0 Function: Type:Debug:
DateTime:2026-08-28 19:44:35.999:"uTimeSecond_ms:5000"                            File: Line:0 Function: Type:Debug:
DateTime:2026-08-28 19:44:39.021:"等待工装回复超时"                            File: Line:0 Function: Type:Debug:
DateTime:2026-08-28 19:44:42.043:"等待工装回复超时"                            File: Line:0 Function: Type:Debug:
DateTime:2026-08-28 19:44:42.043:"uTimeSecond_ms:5000"                            File: Line:0 Function: Type:Debug:
DateTime:2026-08-28 19:44:45.065:"等待工装回复超时"                            File: Line:0 Function: Type:Debug:
DateTime:2026-08-28 19:44:48.087:"等待工装回复超时"                            File: Line:0 Function: Type:Debug:
DateTime:2026-08-28 19:44:48.087:"uTimeSecond_ms:5000"                            File: Line:0 Function: Type:Debug:
DateTime:2026-08-28 19:44:51.109:"等待工装回复超时"                            File: Line:0 Function: Type:Debug:
DateTime:2026-08-28 19:44:54.131:"等待工装回复超时"                            File: Line:0 Function: Type:Debug:
DateTime:2026-08-28 19:44:54.131:"uTimeSecond_ms:5000"                            File: Line:0 Function: Type:Debug:
DateTime:2026-08-28 19:44:57.153:"等待工装回复超时"                            File: Line:0 Function: Type:Debug:
DateTime:2026-08-28 19:45:00.175:"等待工装回复超时"                            File: Line:0 Function: Type:Debug:
DateTime:2026-08-28 19:45:00.175:"uTimeSecond_ms:5000"                            File: Line:0 Function: Type:Debug:
DateTime:2026-08-28 19:45:03.197:"等待工装回复超时"                            File: Line:0 Function: Type:Debug:
DateTime:2026-08-28 19:45:06.219:"等待工装回复超时"                            File: Line:0 Function: Type:Debug:
DateTime:2026-08-28 19:45:06.219:"uTimeSecond_ms:5000"                            File: Line:0 Function: Type:Debug:
DateTime:2026-08-28 19:45:09.241:"等待工装回复超时"                            File: Line:0 Function: Type:Debug:
DateTime:2026-08-28 19:45:12.263:"等待工装回复超时"                            File: Line:0 Function: Type:Debug:
DateTime:2026-08-28 19:45:12.263:"uTimeSecond_ms:5000"                            File: Line:0 Function: Type:Debug:
DateTime:2026-08-28 19:45:15.284:"等待工装回复超时"                            File: Line:0 Function: Type:Debug:
DateTime:2026-08-28 19:45:18.306:"等待工装回复超时"                            File: Line:0 Function: Type:Debug:
DateTime:2026-08-28 19:45:18.306:"uTimeSecond_ms:5000"                            File: Line:0 Function: Type:Debug:
DateTime:2026-08-28 19:45:21.328:"等待工装回复超时"                            File: Line:0 Function: Type:Debug:
DateTime:2026-08-28 19:45:24.350:"等待工装回复超时"                            File: Line:0 Function: Type:Debug:
DateTime:2026-08-28 19:45:24.350:"uTimeSecond_ms:5000"                            File: Line:0 Function: Type:Debug:
DateTime:2026-08-28 19:45:27.372:"等待工装回复超时"                            File: Line:0 Function: Type:Debug:
DateTime:2026-08-28 19:45:30.394:"等待工装回复超时"                            File: Line:0 Function: Type:Debug:
DateTime:2026-08-28 19:45:30.394:"uTimeSecond_ms:5000"                            File: Line:0 Function: Type:Debug:
DateTime:2026-08-28 19:45:33.416:"等待工装回复超时"                            File: Line:0 Function: Type:Debug:
DateTime:2026-08-28 19:45:36.438:"等待工装回复超时"                            File: Line:0 Function: Type:Debug:
DateTime:2026-08-28 19:45:36.438:"uTimeSecond_ms:5000"                            File: Line:0 Function: Type:Debug:
DateTime:2026-08-28 19:45:39.460:"等待工装回复超时"                            File: Line:0 Function: Type:Debug:
DateTime:2026-08-28 19:45:42.482:"等待工装回复超时"                            File: Line:0 Function: Type:Debug:
DateTime:2026-08-28 19:45:42.482:"uTimeSecond_ms:5000"                            File: Line:0 Function: Type:Debug:
DateTime:2026-08-28 19:45:45.504:"等待工装回复超时"                            File: Line:0 Function: Type:Debug:
DateTime:2026-08-28 19:45:48.526:"等待工装回复超时"                            File: Line:0 Function: Type:Debug:
DateTime:2026-08-28 19:45:48.526:"uTimeSecond_ms:5000"                            File: Line:0 Function: Type:Debug:
DateTime:2026-08-28 19:45:51.547:"等待工装回复超时"                            File: Line:0 Function: Type:Debug:
DateTime:2026-08-28 19:45:54.569:"等待工装回复超时"                            File: Line:0 Function: Type:Debug:
DateTime:2026-08-28 19:45:54.569:"uTimeSecond_ms:5000"                            File: Line:0 Function: Type:Debug:
DateTime:2026-08-28 19:45:57.591:"等待工装回复超时"                            File: Line:0 Function: Type:Debug:
DateTime:2026-08-28 19:46:00.613:"等待工装回复超时"                            File: Line:0 Function: Type:Debug:
DateTime:2026-08-28 19:46:00.613:"uTimeSecond_ms:5000"                            File: Line:0 Function: Type:Debug:
DateTime:2026-08-28 19:46:03.635:"等待工装回复超时"                            File: Line:0 Function: Type:Debug:
DateTime:2026-08-28 19:46:06.657:"等待工装回复超时"                            File: Line:0 Function: Type:Debug:
DateTime:2026-08-28 19:46:06.657:"uTimeSecond_ms:5000"                            File: Line:0 Function: Type:Debug:
DateTime:2026-08-28 19:46:09.679:"等待工装回复超时"                            File: Line:0 Function: Type:Debug:
DateTime:2026-08-28 19:46:12.701:"等待工装回复超时"                            File: Line:0 Function: Type:Debug:
DateTime:2026-08-28 19:46:12.701:"uTimeSecond_ms:5000"                            File: Line:0 Function: Type:Debug:
DateTime:2026-08-28 19:46:15.723:"等待工装回复超时"                            File: Line:0 Function: Type:Debug:
DateTime:2026-08-28 19:46:18.745:"等待工装回复超时"                            File: Line:0 Function: Type:Debug:
DateTime:2026-08-28 19:46:18.745:"uTimeSecond_ms:5000"                            File: Line:0 Function: Type:Debug:
DateTime:2026-08-28 19:46:21.767:"等待工装回复超时"                            File: Line:0 Function: Type:Debug:
DateTime:2026-08-28 19:46:24.789:"等待工装回复超时"                            File: Line:0 Function: Type:Debug:
DateTime:2026-08-28 19:46:24.789:"uTimeSecond_ms:5000"                            File: Line:0 Function: Type:Debug:
DateTime:2026-08-28 19:46:27.811:"等待工装回复超时"                            File: Line:0 Function: Type:Debug:
DateTime:2026-08-28 19:46:30.832:"等待工装回复超时"                            File: Line:0 Function: Type:Debug:
DateTime:2026-08-28 19:46:30.832:"uTimeSecond_ms:5000"                            File: Line:0 Function: Type:Debug:
DateTime:2026-08-28 19:46:33.854:"等待工装回复超时"                            File: Line:0 Function: Type:Debug:
DateTime:2026-08-28 19:46:36.876:"等待工装回复超时"                            File: Line:0 Function: Type:Debug:
DateTime:2026-08-28 19:46:36.876:"uTimeSecond_ms:5000"                            File: Line:0 Function: Type:Debug:
DateTime:2026-08-28 19:46:38.315:"RocketMq上报工况(设备输出信息):{\"devSeatNo\":\"1\",\"machNo\":\"\",\"occurTime\":\"2026-08-28 19:46:38\",\"plantNo\":\"YL-101601\",\"realTimeValues\":[{\"outParaName\":\"volage\",\"outParaValue\":\"220V\"}],\"remarks\":\"null\"}"                            File: Line:0 Function: Type:Debug:
DateTime:2026-08-28 19:46:38.315:QAbstractSocket::waitForDisconnected() is not allowed in UnconnectedState                            File: Line:0 Function: Type:Warning:
DateTime:2026-08-28 19:46:39.898:"等待工装回复超时"                            File: Line:0 Function: Type:Debug:
DateTime:2026-08-28 19:46:42.920:"等待工装回复超时"                            File: Line:0 Function: Type:Debug:
DateTime:2026-08-28 19:46:42.920:"uTimeSecond_ms:5000"                            File: Line:0 Function: Type:Debug:
DateTime:2026-08-28 19:46:45.942:"等待工装回复超时"                            File: Line:0 Function: Type:Debug:
DateTime:2026-08-28 19:46:48.964:"等待工装回复超时"                            File: Line:0 Function: Type:Debug:
DateTime:2026-08-28 19:46:48.964:"uTimeSecond_ms:5000"                            File: Line:0 Function: Type:Debug:
DateTime:2026-08-28 19:46:51.986:"等待工装回复超时"                            File: Line:0 Function: Type:Debug:
DateTime:2026-08-28 19:46:55.008:"等待工装回复超时"                            File: Line:0 Function: Type:Debug:
DateTime:2026-08-28 19:46:55.008:"uTimeSecond_ms:5000"                            File: Line:0 Function: Type:Debug:
DateTime:2026-08-28 19:46:58.030:"等待工装回复超时"                            File: Line:0 Function: Type:Debug:
DateTime:2026-08-28 19:47:01.052:"等待工装回复超时"                            File: Line:0 Function: Type:Debug:
DateTime:2026-08-28 19:47:01.052:"uTimeSecond_ms:5000"                            File: Line:0 Function: Type:Debug:
DateTime:2026-08-28 19:47:04.074:"等待工装回复超时"                            File: Line:0 Function: Type:Debug:
DateTime:2026-08-28 19:47:07.096:"等待工装回复超时"                            File: Line:0 Function: Type:Debug:
DateTime:2026-08-28 19:47:07.096:"uTimeSecond_ms:5000"                            File: Line:0 Function: Type:Debug:
DateTime:2026-08-28 19:47:10.117:"等待工装回复超时"                            File: Line:0 Function: Type:Debug:
DateTime:2026-08-28 19:47:13.139:"等待工装回复超时"                            File: Line:0 Function: Type:Debug:
DateTime:2026-08-28 19:47:13.139:"uTimeSecond_ms:5000"                            File: Line:0 Function: Type:Debug:
DateTime:2026-08-28 19:47:16.161:"等待工装回复超时"                            File: Line:0 Function: Type:Debug:
DateTime:2026-08-28 19:47:19.183:"等待工装回复超时"                            File: Line:0 Function: Type:Debug:
DateTime:2026-08-28 19:47:19.183:"离网事件测试时间到,上报成功率:0%"                            File: Line:0 Function: Type:Debug:
DateTime:2026-08-28 19:47:19.183:dll输出信息: ""                            File: Line:0 Function: Type:Debug:
DateTime:2026-08-28 19:47:19.183:接口函数调用成功，返回的结果为 0                            File: Line:0 Function: Type:Debug:
DateTime:2026-08-28 19:47:19.183:"外部传入的para：1，返回的result：0,返回的pValRet：1"                            File: Line:0 Function: Type:Debug:
DateTime:2026-08-28 19:47:19.183:"执行接口函数CCO_Func_OFF_Boarding_Event完成"                            File: Line:0 Function: Type:Debug:
DateTime:2026-08-28 19:47:19.184:coorIndex 0                            File: Line:0 Function: Type:Debug:
DateTime:2026-08-28 19:47:19.184:当前流程结束                            File: Line:0 Function: Type:Debug:
DateTime:2026-08-28 19:47:19.184:退出connect函数                            File: Line:0 Function: Type:Debug:
DateTime:2026-08-28 19:47:19.184:"=========【Step33-等待STA离网上报】结束=========="                            File: Line:0 Function: Type:Debug:
DateTime:2026-08-28 19:47:19.184:"-----------------------------"                            File: Line:0 Function: Type:Debug:
DateTime:2026-08-28 19:47:19.187:"=============执行【测试结束EB031101清空从节点档案】==================="                            File: Line:0 Function: Type:Debug:
DateTime:2026-08-28 19:47:19.188:"执行接口函数CCO_AFN52_F1_EB031101_set"                            File: Line:0 Function: Type:Debug:
DateTime:2026-08-28 19:47:19.188:callWorkFunction: CCO_AFN52_F1_EB031101_set                            File: Line:0 Function: Type:Debug:
DateTime:2026-08-28 19:47:19.188:找到对应函数，进入执行                            File: Line:0 Function: Type:Debug:
DateTime:2026-08-28 19:47:19.692:"等待工装回复超时"                            File: Line:0 Function: Type:Debug:
DateTime:2026-08-28 19:47:19.692:"开始组帧"                            File: Line:0 Function: Type:Debug:
DateTime:2026-08-28 19:47:19.692:"组帧结束"                            File: Line:0 Function: Type:Debug:
DateTime:2026-08-28 19:47:19.692:"367.2Send:数据转发(设置-从节点档案清单管理-删除表,EB031101)：=>68 59 00 43 00 00 00 00 00 F9 52 01 00 02 12 90 78 56 34 12 6B 8A E8 3E 00 68 12 90 78 56 34 12 68 14 32 34 44 36 1E 3B 33 33 33 44 44 44 44 33 39 36 34 43 33 49 4C 37 34 43 33 49 4C 38 34 43 33 49 4C 39 34 43 33 49 4C 3A 34 43 33 49 4C 3B 34 43 33 49 4C B5 16 E2 16"                            File: Line:0 Function: Type:Debug:
DateTime:2026-08-28 19:47:19.692:"槽位2透传:68A601A6016840000000000022600000010002013C00685900430000000000F9520100021290785634126B8AE83E00681290785634126814323444361E3B33333344444444333936344333494C37344333494C38344333494C39344333494C3A344333494C3B344333494CB516E2169D16"                            File: Line:0 Function: Type:Debug:
DateTime:2026-08-28 19:47:19.692:"工装发送：68 A6 01 A6 01 68 40 00 00 00 00 00 22 60 00 00 01 00 02 01 3C 00 68 59 00 43 00 00 00 00 00 F9 52 01 00 02 12 90 78 56 34 12 6B 8A E8 3E 00 68 12 90 78 56 34 12 68 14 32 34 44 36 1E 3B 33 33 33 44 44 44 44 33 39 36 34 43 33 49 4C 37 34 43 33 49 4C 38 34 43 33 49 4C 39 34 43 33 49 4C 3A 34 43 33 49 4C 3B 34 43 33 49 4C B5 16 E2 16 9D 16"                            File: Line:0 Function: Type:Debug:
DateTime:2026-08-28 19:47:19.796:"工装接收：68 32 00 32 00 68 80 00 00 00 00 00 00 60 00 00 01 00 E1 16"                            File: Line:0 Function: Type:Debug:
DateTime:2026-08-28 19:47:19.796:"m_baRecvMsg:"                            File: Line:0 Function: Type:Debug:
DateTime:2026-08-28 19:47:19.796:"frameList.size():1"                            File: Line:0 Function: Type:Debug:
DateTime:2026-08-28 19:47:19.796:"进入报文解析"                            File: Line:0 Function: Type:Debug:
DateTime:2026-08-28 19:47:19.796:"68 32 00 32 00 68 80 00 00 00 00 00 00 60 00 00 01 00 E1 16"                            File: Line:0 Function: Type:Debug:
DateTime:2026-08-28 19:47:19.796:"解码完成，功能码: 1"                            File: Line:0 Function: Type:Debug:
DateTime:2026-08-28 19:47:19.796:"工装回复确认帧"                            File: Line:0 Function: Type:Debug:
DateTime:2026-08-28 19:47:19.850:"工装接收：68 CE 00 CE 00 68 80 00 00 00 00 00 22 60 00 00 01 00 02 24 00 68 24 00 80 00 00 00 00 00 F9 52 01 00 02 12 90 78 56 34 12 0C 00 68 12 90 78 56 34 12 68 94 00 1A 16 DA 16 7F 16"                            File: Line:0 Function: Type:Debug:
DateTime:2026-08-28 19:47:19.850:"m_baRecvMsg:"                            File: Line:0 Function: Type:Debug:
DateTime:2026-08-28 19:47:19.850:"frameList.size():1"                            File: Line:0 Function: Type:Debug:
DateTime:2026-08-28 19:47:19.850:"进入报文解析"                            File: Line:0 Function: Type:Debug:
DateTime:2026-08-28 19:47:19.850:"68 CE 00 CE 00 68 80 00 00 00 00 00 22 60 00 00 01 00 02 24 00 68 24 00 80 00 00 00 00 00 F9 52 01 00 02 12 90 78 56 34 12 0C 00 68 12 90 78 56 34 12 68 94 00 1A 16 DA 16 7F 16"                            File: Line:0 Function: Type:Debug:
DateTime:2026-08-28 19:47:19.850:"解码完成，功能码: 4"                            File: Line:0 Function: Type:Debug:
DateTime:2026-08-28 19:47:19.850:"工装接收到透传报文"                            File: Line:0 Function: Type:Debug:
DateTime:2026-08-28 19:47:19.850:"022400682400800000000000F9520100021290785634120C00681290785634126894001A16DA16"                            File: Line:0 Function: Type:Debug:
DateTime:2026-08-28 19:47:19.850:"透传报文内容:68 24 00 80 00 00 00 00 00 f9 52 01 00 02 12 90 78 56 34 12 0c 00 68 12 90 78 56 34 12 68 94 00 1a 16 da 16"                            File: Line:0 Function: Type:Debug:
DateTime:2026-08-28 19:47:22.772:"uTimeSecond_ms:30000"                            File: Line:0 Function: Type:Debug:
DateTime:2026-08-28 19:47:22.772:"查找结果: iret=0, wStart=0, dwOutLen=36, dwStreamLen=36, dwFindPos=0"                            File: Line:0 Function: Type:Debug:
DateTime:2026-08-28 19:47:22.772:"Receive:<= 68 24 00 80 00 00 00 00 00 F9 52 01 00 02 12 90 78 56 34 12 0C 00 68 12 90 78 56 34 12 68 94 00 1A 16 DA 16"                            File: Line:0 Function: Type:Debug:
DateTime:2026-08-28 19:47:22.772:"解析：功能码-AFN=52H,Fn=1："                            File: Line:0 Function: Type:Debug:
DateTime:2026-08-28 19:47:22.772:"透传回复内容：021290785634120C00681290785634126894001A16"                            File: Line:0 Function: Type:Debug:
DateTime:2026-08-28 19:47:22.772:"设置成功,成功数量：6"                            File: Line:0 Function: Type:Debug:
DateTime:2026-08-28 19:47:22.793:"删除表总数量：6 全部成功 "                            File: Line:0 Function: Type:Debug:
DateTime:2026-08-28 19:47:22.793:dll输出信息: ""                            File: Line:0 Function: Type:Debug:
DateTime:2026-08-28 19:47:22.793:接口函数调用成功，返回的结果为 0                            File: Line:0 Function: Type:Debug:
DateTime:2026-08-28 19:47:22.793:"外部传入的para：0，返回的result：0,返回的pValRet：0"                            File: Line:0 Function: Type:Debug:
DateTime:2026-08-28 19:47:22.793:"执行接口函数CCO_AFN52_F1_EB031101_set完成"                            File: Line:0 Function: Type:Debug:
DateTime:2026-08-28 19:47:22.793:coorIndex 0                            File: Line:0 Function: Type:Debug:
DateTime:2026-08-28 19:47:22.793:当前流程结束                            File: Line:0 Function: Type:Debug:
DateTime:2026-08-28 19:47:22.793:退出connect函数                            File: Line:0 Function: Type:Debug:
DateTime:2026-08-28 19:47:22.794:"=========【测试结束EB031101清空从节点档案】结束=========="                            File: Line:0 Function: Type:Debug:
DateTime:2026-08-28 19:47:22.794:"-----------------------------"                            File: Line:0 Function: Type:Debug:
DateTime:2026-08-28 19:47:22.795:"=============执行【测试槽位透传关闭】==================="                            File: Line:0 Function: Type:Debug:
DateTime:2026-08-28 19:47:22.795:"执行接口函数SimuCorn_close_transport"                            File: Line:0 Function: Type:Debug:
DateTime:2026-08-28 19:47:22.795:callWorkFunction: SimuCorn_close_transport                            File: Line:0 Function: Type:Debug:
DateTime:2026-08-28 19:47:22.795:找到对应函数，进入执行                            File: Line:0 Function: Type:Debug:
DateTime:2026-08-28 19:47:22.795:"工装发送：68 42 00 42 00 68 40 00 00 00 00 00 22 60 00 00 01 00 02 00 3C 00 01 16"                            File: Line:0 Function: Type:Debug:
DateTime:2026-08-28 19:47:22.796:"工装接收：68 32 00 32 00 68 80 00 00 00 00 00 00 60 00 00 01 00 E1 16"                            File: Line:0 Function: Type:Debug:
DateTime:2026-08-28 19:47:22.796:"m_baRecvMsg:"                            File: Line:0 Function: Type:Debug:
DateTime:2026-08-28 19:47:22.796:"frameList.size():1"                            File: Line:0 Function: Type:Debug:
DateTime:2026-08-28 19:47:22.796:"进入报文解析"                            File: Line:0 Function: Type:Debug:
DateTime:2026-08-28 19:47:22.796:"68 32 00 32 00 68 80 00 00 00 00 00 00 60 00 00 01 00 E1 16"                            File: Line:0 Function: Type:Debug:
DateTime:2026-08-28 19:47:22.796:"解码完成，功能码: 1"                            File: Line:0 Function: Type:Debug:
DateTime:2026-08-28 19:47:22.796:"工装回复确认帧"                            File: Line:0 Function: Type:Debug:
DateTime:2026-08-28 19:47:22.796:"全部槽位关闭透传成功"                            File: Line:0 Function: Type:Debug:
DateTime:2026-08-28 19:47:22.896:dll输出信息: ""                            File: Line:0 Function: Type:Debug:
DateTime:2026-08-28 19:47:22.896:接口函数调用成功，返回的结果为 0                            File: Line:0 Function: Type:Debug:
DateTime:2026-08-28 19:47:22.896:"外部传入的para：0，返回的result：0,返回的pValRet：0"                            File: Line:0 Function: Type:Debug:
DateTime:2026-08-28 19:47:22.896:"执行接口函数SimuCorn_close_transport完成"                            File: Line:0 Function: Type:Debug:
DateTime:2026-08-28 19:47:22.896:coorIndex 0                            File: Line:0 Function: Type:Debug:
DateTime:2026-08-28 19:47:22.896:当前流程结束                            File: Line:0 Function: Type:Debug:
DateTime:2026-08-28 19:47:22.896:退出connect函数                            File: Line:0 Function: Type:Debug:
DateTime:2026-08-28 19:47:22.897:"=========【测试槽位透传关闭】结束=========="                            File: Line:0 Function: Type:Debug:
DateTime:2026-08-28 19:47:22.897:"-----------------------------"                            File: Line:0 Function: Type:Debug:
DateTime:2026-08-28 19:47:22.898:"=============执行【测试槽位下电】==================="                            File: Line:0 Function: Type:Debug:
DateTime:2026-08-28 19:47:22.898:"执行接口函数SimuCorn_power_off"                            File: Line:0 Function: Type:Debug:
DateTime:2026-08-28 19:47:22.898:callWorkFunction: SimuCorn_power_off                            File: Line:0 Function: Type:Debug:
DateTime:2026-08-28 19:47:22.898:找到对应函数，进入执行                            File: Line:0 Function: Type:Debug:
DateTime:2026-08-28 19:47:22.898:"工装发送：68 3E 00 3E 00 68 40 00 00 00 00 00 21 60 00 00 02 00 01 02 00 C6 16"                            File: Line:0 Function: Type:Debug:
DateTime:2026-08-28 19:47:22.898:"工装接收：68 32 00 32 00 68 80 00 00 00 00 00 00 60 00 00 01 00 E1 16"                            File: Line:0 Function: Type:Debug:
DateTime:2026-08-28 19:47:22.899:"m_baRecvMsg:"                            File: Line:0 Function: Type:Debug:
DateTime:2026-08-28 19:47:22.899:"frameList.size():1"                            File: Line:0 Function: Type:Debug:
DateTime:2026-08-28 19:47:22.899:"进入报文解析"                            File: Line:0 Function: Type:Debug:
DateTime:2026-08-28 19:47:22.899:"68 32 00 32 00 68 80 00 00 00 00 00 00 60 00 00 01 00 E1 16"                            File: Line:0 Function: Type:Debug:
DateTime:2026-08-28 19:47:22.899:"解码完成，功能码: 1"                            File: Line:0 Function: Type:Debug:
DateTime:2026-08-28 19:47:22.899:"工装回复确认帧"                            File: Line:0 Function: Type:Debug:
DateTime:2026-08-28 19:47:22.899:"工装发送：68 3E 00 3E 00 68 40 00 00 00 00 00 21 60 00 00 02 00 02 02 00 C7 16"                            File: Line:0 Function: Type:Debug:
DateTime:2026-08-28 19:47:22.899:"工装接收：68 32 00 32 00 68 80 00 00 00 00 00 00 60 00 00 01 00 E1 16"                            File: Line:0 Function: Type:Debug:
DateTime:2026-08-28 19:47:22.899:"m_baRecvMsg:"                            File: Line:0 Function: Type:Debug:
DateTime:2026-08-28 19:47:22.899:"frameList.size():1"                            File: Line:0 Function: Type:Debug:
DateTime:2026-08-28 19:47:22.899:"进入报文解析"                            File: Line:0 Function: Type:Debug:
DateTime:2026-08-28 19:47:22.899:"68 32 00 32 00 68 80 00 00 00 00 00 00 60 00 00 01 00 E1 16"                            File: Line:0 Function: Type:Debug:
DateTime:2026-08-28 19:47:22.899:"解码完成，功能码: 1"                            File: Line:0 Function: Type:Debug:
DateTime:2026-08-28 19:47:22.899:"工装回复确认帧"                            File: Line:0 Function: Type:Debug:
DateTime:2026-08-28 19:47:22.899:"工装发送：68 3E 00 3E 00 68 40 00 00 00 00 00 21 60 00 00 02 00 03 02 00 C8 16"                            File: Line:0 Function: Type:Debug:
DateTime:2026-08-28 19:47:22.900:"工装接收：68 32 00 32 00 68 80 00 00 00 00 00 00 60 00 00 01 00 E1 16"                            File: Line:0 Function: Type:Debug:
DateTime:2026-08-28 19:47:22.900:"m_baRecvMsg:"                            File: Line:0 Function: Type:Debug:
DateTime:2026-08-28 19:47:22.900:"frameList.size():1"                            File: Line:0 Function: Type:Debug:
DateTime:2026-08-28 19:47:22.900:"进入报文解析"                            File: Line:0 Function: Type:Debug:
DateTime:2026-08-28 19:47:22.900:"68 32 00 32 00 68 80 00 00 00 00 00 00 60 00 00 01 00 E1 16"                            File: Line:0 Function: Type:Debug:
DateTime:2026-08-28 19:47:22.900:"解码完成，功能码: 1"                            File: Line:0 Function: Type:Debug:
DateTime:2026-08-28 19:47:22.900:"工装回复确认帧"                            File: Line:0 Function: Type:Debug:
DateTime:2026-08-28 19:47:22.900:"工装发送：68 3E 00 3E 00 68 40 00 00 00 00 00 21 60 00 00 02 00 04 02 00 C9 16"                            File: Line:0 Function: Type:Debug:
DateTime:2026-08-28 19:47:22.901:"工装接收：68 32 00 32 00 68 80 00 00 00 00 00 00 60 00 00 01 00 E1 16"                            File: Line:0 Function: Type:Debug:
DateTime:2026-08-28 19:47:22.901:"m_baRecvMsg:"                            File: Line:0 Function: Type:Debug:
DateTime:2026-08-28 19:47:22.901:"frameList.size():1"                            File: Line:0 Function: Type:Debug:
DateTime:2026-08-28 19:47:22.901:"进入报文解析"                            File: Line:0 Function: Type:Debug:
DateTime:2026-08-28 19:47:22.901:"68 32 00 32 00 68 80 00 00 00 00 00 00 60 00 00 01 00 E1 16"                            File: Line:0 Function: Type:Debug:
DateTime:2026-08-28 19:47:22.901:"解码完成，功能码: 1"                            File: Line:0 Function: Type:Debug:
DateTime:2026-08-28 19:47:22.901:"工装回复确认帧"                            File: Line:0 Function: Type:Debug:
DateTime:2026-08-28 19:47:22.901:"工装发送：68 3E 00 3E 00 68 40 00 00 00 00 00 21 60 00 00 02 00 05 02 00 CA 16"                            File: Line:0 Function: Type:Debug:
DateTime:2026-08-28 19:47:22.901:"工装接收：68 32 00 32 00 68 80 00 00 00 00 00 00 60 00 00 01 00 E1 16"                            File: Line:0 Function: Type:Debug:
DateTime:2026-08-28 19:47:22.901:"m_baRecvMsg:"                            File: Line:0 Function: Type:Debug:
DateTime:2026-08-28 19:47:22.901:"frameList.size():1"                            File: Line:0 Function: Type:Debug:
DateTime:2026-08-28 19:47:22.902:"进入报文解析"                            File: Line:0 Function: Type:Debug:
DateTime:2026-08-28 19:47:22.902:"68 32 00 32 00 68 80 00 00 00 00 00 00 60 00 00 01 00 E1 16"                            File: Line:0 Function: Type:Debug:
DateTime:2026-08-28 19:47:22.902:"解码完成，功能码: 1"                            File: Line:0 Function: Type:Debug:
DateTime:2026-08-28 19:47:22.902:"工装回复确认帧"                            File: Line:0 Function: Type:Debug:
DateTime:2026-08-28 19:47:22.902:"工装发送：68 3E 00 3E 00 68 40 00 00 00 00 00 21 60 00 00 02 00 06 02 00 CB 16"                            File: Line:0 Function: Type:Debug:
DateTime:2026-08-28 19:47:22.902:"工装接收：68 32 00 32 00 68 80 00 00 00 00 00 00 60 00 00 01 00 E1 16"                            File: Line:0 Function: Type:Debug:
DateTime:2026-08-28 19:47:22.902:"m_baRecvMsg:"                            File: Line:0 Function: Type:Debug:
DateTime:2026-08-28 19:47:22.902:"frameList.size():1"                            File: Line:0 Function: Type:Debug:
DateTime:2026-08-28 19:47:22.902:"进入报文解析"                            File: Line:0 Function: Type:Debug:
DateTime:2026-08-28 19:47:22.902:"68 32 00 32 00 68 80 00 00 00 00 00 00 60 00 00 01 00 E1 16"                            File: Line:0 Function: Type:Debug:
DateTime:2026-08-28 19:47:22.902:"解码完成，功能码: 1"                            File: Line:0 Function: Type:Debug:
DateTime:2026-08-28 19:47:22.902:"工装回复确认帧"                            File: Line:0 Function: Type:Debug:
DateTime:2026-08-28 19:47:22.902:"工装发送：68 3E 00 3E 00 68 40 00 00 00 00 00 21 60 00 00 02 00 07 02 00 CC 16"                            File: Line:0 Function: Type:Debug:
DateTime:2026-08-28 19:47:22.903:"工装接收：68 32 00 32 00 68 80 00 00 00 00 00 00 60 00 00 01 00 E1 16"                            File: Line:0 Function: Type:Debug:
DateTime:2026-08-28 19:47:22.903:"m_baRecvMsg:"                            File: Line:0 Function: Type:Debug:
DateTime:2026-08-28 19:47:22.903:"frameList.size():1"                            File: Line:0 Function: Type:Debug:
DateTime:2026-08-28 19:47:22.903:"进入报文解析"                            File: Line:0 Function: Type:Debug:
DateTime:2026-08-28 19:47:22.903:"68 32 00 32 00 68 80 00 00 00 00 00 00 60 00 00 01 00 E1 16"                            File: Line:0 Function: Type:Debug:
DateTime:2026-08-28 19:47:22.903:"解码完成，功能码: 1"                            File: Line:0 Function: Type:Debug:
DateTime:2026-08-28 19:47:22.903:"工装回复确认帧"                            File: Line:0 Function: Type:Debug:
DateTime:2026-08-28 19:47:22.903:"工装发送：68 3E 00 3E 00 68 40 00 00 00 00 00 21 60 00 00 02 00 08 02 00 CD 16"                            File: Line:0 Function: Type:Debug:
DateTime:2026-08-28 19:47:22.904:"工装接收：68 32 00 32 00 68 80 00 00 00 00 00 00 60 00 00 01 00 E1 16"                            File: Line:0 Function: Type:Debug:
DateTime:2026-08-28 19:47:22.904:"m_baRecvMsg:"                            File: Line:0 Function: Type:Debug:
DateTime:2026-08-28 19:47:22.904:"frameList.size():1"                            File: Line:0 Function: Type:Debug:
DateTime:2026-08-28 19:47:22.904:"进入报文解析"                            File: Line:0 Function: Type:Debug:
DateTime:2026-08-28 19:47:22.904:"68 32 00 32 00 68 80 00 00 00 00 00 00 60 00 00 01 00 E1 16"                            File: Line:0 Function: Type:Debug:
DateTime:2026-08-28 19:47:22.904:"解码完成，功能码: 1"                            File: Line:0 Function: Type:Debug:
DateTime:2026-08-28 19:47:22.904:"工装回复确认帧"                            File: Line:0 Function: Type:Debug:
DateTime:2026-08-28 19:47:22.904:"所有槽位下电成功"                            File: Line:0 Function: Type:Debug:
DateTime:2026-08-28 19:47:23.005:dll输出信息: ""                            File: Line:0 Function: Type:Debug:
DateTime:2026-08-28 19:47:23.005:接口函数调用成功，返回的结果为 0                            File: Line:0 Function: Type:Debug:
DateTime:2026-08-28 19:47:23.005:"外部传入的para：0，返回的result：0,返回的pValRet：0"                            File: Line:0 Function: Type:Debug:
DateTime:2026-08-28 19:47:23.005:"执行接口函数SimuCorn_power_off完成"                            File: Line:0 Function: Type:Debug:
DateTime:2026-08-28 19:47:23.005:coorIndex 0                            File: Line:0 Function: Type:Debug:
DateTime:2026-08-28 19:47:23.005:当前流程结束                            File: Line:0 Function: Type:Debug:
DateTime:2026-08-28 19:47:23.005:退出connect函数                            File: Line:0 Function: Type:Debug:
DateTime:2026-08-28 19:47:23.005:"=========【测试槽位下电】结束=========="                            File: Line:0 Function: Type:Debug:
DateTime:2026-08-28 19:47:23.005:"-----------------------------"                            File: Line:0 Function: Type:Debug:
DateTime:2026-08-28 19:47:23.006:"=============执行【三相功率源关源】==================="                            File: Line:0 Function: Type:Debug:
DateTime:2026-08-28 19:47:23.007:"--发送:A1 01 04 DC 07 00 E3"                            File: Line:0 Function: Type:Debug:
DateTime:2026-08-28 19:47:23.108:三相功率源关源成功                            File: Line:0 Function: Type:Debug:
DateTime:2026-08-28 19:47:23.108:"=========【三相功率源关源】结束=========="                            File: Line:0 Function: Type:Debug:
DateTime:2026-08-28 19:47:23.108:"-----------------------------"                            File: Line:0 Function: Type:Debug:
DateTime:2026-08-28 19:47:23.109:"=============执行【关闭应用串口】==================="                            File: Line:0 Function: Type:Debug:
DateTime:2026-08-28 19:47:23.109:"执行接口函数ini_SimuCorn_Connect_Close"                            File: Line:0 Function: Type:Debug:
DateTime:2026-08-28 19:47:23.109:callWorkFunction: ini_SimuCorn_Connect_Close                            File: Line:0 Function: Type:Debug:
DateTime:2026-08-28 19:47:23.109:找到对应函数，进入执行                            File: Line:0 Function: Type:Debug:
DateTime:2026-08-28 19:47:23.110:"工装板连接关闭"                            File: Line:0 Function: Type:Debug:
DateTime:2026-08-28 19:47:23.210:dll输出信息: ""                            File: Line:0 Function: Type:Debug:
DateTime:2026-08-28 19:47:23.210:接口函数调用成功，返回的结果为 0                            File: Line:0 Function: Type:Debug:
DateTime:2026-08-28 19:47:23.210:"外部传入的para：0，返回的result：0,返回的pValRet：0"                            File: Line:0 Function: Type:Debug:
DateTime:2026-08-28 19:47:23.210:"执行接口函数ini_SimuCorn_Connect_Close完成"                            File: Line:0 Function: Type:Debug:
DateTime:2026-08-28 19:47:23.210:coorIndex 0                            File: Line:0 Function: Type:Debug:
DateTime:2026-08-28 19:47:23.210:当前流程结束                            File: Line:0 Function: Type:Debug:
DateTime:2026-08-28 19:47:23.210:退出connect函数                            File: Line:0 Function: Type:Debug:
DateTime:2026-08-28 19:47:23.210:"=========【关闭应用串口】结束=========="                            File: Line:0 Function: Type:Debug:
DateTime:2026-08-28 19:47:23.210:"-----------------------------"                            File: Line:0 Function: Type:Debug:
DateTime:2026-08-28 19:47:23.211:工作结束,开始存储本地数据                            File: Line:0 Function: Type:Debug:
DateTime:2026-08-28 19:47:23.237:三相功率源串口关闭成功                            File: Line:0 Function: Type:Debug:
DateTime:2026-08-28 19:47:23.237:高低温箱串口关闭成功                            File: Line:0 Function: Type:Debug:
DateTime:2026-08-28 19:47:23.241:"保存测试结果成功"                            File: Line:0 Function: Type:Debug:
DateTime:2026-08-28 19:47:23.242:"=============执行【关闭测试项日志】==================="                            File: Line:0 Function: Type:Debug:
====== 测试项结束: 入离网上报测试 ======
时间: 2026-08-28 19:47:23

