====== 测试项开始: 初始化命令类检测 ======
时间: 2026-08-28 17:23:28
DateTime:2026-08-28 17:23:28.957:"=========【开启测试项日志】结束=========="                            File: Line:0 Function: Type:Debug:
DateTime:2026-08-28 17:23:28.957:"-----------------------------"                            File: Line:0 Function: Type:Debug:
DateTime:2026-08-28 17:23:28.957:"=============执行【三相功率源初始化连接】==================="                            File: Line:0 Function: Type:Debug:
DateTime:2026-08-28 17:23:28.957:port "COM11"                            File: Line:0 Function: Type:Debug:
DateTime:2026-08-28 17:23:28.965:三相功率源初始化连接成功                            File: Line:0 Function: Type:Debug:
DateTime:2026-08-28 17:23:28.965:"=========【三相功率源初始化连接】结束=========="                            File: Line:0 Function: Type:Debug:
DateTime:2026-08-28 17:23:28.965:"-----------------------------"                            File: Line:0 Function: Type:Debug:
DateTime:2026-08-28 17:23:28.965:"=============执行【三相功率源生源参数初始化】==================="                            File: Line:0 Function: Type:Debug:
DateTime:2026-08-28 17:23:28.965:"--发送:A1 01 04 D1 10 01 E2"                            File: Line:0 Function: Type:Debug:
DateTime:2026-08-28 17:23:28.999:"工作状态变更,当前状态:运行"                            File: Line:0 Function: Type:Debug:
DateTime:2026-08-28 17:23:29.065:"RocketMq上报工况(设备工作状态信息):{\"curWkStatusCode\":\"04\",\"plantNo\":\"YL-101601\",\"previousState\":\"02\",\"receiveTime\":\"2026-08-28 17:23:28\",\"startTime\":\"2026-08-28 17:23:28\"}"                            File: Line:0 Function: Type:Debug:
DateTime:2026-08-28 17:23:29.065:QAbstractSocket::waitForDisconnected() is not allowed in UnconnectedState                            File: Line:0 Function: Type:Warning:
DateTime:2026-08-28 17:23:29.066:"--发送:A1 01 05 C8 05 00 00 CD"                            File: Line:0 Function: Type:Debug:
DateTime:2026-08-28 17:23:29.167:"--发送:A1 01 07 D6 00 02 20 00 00 F8"                            File: Line:0 Function: Type:Debug:
DateTime:2026-08-28 17:23:29.267:"--发送:A1 01 07 D8 00 01 00 00 00 D9"                            File: Line:0 Function: Type:Debug:
DateTime:2026-08-28 17:23:29.368:"--发送:A1 01 05 D5 50 00 00 25"                            File: Line:0 Function: Type:Debug:
DateTime:2026-08-28 17:23:29.469:"=========【三相功率源生源参数初始化】结束=========="                            File: Line:0 Function: Type:Debug:
DateTime:2026-08-28 17:23:29.469:"-----------------------------"                            File: Line:0 Function: Type:Debug:
DateTime:2026-08-28 17:23:29.469:"=============执行【三相功率源升源】==================="                            File: Line:0 Function: Type:Debug:
DateTime:2026-08-28 17:23:29.469:"--发送:A1 01 04 DC 07 01 E4"                            File: Line:0 Function: Type:Debug:
DateTime:2026-08-28 17:23:29.570:三相功率源生源成功                            File: Line:0 Function: Type:Debug:
DateTime:2026-08-28 17:23:29.570:"=========【三相功率源升源】结束=========="                            File: Line:0 Function: Type:Debug:
DateTime:2026-08-28 17:23:29.570:"-----------------------------"                            File: Line:0 Function: Type:Debug:
DateTime:2026-08-28 17:23:29.570:"=============执行【Step0-应用串口初始化】==================="                            File: Line:0 Function: Type:Debug:
DateTime:2026-08-28 17:23:29.571:"执行接口函数ini_SimuCorn_Connect"                            File: Line:0 Function: Type:Debug:
DateTime:2026-08-28 17:23:29.571:callWorkFunction: ini_SimuCorn_Connect                            File: Line:0 Function: Type:Debug:
DateTime:2026-08-28 17:23:29.571:找到对应函数，进入执行                            File: Line:0 Function: Type:Debug:
DateTime:2026-08-28 17:23:29.574:"全部工装板连接成功"                            File: Line:0 Function: Type:Debug:
DateTime:2026-08-28 17:23:29.675:dll输出信息: ""                            File: Line:0 Function: Type:Debug:
DateTime:2026-08-28 17:23:29.675:接口函数调用成功，返回的结果为 0                            File: Line:0 Function: Type:Debug:
DateTime:2026-08-28 17:23:29.675:"外部传入的para：0，返回的result：0,返回的pValRet：0"                            File: Line:0 Function: Type:Debug:
DateTime:2026-08-28 17:23:29.675:"执行接口函数ini_SimuCorn_Connect完成"                            File: Line:0 Function: Type:Debug:
DateTime:2026-08-28 17:23:29.675:coorIndex 0                            File: Line:0 Function: Type:Debug:
DateTime:2026-08-28 17:23:29.675:当前流程结束                            File: Line:0 Function: Type:Debug:
DateTime:2026-08-28 17:23:29.675:退出connect函数                            File: Line:0 Function: Type:Debug:
DateTime:2026-08-28 17:23:29.675:"=========【Step0-应用串口初始化】结束=========="                            File: Line:0 Function: Type:Debug:
DateTime:2026-08-28 17:23:29.675:"-----------------------------"                            File: Line:0 Function: Type:Debug:
DateTime:2026-08-28 17:23:29.677:"=============执行【初始化工装参数】==================="                            File: Line:0 Function: Type:Debug:
DateTime:2026-08-28 17:23:29.677:"执行接口函数ini_SimuCorn_Para"                            File: Line:0 Function: Type:Debug:
DateTime:2026-08-28 17:23:29.677:callWorkFunction: ini_SimuCorn_Para                            File: Line:0 Function: Type:Debug:
DateTime:2026-08-28 17:23:29.677:找到对应函数，进入执行                            File: Line:0 Function: Type:Debug:
DateTime:2026-08-28 17:23:29.677:"工装板参数初始化完成"                            File: Line:0 Function: Type:Debug:
DateTime:2026-08-28 17:23:29.778:dll输出信息: ""                            File: Line:0 Function: Type:Debug:
DateTime:2026-08-28 17:23:29.778:接口函数调用成功，返回的结果为 0                            File: Line:0 Function: Type:Debug:
DateTime:2026-08-28 17:23:29.778:"外部传入的para：0，返回的result：0,返回的pValRet：0"                            File: Line:0 Function: Type:Debug:
DateTime:2026-08-28 17:23:29.778:"执行接口函数ini_SimuCorn_Para完成"                            File: Line:0 Function: Type:Debug:
DateTime:2026-08-28 17:23:29.778:coorIndex 0                            File: Line:0 Function: Type:Debug:
DateTime:2026-08-28 17:23:29.778:当前流程结束                            File: Line:0 Function: Type:Debug:
DateTime:2026-08-28 17:23:29.778:退出connect函数                            File: Line:0 Function: Type:Debug:
DateTime:2026-08-28 17:23:29.778:"=========【初始化工装参数】结束=========="                            File: Line:0 Function: Type:Debug:
DateTime:2026-08-28 17:23:29.778:"-----------------------------"                            File: Line:0 Function: Type:Debug:
DateTime:2026-08-28 17:23:29.779:"=============执行【测试槽位设置波特率】==================="                            File: Line:0 Function: Type:Debug:
DateTime:2026-08-28 17:23:29.779:"执行接口函数SimuCorn_set_baudrate"                            File: Line:0 Function: Type:Debug:
DateTime:2026-08-28 17:23:29.779:callWorkFunction: SimuCorn_set_baudrate                            File: Line:0 Function: Type:Debug:
DateTime:2026-08-28 17:23:29.779:找到对应函数，进入执行                            File: Line:0 Function: Type:Debug:
DateTime:2026-08-28 17:23:29.779:"工装发送：68 3A 00 3A 00 68 40 00 00 00 00 00 22 60 00 00 08 00 02 02 CE 16"                            File: Line:0 Function: Type:Debug:
DateTime:2026-08-28 17:23:29.780:"工装接收：68 32 00 32 00 68 80 00 00 00 00 00 00 60 00 00 01 00 E1 16"                            File: Line:0 Function: Type:Debug:
DateTime:2026-08-28 17:23:29.780:"m_baRecvMsg:"                            File: Line:0 Function: Type:Debug:
DateTime:2026-08-28 17:23:29.780:"frameList.size():1"                            File: Line:0 Function: Type:Debug:
DateTime:2026-08-28 17:23:29.780:"进入报文解析"                            File: Line:0 Function: Type:Debug:
DateTime:2026-08-28 17:23:29.780:"68 32 00 32 00 68 80 00 00 00 00 00 00 60 00 00 01 00 E1 16"                            File: Line:0 Function: Type:Debug:
DateTime:2026-08-28 17:23:29.780:"解码完成，功能码: 1"                            File: Line:0 Function: Type:Debug:
DateTime:2026-08-28 17:23:29.780:"工装回复确认帧"                            File: Line:0 Function: Type:Debug:
DateTime:2026-08-28 17:23:29.780:"全部槽位设置波特率成功"                            File: Line:0 Function: Type:Debug:
DateTime:2026-08-28 17:23:29.881:dll输出信息: ""                            File: Line:0 Function: Type:Debug:
DateTime:2026-08-28 17:23:29.881:接口函数调用成功，返回的结果为 0                            File: Line:0 Function: Type:Debug:
DateTime:2026-08-28 17:23:29.881:"外部传入的para：0，返回的result：0,返回的pValRet：0"                            File: Line:0 Function: Type:Debug:
DateTime:2026-08-28 17:23:29.881:"执行接口函数SimuCorn_set_baudrate完成"                            File: Line:0 Function: Type:Debug:
DateTime:2026-08-28 17:23:29.883:coorIndex 0                            File: Line:0 Function: Type:Debug:
DateTime:2026-08-28 17:23:29.883:当前流程结束                            File: Line:0 Function: Type:Debug:
DateTime:2026-08-28 17:23:29.883:退出connect函数                            File: Line:0 Function: Type:Debug:
DateTime:2026-08-28 17:23:29.883:"=========【测试槽位设置波特率】结束=========="                            File: Line:0 Function: Type:Debug:
DateTime:2026-08-28 17:23:29.883:"-----------------------------"                            File: Line:0 Function: Type:Debug:
DateTime:2026-08-28 17:23:29.883:"=============执行【测试槽位开启透传】==================="                            File: Line:0 Function: Type:Debug:
DateTime:2026-08-28 17:23:29.884:"执行接口函数SimuCorn_open_transport"                            File: Line:0 Function: Type:Debug:
DateTime:2026-08-28 17:23:29.884:callWorkFunction: SimuCorn_open_transport                            File: Line:0 Function: Type:Debug:
DateTime:2026-08-28 17:23:29.884:找到对应函数，进入执行                            File: Line:0 Function: Type:Debug:
DateTime:2026-08-28 17:23:29.884:"工装发送：68 42 00 42 00 68 40 00 00 00 00 00 22 60 00 00 01 00 02 01 3C 00 02 16"                            File: Line:0 Function: Type:Debug:
DateTime:2026-08-28 17:23:29.884:"工装接收：68 32 00 32 00 68 80 00 00 00 00 00 00 60 00 00 01 00 E1 16"                            File: Line:0 Function: Type:Debug:
DateTime:2026-08-28 17:23:29.884:"m_baRecvMsg:"                            File: Line:0 Function: Type:Debug:
DateTime:2026-08-28 17:23:29.884:"frameList.size():1"                            File: Line:0 Function: Type:Debug:
DateTime:2026-08-28 17:23:29.884:"进入报文解析"                            File: Line:0 Function: Type:Debug:
DateTime:2026-08-28 17:23:29.884:"68 32 00 32 00 68 80 00 00 00 00 00 00 60 00 00 01 00 E1 16"                            File: Line:0 Function: Type:Debug:
DateTime:2026-08-28 17:23:29.884:"解码完成，功能码: 1"                            File: Line:0 Function: Type:Debug:
DateTime:2026-08-28 17:23:29.885:"工装回复确认帧"                            File: Line:0 Function: Type:Debug:
DateTime:2026-08-28 17:23:29.885:"全部槽位开启透传成功"                            File: Line:0 Function: Type:Debug:
DateTime:2026-08-28 17:23:29.985:dll输出信息: ""                            File: Line:0 Function: Type:Debug:
DateTime:2026-08-28 17:23:29.985:接口函数调用成功，返回的结果为 0                            File: Line:0 Function: Type:Debug:
DateTime:2026-08-28 17:23:29.985:"外部传入的para：0，返回的result：0,返回的pValRet：0"                            File: Line:0 Function: Type:Debug:
DateTime:2026-08-28 17:23:29.985:"执行接口函数SimuCorn_open_transport完成"                            File: Line:0 Function: Type:Debug:
DateTime:2026-08-28 17:23:29.985:coorIndex 0                            File: Line:0 Function: Type:Debug:
DateTime:2026-08-28 17:23:29.985:当前流程结束                            File: Line:0 Function: Type:Debug:
DateTime:2026-08-28 17:23:29.985:退出connect函数                            File: Line:0 Function: Type:Debug:
DateTime:2026-08-28 17:23:29.985:"=========【测试槽位开启透传】结束=========="                            File: Line:0 Function: Type:Debug:
DateTime:2026-08-28 17:23:29.985:"-----------------------------"                            File: Line:0 Function: Type:Debug:
DateTime:2026-08-28 17:23:29.988:"=============执行【测试槽位透传关闭】==================="                            File: Line:0 Function: Type:Debug:
DateTime:2026-08-28 17:23:29.988:"执行接口函数SimuCorn_close_transport"                            File: Line:0 Function: Type:Debug:
DateTime:2026-08-28 17:23:29.988:callWorkFunction: SimuCorn_close_transport                            File: Line:0 Function: Type:Debug:
DateTime:2026-08-28 17:23:29.988:找到对应函数，进入执行                            File: Line:0 Function: Type:Debug:
DateTime:2026-08-28 17:23:29.988:"工装发送：68 42 00 42 00 68 40 00 00 00 00 00 22 60 00 00 01 00 03 00 3C 00 02 16"                            File: Line:0 Function: Type:Debug:
DateTime:2026-08-28 17:23:29.989:"工装接收：68 32 00 32 00 68 80 00 00 00 00 00 00 60 00 00 01 00 E1 16"                            File: Line:0 Function: Type:Debug:
DateTime:2026-08-28 17:23:29.989:"m_baRecvMsg:"                            File: Line:0 Function: Type:Debug:
DateTime:2026-08-28 17:23:29.989:"frameList.size():1"                            File: Line:0 Function: Type:Debug:
DateTime:2026-08-28 17:23:29.989:"进入报文解析"                            File: Line:0 Function: Type:Debug:
DateTime:2026-08-28 17:23:29.989:"68 32 00 32 00 68 80 00 00 00 00 00 00 60 00 00 01 00 E1 16"                            File: Line:0 Function: Type:Debug:
DateTime:2026-08-28 17:23:29.989:"解码完成，功能码: 1"                            File: Line:0 Function: Type:Debug:
DateTime:2026-08-28 17:23:29.989:"工装回复确认帧"                            File: Line:0 Function: Type:Debug:
DateTime:2026-08-28 17:23:29.989:"工装发送：68 42 00 42 00 68 40 00 00 00 00 00 22 60 00 00 01 00 04 00 3C 00 03 16"                            File: Line:0 Function: Type:Debug:
DateTime:2026-08-28 17:23:29.990:"工装接收：68 32 00 32 00 68 80 00 00 00 00 00 00 60 00 00 01 00 E1 16"                            File: Line:0 Function: Type:Debug:
DateTime:2026-08-28 17:23:29.990:"m_baRecvMsg:"                            File: Line:0 Function: Type:Debug:
DateTime:2026-08-28 17:23:29.990:"frameList.size():1"                            File: Line:0 Function: Type:Debug:
DateTime:2026-08-28 17:23:29.990:"进入报文解析"                            File: Line:0 Function: Type:Debug:
DateTime:2026-08-28 17:23:29.990:"68 32 00 32 00 68 80 00 00 00 00 00 00 60 00 00 01 00 E1 16"                            File: Line:0 Function: Type:Debug:
DateTime:2026-08-28 17:23:29.990:"解码完成，功能码: 1"                            File: Line:0 Function: Type:Debug:
DateTime:2026-08-28 17:23:29.990:"工装回复确认帧"                            File: Line:0 Function: Type:Debug:
DateTime:2026-08-28 17:23:29.990:"工装发送：68 42 00 42 00 68 40 00 00 00 00 00 22 60 00 00 01 00 05 00 3C 00 04 16"                            File: Line:0 Function: Type:Debug:
DateTime:2026-08-28 17:23:29.991:"工装接收：68 32 00 32 00 68 80 00 00 00 00 00 00 60 00 00 01 00 E1 16"                            File: Line:0 Function: Type:Debug:
DateTime:2026-08-28 17:23:29.991:"m_baRecvMsg:"                            File: Line:0 Function: Type:Debug:
DateTime:2026-08-28 17:23:29.991:"frameList.size():1"                            File: Line:0 Function: Type:Debug:
DateTime:2026-08-28 17:23:29.991:"进入报文解析"                            File: Line:0 Function: Type:Debug:
DateTime:2026-08-28 17:23:29.991:"68 32 00 32 00 68 80 00 00 00 00 00 00 60 00 00 01 00 E1 16"                            File: Line:0 Function: Type:Debug:
DateTime:2026-08-28 17:23:29.991:"解码完成，功能码: 1"                            File: Line:0 Function: Type:Debug:
DateTime:2026-08-28 17:23:29.991:"工装回复确认帧"                            File: Line:0 Function: Type:Debug:
DateTime:2026-08-28 17:23:29.991:"工装发送：68 42 00 42 00 68 40 00 00 00 00 00 22 60 00 00 01 00 06 00 3C 00 05 16"                            File: Line:0 Function: Type:Debug:
DateTime:2026-08-28 17:23:29.992:"工装接收：68 32 00 32 00 68 80 00 00 00 00 00 00 60 00 00 01 00 E1 16"                            File: Line:0 Function: Type:Debug:
DateTime:2026-08-28 17:23:29.992:"m_baRecvMsg:"                            File: Line:0 Function: Type:Debug:
DateTime:2026-08-28 17:23:29.992:"frameList.size():1"                            File: Line:0 Function: Type:Debug:
DateTime:2026-08-28 17:23:29.992:"进入报文解析"                            File: Line:0 Function: Type:Debug:
DateTime:2026-08-28 17:23:29.992:"68 32 00 32 00 68 80 00 00 00 00 00 00 60 00 00 01 00 E1 16"                            File: Line:0 Function: Type:Debug:
DateTime:2026-08-28 17:23:29.992:"解码完成，功能码: 1"                            File: Line:0 Function: Type:Debug:
DateTime:2026-08-28 17:23:29.992:"工装回复确认帧"                            File: Line:0 Function: Type:Debug:
DateTime:2026-08-28 17:23:29.992:"工装发送：68 42 00 42 00 68 40 00 00 00 00 00 22 60 00 00 01 00 07 00 3C 00 06 16"                            File: Line:0 Function: Type:Debug:
DateTime:2026-08-28 17:23:29.992:"工装接收：68 32 00 32 00 68 80 00 00 00 00 00 00 60 00 00 01 00 E1 16"                            File: Line:0 Function: Type:Debug:
DateTime:2026-08-28 17:23:29.993:"m_baRecvMsg:"                            File: Line:0 Function: Type:Debug:
DateTime:2026-08-28 17:23:29.993:"frameList.size():1"                            File: Line:0 Function: Type:Debug:
DateTime:2026-08-28 17:23:29.993:"进入报文解析"                            File: Line:0 Function: Type:Debug:
DateTime:2026-08-28 17:23:29.993:"68 32 00 32 00 68 80 00 00 00 00 00 00 60 00 00 01 00 E1 16"                            File: Line:0 Function: Type:Debug:
DateTime:2026-08-28 17:23:29.993:"解码完成，功能码: 1"                            File: Line:0 Function: Type:Debug:
DateTime:2026-08-28 17:23:29.993:"工装回复确认帧"                            File: Line:0 Function: Type:Debug:
DateTime:2026-08-28 17:23:29.993:"工装发送：68 42 00 42 00 68 40 00 00 00 00 00 22 60 00 00 01 00 08 00 3C 00 07 16"                            File: Line:0 Function: Type:Debug:
DateTime:2026-08-28 17:23:29.993:"工装接收：68 32 00 32 00 68 80 00 00 00 00 00 00 60 00 00 01 00 E1 16"                            File: Line:0 Function: Type:Debug:
DateTime:2026-08-28 17:23:29.993:"m_baRecvMsg:"                            File: Line:0 Function: Type:Debug:
DateTime:2026-08-28 17:23:29.993:"frameList.size():1"                            File: Line:0 Function: Type:Debug:
DateTime:2026-08-28 17:23:29.993:"进入报文解析"                            File: Line:0 Function: Type:Debug:
DateTime:2026-08-28 17:23:29.993:"68 32 00 32 00 68 80 00 00 00 00 00 00 60 00 00 01 00 E1 16"                            File: Line:0 Function: Type:Debug:
DateTime:2026-08-28 17:23:29.993:"解码完成，功能码: 1"                            File: Line:0 Function: Type:Debug:
DateTime:2026-08-28 17:23:29.994:"工装回复确认帧"                            File: Line:0 Function: Type:Debug:
DateTime:2026-08-28 17:23:29.994:"全部槽位关闭透传成功"                            File: Line:0 Function: Type:Debug:
DateTime:2026-08-28 17:23:30.095:dll输出信息: ""                            File: Line:0 Function: Type:Debug:
DateTime:2026-08-28 17:23:30.095:接口函数调用成功，返回的结果为 0                            File: Line:0 Function: Type:Debug:
DateTime:2026-08-28 17:23:30.095:"外部传入的para：0，返回的result：0,返回的pValRet：0"                            File: Line:0 Function: Type:Debug:
DateTime:2026-08-28 17:23:30.095:"执行接口函数SimuCorn_close_transport完成"                            File: Line:0 Function: Type:Debug:
DateTime:2026-08-28 17:23:30.095:coorIndex 0                            File: Line:0 Function: Type:Debug:
DateTime:2026-08-28 17:23:30.095:当前流程结束                            File: Line:0 Function: Type:Debug:
DateTime:2026-08-28 17:23:30.095:退出connect函数                            File: Line:0 Function: Type:Debug:
DateTime:2026-08-28 17:23:30.095:"=========【测试槽位透传关闭】结束=========="                            File: Line:0 Function: Type:Debug:
DateTime:2026-08-28 17:23:30.095:"-----------------------------"                            File: Line:0 Function: Type:Debug:
DateTime:2026-08-28 17:23:30.096:"=============执行【路由测试槽位上电】==================="                            File: Line:0 Function: Type:Debug:
DateTime:2026-08-28 17:23:30.096:"执行接口函数SimuCorn_power_on"                            File: Line:0 Function: Type:Debug:
DateTime:2026-08-28 17:23:30.096:callWorkFunction: SimuCorn_power_on                            File: Line:0 Function: Type:Debug:
DateTime:2026-08-28 17:23:30.096:找到对应函数，进入执行                            File: Line:0 Function: Type:Debug:
DateTime:2026-08-28 17:23:30.096:"工装发送：68 3E 00 3E 00 68 40 00 00 00 00 00 21 60 00 00 02 00 02 02 01 C8 16"                            File: Line:0 Function: Type:Debug:
DateTime:2026-08-28 17:23:30.097:"工装接收：68 32 00 32 00 68 80 00 00 00 00 00 00 60 00 00 01 00 E1 16"                            File: Line:0 Function: Type:Debug:
DateTime:2026-08-28 17:23:30.097:"m_baRecvMsg:"                            File: Line:0 Function: Type:Debug:
DateTime:2026-08-28 17:23:30.097:"frameList.size():1"                            File: Line:0 Function: Type:Debug:
DateTime:2026-08-28 17:23:30.097:"进入报文解析"                            File: Line:0 Function: Type:Debug:
DateTime:2026-08-28 17:23:30.097:"68 32 00 32 00 68 80 00 00 00 00 00 00 60 00 00 01 00 E1 16"                            File: Line:0 Function: Type:Debug:
DateTime:2026-08-28 17:23:30.097:"解码完成，功能码: 1"                            File: Line:0 Function: Type:Debug:
DateTime:2026-08-28 17:23:30.097:"工装回复确认帧"                            File: Line:0 Function: Type:Debug:
DateTime:2026-08-28 17:23:30.097:"所有槽位上电成功"                            File: Line:0 Function: Type:Debug:
DateTime:2026-08-28 17:23:30.198:dll输出信息: ""                            File: Line:0 Function: Type:Debug:
DateTime:2026-08-28 17:23:30.198:接口函数调用成功，返回的结果为 0                            File: Line:0 Function: Type:Debug:
DateTime:2026-08-28 17:23:30.198:"外部传入的para：0，返回的result：0,返回的pValRet：0"                            File: Line:0 Function: Type:Debug:
DateTime:2026-08-28 17:23:30.198:"执行接口函数SimuCorn_power_on完成"                            File: Line:0 Function: Type:Debug:
DateTime:2026-08-28 17:23:30.198:coorIndex 0                            File: Line:0 Function: Type:Debug:
DateTime:2026-08-28 17:23:30.198:当前流程结束                            File: Line:0 Function: Type:Debug:
DateTime:2026-08-28 17:23:30.198:退出connect函数                            File: Line:0 Function: Type:Debug:
DateTime:2026-08-28 17:23:30.199:"=========【路由测试槽位上电】结束=========="                            File: Line:0 Function: Type:Debug:
DateTime:2026-08-28 17:23:30.199:"-----------------------------"                            File: Line:0 Function: Type:Debug:
DateTime:2026-08-28 17:23:30.199:"=============执行【设置强电通路闭合(槽位5,6)】==================="                            File: Line:0 Function: Type:Debug:
DateTime:2026-08-28 17:23:30.199:"执行接口函数SimuCorn_get_set_simu_relay"                            File: Line:0 Function: Type:Debug:
DateTime:2026-08-28 17:23:30.199:callWorkFunction: SimuCorn_get_set_simu_relay                            File: Line:0 Function: Type:Debug:
DateTime:2026-08-28 17:23:30.199:找到对应函数，进入执行                            File: Line:0 Function: Type:Debug:
DateTime:2026-08-28 17:23:30.199:"工装发送：68 42 00 42 00 68 40 00 00 00 00 00 22 60 00 00 20 00 01 02 03 04 EC 16"                            File: Line:0 Function: Type:Debug:
DateTime:2026-08-28 17:23:30.206:"工装接收：68 32 00 32 00 68 80 00 00 00 00 00 00 60 00 00 01 00 E1 16"                            File: Line:0 Function: Type:Debug:
DateTime:2026-08-28 17:23:30.206:"m_baRecvMsg:"                            File: Line:0 Function: Type:Debug:
DateTime:2026-08-28 17:23:30.206:"frameList.size():1"                            File: Line:0 Function: Type:Debug:
DateTime:2026-08-28 17:23:30.206:"进入报文解析"                            File: Line:0 Function: Type:Debug:
DateTime:2026-08-28 17:23:30.206:"68 32 00 32 00 68 80 00 00 00 00 00 00 60 00 00 01 00 E1 16"                            File: Line:0 Function: Type:Debug:
DateTime:2026-08-28 17:23:30.206:"解码完成，功能码: 1"                            File: Line:0 Function: Type:Debug:
DateTime:2026-08-28 17:23:30.206:"工装回复确认帧"                            File: Line:0 Function: Type:Debug:
DateTime:2026-08-28 17:23:30.206:"设置强电通路成功"                            File: Line:0 Function: Type:Debug:
DateTime:2026-08-28 17:23:30.308:dll输出信息: ""                            File: Line:0 Function: Type:Debug:
DateTime:2026-08-28 17:23:30.308:接口函数调用成功，返回的结果为 0                            File: Line:0 Function: Type:Debug:
DateTime:2026-08-28 17:23:30.308:"外部传入的para：0，返回的result：0,返回的pValRet：0"                            File: Line:0 Function: Type:Debug:
DateTime:2026-08-28 17:23:30.308:"执行接口函数SimuCorn_get_set_simu_relay完成"                            File: Line:0 Function: Type:Debug:
DateTime:2026-08-28 17:23:30.308:coorIndex 0                            File: Line:0 Function: Type:Debug:
DateTime:2026-08-28 17:23:30.308:当前流程结束                            File: Line:0 Function: Type:Debug:
DateTime:2026-08-28 17:23:30.308:退出connect函数                            File: Line:0 Function: Type:Debug:
DateTime:2026-08-28 17:23:30.309:"=========【设置强电通路闭合(槽位5,6)】结束=========="                            File: Line:0 Function: Type:Debug:
DateTime:2026-08-28 17:23:30.309:"-----------------------------"                            File: Line:0 Function: Type:Debug:
DateTime:2026-08-28 17:23:30.310:"=============执行【设置强电通路闭合(槽位7,8)】==================="                            File: Line:0 Function: Type:Debug:
DateTime:2026-08-28 17:23:30.310:"执行接口函数SimuCorn_get_set_simu_relay"                            File: Line:0 Function: Type:Debug:
DateTime:2026-08-28 17:23:30.310:callWorkFunction: SimuCorn_get_set_simu_relay                            File: Line:0 Function: Type:Debug:
DateTime:2026-08-28 17:23:30.310:找到对应函数，进入执行                            File: Line:0 Function: Type:Debug:
DateTime:2026-08-28 17:23:30.310:"工装发送：68 42 00 42 00 68 40 00 00 00 00 00 22 60 00 00 20 00 11 12 13 14 2C 16"                            File: Line:0 Function: Type:Debug:
DateTime:2026-08-28 17:23:30.315:"工装接收：68 32 00 32 00 68 80 00 00 00 00 00 00 60 00 00 01 00 E1 16"                            File: Line:0 Function: Type:Debug:
DateTime:2026-08-28 17:23:30.315:"m_baRecvMsg:"                            File: Line:0 Function: Type:Debug:
DateTime:2026-08-28 17:23:30.315:"frameList.size():1"                            File: Line:0 Function: Type:Debug:
DateTime:2026-08-28 17:23:30.315:"进入报文解析"                            File: Line:0 Function: Type:Debug:
DateTime:2026-08-28 17:23:30.316:"68 32 00 32 00 68 80 00 00 00 00 00 00 60 00 00 01 00 E1 16"                            File: Line:0 Function: Type:Debug:
DateTime:2026-08-28 17:23:30.316:"解码完成，功能码: 1"                            File: Line:0 Function: Type:Debug:
DateTime:2026-08-28 17:23:30.316:"工装回复确认帧"                            File: Line:0 Function: Type:Debug:
DateTime:2026-08-28 17:23:30.316:"设置强电通路成功"                            File: Line:0 Function: Type:Debug:
DateTime:2026-08-28 17:23:30.416:dll输出信息: ""                            File: Line:0 Function: Type:Debug:
DateTime:2026-08-28 17:23:30.416:接口函数调用成功，返回的结果为 0                            File: Line:0 Function: Type:Debug:
DateTime:2026-08-28 17:23:30.416:"外部传入的para：0，返回的result：0,返回的pValRet：0"                            File: Line:0 Function: Type:Debug:
DateTime:2026-08-28 17:23:30.416:"执行接口函数SimuCorn_get_set_simu_relay完成"                            File: Line:0 Function: Type:Debug:
DateTime:2026-08-28 17:23:30.416:coorIndex 0                            File: Line:0 Function: Type:Debug:
DateTime:2026-08-28 17:23:30.416:当前流程结束                            File: Line:0 Function: Type:Debug:
DateTime:2026-08-28 17:23:30.416:退出connect函数                            File: Line:0 Function: Type:Debug:
DateTime:2026-08-28 17:23:30.417:"=========【设置强电通路闭合(槽位7,8)】结束=========="                            File: Line:0 Function: Type:Debug:
DateTime:2026-08-28 17:23:30.417:"-----------------------------"                            File: Line:0 Function: Type:Debug:
DateTime:2026-08-28 17:23:30.417:"=============执行【执行延时】==================="                            File: Line:0 Function: Type:Debug:
DateTime:2026-08-28 17:23:30.417:"执行接口函数Func_Delay"                            File: Line:0 Function: Type:Debug:
DateTime:2026-08-28 17:23:30.417:callWorkFunction: Func_Delay                            File: Line:0 Function: Type:Debug:
DateTime:2026-08-28 17:23:30.417:找到对应函数，进入执行                            File: Line:0 Function: Type:Debug:
DateTime:2026-08-28 17:23:30.417:"延时时间为5s"                            File: Line:0 Function: Type:Debug:
DateTime:2026-08-28 17:23:30.417:"uTimeSecond_ms:5000"                            File: Line:0 Function: Type:Debug:
DateTime:2026-08-28 17:23:33.439:"等待工装回复超时"                            File: Line:0 Function: Type:Debug:
DateTime:2026-08-28 17:23:36.461:"等待工装回复超时"                            File: Line:0 Function: Type:Debug:
DateTime:2026-08-28 17:23:36.461:"延时时间到"                            File: Line:0 Function: Type:Debug:
DateTime:2026-08-28 17:23:36.562:dll输出信息: ""                            File: Line:0 Function: Type:Debug:
DateTime:2026-08-28 17:23:36.562:接口函数调用成功，返回的结果为 0                            File: Line:0 Function: Type:Debug:
DateTime:2026-08-28 17:23:36.562:"外部传入的para：0，返回的result：0,返回的pValRet：0"                            File: Line:0 Function: Type:Debug:
DateTime:2026-08-28 17:23:36.562:"执行接口函数Func_Delay完成"                            File: Line:0 Function: Type:Debug:
DateTime:2026-08-28 17:23:36.562:coorIndex 0                            File: Line:0 Function: Type:Debug:
DateTime:2026-08-28 17:23:36.562:当前流程结束                            File: Line:0 Function: Type:Debug:
DateTime:2026-08-28 17:23:36.562:退出connect函数                            File: Line:0 Function: Type:Debug:
DateTime:2026-08-28 17:23:36.562:"=========【执行延时】结束=========="                            File: Line:0 Function: Type:Debug:
DateTime:2026-08-28 17:23:36.563:"-----------------------------"                            File: Line:0 Function: Type:Debug:
DateTime:2026-08-28 17:23:36.563:"=============执行【Step1-设置主节点地址】==================="                            File: Line:0 Function: Type:Debug:
DateTime:2026-08-28 17:23:36.563:"执行接口函数CCO_AFN55_F1"                            File: Line:0 Function: Type:Debug:
DateTime:2026-08-28 17:23:36.563:callWorkFunction: CCO_AFN55_F1                            File: Line:0 Function: Type:Debug:
DateTime:2026-08-28 17:23:36.563:找到对应函数，进入执行                            File: Line:0 Function: Type:Debug:
DateTime:2026-08-28 17:23:37.067:"等待工装回复超时"                            File: Line:0 Function: Type:Debug:
DateTime:2026-08-28 17:23:37.067:"开始组帧"                            File: Line:0 Function: Type:Debug:
DateTime:2026-08-28 17:23:37.067:"组帧结束"                            File: Line:0 Function: Type:Debug:
DateTime:2026-08-28 17:23:37.067:"367.2Send:设置主节点地址(55H-F1)：=>68 15 00 43 00 00 00 00 00 02 55 01 00 12 90 78 56 34 12 51 16"                            File: Line:0 Function: Type:Debug:
DateTime:2026-08-28 17:23:37.067:"槽位2透传:68960096006840000000000022600000010002013C006815004300000000000255010012907856341251163716"                            File: Line:0 Function: Type:Debug:
DateTime:2026-08-28 17:23:37.067:"工装发送：68 96 00 96 00 68 40 00 00 00 00 00 22 60 00 00 01 00 02 01 3C 00 68 15 00 43 00 00 00 00 00 02 55 01 00 12 90 78 56 34 12 51 16 37 16"                            File: Line:0 Function: Type:Debug:
DateTime:2026-08-28 17:23:37.091:"工装接收：68 32 00 32 00 68 80 00 00 00 00 00 00 60 00 00 01 00 E1 16"                            File: Line:0 Function: Type:Debug:
DateTime:2026-08-28 17:23:37.091:"m_baRecvMsg:"                            File: Line:0 Function: Type:Debug:
DateTime:2026-08-28 17:23:37.091:"frameList.size():1"                            File: Line:0 Function: Type:Debug:
DateTime:2026-08-28 17:23:37.091:"进入报文解析"                            File: Line:0 Function: Type:Debug:
DateTime:2026-08-28 17:23:37.091:"68 32 00 32 00 68 80 00 00 00 00 00 00 60 00 00 01 00 E1 16"                            File: Line:0 Function: Type:Debug:
DateTime:2026-08-28 17:23:37.091:"解码完成，功能码: 1"                            File: Line:0 Function: Type:Debug:
DateTime:2026-08-28 17:23:37.091:"工装回复确认帧"                            File: Line:0 Function: Type:Debug:
DateTime:2026-08-28 17:23:37.409:"工装接收：68 7A 00 7A 00 68 80 00 00 00 00 00 22 60 00 00 01 00 02 0F 00 68 0F 00 80 00 00 00 00 00 02 50 01 00 D3 16 47 16"                            File: Line:0 Function: Type:Debug:
DateTime:2026-08-28 17:23:37.409:"m_baRecvMsg:"                            File: Line:0 Function: Type:Debug:
DateTime:2026-08-28 17:23:37.409:"frameList.size():1"                            File: Line:0 Function: Type:Debug:
DateTime:2026-08-28 17:23:37.409:"进入报文解析"                            File: Line:0 Function: Type:Debug:
DateTime:2026-08-28 17:23:37.409:"68 7A 00 7A 00 68 80 00 00 00 00 00 22 60 00 00 01 00 02 0F 00 68 0F 00 80 00 00 00 00 00 02 50 01 00 D3 16 47 16"                            File: Line:0 Function: Type:Debug:
DateTime:2026-08-28 17:23:37.409:"解码完成，功能码: 4"                            File: Line:0 Function: Type:Debug:
DateTime:2026-08-28 17:23:37.409:"工装接收到透传报文"                            File: Line:0 Function: Type:Debug:
DateTime:2026-08-28 17:23:37.409:"020F00680F0080000000000002500100D316"                            File: Line:0 Function: Type:Debug:
DateTime:2026-08-28 17:23:37.409:"透传报文内容:68 0f 00 80 00 00 00 00 00 02 50 01 00 d3 16"                            File: Line:0 Function: Type:Debug:
DateTime:2026-08-28 17:23:40.128:"uTimeSecond_ms:5000"                            File: Line:0 Function: Type:Debug:
DateTime:2026-08-28 17:23:40.128:"查找结果: iret=0, wStart=0, dwOutLen=15, dwStreamLen=15, dwFindPos=0"                            File: Line:0 Function: Type:Debug:
DateTime:2026-08-28 17:23:40.128:"Receive:<= 68 0F 00 80 00 00 00 00 00 02 50 01 00 D3 16"                            File: Line:0 Function: Type:Debug:
DateTime:2026-08-28 17:23:40.128:"解析：功能码-AFN=50H,Fn=1："                            File: Line:0 Function: Type:Debug:
DateTime:2026-08-28 17:23:40.128:"设置主节点地址成功"                            File: Line:0 Function: Type:Debug:
DateTime:2026-08-28 17:23:40.128:dll输出信息: ""                            File: Line:0 Function: Type:Debug:
DateTime:2026-08-28 17:23:40.128:接口函数调用成功，返回的结果为 0                            File: Line:0 Function: Type:Debug:
DateTime:2026-08-28 17:23:40.128:"外部传入的para：0，返回的result：0,返回的pValRet：0"                            File: Line:0 Function: Type:Debug:
DateTime:2026-08-28 17:23:40.128:"执行接口函数CCO_AFN55_F1完成"                            File: Line:0 Function: Type:Debug:
DateTime:2026-08-28 17:23:40.130:coorIndex 0                            File: Line:0 Function: Type:Debug:
DateTime:2026-08-28 17:23:40.130:当前流程结束                            File: Line:0 Function: Type:Debug:
DateTime:2026-08-28 17:23:40.130:退出connect函数                            File: Line:0 Function: Type:Debug:
DateTime:2026-08-28 17:23:40.130:"=========【Step1-设置主节点地址】结束=========="                            File: Line:0 Function: Type:Debug:
DateTime:2026-08-28 17:23:40.130:"-----------------------------"                            File: Line:0 Function: Type:Debug:
DateTime:2026-08-28 17:23:40.132:"=============执行【Step2-参数初始化】==================="                            File: Line:0 Function: Type:Debug:
DateTime:2026-08-28 17:23:40.133:"执行接口函数CCO_AFN51_F2"                            File: Line:0 Function: Type:Debug:
DateTime:2026-08-28 17:23:40.133:callWorkFunction: CCO_AFN51_F2                            File: Line:0 Function: Type:Debug:
DateTime:2026-08-28 17:23:40.133:找到对应函数，进入执行                            File: Line:0 Function: Type:Debug:
DateTime:2026-08-28 17:23:40.637:"等待工装回复超时"                            File: Line:0 Function: Type:Debug:
DateTime:2026-08-28 17:23:40.637:"开始组帧"                            File: Line:0 Function: Type:Debug:
DateTime:2026-08-28 17:23:40.637:"组帧结束"                            File: Line:0 Function: Type:Debug:
DateTime:2026-08-28 17:23:40.637:"367.2Send:参数初始化(51H-F2)：=>68 0F 00 43 00 00 00 00 00 03 51 02 00 99 16"                            File: Line:0 Function: Type:Debug:
DateTime:2026-08-28 17:23:40.637:"槽位2透传:687E007E006840000000000022600000010002013C00680F00430000000000035102009916C116"                            File: Line:0 Function: Type:Debug:
DateTime:2026-08-28 17:23:40.637:"工装发送：68 7E 00 7E 00 68 40 00 00 00 00 00 22 60 00 00 01 00 02 01 3C 00 68 0F 00 43 00 00 00 00 00 03 51 02 00 99 16 C1 16"                            File: Line:0 Function: Type:Debug:
DateTime:2026-08-28 17:23:40.655:"工装接收：68 32 00 32 00 68 80 00 00 00 00 00 00 60 00 00 01 00 E1 16"                            File: Line:0 Function: Type:Debug:
DateTime:2026-08-28 17:23:40.655:"m_baRecvMsg:"                            File: Line:0 Function: Type:Debug:
DateTime:2026-08-28 17:23:40.655:"frameList.size():1"                            File: Line:0 Function: Type:Debug:
DateTime:2026-08-28 17:23:40.655:"进入报文解析"                            File: Line:0 Function: Type:Debug:
DateTime:2026-08-28 17:23:40.655:"68 32 00 32 00 68 80 00 00 00 00 00 00 60 00 00 01 00 E1 16"                            File: Line:0 Function: Type:Debug:
DateTime:2026-08-28 17:23:40.655:"解码完成，功能码: 1"                            File: Line:0 Function: Type:Debug:
DateTime:2026-08-28 17:23:40.655:"工装回复确认帧"                            File: Line:0 Function: Type:Debug:
DateTime:2026-08-28 17:23:40.699:"工装接收：68 7A 00 7A 00 68 80 00 00 00 00 00 22 60 00 00 01 00 02 0F 00 68 0F 00 80 00 00 00 00 00 03 50 01 00 D4 16 49 16"                            File: Line:0 Function: Type:Debug:
DateTime:2026-08-28 17:23:40.699:"m_baRecvMsg:"                            File: Line:0 Function: Type:Debug:
DateTime:2026-08-28 17:23:40.699:"frameList.size():1"                            File: Line:0 Function: Type:Debug:
DateTime:2026-08-28 17:23:40.699:"进入报文解析"                            File: Line:0 Function: Type:Debug:
DateTime:2026-08-28 17:23:40.699:"68 7A 00 7A 00 68 80 00 00 00 00 00 22 60 00 00 01 00 02 0F 00 68 0F 00 80 00 00 00 00 00 03 50 01 00 D4 16 49 16"                            File: Line:0 Function: Type:Debug:
DateTime:2026-08-28 17:23:40.699:"解码完成，功能码: 4"                            File: Line:0 Function: Type:Debug:
DateTime:2026-08-28 17:23:40.699:"工装接收到透传报文"                            File: Line:0 Function: Type:Debug:
DateTime:2026-08-28 17:23:40.699:"020F00680F0080000000000003500100D416"                            File: Line:0 Function: Type:Debug:
DateTime:2026-08-28 17:23:40.699:"透传报文内容:68 0f 00 80 00 00 00 00 00 03 50 01 00 d4 16"                            File: Line:0 Function: Type:Debug:
DateTime:2026-08-28 17:23:43.721:"uTimeSecond_ms:20000"                            File: Line:0 Function: Type:Debug:
DateTime:2026-08-28 17:23:43.721:"查找结果: iret=0, wStart=0, dwOutLen=15, dwStreamLen=15, dwFindPos=0"                            File: Line:0 Function: Type:Debug:
DateTime:2026-08-28 17:23:43.721:"Receive:<= 68 0F 00 80 00 00 00 00 00 03 50 01 00 D4 16"                            File: Line:0 Function: Type:Debug:
DateTime:2026-08-28 17:23:43.721:"解析：功能码-AFN=50H,Fn=1："                            File: Line:0 Function: Type:Debug:
DateTime:2026-08-28 17:23:43.721:"参数区初始化成功"                            File: Line:0 Function: Type:Debug:
DateTime:2026-08-28 17:23:43.721:dll输出信息: ""                            File: Line:0 Function: Type:Debug:
DateTime:2026-08-28 17:23:43.721:接口函数调用成功，返回的结果为 0                            File: Line:0 Function: Type:Debug:
DateTime:2026-08-28 17:23:43.721:"外部传入的para：0，返回的result：0,返回的pValRet：0"                            File: Line:0 Function: Type:Debug:
DateTime:2026-08-28 17:23:43.721:"执行接口函数CCO_AFN51_F2完成"                            File: Line:0 Function: Type:Debug:
DateTime:2026-08-28 17:23:43.722:coorIndex 0                            File: Line:0 Function: Type:Debug:
DateTime:2026-08-28 17:23:43.722:当前流程结束                            File: Line:0 Function: Type:Debug:
DateTime:2026-08-28 17:23:43.722:退出connect函数                            File: Line:0 Function: Type:Debug:
DateTime:2026-08-28 17:23:43.722:"=========【Step2-参数初始化】结束=========="                            File: Line:0 Function: Type:Debug:
DateTime:2026-08-28 17:23:43.723:"-----------------------------"                            File: Line:0 Function: Type:Debug:
DateTime:2026-08-28 17:23:43.723:"=============执行【执行延时】==================="                            File: Line:0 Function: Type:Debug:
DateTime:2026-08-28 17:23:43.723:"执行接口函数Func_Delay"                            File: Line:0 Function: Type:Debug:
DateTime:2026-08-28 17:23:43.723:callWorkFunction: Func_Delay                            File: Line:0 Function: Type:Debug:
DateTime:2026-08-28 17:23:43.723:找到对应函数，进入执行                            File: Line:0 Function: Type:Debug:
DateTime:2026-08-28 17:23:43.723:"延时时间为5s"                            File: Line:0 Function: Type:Debug:
DateTime:2026-08-28 17:23:43.723:"uTimeSecond_ms:5000"                            File: Line:0 Function: Type:Debug:
DateTime:2026-08-28 17:23:46.745:"等待工装回复超时"                            File: Line:0 Function: Type:Debug:
DateTime:2026-08-28 17:23:49.767:"等待工装回复超时"                            File: Line:0 Function: Type:Debug:
DateTime:2026-08-28 17:23:49.767:"延时时间到"                            File: Line:0 Function: Type:Debug:
DateTime:2026-08-28 17:23:49.867:dll输出信息: ""                            File: Line:0 Function: Type:Debug:
DateTime:2026-08-28 17:23:49.867:接口函数调用成功，返回的结果为 0                            File: Line:0 Function: Type:Debug:
DateTime:2026-08-28 17:23:49.867:"外部传入的para：0，返回的result：0,返回的pValRet：0"                            File: Line:0 Function: Type:Debug:
DateTime:2026-08-28 17:23:49.867:"执行接口函数Func_Delay完成"                            File: Line:0 Function: Type:Debug:
DateTime:2026-08-28 17:23:49.867:coorIndex 0                            File: Line:0 Function: Type:Debug:
DateTime:2026-08-28 17:23:49.867:当前流程结束                            File: Line:0 Function: Type:Debug:
DateTime:2026-08-28 17:23:49.867:退出connect函数                            File: Line:0 Function: Type:Debug:
DateTime:2026-08-28 17:23:49.867:"=========【执行延时】结束=========="                            File: Line:0 Function: Type:Debug:
DateTime:2026-08-28 17:23:49.868:"-----------------------------"                            File: Line:0 Function: Type:Debug:
DateTime:2026-08-28 17:23:49.869:"=============执行【Step3-预告抄读对象】==================="                            File: Line:0 Function: Type:Debug:
DateTime:2026-08-28 17:23:49.869:"执行接口函数CCO_AFN55_F9"                            File: Line:0 Function: Type:Debug:
DateTime:2026-08-28 17:23:49.869:callWorkFunction: CCO_AFN55_F9                            File: Line:0 Function: Type:Debug:
DateTime:2026-08-28 17:23:49.869:找到对应函数，进入执行                            File: Line:0 Function: Type:Debug:
DateTime:2026-08-28 17:23:50.373:"等待工装回复超时"                            File: Line:0 Function: Type:Debug:
DateTime:2026-08-28 17:23:50.373:"开始组帧"                            File: Line:0 Function: Type:Debug:
DateTime:2026-08-28 17:23:50.373:"组帧结束"                            File: Line:0 Function: Type:Debug:
DateTime:2026-08-28 17:23:50.373:"367.2Send:预告抄读对象(55H-F9)：=>68 48 00 43 00 00 00 00 00 04 55 01 01 06 00 00 01 00 03 03 01 10 00 16 19 02 00 03 04 01 10 00 16 19 03 00 03 05 01 10 00 16 19 04 00 03 06 01 10 00 16 19 05 00 03 07 01 10 00 16 19 06 00 03 08 01 10 00 16 19 6C 16"                            File: Line:0 Function: Type:Debug:
DateTime:2026-08-28 17:23:50.373:"槽位2透传:68620162016840000000000022600000010002013C00684800430000000000045501010600000100030301100016190200030401100016190300030501100016190400030601100016190500030701100016190600030801100016196C16A016"                            File: Line:0 Function: Type:Debug:
DateTime:2026-08-28 17:23:50.373:"工装发送：68 62 01 62 01 68 40 00 00 00 00 00 22 60 00 00 01 00 02 01 3C 00 68 48 00 43 00 00 00 00 00 04 55 01 01 06 00 00 01 00 03 03 01 10 00 16 19 02 00 03 04 01 10 00 16 19 03 00 03 05 01 10 00 16 19 04 00 03 06 01 10 00 16 19 05 00 03 07 01 10 00 16 19 06 00 03 08 01 10 00 16 19 6C 16 A0 16"                            File: Line:0 Function: Type:Debug:
DateTime:2026-08-28 17:23:50.457:"工装接收：68 32 00 32 00 68 80 00 00 00 00 00 00 60 00 00 01 00 E1 16"                            File: Line:0 Function: Type:Debug:
DateTime:2026-08-28 17:23:50.457:"m_baRecvMsg:"                            File: Line:0 Function: Type:Debug:
DateTime:2026-08-28 17:23:50.457:"frameList.size():1"                            File: Line:0 Function: Type:Debug:
DateTime:2026-08-28 17:23:50.457:"进入报文解析"                            File: Line:0 Function: Type:Debug:
DateTime:2026-08-28 17:23:50.457:"68 32 00 32 00 68 80 00 00 00 00 00 00 60 00 00 01 00 E1 16"                            File: Line:0 Function: Type:Debug:
DateTime:2026-08-28 17:23:50.457:"解码完成，功能码: 1"                            File: Line:0 Function: Type:Debug:
DateTime:2026-08-28 17:23:50.457:"工装回复确认帧"                            File: Line:0 Function: Type:Debug:
DateTime:2026-08-28 17:23:50.514:"工装接收：68 7A 00 7A 00 68 80 00 00 00 00 00 22 60 00 00 01 00 02 0F 00 68 0F 00 80 00 00 00 00 00 04 50 01 00 D5 16 4B 16"                            File: Line:0 Function: Type:Debug:
DateTime:2026-08-28 17:23:50.514:"m_baRecvMsg:"                            File: Line:0 Function: Type:Debug:
DateTime:2026-08-28 17:23:50.514:"frameList.size():1"                            File: Line:0 Function: Type:Debug:
DateTime:2026-08-28 17:23:50.514:"进入报文解析"                            File: Line:0 Function: Type:Debug:
DateTime:2026-08-28 17:23:50.514:"68 7A 00 7A 00 68 80 00 00 00 00 00 22 60 00 00 01 00 02 0F 00 68 0F 00 80 00 00 00 00 00 04 50 01 00 D5 16 4B 16"                            File: Line:0 Function: Type:Debug:
DateTime:2026-08-28 17:23:50.514:"解码完成，功能码: 4"                            File: Line:0 Function: Type:Debug:
DateTime:2026-08-28 17:23:50.514:"工装接收到透传报文"                            File: Line:0 Function: Type:Debug:
DateTime:2026-08-28 17:23:50.514:"020F00680F0080000000000004500100D516"                            File: Line:0 Function: Type:Debug:
DateTime:2026-08-28 17:23:50.514:"透传报文内容:68 0f 00 80 00 00 00 00 00 04 50 01 00 d5 16"                            File: Line:0 Function: Type:Debug:
DateTime:2026-08-28 17:23:53.435:"uTimeSecond_ms:5000"                            File: Line:0 Function: Type:Debug:
DateTime:2026-08-28 17:23:53.435:"查找结果: iret=0, wStart=0, dwOutLen=15, dwStreamLen=15, dwFindPos=0"                            File: Line:0 Function: Type:Debug:
DateTime:2026-08-28 17:23:53.435:"Receive:<= 68 0F 00 80 00 00 00 00 00 04 50 01 00 D5 16"                            File: Line:0 Function: Type:Debug:
DateTime:2026-08-28 17:23:53.435:"解析：功能码-AFN=50H,Fn=1："                            File: Line:0 Function: Type:Debug:
DateTime:2026-08-28 17:23:53.435:"预告抄读对象成功"                            File: Line:0 Function: Type:Debug:
DateTime:2026-08-28 17:23:53.435:"成功数量：6"                            File: Line:0 Function: Type:Debug:
DateTime:2026-08-28 17:23:53.456:"预告抄读对象总数量：6 全部成功 "                            File: Line:0 Function: Type:Debug:
DateTime:2026-08-28 17:23:53.456:dll输出信息: ""                            File: Line:0 Function: Type:Debug:
DateTime:2026-08-28 17:23:53.456:接口函数调用成功，返回的结果为 0                            File: Line:0 Function: Type:Debug:
DateTime:2026-08-28 17:23:53.456:"外部传入的para：0，返回的result：0,返回的pValRet：0"                            File: Line:0 Function: Type:Debug:
DateTime:2026-08-28 17:23:53.456:"执行接口函数CCO_AFN55_F9完成"                            File: Line:0 Function: Type:Debug:
DateTime:2026-08-28 17:23:53.457:coorIndex 0                            File: Line:0 Function: Type:Debug:
DateTime:2026-08-28 17:23:53.457:当前流程结束                            File: Line:0 Function: Type:Debug:
DateTime:2026-08-28 17:23:53.457:退出connect函数                            File: Line:0 Function: Type:Debug:
DateTime:2026-08-28 17:23:53.457:"=========【Step3-预告抄读对象】结束=========="                            File: Line:0 Function: Type:Debug:
DateTime:2026-08-28 17:23:53.457:"-----------------------------"                            File: Line:0 Function: Type:Debug:
DateTime:2026-08-28 17:23:53.458:"=============执行【STA测试槽位上电】==================="                            File: Line:0 Function: Type:Debug:
DateTime:2026-08-28 17:23:53.458:"执行接口函数SimuCorn_power_on"                            File: Line:0 Function: Type:Debug:
DateTime:2026-08-28 17:23:53.458:callWorkFunction: SimuCorn_power_on                            File: Line:0 Function: Type:Debug:
DateTime:2026-08-28 17:23:53.458:找到对应函数，进入执行                            File: Line:0 Function: Type:Debug:
DateTime:2026-08-28 17:23:53.458:"工装发送：68 3E 00 3E 00 68 40 00 00 00 00 00 21 60 00 00 02 00 03 02 01 C9 16"                            File: Line:0 Function: Type:Debug:
DateTime:2026-08-28 17:23:53.459:"工装接收：68 32 00 32 00 68 80 00 00 00 00 00 00 60 00 00 01 00 E1 16"                            File: Line:0 Function: Type:Debug:
DateTime:2026-08-28 17:23:53.459:"m_baRecvMsg:"                            File: Line:0 Function: Type:Debug:
DateTime:2026-08-28 17:23:53.459:"frameList.size():1"                            File: Line:0 Function: Type:Debug:
DateTime:2026-08-28 17:23:53.459:"进入报文解析"                            File: Line:0 Function: Type:Debug:
DateTime:2026-08-28 17:23:53.459:"68 32 00 32 00 68 80 00 00 00 00 00 00 60 00 00 01 00 E1 16"                            File: Line:0 Function: Type:Debug:
DateTime:2026-08-28 17:23:53.459:"解码完成，功能码: 1"                            File: Line:0 Function: Type:Debug:
DateTime:2026-08-28 17:23:53.459:"工装回复确认帧"                            File: Line:0 Function: Type:Debug:
DateTime:2026-08-28 17:23:53.459:"工装发送：68 3E 00 3E 00 68 40 00 00 00 00 00 21 60 00 00 02 00 04 02 01 CA 16"                            File: Line:0 Function: Type:Debug:
DateTime:2026-08-28 17:23:53.459:"工装接收：68 32 00 32 00 68 80 00 00 00 00 00 00 60 00 00 01 00 E1 16"                            File: Line:0 Function: Type:Debug:
DateTime:2026-08-28 17:23:53.460:"m_baRecvMsg:"                            File: Line:0 Function: Type:Debug:
DateTime:2026-08-28 17:23:53.460:"frameList.size():1"                            File: Line:0 Function: Type:Debug:
DateTime:2026-08-28 17:23:53.460:"进入报文解析"                            File: Line:0 Function: Type:Debug:
DateTime:2026-08-28 17:23:53.460:"68 32 00 32 00 68 80 00 00 00 00 00 00 60 00 00 01 00 E1 16"                            File: Line:0 Function: Type:Debug:
DateTime:2026-08-28 17:23:53.460:"解码完成，功能码: 1"                            File: Line:0 Function: Type:Debug:
DateTime:2026-08-28 17:23:53.460:"工装回复确认帧"                            File: Line:0 Function: Type:Debug:
DateTime:2026-08-28 17:23:53.460:"工装发送：68 3E 00 3E 00 68 40 00 00 00 00 00 21 60 00 00 02 00 05 02 01 CB 16"                            File: Line:0 Function: Type:Debug:
DateTime:2026-08-28 17:23:53.460:"工装接收：68 32 00 32 00 68 80 00 00 00 00 00 00 60 00 00 01 00 E1 16"                            File: Line:0 Function: Type:Debug:
DateTime:2026-08-28 17:23:53.460:"m_baRecvMsg:"                            File: Line:0 Function: Type:Debug:
DateTime:2026-08-28 17:23:53.460:"frameList.size():1"                            File: Line:0 Function: Type:Debug:
DateTime:2026-08-28 17:23:53.460:"进入报文解析"                            File: Line:0 Function: Type:Debug:
DateTime:2026-08-28 17:23:53.460:"68 32 00 32 00 68 80 00 00 00 00 00 00 60 00 00 01 00 E1 16"                            File: Line:0 Function: Type:Debug:
DateTime:2026-08-28 17:23:53.460:"解码完成，功能码: 1"                            File: Line:0 Function: Type:Debug:
DateTime:2026-08-28 17:23:53.460:"工装回复确认帧"                            File: Line:0 Function: Type:Debug:
DateTime:2026-08-28 17:23:53.460:"工装发送：68 3E 00 3E 00 68 40 00 00 00 00 00 21 60 00 00 02 00 06 02 01 CC 16"                            File: Line:0 Function: Type:Debug:
DateTime:2026-08-28 17:23:53.461:"工装接收：68 32 00 32 00 68 80 00 00 00 00 00 00 60 00 00 01 00 E1 16"                            File: Line:0 Function: Type:Debug:
DateTime:2026-08-28 17:23:53.461:"m_baRecvMsg:"                            File: Line:0 Function: Type:Debug:
DateTime:2026-08-28 17:23:53.461:"frameList.size():1"                            File: Line:0 Function: Type:Debug:
DateTime:2026-08-28 17:23:53.461:"进入报文解析"                            File: Line:0 Function: Type:Debug:
DateTime:2026-08-28 17:23:53.461:"68 32 00 32 00 68 80 00 00 00 00 00 00 60 00 00 01 00 E1 16"                            File: Line:0 Function: Type:Debug:
DateTime:2026-08-28 17:23:53.461:"解码完成，功能码: 1"                            File: Line:0 Function: Type:Debug:
DateTime:2026-08-28 17:23:53.461:"工装回复确认帧"                            File: Line:0 Function: Type:Debug:
DateTime:2026-08-28 17:23:53.461:"工装发送：68 3E 00 3E 00 68 40 00 00 00 00 00 21 60 00 00 02 00 07 02 01 CD 16"                            File: Line:0 Function: Type:Debug:
DateTime:2026-08-28 17:23:53.462:"工装接收：68 32 00 32 00 68 80 00 00 00 00 00 00 60 00 00 01 00 E1 16"                            File: Line:0 Function: Type:Debug:
DateTime:2026-08-28 17:23:53.462:"m_baRecvMsg:"                            File: Line:0 Function: Type:Debug:
DateTime:2026-08-28 17:23:53.462:"frameList.size():1"                            File: Line:0 Function: Type:Debug:
DateTime:2026-08-28 17:23:53.462:"进入报文解析"                            File: Line:0 Function: Type:Debug:
DateTime:2026-08-28 17:23:53.462:"68 32 00 32 00 68 80 00 00 00 00 00 00 60 00 00 01 00 E1 16"                            File: Line:0 Function: Type:Debug:
DateTime:2026-08-28 17:23:53.462:"解码完成，功能码: 1"                            File: Line:0 Function: Type:Debug:
DateTime:2026-08-28 17:23:53.462:"工装回复确认帧"                            File: Line:0 Function: Type:Debug:
DateTime:2026-08-28 17:23:53.462:"工装发送：68 3E 00 3E 00 68 40 00 00 00 00 00 21 60 00 00 02 00 08 02 01 CE 16"                            File: Line:0 Function: Type:Debug:
DateTime:2026-08-28 17:23:53.462:"工装接收：68 32 00 32 00 68 80 00 00 00 00 00 00 60 00 00 01 00 E1 16"                            File: Line:0 Function: Type:Debug:
DateTime:2026-08-28 17:23:53.462:"m_baRecvMsg:"                            File: Line:0 Function: Type:Debug:
DateTime:2026-08-28 17:23:53.463:"frameList.size():1"                            File: Line:0 Function: Type:Debug:
DateTime:2026-08-28 17:23:53.463:"进入报文解析"                            File: Line:0 Function: Type:Debug:
DateTime:2026-08-28 17:23:53.463:"68 32 00 32 00 68 80 00 00 00 00 00 00 60 00 00 01 00 E1 16"                            File: Line:0 Function: Type:Debug:
DateTime:2026-08-28 17:23:53.463:"解码完成，功能码: 1"                            File: Line:0 Function: Type:Debug:
DateTime:2026-08-28 17:23:53.463:"工装回复确认帧"                            File: Line:0 Function: Type:Debug:
DateTime:2026-08-28 17:23:53.463:"所有槽位上电成功"                            File: Line:0 Function: Type:Debug:
DateTime:2026-08-28 17:23:53.563:dll输出信息: ""                            File: Line:0 Function: Type:Debug:
DateTime:2026-08-28 17:23:53.563:接口函数调用成功，返回的结果为 0                            File: Line:0 Function: Type:Debug:
DateTime:2026-08-28 17:23:53.563:"外部传入的para：0，返回的result：0,返回的pValRet：0"                            File: Line:0 Function: Type:Debug:
DateTime:2026-08-28 17:23:53.563:"执行接口函数SimuCorn_power_on完成"                            File: Line:0 Function: Type:Debug:
DateTime:2026-08-28 17:23:53.563:coorIndex 0                            File: Line:0 Function: Type:Debug:
DateTime:2026-08-28 17:23:53.563:当前流程结束                            File: Line:0 Function: Type:Debug:
DateTime:2026-08-28 17:23:53.564:退出connect函数                            File: Line:0 Function: Type:Debug:
DateTime:2026-08-28 17:23:53.564:"=========【STA测试槽位上电】结束=========="                            File: Line:0 Function: Type:Debug:
DateTime:2026-08-28 17:23:53.564:"-----------------------------"                            File: Line:0 Function: Type:Debug:
DateTime:2026-08-28 17:23:53.564:"=============执行【执行延时】==================="                            File: Line:0 Function: Type:Debug:
DateTime:2026-08-28 17:23:53.564:"执行接口函数Func_Delay"                            File: Line:0 Function: Type:Debug:
DateTime:2026-08-28 17:23:53.564:callWorkFunction: Func_Delay                            File: Line:0 Function: Type:Debug:
DateTime:2026-08-28 17:23:53.564:找到对应函数，进入执行                            File: Line:0 Function: Type:Debug:
DateTime:2026-08-28 17:23:53.564:"延时时间为5s"                            File: Line:0 Function: Type:Debug:
DateTime:2026-08-28 17:23:53.564:"uTimeSecond_ms:5000"                            File: Line:0 Function: Type:Debug:
DateTime:2026-08-28 17:23:56.586:"等待工装回复超时"                            File: Line:0 Function: Type:Debug:
DateTime:2026-08-28 17:23:59.608:"等待工装回复超时"                            File: Line:0 Function: Type:Debug:
DateTime:2026-08-28 17:23:59.608:"延时时间到"                            File: Line:0 Function: Type:Debug:
DateTime:2026-08-28 17:23:59.709:dll输出信息: ""                            File: Line:0 Function: Type:Debug:
DateTime:2026-08-28 17:23:59.709:接口函数调用成功，返回的结果为 0                            File: Line:0 Function: Type:Debug:
DateTime:2026-08-28 17:23:59.709:"外部传入的para：0，返回的result：0,返回的pValRet：0"                            File: Line:0 Function: Type:Debug:
DateTime:2026-08-28 17:23:59.709:"执行接口函数Func_Delay完成"                            File: Line:0 Function: Type:Debug:
DateTime:2026-08-28 17:23:59.709:coorIndex 0                            File: Line:0 Function: Type:Debug:
DateTime:2026-08-28 17:23:59.709:当前流程结束                            File: Line:0 Function: Type:Debug:
DateTime:2026-08-28 17:23:59.709:退出connect函数                            File: Line:0 Function: Type:Debug:
DateTime:2026-08-28 17:23:59.709:"=========【执行延时】结束=========="                            File: Line:0 Function: Type:Debug:
DateTime:2026-08-28 17:23:59.710:"-----------------------------"                            File: Line:0 Function: Type:Debug:
DateTime:2026-08-28 17:23:59.711:"=============执行【Step4-本地通信模块通信信道信息(STA-类型为03-电表模块)(返回相位为未知)】==================="                            File: Line:0 Function: Type:Debug:
DateTime:2026-08-28 17:23:59.711:"执行接口函数CCO_AFN53_F5"                            File: Line:0 Function: Type:Debug:
DateTime:2026-08-28 17:23:59.711:callWorkFunction: CCO_AFN53_F5                            File: Line:0 Function: Type:Debug:
DateTime:2026-08-28 17:23:59.711:找到对应函数，进入执行                            File: Line:0 Function: Type:Debug:
DateTime:2026-08-28 17:24:00.228:"等待工装回复超时"                            File: Line:0 Function: Type:Debug:
DateTime:2026-08-28 17:24:00.228:"开始组帧"                            File: Line:0 Function: Type:Debug:
DateTime:2026-08-28 17:24:00.228:"组帧结束"                            File: Line:0 Function: Type:Debug:
DateTime:2026-08-28 17:24:00.228:"367.2Send:本地通信模块通信信道信息（相位信息）(53H-F5)：=>68 16 00 43 00 00 00 00 00 05 53 10 00 05 03 01 10 00 16 19 F3 16"                            File: Line:0 Function: Type:Debug:
DateTime:2026-08-28 17:24:00.228:"槽位2透传:689A009A006840000000000022600000010002013C006816004300000000000553100005030110001619F3167C16"                            File: Line:0 Function: Type:Debug:
DateTime:2026-08-28 17:24:00.228:"工装发送：68 9A 00 9A 00 68 40 00 00 00 00 00 22 60 00 00 01 00 02 01 3C 00 68 16 00 43 00 00 00 00 00 05 53 10 00 05 03 01 10 00 16 19 F3 16 7C 16"                            File: Line:0 Function: Type:Debug:
DateTime:2026-08-28 17:24:00.254:"工装接收：68 32 00 32 00 68 80 00 00 00 00 00 00 60 00 00 01 00 E1 16"                            File: Line:0 Function: Type:Debug:
DateTime:2026-08-28 17:24:00.254:"m_baRecvMsg:"                            File: Line:0 Function: Type:Debug:
DateTime:2026-08-28 17:24:00.254:"frameList.size():1"                            File: Line:0 Function: Type:Debug:
DateTime:2026-08-28 17:24:00.254:"进入报文解析"                            File: Line:0 Function: Type:Debug:
DateTime:2026-08-28 17:24:00.254:"68 32 00 32 00 68 80 00 00 00 00 00 00 60 00 00 01 00 E1 16"                            File: Line:0 Function: Type:Debug:
DateTime:2026-08-28 17:24:00.254:"解码完成，功能码: 1"                            File: Line:0 Function: Type:Debug:
DateTime:2026-08-28 17:24:00.254:"工装回复确认帧"                            File: Line:0 Function: Type:Debug:
DateTime:2026-08-28 17:24:00.295:"工装接收：68 9E 00 9E 00 68 80 00 00 00 00 00 22 60 00 00 01 00 02 18 00 68 18 00 80 00 00 00 00 00 05 53 10 00 05 03 01 10 00 16 19 00 00 30 16 13 16"                            File: Line:0 Function: Type:Debug:
DateTime:2026-08-28 17:24:00.295:"m_baRecvMsg:"                            File: Line:0 Function: Type:Debug:
DateTime:2026-08-28 17:24:00.295:"frameList.size():1"                            File: Line:0 Function: Type:Debug:
DateTime:2026-08-28 17:24:00.295:"进入报文解析"                            File: Line:0 Function: Type:Debug:
DateTime:2026-08-28 17:24:00.295:"68 9E 00 9E 00 68 80 00 00 00 00 00 22 60 00 00 01 00 02 18 00 68 18 00 80 00 00 00 00 00 05 53 10 00 05 03 01 10 00 16 19 00 00 30 16 13 16"                            File: Line:0 Function: Type:Debug:
DateTime:2026-08-28 17:24:00.295:"解码完成，功能码: 4"                            File: Line:0 Function: Type:Debug:
DateTime:2026-08-28 17:24:00.295:"工装接收到透传报文"                            File: Line:0 Function: Type:Debug:
DateTime:2026-08-28 17:24:00.295:"021800681800800000000000055310000503011000161900003016"                            File: Line:0 Function: Type:Debug:
DateTime:2026-08-28 17:24:00.295:"透传报文内容:68 18 00 80 00 00 00 00 00 05 53 10 00 05 03 01 10 00 16 19 00 00 30 16"                            File: Line:0 Function: Type:Debug:
DateTime:2026-08-28 17:24:03.317:"uTimeSecond_ms:5000"                            File: Line:0 Function: Type:Debug:
DateTime:2026-08-28 17:24:03.317:"查找结果: iret=0, wStart=0, dwOutLen=24, dwStreamLen=24, dwFindPos=0"                            File: Line:0 Function: Type:Debug:
DateTime:2026-08-28 17:24:03.317:"Receive:<= 68 18 00 80 00 00 00 00 00 05 53 10 00 05 03 01 10 00 16 19 00 00 30 16"                            File: Line:0 Function: Type:Debug:
DateTime:2026-08-28 17:24:03.317:"解析：功能码-AFN=53H,Fn=5："                            File: Line:0 Function: Type:Debug:
DateTime:2026-08-28 17:24:03.317:"通信对象类型:电能表通信模块,通信对象地址:191600100103,相位：未知"                            File: Line:0 Function: Type:Debug:
DateTime:2026-08-28 17:24:03.317:dll输出信息: ""                            File: Line:0 Function: Type:Debug:
DateTime:2026-08-28 17:24:03.317:接口函数调用成功，返回的结果为 0                            File: Line:0 Function: Type:Debug:
DateTime:2026-08-28 17:24:03.317:"外部传入的para：0，返回的result：0,返回的pValRet：0"                            File: Line:0 Function: Type:Debug:
DateTime:2026-08-28 17:24:03.317:"执行接口函数CCO_AFN53_F5完成"                            File: Line:0 Function: Type:Debug:
DateTime:2026-08-28 17:24:03.318:coorIndex 0                            File: Line:0 Function: Type:Debug:
DateTime:2026-08-28 17:24:03.319:当前流程结束                            File: Line:0 Function: Type:Debug:
DateTime:2026-08-28 17:24:03.319:退出connect函数                            File: Line:0 Function: Type:Debug:
DateTime:2026-08-28 17:24:03.319:"=========【Step4-本地通信模块通信信道信息(STA-类型为03-电表模块)(返回相位为未知)】结束=========="                            File: Line:0 Function: Type:Debug:
DateTime:2026-08-28 17:24:03.319:"-----------------------------"                            File: Line:0 Function: Type:Debug:
DateTime:2026-08-28 17:24:03.319:"=============执行【Step5-组网测试】==================="                            File: Line:0 Function: Type:Debug:
DateTime:2026-08-28 17:24:03.319:"执行接口函数CCO_Func_FormNetWork"                            File: Line:0 Function: Type:Debug:
DateTime:2026-08-28 17:24:03.319:callWorkFunction: CCO_Func_FormNetWork                            File: Line:0 Function: Type:Debug:
DateTime:2026-08-28 17:24:03.319:找到对应函数，进入执行                            File: Line:0 Function: Type:Debug:
DateTime:2026-08-28 17:24:03.320:"addrs191600100103"                            File: Line:0 Function: Type:Debug:
DateTime:2026-08-28 17:24:03.320:"地址数量1"                            File: Line:0 Function: Type:Debug:
DateTime:2026-08-28 17:24:03.320:"addrs191600100104"                            File: Line:0 Function: Type:Debug:
DateTime:2026-08-28 17:24:03.320:"地址数量2"                            File: Line:0 Function: Type:Debug:
DateTime:2026-08-28 17:24:03.320:"addrs191600100105"                            File: Line:0 Function: Type:Debug:
DateTime:2026-08-28 17:24:03.320:"地址数量3"                            File: Line:0 Function: Type:Debug:
DateTime:2026-08-28 17:24:03.320:"addrs191600100106"                            File: Line:0 Function: Type:Debug:
DateTime:2026-08-28 17:24:03.320:"地址数量4"                            File: Line:0 Function: Type:Debug:
DateTime:2026-08-28 17:24:03.320:"addrs191600100107"                            File: Line:0 Function: Type:Debug:
DateTime:2026-08-28 17:24:03.320:"地址数量5"                            File: Line:0 Function: Type:Debug:
DateTime:2026-08-28 17:24:03.320:"addrs191600100108"                            File: Line:0 Function: Type:Debug:
DateTime:2026-08-28 17:24:03.320:"地址数量6"                            File: Line:0 Function: Type:Debug:
DateTime:2026-08-28 17:24:03.320:"传入的addrs数量6"                            File: Line:0 Function: Type:Debug:
DateTime:2026-08-28 17:24:03.320:"QString::fromLatin1(addrs[0])\u0019\u0016"                            File: Line:0 Function: Type:Debug:
DateTime:2026-08-28 17:24:03.824:"等待工装回复超时"                            File: Line:0 Function: Type:Debug:
DateTime:2026-08-28 17:24:03.824:"开始组帧"                            File: Line:0 Function: Type:Debug:
DateTime:2026-08-28 17:24:03.824:"组帧结束"                            File: Line:0 Function: Type:Debug:
DateTime:2026-08-28 17:24:03.824:"367.2Send:查询网络拓扑,节点起始序号:1：=>68 12 00 41 00 00 00 00 00 06 10 10 02 01 00 0A 74 16"                            File: Line:0 Function: Type:Debug:
DateTime:2026-08-28 17:24:03.824:"槽位2透传:688A008A006840000000000022600000010002013C006812004100000000000610100201000A74167A16"                            File: Line:0 Function: Type:Debug:
DateTime:2026-08-28 17:24:03.824:"工装发送：68 8A 00 8A 00 68 40 00 00 00 00 00 22 60 00 00 01 00 02 01 3C 00 68 12 00 41 00 00 00 00 00 06 10 10 02 01 00 0A 74 16 7A 16"                            File: Line:0 Function: Type:Debug:
DateTime:2026-08-28 17:24:03.964:"工装接收：68 32 00 32 00 68 80 00 00 00 00 00 00 60 00 00 01 00 E1 16"                            File: Line:0 Function: Type:Debug:
DateTime:2026-08-28 17:24:03.964:"m_baRecvMsg:"                            File: Line:0 Function: Type:Debug:
DateTime:2026-08-28 17:24:03.964:"frameList.size():1"                            File: Line:0 Function: Type:Debug:
DateTime:2026-08-28 17:24:03.964:"进入报文解析"                            File: Line:0 Function: Type:Debug:
DateTime:2026-08-28 17:24:03.964:"68 32 00 32 00 68 80 00 00 00 00 00 00 60 00 00 01 00 E1 16"                            File: Line:0 Function: Type:Debug:
DateTime:2026-08-28 17:24:03.964:"解码完成，功能码: 1"                            File: Line:0 Function: Type:Debug:
DateTime:2026-08-28 17:24:03.964:"工装回复确认帧"                            File: Line:0 Function: Type:Debug:
DateTime:2026-08-28 17:24:04.240:"工装接收：68 BA 00 BA 00 68 80 00 00 00 00 00 22 60 00 00 01 00 02 1F 00 68 1F 00 83 00 00 00 00 00 06 10 10 02 01 00 01 00 01 12 90 78 56 34 12 01 00 00 00 40 A5 16 0B 16"                            File: Line:0 Function: Type:Debug:
DateTime:2026-08-28 17:24:04.240:"m_baRecvMsg:"                            File: Line:0 Function: Type:Debug:
DateTime:2026-08-28 17:24:04.240:"frameList.size():1"                            File: Line:0 Function: Type:Debug:
DateTime:2026-08-28 17:24:04.240:"进入报文解析"                            File: Line:0 Function: Type:Debug:
DateTime:2026-08-28 17:24:04.240:"68 BA 00 BA 00 68 80 00 00 00 00 00 22 60 00 00 01 00 02 1F 00 68 1F 00 83 00 00 00 00 00 06 10 10 02 01 00 01 00 01 12 90 78 56 34 12 01 00 00 00 40 A5 16 0B 16"                            File: Line:0 Function: Type:Debug:
DateTime:2026-08-28 17:24:04.240:"解码完成，功能码: 4"                            File: Line:0 Function: Type:Debug:
DateTime:2026-08-28 17:24:04.240:"工装接收到透传报文"                            File: Line:0 Function: Type:Debug:
DateTime:2026-08-28 17:24:04.240:"021F00681F008300000000000610100201000100011290785634120100000040A516"                            File: Line:0 Function: Type:Debug:
DateTime:2026-08-28 17:24:04.240:"透传报文内容:68 1f 00 83 00 00 00 00 00 06 10 10 02 01 00 01 00 01 12 90 78 56 34 12 01 00 00 00 40 a5 16"                            File: Line:0 Function: Type:Debug:
DateTime:2026-08-28 17:24:06.859:"uTimeSecond_ms:5000"                            File: Line:0 Function: Type:Debug:
DateTime:2026-08-28 17:24:06.859:"查找结果: iret=0, wStart=0, dwOutLen=31, dwStreamLen=31, dwFindPos=0"                            File: Line:0 Function: Type:Debug:
DateTime:2026-08-28 17:24:06.859:"Receive:<= 68 1F 00 83 00 00 00 00 00 06 10 10 02 01 00 01 00 01 12 90 78 56 34 12 01 00 00 00 40 A5 16"                            File: Line:0 Function: Type:Debug:
DateTime:2026-08-28 17:24:06.859:"解析：功能码-AFN=10H,Fn=21："                            File: Line:0 Function: Type:Debug:
DateTime:2026-08-28 17:24:06.859:"从节点总数量：1, 节点起始序号：1, 本次应答的从节点数量：1"                            File: Line:0 Function: Type:Debug:
DateTime:2026-08-28 17:24:06.859:"节点1信息：地址:123456789012, 节点标识:1, 代理节点标识:0, 节点层级:0, 节点角色:主节点（CCO）"                            File: Line:0 Function: Type:Debug:
DateTime:2026-08-28 17:24:06.859:"nAddr123456789012ptAddr191600100103"                            File: Line:0 Function: Type:Debug:
DateTime:2026-08-28 17:24:06.859:"nAddr123456789012ptAddr191600100104"                            File: Line:0 Function: Type:Debug:
DateTime:2026-08-28 17:24:06.859:"nAddr123456789012ptAddr191600100105"                            File: Line:0 Function: Type:Debug:
DateTime:2026-08-28 17:24:06.859:"nAddr123456789012ptAddr191600100106"                            File: Line:0 Function: Type:Debug:
DateTime:2026-08-28 17:24:06.859:"nAddr123456789012ptAddr191600100107"                            File: Line:0 Function: Type:Debug:
DateTime:2026-08-28 17:24:06.859:"nAddr123456789012ptAddr191600100108"                            File: Line:0 Function: Type:Debug:
DateTime:2026-08-28 17:24:06.870:"当前还有6个节点未入网."                            File: Line:0 Function: Type:Debug:
DateTime:2026-08-28 17:24:12.374:"等待工装回复超时"                            File: Line:0 Function: Type:Debug:
DateTime:2026-08-28 17:24:12.374:"开始组帧"                            File: Line:0 Function: Type:Debug:
DateTime:2026-08-28 17:24:12.374:"组帧结束"                            File: Line:0 Function: Type:Debug:
DateTime:2026-08-28 17:24:12.374:"367.2Send:查询网络拓扑,节点起始序号:1：=>68 12 00 41 00 00 00 00 00 07 10 10 02 01 00 0A 75 16"                            File: Line:0 Function: Type:Debug:
DateTime:2026-08-28 17:24:12.374:"槽位2透传:688A008A006840000000000022600000010002013C006812004100000000000710100201000A75167C16"                            File: Line:0 Function: Type:Debug:
DateTime:2026-08-28 17:24:12.374:"工装发送：68 8A 00 8A 00 68 40 00 00 00 00 00 22 60 00 00 01 00 02 01 3C 00 68 12 00 41 00 00 00 00 00 07 10 10 02 01 00 0A 75 16 7C 16"                            File: Line:0 Function: Type:Debug:
DateTime:2026-08-28 17:24:12.395:"工装接收：68 32 00 32 00 68 80 00 00 00 00 00 00 60 00 00 01 00 E1 16"                            File: Line:0 Function: Type:Debug:
DateTime:2026-08-28 17:24:12.395:"m_baRecvMsg:"                            File: Line:0 Function: Type:Debug:
DateTime:2026-08-28 17:24:12.395:"frameList.size():1"                            File: Line:0 Function: Type:Debug:
DateTime:2026-08-28 17:24:12.395:"进入报文解析"                            File: Line:0 Function: Type:Debug:
DateTime:2026-08-28 17:24:12.395:"68 32 00 32 00 68 80 00 00 00 00 00 00 60 00 00 01 00 E1 16"                            File: Line:0 Function: Type:Debug:
DateTime:2026-08-28 17:24:12.396:"解码完成，功能码: 1"                            File: Line:0 Function: Type:Debug:
DateTime:2026-08-28 17:24:12.396:"工装回复确认帧"                            File: Line:0 Function: Type:Debug:
DateTime:2026-08-28 17:24:12.501:"工装接收：68 96 01 96 01 68 80 00 00 00 00 00 22 60 00 00 01 00 02 56 00 68 56 00 83 00 00 00 00 00 07 10 10 02 06 00 01 00 06 12 90 78 56 34 12 01 00 00 00 40 06 01 10 00 16 19 02 00 01 00 11 05 01 10 00 16 19 03 00 01 00 11 04 01 10 00 16 19 04 00 01 00 11 03 01 10 00 16 19 05 00 01 00 11 08 01 10 00 16 19 06 00 01 00 11 78 16 1F 16"                            File: Line:0 Function: Type:Debug:
DateTime:2026-08-28 17:24:12.501:"m_baRecvMsg:"                            File: Line:0 Function: Type:Debug:
DateTime:2026-08-28 17:24:12.501:"frameList.size():1"                            File: Line:0 Function: Type:Debug:
DateTime:2026-08-28 17:24:12.501:"进入报文解析"                            File: Line:0 Function: Type:Debug:
DateTime:2026-08-28 17:24:12.501:"68 96 01 96 01 68 80 00 00 00 00 00 22 60 00 00 01 00 02 56 00 68 56 00 83 00 00 00 00 00 07 10 10 02 06 00 01 00 06 12 90 78 56 34 12 01 00 00 00 40 06 01 10 00 16 19 02 00 01 00 11 05 01 10 00 16 19 03 00 01 00 11 04 01 10 00 16 19 04 00 01 00 11 03 01 10 00 16 19 05 00 01 00 11 08 01 10 00 16 19 06 00 01 00 11 78 16 1F 16"                            File: Line:0 Function: Type:Debug:
DateTime:2026-08-28 17:24:12.501:"解码完成，功能码: 4"                            File: Line:0 Function: Type:Debug:
DateTime:2026-08-28 17:24:12.501:"工装接收到透传报文"                            File: Line:0 Function: Type:Debug:
DateTime:2026-08-28 17:24:12.501:"0256006856008300000000000710100206000100061290785634120100000040060110001619020001001105011000161903000100110401100016190400010011030110001619050001001108011000161906000100117816"                            File: Line:0 Function: Type:Debug:
DateTime:2026-08-28 17:24:12.501:"透传报文内容:68 56 00 83 00 00 00 00 00 07 10 10 02 06 00 01 00 06 12 90 78 56 34 12 01 00 00 00 40 06 01 10 00 16 19 02 00 01 00 11 05 01 10 00 16 19 03 00 01 00 11 04 01 10 00 16 19 04 00 01 00 11 03 01 10 00 16 19 05 00 01 00 11 08 01 10 00 16 19 06 00 01 00 11 78 16"                            File: Line:0 Function: Type:Debug:
DateTime:2026-08-28 17:24:15.422:"uTimeSecond_ms:5000"                            File: Line:0 Function: Type:Debug:
DateTime:2026-08-28 17:24:15.422:"查找结果: iret=0, wStart=0, dwOutLen=86, dwStreamLen=86, dwFindPos=0"                            File: Line:0 Function: Type:Debug:
DateTime:2026-08-28 17:24:15.422:"Receive:<= 68 56 00 83 00 00 00 00 00 07 10 10 02 06 00 01 00 06 12 90 78 56 34 12 01 00 00 00 40 06 01 10 00 16 19 02 00 01 00 11 05 01 10 00 16 19 03 00 01 00 11 04 01 10 00 16 19 04 00 01 00 11 03 01 10 00 16 19 05 00 01 00 11 08 01 10 00 16 19 06 00 01 00 11 78 16"                            File: Line:0 Function: Type:Debug:
DateTime:2026-08-28 17:24:15.422:"解析：功能码-AFN=10H,Fn=21："                            File: Line:0 Function: Type:Debug:
DateTime:2026-08-28 17:24:15.422:"从节点总数量：6, 节点起始序号：1, 本次应答的从节点数量：6"                            File: Line:0 Function: Type:Debug:
DateTime:2026-08-28 17:24:15.422:"节点1信息：地址:123456789012, 节点标识:1, 代理节点标识:0, 节点层级:0, 节点角色:主节点（CCO）"                            File: Line:0 Function: Type:Debug:
DateTime:2026-08-28 17:24:15.422:"nAddr123456789012ptAddr191600100103"                            File: Line:0 Function: Type:Debug:
DateTime:2026-08-28 17:24:15.422:"nAddr123456789012ptAddr191600100104"                            File: Line:0 Function: Type:Debug:
DateTime:2026-08-28 17:24:15.422:"nAddr123456789012ptAddr191600100105"                            File: Line:0 Function: Type:Debug:
DateTime:2026-08-28 17:24:15.423:"nAddr123456789012ptAddr191600100106"                            File: Line:0 Function: Type:Debug:
DateTime:2026-08-28 17:24:15.423:"nAddr123456789012ptAddr191600100107"                            File: Line:0 Function: Type:Debug:
DateTime:2026-08-28 17:24:15.423:"nAddr123456789012ptAddr191600100108"                            File: Line:0 Function: Type:Debug:
DateTime:2026-08-28 17:24:15.423:"节点2信息：地址:191600100106, 节点标识:2, 代理节点标识:1, 节点层级:1, 节点角色:末梢节点（STA）"                            File: Line:0 Function: Type:Debug:
DateTime:2026-08-28 17:24:15.423:"nAddr191600100106ptAddr191600100103"                            File: Line:0 Function: Type:Debug:
DateTime:2026-08-28 17:24:15.423:"nAddr191600100106ptAddr191600100104"                            File: Line:0 Function: Type:Debug:
DateTime:2026-08-28 17:24:15.423:"nAddr191600100106ptAddr191600100105"                            File: Line:0 Function: Type:Debug:
DateTime:2026-08-28 17:24:15.423:"nAddr191600100106ptAddr191600100106"                            File: Line:0 Function: Type:Debug:
DateTime:2026-08-28 17:24:15.423:"入网成功数量：1，总数量：6"                            File: Line:0 Function: Type:Debug:
DateTime:2026-08-28 17:24:15.423:"节点3信息：地址:191600100105, 节点标识:3, 代理节点标识:1, 节点层级:1, 节点角色:末梢节点（STA）"                            File: Line:0 Function: Type:Debug:
DateTime:2026-08-28 17:24:15.423:"nAddr191600100105ptAddr191600100103"                            File: Line:0 Function: Type:Debug:
DateTime:2026-08-28 17:24:15.423:"nAddr191600100105ptAddr191600100104"                            File: Line:0 Function: Type:Debug:
DateTime:2026-08-28 17:24:15.423:"nAddr191600100105ptAddr191600100105"                            File: Line:0 Function: Type:Debug:
DateTime:2026-08-28 17:24:15.423:"入网成功数量：2，总数量：6"                            File: Line:0 Function: Type:Debug:
DateTime:2026-08-28 17:24:15.423:"节点4信息：地址:191600100104, 节点标识:4, 代理节点标识:1, 节点层级:1, 节点角色:末梢节点（STA）"                            File: Line:0 Function: Type:Debug:
DateTime:2026-08-28 17:24:15.423:"nAddr191600100104ptAddr191600100103"                            File: Line:0 Function: Type:Debug:
DateTime:2026-08-28 17:24:15.423:"nAddr191600100104ptAddr191600100104"                            File: Line:0 Function: Type:Debug:
DateTime:2026-08-28 17:24:15.423:"入网成功数量：3，总数量：6"                            File: Line:0 Function: Type:Debug:
DateTime:2026-08-28 17:24:15.423:"节点5信息：地址:191600100103, 节点标识:5, 代理节点标识:1, 节点层级:1, 节点角色:末梢节点（STA）"                            File: Line:0 Function: Type:Debug:
DateTime:2026-08-28 17:24:15.423:"nAddr191600100103ptAddr191600100103"                            File: Line:0 Function: Type:Debug:
DateTime:2026-08-28 17:24:15.423:"入网成功数量：4，总数量：6"                            File: Line:0 Function: Type:Debug:
DateTime:2026-08-28 17:24:15.423:"节点6信息：地址:191600100108, 节点标识:6, 代理节点标识:1, 节点层级:1, 节点角色:末梢节点（STA）"                            File: Line:0 Function: Type:Debug:
DateTime:2026-08-28 17:24:15.423:"nAddr191600100108ptAddr191600100103"                            File: Line:0 Function: Type:Debug:
DateTime:2026-08-28 17:24:15.423:"nAddr191600100108ptAddr191600100104"                            File: Line:0 Function: Type:Debug:
DateTime:2026-08-28 17:24:15.423:"nAddr191600100108ptAddr191600100105"                            File: Line:0 Function: Type:Debug:
DateTime:2026-08-28 17:24:15.424:"nAddr191600100108ptAddr191600100106"                            File: Line:0 Function: Type:Debug:
DateTime:2026-08-28 17:24:15.424:"nAddr191600100108ptAddr191600100107"                            File: Line:0 Function: Type:Debug:
DateTime:2026-08-28 17:24:15.424:"nAddr191600100108ptAddr191600100108"                            File: Line:0 Function: Type:Debug:
DateTime:2026-08-28 17:24:15.424:"入网成功数量：5，总数量：6"                            File: Line:0 Function: Type:Debug:
DateTime:2026-08-28 17:24:15.435:"当前还有1个节点未入网."                            File: Line:0 Function: Type:Debug:
DateTime:2026-08-28 17:24:20.939:"等待工装回复超时"                            File: Line:0 Function: Type:Debug:
DateTime:2026-08-28 17:24:20.939:"开始组帧"                            File: Line:0 Function: Type:Debug:
DateTime:2026-08-28 17:24:20.939:"组帧结束"                            File: Line:0 Function: Type:Debug:
DateTime:2026-08-28 17:24:20.939:"367.2Send:查询网络拓扑,节点起始序号:1：=>68 12 00 41 00 00 00 00 00 08 10 10 02 01 00 0A 76 16"                            File: Line:0 Function: Type:Debug:
DateTime:2026-08-28 17:24:20.939:"槽位2透传:688A008A006840000000000022600000010002013C006812004100000000000810100201000A76167E16"                            File: Line:0 Function: Type:Debug:
DateTime:2026-08-28 17:24:20.939:"工装发送：68 8A 00 8A 00 68 40 00 00 00 00 00 22 60 00 00 01 00 02 01 3C 00 68 12 00 41 00 00 00 00 00 08 10 10 02 01 00 0A 76 16 7E 16"                            File: Line:0 Function: Type:Debug:
DateTime:2026-08-28 17:24:20.960:"工装接收：68 32 00 32 00 68 80 00 00 00 00 00 00 60 00 00 01 00 E1 16"                            File: Line:0 Function: Type:Debug:
DateTime:2026-08-28 17:24:20.960:"m_baRecvMsg:"                            File: Line:0 Function: Type:Debug:
DateTime:2026-08-28 17:24:20.960:"frameList.size():1"                            File: Line:0 Function: Type:Debug:
DateTime:2026-08-28 17:24:20.960:"进入报文解析"                            File: Line:0 Function: Type:Debug:
DateTime:2026-08-28 17:24:20.960:"68 32 00 32 00 68 80 00 00 00 00 00 00 60 00 00 01 00 E1 16"                            File: Line:0 Function: Type:Debug:
DateTime:2026-08-28 17:24:20.961:"解码完成，功能码: 1"                            File: Line:0 Function: Type:Debug:
DateTime:2026-08-28 17:24:20.961:"工装回复确认帧"                            File: Line:0 Function: Type:Debug:
DateTime:2026-08-28 17:24:21.079:"工装接收：68 C2 01 C2 01 68 80 00 00 00 00 00 22 60 00 00 01 00 02 61 00 68 61 00 83 00 00 00 00 00 08 10 10 02 07 00 01 00 07 12 90 78 56 34 12 01 00 00 00 40 06 01 10 00 16 19 02 00 01 00 11 05 01 10 00 16 19 03 00 01 00 11 04 01 10 00 16 19 04 00 01 00 11 03 01 10 00 16 19 05 00 01 00 11 08 01 10 00 16 19 06 00 01 00 11 07 01 10 00 16 19 07 00 01 00 11 DB 16 FB 16"                            File: Line:0 Function: Type:Debug:
DateTime:2026-08-28 17:24:21.079:"m_baRecvMsg:"                            File: Line:0 Function: Type:Debug:
DateTime:2026-08-28 17:24:21.079:"frameList.size():1"                            File: Line:0 Function: Type:Debug:
DateTime:2026-08-28 17:24:21.079:"进入报文解析"                            File: Line:0 Function: Type:Debug:
DateTime:2026-08-28 17:24:21.079:"68 C2 01 C2 01 68 80 00 00 00 00 00 22 60 00 00 01 00 02 61 00 68 61 00 83 00 00 00 00 00 08 10 10 02 07 00 01 00 07 12 90 78 56 34 12 01 00 00 00 40 06 01 10 00 16 19 02 00 01 00 11 05 01 10 00 16 19 03 00 01 00 11 04 01 10 00 16 19 04 00 01 00 11 03 01 10 00 16 19 05 00 01 00 11 08 01 10 00 16 19 06 00 01 00 11 07 01 10 00 16 19 07 00 01 00 11 DB 16 FB 16"                            File: Line:0 Function: Type:Debug:
DateTime:2026-08-28 17:24:21.079:"解码完成，功能码: 4"                            File: Line:0 Function: Type:Debug:
DateTime:2026-08-28 17:24:21.079:"工装接收到透传报文"                            File: Line:0 Function: Type:Debug:
DateTime:2026-08-28 17:24:21.079:"0261006861008300000000000810100207000100071290785634120100000040060110001619020001001105011000161903000100110401100016190400010011030110001619050001001108011000161906000100110701100016190700010011DB16"                            File: Line:0 Function: Type:Debug:
DateTime:2026-08-28 17:24:21.079:"透传报文内容:68 61 00 83 00 00 00 00 00 08 10 10 02 07 00 01 00 07 12 90 78 56 34 12 01 00 00 00 40 06 01 10 00 16 19 02 00 01 00 11 05 01 10 00 16 19 03 00 01 00 11 04 01 10 00 16 19 04 00 01 00 11 03 01 10 00 16 19 05 00 01 00 11 08 01 10 00 16 19 06 00 01 00 11 07 01 10 00 16 19 07 00 01 00 11 db 16"                            File: Line:0 Function: Type:Debug:
DateTime:2026-08-28 17:24:24.000:"uTimeSecond_ms:5000"                            File: Line:0 Function: Type:Debug:
DateTime:2026-08-28 17:24:24.000:"查找结果: iret=0, wStart=0, dwOutLen=97, dwStreamLen=97, dwFindPos=0"                            File: Line:0 Function: Type:Debug:
DateTime:2026-08-28 17:24:24.000:"Receive:<= 68 61 00 83 00 00 00 00 00 08 10 10 02 07 00 01 00 07 12 90 78 56 34 12 01 00 00 00 40 06 01 10 00 16 19 02 00 01 00 11 05 01 10 00 16 19 03 00 01 00 11 04 01 10 00 16 19 04 00 01 00 11 03 01 10 00 16 19 05 00 01 00 11 08 01 10 00 16 19 06 00 01 00 11 07 01 10 00 16 19 07 00 01 00 11 DB 16"                            File: Line:0 Function: Type:Debug:
DateTime:2026-08-28 17:24:24.000:"解析：功能码-AFN=10H,Fn=21："                            File: Line:0 Function: Type:Debug:
DateTime:2026-08-28 17:24:24.000:"从节点总数量：7, 节点起始序号：1, 本次应答的从节点数量：7"                            File: Line:0 Function: Type:Debug:
DateTime:2026-08-28 17:24:24.000:"节点1信息：地址:123456789012, 节点标识:1, 代理节点标识:0, 节点层级:0, 节点角色:主节点（CCO）"                            File: Line:0 Function: Type:Debug:
DateTime:2026-08-28 17:24:24.000:"nAddr123456789012ptAddr191600100103"                            File: Line:0 Function: Type:Debug:
DateTime:2026-08-28 17:24:24.000:"nAddr123456789012ptAddr191600100104"                            File: Line:0 Function: Type:Debug:
DateTime:2026-08-28 17:24:24.000:"nAddr123456789012ptAddr191600100105"                            File: Line:0 Function: Type:Debug:
DateTime:2026-08-28 17:24:24.000:"nAddr123456789012ptAddr191600100106"                            File: Line:0 Function: Type:Debug:
DateTime:2026-08-28 17:24:24.000:"nAddr123456789012ptAddr191600100107"                            File: Line:0 Function: Type:Debug:
DateTime:2026-08-28 17:24:24.000:"nAddr123456789012ptAddr191600100108"                            File: Line:0 Function: Type:Debug:
DateTime:2026-08-28 17:24:24.000:"节点2信息：地址:191600100106, 节点标识:2, 代理节点标识:1, 节点层级:1, 节点角色:末梢节点（STA）"                            File: Line:0 Function: Type:Debug:
DateTime:2026-08-28 17:24:24.000:"nAddr191600100106ptAddr191600100103"                            File: Line:0 Function: Type:Debug:
DateTime:2026-08-28 17:24:24.000:"nAddr191600100106ptAddr191600100104"                            File: Line:0 Function: Type:Debug:
DateTime:2026-08-28 17:24:24.000:"nAddr191600100106ptAddr191600100105"                            File: Line:0 Function: Type:Debug:
DateTime:2026-08-28 17:24:24.000:"nAddr191600100106ptAddr191600100106"                            File: Line:0 Function: Type:Debug:
DateTime:2026-08-28 17:24:24.001:"入网成功数量：1，总数量：6"                            File: Line:0 Function: Type:Debug:
DateTime:2026-08-28 17:24:24.001:"节点3信息：地址:191600100105, 节点标识:3, 代理节点标识:1, 节点层级:1, 节点角色:末梢节点（STA）"                            File: Line:0 Function: Type:Debug:
DateTime:2026-08-28 17:24:24.001:"nAddr191600100105ptAddr191600100103"                            File: Line:0 Function: Type:Debug:
DateTime:2026-08-28 17:24:24.001:"nAddr191600100105ptAddr191600100104"                            File: Line:0 Function: Type:Debug:
DateTime:2026-08-28 17:24:24.001:"nAddr191600100105ptAddr191600100105"                            File: Line:0 Function: Type:Debug:
DateTime:2026-08-28 17:24:24.001:"入网成功数量：2，总数量：6"                            File: Line:0 Function: Type:Debug:
DateTime:2026-08-28 17:24:24.001:"节点4信息：地址:191600100104, 节点标识:4, 代理节点标识:1, 节点层级:1, 节点角色:末梢节点（STA）"                            File: Line:0 Function: Type:Debug:
DateTime:2026-08-28 17:24:24.001:"nAddr191600100104ptAddr191600100103"                            File: Line:0 Function: Type:Debug:
DateTime:2026-08-28 17:24:24.001:"nAddr191600100104ptAddr191600100104"                            File: Line:0 Function: Type:Debug:
DateTime:2026-08-28 17:24:24.001:"入网成功数量：3，总数量：6"                            File: Line:0 Function: Type:Debug:
DateTime:2026-08-28 17:24:24.001:"节点5信息：地址:191600100103, 节点标识:5, 代理节点标识:1, 节点层级:1, 节点角色:末梢节点（STA）"                            File: Line:0 Function: Type:Debug:
DateTime:2026-08-28 17:24:24.001:"nAddr191600100103ptAddr191600100103"                            File: Line:0 Function: Type:Debug:
DateTime:2026-08-28 17:24:24.001:"入网成功数量：4，总数量：6"                            File: Line:0 Function: Type:Debug:
DateTime:2026-08-28 17:24:24.001:"节点6信息：地址:191600100108, 节点标识:6, 代理节点标识:1, 节点层级:1, 节点角色:末梢节点（STA）"                            File: Line:0 Function: Type:Debug:
DateTime:2026-08-28 17:24:24.001:"nAddr191600100108ptAddr191600100103"                            File: Line:0 Function: Type:Debug:
DateTime:2026-08-28 17:24:24.001:"nAddr191600100108ptAddr191600100104"                            File: Line:0 Function: Type:Debug:
DateTime:2026-08-28 17:24:24.001:"nAddr191600100108ptAddr191600100105"                            File: Line:0 Function: Type:Debug:
DateTime:2026-08-28 17:24:24.001:"nAddr191600100108ptAddr191600100106"                            File: Line:0 Function: Type:Debug:
DateTime:2026-08-28 17:24:24.001:"nAddr191600100108ptAddr191600100107"                            File: Line:0 Function: Type:Debug:
DateTime:2026-08-28 17:24:24.001:"nAddr191600100108ptAddr191600100108"                            File: Line:0 Function: Type:Debug:
DateTime:2026-08-28 17:24:24.001:"入网成功数量：5，总数量：6"                            File: Line:0 Function: Type:Debug:
DateTime:2026-08-28 17:24:24.001:"节点7信息：地址:191600100107, 节点标识:7, 代理节点标识:1, 节点层级:1, 节点角色:末梢节点（STA）"                            File: Line:0 Function: Type:Debug:
DateTime:2026-08-28 17:24:24.001:"nAddr191600100107ptAddr191600100103"                            File: Line:0 Function: Type:Debug:
DateTime:2026-08-28 17:24:24.001:"nAddr191600100107ptAddr191600100104"                            File: Line:0 Function: Type:Debug:
DateTime:2026-08-28 17:24:24.001:"nAddr191600100107ptAddr191600100105"                            File: Line:0 Function: Type:Debug:
DateTime:2026-08-28 17:24:24.002:"nAddr191600100107ptAddr191600100106"                            File: Line:0 Function: Type:Debug:
DateTime:2026-08-28 17:24:24.002:"nAddr191600100107ptAddr191600100107"                            File: Line:0 Function: Type:Debug:
DateTime:2026-08-28 17:24:24.002:"入网成功数量：6，总数量：6"                            File: Line:0 Function: Type:Debug:
DateTime:2026-08-28 17:24:24.013:"全部节点入网成功，总数量：6, 成功率：100%"                            File: Line:0 Function: Type:Debug:
DateTime:2026-08-28 17:25:24.014:"节点入网成功率：100%，总数量：6，成功数量：6，失败数量：0"                            File: Line:0 Function: Type:Debug:
DateTime:2026-08-28 17:25:24.114:dll输出信息: ""                            File: Line:0 Function: Type:Debug:
DateTime:2026-08-28 17:25:24.114:接口函数调用成功，返回的结果为 0                            File: Line:0 Function: Type:Debug:
DateTime:2026-08-28 17:25:24.114:"外部传入的para：0，返回的result：0,返回的pValRet：0"                            File: Line:0 Function: Type:Debug:
DateTime:2026-08-28 17:25:24.114:"执行接口函数CCO_Func_FormNetWork完成"                            File: Line:0 Function: Type:Debug:
DateTime:2026-08-28 17:25:24.114:coorIndex 0                            File: Line:0 Function: Type:Debug:
DateTime:2026-08-28 17:25:24.114:当前流程结束                            File: Line:0 Function: Type:Debug:
DateTime:2026-08-28 17:25:24.114:退出connect函数                            File: Line:0 Function: Type:Debug:
DateTime:2026-08-28 17:25:24.114:"=========【Step5-组网测试】结束=========="                            File: Line:0 Function: Type:Debug:
DateTime:2026-08-28 17:25:24.114:"-----------------------------"                            File: Line:0 Function: Type:Debug:
DateTime:2026-08-28 17:25:24.114:"=============执行【执行延时】==================="                            File: Line:0 Function: Type:Debug:
DateTime:2026-08-28 17:25:24.114:"执行接口函数Func_Delay"                            File: Line:0 Function: Type:Debug:
DateTime:2026-08-28 17:25:24.114:callWorkFunction: Func_Delay                            File: Line:0 Function: Type:Debug:
DateTime:2026-08-28 17:25:24.114:找到对应函数，进入执行                            File: Line:0 Function: Type:Debug:
DateTime:2026-08-28 17:25:24.114:"延时时间为60s"                            File: Line:0 Function: Type:Debug:
DateTime:2026-08-28 17:25:24.114:"uTimeSecond_ms:60000"                            File: Line:0 Function: Type:Debug:
DateTime:2026-08-28 17:25:27.136:"等待工装回复超时"                            File: Line:0 Function: Type:Debug:
DateTime:2026-08-28 17:25:30.158:"等待工装回复超时"                            File: Line:0 Function: Type:Debug:
DateTime:2026-08-28 17:25:33.180:"等待工装回复超时"                            File: Line:0 Function: Type:Debug:
DateTime:2026-08-28 17:25:36.202:"等待工装回复超时"                            File: Line:0 Function: Type:Debug:
DateTime:2026-08-28 17:25:39.224:"等待工装回复超时"                            File: Line:0 Function: Type:Debug:
DateTime:2026-08-28 17:25:42.246:"等待工装回复超时"                            File: Line:0 Function: Type:Debug:
DateTime:2026-08-28 17:25:45.268:"等待工装回复超时"                            File: Line:0 Function: Type:Debug:
DateTime:2026-08-28 17:25:45.468:"工装接收：68 9A 00 9A 00 68 80 00 00 00 00 00 22 60 00 00 01 00 02 17 00 68 17 00 C3 00 00 00 00 00 01 14 08 01 88 00 00 01 00 01 01 00 6C 16 89 16 68 9A 00 9A 00 68 80 00 00 00 00 00 22 60 00 00 01 00 02 17 00 68 17 00 C3 00 00 00 00 00 02 14 08 01 88 00 02 01 00 01 01 00 6F 16 8F 16 68 7A 00 7A 00 68 80 00 00 00 00 00 22 60 00 00 01 00 02 0F 00 68 0F 00 C3 00 00 00 00 00 03 14 02 00 DC 16 59 16 68 7A 00 7A 00 68 80 00 00 00 00 00 22 60 00 00 01 00 02 0F 00 68 0F 00 C3 00 00 00 00 00 04 14 02 00 DD 16 5B 16"                            File: Line:0 Function: Type:Debug:
DateTime:2026-08-28 17:25:45.468:"m_baRecvMsg:"                            File: Line:0 Function: Type:Debug:
DateTime:2026-08-28 17:25:45.468:"eList.size():"                            File: Line:0 Function: Type:Debug:
DateTime:2026-08-28 17:25:45.468:"进入报文解析"                            File: Line:0 Function: Type:Debug:
DateTime:2026-08-28 17:25:45.468:"68 9A 00 9A 00 68 80 00 00 00 00 00 22 60 00 00 01 00 02 17 00 68 17 00 C3 00 00 00 00 00 01 14 08 01 88 00 00 01 00 01 01 00 6C 16 89 16"                            File: Line:0 Function: Type:Debug:
DateTime:2026-08-28 17:25:45.468:"解码完成，功能码: 4"                            File: Line:0 Function: Type:Debug:
DateTime:2026-08-28 17:25:45.468:"工装回复透传报文"                            File: Line:0 Function: Type:Debug:
DateTime:2026-08-28 17:25:45.468:"021700681700C300000000000114080188000001000101006C16"                            File: Line:0 Function: Type:Debug:
DateTime:2026-08-28 17:25:45.469:"内容:68 17 00 c3 00 00 00 00 00 01 14 08 01 88 00 00 01 00 01 01 00 6c 16"                            File: Line:0 Function: Type:Debug:
DateTime:2026-08-28 17:25:45.469:"进入报文解析"                            File: Line:0 Function: Type:Debug:
DateTime:2026-08-28 17:25:45.469:"68 9A 00 9A 00 68 80 00 00 00 00 00 22 60 00 00 01 00 02 17 00 68 17 00 C3 00 00 00 00 00 02 14 08 01 88 00 02 01 00 01 01 00 6F 16 8F 16"                            File: Line:0 Function: Type:Debug:
DateTime:2026-08-28 17:25:45.469:"解码完成，功能码: 4"                            File: Line:0 Function: Type:Debug:
DateTime:2026-08-28 17:25:45.469:"工装回复透传报文"                            File: Line:0 Function: Type:Debug:
DateTime:2026-08-28 17:25:45.469:"021700681700C300000000000214080188000201000101006F16"                            File: Line:0 Function: Type:Debug:
DateTime:2026-08-28 17:25:45.469:"内容:68 17 00 c3 00 00 00 00 00 02 14 08 01 88 00 02 01 00 01 01 00 6f 16"                            File: Line:0 Function: Type:Debug:
DateTime:2026-08-28 17:25:45.469:"进入报文解析"                            File: Line:0 Function: Type:Debug:
DateTime:2026-08-28 17:25:45.469:"68 7A 00 7A 00 68 80 00 00 00 00 00 22 60 00 00 01 00 02 0F 00 68 0F 00 C3 00 00 00 00 00 03 14 02 00 DC 16 59 16"                            File: Line:0 Function: Type:Debug:
DateTime:2026-08-28 17:25:45.469:"解码完成，功能码: 4"                            File: Line:0 Function: Type:Debug:
DateTime:2026-08-28 17:25:45.469:"工装回复透传报文"                            File: Line:0 Function: Type:Debug:
DateTime:2026-08-28 17:25:45.469:"020F00680F00C3000000000003140200DC16"                            File: Line:0 Function: Type:Debug:
DateTime:2026-08-28 17:25:45.469:"内容:68 0f 00 c3 00 00 00 00 00 03 14 02 00 dc 16"                            File: Line:0 Function: Type:Debug:
DateTime:2026-08-28 17:25:45.469:"进入报文解析"                            File: Line:0 Function: Type:Debug:
DateTime:2026-08-28 17:25:45.469:"68 7A 00 7A 00 68 80 00 00 00 00 00 22 60 00 00 01 00 02 0F 00 68 0F 00 C3 00 00 00 00 00 04 14 02 00 DD 16 5B 16"                            File: Line:0 Function: Type:Debug:
DateTime:2026-08-28 17:25:45.469:"解码完成，功能码: 4"                            File: Line:0 Function: Type:Debug:
DateTime:2026-08-28 17:25:45.469:"工装回复透传报文"                            File: Line:0 Function: Type:Debug:
DateTime:2026-08-28 17:25:45.469:"020F00680F00C3000000000004140200DD16"                            File: Line:0 Function: Type:Debug:
DateTime:2026-08-28 17:25:45.469:"内容:68 0f 00 c3 00 00 00 00 00 04 14 02 00 dd 16"                            File: Line:0 Function: Type:Debug:
DateTime:2026-08-28 17:25:48.290:"等待工装回复超时"                            File: Line:0 Function: Type:Debug:
DateTime:2026-08-28 17:25:48.290:"查找结果: iret=0, wStart=0, dwOutLen=23, dwStreamLen=76, dwFindPos=0"                            File: Line:0 Function: Type:Debug:
DateTime:2026-08-28 17:25:48.290:"Receive:<= 68 17 00 C3 00 00 00 00 00 01 14 08 01 88 00 00 01 00 01 01 00 6C 16"                            File: Line:0 Function: Type:Debug:
DateTime:2026-08-28 17:25:48.290:"解析：功能码-AFN=14H,Fn=12："                            File: Line:0 Function: Type:Debug:
DateTime:2026-08-28 17:25:48.290:"Send(14F12回复时钟请求)：=> 68 20 00 43 00 00 00 00 00 01 14 08 01 30 50 00 00 0A DC 00 00 0A DC 00 00 38 30 36 32 31 AE 16"                            File: Line:0 Function: Type:Debug:
DateTime:2026-08-28 17:25:48.290:"槽位2透传:68C200C2006840000000000022600000010002013C0068200043000000000001140801305000000ADC00000ADC00003830363231AE16FC16"                            File: Line:0 Function: Type:Debug:
DateTime:2026-08-28 17:25:48.290:"工装发送：68 C2 00 C2 00 68 40 00 00 00 00 00 22 60 00 00 01 00 02 01 3C 00 68 20 00 43 00 00 00 00 00 01 14 08 01 30 50 00 00 0A DC 00 00 0A DC 00 00 38 30 36 32 31 AE 16 FC 16"                            File: Line:0 Function: Type:Debug:
DateTime:2026-08-28 17:25:48.290:"查找结果: iret=0, wStart=0, dwOutLen=23, dwStreamLen=53, dwFindPos=23"                            File: Line:0 Function: Type:Debug:
DateTime:2026-08-28 17:25:48.290:"Receive:<= 68 17 00 C3 00 00 00 00 00 02 14 08 01 88 00 02 01 00 01 01 00 6F 16"                            File: Line:0 Function: Type:Debug:
DateTime:2026-08-28 17:25:48.290:"解析：功能码-AFN=14H,Fn=12："                            File: Line:0 Function: Type:Debug:
DateTime:2026-08-28 17:25:48.290:"Send(14F12回复时钟请求)：=> 68 20 00 43 00 00 00 00 00 02 14 08 01 30 50 00 00 00 00 17 E0 C9 E0 00 00 38 30 36 32 31 83 16"                            File: Line:0 Function: Type:Debug:
DateTime:2026-08-28 17:25:48.291:"槽位2透传:68C200C2006840000000000022600000010002013C006820004300000000000214080130500000000017E0C9E0000038303632318316A616"                            File: Line:0 Function: Type:Debug:
DateTime:2026-08-28 17:25:48.291:"工装发送：68 C2 00 C2 00 68 40 00 00 00 00 00 22 60 00 00 01 00 02 01 3C 00 68 20 00 43 00 00 00 00 00 02 14 08 01 30 50 00 00 00 00 17 E0 C9 E0 00 00 38 30 36 32 31 83 16 A6 16"                            File: Line:0 Function: Type:Debug:
DateTime:2026-08-28 17:25:48.291:"查找结果: iret=0, wStart=0, dwOutLen=15, dwStreamLen=30, dwFindPos=46"                            File: Line:0 Function: Type:Debug:
DateTime:2026-08-28 17:25:48.291:"Receive:<= 68 0F 00 C3 00 00 00 00 00 03 14 02 00 DC 16"                            File: Line:0 Function: Type:Debug:
DateTime:2026-08-28 17:25:48.291:"解析：功能码-AFN=14H,Fn=2："                            File: Line:0 Function: Type:Debug:
DateTime:2026-08-28 17:25:48.291:"Send(回复路由请求集中器时钟)：=> 68 15 00 03 00 00 00 00 00 03 14 02 00 48 25 17 28 08 26 F6 16"                            File: Line:0 Function: Type:Debug:
DateTime:2026-08-28 17:25:48.291:"槽位2透传:68960096006840000000000022600000010002013C0068150003000000000003140200482517280826F6168116"                            File: Line:0 Function: Type:Debug:
DateTime:2026-08-28 17:25:48.291:"工装发送：68 96 00 96 00 68 40 00 00 00 00 00 22 60 00 00 01 00 02 01 3C 00 68 15 00 03 00 00 00 00 00 03 14 02 00 48 25 17 28 08 26 F6 16 81 16"                            File: Line:0 Function: Type:Debug:
DateTime:2026-08-28 17:25:48.291:"查找结果: iret=0, wStart=0, dwOutLen=15, dwStreamLen=15, dwFindPos=61"                            File: Line:0 Function: Type:Debug:
DateTime:2026-08-28 17:25:48.291:"Receive:<= 68 0F 00 C3 00 00 00 00 00 04 14 02 00 DD 16"                            File: Line:0 Function: Type:Debug:
DateTime:2026-08-28 17:25:48.291:"解析：功能码-AFN=14H,Fn=2："                            File: Line:0 Function: Type:Debug:
DateTime:2026-08-28 17:25:48.291:"Send(回复路由请求集中器时钟)：=> 68 15 00 03 00 00 00 00 00 04 14 02 00 48 25 17 28 08 26 F7 16"                            File: Line:0 Function: Type:Debug:
DateTime:2026-08-28 17:25:48.291:"槽位2透传:68960096006840000000000022600000010002013C0068150003000000000004140200482517280826F7168316"                            File: Line:0 Function: Type:Debug:
DateTime:2026-08-28 17:25:48.291:"工装发送：68 96 00 96 00 68 40 00 00 00 00 00 22 60 00 00 01 00 02 01 3C 00 68 15 00 03 00 00 00 00 00 04 14 02 00 48 25 17 28 08 26 F7 16 83 16"                            File: Line:0 Function: Type:Debug:
DateTime:2026-08-28 17:25:48.328:"工装接收：68 32 00 32 00 68 80 00 00 00 00 00 00 60 00 00 01 00 E1 16"                            File: Line:0 Function: Type:Debug:
DateTime:2026-08-28 17:25:48.328:"m_baRecvMsg:"                            File: Line:0 Function: Type:Debug:
DateTime:2026-08-28 17:25:48.328:"rameList.size():"                            File: Line:0 Function: Type:Debug:
DateTime:2026-08-28 17:25:48.328:"进入报文解析"                            File: Line:0 Function: Type:Debug:
DateTime:2026-08-28 17:25:48.328:"68 32 00 32 00 68 80 00 00 00 00 00 00 60 00 00 01 00 E1 16"                            File: Line:0 Function: Type:Debug:
DateTime:2026-08-28 17:25:48.328:"解码完成，功能码: 1"                            File: Line:0 Function: Type:Debug:
DateTime:2026-08-28 17:25:48.328:"工装回复确认帧"                            File: Line:0 Function: Type:Debug:
DateTime:2026-08-28 17:25:48.364:"工装接收：68 32 00 32 00 68 80 00 00 00 00 00 00 60 00 00 01 00 E1 16"                            File: Line:0 Function: Type:Debug:
DateTime:2026-08-28 17:25:48.364:"m_baRecvMsg:"                            File: Line:0 Function: Type:Debug:
DateTime:2026-08-28 17:25:48.364:"rameList.size():"                            File: Line:0 Function: Type:Debug:
DateTime:2026-08-28 17:25:48.364:"进入报文解析"                            File: Line:0 Function: Type:Debug:
DateTime:2026-08-28 17:25:48.364:"68 32 00 32 00 68 80 00 00 00 00 00 00 60 00 00 01 00 E1 16"                            File: Line:0 Function: Type:Debug:
DateTime:2026-08-28 17:25:48.364:"解码完成，功能码: 1"                            File: Line:0 Function: Type:Debug:
DateTime:2026-08-28 17:25:48.364:"工装回复确认帧"                            File: Line:0 Function: Type:Debug:
DateTime:2026-08-28 17:25:54.408:"等待工装回复超时"                            File: Line:0 Function: Type:Debug:
DateTime:2026-08-28 17:25:57.430:"等待工装回复超时"                            File: Line:0 Function: Type:Debug:
DateTime:2026-08-28 17:26:00.452:"等待工装回复超时"                            File: Line:0 Function: Type:Debug:
DateTime:2026-08-28 17:26:01.001:"工装接收：68 72 01 72 01 68 80 00 00 00 00 00 22 60 00 00 01 00 02 4D 00 68 4D 00 C0 00 00 00 00 00 05 56 02 00 05 99 99 99 99 99 99 36 68 99 99 99 99 99 99 68 81 2A 35 33 36 1E 34 39 39 34 43 33 49 4C 37 34 43 33 49 4C 36 34 43 33 49 4C 38 34 43 33 49 4C 3B 34 43 33 49 4C 3A 34 43 33 49 4C 07 16 12 16 41 16"                            File: Line:0 Function: Type:Debug:
DateTime:2026-08-28 17:26:01.002:"m_baRecvMsg:"                            File: Line:0 Function: Type:Debug:
DateTime:2026-08-28 17:26:01.002:"rameList.size():"                            File: Line:0 Function: Type:Debug:
DateTime:2026-08-28 17:26:01.002:"进入报文解析"                            File: Line:0 Function: Type:Debug:
DateTime:2026-08-28 17:26:01.002:"68 72 01 72 01 68 80 00 00 00 00 00 22 60 00 00 01 00 02 4D 00 68 4D 00 C0 00 00 00 00 00 05 56 02 00 05 99 99 99 99 99 99 36 68 99 99 99 99 99 99 68 81 2A 35 33 36 1E 34 39 39 34 43 33 49 4C 37 34 43 33 49 4C 36 34 43 33 49 4C 38 34 43 33 49 4C 3B 34 43 33 49 4C 3A 34 43 33 49 4C 07 16 12 16 41 16"                            File: Line:0 Function: Type:Debug:
DateTime:2026-08-28 17:26:01.002:"解码完成，功能码: 4"                            File: Line:0 Function: Type:Debug:
DateTime:2026-08-28 17:26:01.002:"工装回复透传报文"                            File: Line:0 Function: Type:Debug:
DateTime:2026-08-28 17:26:01.002:"024D00684D00C000000000000556020005999999999999366899999999999968812A3533361E343939344333494C37344333494C36344333494C38344333494C3B344333494C3A344333494C07161216"                            File: Line:0 Function: Type:Debug:
DateTime:2026-08-28 17:26:01.002:"内容:68 4d 00 c0 00 00 00 00 00 05 56 02 00 05 99 99 99 99 99 99 36 68 99 99 99 99 99 99 68 81 2a 35 33 36 1e 34 39 39 34 43 33 49 4c 37 34 43 33 49 4c 36 34 43 33 49 4c 38 34 43 33 49 4c 3b 34 43 33 49 4c 3a 34 43 33 49 4c 07 16 12 16"                            File: Line:0 Function: Type:Debug:
DateTime:2026-08-28 17:26:03.520:"等待工装回复超时"                            File: Line:0 Function: Type:Debug:
DateTime:2026-08-28 17:26:03.520:"查找结果: iret=0, wStart=0, dwOutLen=77, dwStreamLen=77, dwFindPos=0"                            File: Line:0 Function: Type:Debug:
DateTime:2026-08-28 17:26:03.520:"Receive:<= 68 4D 00 C0 00 00 00 00 00 05 56 02 00 05 99 99 99 99 99 99 36 68 99 99 99 99 99 99 68 81 2A 35 33 36 1E 34 39 39 34 43 33 49 4C 37 34 43 33 49 4C 36 34 43 33 49 4C 38 34 43 33 49 4C 3B 34 43 33 49 4C 3A 34 43 33 49 4C 07 16 12 16"                            File: Line:0 Function: Type:Debug:
DateTime:2026-08-28 17:26:03.520:"解析：功能码-AFN=56H,Fn=2："                            File: Line:0 Function: Type:Debug:
DateTime:2026-08-28 17:26:03.520:"AFN或者Fn与预判不一致"                            File: Line:0 Function: Type:Debug:
DateTime:2026-08-28 17:26:03.520:"Send(确认)：=> 68 0F 00 43 00 00 00 00 00 05 50 01 00 99 16"                            File: Line:0 Function: Type:Debug:
DateTime:2026-08-28 17:26:03.520:"槽位2透传:687E007E006840000000000022600000010002013C00680F00430000000000055001009916C116"                            File: Line:0 Function: Type:Debug:
DateTime:2026-08-28 17:26:03.520:"工装发送：68 7E 00 7E 00 68 40 00 00 00 00 00 22 60 00 00 01 00 02 01 3C 00 68 0F 00 43 00 00 00 00 00 05 50 01 00 99 16 C1 16"                            File: Line:0 Function: Type:Debug:
DateTime:2026-08-28 17:26:03.538:"工装接收：68 32 00 32 00 68 80 00 00 00 00 00 00 60 00 00 01 00 E1 16"                            File: Line:0 Function: Type:Debug:
DateTime:2026-08-28 17:26:03.538:"m_baRecvMsg:"                            File: Line:0 Function: Type:Debug:
DateTime:2026-08-28 17:26:03.538:"rameList.size():"                            File: Line:0 Function: Type:Debug:
DateTime:2026-08-28 17:26:03.538:"进入报文解析"                            File: Line:0 Function: Type:Debug:
DateTime:2026-08-28 17:26:03.538:"68 32 00 32 00 68 80 00 00 00 00 00 00 60 00 00 01 00 E1 16"                            File: Line:0 Function: Type:Debug:
DateTime:2026-08-28 17:26:03.538:"解码完成，功能码: 1"                            File: Line:0 Function: Type:Debug:
DateTime:2026-08-28 17:26:03.538:"工装回复确认帧"                            File: Line:0 Function: Type:Debug:
DateTime:2026-08-28 17:26:09.582:"等待工装回复超时"                            File: Line:0 Function: Type:Debug:
DateTime:2026-08-28 17:26:12.604:"等待工装回复超时"                            File: Line:0 Function: Type:Debug:
DateTime:2026-08-28 17:26:15.626:"等待工装回复超时"                            File: Line:0 Function: Type:Debug:
DateTime:2026-08-28 17:26:18.648:"等待工装回复超时"                            File: Line:0 Function: Type:Debug:
DateTime:2026-08-28 17:26:21.669:"等待工装回复超时"                            File: Line:0 Function: Type:Debug:
DateTime:2026-08-28 17:26:24.691:"等待工装回复超时"                            File: Line:0 Function: Type:Debug:
DateTime:2026-08-28 17:26:24.691:"延时时间到"                            File: Line:0 Function: Type:Debug:
DateTime:2026-08-28 17:26:24.792:dll输出信息: ""                            File: Line:0 Function: Type:Debug:
DateTime:2026-08-28 17:26:24.792:接口函数调用成功，返回的结果为 0                            File: Line:0 Function: Type:Debug:
DateTime:2026-08-28 17:26:24.792:"外部传入的para：0，返回的result：0,返回的pValRet：0"                            File: Line:0 Function: Type:Debug:
DateTime:2026-08-28 17:26:24.792:"执行接口函数Func_Delay完成"                            File: Line:0 Function: Type:Debug:
DateTime:2026-08-28 17:26:24.792:coorIndex 0                            File: Line:0 Function: Type:Debug:
DateTime:2026-08-28 17:26:24.793:当前流程结束                            File: Line:0 Function: Type:Debug:
DateTime:2026-08-28 17:26:24.793:退出connect函数                            File: Line:0 Function: Type:Debug:
DateTime:2026-08-28 17:26:24.793:"=========【执行延时】结束=========="                            File: Line:0 Function: Type:Debug:
DateTime:2026-08-28 17:26:24.793:"-----------------------------"                            File: Line:0 Function: Type:Debug:
DateTime:2026-08-28 17:26:24.794:"=============执行【Step6-查询载波从节点数量(数量为6)】==================="                            File: Line:0 Function: Type:Debug:
DateTime:2026-08-28 17:26:24.794:"执行接口函数CCO_AFN10_F1"                            File: Line:0 Function: Type:Debug:
DateTime:2026-08-28 17:26:24.794:callWorkFunction: CCO_AFN10_F1                            File: Line:0 Function: Type:Debug:
DateTime:2026-08-28 17:26:24.794:找到对应函数，进入执行                            File: Line:0 Function: Type:Debug:
DateTime:2026-08-28 17:26:25.311:"等待工装回复超时"                            File: Line:0 Function: Type:Debug:
DateTime:2026-08-28 17:26:25.311:"开始组帧"                            File: Line:0 Function: Type:Debug:
DateTime:2026-08-28 17:26:25.311:"组帧结束"                            File: Line:0 Function: Type:Debug:
DateTime:2026-08-28 17:26:25.311:"367.2Send:查询从节点数量(10H-F1)：=>68 0F 00 41 00 00 00 00 00 09 10 01 00 5B 16"                            File: Line:0 Function: Type:Debug:
DateTime:2026-08-28 17:26:25.311:"槽位2透传:687E007E006840000000000022600000010002013C00680F00410000000000091001005B164516"                            File: Line:0 Function: Type:Debug:
DateTime:2026-08-28 17:26:25.311:"工装发送：68 7E 00 7E 00 68 40 00 00 00 00 00 22 60 00 00 01 00 02 01 3C 00 68 0F 00 41 00 00 00 00 00 09 10 01 00 5B 16 45 16"                            File: Line:0 Function: Type:Debug:
DateTime:2026-08-28 17:26:25.329:"工装接收：68 32 00 32 00 68 80 00 00 00 00 00 00 60 00 00 01 00 E1 16"                            File: Line:0 Function: Type:Debug:
DateTime:2026-08-28 17:26:25.329:"m_baRecvMsg:"                            File: Line:0 Function: Type:Debug:
DateTime:2026-08-28 17:26:25.329:"frameList.size():1"                            File: Line:0 Function: Type:Debug:
DateTime:2026-08-28 17:26:25.329:"进入报文解析"                            File: Line:0 Function: Type:Debug:
DateTime:2026-08-28 17:26:25.329:"68 32 00 32 00 68 80 00 00 00 00 00 00 60 00 00 01 00 E1 16"                            File: Line:0 Function: Type:Debug:
DateTime:2026-08-28 17:26:25.329:"解码完成，功能码: 1"                            File: Line:0 Function: Type:Debug:
DateTime:2026-08-28 17:26:25.329:"工装回复确认帧"                            File: Line:0 Function: Type:Debug:
DateTime:2026-08-28 17:26:25.373:"工装接收：68 8A 00 8A 00 68 80 00 00 00 00 00 22 60 00 00 01 00 02 13 00 68 13 00 83 00 00 00 00 00 09 10 01 00 06 00 F8 07 A2 16 ED 16"                            File: Line:0 Function: Type:Debug:
DateTime:2026-08-28 17:26:25.373:"m_baRecvMsg:"                            File: Line:0 Function: Type:Debug:
DateTime:2026-08-28 17:26:25.373:"frameList.size():1"                            File: Line:0 Function: Type:Debug:
DateTime:2026-08-28 17:26:25.373:"进入报文解析"                            File: Line:0 Function: Type:Debug:
DateTime:2026-08-28 17:26:25.373:"68 8A 00 8A 00 68 80 00 00 00 00 00 22 60 00 00 01 00 02 13 00 68 13 00 83 00 00 00 00 00 09 10 01 00 06 00 F8 07 A2 16 ED 16"                            File: Line:0 Function: Type:Debug:
DateTime:2026-08-28 17:26:25.373:"解码完成，功能码: 4"                            File: Line:0 Function: Type:Debug:
DateTime:2026-08-28 17:26:25.373:"工装接收到透传报文"                            File: Line:0 Function: Type:Debug:
DateTime:2026-08-28 17:26:25.373:"021300681300830000000000091001000600F807A216"                            File: Line:0 Function: Type:Debug:
DateTime:2026-08-28 17:26:25.373:"透传报文内容:68 13 00 83 00 00 00 00 00 09 10 01 00 06 00 f8 07 a2 16"                            File: Line:0 Function: Type:Debug:
DateTime:2026-08-28 17:26:28.394:"uTimeSecond_ms:5000"                            File: Line:0 Function: Type:Debug:
DateTime:2026-08-28 17:26:28.394:"查找结果: iret=0, wStart=0, dwOutLen=19, dwStreamLen=19, dwFindPos=0"                            File: Line:0 Function: Type:Debug:
DateTime:2026-08-28 17:26:28.394:"Receive:<= 68 13 00 83 00 00 00 00 00 09 10 01 00 06 00 F8 07 A2 16"                            File: Line:0 Function: Type:Debug:
DateTime:2026-08-28 17:26:28.394:"解析：功能码-AFN=10H,Fn=1："                            File: Line:0 Function: Type:Debug:
DateTime:2026-08-28 17:26:28.394:"从节点数量：6,最大支持节点数：2040."                            File: Line:0 Function: Type:Debug:
DateTime:2026-08-28 17:26:28.394:dll输出信息: ""                            File: Line:0 Function: Type:Debug:
DateTime:2026-08-28 17:26:28.394:接口函数调用成功，返回的结果为 0                            File: Line:0 Function: Type:Debug:
DateTime:2026-08-28 17:26:28.394:"外部传入的para：0，返回的result：0,返回的pValRet：0"                            File: Line:0 Function: Type:Debug:
DateTime:2026-08-28 17:26:28.394:"执行接口函数CCO_AFN10_F1完成"                            File: Line:0 Function: Type:Debug:
DateTime:2026-08-28 17:26:28.396:coorIndex 0                            File: Line:0 Function: Type:Debug:
DateTime:2026-08-28 17:26:28.396:当前流程结束                            File: Line:0 Function: Type:Debug:
DateTime:2026-08-28 17:26:28.396:退出connect函数                            File: Line:0 Function: Type:Debug:
DateTime:2026-08-28 17:26:28.396:"=========【Step6-查询载波从节点数量(数量为6)】结束=========="                            File: Line:0 Function: Type:Debug:
DateTime:2026-08-28 17:26:28.396:"-----------------------------"                            File: Line:0 Function: Type:Debug:
DateTime:2026-08-28 17:26:28.396:"=============执行【Step7-AFN52F1数据转发-查询模块复位总次数(CCO_EB040201)】==================="                            File: Line:0 Function: Type:Debug:
DateTime:2026-08-28 17:26:28.396:"执行接口函数CCO_AFN52_F1_EB040201"                            File: Line:0 Function: Type:Debug:
DateTime:2026-08-28 17:26:28.396:callWorkFunction: CCO_AFN52_F1_EB040201                            File: Line:0 Function: Type:Debug:
DateTime:2026-08-28 17:26:28.396:找到对应函数，进入执行                            File: Line:0 Function: Type:Debug:
DateTime:2026-08-28 17:26:28.901:"等待工装回复超时"                            File: Line:0 Function: Type:Debug:
DateTime:2026-08-28 17:26:28.901:"开始组帧"                            File: Line:0 Function: Type:Debug:
DateTime:2026-08-28 17:26:28.901:"组帧结束"                            File: Line:0 Function: Type:Debug:
DateTime:2026-08-28 17:26:28.901:"367.2Send:数据转发(查询-模块复位总次数 EB040201)：=>68 2B 00 43 00 00 00 00 00 0A 52 01 00 02 12 90 78 56 34 12 6B 8A E8 10 00 68 12 90 78 56 34 12 68 11 04 34 35 37 1E 59 16 0D 16"                            File: Line:0 Function: Type:Debug:
DateTime:2026-08-28 17:26:28.901:"槽位2透传:68EE00EE006840000000000022600000010002013C00682B004300000000000A520100021290785634126B8AE81000681290785634126811043435371E59160D16C516"                            File: Line:0 Function: Type:Debug:
DateTime:2026-08-28 17:26:28.901:"工装发送：68 EE 00 EE 00 68 40 00 00 00 00 00 22 60 00 00 01 00 02 01 3C 00 68 2B 00 43 00 00 00 00 00 0A 52 01 00 02 12 90 78 56 34 12 6B 8A E8 10 00 68 12 90 78 56 34 12 68 11 04 34 35 37 1E 59 16 0D 16 C5 16"                            File: Line:0 Function: Type:Debug:
DateTime:2026-08-28 17:26:28.951:"工装接收：68 32 00 32 00 68 80 00 00 00 00 00 00 60 00 00 01 00 E1 16"                            File: Line:0 Function: Type:Debug:
DateTime:2026-08-28 17:26:28.951:"m_baRecvMsg:"                            File: Line:0 Function: Type:Debug:
DateTime:2026-08-28 17:26:28.951:"frameList.size():1"                            File: Line:0 Function: Type:Debug:
DateTime:2026-08-28 17:26:28.951:"进入报文解析"                            File: Line:0 Function: Type:Debug:
DateTime:2026-08-28 17:26:28.951:"68 32 00 32 00 68 80 00 00 00 00 00 00 60 00 00 01 00 E1 16"                            File: Line:0 Function: Type:Debug:
DateTime:2026-08-28 17:26:28.952:"解码完成，功能码: 1"                            File: Line:0 Function: Type:Debug:
DateTime:2026-08-28 17:26:28.952:"工装回复确认帧"                            File: Line:0 Function: Type:Debug:
DateTime:2026-08-28 17:26:29.007:"工装接收：68 E6 00 E6 00 68 80 00 00 00 00 00 22 60 00 00 01 00 02 2A 00 68 2A 00 80 00 00 00 00 00 0A 52 01 00 02 12 90 78 56 34 12 12 00 68 12 90 78 56 34 12 68 91 06 34 35 37 1E 73 33 81 16 BF 16 55 16"                            File: Line:0 Function: Type:Debug:
DateTime:2026-08-28 17:26:29.007:"m_baRecvMsg:"                            File: Line:0 Function: Type:Debug:
DateTime:2026-08-28 17:26:29.007:"frameList.size():1"                            File: Line:0 Function: Type:Debug:
DateTime:2026-08-28 17:26:29.007:"进入报文解析"                            File: Line:0 Function: Type:Debug:
DateTime:2026-08-28 17:26:29.007:"68 E6 00 E6 00 68 80 00 00 00 00 00 22 60 00 00 01 00 02 2A 00 68 2A 00 80 00 00 00 00 00 0A 52 01 00 02 12 90 78 56 34 12 12 00 68 12 90 78 56 34 12 68 91 06 34 35 37 1E 73 33 81 16 BF 16 55 16"                            File: Line:0 Function: Type:Debug:
DateTime:2026-08-28 17:26:29.007:"解码完成，功能码: 4"                            File: Line:0 Function: Type:Debug:
DateTime:2026-08-28 17:26:29.007:"工装接收到透传报文"                            File: Line:0 Function: Type:Debug:
DateTime:2026-08-28 17:26:29.007:"022A00682A008000000000000A520100021290785634121200681290785634126891063435371E73338116BF16"                            File: Line:0 Function: Type:Debug:
DateTime:2026-08-28 17:26:29.007:"透传报文内容:68 2a 00 80 00 00 00 00 00 0a 52 01 00 02 12 90 78 56 34 12 12 00 68 12 90 78 56 34 12 68 91 06 34 35 37 1e 73 33 81 16 bf 16"                            File: Line:0 Function: Type:Debug:
DateTime:2026-08-28 17:26:31.928:"uTimeSecond_ms:30000"                            File: Line:0 Function: Type:Debug:
DateTime:2026-08-28 17:26:31.928:"查找结果: iret=0, wStart=0, dwOutLen=42, dwStreamLen=42, dwFindPos=0"                            File: Line:0 Function: Type:Debug:
DateTime:2026-08-28 17:26:31.928:"Receive:<= 68 2A 00 80 00 00 00 00 00 0A 52 01 00 02 12 90 78 56 34 12 12 00 68 12 90 78 56 34 12 68 91 06 34 35 37 1E 73 33 81 16 BF 16"                            File: Line:0 Function: Type:Debug:
DateTime:2026-08-28 17:26:31.928:"解析：功能码-AFN=52H,Fn=1："                            File: Line:0 Function: Type:Debug:
DateTime:2026-08-28 17:26:31.928:"透传回复内容：021290785634121200681290785634126891063435371E73338116"                            File: Line:0 Function: Type:Debug:
DateTime:2026-08-28 17:26:31.928:"DL/T645-2007协议 回复报文信息：控制码：91,数据标识：EB040201，数据域(需倒序解析)：4000"                            File: Line:0 Function: Type:Debug:
DateTime:2026-08-28 17:26:31.928:"模块复位总次数：64"                            File: Line:0 Function: Type:Debug:
DateTime:2026-08-28 17:26:31.928:dll输出信息: ""                            File: Line:0 Function: Type:Debug:
DateTime:2026-08-28 17:26:31.928:接口函数调用成功，返回的结果为 0                            File: Line:0 Function: Type:Debug:
DateTime:2026-08-28 17:26:31.928:"外部传入的para：0，返回的result：0,返回的pValRet：0"                            File: Line:0 Function: Type:Debug:
DateTime:2026-08-28 17:26:31.928:"执行接口函数CCO_AFN52_F1_EB040201完成"                            File: Line:0 Function: Type:Debug:
DateTime:2026-08-28 17:26:31.930:coorIndex 0                            File: Line:0 Function: Type:Debug:
DateTime:2026-08-28 17:26:31.930:当前流程结束                            File: Line:0 Function: Type:Debug:
DateTime:2026-08-28 17:26:31.930:退出connect函数                            File: Line:0 Function: Type:Debug:
DateTime:2026-08-28 17:26:31.930:"=========【Step7-AFN52F1数据转发-查询模块复位总次数(CCO_EB040201)】结束=========="                            File: Line:0 Function: Type:Debug:
DateTime:2026-08-28 17:26:31.930:"-----------------------------"                            File: Line:0 Function: Type:Debug:
DateTime:2026-08-28 17:26:31.930:"=============执行【Step8-本地通信模块通信信道信息(STA-类型为03-电表模块)(返回相位为A相)】==================="                            File: Line:0 Function: Type:Debug:
DateTime:2026-08-28 17:26:31.931:"执行接口函数CCO_AFN53_F5"                            File: Line:0 Function: Type:Debug:
DateTime:2026-08-28 17:26:31.931:callWorkFunction: CCO_AFN53_F5                            File: Line:0 Function: Type:Debug:
DateTime:2026-08-28 17:26:31.931:找到对应函数，进入执行                            File: Line:0 Function: Type:Debug:
DateTime:2026-08-28 17:26:32.435:"等待工装回复超时"                            File: Line:0 Function: Type:Debug:
DateTime:2026-08-28 17:26:32.435:"开始组帧"                            File: Line:0 Function: Type:Debug:
DateTime:2026-08-28 17:26:32.435:"组帧结束"                            File: Line:0 Function: Type:Debug:
DateTime:2026-08-28 17:26:32.435:"367.2Send:本地通信模块通信信道信息（相位信息）(53H-F5)：=>68 16 00 43 00 00 00 00 00 0B 53 10 00 05 03 01 10 00 16 19 F9 16"                            File: Line:0 Function: Type:Debug:
DateTime:2026-08-28 17:26:32.435:"槽位2透传:689A009A006840000000000022600000010002013C006816004300000000000B53100005030110001619F9168816"                            File: Line:0 Function: Type:Debug:
DateTime:2026-08-28 17:26:32.435:"工装发送：68 9A 00 9A 00 68 40 00 00 00 00 00 22 60 00 00 01 00 02 01 3C 00 68 16 00 43 00 00 00 00 00 0B 53 10 00 05 03 01 10 00 16 19 F9 16 88 16"                            File: Line:0 Function: Type:Debug:
DateTime:2026-08-28 17:26:32.461:"工装接收：68 32 00 32 00 68 80 00 00 00 00 00 00 60 00 00 01 00 E1 16"                            File: Line:0 Function: Type:Debug:
DateTime:2026-08-28 17:26:32.461:"m_baRecvMsg:"                            File: Line:0 Function: Type:Debug:
DateTime:2026-08-28 17:26:32.461:"frameList.size():1"                            File: Line:0 Function: Type:Debug:
DateTime:2026-08-28 17:26:32.461:"进入报文解析"                            File: Line:0 Function: Type:Debug:
DateTime:2026-08-28 17:26:32.461:"68 32 00 32 00 68 80 00 00 00 00 00 00 60 00 00 01 00 E1 16"                            File: Line:0 Function: Type:Debug:
DateTime:2026-08-28 17:26:32.461:"解码完成，功能码: 1"                            File: Line:0 Function: Type:Debug:
DateTime:2026-08-28 17:26:32.461:"工装回复确认帧"                            File: Line:0 Function: Type:Debug:
DateTime:2026-08-28 17:26:32.511:"工装接收：68 9E 00 9E 00 68 80 00 00 00 00 00 22 60 00 00 01 00 02 18 00 68 18 00 80 00 00 00 00 00 0B 53 10 00 05 03 01 10 00 16 19 01 00 37 16 21 16"                            File: Line:0 Function: Type:Debug:
DateTime:2026-08-28 17:26:32.511:"m_baRecvMsg:"                            File: Line:0 Function: Type:Debug:
DateTime:2026-08-28 17:26:32.511:"frameList.size():1"                            File: Line:0 Function: Type:Debug:
DateTime:2026-08-28 17:26:32.511:"进入报文解析"                            File: Line:0 Function: Type:Debug:
DateTime:2026-08-28 17:26:32.511:"68 9E 00 9E 00 68 80 00 00 00 00 00 22 60 00 00 01 00 02 18 00 68 18 00 80 00 00 00 00 00 0B 53 10 00 05 03 01 10 00 16 19 01 00 37 16 21 16"                            File: Line:0 Function: Type:Debug:
DateTime:2026-08-28 17:26:32.511:"解码完成，功能码: 4"                            File: Line:0 Function: Type:Debug:
DateTime:2026-08-28 17:26:32.511:"工装接收到透传报文"                            File: Line:0 Function: Type:Debug:
DateTime:2026-08-28 17:26:32.511:"0218006818008000000000000B5310000503011000161901003716"                            File: Line:0 Function: Type:Debug:
DateTime:2026-08-28 17:26:32.511:"透传报文内容:68 18 00 80 00 00 00 00 00 0b 53 10 00 05 03 01 10 00 16 19 01 00 37 16"                            File: Line:0 Function: Type:Debug:
DateTime:2026-08-28 17:26:35.533:"uTimeSecond_ms:5000"                            File: Line:0 Function: Type:Debug:
DateTime:2026-08-28 17:26:35.533:"查找结果: iret=0, wStart=0, dwOutLen=24, dwStreamLen=24, dwFindPos=0"                            File: Line:0 Function: Type:Debug:
DateTime:2026-08-28 17:26:35.533:"Receive:<= 68 18 00 80 00 00 00 00 00 0B 53 10 00 05 03 01 10 00 16 19 01 00 37 16"                            File: Line:0 Function: Type:Debug:
DateTime:2026-08-28 17:26:35.533:"解析：功能码-AFN=53H,Fn=5："                            File: Line:0 Function: Type:Debug:
DateTime:2026-08-28 17:26:35.533:"通信对象类型:电能表通信模块,通信对象地址:191600100103,相位：A相"                            File: Line:0 Function: Type:Debug:
DateTime:2026-08-28 17:26:35.533:dll输出信息: ""                            File: Line:0 Function: Type:Debug:
DateTime:2026-08-28 17:26:35.533:接口函数调用成功，返回的结果为 0                            File: Line:0 Function: Type:Debug:
DateTime:2026-08-28 17:26:35.533:"外部传入的para：0，返回的result：0,返回的pValRet：0"                            File: Line:0 Function: Type:Debug:
DateTime:2026-08-28 17:26:35.533:"执行接口函数CCO_AFN53_F5完成"                            File: Line:0 Function: Type:Debug:
DateTime:2026-08-28 17:26:35.534:coorIndex 0                            File: Line:0 Function: Type:Debug:
DateTime:2026-08-28 17:26:35.534:当前流程结束                            File: Line:0 Function: Type:Debug:
DateTime:2026-08-28 17:26:35.535:退出connect函数                            File: Line:0 Function: Type:Debug:
DateTime:2026-08-28 17:26:35.535:"=========【Step8-本地通信模块通信信道信息(STA-类型为03-电表模块)(返回相位为A相)】结束=========="                            File: Line:0 Function: Type:Debug:
DateTime:2026-08-28 17:26:35.535:"-----------------------------"                            File: Line:0 Function: Type:Debug:
DateTime:2026-08-28 17:26:35.537:"=============执行【Step9-数据区初始化】==================="                            File: Line:0 Function: Type:Debug:
DateTime:2026-08-28 17:26:35.538:"执行接口函数CCO_AFN51_F3"                            File: Line:0 Function: Type:Debug:
DateTime:2026-08-28 17:26:35.538:callWorkFunction: CCO_AFN51_F3                            File: Line:0 Function: Type:Debug:
DateTime:2026-08-28 17:26:35.538:找到对应函数，进入执行                            File: Line:0 Function: Type:Debug:
DateTime:2026-08-28 17:26:36.042:"等待工装回复超时"                            File: Line:0 Function: Type:Debug:
DateTime:2026-08-28 17:26:36.042:"开始组帧"                            File: Line:0 Function: Type:Debug:
DateTime:2026-08-28 17:26:36.042:"组帧结束"                            File: Line:0 Function: Type:Debug:
DateTime:2026-08-28 17:26:36.042:"367.2Send:数据区初始化(51H-F3)：=>68 0F 00 43 00 00 00 00 00 0C 51 04 00 A4 16"                            File: Line:0 Function: Type:Debug:
DateTime:2026-08-28 17:26:36.042:"槽位2透传:687E007E006840000000000022600000010002013C00680F004300000000000C510400A416D716"                            File: Line:0 Function: Type:Debug:
DateTime:2026-08-28 17:26:36.042:"工装发送：68 7E 00 7E 00 68 40 00 00 00 00 00 22 60 00 00 01 00 02 01 3C 00 68 0F 00 43 00 00 00 00 00 0C 51 04 00 A4 16 D7 16"                            File: Line:0 Function: Type:Debug:
DateTime:2026-08-28 17:26:36.060:"工装接收：68 32 00 32 00 68 80 00 00 00 00 00 00 60 00 00 01 00 E1 16"                            File: Line:0 Function: Type:Debug:
DateTime:2026-08-28 17:26:36.060:"m_baRecvMsg:"                            File: Line:0 Function: Type:Debug:
DateTime:2026-08-28 17:26:36.060:"frameList.size():1"                            File: Line:0 Function: Type:Debug:
DateTime:2026-08-28 17:26:36.060:"进入报文解析"                            File: Line:0 Function: Type:Debug:
DateTime:2026-08-28 17:26:36.060:"68 32 00 32 00 68 80 00 00 00 00 00 00 60 00 00 01 00 E1 16"                            File: Line:0 Function: Type:Debug:
DateTime:2026-08-28 17:26:36.060:"解码完成，功能码: 1"                            File: Line:0 Function: Type:Debug:
DateTime:2026-08-28 17:26:36.060:"工装回复确认帧"                            File: Line:0 Function: Type:Debug:
DateTime:2026-08-28 17:26:36.183:"工装接收：68 7A 00 7A 00 68 80 00 00 00 00 00 22 60 00 00 01 00 02 0F 00 68 0F 00 80 00 00 00 00 00 0C 50 01 00 DD 16 5B 16"                            File: Line:0 Function: Type:Debug:
DateTime:2026-08-28 17:26:36.183:"m_baRecvMsg:"                            File: Line:0 Function: Type:Debug:
DateTime:2026-08-28 17:26:36.183:"frameList.size():1"                            File: Line:0 Function: Type:Debug:
DateTime:2026-08-28 17:26:36.183:"进入报文解析"                            File: Line:0 Function: Type:Debug:
DateTime:2026-08-28 17:26:36.183:"68 7A 00 7A 00 68 80 00 00 00 00 00 22 60 00 00 01 00 02 0F 00 68 0F 00 80 00 00 00 00 00 0C 50 01 00 DD 16 5B 16"                            File: Line:0 Function: Type:Debug:
DateTime:2026-08-28 17:26:36.183:"解码完成，功能码: 4"                            File: Line:0 Function: Type:Debug:
DateTime:2026-08-28 17:26:36.183:"工装接收到透传报文"                            File: Line:0 Function: Type:Debug:
DateTime:2026-08-28 17:26:36.183:"020F00680F008000000000000C500100DD16"                            File: Line:0 Function: Type:Debug:
DateTime:2026-08-28 17:26:36.183:"透传报文内容:68 0f 00 80 00 00 00 00 00 0c 50 01 00 dd 16"                            File: Line:0 Function: Type:Debug:
DateTime:2026-08-28 17:26:39.104:"uTimeSecond_ms:5000"                            File: Line:0 Function: Type:Debug:
DateTime:2026-08-28 17:26:39.104:"查找结果: iret=0, wStart=0, dwOutLen=15, dwStreamLen=15, dwFindPos=0"                            File: Line:0 Function: Type:Debug:
DateTime:2026-08-28 17:26:39.104:"Receive:<= 68 0F 00 80 00 00 00 00 00 0C 50 01 00 DD 16"                            File: Line:0 Function: Type:Debug:
DateTime:2026-08-28 17:26:39.104:"解析：功能码-AFN=50H,Fn=1："                            File: Line:0 Function: Type:Debug:
DateTime:2026-08-28 17:26:39.104:"数据区初始化"                            File: Line:0 Function: Type:Debug:
DateTime:2026-08-28 17:26:39.104:dll输出信息: ""                            File: Line:0 Function: Type:Debug:
DateTime:2026-08-28 17:26:39.104:接口函数调用成功，返回的结果为 0                            File: Line:0 Function: Type:Debug:
DateTime:2026-08-28 17:26:39.104:"外部传入的para：0，返回的result：0,返回的pValRet：0"                            File: Line:0 Function: Type:Debug:
DateTime:2026-08-28 17:26:39.104:"执行接口函数CCO_AFN51_F3完成"                            File: Line:0 Function: Type:Debug:
DateTime:2026-08-28 17:26:39.105:coorIndex 0                            File: Line:0 Function: Type:Debug:
DateTime:2026-08-28 17:26:39.105:当前流程结束                            File: Line:0 Function: Type:Debug:
DateTime:2026-08-28 17:26:39.105:退出connect函数                            File: Line:0 Function: Type:Debug:
DateTime:2026-08-28 17:26:39.106:"=========【Step9-数据区初始化】结束=========="                            File: Line:0 Function: Type:Debug:
DateTime:2026-08-28 17:26:39.106:"-----------------------------"                            File: Line:0 Function: Type:Debug:
DateTime:2026-08-28 17:26:39.106:"=============执行【执行延时】==================="                            File: Line:0 Function: Type:Debug:
DateTime:2026-08-28 17:26:39.106:"执行接口函数Func_Delay"                            File: Line:0 Function: Type:Debug:
DateTime:2026-08-28 17:26:39.106:callWorkFunction: Func_Delay                            File: Line:0 Function: Type:Debug:
DateTime:2026-08-28 17:26:39.106:找到对应函数，进入执行                            File: Line:0 Function: Type:Debug:
DateTime:2026-08-28 17:26:39.106:"延时时间为5s"                            File: Line:0 Function: Type:Debug:
DateTime:2026-08-28 17:26:39.106:"uTimeSecond_ms:5000"                            File: Line:0 Function: Type:Debug:
DateTime:2026-08-28 17:26:42.128:"等待工装回复超时"                            File: Line:0 Function: Type:Debug:
DateTime:2026-08-28 17:26:45.150:"等待工装回复超时"                            File: Line:0 Function: Type:Debug:
DateTime:2026-08-28 17:26:45.150:"延时时间到"                            File: Line:0 Function: Type:Debug:
DateTime:2026-08-28 17:26:45.250:dll输出信息: ""                            File: Line:0 Function: Type:Debug:
DateTime:2026-08-28 17:26:45.250:接口函数调用成功，返回的结果为 0                            File: Line:0 Function: Type:Debug:
DateTime:2026-08-28 17:26:45.250:"外部传入的para：0，返回的result：0,返回的pValRet：0"                            File: Line:0 Function: Type:Debug:
DateTime:2026-08-28 17:26:45.250:"执行接口函数Func_Delay完成"                            File: Line:0 Function: Type:Debug:
DateTime:2026-08-28 17:26:45.250:coorIndex 0                            File: Line:0 Function: Type:Debug:
DateTime:2026-08-28 17:26:45.250:当前流程结束                            File: Line:0 Function: Type:Debug:
DateTime:2026-08-28 17:26:45.250:退出connect函数                            File: Line:0 Function: Type:Debug:
DateTime:2026-08-28 17:26:45.250:"=========【执行延时】结束=========="                            File: Line:0 Function: Type:Debug:
DateTime:2026-08-28 17:26:45.250:"-----------------------------"                            File: Line:0 Function: Type:Debug:
DateTime:2026-08-28 17:26:45.251:"=============执行【Step10-查询载波从节点数量(数量为6)】==================="                            File: Line:0 Function: Type:Debug:
DateTime:2026-08-28 17:26:45.251:"执行接口函数CCO_AFN10_F1"                            File: Line:0 Function: Type:Debug:
DateTime:2026-08-28 17:26:45.251:callWorkFunction: CCO_AFN10_F1                            File: Line:0 Function: Type:Debug:
DateTime:2026-08-28 17:26:45.251:找到对应函数，进入执行                            File: Line:0 Function: Type:Debug:
DateTime:2026-08-28 17:26:45.755:"等待工装回复超时"                            File: Line:0 Function: Type:Debug:
DateTime:2026-08-28 17:26:45.755:"开始组帧"                            File: Line:0 Function: Type:Debug:
DateTime:2026-08-28 17:26:45.755:"组帧结束"                            File: Line:0 Function: Type:Debug:
DateTime:2026-08-28 17:26:45.755:"367.2Send:查询从节点数量(10H-F1)：=>68 0F 00 41 00 00 00 00 00 0D 10 01 00 5F 16"                            File: Line:0 Function: Type:Debug:
DateTime:2026-08-28 17:26:45.755:"槽位2透传:687E007E006840000000000022600000010002013C00680F004100000000000D1001005F164D16"                            File: Line:0 Function: Type:Debug:
DateTime:2026-08-28 17:26:45.755:"工装发送：68 7E 00 7E 00 68 40 00 00 00 00 00 22 60 00 00 01 00 02 01 3C 00 68 0F 00 41 00 00 00 00 00 0D 10 01 00 5F 16 4D 16"                            File: Line:0 Function: Type:Debug:
DateTime:2026-08-28 17:26:45.773:"工装接收：68 32 00 32 00 68 80 00 00 00 00 00 00 60 00 00 01 00 E1 16"                            File: Line:0 Function: Type:Debug:
DateTime:2026-08-28 17:26:45.773:"m_baRecvMsg:"                            File: Line:0 Function: Type:Debug:
DateTime:2026-08-28 17:26:45.773:"frameList.size():1"                            File: Line:0 Function: Type:Debug:
DateTime:2026-08-28 17:26:45.773:"进入报文解析"                            File: Line:0 Function: Type:Debug:
DateTime:2026-08-28 17:26:45.773:"68 32 00 32 00 68 80 00 00 00 00 00 00 60 00 00 01 00 E1 16"                            File: Line:0 Function: Type:Debug:
DateTime:2026-08-28 17:26:45.773:"解码完成，功能码: 1"                            File: Line:0 Function: Type:Debug:
DateTime:2026-08-28 17:26:45.773:"工装回复确认帧"                            File: Line:0 Function: Type:Debug:
DateTime:2026-08-28 17:26:45.814:"工装接收：68 8A 00 8A 00 68 80 00 00 00 00 00 22 60 00 00 01 00 02 13 00 68 13 00 83 00 00 00 00 00 0D 10 01 00 06 00 F8 07 A6 16 F5 16"                            File: Line:0 Function: Type:Debug:
DateTime:2026-08-28 17:26:45.814:"m_baRecvMsg:"                            File: Line:0 Function: Type:Debug:
DateTime:2026-08-28 17:26:45.814:"frameList.size():1"                            File: Line:0 Function: Type:Debug:
DateTime:2026-08-28 17:26:45.814:"进入报文解析"                            File: Line:0 Function: Type:Debug:
DateTime:2026-08-28 17:26:45.814:"68 8A 00 8A 00 68 80 00 00 00 00 00 22 60 00 00 01 00 02 13 00 68 13 00 83 00 00 00 00 00 0D 10 01 00 06 00 F8 07 A6 16 F5 16"                            File: Line:0 Function: Type:Debug:
DateTime:2026-08-28 17:26:45.814:"解码完成，功能码: 4"                            File: Line:0 Function: Type:Debug:
DateTime:2026-08-28 17:26:45.814:"工装接收到透传报文"                            File: Line:0 Function: Type:Debug:
DateTime:2026-08-28 17:26:45.814:"0213006813008300000000000D1001000600F807A616"                            File: Line:0 Function: Type:Debug:
DateTime:2026-08-28 17:26:45.814:"透传报文内容:68 13 00 83 00 00 00 00 00 0d 10 01 00 06 00 f8 07 a6 16"                            File: Line:0 Function: Type:Debug:
DateTime:2026-08-28 17:26:48.836:"uTimeSecond_ms:5000"                            File: Line:0 Function: Type:Debug:
DateTime:2026-08-28 17:26:48.836:"查找结果: iret=0, wStart=0, dwOutLen=19, dwStreamLen=19, dwFindPos=0"                            File: Line:0 Function: Type:Debug:
DateTime:2026-08-28 17:26:48.836:"Receive:<= 68 13 00 83 00 00 00 00 00 0D 10 01 00 06 00 F8 07 A6 16"                            File: Line:0 Function: Type:Debug:
DateTime:2026-08-28 17:26:48.836:"解析：功能码-AFN=10H,Fn=1："                            File: Line:0 Function: Type:Debug:
DateTime:2026-08-28 17:26:48.836:"从节点数量：6,最大支持节点数：2040."                            File: Line:0 Function: Type:Debug:
DateTime:2026-08-28 17:26:48.836:dll输出信息: ""                            File: Line:0 Function: Type:Debug:
DateTime:2026-08-28 17:26:48.836:接口函数调用成功，返回的结果为 0                            File: Line:0 Function: Type:Debug:
DateTime:2026-08-28 17:26:48.836:"外部传入的para：0，返回的result：0,返回的pValRet：0"                            File: Line:0 Function: Type:Debug:
DateTime:2026-08-28 17:26:48.836:"执行接口函数CCO_AFN10_F1完成"                            File: Line:0 Function: Type:Debug:
DateTime:2026-08-28 17:26:48.837:coorIndex 0                            File: Line:0 Function: Type:Debug:
DateTime:2026-08-28 17:26:48.837:当前流程结束                            File: Line:0 Function: Type:Debug:
DateTime:2026-08-28 17:26:48.838:退出connect函数                            File: Line:0 Function: Type:Debug:
DateTime:2026-08-28 17:26:48.838:"=========【Step10-查询载波从节点数量(数量为6)】结束=========="                            File: Line:0 Function: Type:Debug:
DateTime:2026-08-28 17:26:48.838:"-----------------------------"                            File: Line:0 Function: Type:Debug:
DateTime:2026-08-28 17:26:48.841:"=============执行【Step11-AFN52F1数据转发-查询模块复位总次数(CCO_EB040201)(复位次数未变化)】==================="                            File: Line:0 Function: Type:Debug:
DateTime:2026-08-28 17:26:48.841:"执行接口函数CCO_AFN52_F1_EB040201"                            File: Line:0 Function: Type:Debug:
DateTime:2026-08-28 17:26:48.841:callWorkFunction: CCO_AFN52_F1_EB040201                            File: Line:0 Function: Type:Debug:
DateTime:2026-08-28 17:26:48.841:找到对应函数，进入执行                            File: Line:0 Function: Type:Debug:
DateTime:2026-08-28 17:26:49.344:"等待工装回复超时"                            File: Line:0 Function: Type:Debug:
DateTime:2026-08-28 17:26:49.344:"开始组帧"                            File: Line:0 Function: Type:Debug:
DateTime:2026-08-28 17:26:49.344:"组帧结束"                            File: Line:0 Function: Type:Debug:
DateTime:2026-08-28 17:26:49.344:"367.2Send:数据转发(查询-模块复位总次数 EB040201)：=>68 2B 00 43 00 00 00 00 00 0E 52 01 00 02 12 90 78 56 34 12 6B 8A E8 10 00 68 12 90 78 56 34 12 68 11 04 34 35 37 1E 59 16 11 16"                            File: Line:0 Function: Type:Debug:
DateTime:2026-08-28 17:26:49.344:"槽位2透传:68EE00EE006840000000000022600000010002013C00682B004300000000000E520100021290785634126B8AE81000681290785634126811043435371E59161116CD16"                            File: Line:0 Function: Type:Debug:
DateTime:2026-08-28 17:26:49.344:"工装发送：68 EE 00 EE 00 68 40 00 00 00 00 00 22 60 00 00 01 00 02 01 3C 00 68 2B 00 43 00 00 00 00 00 0E 52 01 00 02 12 90 78 56 34 12 6B 8A E8 10 00 68 12 90 78 56 34 12 68 11 04 34 35 37 1E 59 16 11 16 CD 16"                            File: Line:0 Function: Type:Debug:
DateTime:2026-08-28 17:26:49.394:"工装接收：68 32 00 32 00 68 80 00 00 00 00 00 00 60 00 00 01 00 E1 16"                            File: Line:0 Function: Type:Debug:
DateTime:2026-08-28 17:26:49.394:"m_baRecvMsg:"                            File: Line:0 Function: Type:Debug:
DateTime:2026-08-28 17:26:49.394:"frameList.size():1"                            File: Line:0 Function: Type:Debug:
DateTime:2026-08-28 17:26:49.394:"进入报文解析"                            File: Line:0 Function: Type:Debug:
DateTime:2026-08-28 17:26:49.394:"68 32 00 32 00 68 80 00 00 00 00 00 00 60 00 00 01 00 E1 16"                            File: Line:0 Function: Type:Debug:
DateTime:2026-08-28 17:26:49.394:"解码完成，功能码: 1"                            File: Line:0 Function: Type:Debug:
DateTime:2026-08-28 17:26:49.394:"工装回复确认帧"                            File: Line:0 Function: Type:Debug:
DateTime:2026-08-28 17:26:49.450:"工装接收：68 E6 00 E6 00 68 80 00 00 00 00 00 22 60 00 00 01 00 02 2A 00 68 2A 00 80 00 00 00 00 00 0E 52 01 00 02 12 90 78 56 34 12 12 00 68 12 90 78 56 34 12 68 91 06 34 35 37 1E 73 33 81 16 C3 16 5D 16"                            File: Line:0 Function: Type:Debug:
DateTime:2026-08-28 17:26:49.450:"m_baRecvMsg:"                            File: Line:0 Function: Type:Debug:
DateTime:2026-08-28 17:26:49.450:"frameList.size():1"                            File: Line:0 Function: Type:Debug:
DateTime:2026-08-28 17:26:49.450:"进入报文解析"                            File: Line:0 Function: Type:Debug:
DateTime:2026-08-28 17:26:49.450:"68 E6 00 E6 00 68 80 00 00 00 00 00 22 60 00 00 01 00 02 2A 00 68 2A 00 80 00 00 00 00 00 0E 52 01 00 02 12 90 78 56 34 12 12 00 68 12 90 78 56 34 12 68 91 06 34 35 37 1E 73 33 81 16 C3 16 5D 16"                            File: Line:0 Function: Type:Debug:
DateTime:2026-08-28 17:26:49.450:"解码完成，功能码: 4"                            File: Line:0 Function: Type:Debug:
DateTime:2026-08-28 17:26:49.450:"工装接收到透传报文"                            File: Line:0 Function: Type:Debug:
DateTime:2026-08-28 17:26:49.450:"022A00682A008000000000000E520100021290785634121200681290785634126891063435371E73338116C316"                            File: Line:0 Function: Type:Debug:
DateTime:2026-08-28 17:26:49.450:"透传报文内容:68 2a 00 80 00 00 00 00 00 0e 52 01 00 02 12 90 78 56 34 12 12 00 68 12 90 78 56 34 12 68 91 06 34 35 37 1e 73 33 81 16 c3 16"                            File: Line:0 Function: Type:Debug:
DateTime:2026-08-28 17:26:52.371:"uTimeSecond_ms:30000"                            File: Line:0 Function: Type:Debug:
DateTime:2026-08-28 17:26:52.371:"查找结果: iret=0, wStart=0, dwOutLen=42, dwStreamLen=42, dwFindPos=0"                            File: Line:0 Function: Type:Debug:
DateTime:2026-08-28 17:26:52.371:"Receive:<= 68 2A 00 80 00 00 00 00 00 0E 52 01 00 02 12 90 78 56 34 12 12 00 68 12 90 78 56 34 12 68 91 06 34 35 37 1E 73 33 81 16 C3 16"                            File: Line:0 Function: Type:Debug:
DateTime:2026-08-28 17:26:52.371:"解析：功能码-AFN=52H,Fn=1："                            File: Line:0 Function: Type:Debug:
DateTime:2026-08-28 17:26:52.371:"透传回复内容：021290785634121200681290785634126891063435371E73338116"                            File: Line:0 Function: Type:Debug:
DateTime:2026-08-28 17:26:52.371:"DL/T645-2007协议 回复报文信息：控制码：91,数据标识：EB040201，数据域(需倒序解析)：4000"                            File: Line:0 Function: Type:Debug:
DateTime:2026-08-28 17:26:52.371:"模块复位总次数：64"                            File: Line:0 Function: Type:Debug:
DateTime:2026-08-28 17:26:52.371:dll输出信息: ""                            File: Line:0 Function: Type:Debug:
DateTime:2026-08-28 17:26:52.371:接口函数调用成功，返回的结果为 0                            File: Line:0 Function: Type:Debug:
DateTime:2026-08-28 17:26:52.371:"外部传入的para：0，返回的result：0,返回的pValRet：0"                            File: Line:0 Function: Type:Debug:
DateTime:2026-08-28 17:26:52.371:"执行接口函数CCO_AFN52_F1_EB040201完成"                            File: Line:0 Function: Type:Debug:
DateTime:2026-08-28 17:26:52.373:coorIndex 0                            File: Line:0 Function: Type:Debug:
DateTime:2026-08-28 17:26:52.373:当前流程结束                            File: Line:0 Function: Type:Debug:
DateTime:2026-08-28 17:26:52.373:退出connect函数                            File: Line:0 Function: Type:Debug:
DateTime:2026-08-28 17:26:52.373:"=========【Step11-AFN52F1数据转发-查询模块复位总次数(CCO_EB040201)(复位次数未变化)】结束=========="                            File: Line:0 Function: Type:Debug:
DateTime:2026-08-28 17:26:52.373:"-----------------------------"                            File: Line:0 Function: Type:Debug:
DateTime:2026-08-28 17:26:52.373:"=============执行【Step12-本地通信模块通信信道信息(STA-类型为03-电表模块)(返回相位为未知)】==================="                            File: Line:0 Function: Type:Debug:
DateTime:2026-08-28 17:26:52.373:"执行接口函数CCO_AFN53_F5"                            File: Line:0 Function: Type:Debug:
DateTime:2026-08-28 17:26:52.373:callWorkFunction: CCO_AFN53_F5                            File: Line:0 Function: Type:Debug:
DateTime:2026-08-28 17:26:52.374:找到对应函数，进入执行                            File: Line:0 Function: Type:Debug:
DateTime:2026-08-28 17:26:52.878:"等待工装回复超时"                            File: Line:0 Function: Type:Debug:
DateTime:2026-08-28 17:26:52.878:"开始组帧"                            File: Line:0 Function: Type:Debug:
DateTime:2026-08-28 17:26:52.878:"组帧结束"                            File: Line:0 Function: Type:Debug:
DateTime:2026-08-28 17:26:52.878:"367.2Send:本地通信模块通信信道信息（相位信息）(53H-F5)：=>68 16 00 43 00 00 00 00 00 0F 53 10 00 05 03 01 10 00 16 19 FD 16"                            File: Line:0 Function: Type:Debug:
DateTime:2026-08-28 17:26:52.878:"槽位2透传:689A009A006840000000000022600000010002013C006816004300000000000F53100005030110001619FD169016"                            File: Line:0 Function: Type:Debug:
DateTime:2026-08-28 17:26:52.878:"工装发送：68 9A 00 9A 00 68 40 00 00 00 00 00 22 60 00 00 01 00 02 01 3C 00 68 16 00 43 00 00 00 00 00 0F 53 10 00 05 03 01 10 00 16 19 FD 16 90 16"                            File: Line:0 Function: Type:Debug:
DateTime:2026-08-28 17:26:52.904:"工装接收：68 32 00 32 00 68 80 00 00 00 00 00 00 60 00 00 01 00 E1 16"                            File: Line:0 Function: Type:Debug:
DateTime:2026-08-28 17:26:52.904:"m_baRecvMsg:"                            File: Line:0 Function: Type:Debug:
DateTime:2026-08-28 17:26:52.904:"frameList.size():1"                            File: Line:0 Function: Type:Debug:
DateTime:2026-08-28 17:26:52.904:"进入报文解析"                            File: Line:0 Function: Type:Debug:
DateTime:2026-08-28 17:26:52.904:"68 32 00 32 00 68 80 00 00 00 00 00 00 60 00 00 01 00 E1 16"                            File: Line:0 Function: Type:Debug:
DateTime:2026-08-28 17:26:52.904:"解码完成，功能码: 1"                            File: Line:0 Function: Type:Debug:
DateTime:2026-08-28 17:26:52.904:"工装回复确认帧"                            File: Line:0 Function: Type:Debug:
DateTime:2026-08-28 17:26:52.946:"工装接收：68 9E 00 9E 00 68 80 00 00 00 00 00 22 60 00 00 01 00 02 18 00 68 18 00 80 00 00 00 00 00 0F 53 10 00 05 03 01 10 00 16 19 00 00 3A 16 27 16"                            File: Line:0 Function: Type:Debug:
DateTime:2026-08-28 17:26:52.946:"m_baRecvMsg:"                            File: Line:0 Function: Type:Debug:
DateTime:2026-08-28 17:26:52.946:"frameList.size():1"                            File: Line:0 Function: Type:Debug:
DateTime:2026-08-28 17:26:52.946:"进入报文解析"                            File: Line:0 Function: Type:Debug:
DateTime:2026-08-28 17:26:52.946:"68 9E 00 9E 00 68 80 00 00 00 00 00 22 60 00 00 01 00 02 18 00 68 18 00 80 00 00 00 00 00 0F 53 10 00 05 03 01 10 00 16 19 00 00 3A 16 27 16"                            File: Line:0 Function: Type:Debug:
DateTime:2026-08-28 17:26:52.946:"解码完成，功能码: 4"                            File: Line:0 Function: Type:Debug:
DateTime:2026-08-28 17:26:52.946:"工装接收到透传报文"                            File: Line:0 Function: Type:Debug:
DateTime:2026-08-28 17:26:52.946:"0218006818008000000000000F5310000503011000161900003A16"                            File: Line:0 Function: Type:Debug:
DateTime:2026-08-28 17:26:52.946:"透传报文内容:68 18 00 80 00 00 00 00 00 0f 53 10 00 05 03 01 10 00 16 19 00 00 3a 16"                            File: Line:0 Function: Type:Debug:
DateTime:2026-08-28 17:26:55.466:"工装接收：68 7A 00 7A 00 68 80 00 00 00 00 00 22 60 00 00 01 00 02 0F 00 68 0F 00 C3 00 00 00 00 00 06 14 02 00 DF 16 5F 16"                            File: Line:0 Function: Type:Debug:
DateTime:2026-08-28 17:26:55.466:"m_baRecvMsg:"                            File: Line:0 Function: Type:Debug:
DateTime:2026-08-28 17:26:55.466:"frameList.size():1"                            File: Line:0 Function: Type:Debug:
DateTime:2026-08-28 17:26:55.466:"进入报文解析"                            File: Line:0 Function: Type:Debug:
DateTime:2026-08-28 17:26:55.466:"68 7A 00 7A 00 68 80 00 00 00 00 00 22 60 00 00 01 00 02 0F 00 68 0F 00 C3 00 00 00 00 00 06 14 02 00 DF 16 5F 16"                            File: Line:0 Function: Type:Debug:
DateTime:2026-08-28 17:26:55.466:"解码完成，功能码: 4"                            File: Line:0 Function: Type:Debug:
DateTime:2026-08-28 17:26:55.466:"工装接收到透传报文"                            File: Line:0 Function: Type:Debug:
DateTime:2026-08-28 17:26:55.466:"020F00680F00C3000000000006140200DF16"                            File: Line:0 Function: Type:Debug:
DateTime:2026-08-28 17:26:55.466:"透传报文内容:68 0f 00 c3 00 00 00 00 00 06 14 02 00 df 16"                            File: Line:0 Function: Type:Debug:
DateTime:2026-08-28 17:26:55.970:"uTimeSecond_ms:5000"                            File: Line:0 Function: Type:Debug:
DateTime:2026-08-28 17:26:55.970:"查找结果: iret=0, wStart=0, dwOutLen=24, dwStreamLen=39, dwFindPos=0"                            File: Line:0 Function: Type:Debug:
DateTime:2026-08-28 17:26:55.970:"Receive:<= 68 18 00 80 00 00 00 00 00 0F 53 10 00 05 03 01 10 00 16 19 00 00 3A 16"                            File: Line:0 Function: Type:Debug:
DateTime:2026-08-28 17:26:55.970:"解析：功能码-AFN=53H,Fn=5："                            File: Line:0 Function: Type:Debug:
DateTime:2026-08-28 17:26:55.970:"查找结果: iret=0, wStart=0, dwOutLen=15, dwStreamLen=15, dwFindPos=24"                            File: Line:0 Function: Type:Debug:
DateTime:2026-08-28 17:26:55.970:"Receive:<= 68 0F 00 C3 00 00 00 00 00 06 14 02 00 DF 16"                            File: Line:0 Function: Type:Debug:
DateTime:2026-08-28 17:26:55.970:"解析：功能码-AFN=14H,Fn=2："                            File: Line:0 Function: Type:Debug:
DateTime:2026-08-28 17:26:55.970:"Send(回复路由请求集中器时钟)：=> 68 15 00 03 00 00 00 00 00 06 14 02 00 55 26 17 28 08 26 07 16"                            File: Line:0 Function: Type:Debug:
DateTime:2026-08-28 17:26:55.970:"槽位2透传:68960096006840000000000022600000010002013C00681500030000000000061402005526172808260716A316"                            File: Line:0 Function: Type:Debug:
DateTime:2026-08-28 17:26:55.970:"工装发送：68 96 00 96 00 68 40 00 00 00 00 00 22 60 00 00 01 00 02 01 3C 00 68 15 00 03 00 00 00 00 00 06 14 02 00 55 26 17 28 08 26 07 16 A3 16"                            File: Line:0 Function: Type:Debug:
DateTime:2026-08-28 17:26:55.970:"通信对象类型:电能表通信模块,通信对象地址:191600100103,相位：未知"                            File: Line:0 Function: Type:Debug:
DateTime:2026-08-28 17:26:55.970:dll输出信息: ""                            File: Line:0 Function: Type:Debug:
DateTime:2026-08-28 17:26:55.970:接口函数调用成功，返回的结果为 0                            File: Line:0 Function: Type:Debug:
DateTime:2026-08-28 17:26:55.971:"外部传入的para：0，返回的result：0,返回的pValRet：0"                            File: Line:0 Function: Type:Debug:
DateTime:2026-08-28 17:26:55.971:"执行接口函数CCO_AFN53_F5完成"                            File: Line:0 Function: Type:Debug:
DateTime:2026-08-28 17:26:55.972:coorIndex 0                            File: Line:0 Function: Type:Debug:
DateTime:2026-08-28 17:26:55.972:当前流程结束                            File: Line:0 Function: Type:Debug:
DateTime:2026-08-28 17:26:55.972:退出connect函数                            File: Line:0 Function: Type:Debug:
DateTime:2026-08-28 17:26:55.972:"=========【Step12-本地通信模块通信信道信息(STA-类型为03-电表模块)(返回相位为未知)】结束=========="                            File: Line:0 Function: Type:Debug:
DateTime:2026-08-28 17:26:55.972:"-----------------------------"                            File: Line:0 Function: Type:Debug:
DateTime:2026-08-28 17:26:55.973:"=============执行【Step13-硬件复位】==================="                            File: Line:0 Function: Type:Debug:
DateTime:2026-08-28 17:26:55.973:"执行接口函数CCO_AFN51_F1"                            File: Line:0 Function: Type:Debug:
DateTime:2026-08-28 17:26:55.973:callWorkFunction: CCO_AFN51_F1                            File: Line:0 Function: Type:Debug:
DateTime:2026-08-28 17:26:55.973:找到对应函数，进入执行                            File: Line:0 Function: Type:Debug:
DateTime:2026-08-28 17:26:55.995:"工装接收：68 32 00 32 00 68 80 00 00 00 00 00 00 60 00 00 01 00 E1 16"                            File: Line:0 Function: Type:Debug:
DateTime:2026-08-28 17:26:55.995:"m_baRecvMsg:"                            File: Line:0 Function: Type:Debug:
DateTime:2026-08-28 17:26:55.995:"rameList.size():"                            File: Line:0 Function: Type:Debug:
DateTime:2026-08-28 17:26:55.995:"进入报文解析"                            File: Line:0 Function: Type:Debug:
DateTime:2026-08-28 17:26:55.995:"68 32 00 32 00 68 80 00 00 00 00 00 00 60 00 00 01 00 E1 16"                            File: Line:0 Function: Type:Debug:
DateTime:2026-08-28 17:26:55.995:"解码完成，功能码: 1"                            File: Line:0 Function: Type:Debug:
DateTime:2026-08-28 17:26:55.995:"工装回复确认帧"                            File: Line:0 Function: Type:Debug:
DateTime:2026-08-28 17:26:57.002:"等待工装回复超时"                            File: Line:0 Function: Type:Debug:
DateTime:2026-08-28 17:26:57.002:"开始组帧"                            File: Line:0 Function: Type:Debug:
DateTime:2026-08-28 17:26:57.002:"组帧结束"                            File: Line:0 Function: Type:Debug:
DateTime:2026-08-28 17:26:57.002:"367.2Send:硬件初始化(51H-F1)：=>68 0F 00 43 00 00 00 00 00 10 51 01 00 A5 16"                            File: Line:0 Function: Type:Debug:
DateTime:2026-08-28 17:26:57.002:"槽位2透传:687E007E006840000000000022600000010002013C00680F0043000000000010510100A516D916"                            File: Line:0 Function: Type:Debug:
DateTime:2026-08-28 17:26:57.002:"工装发送：68 7E 00 7E 00 68 40 00 00 00 00 00 22 60 00 00 01 00 02 01 3C 00 68 0F 00 43 00 00 00 00 00 10 51 01 00 A5 16 D9 16"                            File: Line:0 Function: Type:Debug:
DateTime:2026-08-28 17:26:57.020:"工装接收：68 32 00 32 00 68 80 00 00 00 00 00 00 60 00 00 01 00 E1 16"                            File: Line:0 Function: Type:Debug:
DateTime:2026-08-28 17:26:57.020:"m_baRecvMsg:"                            File: Line:0 Function: Type:Debug:
DateTime:2026-08-28 17:26:57.020:"frameList.size():1"                            File: Line:0 Function: Type:Debug:
DateTime:2026-08-28 17:26:57.020:"进入报文解析"                            File: Line:0 Function: Type:Debug:
DateTime:2026-08-28 17:26:57.020:"68 32 00 32 00 68 80 00 00 00 00 00 00 60 00 00 01 00 E1 16"                            File: Line:0 Function: Type:Debug:
DateTime:2026-08-28 17:26:57.020:"解码完成，功能码: 1"                            File: Line:0 Function: Type:Debug:
DateTime:2026-08-28 17:26:57.020:"工装回复确认帧"                            File: Line:0 Function: Type:Debug:
DateTime:2026-08-28 17:26:57.075:"工装接收：68 7A 00 7A 00 68 80 00 00 00 00 00 22 60 00 00 01 00 02 0F 00 68 0F 00 80 00 00 00 00 00 10 50 01 00 E1 16 63 16"                            File: Line:0 Function: Type:Debug:
DateTime:2026-08-28 17:26:57.075:"m_baRecvMsg:"                            File: Line:0 Function: Type:Debug:
DateTime:2026-08-28 17:26:57.075:"frameList.size():1"                            File: Line:0 Function: Type:Debug:
DateTime:2026-08-28 17:26:57.075:"进入报文解析"                            File: Line:0 Function: Type:Debug:
DateTime:2026-08-28 17:26:57.075:"68 7A 00 7A 00 68 80 00 00 00 00 00 22 60 00 00 01 00 02 0F 00 68 0F 00 80 00 00 00 00 00 10 50 01 00 E1 16 63 16"                            File: Line:0 Function: Type:Debug:
DateTime:2026-08-28 17:26:57.075:"解码完成，功能码: 4"                            File: Line:0 Function: Type:Debug:
DateTime:2026-08-28 17:26:57.075:"工装接收到透传报文"                            File: Line:0 Function: Type:Debug:
DateTime:2026-08-28 17:26:57.075:"020F00680F0080000000000010500100E116"                            File: Line:0 Function: Type:Debug:
DateTime:2026-08-28 17:26:57.075:"透传报文内容:68 0f 00 80 00 00 00 00 00 10 50 01 00 e1 16"                            File: Line:0 Function: Type:Debug:
DateTime:2026-08-28 17:27:00.097:"uTimeSecond_ms:5000"                            File: Line:0 Function: Type:Debug:
DateTime:2026-08-28 17:27:00.097:"查找结果: iret=0, wStart=0, dwOutLen=15, dwStreamLen=15, dwFindPos=0"                            File: Line:0 Function: Type:Debug:
DateTime:2026-08-28 17:27:00.097:"Receive:<= 68 0F 00 80 00 00 00 00 00 10 50 01 00 E1 16"                            File: Line:0 Function: Type:Debug:
DateTime:2026-08-28 17:27:00.097:"解析：功能码-AFN=50H,Fn=1："                            File: Line:0 Function: Type:Debug:
DateTime:2026-08-28 17:27:00.097:"硬件初始化成功"                            File: Line:0 Function: Type:Debug:
DateTime:2026-08-28 17:27:00.097:dll输出信息: ""                            File: Line:0 Function: Type:Debug:
DateTime:2026-08-28 17:27:00.097:接口函数调用成功，返回的结果为 0                            File: Line:0 Function: Type:Debug:
DateTime:2026-08-28 17:27:00.097:"外部传入的para：0，返回的result：0,返回的pValRet：0"                            File: Line:0 Function: Type:Debug:
DateTime:2026-08-28 17:27:00.097:"执行接口函数CCO_AFN51_F1完成"                            File: Line:0 Function: Type:Debug:
DateTime:2026-08-28 17:27:00.097:coorIndex 0                            File: Line:0 Function: Type:Debug:
DateTime:2026-08-28 17:27:00.097:当前流程结束                            File: Line:0 Function: Type:Debug:
DateTime:2026-08-28 17:27:00.097:退出connect函数                            File: Line:0 Function: Type:Debug:
DateTime:2026-08-28 17:27:00.097:"=========【Step13-硬件复位】结束=========="                            File: Line:0 Function: Type:Debug:
DateTime:2026-08-28 17:27:00.097:"-----------------------------"                            File: Line:0 Function: Type:Debug:
DateTime:2026-08-28 17:27:00.098:"=============执行【执行延时】==================="                            File: Line:0 Function: Type:Debug:
DateTime:2026-08-28 17:27:00.099:"执行接口函数Func_Delay"                            File: Line:0 Function: Type:Debug:
DateTime:2026-08-28 17:27:00.099:callWorkFunction: Func_Delay                            File: Line:0 Function: Type:Debug:
DateTime:2026-08-28 17:27:00.099:找到对应函数，进入执行                            File: Line:0 Function: Type:Debug:
DateTime:2026-08-28 17:27:00.099:"延时时间为60s"                            File: Line:0 Function: Type:Debug:
DateTime:2026-08-28 17:27:00.099:"uTimeSecond_ms:60000"                            File: Line:0 Function: Type:Debug:
DateTime:2026-08-28 17:27:03.121:"等待工装回复超时"                            File: Line:0 Function: Type:Debug:
DateTime:2026-08-28 17:27:06.143:"等待工装回复超时"                            File: Line:0 Function: Type:Debug:
DateTime:2026-08-28 17:27:09.164:"等待工装回复超时"                            File: Line:0 Function: Type:Debug:
DateTime:2026-08-28 17:27:12.186:"等待工装回复超时"                            File: Line:0 Function: Type:Debug:
DateTime:2026-08-28 17:27:15.208:"等待工装回复超时"                            File: Line:0 Function: Type:Debug:
DateTime:2026-08-28 17:27:18.230:"等待工装回复超时"                            File: Line:0 Function: Type:Debug:
DateTime:2026-08-28 17:27:21.252:"等待工装回复超时"                            File: Line:0 Function: Type:Debug:
DateTime:2026-08-28 17:27:24.274:"等待工装回复超时"                            File: Line:0 Function: Type:Debug:
DateTime:2026-08-28 17:27:27.296:"等待工装回复超时"                            File: Line:0 Function: Type:Debug:
DateTime:2026-08-28 17:27:30.318:"等待工装回复超时"                            File: Line:0 Function: Type:Debug:
DateTime:2026-08-28 17:27:33.340:"等待工装回复超时"                            File: Line:0 Function: Type:Debug:
DateTime:2026-08-28 17:27:36.362:"等待工装回复超时"                            File: Line:0 Function: Type:Debug:
DateTime:2026-08-28 17:27:39.384:"等待工装回复超时"                            File: Line:0 Function: Type:Debug:
DateTime:2026-08-28 17:27:42.406:"等待工装回复超时"                            File: Line:0 Function: Type:Debug:
DateTime:2026-08-28 17:27:45.427:"等待工装回复超时"                            File: Line:0 Function: Type:Debug:
DateTime:2026-08-28 17:27:48.449:"等待工装回复超时"                            File: Line:0 Function: Type:Debug:
DateTime:2026-08-28 17:27:51.471:"等待工装回复超时"                            File: Line:0 Function: Type:Debug:
DateTime:2026-08-28 17:27:54.493:"等待工装回复超时"                            File: Line:0 Function: Type:Debug:
DateTime:2026-08-28 17:27:57.515:"等待工装回复超时"                            File: Line:0 Function: Type:Debug:
DateTime:2026-08-28 17:27:59.837:"工装接收：68 9A 00 9A 00 68 80 00 00 00 00 00 22 60 00 00 01 00 02 17 00 68 17 00 C3 00 00 00 00 00 01 14 08 01 57 06 00 01 00 01 01 00 41 16 33 16"                            File: Line:0 Function: Type:Debug:
DateTime:2026-08-28 17:27:59.837:"m_baRecvMsg:"                            File: Line:0 Function: Type:Debug:
DateTime:2026-08-28 17:27:59.837:"rameList.size():"                            File: Line:0 Function: Type:Debug:
DateTime:2026-08-28 17:27:59.837:"进入报文解析"                            File: Line:0 Function: Type:Debug:
DateTime:2026-08-28 17:27:59.837:"68 9A 00 9A 00 68 80 00 00 00 00 00 22 60 00 00 01 00 02 17 00 68 17 00 C3 00 00 00 00 00 01 14 08 01 57 06 00 01 00 01 01 00 41 16 33 16"                            File: Line:0 Function: Type:Debug:
DateTime:2026-08-28 17:27:59.837:"解码完成，功能码: 4"                            File: Line:0 Function: Type:Debug:
DateTime:2026-08-28 17:27:59.837:"工装回复透传报文"                            File: Line:0 Function: Type:Debug:
DateTime:2026-08-28 17:27:59.837:"021700681700C300000000000114080157060001000101004116"                            File: Line:0 Function: Type:Debug:
DateTime:2026-08-28 17:27:59.837:"内容:68 17 00 c3 00 00 00 00 00 01 14 08 01 57 06 00 01 00 01 01 00 41 16"                            File: Line:0 Function: Type:Debug:
DateTime:2026-08-28 17:28:00.543:"等待工装回复超时"                            File: Line:0 Function: Type:Debug:
DateTime:2026-08-28 17:28:00.543:"延时时间到"                            File: Line:0 Function: Type:Debug:
DateTime:2026-08-28 17:28:00.644:dll输出信息: ""                            File: Line:0 Function: Type:Debug:
DateTime:2026-08-28 17:28:00.644:接口函数调用成功，返回的结果为 0                            File: Line:0 Function: Type:Debug:
DateTime:2026-08-28 17:28:00.644:"外部传入的para：0，返回的result：0,返回的pValRet：0"                            File: Line:0 Function: Type:Debug:
DateTime:2026-08-28 17:28:00.644:"执行接口函数Func_Delay完成"                            File: Line:0 Function: Type:Debug:
DateTime:2026-08-28 17:28:00.644:coorIndex 0                            File: Line:0 Function: Type:Debug:
DateTime:2026-08-28 17:28:00.644:当前流程结束                            File: Line:0 Function: Type:Debug:
DateTime:2026-08-28 17:28:00.644:退出connect函数                            File: Line:0 Function: Type:Debug:
DateTime:2026-08-28 17:28:00.645:"=========【执行延时】结束=========="                            File: Line:0 Function: Type:Debug:
DateTime:2026-08-28 17:28:00.645:"-----------------------------"                            File: Line:0 Function: Type:Debug:
DateTime:2026-08-28 17:28:00.645:"=============执行【Step14-查询载波从节点数量(数量为6)】==================="                            File: Line:0 Function: Type:Debug:
DateTime:2026-08-28 17:28:00.645:"执行接口函数CCO_AFN10_F1"                            File: Line:0 Function: Type:Debug:
DateTime:2026-08-28 17:28:00.645:callWorkFunction: CCO_AFN10_F1                            File: Line:0 Function: Type:Debug:
DateTime:2026-08-28 17:28:00.645:找到对应函数，进入执行                            File: Line:0 Function: Type:Debug:
DateTime:2026-08-28 17:28:01.148:"等待工装回复超时"                            File: Line:0 Function: Type:Debug:
DateTime:2026-08-28 17:28:01.148:"开始组帧"                            File: Line:0 Function: Type:Debug:
DateTime:2026-08-28 17:28:01.148:"组帧结束"                            File: Line:0 Function: Type:Debug:
DateTime:2026-08-28 17:28:01.148:"367.2Send:查询从节点数量(10H-F1)：=>68 0F 00 41 00 00 00 00 00 11 10 01 00 63 16"                            File: Line:0 Function: Type:Debug:
DateTime:2026-08-28 17:28:01.148:"槽位2透传:687E007E006840000000000022600000010002013C00680F004100000000001110010063165516"                            File: Line:0 Function: Type:Debug:
DateTime:2026-08-28 17:28:01.148:"工装发送：68 7E 00 7E 00 68 40 00 00 00 00 00 22 60 00 00 01 00 02 01 3C 00 68 0F 00 41 00 00 00 00 00 11 10 01 00 63 16 55 16"                            File: Line:0 Function: Type:Debug:
DateTime:2026-08-28 17:28:01.166:"工装接收：68 32 00 32 00 68 80 00 00 00 00 00 00 60 00 00 01 00 E1 16"                            File: Line:0 Function: Type:Debug:
DateTime:2026-08-28 17:28:01.166:"m_baRecvMsg:"                            File: Line:0 Function: Type:Debug:
DateTime:2026-08-28 17:28:01.166:"frameList.size():1"                            File: Line:0 Function: Type:Debug:
DateTime:2026-08-28 17:28:01.166:"进入报文解析"                            File: Line:0 Function: Type:Debug:
DateTime:2026-08-28 17:28:01.166:"68 32 00 32 00 68 80 00 00 00 00 00 00 60 00 00 01 00 E1 16"                            File: Line:0 Function: Type:Debug:
DateTime:2026-08-28 17:28:01.166:"解码完成，功能码: 1"                            File: Line:0 Function: Type:Debug:
DateTime:2026-08-28 17:28:01.166:"工装回复确认帧"                            File: Line:0 Function: Type:Debug:
DateTime:2026-08-28 17:28:01.211:"工装接收：68 8A 00 8A 00 68 80 00 00 00 00 00 22 60 00 00 01 00 02 13 00 68 13 00 83 00 00 00 00 00 11 10 01 00 06 00 F8 07 AA 16 FD 16"                            File: Line:0 Function: Type:Debug:
DateTime:2026-08-28 17:28:01.211:"m_baRecvMsg:"                            File: Line:0 Function: Type:Debug:
DateTime:2026-08-28 17:28:01.211:"frameList.size():1"                            File: Line:0 Function: Type:Debug:
DateTime:2026-08-28 17:28:01.211:"进入报文解析"                            File: Line:0 Function: Type:Debug:
DateTime:2026-08-28 17:28:01.211:"68 8A 00 8A 00 68 80 00 00 00 00 00 22 60 00 00 01 00 02 13 00 68 13 00 83 00 00 00 00 00 11 10 01 00 06 00 F8 07 AA 16 FD 16"                            File: Line:0 Function: Type:Debug:
DateTime:2026-08-28 17:28:01.211:"解码完成，功能码: 4"                            File: Line:0 Function: Type:Debug:
DateTime:2026-08-28 17:28:01.211:"工装接收到透传报文"                            File: Line:0 Function: Type:Debug:
DateTime:2026-08-28 17:28:01.211:"021300681300830000000000111001000600F807AA16"                            File: Line:0 Function: Type:Debug:
DateTime:2026-08-28 17:28:01.211:"透传报文内容:68 13 00 83 00 00 00 00 00 11 10 01 00 06 00 f8 07 aa 16"                            File: Line:0 Function: Type:Debug:
DateTime:2026-08-28 17:28:01.837:"工装接收：68 9A 00 9A 00 68 80 00 00 00 00 00 22 60 00 00 01 00 02 17 00 68 17 00 C3 00 00 00 00 00 02 14 08 01 57 06 02 01 00 01 01 00 44 16 39 16"                            File: Line:0 Function: Type:Debug:
DateTime:2026-08-28 17:28:01.837:"m_baRecvMsg:"                            File: Line:0 Function: Type:Debug:
DateTime:2026-08-28 17:28:01.837:"frameList.size():1"                            File: Line:0 Function: Type:Debug:
DateTime:2026-08-28 17:28:01.837:"进入报文解析"                            File: Line:0 Function: Type:Debug:
DateTime:2026-08-28 17:28:01.837:"68 9A 00 9A 00 68 80 00 00 00 00 00 22 60 00 00 01 00 02 17 00 68 17 00 C3 00 00 00 00 00 02 14 08 01 57 06 02 01 00 01 01 00 44 16 39 16"                            File: Line:0 Function: Type:Debug:
DateTime:2026-08-28 17:28:01.837:"解码完成，功能码: 4"                            File: Line:0 Function: Type:Debug:
DateTime:2026-08-28 17:28:01.837:"工装接收到透传报文"                            File: Line:0 Function: Type:Debug:
DateTime:2026-08-28 17:28:01.838:"021700681700C300000000000214080157060201000101004416"                            File: Line:0 Function: Type:Debug:
DateTime:2026-08-28 17:28:01.838:"透传报文内容:68 17 00 c3 00 00 00 00 00 02 14 08 01 57 06 02 01 00 01 01 00 44 16"                            File: Line:0 Function: Type:Debug:
DateTime:2026-08-28 17:28:03.827:"工装接收：68 7A 00 7A 00 68 80 00 00 00 00 00 22 60 00 00 01 00 02 0F 00 68 0F 00 C3 00 00 00 00 00 03 14 02 00 DC 16 59 16"                            File: Line:0 Function: Type:Debug:
DateTime:2026-08-28 17:28:03.827:"m_baRecvMsg:"                            File: Line:0 Function: Type:Debug:
DateTime:2026-08-28 17:28:03.827:"frameList.size():1"                            File: Line:0 Function: Type:Debug:
DateTime:2026-08-28 17:28:03.827:"进入报文解析"                            File: Line:0 Function: Type:Debug:
DateTime:2026-08-28 17:28:03.827:"68 7A 00 7A 00 68 80 00 00 00 00 00 22 60 00 00 01 00 02 0F 00 68 0F 00 C3 00 00 00 00 00 03 14 02 00 DC 16 59 16"                            File: Line:0 Function: Type:Debug:
DateTime:2026-08-28 17:28:03.827:"解码完成，功能码: 4"                            File: Line:0 Function: Type:Debug:
DateTime:2026-08-28 17:28:03.828:"工装接收到透传报文"                            File: Line:0 Function: Type:Debug:
DateTime:2026-08-28 17:28:03.828:"020F00680F00C3000000000003140200DC16"                            File: Line:0 Function: Type:Debug:
DateTime:2026-08-28 17:28:03.828:"透传报文内容:68 0f 00 c3 00 00 00 00 00 03 14 02 00 dc 16"                            File: Line:0 Function: Type:Debug:
DateTime:2026-08-28 17:28:04.231:"uTimeSecond_ms:5000"                            File: Line:0 Function: Type:Debug:
DateTime:2026-08-28 17:28:04.231:"查找结果: iret=0, wStart=0, dwOutLen=19, dwStreamLen=57, dwFindPos=0"                            File: Line:0 Function: Type:Debug:
DateTime:2026-08-28 17:28:04.231:"Receive:<= 68 13 00 83 00 00 00 00 00 11 10 01 00 06 00 F8 07 AA 16"                            File: Line:0 Function: Type:Debug:
DateTime:2026-08-28 17:28:04.231:"解析：功能码-AFN=10H,Fn=1："                            File: Line:0 Function: Type:Debug:
DateTime:2026-08-28 17:28:04.231:"查找结果: iret=0, wStart=0, dwOutLen=23, dwStreamLen=38, dwFindPos=19"                            File: Line:0 Function: Type:Debug:
DateTime:2026-08-28 17:28:04.231:"Receive:<= 68 17 00 C3 00 00 00 00 00 02 14 08 01 57 06 02 01 00 01 01 00 44 16"                            File: Line:0 Function: Type:Debug:
DateTime:2026-08-28 17:28:04.231:"解析：功能码-AFN=14H,Fn=12："                            File: Line:0 Function: Type:Debug:
DateTime:2026-08-28 17:28:04.231:"Send(14F12回复时钟请求)：=> 68 20 00 43 00 00 00 00 00 02 14 08 01 30 01 02 06 57 01 08 14 02 00 00 00 38 30 36 32 31 12 16"                            File: Line:0 Function: Type:Debug:
DateTime:2026-08-28 17:28:04.231:"槽位2透传:68C200C2006840000000000022600000010002013C006820004300000000000214080130010206570108140200000038303632311216C416"                            File: Line:0 Function: Type:Debug:
DateTime:2026-08-28 17:28:04.231:"工装发送：68 C2 00 C2 00 68 40 00 00 00 00 00 22 60 00 00 01 00 02 01 3C 00 68 20 00 43 00 00 00 00 00 02 14 08 01 30 01 02 06 57 01 08 14 02 00 00 00 38 30 36 32 31 12 16 C4 16"                            File: Line:0 Function: Type:Debug:
DateTime:2026-08-28 17:28:04.231:"查找结果: iret=0, wStart=0, dwOutLen=15, dwStreamLen=15, dwFindPos=42"                            File: Line:0 Function: Type:Debug:
DateTime:2026-08-28 17:28:04.231:"Receive:<= 68 0F 00 C3 00 00 00 00 00 03 14 02 00 DC 16"                            File: Line:0 Function: Type:Debug:
DateTime:2026-08-28 17:28:04.232:"解析：功能码-AFN=14H,Fn=2："                            File: Line:0 Function: Type:Debug:
DateTime:2026-08-28 17:28:04.232:"Send(回复路由请求集中器时钟)：=> 68 15 00 03 00 00 00 00 00 03 14 02 00 04 28 17 28 08 26 B5 16"                            File: Line:0 Function: Type:Debug:
DateTime:2026-08-28 17:28:04.232:"槽位2透传:68960096006840000000000022600000010002013C0068150003000000000003140200042817280826B516FF16"                            File: Line:0 Function: Type:Debug:
DateTime:2026-08-28 17:28:04.232:"工装发送：68 96 00 96 00 68 40 00 00 00 00 00 22 60 00 00 01 00 02 01 3C 00 68 15 00 03 00 00 00 00 00 03 14 02 00 04 28 17 28 08 26 B5 16 FF 16"                            File: Line:0 Function: Type:Debug:
DateTime:2026-08-28 17:28:04.232:"从节点数量：6,最大支持节点数：2040."                            File: Line:0 Function: Type:Debug:
DateTime:2026-08-28 17:28:04.232:dll输出信息: ""                            File: Line:0 Function: Type:Debug:
DateTime:2026-08-28 17:28:04.232:接口函数调用成功，返回的结果为 0                            File: Line:0 Function: Type:Debug:
DateTime:2026-08-28 17:28:04.232:"外部传入的para：0，返回的result：0,返回的pValRet：0"                            File: Line:0 Function: Type:Debug:
DateTime:2026-08-28 17:28:04.232:"执行接口函数CCO_AFN10_F1完成"                            File: Line:0 Function: Type:Debug:
DateTime:2026-08-28 17:28:04.233:coorIndex 0                            File: Line:0 Function: Type:Debug:
DateTime:2026-08-28 17:28:04.233:当前流程结束                            File: Line:0 Function: Type:Debug:
DateTime:2026-08-28 17:28:04.233:退出connect函数                            File: Line:0 Function: Type:Debug:
DateTime:2026-08-28 17:28:04.234:"=========【Step14-查询载波从节点数量(数量为6)】结束=========="                            File: Line:0 Function: Type:Debug:
DateTime:2026-08-28 17:28:04.234:"-----------------------------"                            File: Line:0 Function: Type:Debug:
DateTime:2026-08-28 17:28:04.236:"=============执行【Step15-数据转发-查询模块复位总次数(CCO_EB040201)(复位次数比上次增加1)】==================="                            File: Line:0 Function: Type:Debug:
DateTime:2026-08-28 17:28:04.237:"执行接口函数CCO_AFN52_F1_EB040201"                            File: Line:0 Function: Type:Debug:
DateTime:2026-08-28 17:28:04.237:callWorkFunction: CCO_AFN52_F1_EB040201                            File: Line:0 Function: Type:Debug:
DateTime:2026-08-28 17:28:04.237:找到对应函数，进入执行                            File: Line:0 Function: Type:Debug:
DateTime:2026-08-28 17:28:04.269:"工装接收：68 32 00 32 00 68 80 00 00 00 00 00 00 60 00 00 01 00 E1 16"                            File: Line:0 Function: Type:Debug:
DateTime:2026-08-28 17:28:04.269:"m_baRecvMsg:"                            File: Line:0 Function: Type:Debug:
DateTime:2026-08-28 17:28:04.269:"rameList.size():"                            File: Line:0 Function: Type:Debug:
DateTime:2026-08-28 17:28:04.269:"进入报文解析"                            File: Line:0 Function: Type:Debug:
DateTime:2026-08-28 17:28:04.269:"68 32 00 32 00 68 80 00 00 00 00 00 00 60 00 00 01 00 E1 16"                            File: Line:0 Function: Type:Debug:
DateTime:2026-08-28 17:28:04.269:"解码完成，功能码: 1"                            File: Line:0 Function: Type:Debug:
DateTime:2026-08-28 17:28:04.269:"工装回复确认帧"                            File: Line:0 Function: Type:Debug:
DateTime:2026-08-28 17:28:05.276:"等待工装回复超时"                            File: Line:0 Function: Type:Debug:
DateTime:2026-08-28 17:28:05.276:"开始组帧"                            File: Line:0 Function: Type:Debug:
DateTime:2026-08-28 17:28:05.276:"组帧结束"                            File: Line:0 Function: Type:Debug:
DateTime:2026-08-28 17:28:05.276:"367.2Send:数据转发(查询-模块复位总次数 EB040201)：=>68 2B 00 43 00 00 00 00 00 12 52 01 00 02 12 90 78 56 34 12 6B 8A E8 10 00 68 12 90 78 56 34 12 68 11 04 34 35 37 1E 59 16 15 16"                            File: Line:0 Function: Type:Debug:
DateTime:2026-08-28 17:28:05.276:"槽位2透传:68EE00EE006840000000000022600000010002013C00682B0043000000000012520100021290785634126B8AE81000681290785634126811043435371E59161516D516"                            File: Line:0 Function: Type:Debug:
DateTime:2026-08-28 17:28:05.276:"工装发送：68 EE 00 EE 00 68 40 00 00 00 00 00 22 60 00 00 01 00 02 01 3C 00 68 2B 00 43 00 00 00 00 00 12 52 01 00 02 12 90 78 56 34 12 6B 8A E8 10 00 68 12 90 78 56 34 12 68 11 04 34 35 37 1E 59 16 15 16 D5 16"                            File: Line:0 Function: Type:Debug:
DateTime:2026-08-28 17:28:05.326:"工装接收：68 32 00 32 00 68 80 00 00 00 00 00 00 60 00 00 01 00 E1 16"                            File: Line:0 Function: Type:Debug:
DateTime:2026-08-28 17:28:05.326:"m_baRecvMsg:"                            File: Line:0 Function: Type:Debug:
DateTime:2026-08-28 17:28:05.326:"frameList.size():1"                            File: Line:0 Function: Type:Debug:
DateTime:2026-08-28 17:28:05.327:"进入报文解析"                            File: Line:0 Function: Type:Debug:
DateTime:2026-08-28 17:28:05.327:"68 32 00 32 00 68 80 00 00 00 00 00 00 60 00 00 01 00 E1 16"                            File: Line:0 Function: Type:Debug:
DateTime:2026-08-28 17:28:05.327:"解码完成，功能码: 1"                            File: Line:0 Function: Type:Debug:
DateTime:2026-08-28 17:28:05.327:"工装回复确认帧"                            File: Line:0 Function: Type:Debug:
DateTime:2026-08-28 17:28:05.382:"工装接收：68 E6 00 E6 00 68 80 00 00 00 00 00 22 60 00 00 01 00 02 2A 00 68 2A 00 80 00 00 00 00 00 12 52 01 00 02 12 90 78 56 34 12 12 00 68 12 90 78 56 34 12 68 91 06 34 35 37 1E 74 33 82 16 C9 16 69 16"                            File: Line:0 Function: Type:Debug:
DateTime:2026-08-28 17:28:05.382:"m_baRecvMsg:"                            File: Line:0 Function: Type:Debug:
DateTime:2026-08-28 17:28:05.382:"frameList.size():1"                            File: Line:0 Function: Type:Debug:
DateTime:2026-08-28 17:28:05.382:"进入报文解析"                            File: Line:0 Function: Type:Debug:
DateTime:2026-08-28 17:28:05.382:"68 E6 00 E6 00 68 80 00 00 00 00 00 22 60 00 00 01 00 02 2A 00 68 2A 00 80 00 00 00 00 00 12 52 01 00 02 12 90 78 56 34 12 12 00 68 12 90 78 56 34 12 68 91 06 34 35 37 1E 74 33 82 16 C9 16 69 16"                            File: Line:0 Function: Type:Debug:
DateTime:2026-08-28 17:28:05.382:"解码完成，功能码: 4"                            File: Line:0 Function: Type:Debug:
DateTime:2026-08-28 17:28:05.382:"工装接收到透传报文"                            File: Line:0 Function: Type:Debug:
DateTime:2026-08-28 17:28:05.382:"022A00682A0080000000000012520100021290785634121200681290785634126891063435371E74338216C916"                            File: Line:0 Function: Type:Debug:
DateTime:2026-08-28 17:28:05.383:"透传报文内容:68 2a 00 80 00 00 00 00 00 12 52 01 00 02 12 90 78 56 34 12 12 00 68 12 90 78 56 34 12 68 91 06 34 35 37 1e 74 33 82 16 c9 16"                            File: Line:0 Function: Type:Debug:
DateTime:2026-08-28 17:28:08.304:"uTimeSecond_ms:30000"                            File: Line:0 Function: Type:Debug:
DateTime:2026-08-28 17:28:08.304:"查找结果: iret=0, wStart=0, dwOutLen=42, dwStreamLen=42, dwFindPos=0"                            File: Line:0 Function: Type:Debug:
DateTime:2026-08-28 17:28:08.304:"Receive:<= 68 2A 00 80 00 00 00 00 00 12 52 01 00 02 12 90 78 56 34 12 12 00 68 12 90 78 56 34 12 68 91 06 34 35 37 1E 74 33 82 16 C9 16"                            File: Line:0 Function: Type:Debug:
DateTime:2026-08-28 17:28:08.304:"解析：功能码-AFN=52H,Fn=1："                            File: Line:0 Function: Type:Debug:
DateTime:2026-08-28 17:28:08.304:"透传回复内容：021290785634121200681290785634126891063435371E74338216"                            File: Line:0 Function: Type:Debug:
DateTime:2026-08-28 17:28:08.304:"DL/T645-2007协议 回复报文信息：控制码：91,数据标识：EB040201，数据域(需倒序解析)：4100"                            File: Line:0 Function: Type:Debug:
DateTime:2026-08-28 17:28:08.304:"模块复位总次数：65"                            File: Line:0 Function: Type:Debug:
DateTime:2026-08-28 17:28:08.304:dll输出信息: ""                            File: Line:0 Function: Type:Debug:
DateTime:2026-08-28 17:28:08.304:接口函数调用成功，返回的结果为 0                            File: Line:0 Function: Type:Debug:
DateTime:2026-08-28 17:28:08.304:"外部传入的para：0，返回的result：0,返回的pValRet：0"                            File: Line:0 Function: Type:Debug:
DateTime:2026-08-28 17:28:08.304:"执行接口函数CCO_AFN52_F1_EB040201完成"                            File: Line:0 Function: Type:Debug:
DateTime:2026-08-28 17:28:08.306:coorIndex 0                            File: Line:0 Function: Type:Debug:
DateTime:2026-08-28 17:28:08.306:当前流程结束                            File: Line:0 Function: Type:Debug:
DateTime:2026-08-28 17:28:08.306:退出connect函数                            File: Line:0 Function: Type:Debug:
DateTime:2026-08-28 17:28:08.306:"=========【Step15-数据转发-查询模块复位总次数(CCO_EB040201)(复位次数比上次增加1)】结束=========="                            File: Line:0 Function: Type:Debug:
DateTime:2026-08-28 17:28:08.306:"-----------------------------"                            File: Line:0 Function: Type:Debug:
DateTime:2026-08-28 17:28:08.306:"=============执行【Step16-参数区初始化】==================="                            File: Line:0 Function: Type:Debug:
DateTime:2026-08-28 17:28:08.307:"执行接口函数CCO_AFN51_F2"                            File: Line:0 Function: Type:Debug:
DateTime:2026-08-28 17:28:08.307:callWorkFunction: CCO_AFN51_F2                            File: Line:0 Function: Type:Debug:
DateTime:2026-08-28 17:28:08.307:找到对应函数，进入执行                            File: Line:0 Function: Type:Debug:
DateTime:2026-08-28 17:28:08.811:"等待工装回复超时"                            File: Line:0 Function: Type:Debug:
DateTime:2026-08-28 17:28:08.811:"开始组帧"                            File: Line:0 Function: Type:Debug:
DateTime:2026-08-28 17:28:08.811:"组帧结束"                            File: Line:0 Function: Type:Debug:
DateTime:2026-08-28 17:28:08.811:"367.2Send:参数初始化(51H-F2)：=>68 0F 00 43 00 00 00 00 00 13 51 02 00 A9 16"                            File: Line:0 Function: Type:Debug:
DateTime:2026-08-28 17:28:08.811:"槽位2透传:687E007E006840000000000022600000010002013C00680F0043000000000013510200A916E116"                            File: Line:0 Function: Type:Debug:
DateTime:2026-08-28 17:28:08.811:"工装发送：68 7E 00 7E 00 68 40 00 00 00 00 00 22 60 00 00 01 00 02 01 3C 00 68 0F 00 43 00 00 00 00 00 13 51 02 00 A9 16 E1 16"                            File: Line:0 Function: Type:Debug:
DateTime:2026-08-28 17:28:08.829:"工装接收：68 32 00 32 00 68 80 00 00 00 00 00 00 60 00 00 01 00 E1 16"                            File: Line:0 Function: Type:Debug:
DateTime:2026-08-28 17:28:08.829:"m_baRecvMsg:"                            File: Line:0 Function: Type:Debug:
DateTime:2026-08-28 17:28:08.829:"frameList.size():1"                            File: Line:0 Function: Type:Debug:
DateTime:2026-08-28 17:28:08.829:"进入报文解析"                            File: Line:0 Function: Type:Debug:
DateTime:2026-08-28 17:28:08.829:"68 32 00 32 00 68 80 00 00 00 00 00 00 60 00 00 01 00 E1 16"                            File: Line:0 Function: Type:Debug:
DateTime:2026-08-28 17:28:08.829:"解码完成，功能码: 1"                            File: Line:0 Function: Type:Debug:
DateTime:2026-08-28 17:28:08.829:"工装回复确认帧"                            File: Line:0 Function: Type:Debug:
DateTime:2026-08-28 17:28:08.884:"工装接收：68 7A 00 7A 00 68 80 00 00 00 00 00 22 60 00 00 01 00 02 0F 00 68 0F 00 80 00 00 00 00 00 13 50 01 00 E4 16 69 16"                            File: Line:0 Function: Type:Debug:
DateTime:2026-08-28 17:28:08.884:"m_baRecvMsg:"                            File: Line:0 Function: Type:Debug:
DateTime:2026-08-28 17:28:08.884:"frameList.size():1"                            File: Line:0 Function: Type:Debug:
DateTime:2026-08-28 17:28:08.884:"进入报文解析"                            File: Line:0 Function: Type:Debug:
DateTime:2026-08-28 17:28:08.884:"68 7A 00 7A 00 68 80 00 00 00 00 00 22 60 00 00 01 00 02 0F 00 68 0F 00 80 00 00 00 00 00 13 50 01 00 E4 16 69 16"                            File: Line:0 Function: Type:Debug:
DateTime:2026-08-28 17:28:08.884:"解码完成，功能码: 4"                            File: Line:0 Function: Type:Debug:
DateTime:2026-08-28 17:28:08.884:"工装接收到透传报文"                            File: Line:0 Function: Type:Debug:
DateTime:2026-08-28 17:28:08.884:"020F00680F0080000000000013500100E416"                            File: Line:0 Function: Type:Debug:
DateTime:2026-08-28 17:28:08.884:"透传报文内容:68 0f 00 80 00 00 00 00 00 13 50 01 00 e4 16"                            File: Line:0 Function: Type:Debug:
DateTime:2026-08-28 17:28:11.906:"uTimeSecond_ms:20000"                            File: Line:0 Function: Type:Debug:
DateTime:2026-08-28 17:28:11.906:"查找结果: iret=0, wStart=0, dwOutLen=15, dwStreamLen=15, dwFindPos=0"                            File: Line:0 Function: Type:Debug:
DateTime:2026-08-28 17:28:11.906:"Receive:<= 68 0F 00 80 00 00 00 00 00 13 50 01 00 E4 16"                            File: Line:0 Function: Type:Debug:
DateTime:2026-08-28 17:28:11.906:"解析：功能码-AFN=50H,Fn=1："                            File: Line:0 Function: Type:Debug:
DateTime:2026-08-28 17:28:11.906:"参数区初始化成功"                            File: Line:0 Function: Type:Debug:
DateTime:2026-08-28 17:28:11.906:dll输出信息: ""                            File: Line:0 Function: Type:Debug:
DateTime:2026-08-28 17:28:11.906:接口函数调用成功，返回的结果为 0                            File: Line:0 Function: Type:Debug:
DateTime:2026-08-28 17:28:11.906:"外部传入的para：0，返回的result：0,返回的pValRet：0"                            File: Line:0 Function: Type:Debug:
DateTime:2026-08-28 17:28:11.906:"执行接口函数CCO_AFN51_F2完成"                            File: Line:0 Function: Type:Debug:
DateTime:2026-08-28 17:28:11.907:coorIndex 0                            File: Line:0 Function: Type:Debug:
DateTime:2026-08-28 17:28:11.908:当前流程结束                            File: Line:0 Function: Type:Debug:
DateTime:2026-08-28 17:28:11.908:退出connect函数                            File: Line:0 Function: Type:Debug:
DateTime:2026-08-28 17:28:11.908:"=========【Step16-参数区初始化】结束=========="                            File: Line:0 Function: Type:Debug:
DateTime:2026-08-28 17:28:11.908:"-----------------------------"                            File: Line:0 Function: Type:Debug:
DateTime:2026-08-28 17:28:11.908:"=============执行【执行延时】==================="                            File: Line:0 Function: Type:Debug:
DateTime:2026-08-28 17:28:11.908:"执行接口函数Func_Delay"                            File: Line:0 Function: Type:Debug:
DateTime:2026-08-28 17:28:11.908:callWorkFunction: Func_Delay                            File: Line:0 Function: Type:Debug:
DateTime:2026-08-28 17:28:11.908:找到对应函数，进入执行                            File: Line:0 Function: Type:Debug:
DateTime:2026-08-28 17:28:11.909:"延时时间为5s"                            File: Line:0 Function: Type:Debug:
DateTime:2026-08-28 17:28:11.909:"uTimeSecond_ms:5000"                            File: Line:0 Function: Type:Debug:
DateTime:2026-08-28 17:28:14.931:"等待工装回复超时"                            File: Line:0 Function: Type:Debug:
DateTime:2026-08-28 17:28:17.953:"等待工装回复超时"                            File: Line:0 Function: Type:Debug:
DateTime:2026-08-28 17:28:17.953:"延时时间到"                            File: Line:0 Function: Type:Debug:
DateTime:2026-08-28 17:28:18.053:dll输出信息: ""                            File: Line:0 Function: Type:Debug:
DateTime:2026-08-28 17:28:18.053:接口函数调用成功，返回的结果为 0                            File: Line:0 Function: Type:Debug:
DateTime:2026-08-28 17:28:18.053:"外部传入的para：0，返回的result：0,返回的pValRet：0"                            File: Line:0 Function: Type:Debug:
DateTime:2026-08-28 17:28:18.053:"执行接口函数Func_Delay完成"                            File: Line:0 Function: Type:Debug:
DateTime:2026-08-28 17:28:18.053:coorIndex 0                            File: Line:0 Function: Type:Debug:
DateTime:2026-08-28 17:28:18.053:当前流程结束                            File: Line:0 Function: Type:Debug:
DateTime:2026-08-28 17:28:18.053:退出connect函数                            File: Line:0 Function: Type:Debug:
DateTime:2026-08-28 17:28:18.054:"=========【执行延时】结束=========="                            File: Line:0 Function: Type:Debug:
DateTime:2026-08-28 17:28:18.054:"-----------------------------"                            File: Line:0 Function: Type:Debug:
DateTime:2026-08-28 17:28:18.055:"=============执行【Step17-查询载波从节点数量(数量为6)】==================="                            File: Line:0 Function: Type:Debug:
DateTime:2026-08-28 17:28:18.055:"执行接口函数CCO_AFN10_F1"                            File: Line:0 Function: Type:Debug:
DateTime:2026-08-28 17:28:18.055:callWorkFunction: CCO_AFN10_F1                            File: Line:0 Function: Type:Debug:
DateTime:2026-08-28 17:28:18.055:找到对应函数，进入执行                            File: Line:0 Function: Type:Debug:
DateTime:2026-08-28 17:28:18.559:"等待工装回复超时"                            File: Line:0 Function: Type:Debug:
DateTime:2026-08-28 17:28:18.559:"开始组帧"                            File: Line:0 Function: Type:Debug:
DateTime:2026-08-28 17:28:18.559:"组帧结束"                            File: Line:0 Function: Type:Debug:
DateTime:2026-08-28 17:28:18.559:"367.2Send:查询从节点数量(10H-F1)：=>68 0F 00 41 00 00 00 00 00 14 10 01 00 66 16"                            File: Line:0 Function: Type:Debug:
DateTime:2026-08-28 17:28:18.559:"槽位2透传:687E007E006840000000000022600000010002013C00680F004100000000001410010066165B16"                            File: Line:0 Function: Type:Debug:
DateTime:2026-08-28 17:28:18.559:"工装发送：68 7E 00 7E 00 68 40 00 00 00 00 00 22 60 00 00 01 00 02 01 3C 00 68 0F 00 41 00 00 00 00 00 14 10 01 00 66 16 5B 16"                            File: Line:0 Function: Type:Debug:
DateTime:2026-08-28 17:28:18.577:"工装接收：68 32 00 32 00 68 80 00 00 00 00 00 00 60 00 00 01 00 E1 16"                            File: Line:0 Function: Type:Debug:
DateTime:2026-08-28 17:28:18.577:"m_baRecvMsg:"                            File: Line:0 Function: Type:Debug:
DateTime:2026-08-28 17:28:18.577:"frameList.size():1"                            File: Line:0 Function: Type:Debug:
DateTime:2026-08-28 17:28:18.577:"进入报文解析"                            File: Line:0 Function: Type:Debug:
DateTime:2026-08-28 17:28:18.577:"68 32 00 32 00 68 80 00 00 00 00 00 00 60 00 00 01 00 E1 16"                            File: Line:0 Function: Type:Debug:
DateTime:2026-08-28 17:28:18.577:"解码完成，功能码: 1"                            File: Line:0 Function: Type:Debug:
DateTime:2026-08-28 17:28:18.577:"工装回复确认帧"                            File: Line:0 Function: Type:Debug:
DateTime:2026-08-28 17:28:18.633:"工装接收：68 8A 00 8A 00 68 80 00 00 00 00 00 22 60 00 00 01 00 02 13 00 68 13 00 83 00 00 00 00 00 14 10 01 00 00 00 F8 07 A7 16 F7 16"                            File: Line:0 Function: Type:Debug:
DateTime:2026-08-28 17:28:18.633:"m_baRecvMsg:"                            File: Line:0 Function: Type:Debug:
DateTime:2026-08-28 17:28:18.633:"frameList.size():1"                            File: Line:0 Function: Type:Debug:
DateTime:2026-08-28 17:28:18.633:"进入报文解析"                            File: Line:0 Function: Type:Debug:
DateTime:2026-08-28 17:28:18.633:"68 8A 00 8A 00 68 80 00 00 00 00 00 22 60 00 00 01 00 02 13 00 68 13 00 83 00 00 00 00 00 14 10 01 00 00 00 F8 07 A7 16 F7 16"                            File: Line:0 Function: Type:Debug:
DateTime:2026-08-28 17:28:18.633:"解码完成，功能码: 4"                            File: Line:0 Function: Type:Debug:
DateTime:2026-08-28 17:28:18.633:"工装接收到透传报文"                            File: Line:0 Function: Type:Debug:
DateTime:2026-08-28 17:28:18.633:"021300681300830000000000141001000000F807A716"                            File: Line:0 Function: Type:Debug:
DateTime:2026-08-28 17:28:18.633:"透传报文内容:68 13 00 83 00 00 00 00 00 14 10 01 00 00 00 f8 07 a7 16"                            File: Line:0 Function: Type:Debug:
DateTime:2026-08-28 17:28:21.655:"uTimeSecond_ms:5000"                            File: Line:0 Function: Type:Debug:
DateTime:2026-08-28 17:28:21.655:"查找结果: iret=0, wStart=0, dwOutLen=19, dwStreamLen=19, dwFindPos=0"                            File: Line:0 Function: Type:Debug:
DateTime:2026-08-28 17:28:21.655:"Receive:<= 68 13 00 83 00 00 00 00 00 14 10 01 00 00 00 F8 07 A7 16"                            File: Line:0 Function: Type:Debug:
DateTime:2026-08-28 17:28:21.655:"解析：功能码-AFN=10H,Fn=1："                            File: Line:0 Function: Type:Debug:
DateTime:2026-08-28 17:28:21.655:"从节点数量：0,最大支持节点数：2040."                            File: Line:0 Function: Type:Debug:
DateTime:2026-08-28 17:28:21.655:dll输出信息: ""                            File: Line:0 Function: Type:Debug:
DateTime:2026-08-28 17:28:21.655:接口函数调用成功，返回的结果为 0                            File: Line:0 Function: Type:Debug:
DateTime:2026-08-28 17:28:21.655:"外部传入的para：0，返回的result：0,返回的pValRet：0"                            File: Line:0 Function: Type:Debug:
DateTime:2026-08-28 17:28:21.655:"执行接口函数CCO_AFN10_F1完成"                            File: Line:0 Function: Type:Debug:
DateTime:2026-08-28 17:28:21.656:coorIndex 0                            File: Line:0 Function: Type:Debug:
DateTime:2026-08-28 17:28:21.656:当前流程结束                            File: Line:0 Function: Type:Debug:
DateTime:2026-08-28 17:28:21.656:退出connect函数                            File: Line:0 Function: Type:Debug:
DateTime:2026-08-28 17:28:21.656:"=========【Step17-查询载波从节点数量(数量为6)】结束=========="                            File: Line:0 Function: Type:Debug:
DateTime:2026-08-28 17:28:21.657:"-----------------------------"                            File: Line:0 Function: Type:Debug:
DateTime:2026-08-28 17:28:21.657:"=============执行【Step18-AFN52F1数据转发-查询模块复位总次数(CCO_EB040201)(复位次数未变化)】==================="                            File: Line:0 Function: Type:Debug:
DateTime:2026-08-28 17:28:21.657:"执行接口函数CCO_AFN52_F1_EB040201"                            File: Line:0 Function: Type:Debug:
DateTime:2026-08-28 17:28:21.657:callWorkFunction: CCO_AFN52_F1_EB040201                            File: Line:0 Function: Type:Debug:
DateTime:2026-08-28 17:28:21.657:找到对应函数，进入执行                            File: Line:0 Function: Type:Debug:
DateTime:2026-08-28 17:28:22.160:"等待工装回复超时"                            File: Line:0 Function: Type:Debug:
DateTime:2026-08-28 17:28:22.160:"开始组帧"                            File: Line:0 Function: Type:Debug:
DateTime:2026-08-28 17:28:22.160:"组帧结束"                            File: Line:0 Function: Type:Debug:
DateTime:2026-08-28 17:28:22.160:"367.2Send:数据转发(查询-模块复位总次数 EB040201)：=>68 2B 00 43 00 00 00 00 00 15 52 01 00 02 12 90 78 56 34 12 6B 8A E8 10 00 68 12 90 78 56 34 12 68 11 04 34 35 37 1E 59 16 18 16"                            File: Line:0 Function: Type:Debug:
DateTime:2026-08-28 17:28:22.160:"槽位2透传:68EE00EE006840000000000022600000010002013C00682B0043000000000015520100021290785634126B8AE81000681290785634126811043435371E59161816DB16"                            File: Line:0 Function: Type:Debug:
DateTime:2026-08-28 17:28:22.160:"工装发送：68 EE 00 EE 00 68 40 00 00 00 00 00 22 60 00 00 01 00 02 01 3C 00 68 2B 00 43 00 00 00 00 00 15 52 01 00 02 12 90 78 56 34 12 6B 8A E8 10 00 68 12 90 78 56 34 12 68 11 04 34 35 37 1E 59 16 18 16 DB 16"                            File: Line:0 Function: Type:Debug:
DateTime:2026-08-28 17:28:22.210:"工装接收：68 32 00 32 00 68 80 00 00 00 00 00 00 60 00 00 01 00 E1 16"                            File: Line:0 Function: Type:Debug:
DateTime:2026-08-28 17:28:22.210:"m_baRecvMsg:"                            File: Line:0 Function: Type:Debug:
DateTime:2026-08-28 17:28:22.210:"frameList.size():1"                            File: Line:0 Function: Type:Debug:
DateTime:2026-08-28 17:28:22.210:"进入报文解析"                            File: Line:0 Function: Type:Debug:
DateTime:2026-08-28 17:28:22.210:"68 32 00 32 00 68 80 00 00 00 00 00 00 60 00 00 01 00 E1 16"                            File: Line:0 Function: Type:Debug:
DateTime:2026-08-28 17:28:22.211:"解码完成，功能码: 1"                            File: Line:0 Function: Type:Debug:
DateTime:2026-08-28 17:28:22.211:"工装回复确认帧"                            File: Line:0 Function: Type:Debug:
DateTime:2026-08-28 17:28:22.266:"工装接收：68 E6 00 E6 00 68 80 00 00 00 00 00 22 60 00 00 01 00 02 2A 00 68 2A 00 80 00 00 00 00 00 15 52 01 00 02 12 90 78 56 34 12 12 00 68 12 90 78 56 34 12 68 91 06 34 35 37 1E 74 33 82 16 CC 16 6F 16"                            File: Line:0 Function: Type:Debug:
DateTime:2026-08-28 17:28:22.266:"m_baRecvMsg:"                            File: Line:0 Function: Type:Debug:
DateTime:2026-08-28 17:28:22.266:"frameList.size():1"                            File: Line:0 Function: Type:Debug:
DateTime:2026-08-28 17:28:22.266:"进入报文解析"                            File: Line:0 Function: Type:Debug:
DateTime:2026-08-28 17:28:22.266:"68 E6 00 E6 00 68 80 00 00 00 00 00 22 60 00 00 01 00 02 2A 00 68 2A 00 80 00 00 00 00 00 15 52 01 00 02 12 90 78 56 34 12 12 00 68 12 90 78 56 34 12 68 91 06 34 35 37 1E 74 33 82 16 CC 16 6F 16"                            File: Line:0 Function: Type:Debug:
DateTime:2026-08-28 17:28:22.266:"解码完成，功能码: 4"                            File: Line:0 Function: Type:Debug:
DateTime:2026-08-28 17:28:22.266:"工装接收到透传报文"                            File: Line:0 Function: Type:Debug:
DateTime:2026-08-28 17:28:22.266:"022A00682A0080000000000015520100021290785634121200681290785634126891063435371E74338216CC16"                            File: Line:0 Function: Type:Debug:
DateTime:2026-08-28 17:28:22.266:"透传报文内容:68 2a 00 80 00 00 00 00 00 15 52 01 00 02 12 90 78 56 34 12 12 00 68 12 90 78 56 34 12 68 91 06 34 35 37 1e 74 33 82 16 cc 16"                            File: Line:0 Function: Type:Debug:
DateTime:2026-08-28 17:28:25.187:"uTimeSecond_ms:30000"                            File: Line:0 Function: Type:Debug:
DateTime:2026-08-28 17:28:25.187:"查找结果: iret=0, wStart=0, dwOutLen=42, dwStreamLen=42, dwFindPos=0"                            File: Line:0 Function: Type:Debug:
DateTime:2026-08-28 17:28:25.187:"Receive:<= 68 2A 00 80 00 00 00 00 00 15 52 01 00 02 12 90 78 56 34 12 12 00 68 12 90 78 56 34 12 68 91 06 34 35 37 1E 74 33 82 16 CC 16"                            File: Line:0 Function: Type:Debug:
DateTime:2026-08-28 17:28:25.187:"解析：功能码-AFN=52H,Fn=1："                            File: Line:0 Function: Type:Debug:
DateTime:2026-08-28 17:28:25.187:"透传回复内容：021290785634121200681290785634126891063435371E74338216"                            File: Line:0 Function: Type:Debug:
DateTime:2026-08-28 17:28:25.187:"DL/T645-2007协议 回复报文信息：控制码：91,数据标识：EB040201，数据域(需倒序解析)：4100"                            File: Line:0 Function: Type:Debug:
DateTime:2026-08-28 17:28:25.187:"模块复位总次数：65"                            File: Line:0 Function: Type:Debug:
DateTime:2026-08-28 17:28:25.187:dll输出信息: ""                            File: Line:0 Function: Type:Debug:
DateTime:2026-08-28 17:28:25.187:接口函数调用成功，返回的结果为 0                            File: Line:0 Function: Type:Debug:
DateTime:2026-08-28 17:28:25.187:"外部传入的para：0，返回的result：0,返回的pValRet：0"                            File: Line:0 Function: Type:Debug:
DateTime:2026-08-28 17:28:25.187:"执行接口函数CCO_AFN52_F1_EB040201完成"                            File: Line:0 Function: Type:Debug:
DateTime:2026-08-28 17:28:25.189:coorIndex 0                            File: Line:0 Function: Type:Debug:
DateTime:2026-08-28 17:28:25.189:当前流程结束                            File: Line:0 Function: Type:Debug:
DateTime:2026-08-28 17:28:25.189:退出connect函数                            File: Line:0 Function: Type:Debug:
DateTime:2026-08-28 17:28:25.189:"=========【Step18-AFN52F1数据转发-查询模块复位总次数(CCO_EB040201)(复位次数未变化)】结束=========="                            File: Line:0 Function: Type:Debug:
DateTime:2026-08-28 17:28:25.189:"-----------------------------"                            File: Line:0 Function: Type:Debug:
DateTime:2026-08-28 17:28:25.202:"=============执行【测试结束EB031101清空从节点档案】==================="                            File: Line:0 Function: Type:Debug:
DateTime:2026-08-28 17:28:25.202:"执行接口函数CCO_AFN52_F1_EB031101_set"                            File: Line:0 Function: Type:Debug:
DateTime:2026-08-28 17:28:25.203:callWorkFunction: CCO_AFN52_F1_EB031101_set                            File: Line:0 Function: Type:Debug:
DateTime:2026-08-28 17:28:25.203:找到对应函数，进入执行                            File: Line:0 Function: Type:Debug:
DateTime:2026-08-28 17:28:25.707:"等待工装回复超时"                            File: Line:0 Function: Type:Debug:
DateTime:2026-08-28 17:28:25.707:"开始组帧"                            File: Line:0 Function: Type:Debug:
DateTime:2026-08-28 17:28:25.707:"组帧结束"                            File: Line:0 Function: Type:Debug:
DateTime:2026-08-28 17:28:25.707:"367.2Send:数据转发(设置-从节点档案清单管理-删除表,EB031101)：=>68 59 00 43 00 00 00 00 00 16 52 01 00 02 12 90 78 56 34 12 6B 8A E8 3E 00 68 12 90 78 56 34 12 68 14 32 34 44 36 1E 3B 33 33 33 44 44 44 44 33 39 36 34 43 33 49 4C 37 34 43 33 49 4C 38 34 43 33 49 4C 39 34 43 33 49 4C 3A 34 43 33 49 4C 3B 34 43 33 49 4C B5 16 FF 16"                            File: Line:0 Function: Type:Debug:
DateTime:2026-08-28 17:28:25.707:"槽位2透传:68A601A6016840000000000022600000010002013C0068590043000000000016520100021290785634126B8AE83E00681290785634126814323444361E3B33333344444444333936344333494C37344333494C38344333494C39344333494C3A344333494C3B344333494CB516FF16D716"                            File: Line:0 Function: Type:Debug:
DateTime:2026-08-28 17:28:25.707:"工装发送：68 A6 01 A6 01 68 40 00 00 00 00 00 22 60 00 00 01 00 02 01 3C 00 68 59 00 43 00 00 00 00 00 16 52 01 00 02 12 90 78 56 34 12 6B 8A E8 3E 00 68 12 90 78 56 34 12 68 14 32 34 44 36 1E 3B 33 33 33 44 44 44 44 33 39 36 34 43 33 49 4C 37 34 43 33 49 4C 38 34 43 33 49 4C 39 34 43 33 49 4C 3A 34 43 33 49 4C 3B 34 43 33 49 4C B5 16 FF 16 D7 16"                            File: Line:0 Function: Type:Debug:
DateTime:2026-08-28 17:28:25.811:"工装接收：68 32 00 32 00 68 80 00 00 00 00 00 00 60 00 00 01 00 E1 16"                            File: Line:0 Function: Type:Debug:
DateTime:2026-08-28 17:28:25.811:"m_baRecvMsg:"                            File: Line:0 Function: Type:Debug:
DateTime:2026-08-28 17:28:25.811:"frameList.size():1"                            File: Line:0 Function: Type:Debug:
DateTime:2026-08-28 17:28:25.811:"进入报文解析"                            File: Line:0 Function: Type:Debug:
DateTime:2026-08-28 17:28:25.811:"68 32 00 32 00 68 80 00 00 00 00 00 00 60 00 00 01 00 E1 16"                            File: Line:0 Function: Type:Debug:
DateTime:2026-08-28 17:28:25.811:"解码完成，功能码: 1"                            File: Line:0 Function: Type:Debug:
DateTime:2026-08-28 17:28:25.811:"工装回复确认帧"                            File: Line:0 Function: Type:Debug:
DateTime:2026-08-28 17:28:25.863:"工装接收：68 D2 00 D2 00 68 80 00 00 00 00 00 22 60 00 00 01 00 02 25 00 68 25 00 80 00 00 00 00 00 16 52 01 00 02 12 90 78 56 34 12 0D 00 68 12 90 78 56 34 12 68 D4 01 34 8F 16 E2 16 91 16"                            File: Line:0 Function: Type:Debug:
DateTime:2026-08-28 17:28:25.863:"m_baRecvMsg:"                            File: Line:0 Function: Type:Debug:
DateTime:2026-08-28 17:28:25.863:"frameList.size():1"                            File: Line:0 Function: Type:Debug:
DateTime:2026-08-28 17:28:25.863:"进入报文解析"                            File: Line:0 Function: Type:Debug:
DateTime:2026-08-28 17:28:25.863:"68 D2 00 D2 00 68 80 00 00 00 00 00 22 60 00 00 01 00 02 25 00 68 25 00 80 00 00 00 00 00 16 52 01 00 02 12 90 78 56 34 12 0D 00 68 12 90 78 56 34 12 68 D4 01 34 8F 16 E2 16 91 16"                            File: Line:0 Function: Type:Debug:
DateTime:2026-08-28 17:28:25.863:"解码完成，功能码: 4"                            File: Line:0 Function: Type:Debug:
DateTime:2026-08-28 17:28:25.863:"工装接收到透传报文"                            File: Line:0 Function: Type:Debug:
DateTime:2026-08-28 17:28:25.864:"02250068250080000000000016520100021290785634120D006812907856341268D401348F16E216"                            File: Line:0 Function: Type:Debug:
DateTime:2026-08-28 17:28:25.864:"透传报文内容:68 25 00 80 00 00 00 00 00 16 52 01 00 02 12 90 78 56 34 12 0d 00 68 12 90 78 56 34 12 68 d4 01 34 8f 16 e2 16"                            File: Line:0 Function: Type:Debug:
DateTime:2026-08-28 17:28:28.786:"uTimeSecond_ms:30000"                            File: Line:0 Function: Type:Debug:
DateTime:2026-08-28 17:28:28.786:"查找结果: iret=0, wStart=0, dwOutLen=37, dwStreamLen=37, dwFindPos=0"                            File: Line:0 Function: Type:Debug:
DateTime:2026-08-28 17:28:28.786:"Receive:<= 68 25 00 80 00 00 00 00 00 16 52 01 00 02 12 90 78 56 34 12 0D 00 68 12 90 78 56 34 12 68 D4 01 34 8F 16 E2 16"                            File: Line:0 Function: Type:Debug:
DateTime:2026-08-28 17:28:28.786:"解析：功能码-AFN=52H,Fn=1："                            File: Line:0 Function: Type:Debug:
DateTime:2026-08-28 17:28:28.786:"透传回复内容：021290785634120D006812907856341268D401348F16"                            File: Line:0 Function: Type:Debug:
DateTime:2026-08-28 17:28:28.786:"DL/T645-2007协议 回复报文信息：控制码：d4 "                            File: Line:0 Function: Type:Debug:
DateTime:2026-08-28 17:28:28.786:"不支持"                            File: Line:0 Function: Type:Debug:
DateTime:2026-08-28 17:28:28.786:"设置失败"                            File: Line:0 Function: Type:Debug:
DateTime:2026-08-28 17:28:29.289:"等待工装回复超时"                            File: Line:0 Function: Type:Debug:
DateTime:2026-08-28 17:28:29.289:"开始组帧"                            File: Line:0 Function: Type:Debug:
DateTime:2026-08-28 17:28:29.289:"组帧结束"                            File: Line:0 Function: Type:Debug:
DateTime:2026-08-28 17:28:29.289:"367.2Send:数据转发(设置-从节点档案清单管理-删除表,EB031101)：=>68 53 00 43 00 00 00 00 00 16 52 01 00 02 12 90 78 56 34 12 6B 8A E8 38 00 68 12 90 78 56 34 12 68 14 2C 34 44 36 1E 3B 33 33 33 44 44 44 44 33 38 37 34 43 33 49 4C 38 34 43 33 49 4C 39 34 43 33 49 4C 3A 34 43 33 49 4C 3B 34 43 33 49 4C 39 16 01 16"                            File: Line:0 Function: Type:Debug:
DateTime:2026-08-28 17:28:29.289:"槽位2透传:688E018E016840000000000022600000010002013C0068530043000000000016520100021290785634126B8AE838006812907856341268142C3444361E3B33333344444444333837344333494C38344333494C39344333494C3A344333494C3B344333494C39160116D516"                            File: Line:0 Function: Type:Debug:
DateTime:2026-08-28 17:28:29.289:"工装发送：68 8E 01 8E 01 68 40 00 00 00 00 00 22 60 00 00 01 00 02 01 3C 00 68 53 00 43 00 00 00 00 00 16 52 01 00 02 12 90 78 56 34 12 6B 8A E8 38 00 68 12 90 78 56 34 12 68 14 2C 34 44 36 1E 3B 33 33 33 44 44 44 44 33 38 37 34 43 33 49 4C 38 34 43 33 49 4C 39 34 43 33 49 4C 3A 34 43 33 49 4C 3B 34 43 33 49 4C 39 16 01 16 D5 16"                            File: Line:0 Function: Type:Debug:
DateTime:2026-08-28 17:28:29.386:"工装接收：68 32 00 32 00 68 80 00 00 00 00 00 00 60 00 00 01 00 E1 16"                            File: Line:0 Function: Type:Debug:
DateTime:2026-08-28 17:28:29.386:"m_baRecvMsg:"                            File: Line:0 Function: Type:Debug:
DateTime:2026-08-28 17:28:29.386:"frameList.size():1"                            File: Line:0 Function: Type:Debug:
DateTime:2026-08-28 17:28:29.386:"进入报文解析"                            File: Line:0 Function: Type:Debug:
DateTime:2026-08-28 17:28:29.386:"68 32 00 32 00 68 80 00 00 00 00 00 00 60 00 00 01 00 E1 16"                            File: Line:0 Function: Type:Debug:
DateTime:2026-08-28 17:28:29.386:"解码完成，功能码: 1"                            File: Line:0 Function: Type:Debug:
DateTime:2026-08-28 17:28:29.386:"工装回复确认帧"                            File: Line:0 Function: Type:Debug:
DateTime:2026-08-28 17:28:29.440:"工装接收：68 D2 00 D2 00 68 80 00 00 00 00 00 22 60 00 00 01 00 02 25 00 68 25 00 80 00 00 00 00 00 16 52 01 00 02 12 90 78 56 34 12 0D 00 68 12 90 78 56 34 12 68 D4 01 34 8F 16 E2 16 91 16"                            File: Line:0 Function: Type:Debug:
DateTime:2026-08-28 17:28:29.440:"m_baRecvMsg:"                            File: Line:0 Function: Type:Debug:
DateTime:2026-08-28 17:28:29.440:"frameList.size():1"                            File: Line:0 Function: Type:Debug:
DateTime:2026-08-28 17:28:29.440:"进入报文解析"                            File: Line:0 Function: Type:Debug:
DateTime:2026-08-28 17:28:29.440:"68 D2 00 D2 00 68 80 00 00 00 00 00 22 60 00 00 01 00 02 25 00 68 25 00 80 00 00 00 00 00 16 52 01 00 02 12 90 78 56 34 12 0D 00 68 12 90 78 56 34 12 68 D4 01 34 8F 16 E2 16 91 16"                            File: Line:0 Function: Type:Debug:
DateTime:2026-08-28 17:28:29.440:"解码完成，功能码: 4"                            File: Line:0 Function: Type:Debug:
DateTime:2026-08-28 17:28:29.440:"工装接收到透传报文"                            File: Line:0 Function: Type:Debug:
DateTime:2026-08-28 17:28:29.440:"02250068250080000000000016520100021290785634120D006812907856341268D401348F16E216"                            File: Line:0 Function: Type:Debug:
DateTime:2026-08-28 17:28:29.440:"透传报文内容:68 25 00 80 00 00 00 00 00 16 52 01 00 02 12 90 78 56 34 12 0d 00 68 12 90 78 56 34 12 68 d4 01 34 8f 16 e2 16"                            File: Line:0 Function: Type:Debug:
DateTime:2026-08-28 17:28:32.361:"uTimeSecond_ms:30000"                            File: Line:0 Function: Type:Debug:
DateTime:2026-08-28 17:28:32.361:"查找结果: iret=0, wStart=0, dwOutLen=37, dwStreamLen=37, dwFindPos=0"                            File: Line:0 Function: Type:Debug:
DateTime:2026-08-28 17:28:32.361:"Receive:<= 68 25 00 80 00 00 00 00 00 16 52 01 00 02 12 90 78 56 34 12 0D 00 68 12 90 78 56 34 12 68 D4 01 34 8F 16 E2 16"                            File: Line:0 Function: Type:Debug:
DateTime:2026-08-28 17:28:32.361:"解析：功能码-AFN=52H,Fn=1："                            File: Line:0 Function: Type:Debug:
DateTime:2026-08-28 17:28:32.361:"透传回复内容：021290785634120D006812907856341268D401348F16"                            File: Line:0 Function: Type:Debug:
DateTime:2026-08-28 17:28:32.361:"DL/T645-2007协议 回复报文信息：控制码：d4 "                            File: Line:0 Function: Type:Debug:
DateTime:2026-08-28 17:28:32.361:"不支持"                            File: Line:0 Function: Type:Debug:
DateTime:2026-08-28 17:28:32.361:"设置失败"                            File: Line:0 Function: Type:Debug:
DateTime:2026-08-28 17:28:32.865:"等待工装回复超时"                            File: Line:0 Function: Type:Debug:
DateTime:2026-08-28 17:28:32.865:"开始组帧"                            File: Line:0 Function: Type:Debug:
DateTime:2026-08-28 17:28:32.865:"组帧结束"                            File: Line:0 Function: Type:Debug:
DateTime:2026-08-28 17:28:32.865:"367.2Send:数据转发(设置-从节点档案清单管理-删除表,EB031101)：=>68 4D 00 43 00 00 00 00 00 16 52 01 00 02 12 90 78 56 34 12 6B 8A E8 32 00 68 12 90 78 56 34 12 68 14 26 34 44 36 1E 3B 33 33 33 44 44 44 44 33 37 38 34 43 33 49 4C 39 34 43 33 49 4C 3A 34 43 33 49 4C 3B 34 43 33 49 4C BC 16 01 16"                            File: Line:0 Function: Type:Debug:
DateTime:2026-08-28 17:28:32.865:"槽位2透传:68760176016840000000000022600000010002013C00684D0043000000000016520100021290785634126B8AE83200681290785634126814263444361E3B33333344444444333738344333494C39344333494C3A344333494C3B344333494CBC160116CF16"                            File: Line:0 Function: Type:Debug:
DateTime:2026-08-28 17:28:32.865:"工装发送：68 76 01 76 01 68 40 00 00 00 00 00 22 60 00 00 01 00 02 01 3C 00 68 4D 00 43 00 00 00 00 00 16 52 01 00 02 12 90 78 56 34 12 6B 8A E8 32 00 68 12 90 78 56 34 12 68 14 26 34 44 36 1E 3B 33 33 33 44 44 44 44 33 37 38 34 43 33 49 4C 39 34 43 33 49 4C 3A 34 43 33 49 4C 3B 34 43 33 49 4C BC 16 01 16 CF 16"                            File: Line:0 Function: Type:Debug:
DateTime:2026-08-28 17:28:32.954:"工装接收：68 32 00 32 00 68 80 00 00 00 00 00 00 60 00 00 01 00 E1 16"                            File: Line:0 Function: Type:Debug:
DateTime:2026-08-28 17:28:32.954:"m_baRecvMsg:"                            File: Line:0 Function: Type:Debug:
DateTime:2026-08-28 17:28:32.954:"frameList.size():1"                            File: Line:0 Function: Type:Debug:
DateTime:2026-08-28 17:28:32.954:"进入报文解析"                            File: Line:0 Function: Type:Debug:
DateTime:2026-08-28 17:28:32.954:"68 32 00 32 00 68 80 00 00 00 00 00 00 60 00 00 01 00 E1 16"                            File: Line:0 Function: Type:Debug:
DateTime:2026-08-28 17:28:32.954:"解码完成，功能码: 1"                            File: Line:0 Function: Type:Debug:
DateTime:2026-08-28 17:28:32.954:"工装回复确认帧"                            File: Line:0 Function: Type:Debug:
DateTime:2026-08-28 17:28:33.006:"工装接收：68 D2 00 D2 00 68 80 00 00 00 00 00 22 60 00 00 01 00 02 25 00 68 25 00 80 00 00 00 00 00 16 52 01 00 02 12 90 78 56 34 12 0D 00 68 12 90 78 56 34 12 68 D4 01 34 8F 16 E2 16 91 16"                            File: Line:0 Function: Type:Debug:
DateTime:2026-08-28 17:28:33.006:"m_baRecvMsg:"                            File: Line:0 Function: Type:Debug:
DateTime:2026-08-28 17:28:33.006:"frameList.size():1"                            File: Line:0 Function: Type:Debug:
DateTime:2026-08-28 17:28:33.006:"进入报文解析"                            File: Line:0 Function: Type:Debug:
DateTime:2026-08-28 17:28:33.006:"68 D2 00 D2 00 68 80 00 00 00 00 00 22 60 00 00 01 00 02 25 00 68 25 00 80 00 00 00 00 00 16 52 01 00 02 12 90 78 56 34 12 0D 00 68 12 90 78 56 34 12 68 D4 01 34 8F 16 E2 16 91 16"                            File: Line:0 Function: Type:Debug:
DateTime:2026-08-28 17:28:33.006:"解码完成，功能码: 4"                            File: Line:0 Function: Type:Debug:
DateTime:2026-08-28 17:28:33.007:"工装接收到透传报文"                            File: Line:0 Function: Type:Debug:
DateTime:2026-08-28 17:28:33.007:"02250068250080000000000016520100021290785634120D006812907856341268D401348F16E216"                            File: Line:0 Function: Type:Debug:
DateTime:2026-08-28 17:28:33.007:"透传报文内容:68 25 00 80 00 00 00 00 00 16 52 01 00 02 12 90 78 56 34 12 0d 00 68 12 90 78 56 34 12 68 d4 01 34 8f 16 e2 16"                            File: Line:0 Function: Type:Debug:
DateTime:2026-08-28 17:28:35.928:"uTimeSecond_ms:30000"                            File: Line:0 Function: Type:Debug:
DateTime:2026-08-28 17:28:35.928:"查找结果: iret=0, wStart=0, dwOutLen=37, dwStreamLen=37, dwFindPos=0"                            File: Line:0 Function: Type:Debug:
DateTime:2026-08-28 17:28:35.928:"Receive:<= 68 25 00 80 00 00 00 00 00 16 52 01 00 02 12 90 78 56 34 12 0D 00 68 12 90 78 56 34 12 68 D4 01 34 8F 16 E2 16"                            File: Line:0 Function: Type:Debug:
DateTime:2026-08-28 17:28:35.928:"解析：功能码-AFN=52H,Fn=1："                            File: Line:0 Function: Type:Debug:
DateTime:2026-08-28 17:28:35.928:"透传回复内容：021290785634120D006812907856341268D401348F16"                            File: Line:0 Function: Type:Debug:
DateTime:2026-08-28 17:28:35.928:"DL/T645-2007协议 回复报文信息：控制码：d4 "                            File: Line:0 Function: Type:Debug:
DateTime:2026-08-28 17:28:35.928:"不支持"                            File: Line:0 Function: Type:Debug:
DateTime:2026-08-28 17:28:35.928:"设置失败"                            File: Line:0 Function: Type:Debug:
DateTime:2026-08-28 17:28:36.432:"等待工装回复超时"                            File: Line:0 Function: Type:Debug:
DateTime:2026-08-28 17:28:36.432:"开始组帧"                            File: Line:0 Function: Type:Debug:
DateTime:2026-08-28 17:28:36.432:"组帧结束"                            File: Line:0 Function: Type:Debug:
DateTime:2026-08-28 17:28:36.432:"367.2Send:数据转发(设置-从节点档案清单管理-删除表,EB031101)：=>68 47 00 43 00 00 00 00 00 16 52 01 00 02 12 90 78 56 34 12 6B 8A E8 2C 00 68 12 90 78 56 34 12 68 14 20 34 44 36 1E 3B 33 33 33 44 44 44 44 33 36 39 34 43 33 49 4C 3A 34 43 33 49 4C 3B 34 43 33 49 4C 3E 16 FF 16"                            File: Line:0 Function: Type:Debug:
DateTime:2026-08-28 17:28:36.432:"槽位2透传:685E015E016840000000000022600000010002013C0068470043000000000016520100021290785634126B8AE82C00681290785634126814203444361E3B33333344444444333639344333494C3A344333494C3B344333494C3E16FF16C516"                            File: Line:0 Function: Type:Debug:
DateTime:2026-08-28 17:28:36.432:"工装发送：68 5E 01 5E 01 68 40 00 00 00 00 00 22 60 00 00 01 00 02 01 3C 00 68 47 00 43 00 00 00 00 00 16 52 01 00 02 12 90 78 56 34 12 6B 8A E8 2C 00 68 12 90 78 56 34 12 68 14 20 34 44 36 1E 3B 33 33 33 44 44 44 44 33 36 39 34 43 33 49 4C 3A 34 43 33 49 4C 3B 34 43 33 49 4C 3E 16 FF 16 C5 16"                            File: Line:0 Function: Type:Debug:
DateTime:2026-08-28 17:28:36.515:"工装接收：68 32 00 32 00 68 80 00 00 00 00 00 00 60 00 00 01 00 E1 16"                            File: Line:0 Function: Type:Debug:
DateTime:2026-08-28 17:28:36.515:"m_baRecvMsg:"                            File: Line:0 Function: Type:Debug:
DateTime:2026-08-28 17:28:36.515:"frameList.size():1"                            File: Line:0 Function: Type:Debug:
DateTime:2026-08-28 17:28:36.515:"进入报文解析"                            File: Line:0 Function: Type:Debug:
DateTime:2026-08-28 17:28:36.515:"68 32 00 32 00 68 80 00 00 00 00 00 00 60 00 00 01 00 E1 16"                            File: Line:0 Function: Type:Debug:
DateTime:2026-08-28 17:28:36.515:"解码完成，功能码: 1"                            File: Line:0 Function: Type:Debug:
DateTime:2026-08-28 17:28:36.515:"工装回复确认帧"                            File: Line:0 Function: Type:Debug:
DateTime:2026-08-28 17:28:36.567:"工装接收：68 D2 00 D2 00 68 80 00 00 00 00 00 22 60 00 00 01 00 02 25 00 68 25 00 80 00 00 00 00 00 16 52 01 00 02 12 90 78 56 34 12 0D 00 68 12 90 78 56 34 12 68 D4 01 34 8F 16 E2 16 91 16"                            File: Line:0 Function: Type:Debug:
DateTime:2026-08-28 17:28:36.567:"m_baRecvMsg:"                            File: Line:0 Function: Type:Debug:
DateTime:2026-08-28 17:28:36.567:"frameList.size():1"                            File: Line:0 Function: Type:Debug:
DateTime:2026-08-28 17:28:36.567:"进入报文解析"                            File: Line:0 Function: Type:Debug:
DateTime:2026-08-28 17:28:36.567:"68 D2 00 D2 00 68 80 00 00 00 00 00 22 60 00 00 01 00 02 25 00 68 25 00 80 00 00 00 00 00 16 52 01 00 02 12 90 78 56 34 12 0D 00 68 12 90 78 56 34 12 68 D4 01 34 8F 16 E2 16 91 16"                            File: Line:0 Function: Type:Debug:
DateTime:2026-08-28 17:28:36.567:"解码完成，功能码: 4"                            File: Line:0 Function: Type:Debug:
DateTime:2026-08-28 17:28:36.567:"工装接收到透传报文"                            File: Line:0 Function: Type:Debug:
DateTime:2026-08-28 17:28:36.567:"02250068250080000000000016520100021290785634120D006812907856341268D401348F16E216"                            File: Line:0 Function: Type:Debug:
DateTime:2026-08-28 17:28:36.567:"透传报文内容:68 25 00 80 00 00 00 00 00 16 52 01 00 02 12 90 78 56 34 12 0d 00 68 12 90 78 56 34 12 68 d4 01 34 8f 16 e2 16"                            File: Line:0 Function: Type:Debug:
DateTime:2026-08-28 17:28:39.488:"uTimeSecond_ms:30000"                            File: Line:0 Function: Type:Debug:
DateTime:2026-08-28 17:28:39.488:"查找结果: iret=0, wStart=0, dwOutLen=37, dwStreamLen=37, dwFindPos=0"                            File: Line:0 Function: Type:Debug:
DateTime:2026-08-28 17:28:39.488:"Receive:<= 68 25 00 80 00 00 00 00 00 16 52 01 00 02 12 90 78 56 34 12 0D 00 68 12 90 78 56 34 12 68 D4 01 34 8F 16 E2 16"                            File: Line:0 Function: Type:Debug:
DateTime:2026-08-28 17:28:39.488:"解析：功能码-AFN=52H,Fn=1："                            File: Line:0 Function: Type:Debug:
DateTime:2026-08-28 17:28:39.488:"透传回复内容：021290785634120D006812907856341268D401348F16"                            File: Line:0 Function: Type:Debug:
DateTime:2026-08-28 17:28:39.488:"DL/T645-2007协议 回复报文信息：控制码：d4 "                            File: Line:0 Function: Type:Debug:
DateTime:2026-08-28 17:28:39.488:"不支持"                            File: Line:0 Function: Type:Debug:
DateTime:2026-08-28 17:28:39.488:"设置失败"                            File: Line:0 Function: Type:Debug:
DateTime:2026-08-28 17:28:39.992:"等待工装回复超时"                            File: Line:0 Function: Type:Debug:
DateTime:2026-08-28 17:28:39.992:"开始组帧"                            File: Line:0 Function: Type:Debug:
DateTime:2026-08-28 17:28:39.992:"组帧结束"                            File: Line:0 Function: Type:Debug:
DateTime:2026-08-28 17:28:39.992:"367.2Send:数据转发(设置-从节点档案清单管理-删除表,EB031101)：=>68 41 00 43 00 00 00 00 00 16 52 01 00 02 12 90 78 56 34 12 6B 8A E8 26 00 68 12 90 78 56 34 12 68 14 1A 34 44 36 1E 3B 33 33 33 44 44 44 44 33 35 3A 34 43 33 49 4C 3B 34 43 33 49 4C BF 16 FB 16"                            File: Line:0 Function: Type:Debug:
DateTime:2026-08-28 17:28:39.992:"槽位2透传:68460146016840000000000022600000010002013C0068410043000000000016520100021290785634126B8AE826006812907856341268141A3444361E3B3333334444444433353A344333494C3B344333494CBF16FB16B716"                            File: Line:0 Function: Type:Debug:
DateTime:2026-08-28 17:28:39.992:"工装发送：68 46 01 46 01 68 40 00 00 00 00 00 22 60 00 00 01 00 02 01 3C 00 68 41 00 43 00 00 00 00 00 16 52 01 00 02 12 90 78 56 34 12 6B 8A E8 26 00 68 12 90 78 56 34 12 68 14 1A 34 44 36 1E 3B 33 33 33 44 44 44 44 33 35 3A 34 43 33 49 4C 3B 34 43 33 49 4C BF 16 FB 16 B7 16"                            File: Line:0 Function: Type:Debug:
DateTime:2026-08-28 17:28:40.067:"工装接收：68 32 00 32 00 68 80 00 00 00 00 00 00 60 00 00 01 00 E1 16"                            File: Line:0 Function: Type:Debug:
DateTime:2026-08-28 17:28:40.067:"m_baRecvMsg:"                            File: Line:0 Function: Type:Debug:
DateTime:2026-08-28 17:28:40.067:"frameList.size():1"                            File: Line:0 Function: Type:Debug:
DateTime:2026-08-28 17:28:40.067:"进入报文解析"                            File: Line:0 Function: Type:Debug:
DateTime:2026-08-28 17:28:40.067:"68 32 00 32 00 68 80 00 00 00 00 00 00 60 00 00 01 00 E1 16"                            File: Line:0 Function: Type:Debug:
DateTime:2026-08-28 17:28:40.067:"解码完成，功能码: 1"                            File: Line:0 Function: Type:Debug:
DateTime:2026-08-28 17:28:40.067:"工装回复确认帧"                            File: Line:0 Function: Type:Debug:
DateTime:2026-08-28 17:28:40.118:"工装接收：68 D2 00 D2 00 68 80 00 00 00 00 00 22 60 00 00 01 00 02 25 00 68 25 00 80 00 00 00 00 00 16 52 01 00 02 12 90 78 56 34 12 0D 00 68 12 90 78 56 34 12 68 D4 01 34 8F 16 E2 16 91 16"                            File: Line:0 Function: Type:Debug:
DateTime:2026-08-28 17:28:40.118:"m_baRecvMsg:"                            File: Line:0 Function: Type:Debug:
DateTime:2026-08-28 17:28:40.118:"frameList.size():1"                            File: Line:0 Function: Type:Debug:
DateTime:2026-08-28 17:28:40.118:"进入报文解析"                            File: Line:0 Function: Type:Debug:
DateTime:2026-08-28 17:28:40.118:"68 D2 00 D2 00 68 80 00 00 00 00 00 22 60 00 00 01 00 02 25 00 68 25 00 80 00 00 00 00 00 16 52 01 00 02 12 90 78 56 34 12 0D 00 68 12 90 78 56 34 12 68 D4 01 34 8F 16 E2 16 91 16"                            File: Line:0 Function: Type:Debug:
DateTime:2026-08-28 17:28:40.118:"解码完成，功能码: 4"                            File: Line:0 Function: Type:Debug:
DateTime:2026-08-28 17:28:40.118:"工装接收到透传报文"                            File: Line:0 Function: Type:Debug:
DateTime:2026-08-28 17:28:40.118:"02250068250080000000000016520100021290785634120D006812907856341268D401348F16E216"                            File: Line:0 Function: Type:Debug:
DateTime:2026-08-28 17:28:40.118:"透传报文内容:68 25 00 80 00 00 00 00 00 16 52 01 00 02 12 90 78 56 34 12 0d 00 68 12 90 78 56 34 12 68 d4 01 34 8f 16 e2 16"                            File: Line:0 Function: Type:Debug:
DateTime:2026-08-28 17:28:43.039:"uTimeSecond_ms:30000"                            File: Line:0 Function: Type:Debug:
DateTime:2026-08-28 17:28:43.039:"查找结果: iret=0, wStart=0, dwOutLen=37, dwStreamLen=37, dwFindPos=0"                            File: Line:0 Function: Type:Debug:
DateTime:2026-08-28 17:28:43.039:"Receive:<= 68 25 00 80 00 00 00 00 00 16 52 01 00 02 12 90 78 56 34 12 0D 00 68 12 90 78 56 34 12 68 D4 01 34 8F 16 E2 16"                            File: Line:0 Function: Type:Debug:
DateTime:2026-08-28 17:28:43.039:"解析：功能码-AFN=52H,Fn=1："                            File: Line:0 Function: Type:Debug:
DateTime:2026-08-28 17:28:43.039:"透传回复内容：021290785634120D006812907856341268D401348F16"                            File: Line:0 Function: Type:Debug:
DateTime:2026-08-28 17:28:43.039:"DL/T645-2007协议 回复报文信息：控制码：d4 "                            File: Line:0 Function: Type:Debug:
DateTime:2026-08-28 17:28:43.039:"不支持"                            File: Line:0 Function: Type:Debug:
DateTime:2026-08-28 17:28:43.039:"设置失败"                            File: Line:0 Function: Type:Debug:
DateTime:2026-08-28 17:28:43.543:"等待工装回复超时"                            File: Line:0 Function: Type:Debug:
DateTime:2026-08-28 17:28:43.543:"开始组帧"                            File: Line:0 Function: Type:Debug:
DateTime:2026-08-28 17:28:43.543:"组帧结束"                            File: Line:0 Function: Type:Debug:
DateTime:2026-08-28 17:28:43.543:"367.2Send:数据转发(设置-从节点档案清单管理-删除表,EB031101)：=>68 3B 00 43 00 00 00 00 00 16 52 01 00 02 12 90 78 56 34 12 6B 8A E8 20 00 68 12 90 78 56 34 12 68 14 14 34 44 36 1E 3B 33 33 33 44 44 44 44 33 34 3B 34 43 33 49 4C 3F 16 F5 16"                            File: Line:0 Function: Type:Debug:
DateTime:2026-08-28 17:28:43.543:"槽位2透传:682E012E016840000000000022600000010002013C00683B0043000000000016520100021290785634126B8AE82000681290785634126814143444361E3B3333334444444433343B344333494C3F16F516A516"                            File: Line:0 Function: Type:Debug:
DateTime:2026-08-28 17:28:43.543:"工装发送：68 2E 01 2E 01 68 40 00 00 00 00 00 22 60 00 00 01 00 02 01 3C 00 68 3B 00 43 00 00 00 00 00 16 52 01 00 02 12 90 78 56 34 12 6B 8A E8 20 00 68 12 90 78 56 34 12 68 14 14 34 44 36 1E 3B 33 33 33 44 44 44 44 33 34 3B 34 43 33 49 4C 3F 16 F5 16 A5 16"                            File: Line:0 Function: Type:Debug:
DateTime:2026-08-28 17:28:43.612:"工装接收：68 32 00 32 00 68 80 00 00 00 00 00 00 60 00 00 01 00 E1 16"                            File: Line:0 Function: Type:Debug:
DateTime:2026-08-28 17:28:43.612:"m_baRecvMsg:"                            File: Line:0 Function: Type:Debug:
DateTime:2026-08-28 17:28:43.612:"frameList.size():1"                            File: Line:0 Function: Type:Debug:
DateTime:2026-08-28 17:28:43.612:"进入报文解析"                            File: Line:0 Function: Type:Debug:
DateTime:2026-08-28 17:28:43.612:"68 32 00 32 00 68 80 00 00 00 00 00 00 60 00 00 01 00 E1 16"                            File: Line:0 Function: Type:Debug:
DateTime:2026-08-28 17:28:43.612:"解码完成，功能码: 1"                            File: Line:0 Function: Type:Debug:
DateTime:2026-08-28 17:28:43.612:"工装回复确认帧"                            File: Line:0 Function: Type:Debug:
DateTime:2026-08-28 17:28:43.664:"工装接收：68 D2 00 D2 00 68 80 00 00 00 00 00 22 60 00 00 01 00 02 25 00 68 25 00 80 00 00 00 00 00 16 52 01 00 02 12 90 78 56 34 12 0D 00 68 12 90 78 56 34 12 68 D4 01 34 8F 16 E2 16 91 16"                            File: Line:0 Function: Type:Debug:
DateTime:2026-08-28 17:28:43.664:"m_baRecvMsg:"                            File: Line:0 Function: Type:Debug:
DateTime:2026-08-28 17:28:43.664:"frameList.size():1"                            File: Line:0 Function: Type:Debug:
DateTime:2026-08-28 17:28:43.664:"进入报文解析"                            File: Line:0 Function: Type:Debug:
DateTime:2026-08-28 17:28:43.664:"68 D2 00 D2 00 68 80 00 00 00 00 00 22 60 00 00 01 00 02 25 00 68 25 00 80 00 00 00 00 00 16 52 01 00 02 12 90 78 56 34 12 0D 00 68 12 90 78 56 34 12 68 D4 01 34 8F 16 E2 16 91 16"                            File: Line:0 Function: Type:Debug:
DateTime:2026-08-28 17:28:43.664:"解码完成，功能码: 4"                            File: Line:0 Function: Type:Debug:
DateTime:2026-08-28 17:28:43.664:"工装接收到透传报文"                            File: Line:0 Function: Type:Debug:
DateTime:2026-08-28 17:28:43.664:"02250068250080000000000016520100021290785634120D006812907856341268D401348F16E216"                            File: Line:0 Function: Type:Debug:
DateTime:2026-08-28 17:28:43.664:"透传报文内容:68 25 00 80 00 00 00 00 00 16 52 01 00 02 12 90 78 56 34 12 0d 00 68 12 90 78 56 34 12 68 d4 01 34 8f 16 e2 16"                            File: Line:0 Function: Type:Debug:
DateTime:2026-08-28 17:28:44.160:"工装接收：68 72 01 72 01 68 80 00 00 00 00 00 22 60 00 00 01 00 02 4D 00 68 4D 00 C0 00 00 00 00 00 05 56 02 00 01 12 90 78 56 34 12 36 68 12 90 78 56 34 12 68 81 2A 39 38 37 1E 35 39 39 34 43 33 49 4C 37 34 43 33 49 4C 3B 34 43 33 49 4C 36 34 43 33 49 4C 38 34 43 33 49 4C 3A 34 43 33 49 4C 32 16 84 16 25 16"                            File: Line:0 Function: Type:Debug:
DateTime:2026-08-28 17:28:44.160:"m_baRecvMsg:"                            File: Line:0 Function: Type:Debug:
DateTime:2026-08-28 17:28:44.160:"frameList.size():1"                            File: Line:0 Function: Type:Debug:
DateTime:2026-08-28 17:28:44.160:"进入报文解析"                            File: Line:0 Function: Type:Debug:
DateTime:2026-08-28 17:28:44.160:"68 72 01 72 01 68 80 00 00 00 00 00 22 60 00 00 01 00 02 4D 00 68 4D 00 C0 00 00 00 00 00 05 56 02 00 01 12 90 78 56 34 12 36 68 12 90 78 56 34 12 68 81 2A 39 38 37 1E 35 39 39 34 43 33 49 4C 37 34 43 33 49 4C 3B 34 43 33 49 4C 36 34 43 33 49 4C 38 34 43 33 49 4C 3A 34 43 33 49 4C 32 16 84 16 25 16"                            File: Line:0 Function: Type:Debug:
DateTime:2026-08-28 17:28:44.160:"解码完成，功能码: 4"                            File: Line:0 Function: Type:Debug:
DateTime:2026-08-28 17:28:44.160:"工装接收到透传报文"                            File: Line:0 Function: Type:Debug:
DateTime:2026-08-28 17:28:44.160:"024D00684D00C000000000000556020001129078563412366812907856341268812A3938371E353939344333494C37344333494C3B344333494C36344333494C38344333494C3A344333494C32168416"                            File: Line:0 Function: Type:Debug:
DateTime:2026-08-28 17:28:44.160:"透传报文内容:68 4d 00 c0 00 00 00 00 00 05 56 02 00 01 12 90 78 56 34 12 36 68 12 90 78 56 34 12 68 81 2a 39 38 37 1e 35 39 39 34 43 33 49 4c 37 34 43 33 49 4c 3b 34 43 33 49 4c 36 34 43 33 49 4c 38 34 43 33 49 4c 3a 34 43 33 49 4c 32 16 84 16"                            File: Line:0 Function: Type:Debug:
DateTime:2026-08-28 17:28:46.578:"uTimeSecond_ms:30000"                            File: Line:0 Function: Type:Debug:
DateTime:2026-08-28 17:28:46.578:"查找结果: iret=0, wStart=0, dwOutLen=37, dwStreamLen=114, dwFindPos=0"                            File: Line:0 Function: Type:Debug:
DateTime:2026-08-28 17:28:46.578:"Receive:<= 68 25 00 80 00 00 00 00 00 16 52 01 00 02 12 90 78 56 34 12 0D 00 68 12 90 78 56 34 12 68 D4 01 34 8F 16 E2 16"                            File: Line:0 Function: Type:Debug:
DateTime:2026-08-28 17:28:46.578:"解析：功能码-AFN=52H,Fn=1："                            File: Line:0 Function: Type:Debug:
DateTime:2026-08-28 17:28:46.578:"查找结果: iret=0, wStart=0, dwOutLen=77, dwStreamLen=77, dwFindPos=37"                            File: Line:0 Function: Type:Debug:
DateTime:2026-08-28 17:28:46.578:"Receive:<= 68 4D 00 C0 00 00 00 00 00 05 56 02 00 01 12 90 78 56 34 12 36 68 12 90 78 56 34 12 68 81 2A 39 38 37 1E 35 39 39 34 43 33 49 4C 37 34 43 33 49 4C 3B 34 43 33 49 4C 36 34 43 33 49 4C 38 34 43 33 49 4C 3A 34 43 33 49 4C 32 16 84 16"                            File: Line:0 Function: Type:Debug:
DateTime:2026-08-28 17:28:46.578:"解析：功能码-AFN=56H,Fn=2："                            File: Line:0 Function: Type:Debug:
DateTime:2026-08-28 17:28:46.578:"AFN或者Fn与预判不一致"                            File: Line:0 Function: Type:Debug:
DateTime:2026-08-28 17:28:46.578:"Send(确认)：=> 68 0F 00 43 00 00 00 00 00 05 50 01 00 99 16"                            File: Line:0 Function: Type:Debug:
DateTime:2026-08-28 17:28:46.578:"槽位2透传:687E007E006840000000000022600000010002013C00680F00430000000000055001009916C116"                            File: Line:0 Function: Type:Debug:
DateTime:2026-08-28 17:28:46.578:"工装发送：68 7E 00 7E 00 68 40 00 00 00 00 00 22 60 00 00 01 00 02 01 3C 00 68 0F 00 43 00 00 00 00 00 05 50 01 00 99 16 C1 16"                            File: Line:0 Function: Type:Debug:
DateTime:2026-08-28 17:28:46.578:"透传回复内容：021290785634120D006812907856341268D401348F16"                            File: Line:0 Function: Type:Debug:
DateTime:2026-08-28 17:28:46.579:"DL/T645-2007协议 回复报文信息：控制码：d4 "                            File: Line:0 Function: Type:Debug:
DateTime:2026-08-28 17:28:46.579:"不支持"                            File: Line:0 Function: Type:Debug:
DateTime:2026-08-28 17:28:46.579:"设置失败"                            File: Line:0 Function: Type:Debug:
DateTime:2026-08-28 17:28:46.579:"删除表总数量：6,成功数量：0,失败数量：6 "                            File: Line:0 Function: Type:Debug:
DateTime:2026-08-28 17:28:46.579:dll输出信息: ""                            File: Line:0 Function: Type:Debug:
DateTime:2026-08-28 17:28:46.579:接口函数调用成功，返回的结果为 0                            File: Line:0 Function: Type:Debug:
DateTime:2026-08-28 17:28:46.579:"外部传入的para：0，返回的result：0,返回的pValRet：-1"                            File: Line:0 Function: Type:Debug:
DateTime:2026-08-28 17:28:46.579:返回结果不满足预期值                            File: Line:0 Function: Type:Debug:
DateTime:2026-08-28 17:28:46.579:coorIndex 0                            File: Line:0 Function: Type:Debug:
DateTime:2026-08-28 17:28:46.579:当前流程结束                            File: Line:0 Function: Type:Debug:
DateTime:2026-08-28 17:28:46.580:退出connect函数                            File: Line:0 Function: Type:Debug:
DateTime:2026-08-28 17:28:46.580:"=========【测试结束EB031101清空从节点档案】结束=========="                            File: Line:0 Function: Type:Debug:
DateTime:2026-08-28 17:28:46.580:"-----------------------------"                            File: Line:0 Function: Type:Debug:
DateTime:2026-08-28 17:28:46.584:"=============执行【测试槽位透传关闭】==================="                            File: Line:0 Function: Type:Debug:
DateTime:2026-08-28 17:28:46.584:"执行接口函数SimuCorn_close_transport"                            File: Line:0 Function: Type:Debug:
DateTime:2026-08-28 17:28:46.584:callWorkFunction: SimuCorn_close_transport                            File: Line:0 Function: Type:Debug:
DateTime:2026-08-28 17:28:46.584:找到对应函数，进入执行                            File: Line:0 Function: Type:Debug:
DateTime:2026-08-28 17:28:46.584:"工装发送：68 42 00 42 00 68 40 00 00 00 00 00 22 60 00 00 01 00 02 00 3C 00 01 16"                            File: Line:0 Function: Type:Debug:
DateTime:2026-08-28 17:28:46.596:"工装接收：68 32 00 32 00 68 80 00 00 00 00 00 00 60 00 00 01 00 E1 16"                            File: Line:0 Function: Type:Debug:
DateTime:2026-08-28 17:28:46.596:"m_baRecvMsg:"                            File: Line:0 Function: Type:Debug:
DateTime:2026-08-28 17:28:46.596:"frameList.size():1"                            File: Line:0 Function: Type:Debug:
DateTime:2026-08-28 17:28:46.596:"进入报文解析"                            File: Line:0 Function: Type:Debug:
DateTime:2026-08-28 17:28:46.596:"68 32 00 32 00 68 80 00 00 00 00 00 00 60 00 00 01 00 E1 16"                            File: Line:0 Function: Type:Debug:
DateTime:2026-08-28 17:28:46.596:"解码完成，功能码: 1"                            File: Line:0 Function: Type:Debug:
DateTime:2026-08-28 17:28:46.596:"工装回复确认帧"                            File: Line:0 Function: Type:Debug:
DateTime:2026-08-28 17:28:46.596:"全部槽位关闭透传成功"                            File: Line:0 Function: Type:Debug:
DateTime:2026-08-28 17:28:46.698:dll输出信息: ""                            File: Line:0 Function: Type:Debug:
DateTime:2026-08-28 17:28:46.698:接口函数调用成功，返回的结果为 0                            File: Line:0 Function: Type:Debug:
DateTime:2026-08-28 17:28:46.698:"外部传入的para：0，返回的result：0,返回的pValRet：0"                            File: Line:0 Function: Type:Debug:
DateTime:2026-08-28 17:28:46.698:"执行接口函数SimuCorn_close_transport完成"                            File: Line:0 Function: Type:Debug:
DateTime:2026-08-28 17:28:46.698:coorIndex 0                            File: Line:0 Function: Type:Debug:
DateTime:2026-08-28 17:28:46.698:当前流程结束                            File: Line:0 Function: Type:Debug:
DateTime:2026-08-28 17:28:46.698:退出connect函数                            File: Line:0 Function: Type:Debug:
DateTime:2026-08-28 17:28:46.698:"=========【测试槽位透传关闭】结束=========="                            File: Line:0 Function: Type:Debug:
DateTime:2026-08-28 17:28:46.698:"-----------------------------"                            File: Line:0 Function: Type:Debug:
DateTime:2026-08-28 17:28:46.699:"=============执行【测试槽位下电】==================="                            File: Line:0 Function: Type:Debug:
DateTime:2026-08-28 17:28:46.699:"执行接口函数SimuCorn_power_off"                            File: Line:0 Function: Type:Debug:
DateTime:2026-08-28 17:28:46.699:callWorkFunction: SimuCorn_power_off                            File: Line:0 Function: Type:Debug:
DateTime:2026-08-28 17:28:46.699:找到对应函数，进入执行                            File: Line:0 Function: Type:Debug:
DateTime:2026-08-28 17:28:46.699:"工装发送：68 3E 00 3E 00 68 40 00 00 00 00 00 21 60 00 00 02 00 02 02 00 C7 16"                            File: Line:0 Function: Type:Debug:
DateTime:2026-08-28 17:28:46.700:"工装接收：68 32 00 32 00 68 80 00 00 00 00 00 00 60 00 00 01 00 E1 16 68 32 00 32 00 68 80 00 00 00 00 00 00 60 00 00 01 00 E1 16"                            File: Line:0 Function: Type:Debug:
DateTime:2026-08-28 17:28:46.700:"m_baRecvMsg:"                            File: Line:0 Function: Type:Debug:
DateTime:2026-08-28 17:28:46.700:"frameList.size():2"                            File: Line:0 Function: Type:Debug:
DateTime:2026-08-28 17:28:46.700:"进入报文解析"                            File: Line:0 Function: Type:Debug:
DateTime:2026-08-28 17:28:46.700:"68 32 00 32 00 68 80 00 00 00 00 00 00 60 00 00 01 00 E1 16"                            File: Line:0 Function: Type:Debug:
DateTime:2026-08-28 17:28:46.700:"解码完成，功能码: 1"                            File: Line:0 Function: Type:Debug:
DateTime:2026-08-28 17:28:46.700:"工装回复确认帧"                            File: Line:0 Function: Type:Debug:
DateTime:2026-08-28 17:28:46.700:"工装发送：68 3E 00 3E 00 68 40 00 00 00 00 00 21 60 00 00 02 00 03 02 00 C8 16"                            File: Line:0 Function: Type:Debug:
DateTime:2026-08-28 17:28:46.700:"工装接收：68 32 00 32 00 68 80 00 00 00 00 00 00 60 00 00 01 00 E1 16"                            File: Line:0 Function: Type:Debug:
DateTime:2026-08-28 17:28:46.701:"m_baRecvMsg:"                            File: Line:0 Function: Type:Debug:
DateTime:2026-08-28 17:28:46.701:"frameList.size():1"                            File: Line:0 Function: Type:Debug:
DateTime:2026-08-28 17:28:46.701:"进入报文解析"                            File: Line:0 Function: Type:Debug:
DateTime:2026-08-28 17:28:46.701:"68 32 00 32 00 68 80 00 00 00 00 00 00 60 00 00 01 00 E1 16"                            File: Line:0 Function: Type:Debug:
DateTime:2026-08-28 17:28:46.701:"解码完成，功能码: 1"                            File: Line:0 Function: Type:Debug:
DateTime:2026-08-28 17:28:46.701:"工装回复确认帧"                            File: Line:0 Function: Type:Debug:
DateTime:2026-08-28 17:28:46.701:"工装发送：68 3E 00 3E 00 68 40 00 00 00 00 00 21 60 00 00 02 00 04 02 00 C9 16"                            File: Line:0 Function: Type:Debug:
DateTime:2026-08-28 17:28:46.701:"工装接收：68 32 00 32 00 68 80 00 00 00 00 00 00 60 00 00 01 00 E1 16"                            File: Line:0 Function: Type:Debug:
DateTime:2026-08-28 17:28:46.701:"m_baRecvMsg:"                            File: Line:0 Function: Type:Debug:
DateTime:2026-08-28 17:28:46.701:"frameList.size():1"                            File: Line:0 Function: Type:Debug:
DateTime:2026-08-28 17:28:46.701:"进入报文解析"                            File: Line:0 Function: Type:Debug:
DateTime:2026-08-28 17:28:46.701:"68 32 00 32 00 68 80 00 00 00 00 00 00 60 00 00 01 00 E1 16"                            File: Line:0 Function: Type:Debug:
DateTime:2026-08-28 17:28:46.701:"解码完成，功能码: 1"                            File: Line:0 Function: Type:Debug:
DateTime:2026-08-28 17:28:46.701:"工装回复确认帧"                            File: Line:0 Function: Type:Debug:
DateTime:2026-08-28 17:28:46.702:"工装发送：68 3E 00 3E 00 68 40 00 00 00 00 00 21 60 00 00 02 00 05 02 00 CA 16"                            File: Line:0 Function: Type:Debug:
DateTime:2026-08-28 17:28:46.702:"工装接收：68 32 00 32 00 68 80 00 00 00 00 00 00 60 00 00 01 00 E1 16"                            File: Line:0 Function: Type:Debug:
DateTime:2026-08-28 17:28:46.702:"m_baRecvMsg:"                            File: Line:0 Function: Type:Debug:
DateTime:2026-08-28 17:28:46.702:"frameList.size():1"                            File: Line:0 Function: Type:Debug:
DateTime:2026-08-28 17:28:46.702:"进入报文解析"                            File: Line:0 Function: Type:Debug:
DateTime:2026-08-28 17:28:46.702:"68 32 00 32 00 68 80 00 00 00 00 00 00 60 00 00 01 00 E1 16"                            File: Line:0 Function: Type:Debug:
DateTime:2026-08-28 17:28:46.702:"解码完成，功能码: 1"                            File: Line:0 Function: Type:Debug:
DateTime:2026-08-28 17:28:46.702:"工装回复确认帧"                            File: Line:0 Function: Type:Debug:
DateTime:2026-08-28 17:28:46.702:"工装发送：68 3E 00 3E 00 68 40 00 00 00 00 00 21 60 00 00 02 00 06 02 00 CB 16"                            File: Line:0 Function: Type:Debug:
DateTime:2026-08-28 17:28:46.703:"工装接收：68 32 00 32 00 68 80 00 00 00 00 00 00 60 00 00 01 00 E1 16"                            File: Line:0 Function: Type:Debug:
DateTime:2026-08-28 17:28:46.703:"m_baRecvMsg:"                            File: Line:0 Function: Type:Debug:
DateTime:2026-08-28 17:28:46.703:"frameList.size():1"                            File: Line:0 Function: Type:Debug:
DateTime:2026-08-28 17:28:46.703:"进入报文解析"                            File: Line:0 Function: Type:Debug:
DateTime:2026-08-28 17:28:46.703:"68 32 00 32 00 68 80 00 00 00 00 00 00 60 00 00 01 00 E1 16"                            File: Line:0 Function: Type:Debug:
DateTime:2026-08-28 17:28:46.703:"解码完成，功能码: 1"                            File: Line:0 Function: Type:Debug:
DateTime:2026-08-28 17:28:46.703:"工装回复确认帧"                            File: Line:0 Function: Type:Debug:
DateTime:2026-08-28 17:28:46.703:"工装发送：68 3E 00 3E 00 68 40 00 00 00 00 00 21 60 00 00 02 00 07 02 00 CC 16"                            File: Line:0 Function: Type:Debug:
DateTime:2026-08-28 17:28:46.704:"工装接收：68 32 00 32 00 68 80 00 00 00 00 00 00 60 00 00 01 00 E1 16"                            File: Line:0 Function: Type:Debug:
DateTime:2026-08-28 17:28:46.704:"m_baRecvMsg:"                            File: Line:0 Function: Type:Debug:
DateTime:2026-08-28 17:28:46.704:"frameList.size():1"                            File: Line:0 Function: Type:Debug:
DateTime:2026-08-28 17:28:46.704:"进入报文解析"                            File: Line:0 Function: Type:Debug:
DateTime:2026-08-28 17:28:46.704:"68 32 00 32 00 68 80 00 00 00 00 00 00 60 00 00 01 00 E1 16"                            File: Line:0 Function: Type:Debug:
DateTime:2026-08-28 17:28:46.704:"解码完成，功能码: 1"                            File: Line:0 Function: Type:Debug:
DateTime:2026-08-28 17:28:46.704:"工装回复确认帧"                            File: Line:0 Function: Type:Debug:
DateTime:2026-08-28 17:28:46.704:"工装发送：68 3E 00 3E 00 68 40 00 00 00 00 00 21 60 00 00 02 00 08 02 00 CD 16"                            File: Line:0 Function: Type:Debug:
DateTime:2026-08-28 17:28:46.704:"工装接收：68 32 00 32 00 68 80 00 00 00 00 00 00 60 00 00 01 00 E1 16"                            File: Line:0 Function: Type:Debug:
DateTime:2026-08-28 17:28:46.705:"m_baRecvMsg:"                            File: Line:0 Function: Type:Debug:
DateTime:2026-08-28 17:28:46.705:"frameList.size():1"                            File: Line:0 Function: Type:Debug:
DateTime:2026-08-28 17:28:46.705:"进入报文解析"                            File: Line:0 Function: Type:Debug:
DateTime:2026-08-28 17:28:46.705:"68 32 00 32 00 68 80 00 00 00 00 00 00 60 00 00 01 00 E1 16"                            File: Line:0 Function: Type:Debug:
DateTime:2026-08-28 17:28:46.705:"解码完成，功能码: 1"                            File: Line:0 Function: Type:Debug:
DateTime:2026-08-28 17:28:46.705:"工装回复确认帧"                            File: Line:0 Function: Type:Debug:
DateTime:2026-08-28 17:28:46.705:"所有槽位下电成功"                            File: Line:0 Function: Type:Debug:
DateTime:2026-08-28 17:28:46.805:dll输出信息: ""                            File: Line:0 Function: Type:Debug:
DateTime:2026-08-28 17:28:46.805:接口函数调用成功，返回的结果为 0                            File: Line:0 Function: Type:Debug:
DateTime:2026-08-28 17:28:46.805:"外部传入的para：0，返回的result：0,返回的pValRet：0"                            File: Line:0 Function: Type:Debug:
DateTime:2026-08-28 17:28:46.805:"执行接口函数SimuCorn_power_off完成"                            File: Line:0 Function: Type:Debug:
DateTime:2026-08-28 17:28:46.805:coorIndex 0                            File: Line:0 Function: Type:Debug:
DateTime:2026-08-28 17:28:46.805:当前流程结束                            File: Line:0 Function: Type:Debug:
DateTime:2026-08-28 17:28:46.805:退出connect函数                            File: Line:0 Function: Type:Debug:
DateTime:2026-08-28 17:28:46.806:"=========【测试槽位下电】结束=========="                            File: Line:0 Function: Type:Debug:
DateTime:2026-08-28 17:28:46.806:"-----------------------------"                            File: Line:0 Function: Type:Debug:
DateTime:2026-08-28 17:28:46.806:"=============执行【三相功率源关源】==================="                            File: Line:0 Function: Type:Debug:
DateTime:2026-08-28 17:28:46.806:"--发送:A1 01 04 DC 07 00 E3"                            File: Line:0 Function: Type:Debug:
DateTime:2026-08-28 17:28:46.907:三相功率源关源成功                            File: Line:0 Function: Type:Debug:
DateTime:2026-08-28 17:28:46.907:"=========【三相功率源关源】结束=========="                            File: Line:0 Function: Type:Debug:
DateTime:2026-08-28 17:28:46.907:"-----------------------------"                            File: Line:0 Function: Type:Debug:
DateTime:2026-08-28 17:28:46.908:"=============执行【关闭应用串口】==================="                            File: Line:0 Function: Type:Debug:
DateTime:2026-08-28 17:28:46.908:"执行接口函数ini_SimuCorn_Connect_Close"                            File: Line:0 Function: Type:Debug:
DateTime:2026-08-28 17:28:46.908:callWorkFunction: ini_SimuCorn_Connect_Close                            File: Line:0 Function: Type:Debug:
DateTime:2026-08-28 17:28:46.908:找到对应函数，进入执行                            File: Line:0 Function: Type:Debug:
DateTime:2026-08-28 17:28:46.909:"工装板连接关闭"                            File: Line:0 Function: Type:Debug:
DateTime:2026-08-28 17:28:47.010:dll输出信息: ""                            File: Line:0 Function: Type:Debug:
DateTime:2026-08-28 17:28:47.010:接口函数调用成功，返回的结果为 0                            File: Line:0 Function: Type:Debug:
DateTime:2026-08-28 17:28:47.010:"外部传入的para：0，返回的result：0,返回的pValRet：0"                            File: Line:0 Function: Type:Debug:
DateTime:2026-08-28 17:28:47.010:"执行接口函数ini_SimuCorn_Connect_Close完成"                            File: Line:0 Function: Type:Debug:
DateTime:2026-08-28 17:28:47.010:coorIndex 0                            File: Line:0 Function: Type:Debug:
DateTime:2026-08-28 17:28:47.010:当前流程结束                            File: Line:0 Function: Type:Debug:
DateTime:2026-08-28 17:28:47.010:退出connect函数                            File: Line:0 Function: Type:Debug:
DateTime:2026-08-28 17:28:47.010:"=========【关闭应用串口】结束=========="                            File: Line:0 Function: Type:Debug:
DateTime:2026-08-28 17:28:47.011:"-----------------------------"                            File: Line:0 Function: Type:Debug:
DateTime:2026-08-28 17:28:47.011:工作结束,开始存储本地数据                            File: Line:0 Function: Type:Debug:
DateTime:2026-08-28 17:28:47.037:三相功率源串口关闭成功                            File: Line:0 Function: Type:Debug:
DateTime:2026-08-28 17:28:47.037:高低温箱串口关闭成功                            File: Line:0 Function: Type:Debug:
DateTime:2026-08-28 17:28:47.041:"保存测试结果成功"                            File: Line:0 Function: Type:Debug:
DateTime:2026-08-28 17:28:47.041:"=============执行【关闭测试项日志】==================="                            File: Line:0 Function: Type:Debug:
====== 测试项结束: 初始化命令类检测 ======
时间: 2026-08-28 17:28:47

