====== 测试项开始: 扩展协议数据转发检测 ======
时间: 2026-08-27 10:57:13
DateTime:2026-08-27 10:57:13.046:"=========【开启测试项日志】结束=========="                            File: Line:0 Function: Type:Debug:
DateTime:2026-08-27 10:57:13.046:"-----------------------------"                            File: Line:0 Function: Type:Debug:
DateTime:2026-08-27 10:57:13.047:"=============执行【Step1-应用串口初始化】==================="                            File: Line:0 Function: Type:Debug:
DateTime:2026-08-27 10:57:13.047:"执行接口函数ini_SimuCorn_Connect"                            File: Line:0 Function: Type:Debug:
DateTime:2026-08-27 10:57:13.047:callWorkFunction: ini_SimuCorn_Connect                            File: Line:0 Function: Type:Debug:
DateTime:2026-08-27 10:57:13.047:找到对应函数，进入执行                            File: Line:0 Function: Type:Debug:
DateTime:2026-08-27 10:57:13.049:"全部工装板连接成功"                            File: Line:0 Function: Type:Debug:
DateTime:2026-08-27 10:57:13.150:dll输出信息: ""                            File: Line:0 Function: Type:Debug:
DateTime:2026-08-27 10:57:13.150:接口函数调用成功，返回的结果为 0                            File: Line:0 Function: Type:Debug:
DateTime:2026-08-27 10:57:13.150:"外部传入的para：0，返回的result：0,返回的pValRet：0"                            File: Line:0 Function: Type:Debug:
DateTime:2026-08-27 10:57:13.150:"执行接口函数ini_SimuCorn_Connect完成"                            File: Line:0 Function: Type:Debug:
DateTime:2026-08-27 10:57:13.152:coorIndex 0                            File: Line:0 Function: Type:Debug:
DateTime:2026-08-27 10:57:13.152:当前流程结束                            File: Line:0 Function: Type:Debug:
DateTime:2026-08-27 10:57:13.152:退出connect函数                            File: Line:0 Function: Type:Debug:
DateTime:2026-08-27 10:57:13.152:"=========【Step1-应用串口初始化】结束=========="                            File: Line:0 Function: Type:Debug:
DateTime:2026-08-27 10:57:13.152:"-----------------------------"                            File: Line:0 Function: Type:Debug:
DateTime:2026-08-27 10:57:13.154:"=============执行【三相功率源初始化连接】==================="                            File: Line:0 Function: Type:Debug:
DateTime:2026-08-27 10:57:13.154:port "COM11"                            File: Line:0 Function: Type:Debug:
DateTime:2026-08-27 10:57:13.156:三相功率源初始化连接成功                            File: Line:0 Function: Type:Debug:
DateTime:2026-08-27 10:57:13.156:"=========【三相功率源初始化连接】结束=========="                            File: Line:0 Function: Type:Debug:
DateTime:2026-08-27 10:57:13.156:"-----------------------------"                            File: Line:0 Function: Type:Debug:
DateTime:2026-08-27 10:57:13.158:"=============执行【三相功率源生源参数初始化】==================="                            File: Line:0 Function: Type:Debug:
DateTime:2026-08-27 10:57:13.158:"--发送:A1 01 04 D1 10 01 E2"                            File: Line:0 Function: Type:Debug:
DateTime:2026-08-27 10:57:13.258:"--发送:A1 01 05 C8 05 00 00 CD"                            File: Line:0 Function: Type:Debug:
DateTime:2026-08-27 10:57:13.359:"--发送:A1 01 07 D6 00 02 20 00 00 F8"                            File: Line:0 Function: Type:Debug:
DateTime:2026-08-27 10:57:13.460:"--发送:A1 01 07 D8 00 01 00 00 00 D9"                            File: Line:0 Function: Type:Debug:
DateTime:2026-08-27 10:57:13.561:"--发送:A1 01 05 D5 50 00 00 25"                            File: Line:0 Function: Type:Debug:
DateTime:2026-08-27 10:57:13.661:"=========【三相功率源生源参数初始化】结束=========="                            File: Line:0 Function: Type:Debug:
DateTime:2026-08-27 10:57:13.661:"-----------------------------"                            File: Line:0 Function: Type:Debug:
DateTime:2026-08-27 10:57:13.662:"=============执行【三相功率源升源】==================="                            File: Line:0 Function: Type:Debug:
DateTime:2026-08-27 10:57:13.662:"--发送:A1 01 04 DC 07 01 E4"                            File: Line:0 Function: Type:Debug:
DateTime:2026-08-27 10:57:13.764:三相功率源生源成功                            File: Line:0 Function: Type:Debug:
DateTime:2026-08-27 10:57:13.764:"=========【三相功率源升源】结束=========="                            File: Line:0 Function: Type:Debug:
DateTime:2026-08-27 10:57:13.764:"-----------------------------"                            File: Line:0 Function: Type:Debug:
DateTime:2026-08-27 10:57:13.765:"=============执行【路由测试槽位上电】==================="                            File: Line:0 Function: Type:Debug:
DateTime:2026-08-27 10:57:13.765:"执行接口函数SimuCorn_power_on"                            File: Line:0 Function: Type:Debug:
DateTime:2026-08-27 10:57:13.765:callWorkFunction: SimuCorn_power_on                            File: Line:0 Function: Type:Debug:
DateTime:2026-08-27 10:57:13.766:找到对应函数，进入执行                            File: Line:0 Function: Type:Debug:
DateTime:2026-08-27 10:57:13.766:"工装发送：68 3E 00 3E 00 68 40 00 00 00 00 00 21 60 00 00 02 00 02 02 01 C8 16"                            File: Line:0 Function: Type:Debug:
DateTime:2026-08-27 10:57:13.766:"工装接收：68 32 00 32 00 68 80 00 00 00 00 00 00 60 00 00 01 00 E1 16"                            File: Line:0 Function: Type:Debug:
DateTime:2026-08-27 10:57:13.766:"m_baRecvMsg:"                            File: Line:0 Function: Type:Debug:
DateTime:2026-08-27 10:57:13.766:"frameList.size():1"                            File: Line:0 Function: Type:Debug:
DateTime:2026-08-27 10:57:13.766:"进入报文解析"                            File: Line:0 Function: Type:Debug:
DateTime:2026-08-27 10:57:13.766:"68 32 00 32 00 68 80 00 00 00 00 00 00 60 00 00 01 00 E1 16"                            File: Line:0 Function: Type:Debug:
DateTime:2026-08-27 10:57:13.766:"解码完成，功能码: 1"                            File: Line:0 Function: Type:Debug:
DateTime:2026-08-27 10:57:13.766:"工装回复确认帧"                            File: Line:0 Function: Type:Debug:
DateTime:2026-08-27 10:57:13.766:"所有槽位上电成功"                            File: Line:0 Function: Type:Debug:
DateTime:2026-08-27 10:57:13.868:dll输出信息: ""                            File: Line:0 Function: Type:Debug:
DateTime:2026-08-27 10:57:13.868:接口函数调用成功，返回的结果为 0                            File: Line:0 Function: Type:Debug:
DateTime:2026-08-27 10:57:13.868:"外部传入的para：0，返回的result：0,返回的pValRet：0"                            File: Line:0 Function: Type:Debug:
DateTime:2026-08-27 10:57:13.868:"执行接口函数SimuCorn_power_on完成"                            File: Line:0 Function: Type:Debug:
DateTime:2026-08-27 10:57:13.869:coorIndex 0                            File: Line:0 Function: Type:Debug:
DateTime:2026-08-27 10:57:13.869:当前流程结束                            File: Line:0 Function: Type:Debug:
DateTime:2026-08-27 10:57:13.869:退出connect函数                            File: Line:0 Function: Type:Debug:
DateTime:2026-08-27 10:57:13.870:"=========【路由测试槽位上电】结束=========="                            File: Line:0 Function: Type:Debug:
DateTime:2026-08-27 10:57:13.870:"-----------------------------"                            File: Line:0 Function: Type:Debug:
DateTime:2026-08-27 10:57:13.871:"=============执行【STA测试槽位上电】==================="                            File: Line:0 Function: Type:Debug:
DateTime:2026-08-27 10:57:13.871:"执行接口函数SimuCorn_power_on"                            File: Line:0 Function: Type:Debug:
DateTime:2026-08-27 10:57:13.871:callWorkFunction: SimuCorn_power_on                            File: Line:0 Function: Type:Debug:
DateTime:2026-08-27 10:57:13.871:找到对应函数，进入执行                            File: Line:0 Function: Type:Debug:
DateTime:2026-08-27 10:57:13.871:"工装发送：68 3E 00 3E 00 68 40 00 00 00 00 00 21 60 00 00 02 00 03 02 01 C9 16"                            File: Line:0 Function: Type:Debug:
DateTime:2026-08-27 10:57:13.872:"工装接收：68 32 00 32 00 68 80 00 00 00 00 00 00 60 00 00 01 00 E1 16"                            File: Line:0 Function: Type:Debug:
DateTime:2026-08-27 10:57:13.872:"m_baRecvMsg:"                            File: Line:0 Function: Type:Debug:
DateTime:2026-08-27 10:57:13.872:"frameList.size():1"                            File: Line:0 Function: Type:Debug:
DateTime:2026-08-27 10:57:13.872:"进入报文解析"                            File: Line:0 Function: Type:Debug:
DateTime:2026-08-27 10:57:13.872:"68 32 00 32 00 68 80 00 00 00 00 00 00 60 00 00 01 00 E1 16"                            File: Line:0 Function: Type:Debug:
DateTime:2026-08-27 10:57:13.872:"解码完成，功能码: 1"                            File: Line:0 Function: Type:Debug:
DateTime:2026-08-27 10:57:13.872:"工装回复确认帧"                            File: Line:0 Function: Type:Debug:
DateTime:2026-08-27 10:57:13.872:"工装发送：68 3E 00 3E 00 68 40 00 00 00 00 00 21 60 00 00 02 00 04 02 01 CA 16"                            File: Line:0 Function: Type:Debug:
DateTime:2026-08-27 10:57:13.873:"工装接收：68 32 00 32 00 68 80 00 00 00 00 00 00 60 00 00 01 00 E1 16"                            File: Line:0 Function: Type:Debug:
DateTime:2026-08-27 10:57:13.873:"m_baRecvMsg:"                            File: Line:0 Function: Type:Debug:
DateTime:2026-08-27 10:57:13.873:"frameList.size():1"                            File: Line:0 Function: Type:Debug:
DateTime:2026-08-27 10:57:13.873:"进入报文解析"                            File: Line:0 Function: Type:Debug:
DateTime:2026-08-27 10:57:13.873:"68 32 00 32 00 68 80 00 00 00 00 00 00 60 00 00 01 00 E1 16"                            File: Line:0 Function: Type:Debug:
DateTime:2026-08-27 10:57:13.873:"解码完成，功能码: 1"                            File: Line:0 Function: Type:Debug:
DateTime:2026-08-27 10:57:13.873:"工装回复确认帧"                            File: Line:0 Function: Type:Debug:
DateTime:2026-08-27 10:57:13.873:"工装发送：68 3E 00 3E 00 68 40 00 00 00 00 00 21 60 00 00 02 00 05 02 01 CB 16"                            File: Line:0 Function: Type:Debug:
DateTime:2026-08-27 10:57:13.873:"工装接收：68 32 00 32 00 68 80 00 00 00 00 00 00 60 00 00 01 00 E1 16"                            File: Line:0 Function: Type:Debug:
DateTime:2026-08-27 10:57:13.873:"m_baRecvMsg:"                            File: Line:0 Function: Type:Debug:
DateTime:2026-08-27 10:57:13.874:"frameList.size():1"                            File: Line:0 Function: Type:Debug:
DateTime:2026-08-27 10:57:13.874:"进入报文解析"                            File: Line:0 Function: Type:Debug:
DateTime:2026-08-27 10:57:13.874:"68 32 00 32 00 68 80 00 00 00 00 00 00 60 00 00 01 00 E1 16"                            File: Line:0 Function: Type:Debug:
DateTime:2026-08-27 10:57:13.874:"解码完成，功能码: 1"                            File: Line:0 Function: Type:Debug:
DateTime:2026-08-27 10:57:13.874:"工装回复确认帧"                            File: Line:0 Function: Type:Debug:
DateTime:2026-08-27 10:57:13.874:"工装发送：68 3E 00 3E 00 68 40 00 00 00 00 00 21 60 00 00 02 00 06 02 01 CC 16"                            File: Line:0 Function: Type:Debug:
DateTime:2026-08-27 10:57:13.874:"工装接收：68 32 00 32 00 68 80 00 00 00 00 00 00 60 00 00 01 00 E1 16"                            File: Line:0 Function: Type:Debug:
DateTime:2026-08-27 10:57:13.874:"m_baRecvMsg:"                            File: Line:0 Function: Type:Debug:
DateTime:2026-08-27 10:57:13.874:"frameList.size():1"                            File: Line:0 Function: Type:Debug:
DateTime:2026-08-27 10:57:13.874:"进入报文解析"                            File: Line:0 Function: Type:Debug:
DateTime:2026-08-27 10:57:13.874:"68 32 00 32 00 68 80 00 00 00 00 00 00 60 00 00 01 00 E1 16"                            File: Line:0 Function: Type:Debug:
DateTime:2026-08-27 10:57:13.874:"解码完成，功能码: 1"                            File: Line:0 Function: Type:Debug:
DateTime:2026-08-27 10:57:13.874:"工装回复确认帧"                            File: Line:0 Function: Type:Debug:
DateTime:2026-08-27 10:57:13.874:"工装发送：68 3E 00 3E 00 68 40 00 00 00 00 00 21 60 00 00 02 00 07 02 01 CD 16"                            File: Line:0 Function: Type:Debug:
DateTime:2026-08-27 10:57:13.875:"工装接收：68 32 00 32 00 68 80 00 00 00 00 00 00 60 00 00 01 00 E1 16"                            File: Line:0 Function: Type:Debug:
DateTime:2026-08-27 10:57:13.875:"m_baRecvMsg:"                            File: Line:0 Function: Type:Debug:
DateTime:2026-08-27 10:57:13.875:"frameList.size():1"                            File: Line:0 Function: Type:Debug:
DateTime:2026-08-27 10:57:13.875:"进入报文解析"                            File: Line:0 Function: Type:Debug:
DateTime:2026-08-27 10:57:13.875:"68 32 00 32 00 68 80 00 00 00 00 00 00 60 00 00 01 00 E1 16"                            File: Line:0 Function: Type:Debug:
DateTime:2026-08-27 10:57:13.875:"解码完成，功能码: 1"                            File: Line:0 Function: Type:Debug:
DateTime:2026-08-27 10:57:13.875:"工装回复确认帧"                            File: Line:0 Function: Type:Debug:
DateTime:2026-08-27 10:57:13.875:"工装发送：68 3E 00 3E 00 68 40 00 00 00 00 00 21 60 00 00 02 00 08 02 01 CE 16"                            File: Line:0 Function: Type:Debug:
DateTime:2026-08-27 10:57:13.876:"工装接收：68 32 00 32 00 68 80 00 00 00 00 00 00 60 00 00 01 00 E1 16"                            File: Line:0 Function: Type:Debug:
DateTime:2026-08-27 10:57:13.876:"m_baRecvMsg:"                            File: Line:0 Function: Type:Debug:
DateTime:2026-08-27 10:57:13.876:"frameList.size():1"                            File: Line:0 Function: Type:Debug:
DateTime:2026-08-27 10:57:13.876:"进入报文解析"                            File: Line:0 Function: Type:Debug:
DateTime:2026-08-27 10:57:13.876:"68 32 00 32 00 68 80 00 00 00 00 00 00 60 00 00 01 00 E1 16"                            File: Line:0 Function: Type:Debug:
DateTime:2026-08-27 10:57:13.876:"解码完成，功能码: 1"                            File: Line:0 Function: Type:Debug:
DateTime:2026-08-27 10:57:13.876:"工装回复确认帧"                            File: Line:0 Function: Type:Debug:
DateTime:2026-08-27 10:57:13.876:"所有槽位上电成功"                            File: Line:0 Function: Type:Debug:
DateTime:2026-08-27 10:57:13.977:dll输出信息: ""                            File: Line:0 Function: Type:Debug:
DateTime:2026-08-27 10:57:13.977:接口函数调用成功，返回的结果为 0                            File: Line:0 Function: Type:Debug:
DateTime:2026-08-27 10:57:13.977:"外部传入的para：0，返回的result：0,返回的pValRet：0"                            File: Line:0 Function: Type:Debug:
DateTime:2026-08-27 10:57:13.977:"执行接口函数SimuCorn_power_on完成"                            File: Line:0 Function: Type:Debug:
DateTime:2026-08-27 10:57:13.978:coorIndex 0                            File: Line:0 Function: Type:Debug:
DateTime:2026-08-27 10:57:13.978:当前流程结束                            File: Line:0 Function: Type:Debug:
DateTime:2026-08-27 10:57:13.978:退出connect函数                            File: Line:0 Function: Type:Debug:
DateTime:2026-08-27 10:57:13.978:"=========【STA测试槽位上电】结束=========="                            File: Line:0 Function: Type:Debug:
DateTime:2026-08-27 10:57:13.979:"-----------------------------"                            File: Line:0 Function: Type:Debug:
DateTime:2026-08-27 10:57:13.980:"=============执行【执行延时】==================="                            File: Line:0 Function: Type:Debug:
DateTime:2026-08-27 10:57:13.980:"执行接口函数Func_Delay_OnlyWait"                            File: Line:0 Function: Type:Debug:
DateTime:2026-08-27 10:57:13.980:callWorkFunction: Func_Delay_OnlyWait                            File: Line:0 Function: Type:Debug:
DateTime:2026-08-27 10:57:13.980:找到对应函数，进入执行                            File: Line:0 Function: Type:Debug:
DateTime:2026-08-27 10:57:13.980:"延时时间为40s"                            File: Line:0 Function: Type:Debug:
DateTime:2026-08-27 10:57:53.981:"延时时间到"                            File: Line:0 Function: Type:Debug:
DateTime:2026-08-27 10:57:54.081:dll输出信息: ""                            File: Line:0 Function: Type:Debug:
DateTime:2026-08-27 10:57:54.081:接口函数调用成功，返回的结果为 0                            File: Line:0 Function: Type:Debug:
DateTime:2026-08-27 10:57:54.081:"外部传入的para：0，返回的result：0,返回的pValRet：0"                            File: Line:0 Function: Type:Debug:
DateTime:2026-08-27 10:57:54.081:"执行接口函数Func_Delay_OnlyWait完成"                            File: Line:0 Function: Type:Debug:
DateTime:2026-08-27 10:57:54.082:coorIndex 0                            File: Line:0 Function: Type:Debug:
DateTime:2026-08-27 10:57:54.082:当前流程结束                            File: Line:0 Function: Type:Debug:
DateTime:2026-08-27 10:57:54.082:退出connect函数                            File: Line:0 Function: Type:Debug:
DateTime:2026-08-27 10:57:54.083:"=========【执行延时】结束=========="                            File: Line:0 Function: Type:Debug:
DateTime:2026-08-27 10:57:54.083:"-----------------------------"                            File: Line:0 Function: Type:Debug:
DateTime:2026-08-27 10:57:54.085:"=============执行【测试槽位下电】==================="                            File: Line:0 Function: Type:Debug:
DateTime:2026-08-27 10:57:54.085:"执行接口函数SimuCorn_power_off"                            File: Line:0 Function: Type:Debug:
DateTime:2026-08-27 10:57:54.085:callWorkFunction: SimuCorn_power_off                            File: Line:0 Function: Type:Debug:
DateTime:2026-08-27 10:57:54.085:找到对应函数，进入执行                            File: Line:0 Function: Type:Debug:
DateTime:2026-08-27 10:57:54.085:"工装发送：68 3E 00 3E 00 68 40 00 00 00 00 00 21 60 00 00 02 00 01 02 00 C6 16"                            File: Line:0 Function: Type:Debug:
DateTime:2026-08-27 10:57:54.086:"工装接收：68 32 00 32 00 68 80 00 00 00 00 00 00 60 00 00 01 00 E1 16"                            File: Line:0 Function: Type:Debug:
DateTime:2026-08-27 10:57:54.086:"m_baRecvMsg:"                            File: Line:0 Function: Type:Debug:
DateTime:2026-08-27 10:57:54.086:"frameList.size():1"                            File: Line:0 Function: Type:Debug:
DateTime:2026-08-27 10:57:54.086:"进入报文解析"                            File: Line:0 Function: Type:Debug:
DateTime:2026-08-27 10:57:54.086:"68 32 00 32 00 68 80 00 00 00 00 00 00 60 00 00 01 00 E1 16"                            File: Line:0 Function: Type:Debug:
DateTime:2026-08-27 10:57:54.086:"解码完成，功能码: 1"                            File: Line:0 Function: Type:Debug:
DateTime:2026-08-27 10:57:54.086:"工装回复确认帧"                            File: Line:0 Function: Type:Debug:
DateTime:2026-08-27 10:57:54.086:"工装发送：68 3E 00 3E 00 68 40 00 00 00 00 00 21 60 00 00 02 00 02 02 00 C7 16"                            File: Line:0 Function: Type:Debug:
DateTime:2026-08-27 10:57:54.087:"工装接收：68 32 00 32 00 68 80 00 00 00 00 00 00 60 00 00 01 00 E1 16"                            File: Line:0 Function: Type:Debug:
DateTime:2026-08-27 10:57:54.087:"m_baRecvMsg:"                            File: Line:0 Function: Type:Debug:
DateTime:2026-08-27 10:57:54.087:"frameList.size():1"                            File: Line:0 Function: Type:Debug:
DateTime:2026-08-27 10:57:54.087:"进入报文解析"                            File: Line:0 Function: Type:Debug:
DateTime:2026-08-27 10:57:54.087:"68 32 00 32 00 68 80 00 00 00 00 00 00 60 00 00 01 00 E1 16"                            File: Line:0 Function: Type:Debug:
DateTime:2026-08-27 10:57:54.087:"解码完成，功能码: 1"                            File: Line:0 Function: Type:Debug:
DateTime:2026-08-27 10:57:54.087:"工装回复确认帧"                            File: Line:0 Function: Type:Debug:
DateTime:2026-08-27 10:57:54.087:"工装发送：68 3E 00 3E 00 68 40 00 00 00 00 00 21 60 00 00 02 00 03 02 00 C8 16"                            File: Line:0 Function: Type:Debug:
DateTime:2026-08-27 10:57:54.088:"工装接收：68 32 00 32 00 68 80 00 00 00 00 00 00 60 00 00 01 00 E1 16"                            File: Line:0 Function: Type:Debug:
DateTime:2026-08-27 10:57:54.088:"m_baRecvMsg:"                            File: Line:0 Function: Type:Debug:
DateTime:2026-08-27 10:57:54.088:"frameList.size():1"                            File: Line:0 Function: Type:Debug:
DateTime:2026-08-27 10:57:54.088:"进入报文解析"                            File: Line:0 Function: Type:Debug:
DateTime:2026-08-27 10:57:54.088:"68 32 00 32 00 68 80 00 00 00 00 00 00 60 00 00 01 00 E1 16"                            File: Line:0 Function: Type:Debug:
DateTime:2026-08-27 10:57:54.088:"解码完成，功能码: 1"                            File: Line:0 Function: Type:Debug:
DateTime:2026-08-27 10:57:54.088:"工装回复确认帧"                            File: Line:0 Function: Type:Debug:
DateTime:2026-08-27 10:57:54.088:"工装发送：68 3E 00 3E 00 68 40 00 00 00 00 00 21 60 00 00 02 00 04 02 00 C9 16"                            File: Line:0 Function: Type:Debug:
DateTime:2026-08-27 10:57:54.089:"工装接收：68 32 00 32 00 68 80 00 00 00 00 00 00 60 00 00 01 00 E1 16"                            File: Line:0 Function: Type:Debug:
DateTime:2026-08-27 10:57:54.089:"m_baRecvMsg:"                            File: Line:0 Function: Type:Debug:
DateTime:2026-08-27 10:57:54.089:"frameList.size():1"                            File: Line:0 Function: Type:Debug:
DateTime:2026-08-27 10:57:54.089:"进入报文解析"                            File: Line:0 Function: Type:Debug:
DateTime:2026-08-27 10:57:54.089:"68 32 00 32 00 68 80 00 00 00 00 00 00 60 00 00 01 00 E1 16"                            File: Line:0 Function: Type:Debug:
DateTime:2026-08-27 10:57:54.089:"解码完成，功能码: 1"                            File: Line:0 Function: Type:Debug:
DateTime:2026-08-27 10:57:54.089:"工装回复确认帧"                            File: Line:0 Function: Type:Debug:
DateTime:2026-08-27 10:57:54.089:"工装发送：68 3E 00 3E 00 68 40 00 00 00 00 00 21 60 00 00 02 00 05 02 00 CA 16"                            File: Line:0 Function: Type:Debug:
DateTime:2026-08-27 10:57:54.089:"工装接收：68 32 00 32 00 68 80 00 00 00 00 00 00 60 00 00 01 00 E1 16"                            File: Line:0 Function: Type:Debug:
DateTime:2026-08-27 10:57:54.089:"m_baRecvMsg:"                            File: Line:0 Function: Type:Debug:
DateTime:2026-08-27 10:57:54.089:"frameList.size():1"                            File: Line:0 Function: Type:Debug:
DateTime:2026-08-27 10:57:54.089:"进入报文解析"                            File: Line:0 Function: Type:Debug:
DateTime:2026-08-27 10:57:54.089:"68 32 00 32 00 68 80 00 00 00 00 00 00 60 00 00 01 00 E1 16"                            File: Line:0 Function: Type:Debug:
DateTime:2026-08-27 10:57:54.090:"解码完成，功能码: 1"                            File: Line:0 Function: Type:Debug:
DateTime:2026-08-27 10:57:54.090:"工装回复确认帧"                            File: Line:0 Function: Type:Debug:
DateTime:2026-08-27 10:57:54.090:"工装发送：68 3E 00 3E 00 68 40 00 00 00 00 00 21 60 00 00 02 00 06 02 00 CB 16"                            File: Line:0 Function: Type:Debug:
DateTime:2026-08-27 10:57:54.090:"工装接收：68 32 00 32 00 68 80 00 00 00 00 00 00 60 00 00 01 00 E1 16"                            File: Line:0 Function: Type:Debug:
DateTime:2026-08-27 10:57:54.090:"m_baRecvMsg:"                            File: Line:0 Function: Type:Debug:
DateTime:2026-08-27 10:57:54.090:"frameList.size():1"                            File: Line:0 Function: Type:Debug:
DateTime:2026-08-27 10:57:54.090:"进入报文解析"                            File: Line:0 Function: Type:Debug:
DateTime:2026-08-27 10:57:54.090:"68 32 00 32 00 68 80 00 00 00 00 00 00 60 00 00 01 00 E1 16"                            File: Line:0 Function: Type:Debug:
DateTime:2026-08-27 10:57:54.090:"解码完成，功能码: 1"                            File: Line:0 Function: Type:Debug:
DateTime:2026-08-27 10:57:54.090:"工装回复确认帧"                            File: Line:0 Function: Type:Debug:
DateTime:2026-08-27 10:57:54.090:"工装发送：68 3E 00 3E 00 68 40 00 00 00 00 00 21 60 00 00 02 00 07 02 00 CC 16"                            File: Line:0 Function: Type:Debug:
DateTime:2026-08-27 10:57:54.091:"工装接收：68 32 00 32 00 68 80 00 00 00 00 00 00 60 00 00 01 00 E1 16"                            File: Line:0 Function: Type:Debug:
DateTime:2026-08-27 10:57:54.091:"m_baRecvMsg:"                            File: Line:0 Function: Type:Debug:
DateTime:2026-08-27 10:57:54.091:"frameList.size():1"                            File: Line:0 Function: Type:Debug:
DateTime:2026-08-27 10:57:54.091:"进入报文解析"                            File: Line:0 Function: Type:Debug:
DateTime:2026-08-27 10:57:54.091:"68 32 00 32 00 68 80 00 00 00 00 00 00 60 00 00 01 00 E1 16"                            File: Line:0 Function: Type:Debug:
DateTime:2026-08-27 10:57:54.091:"解码完成，功能码: 1"                            File: Line:0 Function: Type:Debug:
DateTime:2026-08-27 10:57:54.091:"工装回复确认帧"                            File: Line:0 Function: Type:Debug:
DateTime:2026-08-27 10:57:54.091:"工装发送：68 3E 00 3E 00 68 40 00 00 00 00 00 21 60 00 00 02 00 08 02 00 CD 16"                            File: Line:0 Function: Type:Debug:
DateTime:2026-08-27 10:57:54.092:"工装接收：68 32 00 32 00 68 80 00 00 00 00 00 00 60 00 00 01 00 E1 16"                            File: Line:0 Function: Type:Debug:
DateTime:2026-08-27 10:57:54.092:"m_baRecvMsg:"                            File: Line:0 Function: Type:Debug:
DateTime:2026-08-27 10:57:54.092:"frameList.size():1"                            File: Line:0 Function: Type:Debug:
DateTime:2026-08-27 10:57:54.092:"进入报文解析"                            File: Line:0 Function: Type:Debug:
DateTime:2026-08-27 10:57:54.092:"68 32 00 32 00 68 80 00 00 00 00 00 00 60 00 00 01 00 E1 16"                            File: Line:0 Function: Type:Debug:
DateTime:2026-08-27 10:57:54.092:"解码完成，功能码: 1"                            File: Line:0 Function: Type:Debug:
DateTime:2026-08-27 10:57:54.092:"工装回复确认帧"                            File: Line:0 Function: Type:Debug:
DateTime:2026-08-27 10:57:54.092:"所有槽位下电成功"                            File: Line:0 Function: Type:Debug:
DateTime:2026-08-27 10:57:54.193:dll输出信息: ""                            File: Line:0 Function: Type:Debug:
DateTime:2026-08-27 10:57:54.193:接口函数调用成功，返回的结果为 0                            File: Line:0 Function: Type:Debug:
DateTime:2026-08-27 10:57:54.193:"外部传入的para：0，返回的result：0,返回的pValRet：0"                            File: Line:0 Function: Type:Debug:
DateTime:2026-08-27 10:57:54.193:"执行接口函数SimuCorn_power_off完成"                            File: Line:0 Function: Type:Debug:
DateTime:2026-08-27 10:57:54.194:coorIndex 0                            File: Line:0 Function: Type:Debug:
DateTime:2026-08-27 10:57:54.195:当前流程结束                            File: Line:0 Function: Type:Debug:
DateTime:2026-08-27 10:57:54.195:退出connect函数                            File: Line:0 Function: Type:Debug:
DateTime:2026-08-27 10:57:54.195:"=========【测试槽位下电】结束=========="                            File: Line:0 Function: Type:Debug:
DateTime:2026-08-27 10:57:54.195:"-----------------------------"                            File: Line:0 Function: Type:Debug:
DateTime:2026-08-27 10:57:54.196:"=============执行【三相功率源关源】==================="                            File: Line:0 Function: Type:Debug:
DateTime:2026-08-27 10:57:54.196:"--发送:A1 01 04 DC 07 00 E3"                            File: Line:0 Function: Type:Debug:
DateTime:2026-08-27 10:57:54.298:三相功率源关源成功                            File: Line:0 Function: Type:Debug:
DateTime:2026-08-27 10:57:54.298:"=========【三相功率源关源】结束=========="                            File: Line:0 Function: Type:Debug:
DateTime:2026-08-27 10:57:54.298:"-----------------------------"                            File: Line:0 Function: Type:Debug:
DateTime:2026-08-27 10:57:54.299:"=============执行【执行延时】==================="                            File: Line:0 Function: Type:Debug:
DateTime:2026-08-27 10:57:54.299:"执行接口函数Func_Delay_OnlyWait"                            File: Line:0 Function: Type:Debug:
DateTime:2026-08-27 10:57:54.299:callWorkFunction: Func_Delay_OnlyWait                            File: Line:0 Function: Type:Debug:
DateTime:2026-08-27 10:57:54.300:找到对应函数，进入执行                            File: Line:0 Function: Type:Debug:
DateTime:2026-08-27 10:57:54.300:"延时时间为20s"                            File: Line:0 Function: Type:Debug:
DateTime:2026-08-27 10:58:14.300:"延时时间到"                            File: Line:0 Function: Type:Debug:
DateTime:2026-08-27 10:58:14.401:dll输出信息: ""                            File: Line:0 Function: Type:Debug:
DateTime:2026-08-27 10:58:14.401:接口函数调用成功，返回的结果为 0                            File: Line:0 Function: Type:Debug:
DateTime:2026-08-27 10:58:14.401:"外部传入的para：0，返回的result：0,返回的pValRet：0"                            File: Line:0 Function: Type:Debug:
DateTime:2026-08-27 10:58:14.401:"执行接口函数Func_Delay_OnlyWait完成"                            File: Line:0 Function: Type:Debug:
DateTime:2026-08-27 10:58:14.402:coorIndex 0                            File: Line:0 Function: Type:Debug:
DateTime:2026-08-27 10:58:14.403:当前流程结束                            File: Line:0 Function: Type:Debug:
DateTime:2026-08-27 10:58:14.403:退出connect函数                            File: Line:0 Function: Type:Debug:
DateTime:2026-08-27 10:58:14.403:"=========【执行延时】结束=========="                            File: Line:0 Function: Type:Debug:
DateTime:2026-08-27 10:58:14.403:"-----------------------------"                            File: Line:0 Function: Type:Debug:
DateTime:2026-08-27 10:58:14.404:"=============执行【三相功率源初始化连接】==================="                            File: Line:0 Function: Type:Debug:
DateTime:2026-08-27 10:58:14.404:port "COM11"                            File: Line:0 Function: Type:Debug:
DateTime:2026-08-27 10:58:19.407:"=========【三相功率源初始化连接】结束=========="                            File: Line:0 Function: Type:Debug:
DateTime:2026-08-27 10:58:19.407:"-----------------------------"                            File: Line:0 Function: Type:Debug:
DateTime:2026-08-27 10:58:19.408:"=============执行【三相功率源生源参数初始化】==================="                            File: Line:0 Function: Type:Debug:
DateTime:2026-08-27 10:58:19.409:"--发送:A1 01 04 D1 10 01 E2"                            File: Line:0 Function: Type:Debug:
DateTime:2026-08-27 10:58:19.509:"--发送:A1 01 05 C8 05 00 00 CD"                            File: Line:0 Function: Type:Debug:
DateTime:2026-08-27 10:58:19.610:"--发送:A1 01 07 D6 00 02 20 00 00 F8"                            File: Line:0 Function: Type:Debug:
DateTime:2026-08-27 10:58:19.711:"--发送:A1 01 07 D8 00 01 00 00 00 D9"                            File: Line:0 Function: Type:Debug:
DateTime:2026-08-27 10:58:19.812:"--发送:A1 01 05 D5 50 00 00 25"                            File: Line:0 Function: Type:Debug:
DateTime:2026-08-27 10:58:19.912:"=========【三相功率源生源参数初始化】结束=========="                            File: Line:0 Function: Type:Debug:
DateTime:2026-08-27 10:58:19.912:"-----------------------------"                            File: Line:0 Function: Type:Debug:
DateTime:2026-08-27 10:58:19.913:"=============执行【三相功率源升源】==================="                            File: Line:0 Function: Type:Debug:
DateTime:2026-08-27 10:58:19.913:"--发送:A1 01 04 DC 07 01 E4"                            File: Line:0 Function: Type:Debug:
DateTime:2026-08-27 10:58:20.015:三相功率源生源成功                            File: Line:0 Function: Type:Debug:
DateTime:2026-08-27 10:58:20.015:"=========【三相功率源升源】结束=========="                            File: Line:0 Function: Type:Debug:
DateTime:2026-08-27 10:58:20.015:"-----------------------------"                            File: Line:0 Function: Type:Debug:
DateTime:2026-08-27 10:58:20.016:"=============执行【初始化工装参数】==================="                            File: Line:0 Function: Type:Debug:
DateTime:2026-08-27 10:58:20.017:"执行接口函数ini_SimuCorn_Para"                            File: Line:0 Function: Type:Debug:
DateTime:2026-08-27 10:58:20.017:callWorkFunction: ini_SimuCorn_Para                            File: Line:0 Function: Type:Debug:
DateTime:2026-08-27 10:58:20.017:找到对应函数，进入执行                            File: Line:0 Function: Type:Debug:
DateTime:2026-08-27 10:58:20.017:"工装板参数初始化完成"                            File: Line:0 Function: Type:Debug:
DateTime:2026-08-27 10:58:20.118:dll输出信息: ""                            File: Line:0 Function: Type:Debug:
DateTime:2026-08-27 10:58:20.118:接口函数调用成功，返回的结果为 0                            File: Line:0 Function: Type:Debug:
DateTime:2026-08-27 10:58:20.118:"外部传入的para：0，返回的result：0,返回的pValRet：0"                            File: Line:0 Function: Type:Debug:
DateTime:2026-08-27 10:58:20.118:"执行接口函数ini_SimuCorn_Para完成"                            File: Line:0 Function: Type:Debug:
DateTime:2026-08-27 10:58:20.119:coorIndex 0                            File: Line:0 Function: Type:Debug:
DateTime:2026-08-27 10:58:20.119:当前流程结束                            File: Line:0 Function: Type:Debug:
DateTime:2026-08-27 10:58:20.119:退出connect函数                            File: Line:0 Function: Type:Debug:
DateTime:2026-08-27 10:58:20.119:"=========【初始化工装参数】结束=========="                            File: Line:0 Function: Type:Debug:
DateTime:2026-08-27 10:58:20.120:"-----------------------------"                            File: Line:0 Function: Type:Debug:
DateTime:2026-08-27 10:58:20.121:"=============执行【测试槽位设置波特率】==================="                            File: Line:0 Function: Type:Debug:
DateTime:2026-08-27 10:58:20.121:"执行接口函数SimuCorn_set_baudrate"                            File: Line:0 Function: Type:Debug:
DateTime:2026-08-27 10:58:20.121:callWorkFunction: SimuCorn_set_baudrate                            File: Line:0 Function: Type:Debug:
DateTime:2026-08-27 10:58:20.121:找到对应函数，进入执行                            File: Line:0 Function: Type:Debug:
DateTime:2026-08-27 10:58:20.121:"工装发送：68 3A 00 3A 00 68 40 00 00 00 00 00 22 60 00 00 08 00 02 02 CE 16"                            File: Line:0 Function: Type:Debug:
DateTime:2026-08-27 10:58:20.122:"工装接收：68 32 00 32 00 68 80 00 00 00 00 00 00 60 00 00 01 00 E1 16"                            File: Line:0 Function: Type:Debug:
DateTime:2026-08-27 10:58:20.122:"m_baRecvMsg:"                            File: Line:0 Function: Type:Debug:
DateTime:2026-08-27 10:58:20.122:"frameList.size():1"                            File: Line:0 Function: Type:Debug:
DateTime:2026-08-27 10:58:20.122:"进入报文解析"                            File: Line:0 Function: Type:Debug:
DateTime:2026-08-27 10:58:20.122:"68 32 00 32 00 68 80 00 00 00 00 00 00 60 00 00 01 00 E1 16"                            File: Line:0 Function: Type:Debug:
DateTime:2026-08-27 10:58:20.122:"解码完成，功能码: 1"                            File: Line:0 Function: Type:Debug:
DateTime:2026-08-27 10:58:20.122:"工装回复确认帧"                            File: Line:0 Function: Type:Debug:
DateTime:2026-08-27 10:58:20.122:"全部槽位设置波特率成功"                            File: Line:0 Function: Type:Debug:
DateTime:2026-08-27 10:58:20.222:dll输出信息: ""                            File: Line:0 Function: Type:Debug:
DateTime:2026-08-27 10:58:20.222:接口函数调用成功，返回的结果为 0                            File: Line:0 Function: Type:Debug:
DateTime:2026-08-27 10:58:20.222:"外部传入的para：0，返回的result：0,返回的pValRet：0"                            File: Line:0 Function: Type:Debug:
DateTime:2026-08-27 10:58:20.222:"执行接口函数SimuCorn_set_baudrate完成"                            File: Line:0 Function: Type:Debug:
DateTime:2026-08-27 10:58:20.223:coorIndex 0                            File: Line:0 Function: Type:Debug:
DateTime:2026-08-27 10:58:20.223:当前流程结束                            File: Line:0 Function: Type:Debug:
DateTime:2026-08-27 10:58:20.223:退出connect函数                            File: Line:0 Function: Type:Debug:
DateTime:2026-08-27 10:58:20.223:"=========【测试槽位设置波特率】结束=========="                            File: Line:0 Function: Type:Debug:
DateTime:2026-08-27 10:58:20.223:"-----------------------------"                            File: Line:0 Function: Type:Debug:
DateTime:2026-08-27 10:58:20.225:"=============执行【测试槽位开启透传】==================="                            File: Line:0 Function: Type:Debug:
DateTime:2026-08-27 10:58:20.225:"执行接口函数SimuCorn_open_transport"                            File: Line:0 Function: Type:Debug:
DateTime:2026-08-27 10:58:20.225:callWorkFunction: SimuCorn_open_transport                            File: Line:0 Function: Type:Debug:
DateTime:2026-08-27 10:58:20.225:找到对应函数，进入执行                            File: Line:0 Function: Type:Debug:
DateTime:2026-08-27 10:58:20.225:"工装发送：68 42 00 42 00 68 40 00 00 00 00 00 22 60 00 00 01 00 02 01 3C 00 02 16"                            File: Line:0 Function: Type:Debug:
DateTime:2026-08-27 10:58:20.226:"工装接收：68 32 00 32 00 68 80 00 00 00 00 00 00 60 00 00 01 00 E1 16"                            File: Line:0 Function: Type:Debug:
DateTime:2026-08-27 10:58:20.226:"m_baRecvMsg:"                            File: Line:0 Function: Type:Debug:
DateTime:2026-08-27 10:58:20.226:"frameList.size():1"                            File: Line:0 Function: Type:Debug:
DateTime:2026-08-27 10:58:20.226:"进入报文解析"                            File: Line:0 Function: Type:Debug:
DateTime:2026-08-27 10:58:20.226:"68 32 00 32 00 68 80 00 00 00 00 00 00 60 00 00 01 00 E1 16"                            File: Line:0 Function: Type:Debug:
DateTime:2026-08-27 10:58:20.226:"解码完成，功能码: 1"                            File: Line:0 Function: Type:Debug:
DateTime:2026-08-27 10:58:20.226:"工装回复确认帧"                            File: Line:0 Function: Type:Debug:
DateTime:2026-08-27 10:58:20.226:"全部槽位开启透传成功"                            File: Line:0 Function: Type:Debug:
DateTime:2026-08-27 10:58:20.327:dll输出信息: ""                            File: Line:0 Function: Type:Debug:
DateTime:2026-08-27 10:58:20.327:接口函数调用成功，返回的结果为 0                            File: Line:0 Function: Type:Debug:
DateTime:2026-08-27 10:58:20.327:"外部传入的para：0，返回的result：0,返回的pValRet：0"                            File: Line:0 Function: Type:Debug:
DateTime:2026-08-27 10:58:20.327:"执行接口函数SimuCorn_open_transport完成"                            File: Line:0 Function: Type:Debug:
DateTime:2026-08-27 10:58:20.328:coorIndex 0                            File: Line:0 Function: Type:Debug:
DateTime:2026-08-27 10:58:20.328:当前流程结束                            File: Line:0 Function: Type:Debug:
DateTime:2026-08-27 10:58:20.329:退出connect函数                            File: Line:0 Function: Type:Debug:
DateTime:2026-08-27 10:58:20.329:"=========【测试槽位开启透传】结束=========="                            File: Line:0 Function: Type:Debug:
DateTime:2026-08-27 10:58:20.329:"-----------------------------"                            File: Line:0 Function: Type:Debug:
DateTime:2026-08-27 10:58:20.330:"=============执行【测试槽位透传关闭】==================="                            File: Line:0 Function: Type:Debug:
DateTime:2026-08-27 10:58:20.330:"执行接口函数SimuCorn_close_transport"                            File: Line:0 Function: Type:Debug:
DateTime:2026-08-27 10:58:20.330:callWorkFunction: SimuCorn_close_transport                            File: Line:0 Function: Type:Debug:
DateTime:2026-08-27 10:58:20.330:找到对应函数，进入执行                            File: Line:0 Function: Type:Debug:
DateTime:2026-08-27 10:58:20.330:"工装发送：68 42 00 42 00 68 40 00 00 00 00 00 22 60 00 00 01 00 03 00 3C 00 02 16"                            File: Line:0 Function: Type:Debug:
DateTime:2026-08-27 10:58:20.331:"工装接收：68 7A 00 7A 00 68 80 00 00 00 00 00 22 60 00 00 01 00 02 0F 00 68 0F 00 C3 00 00 00 00 00 5E 14 02 00 37 16 0F 16 68 32 00 32 00 68 80 00 00 00 00 00 00 60 00 00 01 00 E1 16"                            File: Line:0 Function: Type:Debug:
DateTime:2026-08-27 10:58:20.331:"m_baRecvMsg:"                            File: Line:0 Function: Type:Debug:
DateTime:2026-08-27 10:58:20.331:"frameList.size():2"                            File: Line:0 Function: Type:Debug:
DateTime:2026-08-27 10:58:20.331:"进入报文解析"                            File: Line:0 Function: Type:Debug:
DateTime:2026-08-27 10:58:20.331:"68 7A 00 7A 00 68 80 00 00 00 00 00 22 60 00 00 01 00 02 0F 00 68 0F 00 C3 00 00 00 00 00 5E 14 02 00 37 16 0F 16"                            File: Line:0 Function: Type:Debug:
DateTime:2026-08-27 10:58:20.331:"解码完成，功能码: 4"                            File: Line:0 Function: Type:Debug:
DateTime:2026-08-27 10:58:20.331:"工装接收到透传报文"                            File: Line:0 Function: Type:Debug:
DateTime:2026-08-27 10:58:20.331:"020F00680F00C300000000005E1402003716"                            File: Line:0 Function: Type:Debug:
DateTime:2026-08-27 10:58:20.331:"透传报文内容:68 0f 00 c3 00 00 00 00 00 5e 14 02 00 37 16"                            File: Line:0 Function: Type:Debug:
DateTime:2026-08-27 10:58:20.331:"进入报文解析"                            File: Line:0 Function: Type:Debug:
DateTime:2026-08-27 10:58:20.331:"68 32 00 32 00 68 80 00 00 00 00 00 00 60 00 00 01 00 E1 16"                            File: Line:0 Function: Type:Debug:
DateTime:2026-08-27 10:58:20.331:"解码完成，功能码: 1"                            File: Line:0 Function: Type:Debug:
DateTime:2026-08-27 10:58:20.331:"工装回复确认帧"                            File: Line:0 Function: Type:Debug:
DateTime:2026-08-27 10:58:20.331:"工装发送：68 42 00 42 00 68 40 00 00 00 00 00 22 60 00 00 01 00 04 00 3C 00 03 16"                            File: Line:0 Function: Type:Debug:
DateTime:2026-08-27 10:58:20.332:"工装接收：68 32 00 32 00 68 80 00 00 00 00 00 00 60 00 00 01 00 E1 16"                            File: Line:0 Function: Type:Debug:
DateTime:2026-08-27 10:58:20.332:"m_baRecvMsg:"                            File: Line:0 Function: Type:Debug:
DateTime:2026-08-27 10:58:20.332:"frameList.size():1"                            File: Line:0 Function: Type:Debug:
DateTime:2026-08-27 10:58:20.332:"进入报文解析"                            File: Line:0 Function: Type:Debug:
DateTime:2026-08-27 10:58:20.332:"68 32 00 32 00 68 80 00 00 00 00 00 00 60 00 00 01 00 E1 16"                            File: Line:0 Function: Type:Debug:
DateTime:2026-08-27 10:58:20.332:"解码完成，功能码: 1"                            File: Line:0 Function: Type:Debug:
DateTime:2026-08-27 10:58:20.332:"工装回复确认帧"                            File: Line:0 Function: Type:Debug:
DateTime:2026-08-27 10:58:20.332:"工装发送：68 42 00 42 00 68 40 00 00 00 00 00 22 60 00 00 01 00 05 00 3C 00 04 16"                            File: Line:0 Function: Type:Debug:
DateTime:2026-08-27 10:58:20.333:"工装接收：68 32 00 32 00 68 80 00 00 00 00 00 00 60 00 00 01 00 E1 16"                            File: Line:0 Function: Type:Debug:
DateTime:2026-08-27 10:58:20.333:"m_baRecvMsg:"                            File: Line:0 Function: Type:Debug:
DateTime:2026-08-27 10:58:20.333:"frameList.size():1"                            File: Line:0 Function: Type:Debug:
DateTime:2026-08-27 10:58:20.333:"进入报文解析"                            File: Line:0 Function: Type:Debug:
DateTime:2026-08-27 10:58:20.333:"68 32 00 32 00 68 80 00 00 00 00 00 00 60 00 00 01 00 E1 16"                            File: Line:0 Function: Type:Debug:
DateTime:2026-08-27 10:58:20.333:"解码完成，功能码: 1"                            File: Line:0 Function: Type:Debug:
DateTime:2026-08-27 10:58:20.333:"工装回复确认帧"                            File: Line:0 Function: Type:Debug:
DateTime:2026-08-27 10:58:20.333:"工装发送：68 42 00 42 00 68 40 00 00 00 00 00 22 60 00 00 01 00 06 00 3C 00 05 16"                            File: Line:0 Function: Type:Debug:
DateTime:2026-08-27 10:58:20.333:"工装接收：68 32 00 32 00 68 80 00 00 00 00 00 00 60 00 00 01 00 E1 16"                            File: Line:0 Function: Type:Debug:
DateTime:2026-08-27 10:58:20.333:"m_baRecvMsg:"                            File: Line:0 Function: Type:Debug:
DateTime:2026-08-27 10:58:20.333:"frameList.size():1"                            File: Line:0 Function: Type:Debug:
DateTime:2026-08-27 10:58:20.334:"进入报文解析"                            File: Line:0 Function: Type:Debug:
DateTime:2026-08-27 10:58:20.334:"68 32 00 32 00 68 80 00 00 00 00 00 00 60 00 00 01 00 E1 16"                            File: Line:0 Function: Type:Debug:
DateTime:2026-08-27 10:58:20.334:"解码完成，功能码: 1"                            File: Line:0 Function: Type:Debug:
DateTime:2026-08-27 10:58:20.334:"工装回复确认帧"                            File: Line:0 Function: Type:Debug:
DateTime:2026-08-27 10:58:20.334:"工装发送：68 42 00 42 00 68 40 00 00 00 00 00 22 60 00 00 01 00 07 00 3C 00 06 16"                            File: Line:0 Function: Type:Debug:
DateTime:2026-08-27 10:58:20.334:"工装接收：68 32 00 32 00 68 80 00 00 00 00 00 00 60 00 00 01 00 E1 16"                            File: Line:0 Function: Type:Debug:
DateTime:2026-08-27 10:58:20.334:"m_baRecvMsg:"                            File: Line:0 Function: Type:Debug:
DateTime:2026-08-27 10:58:20.334:"frameList.size():1"                            File: Line:0 Function: Type:Debug:
DateTime:2026-08-27 10:58:20.334:"进入报文解析"                            File: Line:0 Function: Type:Debug:
DateTime:2026-08-27 10:58:20.334:"68 32 00 32 00 68 80 00 00 00 00 00 00 60 00 00 01 00 E1 16"                            File: Line:0 Function: Type:Debug:
DateTime:2026-08-27 10:58:20.334:"解码完成，功能码: 1"                            File: Line:0 Function: Type:Debug:
DateTime:2026-08-27 10:58:20.334:"工装回复确认帧"                            File: Line:0 Function: Type:Debug:
DateTime:2026-08-27 10:58:20.334:"工装发送：68 42 00 42 00 68 40 00 00 00 00 00 22 60 00 00 01 00 08 00 3C 00 07 16"                            File: Line:0 Function: Type:Debug:
DateTime:2026-08-27 10:58:20.335:"工装接收：68 32 00 32 00 68 80 00 00 00 00 00 00 60 00 00 01 00 E1 16"                            File: Line:0 Function: Type:Debug:
DateTime:2026-08-27 10:58:20.335:"m_baRecvMsg:"                            File: Line:0 Function: Type:Debug:
DateTime:2026-08-27 10:58:20.335:"frameList.size():1"                            File: Line:0 Function: Type:Debug:
DateTime:2026-08-27 10:58:20.335:"进入报文解析"                            File: Line:0 Function: Type:Debug:
DateTime:2026-08-27 10:58:20.335:"68 32 00 32 00 68 80 00 00 00 00 00 00 60 00 00 01 00 E1 16"                            File: Line:0 Function: Type:Debug:
DateTime:2026-08-27 10:58:20.335:"解码完成，功能码: 1"                            File: Line:0 Function: Type:Debug:
DateTime:2026-08-27 10:58:20.335:"工装回复确认帧"                            File: Line:0 Function: Type:Debug:
DateTime:2026-08-27 10:58:20.335:"全部槽位关闭透传成功"                            File: Line:0 Function: Type:Debug:
DateTime:2026-08-27 10:58:20.436:dll输出信息: ""                            File: Line:0 Function: Type:Debug:
DateTime:2026-08-27 10:58:20.436:接口函数调用成功，返回的结果为 0                            File: Line:0 Function: Type:Debug:
DateTime:2026-08-27 10:58:20.436:"外部传入的para：0，返回的result：0,返回的pValRet：0"                            File: Line:0 Function: Type:Debug:
DateTime:2026-08-27 10:58:20.436:"执行接口函数SimuCorn_close_transport完成"                            File: Line:0 Function: Type:Debug:
DateTime:2026-08-27 10:58:20.437:coorIndex 0                            File: Line:0 Function: Type:Debug:
DateTime:2026-08-27 10:58:20.437:当前流程结束                            File: Line:0 Function: Type:Debug:
DateTime:2026-08-27 10:58:20.437:退出connect函数                            File: Line:0 Function: Type:Debug:
DateTime:2026-08-27 10:58:20.438:"=========【测试槽位透传关闭】结束=========="                            File: Line:0 Function: Type:Debug:
DateTime:2026-08-27 10:58:20.438:"-----------------------------"                            File: Line:0 Function: Type:Debug:
DateTime:2026-08-27 10:58:20.439:"=============执行【路由测试槽位上电】==================="                            File: Line:0 Function: Type:Debug:
DateTime:2026-08-27 10:58:20.439:"执行接口函数SimuCorn_power_on"                            File: Line:0 Function: Type:Debug:
DateTime:2026-08-27 10:58:20.439:callWorkFunction: SimuCorn_power_on                            File: Line:0 Function: Type:Debug:
DateTime:2026-08-27 10:58:20.439:找到对应函数，进入执行                            File: Line:0 Function: Type:Debug:
DateTime:2026-08-27 10:58:20.439:"工装发送：68 3E 00 3E 00 68 40 00 00 00 00 00 21 60 00 00 02 00 02 02 01 C8 16"                            File: Line:0 Function: Type:Debug:
DateTime:2026-08-27 10:58:20.440:"工装接收：68 32 00 32 00 68 80 00 00 00 00 00 00 60 00 00 01 00 E1 16"                            File: Line:0 Function: Type:Debug:
DateTime:2026-08-27 10:58:20.440:"m_baRecvMsg:"                            File: Line:0 Function: Type:Debug:
DateTime:2026-08-27 10:58:20.440:"frameList.size():1"                            File: Line:0 Function: Type:Debug:
DateTime:2026-08-27 10:58:20.440:"进入报文解析"                            File: Line:0 Function: Type:Debug:
DateTime:2026-08-27 10:58:20.440:"68 32 00 32 00 68 80 00 00 00 00 00 00 60 00 00 01 00 E1 16"                            File: Line:0 Function: Type:Debug:
DateTime:2026-08-27 10:58:20.440:"解码完成，功能码: 1"                            File: Line:0 Function: Type:Debug:
DateTime:2026-08-27 10:58:20.440:"工装回复确认帧"                            File: Line:0 Function: Type:Debug:
DateTime:2026-08-27 10:58:20.440:"所有槽位上电成功"                            File: Line:0 Function: Type:Debug:
DateTime:2026-08-27 10:58:20.542:dll输出信息: ""                            File: Line:0 Function: Type:Debug:
DateTime:2026-08-27 10:58:20.542:接口函数调用成功，返回的结果为 0                            File: Line:0 Function: Type:Debug:
DateTime:2026-08-27 10:58:20.542:"外部传入的para：0，返回的result：0,返回的pValRet：0"                            File: Line:0 Function: Type:Debug:
DateTime:2026-08-27 10:58:20.542:"执行接口函数SimuCorn_power_on完成"                            File: Line:0 Function: Type:Debug:
DateTime:2026-08-27 10:58:20.543:coorIndex 0                            File: Line:0 Function: Type:Debug:
DateTime:2026-08-27 10:58:20.543:当前流程结束                            File: Line:0 Function: Type:Debug:
DateTime:2026-08-27 10:58:20.543:退出connect函数                            File: Line:0 Function: Type:Debug:
DateTime:2026-08-27 10:58:20.544:"=========【路由测试槽位上电】结束=========="                            File: Line:0 Function: Type:Debug:
DateTime:2026-08-27 10:58:20.544:"-----------------------------"                            File: Line:0 Function: Type:Debug:
DateTime:2026-08-27 10:58:20.545:"=============执行【设置强电通路闭合(槽位5,6)】==================="                            File: Line:0 Function: Type:Debug:
DateTime:2026-08-27 10:58:20.545:"执行接口函数SimuCorn_get_set_simu_relay"                            File: Line:0 Function: Type:Debug:
DateTime:2026-08-27 10:58:20.545:callWorkFunction: SimuCorn_get_set_simu_relay                            File: Line:0 Function: Type:Debug:
DateTime:2026-08-27 10:58:20.545:找到对应函数，进入执行                            File: Line:0 Function: Type:Debug:
DateTime:2026-08-27 10:58:20.545:"工装发送：68 42 00 42 00 68 40 00 00 00 00 00 22 60 00 00 20 00 01 02 03 04 EC 16"                            File: Line:0 Function: Type:Debug:
DateTime:2026-08-27 10:58:20.554:"工装接收：68 32 00 32 00 68 80 00 00 00 00 00 00 60 00 00 01 00 E1 16"                            File: Line:0 Function: Type:Debug:
DateTime:2026-08-27 10:58:20.554:"m_baRecvMsg:"                            File: Line:0 Function: Type:Debug:
DateTime:2026-08-27 10:58:20.554:"frameList.size():1"                            File: Line:0 Function: Type:Debug:
DateTime:2026-08-27 10:58:20.554:"进入报文解析"                            File: Line:0 Function: Type:Debug:
DateTime:2026-08-27 10:58:20.554:"68 32 00 32 00 68 80 00 00 00 00 00 00 60 00 00 01 00 E1 16"                            File: Line:0 Function: Type:Debug:
DateTime:2026-08-27 10:58:20.554:"解码完成，功能码: 1"                            File: Line:0 Function: Type:Debug:
DateTime:2026-08-27 10:58:20.554:"工装回复确认帧"                            File: Line:0 Function: Type:Debug:
DateTime:2026-08-27 10:58:20.554:"设置强电通路成功"                            File: Line:0 Function: Type:Debug:
DateTime:2026-08-27 10:58:20.655:dll输出信息: ""                            File: Line:0 Function: Type:Debug:
DateTime:2026-08-27 10:58:20.655:接口函数调用成功，返回的结果为 0                            File: Line:0 Function: Type:Debug:
DateTime:2026-08-27 10:58:20.655:"外部传入的para：0，返回的result：0,返回的pValRet：0"                            File: Line:0 Function: Type:Debug:
DateTime:2026-08-27 10:58:20.655:"执行接口函数SimuCorn_get_set_simu_relay完成"                            File: Line:0 Function: Type:Debug:
DateTime:2026-08-27 10:58:20.656:coorIndex 0                            File: Line:0 Function: Type:Debug:
DateTime:2026-08-27 10:58:20.656:当前流程结束                            File: Line:0 Function: Type:Debug:
DateTime:2026-08-27 10:58:20.656:退出connect函数                            File: Line:0 Function: Type:Debug:
DateTime:2026-08-27 10:58:20.657:"=========【设置强电通路闭合(槽位5,6)】结束=========="                            File: Line:0 Function: Type:Debug:
DateTime:2026-08-27 10:58:20.657:"-----------------------------"                            File: Line:0 Function: Type:Debug:
DateTime:2026-08-27 10:58:20.658:"=============执行【设置强电通路闭合(槽位7,8)】==================="                            File: Line:0 Function: Type:Debug:
DateTime:2026-08-27 10:58:20.658:"执行接口函数SimuCorn_get_set_simu_relay"                            File: Line:0 Function: Type:Debug:
DateTime:2026-08-27 10:58:20.658:callWorkFunction: SimuCorn_get_set_simu_relay                            File: Line:0 Function: Type:Debug:
DateTime:2026-08-27 10:58:20.658:找到对应函数，进入执行                            File: Line:0 Function: Type:Debug:
DateTime:2026-08-27 10:58:20.658:"工装发送：68 42 00 42 00 68 40 00 00 00 00 00 22 60 00 00 20 00 11 12 13 14 2C 16"                            File: Line:0 Function: Type:Debug:
DateTime:2026-08-27 10:58:20.662:"工装接收：68 32 00 32 00 68 80 00 00 00 00 00 00 60 00 00 01 00 E1 16"                            File: Line:0 Function: Type:Debug:
DateTime:2026-08-27 10:58:20.663:"m_baRecvMsg:"                            File: Line:0 Function: Type:Debug:
DateTime:2026-08-27 10:58:20.663:"frameList.size():1"                            File: Line:0 Function: Type:Debug:
DateTime:2026-08-27 10:58:20.663:"进入报文解析"                            File: Line:0 Function: Type:Debug:
DateTime:2026-08-27 10:58:20.663:"68 32 00 32 00 68 80 00 00 00 00 00 00 60 00 00 01 00 E1 16"                            File: Line:0 Function: Type:Debug:
DateTime:2026-08-27 10:58:20.663:"解码完成，功能码: 1"                            File: Line:0 Function: Type:Debug:
DateTime:2026-08-27 10:58:20.663:"工装回复确认帧"                            File: Line:0 Function: Type:Debug:
DateTime:2026-08-27 10:58:20.663:"设置强电通路成功"                            File: Line:0 Function: Type:Debug:
DateTime:2026-08-27 10:58:20.764:dll输出信息: ""                            File: Line:0 Function: Type:Debug:
DateTime:2026-08-27 10:58:20.764:接口函数调用成功，返回的结果为 0                            File: Line:0 Function: Type:Debug:
DateTime:2026-08-27 10:58:20.764:"外部传入的para：0，返回的result：0,返回的pValRet：0"                            File: Line:0 Function: Type:Debug:
DateTime:2026-08-27 10:58:20.764:"执行接口函数SimuCorn_get_set_simu_relay完成"                            File: Line:0 Function: Type:Debug:
DateTime:2026-08-27 10:58:20.765:coorIndex 0                            File: Line:0 Function: Type:Debug:
DateTime:2026-08-27 10:58:20.765:当前流程结束                            File: Line:0 Function: Type:Debug:
DateTime:2026-08-27 10:58:20.765:退出connect函数                            File: Line:0 Function: Type:Debug:
DateTime:2026-08-27 10:58:20.766:"=========【设置强电通路闭合(槽位7,8)】结束=========="                            File: Line:0 Function: Type:Debug:
DateTime:2026-08-27 10:58:20.766:"-----------------------------"                            File: Line:0 Function: Type:Debug:
DateTime:2026-08-27 10:58:20.767:"=============执行【执行延时】==================="                            File: Line:0 Function: Type:Debug:
DateTime:2026-08-27 10:58:20.767:"执行接口函数Func_Delay"                            File: Line:0 Function: Type:Debug:
DateTime:2026-08-27 10:58:20.767:callWorkFunction: Func_Delay                            File: Line:0 Function: Type:Debug:
DateTime:2026-08-27 10:58:20.767:找到对应函数，进入执行                            File: Line:0 Function: Type:Debug:
DateTime:2026-08-27 10:58:20.767:"延时时间为5s"                            File: Line:0 Function: Type:Debug:
DateTime:2026-08-27 10:58:20.767:"uTimeSecond_ms:5000"                            File: Line:0 Function: Type:Debug:
DateTime:2026-08-27 10:58:23.789:"等待工装回复超时"                            File: Line:0 Function: Type:Debug:
DateTime:2026-08-27 10:58:26.811:"等待工装回复超时"                            File: Line:0 Function: Type:Debug:
DateTime:2026-08-27 10:58:26.811:"延时时间到"                            File: Line:0 Function: Type:Debug:
DateTime:2026-08-27 10:58:26.912:dll输出信息: ""                            File: Line:0 Function: Type:Debug:
DateTime:2026-08-27 10:58:26.912:接口函数调用成功，返回的结果为 0                            File: Line:0 Function: Type:Debug:
DateTime:2026-08-27 10:58:26.912:"外部传入的para：0，返回的result：0,返回的pValRet：0"                            File: Line:0 Function: Type:Debug:
DateTime:2026-08-27 10:58:26.912:"执行接口函数Func_Delay完成"                            File: Line:0 Function: Type:Debug:
DateTime:2026-08-27 10:58:26.913:coorIndex 0                            File: Line:0 Function: Type:Debug:
DateTime:2026-08-27 10:58:26.913:当前流程结束                            File: Line:0 Function: Type:Debug:
DateTime:2026-08-27 10:58:26.914:退出connect函数                            File: Line:0 Function: Type:Debug:
DateTime:2026-08-27 10:58:26.914:"=========【执行延时】结束=========="                            File: Line:0 Function: Type:Debug:
DateTime:2026-08-27 10:58:26.914:"-----------------------------"                            File: Line:0 Function: Type:Debug:
DateTime:2026-08-27 10:58:26.915:"=============执行【Step2-设置主节点地址】==================="                            File: Line:0 Function: Type:Debug:
DateTime:2026-08-27 10:58:26.915:"执行接口函数CCO_AFN55_F1"                            File: Line:0 Function: Type:Debug:
DateTime:2026-08-27 10:58:26.915:callWorkFunction: CCO_AFN55_F1                            File: Line:0 Function: Type:Debug:
DateTime:2026-08-27 10:58:26.915:找到对应函数，进入执行                            File: Line:0 Function: Type:Debug:
DateTime:2026-08-27 10:58:27.418:"等待工装回复超时"                            File: Line:0 Function: Type:Debug:
DateTime:2026-08-27 10:58:27.418:"开始组帧"                            File: Line:0 Function: Type:Debug:
DateTime:2026-08-27 10:58:27.418:"组帧结束"                            File: Line:0 Function: Type:Debug:
DateTime:2026-08-27 10:58:27.418:"367.2Send:设置主节点地址(55H-F1)：=>68 15 00 43 00 00 00 00 00 EE 55 01 00 12 90 78 56 34 12 3D 16"                            File: Line:0 Function: Type:Debug:
DateTime:2026-08-27 10:58:27.418:"槽位2透传:68960096006840000000000022600000010002013C00681500430000000000EE5501001290785634123D160F16"                            File: Line:0 Function: Type:Debug:
DateTime:2026-08-27 10:58:27.418:"工装发送：68 96 00 96 00 68 40 00 00 00 00 00 22 60 00 00 01 00 02 01 3C 00 68 15 00 43 00 00 00 00 00 EE 55 01 00 12 90 78 56 34 12 3D 16 0F 16"                            File: Line:0 Function: Type:Debug:
DateTime:2026-08-27 10:58:27.443:"工装接收：68 32 00 32 00 68 80 00 00 00 00 00 00 60 00 00 01 00 E1 16"                            File: Line:0 Function: Type:Debug:
DateTime:2026-08-27 10:58:27.443:"m_baRecvMsg:"                            File: Line:0 Function: Type:Debug:
DateTime:2026-08-27 10:58:27.443:"frameList.size():1"                            File: Line:0 Function: Type:Debug:
DateTime:2026-08-27 10:58:27.443:"进入报文解析"                            File: Line:0 Function: Type:Debug:
DateTime:2026-08-27 10:58:27.443:"68 32 00 32 00 68 80 00 00 00 00 00 00 60 00 00 01 00 E1 16"                            File: Line:0 Function: Type:Debug:
DateTime:2026-08-27 10:58:27.443:"解码完成，功能码: 1"                            File: Line:0 Function: Type:Debug:
DateTime:2026-08-27 10:58:27.443:"工装回复确认帧"                            File: Line:0 Function: Type:Debug:
DateTime:2026-08-27 10:58:27.760:"工装接收：68 7A 00 7A 00 68 80 00 00 00 00 00 22 60 00 00 01 00 02 0F 00 68 0F 00 80 00 00 00 00 00 EE 50 01 00 BF 16 1F 16"                            File: Line:0 Function: Type:Debug:
DateTime:2026-08-27 10:58:27.760:"m_baRecvMsg:"                            File: Line:0 Function: Type:Debug:
DateTime:2026-08-27 10:58:27.760:"frameList.size():1"                            File: Line:0 Function: Type:Debug:
DateTime:2026-08-27 10:58:27.760:"进入报文解析"                            File: Line:0 Function: Type:Debug:
DateTime:2026-08-27 10:58:27.760:"68 7A 00 7A 00 68 80 00 00 00 00 00 22 60 00 00 01 00 02 0F 00 68 0F 00 80 00 00 00 00 00 EE 50 01 00 BF 16 1F 16"                            File: Line:0 Function: Type:Debug:
DateTime:2026-08-27 10:58:27.760:"解码完成，功能码: 4"                            File: Line:0 Function: Type:Debug:
DateTime:2026-08-27 10:58:27.760:"工装接收到透传报文"                            File: Line:0 Function: Type:Debug:
DateTime:2026-08-27 10:58:27.760:"020F00680F00800000000000EE500100BF16"                            File: Line:0 Function: Type:Debug:
DateTime:2026-08-27 10:58:27.760:"透传报文内容:68 0f 00 80 00 00 00 00 00 ee 50 01 00 bf 16"                            File: Line:0 Function: Type:Debug:
DateTime:2026-08-27 10:58:30.480:"uTimeSecond_ms:5000"                            File: Line:0 Function: Type:Debug:
DateTime:2026-08-27 10:58:30.480:"查找结果: iret=0, wStart=0, dwOutLen=15, dwStreamLen=15, dwFindPos=0"                            File: Line:0 Function: Type:Debug:
DateTime:2026-08-27 10:58:30.480:"Receive:<= 68 0F 00 80 00 00 00 00 00 EE 50 01 00 BF 16"                            File: Line:0 Function: Type:Debug:
DateTime:2026-08-27 10:58:30.480:"解析：功能码-AFN=50H,Fn=1："                            File: Line:0 Function: Type:Debug:
DateTime:2026-08-27 10:58:30.480:"设置主节点地址成功"                            File: Line:0 Function: Type:Debug:
DateTime:2026-08-27 10:58:30.480:dll输出信息: ""                            File: Line:0 Function: Type:Debug:
DateTime:2026-08-27 10:58:30.480:接口函数调用成功，返回的结果为 0                            File: Line:0 Function: Type:Debug:
DateTime:2026-08-27 10:58:30.480:"外部传入的para：0，返回的result：0,返回的pValRet：0"                            File: Line:0 Function: Type:Debug:
DateTime:2026-08-27 10:58:30.480:"执行接口函数CCO_AFN55_F1完成"                            File: Line:0 Function: Type:Debug:
DateTime:2026-08-27 10:58:30.482:coorIndex 0                            File: Line:0 Function: Type:Debug:
DateTime:2026-08-27 10:58:30.482:当前流程结束                            File: Line:0 Function: Type:Debug:
DateTime:2026-08-27 10:58:30.482:退出connect函数                            File: Line:0 Function: Type:Debug:
DateTime:2026-08-27 10:58:30.483:"=========【Step2-设置主节点地址】结束=========="                            File: Line:0 Function: Type:Debug:
DateTime:2026-08-27 10:58:30.483:"-----------------------------"                            File: Line:0 Function: Type:Debug:
DateTime:2026-08-27 10:58:30.484:"=============执行【Step3-硬件初始化】==================="                            File: Line:0 Function: Type:Debug:
DateTime:2026-08-27 10:58:30.484:"执行接口函数CCO_AFN51_F1"                            File: Line:0 Function: Type:Debug:
DateTime:2026-08-27 10:58:30.484:callWorkFunction: CCO_AFN51_F1                            File: Line:0 Function: Type:Debug:
DateTime:2026-08-27 10:58:30.484:找到对应函数，进入执行                            File: Line:0 Function: Type:Debug:
DateTime:2026-08-27 10:58:30.988:"等待工装回复超时"                            File: Line:0 Function: Type:Debug:
DateTime:2026-08-27 10:58:30.988:"开始组帧"                            File: Line:0 Function: Type:Debug:
DateTime:2026-08-27 10:58:30.988:"组帧结束"                            File: Line:0 Function: Type:Debug:
DateTime:2026-08-27 10:58:30.988:"367.2Send:硬件初始化(51H-F1)：=>68 0F 00 43 00 00 00 00 00 EF 51 01 00 84 16"                            File: Line:0 Function: Type:Debug:
DateTime:2026-08-27 10:58:30.988:"槽位2透传:687E007E006840000000000022600000010002013C00680F00430000000000EF51010084169716"                            File: Line:0 Function: Type:Debug:
DateTime:2026-08-27 10:58:30.988:"工装发送：68 7E 00 7E 00 68 40 00 00 00 00 00 22 60 00 00 01 00 02 01 3C 00 68 0F 00 43 00 00 00 00 00 EF 51 01 00 84 16 97 16"                            File: Line:0 Function: Type:Debug:
DateTime:2026-08-27 10:58:31.006:"工装接收：68 32 00 32 00 68 80 00 00 00 00 00 00 60 00 00 01 00 E1 16"                            File: Line:0 Function: Type:Debug:
DateTime:2026-08-27 10:58:31.006:"m_baRecvMsg:"                            File: Line:0 Function: Type:Debug:
DateTime:2026-08-27 10:58:31.006:"frameList.size():1"                            File: Line:0 Function: Type:Debug:
DateTime:2026-08-27 10:58:31.006:"进入报文解析"                            File: Line:0 Function: Type:Debug:
DateTime:2026-08-27 10:58:31.006:"68 32 00 32 00 68 80 00 00 00 00 00 00 60 00 00 01 00 E1 16"                            File: Line:0 Function: Type:Debug:
DateTime:2026-08-27 10:58:31.006:"解码完成，功能码: 1"                            File: Line:0 Function: Type:Debug:
DateTime:2026-08-27 10:58:31.006:"工装回复确认帧"                            File: Line:0 Function: Type:Debug:
DateTime:2026-08-27 10:58:31.049:"工装接收：68 7A 00 7A 00 68 80 00 00 00 00 00 22 60 00 00 01 00 02 0F 00 68 0F 00 80 00 00 00 00 00 EF 50 01 00 C0 16 21 16"                            File: Line:0 Function: Type:Debug:
DateTime:2026-08-27 10:58:31.049:"m_baRecvMsg:"                            File: Line:0 Function: Type:Debug:
DateTime:2026-08-27 10:58:31.049:"frameList.size():1"                            File: Line:0 Function: Type:Debug:
DateTime:2026-08-27 10:58:31.049:"进入报文解析"                            File: Line:0 Function: Type:Debug:
DateTime:2026-08-27 10:58:31.049:"68 7A 00 7A 00 68 80 00 00 00 00 00 22 60 00 00 01 00 02 0F 00 68 0F 00 80 00 00 00 00 00 EF 50 01 00 C0 16 21 16"                            File: Line:0 Function: Type:Debug:
DateTime:2026-08-27 10:58:31.049:"解码完成，功能码: 4"                            File: Line:0 Function: Type:Debug:
DateTime:2026-08-27 10:58:31.049:"工装接收到透传报文"                            File: Line:0 Function: Type:Debug:
DateTime:2026-08-27 10:58:31.049:"020F00680F00800000000000EF500100C016"                            File: Line:0 Function: Type:Debug:
DateTime:2026-08-27 10:58:31.049:"透传报文内容:68 0f 00 80 00 00 00 00 00 ef 50 01 00 c0 16"                            File: Line:0 Function: Type:Debug:
DateTime:2026-08-27 10:58:34.071:"uTimeSecond_ms:5000"                            File: Line:0 Function: Type:Debug:
DateTime:2026-08-27 10:58:34.071:"查找结果: iret=0, wStart=0, dwOutLen=15, dwStreamLen=15, dwFindPos=0"                            File: Line:0 Function: Type:Debug:
DateTime:2026-08-27 10:58:34.071:"Receive:<= 68 0F 00 80 00 00 00 00 00 EF 50 01 00 C0 16"                            File: Line:0 Function: Type:Debug:
DateTime:2026-08-27 10:58:34.071:"解析：功能码-AFN=50H,Fn=1："                            File: Line:0 Function: Type:Debug:
DateTime:2026-08-27 10:58:34.071:"硬件初始化成功"                            File: Line:0 Function: Type:Debug:
DateTime:2026-08-27 10:58:34.071:dll输出信息: ""                            File: Line:0 Function: Type:Debug:
DateTime:2026-08-27 10:58:34.071:接口函数调用成功，返回的结果为 0                            File: Line:0 Function: Type:Debug:
DateTime:2026-08-27 10:58:34.071:"外部传入的para：0，返回的result：0,返回的pValRet：0"                            File: Line:0 Function: Type:Debug:
DateTime:2026-08-27 10:58:34.071:"执行接口函数CCO_AFN51_F1完成"                            File: Line:0 Function: Type:Debug:
DateTime:2026-08-27 10:58:34.073:coorIndex 0                            File: Line:0 Function: Type:Debug:
DateTime:2026-08-27 10:58:34.074:当前流程结束                            File: Line:0 Function: Type:Debug:
DateTime:2026-08-27 10:58:34.074:退出connect函数                            File: Line:0 Function: Type:Debug:
DateTime:2026-08-27 10:58:34.074:"=========【Step3-硬件初始化】结束=========="                            File: Line:0 Function: Type:Debug:
DateTime:2026-08-27 10:58:34.074:"-----------------------------"                            File: Line:0 Function: Type:Debug:
DateTime:2026-08-27 10:58:34.075:"=============执行【执行延时】==================="                            File: Line:0 Function: Type:Debug:
DateTime:2026-08-27 10:58:34.075:"执行接口函数Func_Delay"                            File: Line:0 Function: Type:Debug:
DateTime:2026-08-27 10:58:34.075:callWorkFunction: Func_Delay                            File: Line:0 Function: Type:Debug:
DateTime:2026-08-27 10:58:34.075:找到对应函数，进入执行                            File: Line:0 Function: Type:Debug:
DateTime:2026-08-27 10:58:34.076:"延时时间为60s"                            File: Line:0 Function: Type:Debug:
DateTime:2026-08-27 10:58:34.076:"uTimeSecond_ms:60000"                            File: Line:0 Function: Type:Debug:
DateTime:2026-08-27 10:58:37.098:"等待工装回复超时"                            File: Line:0 Function: Type:Debug:
DateTime:2026-08-27 10:58:40.120:"等待工装回复超时"                            File: Line:0 Function: Type:Debug:
DateTime:2026-08-27 10:58:43.142:"等待工装回复超时"                            File: Line:0 Function: Type:Debug:
DateTime:2026-08-27 10:58:46.164:"等待工装回复超时"                            File: Line:0 Function: Type:Debug:
DateTime:2026-08-27 10:58:49.186:"等待工装回复超时"                            File: Line:0 Function: Type:Debug:
DateTime:2026-08-27 10:58:52.208:"等待工装回复超时"                            File: Line:0 Function: Type:Debug:
DateTime:2026-08-27 10:58:55.230:"等待工装回复超时"                            File: Line:0 Function: Type:Debug:
DateTime:2026-08-27 10:58:58.252:"等待工装回复超时"                            File: Line:0 Function: Type:Debug:
DateTime:2026-08-27 10:59:01.274:"等待工装回复超时"                            File: Line:0 Function: Type:Debug:
DateTime:2026-08-27 10:59:04.296:"等待工装回复超时"                            File: Line:0 Function: Type:Debug:
DateTime:2026-08-27 10:59:07.318:"等待工装回复超时"                            File: Line:0 Function: Type:Debug:
DateTime:2026-08-27 10:59:10.339:"等待工装回复超时"                            File: Line:0 Function: Type:Debug:
DateTime:2026-08-27 10:59:13.361:"等待工装回复超时"                            File: Line:0 Function: Type:Debug:
DateTime:2026-08-27 10:59:16.383:"等待工装回复超时"                            File: Line:0 Function: Type:Debug:
DateTime:2026-08-27 10:59:19.405:"等待工装回复超时"                            File: Line:0 Function: Type:Debug:
DateTime:2026-08-27 10:59:22.427:"等待工装回复超时"                            File: Line:0 Function: Type:Debug:
DateTime:2026-08-27 10:59:25.449:"等待工装回复超时"                            File: Line:0 Function: Type:Debug:
DateTime:2026-08-27 10:59:28.471:"等待工装回复超时"                            File: Line:0 Function: Type:Debug:
DateTime:2026-08-27 10:59:31.493:"等待工装回复超时"                            File: Line:0 Function: Type:Debug:
DateTime:2026-08-27 10:59:33.821:"工装接收：68 9A 00 9A 00 68 80 00 00 00 00 00 22 60 00 00 01 00 02 17 00 68 17 00 C3 00 00 00 00 00 01 14 08 01 46 06 59 00 00 01 01 00 88 16 C1 16"                            File: Line:0 Function: Type:Debug:
DateTime:2026-08-27 10:59:33.821:"m_baRecvMsg:"                            File: Line:0 Function: Type:Debug:
DateTime:2026-08-27 10:59:33.821:"rameList.size():"                            File: Line:0 Function: Type:Debug:
DateTime:2026-08-27 10:59:33.821:"进入报文解析"                            File: Line:0 Function: Type:Debug:
DateTime:2026-08-27 10:59:33.822:"68 9A 00 9A 00 68 80 00 00 00 00 00 22 60 00 00 01 00 02 17 00 68 17 00 C3 00 00 00 00 00 01 14 08 01 46 06 59 00 00 01 01 00 88 16 C1 16"                            File: Line:0 Function: Type:Debug:
DateTime:2026-08-27 10:59:33.822:"解码完成，功能码: 4"                            File: Line:0 Function: Type:Debug:
DateTime:2026-08-27 10:59:33.822:"工装回复透传报文"                            File: Line:0 Function: Type:Debug:
DateTime:2026-08-27 10:59:33.822:"021700681700C300000000000114080146065900000101008816"                            File: Line:0 Function: Type:Debug:
DateTime:2026-08-27 10:59:33.822:"内容:68 17 00 c3 00 00 00 00 00 01 14 08 01 46 06 59 00 00 01 01 00 88 16"                            File: Line:0 Function: Type:Debug:
DateTime:2026-08-27 10:59:34.527:"等待工装回复超时"                            File: Line:0 Function: Type:Debug:
DateTime:2026-08-27 10:59:34.527:"延时时间到"                            File: Line:0 Function: Type:Debug:
DateTime:2026-08-27 10:59:34.628:dll输出信息: ""                            File: Line:0 Function: Type:Debug:
DateTime:2026-08-27 10:59:34.628:接口函数调用成功，返回的结果为 0                            File: Line:0 Function: Type:Debug:
DateTime:2026-08-27 10:59:34.628:"外部传入的para：0，返回的result：0,返回的pValRet：0"                            File: Line:0 Function: Type:Debug:
DateTime:2026-08-27 10:59:34.628:"执行接口函数Func_Delay完成"                            File: Line:0 Function: Type:Debug:
DateTime:2026-08-27 10:59:34.628:coorIndex 0                            File: Line:0 Function: Type:Debug:
DateTime:2026-08-27 10:59:34.629:当前流程结束                            File: Line:0 Function: Type:Debug:
DateTime:2026-08-27 10:59:34.629:退出connect函数                            File: Line:0 Function: Type:Debug:
DateTime:2026-08-27 10:59:34.629:"=========【执行延时】结束=========="                            File: Line:0 Function: Type:Debug:
DateTime:2026-08-27 10:59:34.629:"-----------------------------"                            File: Line:0 Function: Type:Debug:
DateTime:2026-08-27 10:59:34.631:"=============执行【Step4-参数区初始化】==================="                            File: Line:0 Function: Type:Debug:
DateTime:2026-08-27 10:59:34.631:"执行接口函数CCO_AFN51_F2"                            File: Line:0 Function: Type:Debug:
DateTime:2026-08-27 10:59:34.631:callWorkFunction: CCO_AFN51_F2                            File: Line:0 Function: Type:Debug:
DateTime:2026-08-27 10:59:34.631:找到对应函数，进入执行                            File: Line:0 Function: Type:Debug:
DateTime:2026-08-27 10:59:35.135:"等待工装回复超时"                            File: Line:0 Function: Type:Debug:
DateTime:2026-08-27 10:59:35.135:"开始组帧"                            File: Line:0 Function: Type:Debug:
DateTime:2026-08-27 10:59:35.135:"组帧结束"                            File: Line:0 Function: Type:Debug:
DateTime:2026-08-27 10:59:35.135:"367.2Send:参数初始化(51H-F2)：=>68 0F 00 43 00 00 00 00 00 F0 51 02 00 86 16"                            File: Line:0 Function: Type:Debug:
DateTime:2026-08-27 10:59:35.135:"槽位2透传:687E007E006840000000000022600000010002013C00680F00430000000000F051020086169B16"                            File: Line:0 Function: Type:Debug:
DateTime:2026-08-27 10:59:35.135:"工装发送：68 7E 00 7E 00 68 40 00 00 00 00 00 22 60 00 00 01 00 02 01 3C 00 68 0F 00 43 00 00 00 00 00 F0 51 02 00 86 16 9B 16"                            File: Line:0 Function: Type:Debug:
DateTime:2026-08-27 10:59:35.153:"工装接收：68 32 00 32 00 68 80 00 00 00 00 00 00 60 00 00 01 00 E1 16"                            File: Line:0 Function: Type:Debug:
DateTime:2026-08-27 10:59:35.153:"m_baRecvMsg:"                            File: Line:0 Function: Type:Debug:
DateTime:2026-08-27 10:59:35.153:"frameList.size():1"                            File: Line:0 Function: Type:Debug:
DateTime:2026-08-27 10:59:35.153:"进入报文解析"                            File: Line:0 Function: Type:Debug:
DateTime:2026-08-27 10:59:35.153:"68 32 00 32 00 68 80 00 00 00 00 00 00 60 00 00 01 00 E1 16"                            File: Line:0 Function: Type:Debug:
DateTime:2026-08-27 10:59:35.153:"解码完成，功能码: 1"                            File: Line:0 Function: Type:Debug:
DateTime:2026-08-27 10:59:35.153:"工装回复确认帧"                            File: Line:0 Function: Type:Debug:
DateTime:2026-08-27 10:59:35.196:"工装接收：68 7A 00 7A 00 68 80 00 00 00 00 00 22 60 00 00 01 00 02 0F 00 68 0F 00 80 00 00 00 00 00 F0 50 01 00 C1 16 23 16"                            File: Line:0 Function: Type:Debug:
DateTime:2026-08-27 10:59:35.196:"m_baRecvMsg:"                            File: Line:0 Function: Type:Debug:
DateTime:2026-08-27 10:59:35.196:"frameList.size():1"                            File: Line:0 Function: Type:Debug:
DateTime:2026-08-27 10:59:35.196:"进入报文解析"                            File: Line:0 Function: Type:Debug:
DateTime:2026-08-27 10:59:35.196:"68 7A 00 7A 00 68 80 00 00 00 00 00 22 60 00 00 01 00 02 0F 00 68 0F 00 80 00 00 00 00 00 F0 50 01 00 C1 16 23 16"                            File: Line:0 Function: Type:Debug:
DateTime:2026-08-27 10:59:35.196:"解码完成，功能码: 4"                            File: Line:0 Function: Type:Debug:
DateTime:2026-08-27 10:59:35.196:"工装接收到透传报文"                            File: Line:0 Function: Type:Debug:
DateTime:2026-08-27 10:59:35.196:"020F00680F00800000000000F0500100C116"                            File: Line:0 Function: Type:Debug:
DateTime:2026-08-27 10:59:35.196:"透传报文内容:68 0f 00 80 00 00 00 00 00 f0 50 01 00 c1 16"                            File: Line:0 Function: Type:Debug:
DateTime:2026-08-27 10:59:35.821:"工装接收：68 9A 00 9A 00 68 80 00 00 00 00 00 22 60 00 00 01 00 02 17 00 68 17 00 C3 00 00 00 00 00 02 14 08 01 47 06 02 01 00 01 01 00 34 16 19 16"                            File: Line:0 Function: Type:Debug:
DateTime:2026-08-27 10:59:35.821:"m_baRecvMsg:"                            File: Line:0 Function: Type:Debug:
DateTime:2026-08-27 10:59:35.821:"frameList.size():1"                            File: Line:0 Function: Type:Debug:
DateTime:2026-08-27 10:59:35.821:"进入报文解析"                            File: Line:0 Function: Type:Debug:
DateTime:2026-08-27 10:59:35.821:"68 9A 00 9A 00 68 80 00 00 00 00 00 22 60 00 00 01 00 02 17 00 68 17 00 C3 00 00 00 00 00 02 14 08 01 47 06 02 01 00 01 01 00 34 16 19 16"                            File: Line:0 Function: Type:Debug:
DateTime:2026-08-27 10:59:35.821:"解码完成，功能码: 4"                            File: Line:0 Function: Type:Debug:
DateTime:2026-08-27 10:59:35.821:"工装接收到透传报文"                            File: Line:0 Function: Type:Debug:
DateTime:2026-08-27 10:59:35.821:"021700681700C300000000000214080147060201000101003416"                            File: Line:0 Function: Type:Debug:
DateTime:2026-08-27 10:59:35.821:"透传报文内容:68 17 00 c3 00 00 00 00 00 02 14 08 01 47 06 02 01 00 01 01 00 34 16"                            File: Line:0 Function: Type:Debug:
DateTime:2026-08-27 10:59:37.812:"工装接收：68 7A 00 7A 00 68 80 00 00 00 00 00 22 60 00 00 01 00 02 0F 00 68 0F 00 C3 00 00 00 00 00 03 14 02 00 DC 16 59 16"                            File: Line:0 Function: Type:Debug:
DateTime:2026-08-27 10:59:37.812:"m_baRecvMsg:"                            File: Line:0 Function: Type:Debug:
DateTime:2026-08-27 10:59:37.812:"frameList.size():1"                            File: Line:0 Function: Type:Debug:
DateTime:2026-08-27 10:59:37.812:"进入报文解析"                            File: Line:0 Function: Type:Debug:
DateTime:2026-08-27 10:59:37.812:"68 7A 00 7A 00 68 80 00 00 00 00 00 22 60 00 00 01 00 02 0F 00 68 0F 00 C3 00 00 00 00 00 03 14 02 00 DC 16 59 16"                            File: Line:0 Function: Type:Debug:
DateTime:2026-08-27 10:59:37.812:"解码完成，功能码: 4"                            File: Line:0 Function: Type:Debug:
DateTime:2026-08-27 10:59:37.812:"工装接收到透传报文"                            File: Line:0 Function: Type:Debug:
DateTime:2026-08-27 10:59:37.812:"020F00680F00C3000000000003140200DC16"                            File: Line:0 Function: Type:Debug:
DateTime:2026-08-27 10:59:37.812:"透传报文内容:68 0f 00 c3 00 00 00 00 00 03 14 02 00 dc 16"                            File: Line:0 Function: Type:Debug:
DateTime:2026-08-27 10:59:38.216:"uTimeSecond_ms:20000"                            File: Line:0 Function: Type:Debug:
DateTime:2026-08-27 10:59:38.216:"查找结果: iret=0, wStart=0, dwOutLen=15, dwStreamLen=53, dwFindPos=0"                            File: Line:0 Function: Type:Debug:
DateTime:2026-08-27 10:59:38.216:"Receive:<= 68 0F 00 80 00 00 00 00 00 F0 50 01 00 C1 16"                            File: Line:0 Function: Type:Debug:
DateTime:2026-08-27 10:59:38.216:"解析：功能码-AFN=50H,Fn=1："                            File: Line:0 Function: Type:Debug:
DateTime:2026-08-27 10:59:38.216:"查找结果: iret=0, wStart=0, dwOutLen=23, dwStreamLen=38, dwFindPos=15"                            File: Line:0 Function: Type:Debug:
DateTime:2026-08-27 10:59:38.216:"Receive:<= 68 17 00 C3 00 00 00 00 00 02 14 08 01 47 06 02 01 00 01 01 00 34 16"                            File: Line:0 Function: Type:Debug:
DateTime:2026-08-27 10:59:38.216:"解析：功能码-AFN=14H,Fn=12："                            File: Line:0 Function: Type:Debug:
DateTime:2026-08-27 10:59:38.216:"Send(14F12回复时钟请求)：=> 68 20 00 43 00 00 00 00 00 02 14 08 01 30 70 00 00 00 00 0D 63 C6 E0 00 00 38 30 36 32 31 19 16"                            File: Line:0 Function: Type:Debug:
DateTime:2026-08-27 10:59:38.216:"槽位2透传:68C200C2006840000000000022600000010002013C00682000430000000000021408013070000000000D63C6E0000038303632311916D216"                            File: Line:0 Function: Type:Debug:
DateTime:2026-08-27 10:59:38.216:"工装发送：68 C2 00 C2 00 68 40 00 00 00 00 00 22 60 00 00 01 00 02 01 3C 00 68 20 00 43 00 00 00 00 00 02 14 08 01 30 70 00 00 00 00 0D 63 C6 E0 00 00 38 30 36 32 31 19 16 D2 16"                            File: Line:0 Function: Type:Debug:
DateTime:2026-08-27 10:59:38.216:"查找结果: iret=0, wStart=0, dwOutLen=15, dwStreamLen=15, dwFindPos=38"                            File: Line:0 Function: Type:Debug:
DateTime:2026-08-27 10:59:38.217:"Receive:<= 68 0F 00 C3 00 00 00 00 00 03 14 02 00 DC 16"                            File: Line:0 Function: Type:Debug:
DateTime:2026-08-27 10:59:38.217:"解析：功能码-AFN=14H,Fn=2："                            File: Line:0 Function: Type:Debug:
DateTime:2026-08-27 10:59:38.217:"Send(回复路由请求集中器时钟)：=> 68 15 00 03 00 00 00 00 00 03 14 02 00 38 59 10 27 08 26 12 16"                            File: Line:0 Function: Type:Debug:
DateTime:2026-08-27 10:59:38.217:"槽位2透传:68960096006840000000000022600000010002013C00681500030000000000031402003859102708261216B916"                            File: Line:0 Function: Type:Debug:
DateTime:2026-08-27 10:59:38.217:"工装发送：68 96 00 96 00 68 40 00 00 00 00 00 22 60 00 00 01 00 02 01 3C 00 68 15 00 03 00 00 00 00 00 03 14 02 00 38 59 10 27 08 26 12 16 B9 16"                            File: Line:0 Function: Type:Debug:
DateTime:2026-08-27 10:59:38.217:"参数区初始化成功"                            File: Line:0 Function: Type:Debug:
DateTime:2026-08-27 10:59:38.217:dll输出信息: ""                            File: Line:0 Function: Type:Debug:
DateTime:2026-08-27 10:59:38.217:接口函数调用成功，返回的结果为 0                            File: Line:0 Function: Type:Debug:
DateTime:2026-08-27 10:59:38.217:"外部传入的para：0，返回的result：0,返回的pValRet：0"                            File: Line:0 Function: Type:Debug:
DateTime:2026-08-27 10:59:38.217:"执行接口函数CCO_AFN51_F2完成"                            File: Line:0 Function: Type:Debug:
DateTime:2026-08-27 10:59:38.220:coorIndex 0                            File: Line:0 Function: Type:Debug:
DateTime:2026-08-27 10:59:38.220:当前流程结束                            File: Line:0 Function: Type:Debug:
DateTime:2026-08-27 10:59:38.220:退出connect函数                            File: Line:0 Function: Type:Debug:
DateTime:2026-08-27 10:59:38.220:"=========【Step4-参数区初始化】结束=========="                            File: Line:0 Function: Type:Debug:
DateTime:2026-08-27 10:59:38.220:"-----------------------------"                            File: Line:0 Function: Type:Debug:
DateTime:2026-08-27 10:59:38.221:"=============执行【执行延时】==================="                            File: Line:0 Function: Type:Debug:
DateTime:2026-08-27 10:59:38.222:"执行接口函数Func_Delay"                            File: Line:0 Function: Type:Debug:
DateTime:2026-08-27 10:59:38.222:callWorkFunction: Func_Delay                            File: Line:0 Function: Type:Debug:
DateTime:2026-08-27 10:59:38.222:找到对应函数，进入执行                            File: Line:0 Function: Type:Debug:
DateTime:2026-08-27 10:59:38.222:"延时时间为5s"                            File: Line:0 Function: Type:Debug:
DateTime:2026-08-27 10:59:38.222:"uTimeSecond_ms:5000"                            File: Line:0 Function: Type:Debug:
DateTime:2026-08-27 10:59:38.254:"工装接收：68 32 00 32 00 68 80 00 00 00 00 00 00 60 00 00 01 00 E1 16"                            File: Line:0 Function: Type:Debug:
DateTime:2026-08-27 10:59:38.254:"m_baRecvMsg:"                            File: Line:0 Function: Type:Debug:
DateTime:2026-08-27 10:59:38.254:"rameList.size():"                            File: Line:0 Function: Type:Debug:
DateTime:2026-08-27 10:59:38.254:"进入报文解析"                            File: Line:0 Function: Type:Debug:
DateTime:2026-08-27 10:59:38.254:"68 32 00 32 00 68 80 00 00 00 00 00 00 60 00 00 01 00 E1 16"                            File: Line:0 Function: Type:Debug:
DateTime:2026-08-27 10:59:38.254:"解码完成，功能码: 1"                            File: Line:0 Function: Type:Debug:
DateTime:2026-08-27 10:59:38.254:"工装回复确认帧"                            File: Line:0 Function: Type:Debug:
DateTime:2026-08-27 10:59:38.278:"工装接收：68 32 00 32 00 68 80 00 00 00 00 00 00 60 00 00 01 00 E1 16"                            File: Line:0 Function: Type:Debug:
DateTime:2026-08-27 10:59:38.279:"m_baRecvMsg:"                            File: Line:0 Function: Type:Debug:
DateTime:2026-08-27 10:59:38.279:"rameList.size():"                            File: Line:0 Function: Type:Debug:
DateTime:2026-08-27 10:59:38.279:"进入报文解析"                            File: Line:0 Function: Type:Debug:
DateTime:2026-08-27 10:59:38.279:"68 32 00 32 00 68 80 00 00 00 00 00 00 60 00 00 01 00 E1 16"                            File: Line:0 Function: Type:Debug:
DateTime:2026-08-27 10:59:38.279:"解码完成，功能码: 1"                            File: Line:0 Function: Type:Debug:
DateTime:2026-08-27 10:59:38.279:"工装回复确认帧"                            File: Line:0 Function: Type:Debug:
DateTime:2026-08-27 10:59:44.323:"等待工装回复超时"                            File: Line:0 Function: Type:Debug:
DateTime:2026-08-27 10:59:44.323:"延时时间到"                            File: Line:0 Function: Type:Debug:
DateTime:2026-08-27 10:59:44.423:dll输出信息: ""                            File: Line:0 Function: Type:Debug:
DateTime:2026-08-27 10:59:44.423:接口函数调用成功，返回的结果为 0                            File: Line:0 Function: Type:Debug:
DateTime:2026-08-27 10:59:44.423:"外部传入的para：0，返回的result：0,返回的pValRet：0"                            File: Line:0 Function: Type:Debug:
DateTime:2026-08-27 10:59:44.423:"执行接口函数Func_Delay完成"                            File: Line:0 Function: Type:Debug:
DateTime:2026-08-27 10:59:44.424:coorIndex 0                            File: Line:0 Function: Type:Debug:
DateTime:2026-08-27 10:59:44.424:当前流程结束                            File: Line:0 Function: Type:Debug:
DateTime:2026-08-27 10:59:44.424:退出connect函数                            File: Line:0 Function: Type:Debug:
DateTime:2026-08-27 10:59:44.425:"=========【执行延时】结束=========="                            File: Line:0 Function: Type:Debug:
DateTime:2026-08-27 10:59:44.425:"-----------------------------"                            File: Line:0 Function: Type:Debug:
DateTime:2026-08-27 10:59:44.426:"=============执行【Step5-数据区初始化】==================="                            File: Line:0 Function: Type:Debug:
DateTime:2026-08-27 10:59:44.426:"执行接口函数CCO_AFN51_F3"                            File: Line:0 Function: Type:Debug:
DateTime:2026-08-27 10:59:44.426:callWorkFunction: CCO_AFN51_F3                            File: Line:0 Function: Type:Debug:
DateTime:2026-08-27 10:59:44.426:找到对应函数，进入执行                            File: Line:0 Function: Type:Debug:
DateTime:2026-08-27 10:59:44.930:"等待工装回复超时"                            File: Line:0 Function: Type:Debug:
DateTime:2026-08-27 10:59:44.930:"开始组帧"                            File: Line:0 Function: Type:Debug:
DateTime:2026-08-27 10:59:44.930:"组帧结束"                            File: Line:0 Function: Type:Debug:
DateTime:2026-08-27 10:59:44.930:"367.2Send:数据区初始化(51H-F3)：=>68 0F 00 43 00 00 00 00 00 F1 51 04 00 89 16"                            File: Line:0 Function: Type:Debug:
DateTime:2026-08-27 10:59:44.930:"槽位2透传:687E007E006840000000000022600000010002013C00680F00430000000000F15104008916A116"                            File: Line:0 Function: Type:Debug:
DateTime:2026-08-27 10:59:44.930:"工装发送：68 7E 00 7E 00 68 40 00 00 00 00 00 22 60 00 00 01 00 02 01 3C 00 68 0F 00 43 00 00 00 00 00 F1 51 04 00 89 16 A1 16"                            File: Line:0 Function: Type:Debug:
DateTime:2026-08-27 10:59:44.948:"工装接收：68 32 00 32 00 68 80 00 00 00 00 00 00 60 00 00 01 00 E1 16"                            File: Line:0 Function: Type:Debug:
DateTime:2026-08-27 10:59:44.948:"m_baRecvMsg:"                            File: Line:0 Function: Type:Debug:
DateTime:2026-08-27 10:59:44.948:"frameList.size():1"                            File: Line:0 Function: Type:Debug:
DateTime:2026-08-27 10:59:44.948:"进入报文解析"                            File: Line:0 Function: Type:Debug:
DateTime:2026-08-27 10:59:44.948:"68 32 00 32 00 68 80 00 00 00 00 00 00 60 00 00 01 00 E1 16"                            File: Line:0 Function: Type:Debug:
DateTime:2026-08-27 10:59:44.948:"解码完成，功能码: 1"                            File: Line:0 Function: Type:Debug:
DateTime:2026-08-27 10:59:44.948:"工装回复确认帧"                            File: Line:0 Function: Type:Debug:
DateTime:2026-08-27 10:59:45.078:"工装接收：68 7A 00 7A 00 68 80 00 00 00 00 00 22 60 00 00 01 00 02 0F 00 68 0F 00 80 00 00 00 00 00 F1 50 01 00 C2 16 25 16"                            File: Line:0 Function: Type:Debug:
DateTime:2026-08-27 10:59:45.078:"m_baRecvMsg:"                            File: Line:0 Function: Type:Debug:
DateTime:2026-08-27 10:59:45.078:"frameList.size():1"                            File: Line:0 Function: Type:Debug:
DateTime:2026-08-27 10:59:45.078:"进入报文解析"                            File: Line:0 Function: Type:Debug:
DateTime:2026-08-27 10:59:45.078:"68 7A 00 7A 00 68 80 00 00 00 00 00 22 60 00 00 01 00 02 0F 00 68 0F 00 80 00 00 00 00 00 F1 50 01 00 C2 16 25 16"                            File: Line:0 Function: Type:Debug:
DateTime:2026-08-27 10:59:45.078:"解码完成，功能码: 4"                            File: Line:0 Function: Type:Debug:
DateTime:2026-08-27 10:59:45.078:"工装接收到透传报文"                            File: Line:0 Function: Type:Debug:
DateTime:2026-08-27 10:59:45.078:"020F00680F00800000000000F1500100C216"                            File: Line:0 Function: Type:Debug:
DateTime:2026-08-27 10:59:45.078:"透传报文内容:68 0f 00 80 00 00 00 00 00 f1 50 01 00 c2 16"                            File: Line:0 Function: Type:Debug:
DateTime:2026-08-27 10:59:47.999:"uTimeSecond_ms:5000"                            File: Line:0 Function: Type:Debug:
DateTime:2026-08-27 10:59:47.999:"查找结果: iret=0, wStart=0, dwOutLen=15, dwStreamLen=15, dwFindPos=0"                            File: Line:0 Function: Type:Debug:
DateTime:2026-08-27 10:59:47.999:"Receive:<= 68 0F 00 80 00 00 00 00 00 F1 50 01 00 C2 16"                            File: Line:0 Function: Type:Debug:
DateTime:2026-08-27 10:59:47.999:"解析：功能码-AFN=50H,Fn=1："                            File: Line:0 Function: Type:Debug:
DateTime:2026-08-27 10:59:47.999:"数据区初始化"                            File: Line:0 Function: Type:Debug:
DateTime:2026-08-27 10:59:47.999:dll输出信息: ""                            File: Line:0 Function: Type:Debug:
DateTime:2026-08-27 10:59:47.999:接口函数调用成功，返回的结果为 0                            File: Line:0 Function: Type:Debug:
DateTime:2026-08-27 10:59:47.999:"外部传入的para：0，返回的result：0,返回的pValRet：0"                            File: Line:0 Function: Type:Debug:
DateTime:2026-08-27 10:59:47.999:"执行接口函数CCO_AFN51_F3完成"                            File: Line:0 Function: Type:Debug:
DateTime:2026-08-27 10:59:48.001:coorIndex 0                            File: Line:0 Function: Type:Debug:
DateTime:2026-08-27 10:59:48.001:当前流程结束                            File: Line:0 Function: Type:Debug:
DateTime:2026-08-27 10:59:48.002:退出connect函数                            File: Line:0 Function: Type:Debug:
DateTime:2026-08-27 10:59:48.002:"=========【Step5-数据区初始化】结束=========="                            File: Line:0 Function: Type:Debug:
DateTime:2026-08-27 10:59:48.002:"-----------------------------"                            File: Line:0 Function: Type:Debug:
DateTime:2026-08-27 10:59:48.003:"=============执行【执行延时】==================="                            File: Line:0 Function: Type:Debug:
DateTime:2026-08-27 10:59:48.003:"执行接口函数Func_Delay"                            File: Line:0 Function: Type:Debug:
DateTime:2026-08-27 10:59:48.003:callWorkFunction: Func_Delay                            File: Line:0 Function: Type:Debug:
DateTime:2026-08-27 10:59:48.003:找到对应函数，进入执行                            File: Line:0 Function: Type:Debug:
DateTime:2026-08-27 10:59:48.003:"延时时间为5s"                            File: Line:0 Function: Type:Debug:
DateTime:2026-08-27 10:59:48.004:"uTimeSecond_ms:5000"                            File: Line:0 Function: Type:Debug:
DateTime:2026-08-27 10:59:51.026:"等待工装回复超时"                            File: Line:0 Function: Type:Debug:
DateTime:2026-08-27 10:59:54.048:"等待工装回复超时"                            File: Line:0 Function: Type:Debug:
DateTime:2026-08-27 10:59:54.048:"延时时间到"                            File: Line:0 Function: Type:Debug:
DateTime:2026-08-27 10:59:54.148:dll输出信息: ""                            File: Line:0 Function: Type:Debug:
DateTime:2026-08-27 10:59:54.148:接口函数调用成功，返回的结果为 0                            File: Line:0 Function: Type:Debug:
DateTime:2026-08-27 10:59:54.148:"外部传入的para：0，返回的result：0,返回的pValRet：0"                            File: Line:0 Function: Type:Debug:
DateTime:2026-08-27 10:59:54.148:"执行接口函数Func_Delay完成"                            File: Line:0 Function: Type:Debug:
DateTime:2026-08-27 10:59:54.149:coorIndex 0                            File: Line:0 Function: Type:Debug:
DateTime:2026-08-27 10:59:54.149:当前流程结束                            File: Line:0 Function: Type:Debug:
DateTime:2026-08-27 10:59:54.150:退出connect函数                            File: Line:0 Function: Type:Debug:
DateTime:2026-08-27 10:59:54.150:"=========【执行延时】结束=========="                            File: Line:0 Function: Type:Debug:
DateTime:2026-08-27 10:59:54.150:"-----------------------------"                            File: Line:0 Function: Type:Debug:
DateTime:2026-08-27 10:59:54.151:"=============执行【Step6-预告抄读对象】==================="                            File: Line:0 Function: Type:Debug:
DateTime:2026-08-27 10:59:54.151:"执行接口函数CCO_AFN55_F9"                            File: Line:0 Function: Type:Debug:
DateTime:2026-08-27 10:59:54.151:callWorkFunction: CCO_AFN55_F9                            File: Line:0 Function: Type:Debug:
DateTime:2026-08-27 10:59:54.151:找到对应函数，进入执行                            File: Line:0 Function: Type:Debug:
DateTime:2026-08-27 10:59:54.656:"等待工装回复超时"                            File: Line:0 Function: Type:Debug:
DateTime:2026-08-27 10:59:54.656:"开始组帧"                            File: Line:0 Function: Type:Debug:
DateTime:2026-08-27 10:59:54.656:"组帧结束"                            File: Line:0 Function: Type:Debug:
DateTime:2026-08-27 10:59:54.656:"367.2Send:预告抄读对象(55H-F9)：=>68 48 00 43 00 00 00 00 00 F2 55 01 01 06 00 00 01 00 03 03 01 10 00 16 19 02 00 03 04 01 10 00 16 19 03 00 03 05 01 10 00 16 19 04 00 03 06 01 10 00 16 19 05 00 03 07 01 10 00 16 19 06 00 03 08 01 10 00 16 19 5A 16"                            File: Line:0 Function: Type:Debug:
DateTime:2026-08-27 10:59:54.656:"槽位2透传:68620162016840000000000022600000010002013C00684800430000000000F25501010600000100030301100016190200030401100016190300030501100016190400030601100016190500030701100016190600030801100016195A167C16"                            File: Line:0 Function: Type:Debug:
DateTime:2026-08-27 10:59:54.656:"工装发送：68 62 01 62 01 68 40 00 00 00 00 00 22 60 00 00 01 00 02 01 3C 00 68 48 00 43 00 00 00 00 00 F2 55 01 01 06 00 00 01 00 03 03 01 10 00 16 19 02 00 03 04 01 10 00 16 19 03 00 03 05 01 10 00 16 19 04 00 03 06 01 10 00 16 19 05 00 03 07 01 10 00 16 19 06 00 03 08 01 10 00 16 19 5A 16 7C 16"                            File: Line:0 Function: Type:Debug:
DateTime:2026-08-27 10:59:54.740:"工装接收：68 32 00 32 00 68 80 00 00 00 00 00 00 60 00 00 01 00 E1 16"                            File: Line:0 Function: Type:Debug:
DateTime:2026-08-27 10:59:54.740:"m_baRecvMsg:"                            File: Line:0 Function: Type:Debug:
DateTime:2026-08-27 10:59:54.740:"frameList.size():1"                            File: Line:0 Function: Type:Debug:
DateTime:2026-08-27 10:59:54.740:"进入报文解析"                            File: Line:0 Function: Type:Debug:
DateTime:2026-08-27 10:59:54.740:"68 32 00 32 00 68 80 00 00 00 00 00 00 60 00 00 01 00 E1 16"                            File: Line:0 Function: Type:Debug:
DateTime:2026-08-27 10:59:54.740:"解码完成，功能码: 1"                            File: Line:0 Function: Type:Debug:
DateTime:2026-08-27 10:59:54.740:"工装回复确认帧"                            File: Line:0 Function: Type:Debug:
DateTime:2026-08-27 10:59:54.787:"工装接收：68 7A 00 7A 00 68 80 00 00 00 00 00 22 60 00 00 01 00 02 0F 00 68 0F 00 80 00 00 00 00 00 F2 50 01 00 C3 16 27 16"                            File: Line:0 Function: Type:Debug:
DateTime:2026-08-27 10:59:54.787:"m_baRecvMsg:"                            File: Line:0 Function: Type:Debug:
DateTime:2026-08-27 10:59:54.787:"frameList.size():1"                            File: Line:0 Function: Type:Debug:
DateTime:2026-08-27 10:59:54.787:"进入报文解析"                            File: Line:0 Function: Type:Debug:
DateTime:2026-08-27 10:59:54.787:"68 7A 00 7A 00 68 80 00 00 00 00 00 22 60 00 00 01 00 02 0F 00 68 0F 00 80 00 00 00 00 00 F2 50 01 00 C3 16 27 16"                            File: Line:0 Function: Type:Debug:
DateTime:2026-08-27 10:59:54.787:"解码完成，功能码: 4"                            File: Line:0 Function: Type:Debug:
DateTime:2026-08-27 10:59:54.787:"工装接收到透传报文"                            File: Line:0 Function: Type:Debug:
DateTime:2026-08-27 10:59:54.787:"020F00680F00800000000000F2500100C316"                            File: Line:0 Function: Type:Debug:
DateTime:2026-08-27 10:59:54.787:"透传报文内容:68 0f 00 80 00 00 00 00 00 f2 50 01 00 c3 16"                            File: Line:0 Function: Type:Debug:
DateTime:2026-08-27 10:59:57.708:"uTimeSecond_ms:5000"                            File: Line:0 Function: Type:Debug:
DateTime:2026-08-27 10:59:57.708:"查找结果: iret=0, wStart=0, dwOutLen=15, dwStreamLen=15, dwFindPos=0"                            File: Line:0 Function: Type:Debug:
DateTime:2026-08-27 10:59:57.708:"Receive:<= 68 0F 00 80 00 00 00 00 00 F2 50 01 00 C3 16"                            File: Line:0 Function: Type:Debug:
DateTime:2026-08-27 10:59:57.708:"解析：功能码-AFN=50H,Fn=1："                            File: Line:0 Function: Type:Debug:
DateTime:2026-08-27 10:59:57.708:"预告抄读对象成功"                            File: Line:0 Function: Type:Debug:
DateTime:2026-08-27 10:59:57.708:"成功数量：6"                            File: Line:0 Function: Type:Debug:
DateTime:2026-08-27 10:59:57.729:"预告抄读对象总数量：6 全部成功 "                            File: Line:0 Function: Type:Debug:
DateTime:2026-08-27 10:59:57.729:dll输出信息: ""                            File: Line:0 Function: Type:Debug:
DateTime:2026-08-27 10:59:57.729:接口函数调用成功，返回的结果为 0                            File: Line:0 Function: Type:Debug:
DateTime:2026-08-27 10:59:57.729:"外部传入的para：0，返回的result：0,返回的pValRet：0"                            File: Line:0 Function: Type:Debug:
DateTime:2026-08-27 10:59:57.729:"执行接口函数CCO_AFN55_F9完成"                            File: Line:0 Function: Type:Debug:
DateTime:2026-08-27 10:59:57.731:coorIndex 0                            File: Line:0 Function: Type:Debug:
DateTime:2026-08-27 10:59:57.731:当前流程结束                            File: Line:0 Function: Type:Debug:
DateTime:2026-08-27 10:59:57.731:退出connect函数                            File: Line:0 Function: Type:Debug:
DateTime:2026-08-27 10:59:57.731:"=========【Step6-预告抄读对象】结束=========="                            File: Line:0 Function: Type:Debug:
DateTime:2026-08-27 10:59:57.731:"-----------------------------"                            File: Line:0 Function: Type:Debug:
DateTime:2026-08-27 10:59:57.733:"=============执行【STA测试槽位上电】==================="                            File: Line:0 Function: Type:Debug:
DateTime:2026-08-27 10:59:57.733:"执行接口函数SimuCorn_power_on"                            File: Line:0 Function: Type:Debug:
DateTime:2026-08-27 10:59:57.733:callWorkFunction: SimuCorn_power_on                            File: Line:0 Function: Type:Debug:
DateTime:2026-08-27 10:59:57.733:找到对应函数，进入执行                            File: Line:0 Function: Type:Debug:
DateTime:2026-08-27 10:59:57.733:"工装发送：68 3E 00 3E 00 68 40 00 00 00 00 00 21 60 00 00 02 00 03 02 01 C9 16"                            File: Line:0 Function: Type:Debug:
DateTime:2026-08-27 10:59:57.734:"工装接收：68 32 00 32 00 68 80 00 00 00 00 00 00 60 00 00 01 00 E1 16"                            File: Line:0 Function: Type:Debug:
DateTime:2026-08-27 10:59:57.734:"m_baRecvMsg:"                            File: Line:0 Function: Type:Debug:
DateTime:2026-08-27 10:59:57.734:"frameList.size():1"                            File: Line:0 Function: Type:Debug:
DateTime:2026-08-27 10:59:57.734:"进入报文解析"                            File: Line:0 Function: Type:Debug:
DateTime:2026-08-27 10:59:57.734:"68 32 00 32 00 68 80 00 00 00 00 00 00 60 00 00 01 00 E1 16"                            File: Line:0 Function: Type:Debug:
DateTime:2026-08-27 10:59:57.734:"解码完成，功能码: 1"                            File: Line:0 Function: Type:Debug:
DateTime:2026-08-27 10:59:57.734:"工装回复确认帧"                            File: Line:0 Function: Type:Debug:
DateTime:2026-08-27 10:59:57.734:"工装发送：68 3E 00 3E 00 68 40 00 00 00 00 00 21 60 00 00 02 00 04 02 01 CA 16"                            File: Line:0 Function: Type:Debug:
DateTime:2026-08-27 10:59:57.735:"工装接收：68 32 00 32 00 68 80 00 00 00 00 00 00 60 00 00 01 00 E1 16"                            File: Line:0 Function: Type:Debug:
DateTime:2026-08-27 10:59:57.735:"m_baRecvMsg:"                            File: Line:0 Function: Type:Debug:
DateTime:2026-08-27 10:59:57.735:"frameList.size():1"                            File: Line:0 Function: Type:Debug:
DateTime:2026-08-27 10:59:57.735:"进入报文解析"                            File: Line:0 Function: Type:Debug:
DateTime:2026-08-27 10:59:57.735:"68 32 00 32 00 68 80 00 00 00 00 00 00 60 00 00 01 00 E1 16"                            File: Line:0 Function: Type:Debug:
DateTime:2026-08-27 10:59:57.735:"解码完成，功能码: 1"                            File: Line:0 Function: Type:Debug:
DateTime:2026-08-27 10:59:57.735:"工装回复确认帧"                            File: Line:0 Function: Type:Debug:
DateTime:2026-08-27 10:59:57.735:"工装发送：68 3E 00 3E 00 68 40 00 00 00 00 00 21 60 00 00 02 00 05 02 01 CB 16"                            File: Line:0 Function: Type:Debug:
DateTime:2026-08-27 10:59:57.735:"工装接收：68 32 00 32 00 68 80 00 00 00 00 00 00 60 00 00 01 00 E1 16"                            File: Line:0 Function: Type:Debug:
DateTime:2026-08-27 10:59:57.735:"m_baRecvMsg:"                            File: Line:0 Function: Type:Debug:
DateTime:2026-08-27 10:59:57.735:"frameList.size():1"                            File: Line:0 Function: Type:Debug:
DateTime:2026-08-27 10:59:57.735:"进入报文解析"                            File: Line:0 Function: Type:Debug:
DateTime:2026-08-27 10:59:57.735:"68 32 00 32 00 68 80 00 00 00 00 00 00 60 00 00 01 00 E1 16"                            File: Line:0 Function: Type:Debug:
DateTime:2026-08-27 10:59:57.736:"解码完成，功能码: 1"                            File: Line:0 Function: Type:Debug:
DateTime:2026-08-27 10:59:57.736:"工装回复确认帧"                            File: Line:0 Function: Type:Debug:
DateTime:2026-08-27 10:59:57.736:"工装发送：68 3E 00 3E 00 68 40 00 00 00 00 00 21 60 00 00 02 00 06 02 01 CC 16"                            File: Line:0 Function: Type:Debug:
DateTime:2026-08-27 10:59:57.736:"工装接收：68 32 00 32 00 68 80 00 00 00 00 00 00 60 00 00 01 00 E1 16"                            File: Line:0 Function: Type:Debug:
DateTime:2026-08-27 10:59:57.736:"m_baRecvMsg:"                            File: Line:0 Function: Type:Debug:
DateTime:2026-08-27 10:59:57.736:"frameList.size():1"                            File: Line:0 Function: Type:Debug:
DateTime:2026-08-27 10:59:57.736:"进入报文解析"                            File: Line:0 Function: Type:Debug:
DateTime:2026-08-27 10:59:57.736:"68 32 00 32 00 68 80 00 00 00 00 00 00 60 00 00 01 00 E1 16"                            File: Line:0 Function: Type:Debug:
DateTime:2026-08-27 10:59:57.736:"解码完成，功能码: 1"                            File: Line:0 Function: Type:Debug:
DateTime:2026-08-27 10:59:57.736:"工装回复确认帧"                            File: Line:0 Function: Type:Debug:
DateTime:2026-08-27 10:59:57.736:"工装发送：68 3E 00 3E 00 68 40 00 00 00 00 00 21 60 00 00 02 00 07 02 01 CD 16"                            File: Line:0 Function: Type:Debug:
DateTime:2026-08-27 10:59:57.737:"工装接收：68 32 00 32 00 68 80 00 00 00 00 00 00 60 00 00 01 00 E1 16"                            File: Line:0 Function: Type:Debug:
DateTime:2026-08-27 10:59:57.737:"m_baRecvMsg:"                            File: Line:0 Function: Type:Debug:
DateTime:2026-08-27 10:59:57.737:"frameList.size():1"                            File: Line:0 Function: Type:Debug:
DateTime:2026-08-27 10:59:57.737:"进入报文解析"                            File: Line:0 Function: Type:Debug:
DateTime:2026-08-27 10:59:57.737:"68 32 00 32 00 68 80 00 00 00 00 00 00 60 00 00 01 00 E1 16"                            File: Line:0 Function: Type:Debug:
DateTime:2026-08-27 10:59:57.737:"解码完成，功能码: 1"                            File: Line:0 Function: Type:Debug:
DateTime:2026-08-27 10:59:57.737:"工装回复确认帧"                            File: Line:0 Function: Type:Debug:
DateTime:2026-08-27 10:59:57.737:"工装发送：68 3E 00 3E 00 68 40 00 00 00 00 00 21 60 00 00 02 00 08 02 01 CE 16"                            File: Line:0 Function: Type:Debug:
DateTime:2026-08-27 10:59:57.738:"工装接收：68 32 00 32 00 68 80 00 00 00 00 00 00 60 00 00 01 00 E1 16"                            File: Line:0 Function: Type:Debug:
DateTime:2026-08-27 10:59:57.738:"m_baRecvMsg:"                            File: Line:0 Function: Type:Debug:
DateTime:2026-08-27 10:59:57.738:"frameList.size():1"                            File: Line:0 Function: Type:Debug:
DateTime:2026-08-27 10:59:57.738:"进入报文解析"                            File: Line:0 Function: Type:Debug:
DateTime:2026-08-27 10:59:57.738:"68 32 00 32 00 68 80 00 00 00 00 00 00 60 00 00 01 00 E1 16"                            File: Line:0 Function: Type:Debug:
DateTime:2026-08-27 10:59:57.738:"解码完成，功能码: 1"                            File: Line:0 Function: Type:Debug:
DateTime:2026-08-27 10:59:57.738:"工装回复确认帧"                            File: Line:0 Function: Type:Debug:
DateTime:2026-08-27 10:59:57.738:"所有槽位上电成功"                            File: Line:0 Function: Type:Debug:
DateTime:2026-08-27 10:59:57.838:dll输出信息: ""                            File: Line:0 Function: Type:Debug:
DateTime:2026-08-27 10:59:57.838:接口函数调用成功，返回的结果为 0                            File: Line:0 Function: Type:Debug:
DateTime:2026-08-27 10:59:57.838:"外部传入的para：0，返回的result：0,返回的pValRet：0"                            File: Line:0 Function: Type:Debug:
DateTime:2026-08-27 10:59:57.838:"执行接口函数SimuCorn_power_on完成"                            File: Line:0 Function: Type:Debug:
DateTime:2026-08-27 10:59:57.839:coorIndex 0                            File: Line:0 Function: Type:Debug:
DateTime:2026-08-27 10:59:57.839:当前流程结束                            File: Line:0 Function: Type:Debug:
DateTime:2026-08-27 10:59:57.840:退出connect函数                            File: Line:0 Function: Type:Debug:
DateTime:2026-08-27 10:59:57.840:"=========【STA测试槽位上电】结束=========="                            File: Line:0 Function: Type:Debug:
DateTime:2026-08-27 10:59:57.840:"-----------------------------"                            File: Line:0 Function: Type:Debug:
DateTime:2026-08-27 10:59:57.841:"=============执行【执行延时】==================="                            File: Line:0 Function: Type:Debug:
DateTime:2026-08-27 10:59:57.841:"执行接口函数Func_Delay"                            File: Line:0 Function: Type:Debug:
DateTime:2026-08-27 10:59:57.841:callWorkFunction: Func_Delay                            File: Line:0 Function: Type:Debug:
DateTime:2026-08-27 10:59:57.841:找到对应函数，进入执行                            File: Line:0 Function: Type:Debug:
DateTime:2026-08-27 10:59:57.841:"延时时间为5s"                            File: Line:0 Function: Type:Debug:
DateTime:2026-08-27 10:59:57.841:"uTimeSecond_ms:5000"                            File: Line:0 Function: Type:Debug:
DateTime:2026-08-27 11:00:00.864:"等待工装回复超时"                            File: Line:0 Function: Type:Debug:
DateTime:2026-08-27 11:00:03.886:"等待工装回复超时"                            File: Line:0 Function: Type:Debug:
DateTime:2026-08-27 11:00:03.886:"延时时间到"                            File: Line:0 Function: Type:Debug:
DateTime:2026-08-27 11:00:03.987:dll输出信息: ""                            File: Line:0 Function: Type:Debug:
DateTime:2026-08-27 11:00:03.987:接口函数调用成功，返回的结果为 0                            File: Line:0 Function: Type:Debug:
DateTime:2026-08-27 11:00:03.995:"外部传入的para：0，返回的result：0,返回的pValRet：0"                            File: Line:0 Function: Type:Debug:
DateTime:2026-08-27 11:00:03.995:"执行接口函数Func_Delay完成"                            File: Line:0 Function: Type:Debug:
DateTime:2026-08-27 11:00:03.996:coorIndex 0                            File: Line:0 Function: Type:Debug:
DateTime:2026-08-27 11:00:03.996:当前流程结束                            File: Line:0 Function: Type:Debug:
DateTime:2026-08-27 11:00:03.996:退出connect函数                            File: Line:0 Function: Type:Debug:
DateTime:2026-08-27 11:00:03.996:"=========【执行延时】结束=========="                            File: Line:0 Function: Type:Debug:
DateTime:2026-08-27 11:00:03.996:"-----------------------------"                            File: Line:0 Function: Type:Debug:
DateTime:2026-08-27 11:00:03.997:"=============执行【Step7-组网测试】==================="                            File: Line:0 Function: Type:Debug:
DateTime:2026-08-27 11:00:03.997:"执行接口函数CCO_Func_FormNetWork"                            File: Line:0 Function: Type:Debug:
DateTime:2026-08-27 11:00:03.997:callWorkFunction: CCO_Func_FormNetWork                            File: Line:0 Function: Type:Debug:
DateTime:2026-08-27 11:00:03.997:找到对应函数，进入执行                            File: Line:0 Function: Type:Debug:
DateTime:2026-08-27 11:00:03.997:"addrs191600100103"                            File: Line:0 Function: Type:Debug:
DateTime:2026-08-27 11:00:03.997:"地址数量1"                            File: Line:0 Function: Type:Debug:
DateTime:2026-08-27 11:00:03.997:"addrs191600100104"                            File: Line:0 Function: Type:Debug:
DateTime:2026-08-27 11:00:03.997:"地址数量2"                            File: Line:0 Function: Type:Debug:
DateTime:2026-08-27 11:00:03.997:"addrs191600100105"                            File: Line:0 Function: Type:Debug:
DateTime:2026-08-27 11:00:03.997:"地址数量3"                            File: Line:0 Function: Type:Debug:
DateTime:2026-08-27 11:00:03.997:"addrs191600100106"                            File: Line:0 Function: Type:Debug:
DateTime:2026-08-27 11:00:03.997:"地址数量4"                            File: Line:0 Function: Type:Debug:
DateTime:2026-08-27 11:00:03.997:"addrs191600100107"                            File: Line:0 Function: Type:Debug:
DateTime:2026-08-27 11:00:03.997:"地址数量5"                            File: Line:0 Function: Type:Debug:
DateTime:2026-08-27 11:00:03.997:"addrs191600100108"                            File: Line:0 Function: Type:Debug:
DateTime:2026-08-27 11:00:03.997:"地址数量6"                            File: Line:0 Function: Type:Debug:
DateTime:2026-08-27 11:00:03.997:"传入的addrs数量6"                            File: Line:0 Function: Type:Debug:
DateTime:2026-08-27 11:00:03.997:"QString::fromLatin1(addrs[0])\u0019\u0016"                            File: Line:0 Function: Type:Debug:
DateTime:2026-08-27 11:00:04.501:"等待工装回复超时"                            File: Line:0 Function: Type:Debug:
DateTime:2026-08-27 11:00:04.501:"开始组帧"                            File: Line:0 Function: Type:Debug:
DateTime:2026-08-27 11:00:04.501:"组帧结束"                            File: Line:0 Function: Type:Debug:
DateTime:2026-08-27 11:00:04.501:"367.2Send:查询网络拓扑,节点起始序号:1：=>68 12 00 41 00 00 00 00 00 F3 10 10 02 01 00 0A 61 16"                            File: Line:0 Function: Type:Debug:
DateTime:2026-08-27 11:00:04.501:"槽位2透传:688A008A006840000000000022600000010002013C00681200410000000000F310100201000A61165416"                            File: Line:0 Function: Type:Debug:
DateTime:2026-08-27 11:00:04.501:"工装发送：68 8A 00 8A 00 68 40 00 00 00 00 00 22 60 00 00 01 00 02 01 3C 00 68 12 00 41 00 00 00 00 00 F3 10 10 02 01 00 0A 61 16 54 16"                            File: Line:0 Function: Type:Debug:
DateTime:2026-08-27 11:00:04.522:"工装接收：68 32 00 32 00 68 80 00 00 00 00 00 00 60 00 00 01 00 E1 16"                            File: Line:0 Function: Type:Debug:
DateTime:2026-08-27 11:00:04.522:"m_baRecvMsg:"                            File: Line:0 Function: Type:Debug:
DateTime:2026-08-27 11:00:04.522:"frameList.size():1"                            File: Line:0 Function: Type:Debug:
DateTime:2026-08-27 11:00:04.522:"进入报文解析"                            File: Line:0 Function: Type:Debug:
DateTime:2026-08-27 11:00:04.522:"68 32 00 32 00 68 80 00 00 00 00 00 00 60 00 00 01 00 E1 16"                            File: Line:0 Function: Type:Debug:
DateTime:2026-08-27 11:00:04.522:"解码完成，功能码: 1"                            File: Line:0 Function: Type:Debug:
DateTime:2026-08-27 11:00:04.523:"工装回复确认帧"                            File: Line:0 Function: Type:Debug:
DateTime:2026-08-27 11:00:04.567:"工装接收：68 BA 00 BA 00 68 80 00 00 00 00 00 22 60 00 00 01 00 02 1F 00 68 1F 00 83 00 00 00 00 00 F3 10 10 02 01 00 01 00 01 12 90 78 56 34 12 01 00 00 00 40 92 16 E5 16"                            File: Line:0 Function: Type:Debug:
DateTime:2026-08-27 11:00:04.567:"m_baRecvMsg:"                            File: Line:0 Function: Type:Debug:
DateTime:2026-08-27 11:00:04.567:"frameList.size():1"                            File: Line:0 Function: Type:Debug:
DateTime:2026-08-27 11:00:04.567:"进入报文解析"                            File: Line:0 Function: Type:Debug:
DateTime:2026-08-27 11:00:04.567:"68 BA 00 BA 00 68 80 00 00 00 00 00 22 60 00 00 01 00 02 1F 00 68 1F 00 83 00 00 00 00 00 F3 10 10 02 01 00 01 00 01 12 90 78 56 34 12 01 00 00 00 40 92 16 E5 16"                            File: Line:0 Function: Type:Debug:
DateTime:2026-08-27 11:00:04.567:"解码完成，功能码: 4"                            File: Line:0 Function: Type:Debug:
DateTime:2026-08-27 11:00:04.567:"工装接收到透传报文"                            File: Line:0 Function: Type:Debug:
DateTime:2026-08-27 11:00:04.567:"021F00681F00830000000000F3101002010001000112907856341201000000409216"                            File: Line:0 Function: Type:Debug:
DateTime:2026-08-27 11:00:04.567:"透传报文内容:68 1f 00 83 00 00 00 00 00 f3 10 10 02 01 00 01 00 01 12 90 78 56 34 12 01 00 00 00 40 92 16"                            File: Line:0 Function: Type:Debug:
DateTime:2026-08-27 11:00:07.589:"uTimeSecond_ms:5000"                            File: Line:0 Function: Type:Debug:
DateTime:2026-08-27 11:00:07.589:"查找结果: iret=0, wStart=0, dwOutLen=31, dwStreamLen=31, dwFindPos=0"                            File: Line:0 Function: Type:Debug:
DateTime:2026-08-27 11:00:07.589:"Receive:<= 68 1F 00 83 00 00 00 00 00 F3 10 10 02 01 00 01 00 01 12 90 78 56 34 12 01 00 00 00 40 92 16"                            File: Line:0 Function: Type:Debug:
DateTime:2026-08-27 11:00:07.589:"解析：功能码-AFN=10H,Fn=21："                            File: Line:0 Function: Type:Debug:
DateTime:2026-08-27 11:00:07.589:"从节点总数量：1, 节点起始序号：1, 本次应答的从节点数量：1"                            File: Line:0 Function: Type:Debug:
DateTime:2026-08-27 11:00:07.589:"节点1信息：地址:123456789012, 节点标识:1, 代理节点标识:0, 节点层级:0, 节点角色:主节点（CCO）"                            File: Line:0 Function: Type:Debug:
DateTime:2026-08-27 11:00:07.589:"nAddr123456789012ptAddr191600100103"                            File: Line:0 Function: Type:Debug:
DateTime:2026-08-27 11:00:07.589:"nAddr123456789012ptAddr191600100104"                            File: Line:0 Function: Type:Debug:
DateTime:2026-08-27 11:00:07.589:"nAddr123456789012ptAddr191600100105"                            File: Line:0 Function: Type:Debug:
DateTime:2026-08-27 11:00:07.589:"nAddr123456789012ptAddr191600100106"                            File: Line:0 Function: Type:Debug:
DateTime:2026-08-27 11:00:07.589:"nAddr123456789012ptAddr191600100107"                            File: Line:0 Function: Type:Debug:
DateTime:2026-08-27 11:00:07.589:"nAddr123456789012ptAddr191600100108"                            File: Line:0 Function: Type:Debug:
DateTime:2026-08-27 11:00:07.600:"当前还有6个节点未入网."                            File: Line:0 Function: Type:Debug:
DateTime:2026-08-27 11:00:13.105:"等待工装回复超时"                            File: Line:0 Function: Type:Debug:
DateTime:2026-08-27 11:00:13.105:"开始组帧"                            File: Line:0 Function: Type:Debug:
DateTime:2026-08-27 11:00:13.105:"组帧结束"                            File: Line:0 Function: Type:Debug:
DateTime:2026-08-27 11:00:13.105:"367.2Send:查询网络拓扑,节点起始序号:1：=>68 12 00 41 00 00 00 00 00 F4 10 10 02 01 00 0A 62 16"                            File: Line:0 Function: Type:Debug:
DateTime:2026-08-27 11:00:13.105:"槽位2透传:688A008A006840000000000022600000010002013C00681200410000000000F410100201000A62165616"                            File: Line:0 Function: Type:Debug:
DateTime:2026-08-27 11:00:13.105:"工装发送：68 8A 00 8A 00 68 40 00 00 00 00 00 22 60 00 00 01 00 02 01 3C 00 68 12 00 41 00 00 00 00 00 F4 10 10 02 01 00 0A 62 16 56 16"                            File: Line:0 Function: Type:Debug:
DateTime:2026-08-27 11:00:13.126:"工装接收：68 32 00 32 00 68 80 00 00 00 00 00 00 60 00 00 01 00 E1 16"                            File: Line:0 Function: Type:Debug:
DateTime:2026-08-27 11:00:13.126:"m_baRecvMsg:"                            File: Line:0 Function: Type:Debug:
DateTime:2026-08-27 11:00:13.126:"frameList.size():1"                            File: Line:0 Function: Type:Debug:
DateTime:2026-08-27 11:00:13.126:"进入报文解析"                            File: Line:0 Function: Type:Debug:
DateTime:2026-08-27 11:00:13.127:"68 32 00 32 00 68 80 00 00 00 00 00 00 60 00 00 01 00 E1 16"                            File: Line:0 Function: Type:Debug:
DateTime:2026-08-27 11:00:13.127:"解码完成，功能码: 1"                            File: Line:0 Function: Type:Debug:
DateTime:2026-08-27 11:00:13.127:"工装回复确认帧"                            File: Line:0 Function: Type:Debug:
DateTime:2026-08-27 11:00:13.231:"工装接收：68 96 01 96 01 68 80 00 00 00 00 00 22 60 00 00 01 00 02 56 00 68 56 00 83 00 00 00 00 00 F4 10 10 02 06 00 01 00 06 12 90 78 56 34 12 01 00 00 00 40 05 01 10 00 16 19 02 00 01 00 11 07 01 10 00 16 19 03 00 01 00 11 03 01 10 00 16 19 04 00 01 00 11 08 01 10 00 16 19 05 00 01 00 11 06 01 10 00 16 19 06 00 01 00 11 68 16 FF 16"                            File: Line:0 Function: Type:Debug:
DateTime:2026-08-27 11:00:13.231:"m_baRecvMsg:"                            File: Line:0 Function: Type:Debug:
DateTime:2026-08-27 11:00:13.231:"frameList.size():1"                            File: Line:0 Function: Type:Debug:
DateTime:2026-08-27 11:00:13.231:"进入报文解析"                            File: Line:0 Function: Type:Debug:
DateTime:2026-08-27 11:00:13.231:"68 96 01 96 01 68 80 00 00 00 00 00 22 60 00 00 01 00 02 56 00 68 56 00 83 00 00 00 00 00 F4 10 10 02 06 00 01 00 06 12 90 78 56 34 12 01 00 00 00 40 05 01 10 00 16 19 02 00 01 00 11 07 01 10 00 16 19 03 00 01 00 11 03 01 10 00 16 19 04 00 01 00 11 08 01 10 00 16 19 05 00 01 00 11 06 01 10 00 16 19 06 00 01 00 11 68 16 FF 16"                            File: Line:0 Function: Type:Debug:
DateTime:2026-08-27 11:00:13.231:"解码完成，功能码: 4"                            File: Line:0 Function: Type:Debug:
DateTime:2026-08-27 11:00:13.231:"工装接收到透传报文"                            File: Line:0 Function: Type:Debug:
DateTime:2026-08-27 11:00:13.231:"025600685600830000000000F410100206000100061290785634120100000040050110001619020001001107011000161903000100110301100016190400010011080110001619050001001106011000161906000100116816"                            File: Line:0 Function: Type:Debug:
DateTime:2026-08-27 11:00:13.231:"透传报文内容:68 56 00 83 00 00 00 00 00 f4 10 10 02 06 00 01 00 06 12 90 78 56 34 12 01 00 00 00 40 05 01 10 00 16 19 02 00 01 00 11 07 01 10 00 16 19 03 00 01 00 11 03 01 10 00 16 19 04 00 01 00 11 08 01 10 00 16 19 05 00 01 00 11 06 01 10 00 16 19 06 00 01 00 11 68 16"                            File: Line:0 Function: Type:Debug:
DateTime:2026-08-27 11:00:16.152:"uTimeSecond_ms:5000"                            File: Line:0 Function: Type:Debug:
DateTime:2026-08-27 11:00:16.152:"查找结果: iret=0, wStart=0, dwOutLen=86, dwStreamLen=86, dwFindPos=0"                            File: Line:0 Function: Type:Debug:
DateTime:2026-08-27 11:00:16.152:"Receive:<= 68 56 00 83 00 00 00 00 00 F4 10 10 02 06 00 01 00 06 12 90 78 56 34 12 01 00 00 00 40 05 01 10 00 16 19 02 00 01 00 11 07 01 10 00 16 19 03 00 01 00 11 03 01 10 00 16 19 04 00 01 00 11 08 01 10 00 16 19 05 00 01 00 11 06 01 10 00 16 19 06 00 01 00 11 68 16"                            File: Line:0 Function: Type:Debug:
DateTime:2026-08-27 11:00:16.152:"解析：功能码-AFN=10H,Fn=21："                            File: Line:0 Function: Type:Debug:
DateTime:2026-08-27 11:00:16.152:"从节点总数量：6, 节点起始序号：1, 本次应答的从节点数量：6"                            File: Line:0 Function: Type:Debug:
DateTime:2026-08-27 11:00:16.152:"节点1信息：地址:123456789012, 节点标识:1, 代理节点标识:0, 节点层级:0, 节点角色:主节点（CCO）"                            File: Line:0 Function: Type:Debug:
DateTime:2026-08-27 11:00:16.152:"nAddr123456789012ptAddr191600100103"                            File: Line:0 Function: Type:Debug:
DateTime:2026-08-27 11:00:16.152:"nAddr123456789012ptAddr191600100104"                            File: Line:0 Function: Type:Debug:
DateTime:2026-08-27 11:00:16.152:"nAddr123456789012ptAddr191600100105"                            File: Line:0 Function: Type:Debug:
DateTime:2026-08-27 11:00:16.152:"nAddr123456789012ptAddr191600100106"                            File: Line:0 Function: Type:Debug:
DateTime:2026-08-27 11:00:16.152:"nAddr123456789012ptAddr191600100107"                            File: Line:0 Function: Type:Debug:
DateTime:2026-08-27 11:00:16.152:"nAddr123456789012ptAddr191600100108"                            File: Line:0 Function: Type:Debug:
DateTime:2026-08-27 11:00:16.152:"节点2信息：地址:191600100105, 节点标识:2, 代理节点标识:1, 节点层级:1, 节点角色:末梢节点（STA）"                            File: Line:0 Function: Type:Debug:
DateTime:2026-08-27 11:00:16.152:"nAddr191600100105ptAddr191600100103"                            File: Line:0 Function: Type:Debug:
DateTime:2026-08-27 11:00:16.152:"nAddr191600100105ptAddr191600100104"                            File: Line:0 Function: Type:Debug:
DateTime:2026-08-27 11:00:16.153:"nAddr191600100105ptAddr191600100105"                            File: Line:0 Function: Type:Debug:
DateTime:2026-08-27 11:00:16.153:"入网成功数量：1，总数量：6"                            File: Line:0 Function: Type:Debug:
DateTime:2026-08-27 11:00:16.153:"节点3信息：地址:191600100107, 节点标识:3, 代理节点标识:1, 节点层级:1, 节点角色:末梢节点（STA）"                            File: Line:0 Function: Type:Debug:
DateTime:2026-08-27 11:00:16.153:"nAddr191600100107ptAddr191600100103"                            File: Line:0 Function: Type:Debug:
DateTime:2026-08-27 11:00:16.153:"nAddr191600100107ptAddr191600100104"                            File: Line:0 Function: Type:Debug:
DateTime:2026-08-27 11:00:16.153:"nAddr191600100107ptAddr191600100105"                            File: Line:0 Function: Type:Debug:
DateTime:2026-08-27 11:00:16.153:"nAddr191600100107ptAddr191600100106"                            File: Line:0 Function: Type:Debug:
DateTime:2026-08-27 11:00:16.153:"nAddr191600100107ptAddr191600100107"                            File: Line:0 Function: Type:Debug:
DateTime:2026-08-27 11:00:16.153:"入网成功数量：2，总数量：6"                            File: Line:0 Function: Type:Debug:
DateTime:2026-08-27 11:00:16.153:"节点4信息：地址:191600100103, 节点标识:4, 代理节点标识:1, 节点层级:1, 节点角色:末梢节点（STA）"                            File: Line:0 Function: Type:Debug:
DateTime:2026-08-27 11:00:16.153:"nAddr191600100103ptAddr191600100103"                            File: Line:0 Function: Type:Debug:
DateTime:2026-08-27 11:00:16.153:"入网成功数量：3，总数量：6"                            File: Line:0 Function: Type:Debug:
DateTime:2026-08-27 11:00:16.153:"节点5信息：地址:191600100108, 节点标识:5, 代理节点标识:1, 节点层级:1, 节点角色:末梢节点（STA）"                            File: Line:0 Function: Type:Debug:
DateTime:2026-08-27 11:00:16.153:"nAddr191600100108ptAddr191600100103"                            File: Line:0 Function: Type:Debug:
DateTime:2026-08-27 11:00:16.153:"nAddr191600100108ptAddr191600100104"                            File: Line:0 Function: Type:Debug:
DateTime:2026-08-27 11:00:16.153:"nAddr191600100108ptAddr191600100105"                            File: Line:0 Function: Type:Debug:
DateTime:2026-08-27 11:00:16.153:"nAddr191600100108ptAddr191600100106"                            File: Line:0 Function: Type:Debug:
DateTime:2026-08-27 11:00:16.153:"nAddr191600100108ptAddr191600100107"                            File: Line:0 Function: Type:Debug:
DateTime:2026-08-27 11:00:16.153:"nAddr191600100108ptAddr191600100108"                            File: Line:0 Function: Type:Debug:
DateTime:2026-08-27 11:00:16.153:"入网成功数量：4，总数量：6"                            File: Line:0 Function: Type:Debug:
DateTime:2026-08-27 11:00:16.153:"节点6信息：地址:191600100106, 节点标识:6, 代理节点标识:1, 节点层级:1, 节点角色:末梢节点（STA）"                            File: Line:0 Function: Type:Debug:
DateTime:2026-08-27 11:00:16.153:"nAddr191600100106ptAddr191600100103"                            File: Line:0 Function: Type:Debug:
DateTime:2026-08-27 11:00:16.153:"nAddr191600100106ptAddr191600100104"                            File: Line:0 Function: Type:Debug:
DateTime:2026-08-27 11:00:16.153:"nAddr191600100106ptAddr191600100105"                            File: Line:0 Function: Type:Debug:
DateTime:2026-08-27 11:00:16.153:"nAddr191600100106ptAddr191600100106"                            File: Line:0 Function: Type:Debug:
DateTime:2026-08-27 11:00:16.153:"入网成功数量：5，总数量：6"                            File: Line:0 Function: Type:Debug:
DateTime:2026-08-27 11:00:16.165:"当前还有1个节点未入网."                            File: Line:0 Function: Type:Debug:
DateTime:2026-08-27 11:00:21.670:"等待工装回复超时"                            File: Line:0 Function: Type:Debug:
DateTime:2026-08-27 11:00:21.670:"开始组帧"                            File: Line:0 Function: Type:Debug:
DateTime:2026-08-27 11:00:21.670:"组帧结束"                            File: Line:0 Function: Type:Debug:
DateTime:2026-08-27 11:00:21.670:"367.2Send:查询网络拓扑,节点起始序号:1：=>68 12 00 41 00 00 00 00 00 F5 10 10 02 01 00 0A 63 16"                            File: Line:0 Function: Type:Debug:
DateTime:2026-08-27 11:00:21.670:"槽位2透传:688A008A006840000000000022600000010002013C00681200410000000000F510100201000A63165816"                            File: Line:0 Function: Type:Debug:
DateTime:2026-08-27 11:00:21.670:"工装发送：68 8A 00 8A 00 68 40 00 00 00 00 00 22 60 00 00 01 00 02 01 3C 00 68 12 00 41 00 00 00 00 00 F5 10 10 02 01 00 0A 63 16 58 16"                            File: Line:0 Function: Type:Debug:
DateTime:2026-08-27 11:00:21.691:"工装接收：68 32 00 32 00 68 80 00 00 00 00 00 00 60 00 00 01 00 E1 16"                            File: Line:0 Function: Type:Debug:
DateTime:2026-08-27 11:00:21.691:"m_baRecvMsg:"                            File: Line:0 Function: Type:Debug:
DateTime:2026-08-27 11:00:21.691:"frameList.size():1"                            File: Line:0 Function: Type:Debug:
DateTime:2026-08-27 11:00:21.691:"进入报文解析"                            File: Line:0 Function: Type:Debug:
DateTime:2026-08-27 11:00:21.691:"68 32 00 32 00 68 80 00 00 00 00 00 00 60 00 00 01 00 E1 16"                            File: Line:0 Function: Type:Debug:
DateTime:2026-08-27 11:00:21.692:"解码完成，功能码: 1"                            File: Line:0 Function: Type:Debug:
DateTime:2026-08-27 11:00:21.692:"工装回复确认帧"                            File: Line:0 Function: Type:Debug:
DateTime:2026-08-27 11:00:21.808:"工装接收：68 C2 01 C2 01 68 80 00 00 00 00 00 22 60 00 00 01 00 02 61 00 68 61 00 83 00 00 00 00 00 F5 10 10 02 07 00 01 00 07 12 90 78 56 34 12 01 00 00 00 40 05 01 10 00 16 19 02 00 01 00 11 07 01 10 00 16 19 03 00 01 00 11 03 01 10 00 16 19 04 00 01 00 11 08 01 10 00 16 19 05 00 01 00 11 06 01 10 00 16 19 06 00 01 00 11 04 01 10 00 16 19 07 00 01 00 11 C8 16 D5 16"                            File: Line:0 Function: Type:Debug:
DateTime:2026-08-27 11:00:21.809:"m_baRecvMsg:"                            File: Line:0 Function: Type:Debug:
DateTime:2026-08-27 11:00:21.809:"frameList.size():1"                            File: Line:0 Function: Type:Debug:
DateTime:2026-08-27 11:00:21.809:"进入报文解析"                            File: Line:0 Function: Type:Debug:
DateTime:2026-08-27 11:00:21.809:"68 C2 01 C2 01 68 80 00 00 00 00 00 22 60 00 00 01 00 02 61 00 68 61 00 83 00 00 00 00 00 F5 10 10 02 07 00 01 00 07 12 90 78 56 34 12 01 00 00 00 40 05 01 10 00 16 19 02 00 01 00 11 07 01 10 00 16 19 03 00 01 00 11 03 01 10 00 16 19 04 00 01 00 11 08 01 10 00 16 19 05 00 01 00 11 06 01 10 00 16 19 06 00 01 00 11 04 01 10 00 16 19 07 00 01 00 11 C8 16 D5 16"                            File: Line:0 Function: Type:Debug:
DateTime:2026-08-27 11:00:21.809:"解码完成，功能码: 4"                            File: Line:0 Function: Type:Debug:
DateTime:2026-08-27 11:00:21.809:"工装接收到透传报文"                            File: Line:0 Function: Type:Debug:
DateTime:2026-08-27 11:00:21.809:"026100686100830000000000F510100207000100071290785634120100000040050110001619020001001107011000161903000100110301100016190400010011080110001619050001001106011000161906000100110401100016190700010011C816"                            File: Line:0 Function: Type:Debug:
DateTime:2026-08-27 11:00:21.809:"透传报文内容:68 61 00 83 00 00 00 00 00 f5 10 10 02 07 00 01 00 07 12 90 78 56 34 12 01 00 00 00 40 05 01 10 00 16 19 02 00 01 00 11 07 01 10 00 16 19 03 00 01 00 11 03 01 10 00 16 19 04 00 01 00 11 08 01 10 00 16 19 05 00 01 00 11 06 01 10 00 16 19 06 00 01 00 11 04 01 10 00 16 19 07 00 01 00 11 c8 16"                            File: Line:0 Function: Type:Debug:
DateTime:2026-08-27 11:00:24.731:"uTimeSecond_ms:5000"                            File: Line:0 Function: Type:Debug:
DateTime:2026-08-27 11:00:24.731:"查找结果: iret=0, wStart=0, dwOutLen=97, dwStreamLen=97, dwFindPos=0"                            File: Line:0 Function: Type:Debug:
DateTime:2026-08-27 11:00:24.731:"Receive:<= 68 61 00 83 00 00 00 00 00 F5 10 10 02 07 00 01 00 07 12 90 78 56 34 12 01 00 00 00 40 05 01 10 00 16 19 02 00 01 00 11 07 01 10 00 16 19 03 00 01 00 11 03 01 10 00 16 19 04 00 01 00 11 08 01 10 00 16 19 05 00 01 00 11 06 01 10 00 16 19 06 00 01 00 11 04 01 10 00 16 19 07 00 01 00 11 C8 16"                            File: Line:0 Function: Type:Debug:
DateTime:2026-08-27 11:00:24.731:"解析：功能码-AFN=10H,Fn=21："                            File: Line:0 Function: Type:Debug:
DateTime:2026-08-27 11:00:24.731:"从节点总数量：7, 节点起始序号：1, 本次应答的从节点数量：7"                            File: Line:0 Function: Type:Debug:
DateTime:2026-08-27 11:00:24.731:"节点1信息：地址:123456789012, 节点标识:1, 代理节点标识:0, 节点层级:0, 节点角色:主节点（CCO）"                            File: Line:0 Function: Type:Debug:
DateTime:2026-08-27 11:00:24.731:"nAddr123456789012ptAddr191600100103"                            File: Line:0 Function: Type:Debug:
DateTime:2026-08-27 11:00:24.731:"nAddr123456789012ptAddr191600100104"                            File: Line:0 Function: Type:Debug:
DateTime:2026-08-27 11:00:24.731:"nAddr123456789012ptAddr191600100105"                            File: Line:0 Function: Type:Debug:
DateTime:2026-08-27 11:00:24.731:"nAddr123456789012ptAddr191600100106"                            File: Line:0 Function: Type:Debug:
DateTime:2026-08-27 11:00:24.731:"nAddr123456789012ptAddr191600100107"                            File: Line:0 Function: Type:Debug:
DateTime:2026-08-27 11:00:24.731:"nAddr123456789012ptAddr191600100108"                            File: Line:0 Function: Type:Debug:
DateTime:2026-08-27 11:00:24.731:"节点2信息：地址:191600100105, 节点标识:2, 代理节点标识:1, 节点层级:1, 节点角色:末梢节点（STA）"                            File: Line:0 Function: Type:Debug:
DateTime:2026-08-27 11:00:24.731:"nAddr191600100105ptAddr191600100103"                            File: Line:0 Function: Type:Debug:
DateTime:2026-08-27 11:00:24.731:"nAddr191600100105ptAddr191600100104"                            File: Line:0 Function: Type:Debug:
DateTime:2026-08-27 11:00:24.731:"nAddr191600100105ptAddr191600100105"                            File: Line:0 Function: Type:Debug:
DateTime:2026-08-27 11:00:24.732:"入网成功数量：1，总数量：6"                            File: Line:0 Function: Type:Debug:
DateTime:2026-08-27 11:00:24.732:"节点3信息：地址:191600100107, 节点标识:3, 代理节点标识:1, 节点层级:1, 节点角色:末梢节点（STA）"                            File: Line:0 Function: Type:Debug:
DateTime:2026-08-27 11:00:24.732:"nAddr191600100107ptAddr191600100103"                            File: Line:0 Function: Type:Debug:
DateTime:2026-08-27 11:00:24.732:"nAddr191600100107ptAddr191600100104"                            File: Line:0 Function: Type:Debug:
DateTime:2026-08-27 11:00:24.732:"nAddr191600100107ptAddr191600100105"                            File: Line:0 Function: Type:Debug:
DateTime:2026-08-27 11:00:24.732:"nAddr191600100107ptAddr191600100106"                            File: Line:0 Function: Type:Debug:
DateTime:2026-08-27 11:00:24.732:"nAddr191600100107ptAddr191600100107"                            File: Line:0 Function: Type:Debug:
DateTime:2026-08-27 11:00:24.732:"入网成功数量：2，总数量：6"                            File: Line:0 Function: Type:Debug:
DateTime:2026-08-27 11:00:24.732:"节点4信息：地址:191600100103, 节点标识:4, 代理节点标识:1, 节点层级:1, 节点角色:末梢节点（STA）"                            File: Line:0 Function: Type:Debug:
DateTime:2026-08-27 11:00:24.732:"nAddr191600100103ptAddr191600100103"                            File: Line:0 Function: Type:Debug:
DateTime:2026-08-27 11:00:24.732:"入网成功数量：3，总数量：6"                            File: Line:0 Function: Type:Debug:
DateTime:2026-08-27 11:00:24.732:"节点5信息：地址:191600100108, 节点标识:5, 代理节点标识:1, 节点层级:1, 节点角色:末梢节点（STA）"                            File: Line:0 Function: Type:Debug:
DateTime:2026-08-27 11:00:24.732:"nAddr191600100108ptAddr191600100103"                            File: Line:0 Function: Type:Debug:
DateTime:2026-08-27 11:00:24.732:"nAddr191600100108ptAddr191600100104"                            File: Line:0 Function: Type:Debug:
DateTime:2026-08-27 11:00:24.732:"nAddr191600100108ptAddr191600100105"                            File: Line:0 Function: Type:Debug:
DateTime:2026-08-27 11:00:24.732:"nAddr191600100108ptAddr191600100106"                            File: Line:0 Function: Type:Debug:
DateTime:2026-08-27 11:00:24.732:"nAddr191600100108ptAddr191600100107"                            File: Line:0 Function: Type:Debug:
DateTime:2026-08-27 11:00:24.732:"nAddr191600100108ptAddr191600100108"                            File: Line:0 Function: Type:Debug:
DateTime:2026-08-27 11:00:24.732:"入网成功数量：4，总数量：6"                            File: Line:0 Function: Type:Debug:
DateTime:2026-08-27 11:00:24.732:"节点6信息：地址:191600100106, 节点标识:6, 代理节点标识:1, 节点层级:1, 节点角色:末梢节点（STA）"                            File: Line:0 Function: Type:Debug:
DateTime:2026-08-27 11:00:24.732:"nAddr191600100106ptAddr191600100103"                            File: Line:0 Function: Type:Debug:
DateTime:2026-08-27 11:00:24.732:"nAddr191600100106ptAddr191600100104"                            File: Line:0 Function: Type:Debug:
DateTime:2026-08-27 11:00:24.732:"nAddr191600100106ptAddr191600100105"                            File: Line:0 Function: Type:Debug:
DateTime:2026-08-27 11:00:24.732:"nAddr191600100106ptAddr191600100106"                            File: Line:0 Function: Type:Debug:
DateTime:2026-08-27 11:00:24.732:"入网成功数量：5，总数量：6"                            File: Line:0 Function: Type:Debug:
DateTime:2026-08-27 11:00:24.732:"节点7信息：地址:191600100104, 节点标识:7, 代理节点标识:1, 节点层级:1, 节点角色:末梢节点（STA）"                            File: Line:0 Function: Type:Debug:
DateTime:2026-08-27 11:00:24.733:"nAddr191600100104ptAddr191600100103"                            File: Line:0 Function: Type:Debug:
DateTime:2026-08-27 11:00:24.733:"nAddr191600100104ptAddr191600100104"                            File: Line:0 Function: Type:Debug:
DateTime:2026-08-27 11:00:24.733:"入网成功数量：6，总数量：6"                            File: Line:0 Function: Type:Debug:
DateTime:2026-08-27 11:00:24.744:"全部节点入网成功，总数量：6, 成功率：100%"                            File: Line:0 Function: Type:Debug:
DateTime:2026-08-27 11:01:24.744:"节点入网成功率：100%，总数量：6，成功数量：6，失败数量：0"                            File: Line:0 Function: Type:Debug:
DateTime:2026-08-27 11:01:24.845:dll输出信息: ""                            File: Line:0 Function: Type:Debug:
DateTime:2026-08-27 11:01:24.845:接口函数调用成功，返回的结果为 0                            File: Line:0 Function: Type:Debug:
DateTime:2026-08-27 11:01:24.845:"外部传入的para：0，返回的result：0,返回的pValRet：0"                            File: Line:0 Function: Type:Debug:
DateTime:2026-08-27 11:01:24.845:"执行接口函数CCO_Func_FormNetWork完成"                            File: Line:0 Function: Type:Debug:
DateTime:2026-08-27 11:01:24.848:coorIndex 0                            File: Line:0 Function: Type:Debug:
DateTime:2026-08-27 11:01:24.848:当前流程结束                            File: Line:0 Function: Type:Debug:
DateTime:2026-08-27 11:01:24.848:退出connect函数                            File: Line:0 Function: Type:Debug:
DateTime:2026-08-27 11:01:24.848:"=========【Step7-组网测试】结束=========="                            File: Line:0 Function: Type:Debug:
DateTime:2026-08-27 11:01:24.848:"-----------------------------"                            File: Line:0 Function: Type:Debug:
DateTime:2026-08-27 11:01:24.861:"=============执行【Step8-数据转发--EB040001查询从节点模块事件引脚变位主动上报方式】==================="                            File: Line:0 Function: Type:Debug:
DateTime:2026-08-27 11:01:24.862:"执行接口函数CCO_AFN52_F1_EB040001_read"                            File: Line:0 Function: Type:Debug:
DateTime:2026-08-27 11:01:24.862:callWorkFunction: CCO_AFN52_F1_EB040001_read                            File: Line:0 Function: Type:Debug:
DateTime:2026-08-27 11:01:24.862:找到对应函数，进入执行                            File: Line:0 Function: Type:Debug:
DateTime:2026-08-27 11:01:25.365:"等待工装回复超时"                            File: Line:0 Function: Type:Debug:
DateTime:2026-08-27 11:01:25.365:"开始组帧"                            File: Line:0 Function: Type:Debug:
DateTime:2026-08-27 11:01:25.365:"组帧结束"                            File: Line:0 Function: Type:Debug:
DateTime:2026-08-27 11:01:25.365:"367.2Send:数据转发(查询-从节点模块事件引脚变位主动上报方式EB040001)：=>68 2B 00 43 00 00 00 00 00 F6 52 01 00 03 03 01 10 00 16 19 6B 8A E8 10 00 68 03 01 10 00 16 19 68 11 04 34 33 37 1E E4 16 9D 16"                            File: Line:0 Function: Type:Debug:
DateTime:2026-08-27 11:01:25.365:"槽位2透传:68EE00EE006840000000000022600000010002013C00682B00430000000000F6520100030301100016196B8AE81000680301100016196811043433371EE4169D16E516"                            File: Line:0 Function: Type:Debug:
DateTime:2026-08-27 11:01:25.365:"工装发送：68 EE 00 EE 00 68 40 00 00 00 00 00 22 60 00 00 01 00 02 01 3C 00 68 2B 00 43 00 00 00 00 00 F6 52 01 00 03 03 01 10 00 16 19 6B 8A E8 10 00 68 03 01 10 00 16 19 68 11 04 34 33 37 1E E4 16 9D 16 E5 16"                            File: Line:0 Function: Type:Debug:
DateTime:2026-08-27 11:01:25.415:"工装接收：68 32 00 32 00 68 80 00 00 00 00 00 00 60 00 00 01 00 E1 16"                            File: Line:0 Function: Type:Debug:
DateTime:2026-08-27 11:01:25.415:"m_baRecvMsg:"                            File: Line:0 Function: Type:Debug:
DateTime:2026-08-27 11:01:25.415:"frameList.size():1"                            File: Line:0 Function: Type:Debug:
DateTime:2026-08-27 11:01:25.415:"进入报文解析"                            File: Line:0 Function: Type:Debug:
DateTime:2026-08-27 11:01:25.415:"68 32 00 32 00 68 80 00 00 00 00 00 00 60 00 00 01 00 E1 16"                            File: Line:0 Function: Type:Debug:
DateTime:2026-08-27 11:01:25.415:"解码完成，功能码: 1"                            File: Line:0 Function: Type:Debug:
DateTime:2026-08-27 11:01:25.415:"工装回复确认帧"                            File: Line:0 Function: Type:Debug:
DateTime:2026-08-27 11:01:25.741:"工装接收：68 E2 00 E2 00 68 80 00 00 00 00 00 22 60 00 00 01 00 02 29 00 68 29 00 80 00 00 00 00 00 F6 52 01 00 03 03 01 10 00 16 19 11 00 68 03 01 10 00 16 19 68 91 05 34 33 37 1E B4 19 16 68 16 A5 16"                            File: Line:0 Function: Type:Debug:
DateTime:2026-08-27 11:01:25.742:"m_baRecvMsg:"                            File: Line:0 Function: Type:Debug:
DateTime:2026-08-27 11:01:25.742:"frameList.size():1"                            File: Line:0 Function: Type:Debug:
DateTime:2026-08-27 11:01:25.742:"进入报文解析"                            File: Line:0 Function: Type:Debug:
DateTime:2026-08-27 11:01:25.742:"68 E2 00 E2 00 68 80 00 00 00 00 00 22 60 00 00 01 00 02 29 00 68 29 00 80 00 00 00 00 00 F6 52 01 00 03 03 01 10 00 16 19 11 00 68 03 01 10 00 16 19 68 91 05 34 33 37 1E B4 19 16 68 16 A5 16"                            File: Line:0 Function: Type:Debug:
DateTime:2026-08-27 11:01:25.742:"解码完成，功能码: 4"                            File: Line:0 Function: Type:Debug:
DateTime:2026-08-27 11:01:25.742:"工装接收到透传报文"                            File: Line:0 Function: Type:Debug:
DateTime:2026-08-27 11:01:25.742:"022900682900800000000000F6520100030301100016191100680301100016196891053433371EB419166816"                            File: Line:0 Function: Type:Debug:
DateTime:2026-08-27 11:01:25.742:"透传报文内容:68 29 00 80 00 00 00 00 00 f6 52 01 00 03 03 01 10 00 16 19 11 00 68 03 01 10 00 16 19 68 91 05 34 33 37 1e b4 19 16 68 16"                            File: Line:0 Function: Type:Debug:
DateTime:2026-08-27 11:01:28.462:"uTimeSecond_ms:30000"                            File: Line:0 Function: Type:Debug:
DateTime:2026-08-27 11:01:28.462:"查找结果: iret=0, wStart=0, dwOutLen=41, dwStreamLen=41, dwFindPos=0"                            File: Line:0 Function: Type:Debug:
DateTime:2026-08-27 11:01:28.462:"Receive:<= 68 29 00 80 00 00 00 00 00 F6 52 01 00 03 03 01 10 00 16 19 11 00 68 03 01 10 00 16 19 68 91 05 34 33 37 1E B4 19 16 68 16"                            File: Line:0 Function: Type:Debug:
DateTime:2026-08-27 11:01:28.462:"解析：功能码-AFN=52H,Fn=1："                            File: Line:0 Function: Type:Debug:
DateTime:2026-08-27 11:01:28.462:"透传回复内容：030301100016191100680301100016196891053433371EB41916"                            File: Line:0 Function: Type:Debug:
DateTime:2026-08-27 11:01:28.462:"DL/T645-2007协议 回复报文信息：控制码：91,数据标识：EB040001，数据域(需倒序解析)：81"                            File: Line:0 Function: Type:Debug:
DateTime:2026-08-27 11:01:28.462:"结果："                            File: Line:0 Function: Type:Debug:
DateTime:2026-08-27 11:01:28.462:"模块事件管脚变位:上报;信息：发生事件才上报;方式：福建;"                            File: Line:0 Function: Type:Debug:
DateTime:2026-08-27 11:01:28.462:dll输出信息: ""                            File: Line:0 Function: Type:Debug:
DateTime:2026-08-27 11:01:28.462:接口函数调用成功，返回的结果为 0                            File: Line:0 Function: Type:Debug:
DateTime:2026-08-27 11:01:28.462:"外部传入的para：0，返回的result：0,返回的pValRet：0"                            File: Line:0 Function: Type:Debug:
DateTime:2026-08-27 11:01:28.462:"执行接口函数CCO_AFN52_F1_EB040001_read完成"                            File: Line:0 Function: Type:Debug:
DateTime:2026-08-27 11:01:28.465:coorIndex 0                            File: Line:0 Function: Type:Debug:
DateTime:2026-08-27 11:01:28.465:当前流程结束                            File: Line:0 Function: Type:Debug:
DateTime:2026-08-27 11:01:28.465:退出connect函数                            File: Line:0 Function: Type:Debug:
DateTime:2026-08-27 11:01:28.465:"=========【Step8-数据转发--EB040001查询从节点模块事件引脚变位主动上报方式】结束=========="                            File: Line:0 Function: Type:Debug:
DateTime:2026-08-27 11:01:28.465:"-----------------------------"                            File: Line:0 Function: Type:Debug:
DateTime:2026-08-27 11:01:28.467:"=============执行【Step9-数据转发--EB040001设置从节点模块事件引脚变位主动上报方式-不上报】==================="                            File: Line:0 Function: Type:Debug:
DateTime:2026-08-27 11:01:28.467:"执行接口函数CCO_AFN52_F1_EB040001_set"                            File: Line:0 Function: Type:Debug:
DateTime:2026-08-27 11:01:28.467:callWorkFunction: CCO_AFN52_F1_EB040001_set                            File: Line:0 Function: Type:Debug:
DateTime:2026-08-27 11:01:28.467:找到对应函数，进入执行                            File: Line:0 Function: Type:Debug:
DateTime:2026-08-27 11:01:28.971:"等待工装回复超时"                            File: Line:0 Function: Type:Debug:
DateTime:2026-08-27 11:01:28.971:"开始组帧"                            File: Line:0 Function: Type:Debug:
DateTime:2026-08-27 11:01:28.971:"组帧结束"                            File: Line:0 Function: Type:Debug:
DateTime:2026-08-27 11:01:28.971:"367.2Send:数据转发(设置-从节点模块事件引脚变位主动上报方式EB040001)：=>68 34 00 43 00 00 00 00 00 F7 52 01 00 03 03 01 10 00 16 19 6B 8A E8 19 00 68 03 01 10 00 16 19 68 14 0D 34 33 37 1E 3B 33 33 33 44 44 44 44 33 07 16 ED 16"                            File: Line:0 Function: Type:Debug:
DateTime:2026-08-27 11:01:28.971:"槽位2透传:68120112016840000000000022600000010002013C00683400430000000000F7520100030301100016196B8AE819006803011000161968140D3433371E3B33333344444444330716ED168E16"                            File: Line:0 Function: Type:Debug:
DateTime:2026-08-27 11:01:28.971:"工装发送：68 12 01 12 01 68 40 00 00 00 00 00 22 60 00 00 01 00 02 01 3C 00 68 34 00 43 00 00 00 00 00 F7 52 01 00 03 03 01 10 00 16 19 6B 8A E8 19 00 68 03 01 10 00 16 19 68 14 0D 34 33 37 1E 3B 33 33 33 44 44 44 44 33 07 16 ED 16 8E 16"                            File: Line:0 Function: Type:Debug:
DateTime:2026-08-27 11:01:29.032:"工装接收：68 32 00 32 00 68 80 00 00 00 00 00 00 60 00 00 01 00 E1 16"                            File: Line:0 Function: Type:Debug:
DateTime:2026-08-27 11:01:29.032:"m_baRecvMsg:"                            File: Line:0 Function: Type:Debug:
DateTime:2026-08-27 11:01:29.032:"frameList.size():1"                            File: Line:0 Function: Type:Debug:
DateTime:2026-08-27 11:01:29.032:"进入报文解析"                            File: Line:0 Function: Type:Debug:
DateTime:2026-08-27 11:01:29.032:"68 32 00 32 00 68 80 00 00 00 00 00 00 60 00 00 01 00 E1 16"                            File: Line:0 Function: Type:Debug:
DateTime:2026-08-27 11:01:29.032:"解码完成，功能码: 1"                            File: Line:0 Function: Type:Debug:
DateTime:2026-08-27 11:01:29.032:"工装回复确认帧"                            File: Line:0 Function: Type:Debug:
DateTime:2026-08-27 11:01:29.205:"工装接收：68 CE 00 CE 00 68 80 00 00 00 00 00 22 60 00 00 01 00 02 24 00 68 24 00 80 00 00 00 00 00 F7 52 01 00 03 03 01 10 00 16 19 0C 00 68 03 01 10 00 16 19 68 94 00 A7 16 80 16 CB 16"                            File: Line:0 Function: Type:Debug:
DateTime:2026-08-27 11:01:29.205:"m_baRecvMsg:"                            File: Line:0 Function: Type:Debug:
DateTime:2026-08-27 11:01:29.205:"frameList.size():1"                            File: Line:0 Function: Type:Debug:
DateTime:2026-08-27 11:01:29.205:"进入报文解析"                            File: Line:0 Function: Type:Debug:
DateTime:2026-08-27 11:01:29.205:"68 CE 00 CE 00 68 80 00 00 00 00 00 22 60 00 00 01 00 02 24 00 68 24 00 80 00 00 00 00 00 F7 52 01 00 03 03 01 10 00 16 19 0C 00 68 03 01 10 00 16 19 68 94 00 A7 16 80 16 CB 16"                            File: Line:0 Function: Type:Debug:
DateTime:2026-08-27 11:01:29.205:"解码完成，功能码: 4"                            File: Line:0 Function: Type:Debug:
DateTime:2026-08-27 11:01:29.205:"工装接收到透传报文"                            File: Line:0 Function: Type:Debug:
DateTime:2026-08-27 11:01:29.205:"022400682400800000000000F7520100030301100016190C0068030110001619689400A7168016"                            File: Line:0 Function: Type:Debug:
DateTime:2026-08-27 11:01:29.205:"透传报文内容:68 24 00 80 00 00 00 00 00 f7 52 01 00 03 03 01 10 00 16 19 0c 00 68 03 01 10 00 16 19 68 94 00 a7 16 80 16"                            File: Line:0 Function: Type:Debug:
DateTime:2026-08-27 11:01:32.026:"uTimeSecond_ms:30000"                            File: Line:0 Function: Type:Debug:
DateTime:2026-08-27 11:01:32.026:"查找结果: iret=0, wStart=0, dwOutLen=36, dwStreamLen=36, dwFindPos=0"                            File: Line:0 Function: Type:Debug:
DateTime:2026-08-27 11:01:32.026:"Receive:<= 68 24 00 80 00 00 00 00 00 F7 52 01 00 03 03 01 10 00 16 19 0C 00 68 03 01 10 00 16 19 68 94 00 A7 16 80 16"                            File: Line:0 Function: Type:Debug:
DateTime:2026-08-27 11:01:32.026:"解析：功能码-AFN=52H,Fn=1："                            File: Line:0 Function: Type:Debug:
DateTime:2026-08-27 11:01:32.026:"透传回复内容：030301100016190C0068030110001619689400A716"                            File: Line:0 Function: Type:Debug:
DateTime:2026-08-27 11:01:32.026:"设置成功"                            File: Line:0 Function: Type:Debug:
DateTime:2026-08-27 11:01:32.026:dll输出信息: ""                            File: Line:0 Function: Type:Debug:
DateTime:2026-08-27 11:01:32.026:接口函数调用成功，返回的结果为 0                            File: Line:0 Function: Type:Debug:
DateTime:2026-08-27 11:01:32.026:"外部传入的para：0，返回的result：0,返回的pValRet：0"                            File: Line:0 Function: Type:Debug:
DateTime:2026-08-27 11:01:32.026:"执行接口函数CCO_AFN52_F1_EB040001_set完成"                            File: Line:0 Function: Type:Debug:
DateTime:2026-08-27 11:01:32.029:coorIndex 0                            File: Line:0 Function: Type:Debug:
DateTime:2026-08-27 11:01:32.029:当前流程结束                            File: Line:0 Function: Type:Debug:
DateTime:2026-08-27 11:01:32.029:退出connect函数                            File: Line:0 Function: Type:Debug:
DateTime:2026-08-27 11:01:32.029:"=========【Step9-数据转发--EB040001设置从节点模块事件引脚变位主动上报方式-不上报】结束=========="                            File: Line:0 Function: Type:Debug:
DateTime:2026-08-27 11:01:32.029:"-----------------------------"                            File: Line:0 Function: Type:Debug:
DateTime:2026-08-27 11:01:32.030:"=============执行【Step10-数据转发--EB040001查询从节点模块事件引脚变位主动上报方式,应为0-不上报】==================="                            File: Line:0 Function: Type:Debug:
DateTime:2026-08-27 11:01:32.031:"执行接口函数CCO_AFN52_F1_EB040001_read"                            File: Line:0 Function: Type:Debug:
DateTime:2026-08-27 11:01:32.031:callWorkFunction: CCO_AFN52_F1_EB040001_read                            File: Line:0 Function: Type:Debug:
DateTime:2026-08-27 11:01:32.031:找到对应函数，进入执行                            File: Line:0 Function: Type:Debug:
DateTime:2026-08-27 11:01:32.534:"等待工装回复超时"                            File: Line:0 Function: Type:Debug:
DateTime:2026-08-27 11:01:32.534:"开始组帧"                            File: Line:0 Function: Type:Debug:
DateTime:2026-08-27 11:01:32.534:"组帧结束"                            File: Line:0 Function: Type:Debug:
DateTime:2026-08-27 11:01:32.534:"367.2Send:数据转发(查询-从节点模块事件引脚变位主动上报方式EB040001)：=>68 2B 00 43 00 00 00 00 00 F8 52 01 00 03 03 01 10 00 16 19 6B 8A E8 10 00 68 03 01 10 00 16 19 68 11 04 34 33 37 1E E4 16 9F 16"                            File: Line:0 Function: Type:Debug:
DateTime:2026-08-27 11:01:32.534:"槽位2透传:68EE00EE006840000000000022600000010002013C00682B00430000000000F8520100030301100016196B8AE81000680301100016196811043433371EE4169F16E916"                            File: Line:0 Function: Type:Debug:
DateTime:2026-08-27 11:01:32.534:"工装发送：68 EE 00 EE 00 68 40 00 00 00 00 00 22 60 00 00 01 00 02 01 3C 00 68 2B 00 43 00 00 00 00 00 F8 52 01 00 03 03 01 10 00 16 19 6B 8A E8 10 00 68 03 01 10 00 16 19 68 11 04 34 33 37 1E E4 16 9F 16 E9 16"                            File: Line:0 Function: Type:Debug:
DateTime:2026-08-27 11:01:32.584:"工装接收：68 32 00 32 00 68 80 00 00 00 00 00 00 60 00 00 01 00 E1 16"                            File: Line:0 Function: Type:Debug:
DateTime:2026-08-27 11:01:32.585:"m_baRecvMsg:"                            File: Line:0 Function: Type:Debug:
DateTime:2026-08-27 11:01:32.585:"frameList.size():1"                            File: Line:0 Function: Type:Debug:
DateTime:2026-08-27 11:01:32.585:"进入报文解析"                            File: Line:0 Function: Type:Debug:
DateTime:2026-08-27 11:01:32.585:"68 32 00 32 00 68 80 00 00 00 00 00 00 60 00 00 01 00 E1 16"                            File: Line:0 Function: Type:Debug:
DateTime:2026-08-27 11:01:32.585:"解码完成，功能码: 1"                            File: Line:0 Function: Type:Debug:
DateTime:2026-08-27 11:01:32.585:"工装回复确认帧"                            File: Line:0 Function: Type:Debug:
DateTime:2026-08-27 11:01:32.766:"工装接收：68 E2 00 E2 00 68 80 00 00 00 00 00 22 60 00 00 01 00 02 29 00 68 29 00 80 00 00 00 00 00 F8 52 01 00 03 03 01 10 00 16 19 11 00 68 03 01 10 00 16 19 68 91 05 34 33 37 1E 33 98 16 68 16 A5 16"                            File: Line:0 Function: Type:Debug:
DateTime:2026-08-27 11:01:32.766:"m_baRecvMsg:"                            File: Line:0 Function: Type:Debug:
DateTime:2026-08-27 11:01:32.766:"frameList.size():1"                            File: Line:0 Function: Type:Debug:
DateTime:2026-08-27 11:01:32.766:"进入报文解析"                            File: Line:0 Function: Type:Debug:
DateTime:2026-08-27 11:01:32.766:"68 E2 00 E2 00 68 80 00 00 00 00 00 22 60 00 00 01 00 02 29 00 68 29 00 80 00 00 00 00 00 F8 52 01 00 03 03 01 10 00 16 19 11 00 68 03 01 10 00 16 19 68 91 05 34 33 37 1E 33 98 16 68 16 A5 16"                            File: Line:0 Function: Type:Debug:
DateTime:2026-08-27 11:01:32.766:"解码完成，功能码: 4"                            File: Line:0 Function: Type:Debug:
DateTime:2026-08-27 11:01:32.766:"工装接收到透传报文"                            File: Line:0 Function: Type:Debug:
DateTime:2026-08-27 11:01:32.766:"022900682900800000000000F8520100030301100016191100680301100016196891053433371E3398166816"                            File: Line:0 Function: Type:Debug:
DateTime:2026-08-27 11:01:32.766:"透传报文内容:68 29 00 80 00 00 00 00 00 f8 52 01 00 03 03 01 10 00 16 19 11 00 68 03 01 10 00 16 19 68 91 05 34 33 37 1e 33 98 16 68 16"                            File: Line:0 Function: Type:Debug:
DateTime:2026-08-27 11:01:35.586:"uTimeSecond_ms:30000"                            File: Line:0 Function: Type:Debug:
DateTime:2026-08-27 11:01:35.586:"查找结果: iret=0, wStart=0, dwOutLen=41, dwStreamLen=41, dwFindPos=0"                            File: Line:0 Function: Type:Debug:
DateTime:2026-08-27 11:01:35.586:"Receive:<= 68 29 00 80 00 00 00 00 00 F8 52 01 00 03 03 01 10 00 16 19 11 00 68 03 01 10 00 16 19 68 91 05 34 33 37 1E 33 98 16 68 16"                            File: Line:0 Function: Type:Debug:
DateTime:2026-08-27 11:01:35.586:"解析：功能码-AFN=52H,Fn=1："                            File: Line:0 Function: Type:Debug:
DateTime:2026-08-27 11:01:35.586:"透传回复内容：030301100016191100680301100016196891053433371E339816"                            File: Line:0 Function: Type:Debug:
DateTime:2026-08-27 11:01:35.586:"DL/T645-2007协议 回复报文信息：控制码：91,数据标识：EB040001，数据域(需倒序解析)：00"                            File: Line:0 Function: Type:Debug:
DateTime:2026-08-27 11:01:35.586:"结果："                            File: Line:0 Function: Type:Debug:
DateTime:2026-08-27 11:01:35.586:"模块事件管脚变位:不上报;信息：发生事件才上报;方式：国网;"                            File: Line:0 Function: Type:Debug:
DateTime:2026-08-27 11:01:35.586:dll输出信息: ""                            File: Line:0 Function: Type:Debug:
DateTime:2026-08-27 11:01:35.586:接口函数调用成功，返回的结果为 0                            File: Line:0 Function: Type:Debug:
DateTime:2026-08-27 11:01:35.586:"外部传入的para：0，返回的result：0,返回的pValRet：0"                            File: Line:0 Function: Type:Debug:
DateTime:2026-08-27 11:01:35.587:"执行接口函数CCO_AFN52_F1_EB040001_read完成"                            File: Line:0 Function: Type:Debug:
DateTime:2026-08-27 11:01:35.589:coorIndex 0                            File: Line:0 Function: Type:Debug:
DateTime:2026-08-27 11:01:35.589:当前流程结束                            File: Line:0 Function: Type:Debug:
DateTime:2026-08-27 11:01:35.590:退出connect函数                            File: Line:0 Function: Type:Debug:
DateTime:2026-08-27 11:01:35.590:"=========【Step10-数据转发--EB040001查询从节点模块事件引脚变位主动上报方式,应为0-不上报】结束=========="                            File: Line:0 Function: Type:Debug:
DateTime:2026-08-27 11:01:35.590:"-----------------------------"                            File: Line:0 Function: Type:Debug:
DateTime:2026-08-27 11:01:35.591:"=============执行【Step11-数据转发--EB030110查询台区识别_任务启动】==================="                            File: Line:0 Function: Type:Debug:
DateTime:2026-08-27 11:01:35.592:"执行接口函数CCO_AFN52_F1_EB030110_read"                            File: Line:0 Function: Type:Debug:
DateTime:2026-08-27 11:01:35.592:callWorkFunction: CCO_AFN52_F1_EB030110_read                            File: Line:0 Function: Type:Debug:
DateTime:2026-08-27 11:01:35.592:找到对应函数，进入执行                            File: Line:0 Function: Type:Debug:
DateTime:2026-08-27 11:01:36.096:"等待工装回复超时"                            File: Line:0 Function: Type:Debug:
DateTime:2026-08-27 11:01:36.096:"开始组帧"                            File: Line:0 Function: Type:Debug:
DateTime:2026-08-27 11:01:36.096:"组帧结束"                            File: Line:0 Function: Type:Debug:
DateTime:2026-08-27 11:01:36.096:"367.2Send:数据转发(查询-台区识别_任务启动EB030110)：=>68 2B 00 43 00 00 00 00 00 F9 52 01 00 02 12 90 78 56 34 12 6B 8A E8 10 00 68 12 90 78 56 34 12 68 11 04 43 34 36 1E 66 16 16 16"                            File: Line:0 Function: Type:Debug:
DateTime:2026-08-27 11:01:36.096:"槽位2透传:68EE00EE006840000000000022600000010002013C00682B00430000000000F9520100021290785634126B8AE81000681290785634126811044334361E66161616D716"                            File: Line:0 Function: Type:Debug:
DateTime:2026-08-27 11:01:36.096:"工装发送：68 EE 00 EE 00 68 40 00 00 00 00 00 22 60 00 00 01 00 02 01 3C 00 68 2B 00 43 00 00 00 00 00 F9 52 01 00 02 12 90 78 56 34 12 6B 8A E8 10 00 68 12 90 78 56 34 12 68 11 04 43 34 36 1E 66 16 16 16 D7 16"                            File: Line:0 Function: Type:Debug:
DateTime:2026-08-27 11:01:36.146:"工装接收：68 32 00 32 00 68 80 00 00 00 00 00 00 60 00 00 01 00 E1 16"                            File: Line:0 Function: Type:Debug:
DateTime:2026-08-27 11:01:36.147:"m_baRecvMsg:"                            File: Line:0 Function: Type:Debug:
DateTime:2026-08-27 11:01:36.147:"frameList.size():1"                            File: Line:0 Function: Type:Debug:
DateTime:2026-08-27 11:01:36.147:"进入报文解析"                            File: Line:0 Function: Type:Debug:
DateTime:2026-08-27 11:01:36.147:"68 32 00 32 00 68 80 00 00 00 00 00 00 60 00 00 01 00 E1 16"                            File: Line:0 Function: Type:Debug:
DateTime:2026-08-27 11:01:36.147:"解码完成，功能码: 1"                            File: Line:0 Function: Type:Debug:
DateTime:2026-08-27 11:01:36.147:"工装回复确认帧"                            File: Line:0 Function: Type:Debug:
DateTime:2026-08-27 11:01:36.203:"工装接收：68 EA 00 EA 00 68 80 00 00 00 00 00 22 60 00 00 01 00 02 2B 00 68 2B 00 80 00 00 00 00 00 F9 52 01 00 02 12 90 78 56 34 12 13 00 68 12 90 78 56 34 12 68 91 07 43 34 36 1E 36 42 5A BB 16 23 16 1F 16"                            File: Line:0 Function: Type:Debug:
DateTime:2026-08-27 11:01:36.203:"m_baRecvMsg:"                            File: Line:0 Function: Type:Debug:
DateTime:2026-08-27 11:01:36.203:"frameList.size():1"                            File: Line:0 Function: Type:Debug:
DateTime:2026-08-27 11:01:36.203:"进入报文解析"                            File: Line:0 Function: Type:Debug:
DateTime:2026-08-27 11:01:36.203:"68 EA 00 EA 00 68 80 00 00 00 00 00 22 60 00 00 01 00 02 2B 00 68 2B 00 80 00 00 00 00 00 F9 52 01 00 02 12 90 78 56 34 12 13 00 68 12 90 78 56 34 12 68 91 07 43 34 36 1E 36 42 5A BB 16 23 16 1F 16"                            File: Line:0 Function: Type:Debug:
DateTime:2026-08-27 11:01:36.203:"解码完成，功能码: 4"                            File: Line:0 Function: Type:Debug:
DateTime:2026-08-27 11:01:36.203:"工装接收到透传报文"                            File: Line:0 Function: Type:Debug:
DateTime:2026-08-27 11:01:36.203:"022B00682B00800000000000F9520100021290785634121300681290785634126891074334361E36425ABB162316"                            File: Line:0 Function: Type:Debug:
DateTime:2026-08-27 11:01:36.203:"透传报文内容:68 2b 00 80 00 00 00 00 00 f9 52 01 00 02 12 90 78 56 34 12 13 00 68 12 90 78 56 34 12 68 91 07 43 34 36 1e 36 42 5a bb 16 23 16"                            File: Line:0 Function: Type:Debug:
DateTime:2026-08-27 11:01:39.125:"uTimeSecond_ms:30000"                            File: Line:0 Function: Type:Debug:
DateTime:2026-08-27 11:01:39.125:"查找结果: iret=0, wStart=0, dwOutLen=43, dwStreamLen=43, dwFindPos=0"                            File: Line:0 Function: Type:Debug:
DateTime:2026-08-27 11:01:39.125:"Receive:<= 68 2B 00 80 00 00 00 00 00 F9 52 01 00 02 12 90 78 56 34 12 13 00 68 12 90 78 56 34 12 68 91 07 43 34 36 1E 36 42 5A BB 16 23 16"                            File: Line:0 Function: Type:Debug:
DateTime:2026-08-27 11:01:39.125:"解析：功能码-AFN=52H,Fn=1："                            File: Line:0 Function: Type:Debug:
DateTime:2026-08-27 11:01:39.125:"透传回复内容：021290785634121300681290785634126891074334361E36425ABB16"                            File: Line:0 Function: Type:Debug:
DateTime:2026-08-27 11:01:39.125:"DL/T645-2007协议 回复报文信息：控制码：91,数据标识：EB030110，数据域(需倒序解析)：030F27"                            File: Line:0 Function: Type:Debug:
DateTime:2026-08-27 11:01:39.125:"结果："                            File: Line:0 Function: Type:Debug:
DateTime:2026-08-27 11:01:39.125:"识别方法：工频周期特征;识别时长（分钟）：9999"                            File: Line:0 Function: Type:Debug:
DateTime:2026-08-27 11:01:39.125:dll输出信息: ""                            File: Line:0 Function: Type:Debug:
DateTime:2026-08-27 11:01:39.125:接口函数调用成功，返回的结果为 0                            File: Line:0 Function: Type:Debug:
DateTime:2026-08-27 11:01:39.125:"外部传入的para：0，返回的result：0,返回的pValRet：0"                            File: Line:0 Function: Type:Debug:
DateTime:2026-08-27 11:01:39.125:"执行接口函数CCO_AFN52_F1_EB030110_read完成"                            File: Line:0 Function: Type:Debug:
DateTime:2026-08-27 11:01:39.128:coorIndex 0                            File: Line:0 Function: Type:Debug:
DateTime:2026-08-27 11:01:39.128:当前流程结束                            File: Line:0 Function: Type:Debug:
DateTime:2026-08-27 11:01:39.128:退出connect函数                            File: Line:0 Function: Type:Debug:
DateTime:2026-08-27 11:01:39.128:"=========【Step11-数据转发--EB030110查询台区识别_任务启动】结束=========="                            File: Line:0 Function: Type:Debug:
DateTime:2026-08-27 11:01:39.128:"-----------------------------"                            File: Line:0 Function: Type:Debug:
DateTime:2026-08-27 11:01:39.130:"=============执行【Step12-数据转发--EB030110设置台区识别_任务启动-5min】==================="                            File: Line:0 Function: Type:Debug:
DateTime:2026-08-27 11:01:39.130:"执行接口函数CCO_AFN52_F1_EB030110_set"                            File: Line:0 Function: Type:Debug:
DateTime:2026-08-27 11:01:39.130:callWorkFunction: CCO_AFN52_F1_EB030110_set                            File: Line:0 Function: Type:Debug:
DateTime:2026-08-27 11:01:39.130:找到对应函数，进入执行                            File: Line:0 Function: Type:Debug:
DateTime:2026-08-27 11:01:39.633:"等待工装回复超时"                            File: Line:0 Function: Type:Debug:
DateTime:2026-08-27 11:01:39.633:"开始组帧"                            File: Line:0 Function: Type:Debug:
DateTime:2026-08-27 11:01:39.633:"组帧结束"                            File: Line:0 Function: Type:Debug:
DateTime:2026-08-27 11:01:39.633:"367.2Send:数据转发(设置-台区识别_任务启动EB030110)：=>68 36 00 43 00 00 00 00 00 FA 52 01 00 02 12 90 78 56 34 12 6B 8A E8 1B 00 68 12 90 78 56 34 12 68 14 0F 43 34 36 1E 3B 33 33 33 44 44 44 44 33 38 33 F6 16 42 16"                            File: Line:0 Function: Type:Debug:
DateTime:2026-08-27 11:01:39.633:"槽位2透传:681A011A016840000000000022600000010002013C00683600430000000000FA520100021290785634126B8AE81B006812907856341268140F4334361E3B33333344444444333833F61642163A16"                            File: Line:0 Function: Type:Debug:
DateTime:2026-08-27 11:01:39.633:"工装发送：68 1A 01 1A 01 68 40 00 00 00 00 00 22 60 00 00 01 00 02 01 3C 00 68 36 00 43 00 00 00 00 00 FA 52 01 00 02 12 90 78 56 34 12 6B 8A E8 1B 00 68 12 90 78 56 34 12 68 14 0F 43 34 36 1E 3B 33 33 33 44 44 44 44 33 38 33 F6 16 42 16 3A 16"                            File: Line:0 Function: Type:Debug:
DateTime:2026-08-27 11:01:39.696:"工装接收：68 32 00 32 00 68 80 00 00 00 00 00 00 60 00 00 01 00 E1 16"                            File: Line:0 Function: Type:Debug:
DateTime:2026-08-27 11:01:39.696:"m_baRecvMsg:"                            File: Line:0 Function: Type:Debug:
DateTime:2026-08-27 11:01:39.696:"frameList.size():1"                            File: Line:0 Function: Type:Debug:
DateTime:2026-08-27 11:01:39.696:"进入报文解析"                            File: Line:0 Function: Type:Debug:
DateTime:2026-08-27 11:01:39.696:"68 32 00 32 00 68 80 00 00 00 00 00 00 60 00 00 01 00 E1 16"                            File: Line:0 Function: Type:Debug:
DateTime:2026-08-27 11:01:39.696:"解码完成，功能码: 1"                            File: Line:0 Function: Type:Debug:
DateTime:2026-08-27 11:01:39.696:"工装回复确认帧"                            File: Line:0 Function: Type:Debug:
DateTime:2026-08-27 11:01:39.750:"工装接收：68 CE 00 CE 00 68 80 00 00 00 00 00 22 60 00 00 01 00 02 24 00 68 24 00 80 00 00 00 00 00 FA 52 01 00 02 12 90 78 56 34 12 0C 00 68 12 90 78 56 34 12 68 94 00 1A 16 DB 16 81 16"                            File: Line:0 Function: Type:Debug:
DateTime:2026-08-27 11:01:39.750:"m_baRecvMsg:"                            File: Line:0 Function: Type:Debug:
DateTime:2026-08-27 11:01:39.750:"frameList.size():1"                            File: Line:0 Function: Type:Debug:
DateTime:2026-08-27 11:01:39.750:"进入报文解析"                            File: Line:0 Function: Type:Debug:
DateTime:2026-08-27 11:01:39.750:"68 CE 00 CE 00 68 80 00 00 00 00 00 22 60 00 00 01 00 02 24 00 68 24 00 80 00 00 00 00 00 FA 52 01 00 02 12 90 78 56 34 12 0C 00 68 12 90 78 56 34 12 68 94 00 1A 16 DB 16 81 16"                            File: Line:0 Function: Type:Debug:
DateTime:2026-08-27 11:01:39.750:"解码完成，功能码: 4"                            File: Line:0 Function: Type:Debug:
DateTime:2026-08-27 11:01:39.750:"工装接收到透传报文"                            File: Line:0 Function: Type:Debug:
DateTime:2026-08-27 11:01:39.750:"022400682400800000000000FA520100021290785634120C00681290785634126894001A16DB16"                            File: Line:0 Function: Type:Debug:
DateTime:2026-08-27 11:01:39.750:"透传报文内容:68 24 00 80 00 00 00 00 00 fa 52 01 00 02 12 90 78 56 34 12 0c 00 68 12 90 78 56 34 12 68 94 00 1a 16 db 16"                            File: Line:0 Function: Type:Debug:
DateTime:2026-08-27 11:01:42.671:"uTimeSecond_ms:30000"                            File: Line:0 Function: Type:Debug:
DateTime:2026-08-27 11:01:42.671:"查找结果: iret=0, wStart=0, dwOutLen=36, dwStreamLen=36, dwFindPos=0"                            File: Line:0 Function: Type:Debug:
DateTime:2026-08-27 11:01:42.671:"Receive:<= 68 24 00 80 00 00 00 00 00 FA 52 01 00 02 12 90 78 56 34 12 0C 00 68 12 90 78 56 34 12 68 94 00 1A 16 DB 16"                            File: Line:0 Function: Type:Debug:
DateTime:2026-08-27 11:01:42.671:"解析：功能码-AFN=52H,Fn=1："                            File: Line:0 Function: Type:Debug:
DateTime:2026-08-27 11:01:42.671:"透传回复内容：021290785634120C00681290785634126894001A16"                            File: Line:0 Function: Type:Debug:
DateTime:2026-08-27 11:01:42.671:"设置成功"                            File: Line:0 Function: Type:Debug:
DateTime:2026-08-27 11:01:42.671:dll输出信息: ""                            File: Line:0 Function: Type:Debug:
DateTime:2026-08-27 11:01:42.671:接口函数调用成功，返回的结果为 0                            File: Line:0 Function: Type:Debug:
DateTime:2026-08-27 11:01:42.671:"外部传入的para：0，返回的result：0,返回的pValRet：0"                            File: Line:0 Function: Type:Debug:
DateTime:2026-08-27 11:01:42.671:"执行接口函数CCO_AFN52_F1_EB030110_set完成"                            File: Line:0 Function: Type:Debug:
DateTime:2026-08-27 11:01:42.674:coorIndex 0                            File: Line:0 Function: Type:Debug:
DateTime:2026-08-27 11:01:42.674:当前流程结束                            File: Line:0 Function: Type:Debug:
DateTime:2026-08-27 11:01:42.674:退出connect函数                            File: Line:0 Function: Type:Debug:
DateTime:2026-08-27 11:01:42.674:"=========【Step12-数据转发--EB030110设置台区识别_任务启动-5min】结束=========="                            File: Line:0 Function: Type:Debug:
DateTime:2026-08-27 11:01:42.674:"-----------------------------"                            File: Line:0 Function: Type:Debug:
DateTime:2026-08-27 11:01:42.675:"=============执行【Step13-数据转发--EB030110查询台区识别_任务启动】==================="                            File: Line:0 Function: Type:Debug:
DateTime:2026-08-27 11:01:42.676:"执行接口函数CCO_AFN52_F1_EB030110_read"                            File: Line:0 Function: Type:Debug:
DateTime:2026-08-27 11:01:42.676:callWorkFunction: CCO_AFN52_F1_EB030110_read                            File: Line:0 Function: Type:Debug:
DateTime:2026-08-27 11:01:42.676:找到对应函数，进入执行                            File: Line:0 Function: Type:Debug:
DateTime:2026-08-27 11:01:43.180:"等待工装回复超时"                            File: Line:0 Function: Type:Debug:
DateTime:2026-08-27 11:01:43.180:"开始组帧"                            File: Line:0 Function: Type:Debug:
DateTime:2026-08-27 11:01:43.180:"组帧结束"                            File: Line:0 Function: Type:Debug:
DateTime:2026-08-27 11:01:43.180:"367.2Send:数据转发(查询-台区识别_任务启动EB030110)：=>68 2B 00 43 00 00 00 00 00 FB 52 01 00 02 12 90 78 56 34 12 6B 8A E8 10 00 68 12 90 78 56 34 12 68 11 04 43 34 36 1E 66 16 18 16"                            File: Line:0 Function: Type:Debug:
DateTime:2026-08-27 11:01:43.180:"槽位2透传:68EE00EE006840000000000022600000010002013C00682B00430000000000FB520100021290785634126B8AE81000681290785634126811044334361E66161816DB16"                            File: Line:0 Function: Type:Debug:
DateTime:2026-08-27 11:01:43.180:"工装发送：68 EE 00 EE 00 68 40 00 00 00 00 00 22 60 00 00 01 00 02 01 3C 00 68 2B 00 43 00 00 00 00 00 FB 52 01 00 02 12 90 78 56 34 12 6B 8A E8 10 00 68 12 90 78 56 34 12 68 11 04 43 34 36 1E 66 16 18 16 DB 16"                            File: Line:0 Function: Type:Debug:
DateTime:2026-08-27 11:01:43.230:"工装接收：68 32 00 32 00 68 80 00 00 00 00 00 00 60 00 00 01 00 E1 16"                            File: Line:0 Function: Type:Debug:
DateTime:2026-08-27 11:01:43.230:"m_baRecvMsg:"                            File: Line:0 Function: Type:Debug:
DateTime:2026-08-27 11:01:43.230:"frameList.size():1"                            File: Line:0 Function: Type:Debug:
DateTime:2026-08-27 11:01:43.230:"进入报文解析"                            File: Line:0 Function: Type:Debug:
DateTime:2026-08-27 11:01:43.230:"68 32 00 32 00 68 80 00 00 00 00 00 00 60 00 00 01 00 E1 16"                            File: Line:0 Function: Type:Debug:
DateTime:2026-08-27 11:01:43.230:"解码完成，功能码: 1"                            File: Line:0 Function: Type:Debug:
DateTime:2026-08-27 11:01:43.231:"工装回复确认帧"                            File: Line:0 Function: Type:Debug:
DateTime:2026-08-27 11:01:43.287:"工装接收：68 EA 00 EA 00 68 80 00 00 00 00 00 22 60 00 00 01 00 02 2B 00 68 2B 00 80 00 00 00 00 00 FB 52 01 00 02 12 90 78 56 34 12 13 00 68 12 90 78 56 34 12 68 91 07 43 34 36 1E 36 38 33 8A 16 C3 16 5F 16"                            File: Line:0 Function: Type:Debug:
DateTime:2026-08-27 11:01:43.287:"m_baRecvMsg:"                            File: Line:0 Function: Type:Debug:
DateTime:2026-08-27 11:01:43.287:"frameList.size():1"                            File: Line:0 Function: Type:Debug:
DateTime:2026-08-27 11:01:43.287:"进入报文解析"                            File: Line:0 Function: Type:Debug:
DateTime:2026-08-27 11:01:43.287:"68 EA 00 EA 00 68 80 00 00 00 00 00 22 60 00 00 01 00 02 2B 00 68 2B 00 80 00 00 00 00 00 FB 52 01 00 02 12 90 78 56 34 12 13 00 68 12 90 78 56 34 12 68 91 07 43 34 36 1E 36 38 33 8A 16 C3 16 5F 16"                            File: Line:0 Function: Type:Debug:
DateTime:2026-08-27 11:01:43.287:"解码完成，功能码: 4"                            File: Line:0 Function: Type:Debug:
DateTime:2026-08-27 11:01:43.287:"工装接收到透传报文"                            File: Line:0 Function: Type:Debug:
DateTime:2026-08-27 11:01:43.287:"022B00682B00800000000000FB520100021290785634121300681290785634126891074334361E3638338A16C316"                            File: Line:0 Function: Type:Debug:
DateTime:2026-08-27 11:01:43.287:"透传报文内容:68 2b 00 80 00 00 00 00 00 fb 52 01 00 02 12 90 78 56 34 12 13 00 68 12 90 78 56 34 12 68 91 07 43 34 36 1e 36 38 33 8a 16 c3 16"                            File: Line:0 Function: Type:Debug:
DateTime:2026-08-27 11:01:46.208:"uTimeSecond_ms:30000"                            File: Line:0 Function: Type:Debug:
DateTime:2026-08-27 11:01:46.208:"查找结果: iret=0, wStart=0, dwOutLen=43, dwStreamLen=43, dwFindPos=0"                            File: Line:0 Function: Type:Debug:
DateTime:2026-08-27 11:01:46.208:"Receive:<= 68 2B 00 80 00 00 00 00 00 FB 52 01 00 02 12 90 78 56 34 12 13 00 68 12 90 78 56 34 12 68 91 07 43 34 36 1E 36 38 33 8A 16 C3 16"                            File: Line:0 Function: Type:Debug:
DateTime:2026-08-27 11:01:46.208:"解析：功能码-AFN=52H,Fn=1："                            File: Line:0 Function: Type:Debug:
DateTime:2026-08-27 11:01:46.208:"透传回复内容：021290785634121300681290785634126891074334361E3638338A16"                            File: Line:0 Function: Type:Debug:
DateTime:2026-08-27 11:01:46.208:"DL/T645-2007协议 回复报文信息：控制码：91,数据标识：EB030110，数据域(需倒序解析)：030500"                            File: Line:0 Function: Type:Debug:
DateTime:2026-08-27 11:01:46.208:"结果："                            File: Line:0 Function: Type:Debug:
DateTime:2026-08-27 11:01:46.208:"识别方法：工频周期特征;识别时长（分钟）：5"                            File: Line:0 Function: Type:Debug:
DateTime:2026-08-27 11:01:46.208:dll输出信息: ""                            File: Line:0 Function: Type:Debug:
DateTime:2026-08-27 11:01:46.208:接口函数调用成功，返回的结果为 0                            File: Line:0 Function: Type:Debug:
DateTime:2026-08-27 11:01:46.208:"外部传入的para：0，返回的result：0,返回的pValRet：0"                            File: Line:0 Function: Type:Debug:
DateTime:2026-08-27 11:01:46.208:"执行接口函数CCO_AFN52_F1_EB030110_read完成"                            File: Line:0 Function: Type:Debug:
DateTime:2026-08-27 11:01:46.211:coorIndex 0                            File: Line:0 Function: Type:Debug:
DateTime:2026-08-27 11:01:46.211:当前流程结束                            File: Line:0 Function: Type:Debug:
DateTime:2026-08-27 11:01:46.211:退出connect函数                            File: Line:0 Function: Type:Debug:
DateTime:2026-08-27 11:01:46.211:"=========【Step13-数据转发--EB030110查询台区识别_任务启动】结束=========="                            File: Line:0 Function: Type:Debug:
DateTime:2026-08-27 11:01:46.211:"-----------------------------"                            File: Line:0 Function: Type:Debug:
DateTime:2026-08-27 11:01:46.213:"=============执行【Step14-数据转发--EB030111查询台区识别_结果概况】==================="                            File: Line:0 Function: Type:Debug:
DateTime:2026-08-27 11:01:46.213:"执行接口函数CCO_AFN52_F1_EB030111"                            File: Line:0 Function: Type:Debug:
DateTime:2026-08-27 11:01:46.213:callWorkFunction: CCO_AFN52_F1_EB030111                            File: Line:0 Function: Type:Debug:
DateTime:2026-08-27 11:01:46.213:找到对应函数，进入执行                            File: Line:0 Function: Type:Debug:
DateTime:2026-08-27 11:01:46.716:"等待工装回复超时"                            File: Line:0 Function: Type:Debug:
DateTime:2026-08-27 11:01:46.716:"开始组帧"                            File: Line:0 Function: Type:Debug:
DateTime:2026-08-27 11:01:46.716:"组帧结束"                            File: Line:0 Function: Type:Debug:
DateTime:2026-08-27 11:01:46.716:"367.2Send:数据转发(查询-台区识别_结果概况EB030111)：=>68 2B 00 43 00 00 00 00 00 FC 52 01 00 02 12 90 78 56 34 12 6B 8A E8 10 00 68 12 90 78 56 34 12 68 11 04 44 34 36 1E 67 16 1B 16"                            File: Line:0 Function: Type:Debug:
DateTime:2026-08-27 11:01:46.716:"槽位2透传:68EE00EE006840000000000022600000010002013C00682B00430000000000FC520100021290785634126B8AE81000681290785634126811044434361E67161B16E116"                            File: Line:0 Function: Type:Debug:
DateTime:2026-08-27 11:01:46.716:"工装发送：68 EE 00 EE 00 68 40 00 00 00 00 00 22 60 00 00 01 00 02 01 3C 00 68 2B 00 43 00 00 00 00 00 FC 52 01 00 02 12 90 78 56 34 12 6B 8A E8 10 00 68 12 90 78 56 34 12 68 11 04 44 34 36 1E 67 16 1B 16 E1 16"                            File: Line:0 Function: Type:Debug:
DateTime:2026-08-27 11:01:46.766:"工装接收：68 32 00 32 00 68 80 00 00 00 00 00 00 60 00 00 01 00 E1 16"                            File: Line:0 Function: Type:Debug:
DateTime:2026-08-27 11:01:46.766:"m_baRecvMsg:"                            File: Line:0 Function: Type:Debug:
DateTime:2026-08-27 11:01:46.766:"frameList.size():1"                            File: Line:0 Function: Type:Debug:
DateTime:2026-08-27 11:01:46.766:"进入报文解析"                            File: Line:0 Function: Type:Debug:
DateTime:2026-08-27 11:01:46.766:"68 32 00 32 00 68 80 00 00 00 00 00 00 60 00 00 01 00 E1 16"                            File: Line:0 Function: Type:Debug:
DateTime:2026-08-27 11:01:46.767:"解码完成，功能码: 1"                            File: Line:0 Function: Type:Debug:
DateTime:2026-08-27 11:01:46.767:"工装回复确认帧"                            File: Line:0 Function: Type:Debug:
DateTime:2026-08-27 11:01:46.827:"工装接收：68 F6 00 F6 00 68 80 00 00 00 00 00 22 60 00 00 01 00 02 2E 00 68 2E 00 80 00 00 00 00 00 FC 52 01 00 02 12 90 78 56 34 12 16 00 68 12 90 78 56 34 12 68 91 0A 44 34 36 1E 33 33 33 33 33 33 1F 16 F1 16 C1 16"                            File: Line:0 Function: Type:Debug:
DateTime:2026-08-27 11:01:46.827:"m_baRecvMsg:"                            File: Line:0 Function: Type:Debug:
DateTime:2026-08-27 11:01:46.827:"frameList.size():1"                            File: Line:0 Function: Type:Debug:
DateTime:2026-08-27 11:01:46.827:"进入报文解析"                            File: Line:0 Function: Type:Debug:
DateTime:2026-08-27 11:01:46.827:"68 F6 00 F6 00 68 80 00 00 00 00 00 22 60 00 00 01 00 02 2E 00 68 2E 00 80 00 00 00 00 00 FC 52 01 00 02 12 90 78 56 34 12 16 00 68 12 90 78 56 34 12 68 91 0A 44 34 36 1E 33 33 33 33 33 33 1F 16 F1 16 C1 16"                            File: Line:0 Function: Type:Debug:
DateTime:2026-08-27 11:01:46.827:"解码完成，功能码: 4"                            File: Line:0 Function: Type:Debug:
DateTime:2026-08-27 11:01:46.827:"工装接收到透传报文"                            File: Line:0 Function: Type:Debug:
DateTime:2026-08-27 11:01:46.827:"022E00682E00800000000000FC5201000212907856341216006812907856341268910A4434361E3333333333331F16F116"                            File: Line:0 Function: Type:Debug:
DateTime:2026-08-27 11:01:46.827:"透传报文内容:68 2e 00 80 00 00 00 00 00 fc 52 01 00 02 12 90 78 56 34 12 16 00 68 12 90 78 56 34 12 68 91 0a 44 34 36 1e 33 33 33 33 33 33 1f 16 f1 16"                            File: Line:0 Function: Type:Debug:
DateTime:2026-08-27 11:01:49.748:"uTimeSecond_ms:30000"                            File: Line:0 Function: Type:Debug:
DateTime:2026-08-27 11:01:49.748:"查找结果: iret=0, wStart=0, dwOutLen=46, dwStreamLen=46, dwFindPos=0"                            File: Line:0 Function: Type:Debug:
DateTime:2026-08-27 11:01:49.748:"Receive:<= 68 2E 00 80 00 00 00 00 00 FC 52 01 00 02 12 90 78 56 34 12 16 00 68 12 90 78 56 34 12 68 91 0A 44 34 36 1E 33 33 33 33 33 33 1F 16 F1 16"                            File: Line:0 Function: Type:Debug:
DateTime:2026-08-27 11:01:49.748:"解析：功能码-AFN=52H,Fn=1："                            File: Line:0 Function: Type:Debug:
DateTime:2026-08-27 11:01:49.748:"透传回复内容：0212907856341216006812907856341268910A4434361E3333333333331F16"                            File: Line:0 Function: Type:Debug:
DateTime:2026-08-27 11:01:49.748:"DL/T645-2007协议 回复报文信息：控制码：91,数据标识：EB030111，数据域(需倒序解析)：000000000000"                            File: Line:0 Function: Type:Debug:
DateTime:2026-08-27 11:01:49.748:"结果："                            File: Line:0 Function: Type:Debug:
DateTime:2026-08-27 11:01:49.748:"识别时长（分钟）：0，本台区表数量：0，非本台区表数量：0"                            File: Line:0 Function: Type:Debug:
DateTime:2026-08-27 11:01:49.748:dll输出信息: ""                            File: Line:0 Function: Type:Debug:
DateTime:2026-08-27 11:01:49.748:接口函数调用成功，返回的结果为 0                            File: Line:0 Function: Type:Debug:
DateTime:2026-08-27 11:01:49.748:"外部传入的para：0，返回的result：0,返回的pValRet：0"                            File: Line:0 Function: Type:Debug:
DateTime:2026-08-27 11:01:49.748:"执行接口函数CCO_AFN52_F1_EB030111完成"                            File: Line:0 Function: Type:Debug:
DateTime:2026-08-27 11:01:49.751:coorIndex 0                            File: Line:0 Function: Type:Debug:
DateTime:2026-08-27 11:01:49.751:当前流程结束                            File: Line:0 Function: Type:Debug:
DateTime:2026-08-27 11:01:49.751:退出connect函数                            File: Line:0 Function: Type:Debug:
DateTime:2026-08-27 11:01:49.751:"=========【Step14-数据转发--EB030111查询台区识别_结果概况】结束=========="                            File: Line:0 Function: Type:Debug:
DateTime:2026-08-27 11:01:49.751:"-----------------------------"                            File: Line:0 Function: Type:Debug:
DateTime:2026-08-27 11:01:49.753:"=============执行【Step15-数据转发--EB030112查询台区识别非本台区从节点清单】==================="                            File: Line:0 Function: Type:Debug:
DateTime:2026-08-27 11:01:49.753:"执行接口函数CCO_AFN52_F1_EB030112"                            File: Line:0 Function: Type:Debug:
DateTime:2026-08-27 11:01:49.753:callWorkFunction: CCO_AFN52_F1_EB030112                            File: Line:0 Function: Type:Debug:
DateTime:2026-08-27 11:01:49.753:找到对应函数，进入执行                            File: Line:0 Function: Type:Debug:
DateTime:2026-08-27 11:01:50.257:"等待工装回复超时"                            File: Line:0 Function: Type:Debug:
DateTime:2026-08-27 11:01:50.257:"开始组帧"                            File: Line:0 Function: Type:Debug:
DateTime:2026-08-27 11:01:50.257:"组帧结束"                            File: Line:0 Function: Type:Debug:
DateTime:2026-08-27 11:01:50.257:"367.2Send:数据转发(查询-台区识别_非本台区从节点清单EB030112)：=>68 2E 00 43 00 00 00 00 00 FD 52 01 00 02 12 90 78 56 34 12 6B 8A E8 13 00 68 12 90 78 56 34 12 68 11 07 45 34 36 1E 34 33 3D 0F 16 6F 16"                            File: Line:0 Function: Type:Debug:
DateTime:2026-08-27 11:01:50.257:"槽位2透传:68FA00FA006840000000000022600000010002013C00682E00430000000000FD520100021290785634126B8AE81300681290785634126811074534361E34333D0F166F168C16"                            File: Line:0 Function: Type:Debug:
DateTime:2026-08-27 11:01:50.257:"工装发送：68 FA 00 FA 00 68 40 00 00 00 00 00 22 60 00 00 01 00 02 01 3C 00 68 2E 00 43 00 00 00 00 00 FD 52 01 00 02 12 90 78 56 34 12 6B 8A E8 13 00 68 12 90 78 56 34 12 68 11 07 45 34 36 1E 34 33 3D 0F 16 6F 16 8C 16"                            File: Line:0 Function: Type:Debug:
DateTime:2026-08-27 11:01:50.311:"工装接收：68 32 00 32 00 68 80 00 00 00 00 00 00 60 00 00 01 00 E1 16"                            File: Line:0 Function: Type:Debug:
DateTime:2026-08-27 11:01:50.311:"m_baRecvMsg:"                            File: Line:0 Function: Type:Debug:
DateTime:2026-08-27 11:01:50.311:"frameList.size():1"                            File: Line:0 Function: Type:Debug:
DateTime:2026-08-27 11:01:50.311:"进入报文解析"                            File: Line:0 Function: Type:Debug:
DateTime:2026-08-27 11:01:50.311:"68 32 00 32 00 68 80 00 00 00 00 00 00 60 00 00 01 00 E1 16"                            File: Line:0 Function: Type:Debug:
DateTime:2026-08-27 11:01:50.311:"解码完成，功能码: 1"                            File: Line:0 Function: Type:Debug:
DateTime:2026-08-27 11:01:50.311:"工装回复确认帧"                            File: Line:0 Function: Type:Debug:
DateTime:2026-08-27 11:01:50.367:"工装接收：68 EA 00 EA 00 68 80 00 00 00 00 00 22 60 00 00 01 00 02 2B 00 68 2B 00 80 00 00 00 00 00 FD 52 01 00 02 12 90 78 56 34 12 13 00 68 12 90 78 56 34 12 68 91 07 45 34 36 1E 33 33 33 84 16 B9 16 4B 16"                            File: Line:0 Function: Type:Debug:
DateTime:2026-08-27 11:01:50.368:"m_baRecvMsg:"                            File: Line:0 Function: Type:Debug:
DateTime:2026-08-27 11:01:50.368:"frameList.size():1"                            File: Line:0 Function: Type:Debug:
DateTime:2026-08-27 11:01:50.368:"进入报文解析"                            File: Line:0 Function: Type:Debug:
DateTime:2026-08-27 11:01:50.368:"68 EA 00 EA 00 68 80 00 00 00 00 00 22 60 00 00 01 00 02 2B 00 68 2B 00 80 00 00 00 00 00 FD 52 01 00 02 12 90 78 56 34 12 13 00 68 12 90 78 56 34 12 68 91 07 45 34 36 1E 33 33 33 84 16 B9 16 4B 16"                            File: Line:0 Function: Type:Debug:
DateTime:2026-08-27 11:01:50.368:"解码完成，功能码: 4"                            File: Line:0 Function: Type:Debug:
DateTime:2026-08-27 11:01:50.368:"工装接收到透传报文"                            File: Line:0 Function: Type:Debug:
DateTime:2026-08-27 11:01:50.368:"022B00682B00800000000000FD520100021290785634121300681290785634126891074534361E3333338416B916"                            File: Line:0 Function: Type:Debug:
DateTime:2026-08-27 11:01:50.368:"透传报文内容:68 2b 00 80 00 00 00 00 00 fd 52 01 00 02 12 90 78 56 34 12 13 00 68 12 90 78 56 34 12 68 91 07 45 34 36 1e 33 33 33 84 16 b9 16"                            File: Line:0 Function: Type:Debug:
DateTime:2026-08-27 11:01:53.289:"uTimeSecond_ms:30000"                            File: Line:0 Function: Type:Debug:
DateTime:2026-08-27 11:01:53.289:"查找结果: iret=0, wStart=0, dwOutLen=43, dwStreamLen=43, dwFindPos=0"                            File: Line:0 Function: Type:Debug:
DateTime:2026-08-27 11:01:53.289:"Receive:<= 68 2B 00 80 00 00 00 00 00 FD 52 01 00 02 12 90 78 56 34 12 13 00 68 12 90 78 56 34 12 68 91 07 45 34 36 1E 33 33 33 84 16 B9 16"                            File: Line:0 Function: Type:Debug:
DateTime:2026-08-27 11:01:53.289:"解析：功能码-AFN=52H,Fn=1："                            File: Line:0 Function: Type:Debug:
DateTime:2026-08-27 11:01:53.289:"透传回复内容：021290785634121300681290785634126891074534361E3333338416"                            File: Line:0 Function: Type:Debug:
DateTime:2026-08-27 11:01:53.289:"DL/T645-2007协议 回复报文信息：控制码：91,数据标识：EB030112，数据域(需倒序解析)：000000"                            File: Line:0 Function: Type:Debug:
DateTime:2026-08-27 11:01:53.289:"结果："                            File: Line:0 Function: Type:Debug:
DateTime:2026-08-27 11:01:53.289:"非本台区表数量：0,本次响应数量:0"                            File: Line:0 Function: Type:Debug:
DateTime:2026-08-27 11:01:53.289:"------汇总结果------"                            File: Line:0 Function: Type:Debug:
DateTime:2026-08-27 11:01:53.289:"非本台区表数量：0,本次响应数量:0"                            File: Line:0 Function: Type:Debug:
DateTime:2026-08-27 11:01:53.289:dll输出信息: ""                            File: Line:0 Function: Type:Debug:
DateTime:2026-08-27 11:01:53.289:接口函数调用成功，返回的结果为 0                            File: Line:0 Function: Type:Debug:
DateTime:2026-08-27 11:01:53.289:"外部传入的para：0，返回的result：0,返回的pValRet：0"                            File: Line:0 Function: Type:Debug:
DateTime:2026-08-27 11:01:53.289:"执行接口函数CCO_AFN52_F1_EB030112完成"                            File: Line:0 Function: Type:Debug:
DateTime:2026-08-27 11:01:53.292:coorIndex 0                            File: Line:0 Function: Type:Debug:
DateTime:2026-08-27 11:01:53.292:当前流程结束                            File: Line:0 Function: Type:Debug:
DateTime:2026-08-27 11:01:53.292:退出connect函数                            File: Line:0 Function: Type:Debug:
DateTime:2026-08-27 11:01:53.292:"=========【Step15-数据转发--EB030112查询台区识别非本台区从节点清单】结束=========="                            File: Line:0 Function: Type:Debug:
DateTime:2026-08-27 11:01:53.292:"-----------------------------"                            File: Line:0 Function: Type:Debug:
DateTime:2026-08-27 11:01:53.294:"=============执行【Step16-数据转发--EB030113查询从节点主动注册_未注册从节点清单】==================="                            File: Line:0 Function: Type:Debug:
DateTime:2026-08-27 11:01:53.294:"执行接口函数CCO_AFN52_F1_EB030113"                            File: Line:0 Function: Type:Debug:
DateTime:2026-08-27 11:01:53.294:callWorkFunction: CCO_AFN52_F1_EB030113                            File: Line:0 Function: Type:Debug:
DateTime:2026-08-27 11:01:53.294:找到对应函数，进入执行                            File: Line:0 Function: Type:Debug:
DateTime:2026-08-27 11:01:53.797:"等待工装回复超时"                            File: Line:0 Function: Type:Debug:
DateTime:2026-08-27 11:01:53.797:"开始组帧"                            File: Line:0 Function: Type:Debug:
DateTime:2026-08-27 11:01:53.797:"组帧结束"                            File: Line:0 Function: Type:Debug:
DateTime:2026-08-27 11:01:53.797:"367.2Send:数据转发(查询-从节点主动注册_未注册从节点清单EB030113)：=>68 2E 00 43 00 00 00 00 00 FE 52 01 00 02 12 90 78 56 34 12 6B 8A E8 13 00 68 12 90 78 56 34 12 68 11 07 46 34 36 1E 34 33 3D 10 16 72 16"                            File: Line:0 Function: Type:Debug:
DateTime:2026-08-27 11:01:53.797:"槽位2透传:68FA00FA006840000000000022600000010002013C00682E00430000000000FE520100021290785634126B8AE81300681290785634126811074634361E34333D101672169216"                            File: Line:0 Function: Type:Debug:
DateTime:2026-08-27 11:01:53.797:"工装发送：68 FA 00 FA 00 68 40 00 00 00 00 00 22 60 00 00 01 00 02 01 3C 00 68 2E 00 43 00 00 00 00 00 FE 52 01 00 02 12 90 78 56 34 12 6B 8A E8 13 00 68 12 90 78 56 34 12 68 11 07 46 34 36 1E 34 33 3D 10 16 72 16 92 16"                            File: Line:0 Function: Type:Debug:
DateTime:2026-08-27 11:01:53.851:"工装接收：68 32 00 32 00 68 80 00 00 00 00 00 00 60 00 00 01 00 E1 16"                            File: Line:0 Function: Type:Debug:
DateTime:2026-08-27 11:01:53.851:"m_baRecvMsg:"                            File: Line:0 Function: Type:Debug:
DateTime:2026-08-27 11:01:53.851:"frameList.size():1"                            File: Line:0 Function: Type:Debug:
DateTime:2026-08-27 11:01:53.851:"进入报文解析"                            File: Line:0 Function: Type:Debug:
DateTime:2026-08-27 11:01:53.851:"68 32 00 32 00 68 80 00 00 00 00 00 00 60 00 00 01 00 E1 16"                            File: Line:0 Function: Type:Debug:
DateTime:2026-08-27 11:01:53.851:"解码完成，功能码: 1"                            File: Line:0 Function: Type:Debug:
DateTime:2026-08-27 11:01:53.851:"工装回复确认帧"                            File: Line:0 Function: Type:Debug:
DateTime:2026-08-27 11:01:53.908:"工装接收：68 EA 00 EA 00 68 80 00 00 00 00 00 22 60 00 00 01 00 02 2B 00 68 2B 00 80 00 00 00 00 00 FE 52 01 00 02 12 90 78 56 34 12 13 00 68 12 90 78 56 34 12 68 91 07 46 34 36 1E 33 33 33 85 16 BC 16 51 16"                            File: Line:0 Function: Type:Debug:
DateTime:2026-08-27 11:01:53.913:"m_baRecvMsg:"                            File: Line:0 Function: Type:Debug:
DateTime:2026-08-27 11:01:53.913:"frameList.size():1"                            File: Line:0 Function: Type:Debug:
DateTime:2026-08-27 11:01:53.913:"进入报文解析"                            File: Line:0 Function: Type:Debug:
DateTime:2026-08-27 11:01:53.913:"68 EA 00 EA 00 68 80 00 00 00 00 00 22 60 00 00 01 00 02 2B 00 68 2B 00 80 00 00 00 00 00 FE 52 01 00 02 12 90 78 56 34 12 13 00 68 12 90 78 56 34 12 68 91 07 46 34 36 1E 33 33 33 85 16 BC 16 51 16"                            File: Line:0 Function: Type:Debug:
DateTime:2026-08-27 11:01:53.913:"解码完成，功能码: 4"                            File: Line:0 Function: Type:Debug:
DateTime:2026-08-27 11:01:53.913:"工装接收到透传报文"                            File: Line:0 Function: Type:Debug:
DateTime:2026-08-27 11:01:53.913:"022B00682B00800000000000FE520100021290785634121300681290785634126891074634361E3333338516BC16"                            File: Line:0 Function: Type:Debug:
DateTime:2026-08-27 11:01:53.913:"透传报文内容:68 2b 00 80 00 00 00 00 00 fe 52 01 00 02 12 90 78 56 34 12 13 00 68 12 90 78 56 34 12 68 91 07 46 34 36 1e 33 33 33 85 16 bc 16"                            File: Line:0 Function: Type:Debug:
DateTime:2026-08-27 11:01:56.834:"uTimeSecond_ms:30000"                            File: Line:0 Function: Type:Debug:
DateTime:2026-08-27 11:01:56.834:"查找结果: iret=0, wStart=0, dwOutLen=43, dwStreamLen=43, dwFindPos=0"                            File: Line:0 Function: Type:Debug:
DateTime:2026-08-27 11:01:56.834:"Receive:<= 68 2B 00 80 00 00 00 00 00 FE 52 01 00 02 12 90 78 56 34 12 13 00 68 12 90 78 56 34 12 68 91 07 46 34 36 1E 33 33 33 85 16 BC 16"                            File: Line:0 Function: Type:Debug:
DateTime:2026-08-27 11:01:56.834:"解析：功能码-AFN=52H,Fn=1："                            File: Line:0 Function: Type:Debug:
DateTime:2026-08-27 11:01:56.834:"透传回复内容：021290785634121300681290785634126891074634361E3333338516"                            File: Line:0 Function: Type:Debug:
DateTime:2026-08-27 11:01:56.834:"DL/T645-2007协议 回复报文信息：控制码：91,数据标识：EB030113，数据域(需倒序解析)：000000"                            File: Line:0 Function: Type:Debug:
DateTime:2026-08-27 11:01:56.834:"结果："                            File: Line:0 Function: Type:Debug:
DateTime:2026-08-27 11:01:56.834:"未注册表计数量：0,本次响应数量:0"                            File: Line:0 Function: Type:Debug:
DateTime:2026-08-27 11:01:56.834:"------汇总结果------"                            File: Line:0 Function: Type:Debug:
DateTime:2026-08-27 11:01:56.834:"未注册表计数量：0,本次响应数量:0"                            File: Line:0 Function: Type:Debug:
DateTime:2026-08-27 11:01:56.834:dll输出信息: ""                            File: Line:0 Function: Type:Debug:
DateTime:2026-08-27 11:01:56.834:接口函数调用成功，返回的结果为 0                            File: Line:0 Function: Type:Debug:
DateTime:2026-08-27 11:01:56.834:"外部传入的para：0，返回的result：0,返回的pValRet：0"                            File: Line:0 Function: Type:Debug:
DateTime:2026-08-27 11:01:56.834:"执行接口函数CCO_AFN52_F1_EB030113完成"                            File: Line:0 Function: Type:Debug:
DateTime:2026-08-27 11:01:56.837:coorIndex 0                            File: Line:0 Function: Type:Debug:
DateTime:2026-08-27 11:01:56.837:当前流程结束                            File: Line:0 Function: Type:Debug:
DateTime:2026-08-27 11:01:56.837:退出connect函数                            File: Line:0 Function: Type:Debug:
DateTime:2026-08-27 11:01:56.837:"=========【Step16-数据转发--EB030113查询从节点主动注册_未注册从节点清单】结束=========="                            File: Line:0 Function: Type:Debug:
DateTime:2026-08-27 11:01:56.837:"-----------------------------"                            File: Line:0 Function: Type:Debug:
DateTime:2026-08-27 11:01:56.839:"=============执行【Step17-数据转发--EB030115查询从节点主动注册(搜表、白名单关闭)】==================="                            File: Line:0 Function: Type:Debug:
DateTime:2026-08-27 11:01:56.839:"执行接口函数CCO_AFN52_F1_EB030115_read"                            File: Line:0 Function: Type:Debug:
DateTime:2026-08-27 11:01:56.839:callWorkFunction: CCO_AFN52_F1_EB030115_read                            File: Line:0 Function: Type:Debug:
DateTime:2026-08-27 11:01:56.839:找到对应函数，进入执行                            File: Line:0 Function: Type:Debug:
DateTime:2026-08-27 11:01:57.343:"等待工装回复超时"                            File: Line:0 Function: Type:Debug:
DateTime:2026-08-27 11:01:57.343:"开始组帧"                            File: Line:0 Function: Type:Debug:
DateTime:2026-08-27 11:01:57.343:"组帧结束"                            File: Line:0 Function: Type:Debug:
DateTime:2026-08-27 11:01:57.343:"367.2Send:数据转发(查询-从节点主动注册(搜表、白名单关闭）_任务启动EB030115)：=>68 2B 00 43 00 00 00 00 00 FF 52 01 00 02 12 90 78 56 34 12 6B 8A E8 10 00 68 12 90 78 56 34 12 68 11 04 48 34 36 1E 6B 16 26 16"                            File: Line:0 Function: Type:Debug:
DateTime:2026-08-27 11:01:57.343:"槽位2透传:68EE00EE006840000000000022600000010002013C00682B00430000000000FF520100021290785634126B8AE81000681290785634126811044834361E6B162616F716"                            File: Line:0 Function: Type:Debug:
DateTime:2026-08-27 11:01:57.343:"工装发送：68 EE 00 EE 00 68 40 00 00 00 00 00 22 60 00 00 01 00 02 01 3C 00 68 2B 00 43 00 00 00 00 00 FF 52 01 00 02 12 90 78 56 34 12 6B 8A E8 10 00 68 12 90 78 56 34 12 68 11 04 48 34 36 1E 6B 16 26 16 F7 16"                            File: Line:0 Function: Type:Debug:
DateTime:2026-08-27 11:01:57.393:"工装接收：68 32 00 32 00 68 80 00 00 00 00 00 00 60 00 00 01 00 E1 16"                            File: Line:0 Function: Type:Debug:
DateTime:2026-08-27 11:01:57.393:"m_baRecvMsg:"                            File: Line:0 Function: Type:Debug:
DateTime:2026-08-27 11:01:57.393:"frameList.size():1"                            File: Line:0 Function: Type:Debug:
DateTime:2026-08-27 11:01:57.393:"进入报文解析"                            File: Line:0 Function: Type:Debug:
DateTime:2026-08-27 11:01:57.393:"68 32 00 32 00 68 80 00 00 00 00 00 00 60 00 00 01 00 E1 16"                            File: Line:0 Function: Type:Debug:
DateTime:2026-08-27 11:01:57.393:"解码完成，功能码: 1"                            File: Line:0 Function: Type:Debug:
DateTime:2026-08-27 11:01:57.393:"工装回复确认帧"                            File: Line:0 Function: Type:Debug:
DateTime:2026-08-27 11:01:57.449:"工装接收：68 E6 00 E6 00 68 80 00 00 00 00 00 22 60 00 00 01 00 02 2A 00 68 2A 00 80 00 00 00 00 00 FF 52 01 00 02 12 90 78 56 34 12 12 00 68 12 90 78 56 34 12 68 91 06 48 34 36 1E 33 33 53 16 58 16 87 16"                            File: Line:0 Function: Type:Debug:
DateTime:2026-08-27 11:01:57.449:"m_baRecvMsg:"                            File: Line:0 Function: Type:Debug:
DateTime:2026-08-27 11:01:57.449:"frameList.size():1"                            File: Line:0 Function: Type:Debug:
DateTime:2026-08-27 11:01:57.449:"进入报文解析"                            File: Line:0 Function: Type:Debug:
DateTime:2026-08-27 11:01:57.449:"68 E6 00 E6 00 68 80 00 00 00 00 00 22 60 00 00 01 00 02 2A 00 68 2A 00 80 00 00 00 00 00 FF 52 01 00 02 12 90 78 56 34 12 12 00 68 12 90 78 56 34 12 68 91 06 48 34 36 1E 33 33 53 16 58 16 87 16"                            File: Line:0 Function: Type:Debug:
DateTime:2026-08-27 11:01:57.449:"解码完成，功能码: 4"                            File: Line:0 Function: Type:Debug:
DateTime:2026-08-27 11:01:57.449:"工装接收到透传报文"                            File: Line:0 Function: Type:Debug:
DateTime:2026-08-27 11:01:57.449:"022A00682A00800000000000FF520100021290785634121200681290785634126891064834361E333353165816"                            File: Line:0 Function: Type:Debug:
DateTime:2026-08-27 11:01:57.449:"透传报文内容:68 2a 00 80 00 00 00 00 00 ff 52 01 00 02 12 90 78 56 34 12 12 00 68 12 90 78 56 34 12 68 91 06 48 34 36 1e 33 33 53 16 58 16"                            File: Line:0 Function: Type:Debug:
DateTime:2026-08-27 11:02:00.370:"uTimeSecond_ms:30000"                            File: Line:0 Function: Type:Debug:
DateTime:2026-08-27 11:02:00.370:"查找结果: iret=0, wStart=0, dwOutLen=42, dwStreamLen=42, dwFindPos=0"                            File: Line:0 Function: Type:Debug:
DateTime:2026-08-27 11:02:00.370:"Receive:<= 68 2A 00 80 00 00 00 00 00 FF 52 01 00 02 12 90 78 56 34 12 12 00 68 12 90 78 56 34 12 68 91 06 48 34 36 1E 33 33 53 16 58 16"                            File: Line:0 Function: Type:Debug:
DateTime:2026-08-27 11:02:00.370:"解析：功能码-AFN=52H,Fn=1："                            File: Line:0 Function: Type:Debug:
DateTime:2026-08-27 11:02:00.370:"透传回复内容：021290785634121200681290785634126891064834361E33335316"                            File: Line:0 Function: Type:Debug:
DateTime:2026-08-27 11:02:00.370:"DL/T645-2007协议 回复报文信息：控制码：91,数据标识：EB030115，数据域(需倒序解析)：0000"                            File: Line:0 Function: Type:Debug:
DateTime:2026-08-27 11:02:00.370:"允许注册时长（分钟）：0"                            File: Line:0 Function: Type:Debug:
DateTime:2026-08-27 11:02:00.370:dll输出信息: ""                            File: Line:0 Function: Type:Debug:
DateTime:2026-08-27 11:02:00.370:接口函数调用成功，返回的结果为 0                            File: Line:0 Function: Type:Debug:
DateTime:2026-08-27 11:02:00.370:"外部传入的para：0，返回的result：0,返回的pValRet：0"                            File: Line:0 Function: Type:Debug:
DateTime:2026-08-27 11:02:00.370:"执行接口函数CCO_AFN52_F1_EB030115_read完成"                            File: Line:0 Function: Type:Debug:
DateTime:2026-08-27 11:02:00.373:coorIndex 0                            File: Line:0 Function: Type:Debug:
DateTime:2026-08-27 11:02:00.373:当前流程结束                            File: Line:0 Function: Type:Debug:
DateTime:2026-08-27 11:02:00.373:退出connect函数                            File: Line:0 Function: Type:Debug:
DateTime:2026-08-27 11:02:00.373:"=========【Step17-数据转发--EB030115查询从节点主动注册(搜表、白名单关闭)】结束=========="                            File: Line:0 Function: Type:Debug:
DateTime:2026-08-27 11:02:00.373:"-----------------------------"                            File: Line:0 Function: Type:Debug:
DateTime:2026-08-27 11:02:00.375:"=============执行【Step18-数据转发--EB030115设置从节点主动注册(搜表、白名单关闭)_任务启动】==================="                            File: Line:0 Function: Type:Debug:
DateTime:2026-08-27 11:02:00.375:"执行接口函数CCO_AFN52_F1_EB030115_set"                            File: Line:0 Function: Type:Debug:
DateTime:2026-08-27 11:02:00.375:callWorkFunction: CCO_AFN52_F1_EB030115_set                            File: Line:0 Function: Type:Debug:
DateTime:2026-08-27 11:02:00.375:找到对应函数，进入执行                            File: Line:0 Function: Type:Debug:
DateTime:2026-08-27 11:02:00.878:"等待工装回复超时"                            File: Line:0 Function: Type:Debug:
DateTime:2026-08-27 11:02:00.878:"开始组帧"                            File: Line:0 Function: Type:Debug:
DateTime:2026-08-27 11:02:00.878:"组帧结束"                            File: Line:0 Function: Type:Debug:
DateTime:2026-08-27 11:02:00.878:"367.2Send:数据转发(设置-从节点主动注册(搜表、白名单关闭_任务启动EB030115)：=>68 35 00 43 00 00 00 00 00 01 52 01 00 02 12 90 78 56 34 12 6B 8A E8 1A 00 68 12 90 78 56 34 12 68 14 0E 48 34 36 1E 3B 33 33 33 44 44 44 44 38 33 C7 16 EA 16"                            File: Line:0 Function: Type:Debug:
DateTime:2026-08-27 11:02:00.878:"槽位2透传:68160116016840000000000022600000010002013C0068350043000000000001520100021290785634126B8AE81A006812907856341268140E4834361E3B333333444444443833C716EA168916"                            File: Line:0 Function: Type:Debug:
DateTime:2026-08-27 11:02:00.878:"工装发送：68 16 01 16 01 68 40 00 00 00 00 00 22 60 00 00 01 00 02 01 3C 00 68 35 00 43 00 00 00 00 00 01 52 01 00 02 12 90 78 56 34 12 6B 8A E8 1A 00 68 12 90 78 56 34 12 68 14 0E 48 34 36 1E 3B 33 33 33 44 44 44 44 38 33 C7 16 EA 16 89 16"                            File: Line:0 Function: Type:Debug:
DateTime:2026-08-27 11:02:00.940:"工装接收：68 32 00 32 00 68 80 00 00 00 00 00 00 60 00 00 01 00 E1 16"                            File: Line:0 Function: Type:Debug:
DateTime:2026-08-27 11:02:00.940:"m_baRecvMsg:"                            File: Line:0 Function: Type:Debug:
DateTime:2026-08-27 11:02:00.940:"frameList.size():1"                            File: Line:0 Function: Type:Debug:
DateTime:2026-08-27 11:02:00.940:"进入报文解析"                            File: Line:0 Function: Type:Debug:
DateTime:2026-08-27 11:02:00.940:"68 32 00 32 00 68 80 00 00 00 00 00 00 60 00 00 01 00 E1 16"                            File: Line:0 Function: Type:Debug:
DateTime:2026-08-27 11:02:00.940:"解码完成，功能码: 1"                            File: Line:0 Function: Type:Debug:
DateTime:2026-08-27 11:02:00.940:"工装回复确认帧"                            File: Line:0 Function: Type:Debug:
DateTime:2026-08-27 11:02:01.057:"工装接收：68 CE 00 CE 00 68 80 00 00 00 00 00 22 60 00 00 01 00 02 24 00 68 24 00 80 00 00 00 00 00 01 52 01 00 02 12 90 78 56 34 12 0C 00 68 12 90 78 56 34 12 68 94 00 1A 16 E2 16 8F 16"                            File: Line:0 Function: Type:Debug:
DateTime:2026-08-27 11:02:01.057:"m_baRecvMsg:"                            File: Line:0 Function: Type:Debug:
DateTime:2026-08-27 11:02:01.057:"frameList.size():1"                            File: Line:0 Function: Type:Debug:
DateTime:2026-08-27 11:02:01.057:"进入报文解析"                            File: Line:0 Function: Type:Debug:
DateTime:2026-08-27 11:02:01.057:"68 CE 00 CE 00 68 80 00 00 00 00 00 22 60 00 00 01 00 02 24 00 68 24 00 80 00 00 00 00 00 01 52 01 00 02 12 90 78 56 34 12 0C 00 68 12 90 78 56 34 12 68 94 00 1A 16 E2 16 8F 16"                            File: Line:0 Function: Type:Debug:
DateTime:2026-08-27 11:02:01.057:"解码完成，功能码: 4"                            File: Line:0 Function: Type:Debug:
DateTime:2026-08-27 11:02:01.057:"工装接收到透传报文"                            File: Line:0 Function: Type:Debug:
DateTime:2026-08-27 11:02:01.057:"02240068240080000000000001520100021290785634120C00681290785634126894001A16E216"                            File: Line:0 Function: Type:Debug:
DateTime:2026-08-27 11:02:01.057:"透传报文内容:68 24 00 80 00 00 00 00 00 01 52 01 00 02 12 90 78 56 34 12 0c 00 68 12 90 78 56 34 12 68 94 00 1a 16 e2 16"                            File: Line:0 Function: Type:Debug:
DateTime:2026-08-27 11:02:03.978:"uTimeSecond_ms:30000"                            File: Line:0 Function: Type:Debug:
DateTime:2026-08-27 11:02:03.978:"查找结果: iret=0, wStart=0, dwOutLen=36, dwStreamLen=36, dwFindPos=0"                            File: Line:0 Function: Type:Debug:
DateTime:2026-08-27 11:02:03.978:"Receive:<= 68 24 00 80 00 00 00 00 00 01 52 01 00 02 12 90 78 56 34 12 0C 00 68 12 90 78 56 34 12 68 94 00 1A 16 E2 16"                            File: Line:0 Function: Type:Debug:
DateTime:2026-08-27 11:02:03.978:"解析：功能码-AFN=52H,Fn=1："                            File: Line:0 Function: Type:Debug:
DateTime:2026-08-27 11:02:03.978:"透传回复内容：021290785634120C00681290785634126894001A16"                            File: Line:0 Function: Type:Debug:
DateTime:2026-08-27 11:02:03.978:"设置成功"                            File: Line:0 Function: Type:Debug:
DateTime:2026-08-27 11:02:03.978:dll输出信息: ""                            File: Line:0 Function: Type:Debug:
DateTime:2026-08-27 11:02:03.978:接口函数调用成功，返回的结果为 0                            File: Line:0 Function: Type:Debug:
DateTime:2026-08-27 11:02:03.978:"外部传入的para：0，返回的result：0,返回的pValRet：0"                            File: Line:0 Function: Type:Debug:
DateTime:2026-08-27 11:02:03.978:"执行接口函数CCO_AFN52_F1_EB030115_set完成"                            File: Line:0 Function: Type:Debug:
DateTime:2026-08-27 11:02:03.981:coorIndex 0                            File: Line:0 Function: Type:Debug:
DateTime:2026-08-27 11:02:03.981:当前流程结束                            File: Line:0 Function: Type:Debug:
DateTime:2026-08-27 11:02:03.981:退出connect函数                            File: Line:0 Function: Type:Debug:
DateTime:2026-08-27 11:02:03.981:"=========【Step18-数据转发--EB030115设置从节点主动注册(搜表、白名单关闭)_任务启动】结束=========="                            File: Line:0 Function: Type:Debug:
DateTime:2026-08-27 11:02:03.981:"-----------------------------"                            File: Line:0 Function: Type:Debug:
DateTime:2026-08-27 11:02:03.983:"=============执行【延时10s】==================="                            File: Line:0 Function: Type:Debug:
DateTime:2026-08-27 11:02:03.983:"执行接口函数Func_Delay"                            File: Line:0 Function: Type:Debug:
DateTime:2026-08-27 11:02:03.983:callWorkFunction: Func_Delay                            File: Line:0 Function: Type:Debug:
DateTime:2026-08-27 11:02:03.983:找到对应函数，进入执行                            File: Line:0 Function: Type:Debug:
DateTime:2026-08-27 11:02:03.983:"延时时间为5s"                            File: Line:0 Function: Type:Debug:
DateTime:2026-08-27 11:02:03.983:"uTimeSecond_ms:5000"                            File: Line:0 Function: Type:Debug:
DateTime:2026-08-27 11:02:07.005:"等待工装回复超时"                            File: Line:0 Function: Type:Debug:
DateTime:2026-08-27 11:02:10.027:"等待工装回复超时"                            File: Line:0 Function: Type:Debug:
DateTime:2026-08-27 11:02:10.027:"延时时间到"                            File: Line:0 Function: Type:Debug:
DateTime:2026-08-27 11:02:10.128:dll输出信息: ""                            File: Line:0 Function: Type:Debug:
DateTime:2026-08-27 11:02:10.128:接口函数调用成功，返回的结果为 0                            File: Line:0 Function: Type:Debug:
DateTime:2026-08-27 11:02:10.128:"外部传入的para：0，返回的result：0,返回的pValRet：0"                            File: Line:0 Function: Type:Debug:
DateTime:2026-08-27 11:02:10.128:"执行接口函数Func_Delay完成"                            File: Line:0 Function: Type:Debug:
DateTime:2026-08-27 11:02:10.128:coorIndex 0                            File: Line:0 Function: Type:Debug:
DateTime:2026-08-27 11:02:10.128:当前流程结束                            File: Line:0 Function: Type:Debug:
DateTime:2026-08-27 11:02:10.129:退出connect函数                            File: Line:0 Function: Type:Debug:
DateTime:2026-08-27 11:02:10.129:"=========【延时10s】结束=========="                            File: Line:0 Function: Type:Debug:
DateTime:2026-08-27 11:02:10.129:"-----------------------------"                            File: Line:0 Function: Type:Debug:
DateTime:2026-08-27 11:02:10.129:"=============执行【Step19-数据转发--EB030115查询从节点主动注册(搜表、白名单关闭)】==================="                            File: Line:0 Function: Type:Debug:
DateTime:2026-08-27 11:02:10.129:"执行接口函数CCO_AFN52_F1_EB030115_read"                            File: Line:0 Function: Type:Debug:
DateTime:2026-08-27 11:02:10.129:callWorkFunction: CCO_AFN52_F1_EB030115_read                            File: Line:0 Function: Type:Debug:
DateTime:2026-08-27 11:02:10.129:找到对应函数，进入执行                            File: Line:0 Function: Type:Debug:
DateTime:2026-08-27 11:02:10.632:"等待工装回复超时"                            File: Line:0 Function: Type:Debug:
DateTime:2026-08-27 11:02:10.632:"开始组帧"                            File: Line:0 Function: Type:Debug:
DateTime:2026-08-27 11:02:10.632:"组帧结束"                            File: Line:0 Function: Type:Debug:
DateTime:2026-08-27 11:02:10.632:"367.2Send:数据转发(查询-从节点主动注册(搜表、白名单关闭）_任务启动EB030115)：=>68 2B 00 43 00 00 00 00 00 02 52 01 00 02 12 90 78 56 34 12 6B 8A E8 10 00 68 12 90 78 56 34 12 68 11 04 48 34 36 1E 6B 16 29 16"                            File: Line:0 Function: Type:Debug:
DateTime:2026-08-27 11:02:10.632:"槽位2透传:68EE00EE006840000000000022600000010002013C00682B0043000000000002520100021290785634126B8AE81000681290785634126811044834361E6B162916FD16"                            File: Line:0 Function: Type:Debug:
DateTime:2026-08-27 11:02:10.632:"工装发送：68 EE 00 EE 00 68 40 00 00 00 00 00 22 60 00 00 01 00 02 01 3C 00 68 2B 00 43 00 00 00 00 00 02 52 01 00 02 12 90 78 56 34 12 6B 8A E8 10 00 68 12 90 78 56 34 12 68 11 04 48 34 36 1E 6B 16 29 16 FD 16"                            File: Line:0 Function: Type:Debug:
DateTime:2026-08-27 11:02:10.682:"工装接收：68 32 00 32 00 68 80 00 00 00 00 00 00 60 00 00 01 00 E1 16"                            File: Line:0 Function: Type:Debug:
DateTime:2026-08-27 11:02:10.682:"m_baRecvMsg:"                            File: Line:0 Function: Type:Debug:
DateTime:2026-08-27 11:02:10.682:"frameList.size():1"                            File: Line:0 Function: Type:Debug:
DateTime:2026-08-27 11:02:10.682:"进入报文解析"                            File: Line:0 Function: Type:Debug:
DateTime:2026-08-27 11:02:10.682:"68 32 00 32 00 68 80 00 00 00 00 00 00 60 00 00 01 00 E1 16"                            File: Line:0 Function: Type:Debug:
DateTime:2026-08-27 11:02:10.682:"解码完成，功能码: 1"                            File: Line:0 Function: Type:Debug:
DateTime:2026-08-27 11:02:10.682:"工装回复确认帧"                            File: Line:0 Function: Type:Debug:
DateTime:2026-08-27 11:02:10.738:"工装接收：68 E6 00 E6 00 68 80 00 00 00 00 00 22 60 00 00 01 00 02 2A 00 68 2A 00 80 00 00 00 00 00 02 52 01 00 02 12 90 78 56 34 12 12 00 68 12 90 78 56 34 12 68 91 06 48 34 36 1E 38 33 58 16 65 16 A1 16"                            File: Line:0 Function: Type:Debug:
DateTime:2026-08-27 11:02:10.738:"m_baRecvMsg:"                            File: Line:0 Function: Type:Debug:
DateTime:2026-08-27 11:02:10.738:"frameList.size():1"                            File: Line:0 Function: Type:Debug:
DateTime:2026-08-27 11:02:10.738:"进入报文解析"                            File: Line:0 Function: Type:Debug:
DateTime:2026-08-27 11:02:10.738:"68 E6 00 E6 00 68 80 00 00 00 00 00 22 60 00 00 01 00 02 2A 00 68 2A 00 80 00 00 00 00 00 02 52 01 00 02 12 90 78 56 34 12 12 00 68 12 90 78 56 34 12 68 91 06 48 34 36 1E 38 33 58 16 65 16 A1 16"                            File: Line:0 Function: Type:Debug:
DateTime:2026-08-27 11:02:10.738:"解码完成，功能码: 4"                            File: Line:0 Function: Type:Debug:
DateTime:2026-08-27 11:02:10.738:"工装接收到透传报文"                            File: Line:0 Function: Type:Debug:
DateTime:2026-08-27 11:02:10.738:"022A00682A0080000000000002520100021290785634121200681290785634126891064834361E383358166516"                            File: Line:0 Function: Type:Debug:
DateTime:2026-08-27 11:02:10.738:"透传报文内容:68 2a 00 80 00 00 00 00 00 02 52 01 00 02 12 90 78 56 34 12 12 00 68 12 90 78 56 34 12 68 91 06 48 34 36 1e 38 33 58 16 65 16"                            File: Line:0 Function: Type:Debug:
DateTime:2026-08-27 11:02:13.659:"uTimeSecond_ms:30000"                            File: Line:0 Function: Type:Debug:
DateTime:2026-08-27 11:02:13.659:"查找结果: iret=0, wStart=0, dwOutLen=42, dwStreamLen=42, dwFindPos=0"                            File: Line:0 Function: Type:Debug:
DateTime:2026-08-27 11:02:13.659:"Receive:<= 68 2A 00 80 00 00 00 00 00 02 52 01 00 02 12 90 78 56 34 12 12 00 68 12 90 78 56 34 12 68 91 06 48 34 36 1E 38 33 58 16 65 16"                            File: Line:0 Function: Type:Debug:
DateTime:2026-08-27 11:02:13.659:"解析：功能码-AFN=52H,Fn=1："                            File: Line:0 Function: Type:Debug:
DateTime:2026-08-27 11:02:13.659:"透传回复内容：021290785634121200681290785634126891064834361E38335816"                            File: Line:0 Function: Type:Debug:
DateTime:2026-08-27 11:02:13.659:"DL/T645-2007协议 回复报文信息：控制码：91,数据标识：EB030115，数据域(需倒序解析)：0500"                            File: Line:0 Function: Type:Debug:
DateTime:2026-08-27 11:02:13.659:"允许注册时长（分钟）：5,与预判值相同"                            File: Line:0 Function: Type:Debug:
DateTime:2026-08-27 11:02:13.659:dll输出信息: ""                            File: Line:0 Function: Type:Debug:
DateTime:2026-08-27 11:02:13.659:接口函数调用成功，返回的结果为 0                            File: Line:0 Function: Type:Debug:
DateTime:2026-08-27 11:02:13.659:"外部传入的para：0，返回的result：0,返回的pValRet：0"                            File: Line:0 Function: Type:Debug:
DateTime:2026-08-27 11:02:13.659:"执行接口函数CCO_AFN52_F1_EB030115_read完成"                            File: Line:0 Function: Type:Debug:
DateTime:2026-08-27 11:02:13.662:coorIndex 0                            File: Line:0 Function: Type:Debug:
DateTime:2026-08-27 11:02:13.662:当前流程结束                            File: Line:0 Function: Type:Debug:
DateTime:2026-08-27 11:02:13.662:退出connect函数                            File: Line:0 Function: Type:Debug:
DateTime:2026-08-27 11:02:13.662:"=========【Step19-数据转发--EB030115查询从节点主动注册(搜表、白名单关闭)】结束=========="                            File: Line:0 Function: Type:Debug:
DateTime:2026-08-27 11:02:13.662:"-----------------------------"                            File: Line:0 Function: Type:Debug:
DateTime:2026-08-27 11:02:13.664:"=============执行【Step20-数据转发--EB030201查询芯片ID(CCO)】==================="                            File: Line:0 Function: Type:Debug:
DateTime:2026-08-27 11:02:13.664:"执行接口函数CCO_AFN52_F1_EB030201"                            File: Line:0 Function: Type:Debug:
DateTime:2026-08-27 11:02:13.664:callWorkFunction: CCO_AFN52_F1_EB030201                            File: Line:0 Function: Type:Debug:
DateTime:2026-08-27 11:02:13.664:找到对应函数，进入执行                            File: Line:0 Function: Type:Debug:
DateTime:2026-08-27 11:02:14.168:"等待工装回复超时"                            File: Line:0 Function: Type:Debug:
DateTime:2026-08-27 11:02:14.168:"开始组帧"                            File: Line:0 Function: Type:Debug:
DateTime:2026-08-27 11:02:14.168:"组帧结束"                            File: Line:0 Function: Type:Debug:
DateTime:2026-08-27 11:02:14.168:"367.2Send:数据转发(查询-芯片ID EB030201)：=>68 2B 00 43 00 00 00 00 00 03 52 01 00 02 12 90 78 56 34 12 6B 8A E8 10 00 68 12 90 78 56 34 12 68 11 04 34 35 36 1E 58 16 04 16"                            File: Line:0 Function: Type:Debug:
DateTime:2026-08-27 11:02:14.168:"槽位2透传:68EE00EE006840000000000022600000010002013C00682B0043000000000003520100021290785634126B8AE81000681290785634126811043435361E58160416B316"                            File: Line:0 Function: Type:Debug:
DateTime:2026-08-27 11:02:14.168:"工装发送：68 EE 00 EE 00 68 40 00 00 00 00 00 22 60 00 00 01 00 02 01 3C 00 68 2B 00 43 00 00 00 00 00 03 52 01 00 02 12 90 78 56 34 12 6B 8A E8 10 00 68 12 90 78 56 34 12 68 11 04 34 35 36 1E 58 16 04 16 B3 16"                            File: Line:0 Function: Type:Debug:
DateTime:2026-08-27 11:02:14.218:"工装接收：68 32 00 32 00 68 80 00 00 00 00 00 00 60 00 00 01 00 E1 16"                            File: Line:0 Function: Type:Debug:
DateTime:2026-08-27 11:02:14.218:"m_baRecvMsg:"                            File: Line:0 Function: Type:Debug:
DateTime:2026-08-27 11:02:14.218:"frameList.size():1"                            File: Line:0 Function: Type:Debug:
DateTime:2026-08-27 11:02:14.218:"进入报文解析"                            File: Line:0 Function: Type:Debug:
DateTime:2026-08-27 11:02:14.218:"68 32 00 32 00 68 80 00 00 00 00 00 00 60 00 00 01 00 E1 16"                            File: Line:0 Function: Type:Debug:
DateTime:2026-08-27 11:02:14.219:"解码完成，功能码: 1"                            File: Line:0 Function: Type:Debug:
DateTime:2026-08-27 11:02:14.219:"工装回复确认帧"                            File: Line:0 Function: Type:Debug:
DateTime:2026-08-27 11:02:14.299:"工装接收：68 3E 01 3E 01 68 80 00 00 00 00 00 22 60 00 00 01 00 02 40 00 68 40 00 80 00 00 00 00 00 03 52 01 00 02 12 90 78 56 34 12 28 00 68 12 90 78 56 34 12 68 91 1C 34 35 36 1E 45 B7 73 E8 0F ED D3 97 32 EE F6 37 33 64 75 76 86 36 2E F4 34 CF 35 34 C6 16 58 16 B3 16"                            File: Line:0 Function: Type:Debug:
DateTime:2026-08-27 11:02:14.299:"m_baRecvMsg:"                            File: Line:0 Function: Type:Debug:
DateTime:2026-08-27 11:02:14.299:"frameList.size():1"                            File: Line:0 Function: Type:Debug:
DateTime:2026-08-27 11:02:14.299:"进入报文解析"                            File: Line:0 Function: Type:Debug:
DateTime:2026-08-27 11:02:14.300:"68 3E 01 3E 01 68 80 00 00 00 00 00 22 60 00 00 01 00 02 40 00 68 40 00 80 00 00 00 00 00 03 52 01 00 02 12 90 78 56 34 12 28 00 68 12 90 78 56 34 12 68 91 1C 34 35 36 1E 45 B7 73 E8 0F ED D3 97 32 EE F6 37 33 64 75 76 86 36 2E F4 34 CF 35 34 C6 16 58 16 B3 16"                            File: Line:0 Function: Type:Debug:
DateTime:2026-08-27 11:02:14.300:"解码完成，功能码: 4"                            File: Line:0 Function: Type:Debug:
DateTime:2026-08-27 11:02:14.300:"工装接收到透传报文"                            File: Line:0 Function: Type:Debug:
DateTime:2026-08-27 11:02:14.300:"024000684000800000000000035201000212907856341228006812907856341268911C3435361E45B773E80FEDD39732EEF6373364757686362EF434CF3534C6165816"                            File: Line:0 Function: Type:Debug:
DateTime:2026-08-27 11:02:14.300:"透传报文内容:68 40 00 80 00 00 00 00 00 03 52 01 00 02 12 90 78 56 34 12 28 00 68 12 90 78 56 34 12 68 91 1c 34 35 36 1e 45 b7 73 e8 0f ed d3 97 32 ee f6 37 33 64 75 76 86 36 2e f4 34 cf 35 34 c6 16 58 16"                            File: Line:0 Function: Type:Debug:
DateTime:2026-08-27 11:02:17.221:"uTimeSecond_ms:30000"                            File: Line:0 Function: Type:Debug:
DateTime:2026-08-27 11:02:17.221:"查找结果: iret=0, wStart=0, dwOutLen=64, dwStreamLen=64, dwFindPos=0"                            File: Line:0 Function: Type:Debug:
DateTime:2026-08-27 11:02:17.221:"Receive:<= 68 40 00 80 00 00 00 00 00 03 52 01 00 02 12 90 78 56 34 12 28 00 68 12 90 78 56 34 12 68 91 1C 34 35 36 1E 45 B7 73 E8 0F ED D3 97 32 EE F6 37 33 64 75 76 86 36 2E F4 34 CF 35 34 C6 16 58 16"                            File: Line:0 Function: Type:Debug:
DateTime:2026-08-27 11:02:17.221:"解析：功能码-AFN=52H,Fn=1："                            File: Line:0 Function: Type:Debug:
DateTime:2026-08-27 11:02:17.221:"透传回复内容：0212907856341228006812907856341268911C3435361E45B773E80FEDD39732EEF6373364757686362EF434CF3534C616"                            File: Line:0 Function: Type:Debug:
DateTime:2026-08-27 11:02:17.221:"DL/T645-2007协议 回复报文信息：控制码：91,数据标识：EB030201，数据域(需倒序解析)：128440B5DCBAA064FFBBC304003142435303FBC1019C0201"                            File: Line:0 Function: Type:Debug:
DateTime:2026-08-27 11:02:17.221:"芯片ID：01029C01C1FB03534342310004C3BBFF64A0BADCB5408412"                            File: Line:0 Function: Type:Debug:
DateTime:2026-08-27 11:02:17.221:dll输出信息: ""                            File: Line:0 Function: Type:Debug:
DateTime:2026-08-27 11:02:17.221:接口函数调用成功，返回的结果为 0                            File: Line:0 Function: Type:Debug:
DateTime:2026-08-27 11:02:17.221:"外部传入的para：0，返回的result：0,返回的pValRet：0"                            File: Line:0 Function: Type:Debug:
DateTime:2026-08-27 11:02:17.221:"执行接口函数CCO_AFN52_F1_EB030201完成"                            File: Line:0 Function: Type:Debug:
DateTime:2026-08-27 11:02:17.223:coorIndex 0                            File: Line:0 Function: Type:Debug:
DateTime:2026-08-27 11:02:17.223:当前流程结束                            File: Line:0 Function: Type:Debug:
DateTime:2026-08-27 11:02:17.223:退出connect函数                            File: Line:0 Function: Type:Debug:
DateTime:2026-08-27 11:02:17.223:"=========【Step20-数据转发--EB030201查询芯片ID(CCO)】结束=========="                            File: Line:0 Function: Type:Debug:
DateTime:2026-08-27 11:02:17.223:"-----------------------------"                            File: Line:0 Function: Type:Debug:
DateTime:2026-08-27 11:02:17.224:"=============执行【Step21-数据转发--EB030201查询芯片ID(STA)】==================="                            File: Line:0 Function: Type:Debug:
DateTime:2026-08-27 11:02:17.225:"执行接口函数CCO_AFN52_F1_EB030201"                            File: Line:0 Function: Type:Debug:
DateTime:2026-08-27 11:02:17.225:callWorkFunction: CCO_AFN52_F1_EB030201                            File: Line:0 Function: Type:Debug:
DateTime:2026-08-27 11:02:17.225:找到对应函数，进入执行                            File: Line:0 Function: Type:Debug:
DateTime:2026-08-27 11:02:17.728:"等待工装回复超时"                            File: Line:0 Function: Type:Debug:
DateTime:2026-08-27 11:02:17.728:"开始组帧"                            File: Line:0 Function: Type:Debug:
DateTime:2026-08-27 11:02:17.728:"组帧结束"                            File: Line:0 Function: Type:Debug:
DateTime:2026-08-27 11:02:17.728:"367.2Send:数据转发(查询-芯片ID EB030201)：=>68 2B 00 43 00 00 00 00 00 04 52 01 00 03 03 01 10 00 16 19 6B 8A E8 10 00 68 03 01 10 00 16 19 68 11 04 34 35 36 1E E5 16 AD 16"                            File: Line:0 Function: Type:Debug:
DateTime:2026-08-27 11:02:17.728:"槽位2透传:68EE00EE006840000000000022600000010002013C00682B0043000000000004520100030301100016196B8AE81000680301100016196811043435361EE516AD160516"                            File: Line:0 Function: Type:Debug:
DateTime:2026-08-27 11:02:17.728:"工装发送：68 EE 00 EE 00 68 40 00 00 00 00 00 22 60 00 00 01 00 02 01 3C 00 68 2B 00 43 00 00 00 00 00 04 52 01 00 03 03 01 10 00 16 19 6B 8A E8 10 00 68 03 01 10 00 16 19 68 11 04 34 35 36 1E E5 16 AD 16 05 16"                            File: Line:0 Function: Type:Debug:
DateTime:2026-08-27 11:02:17.778:"工装接收：68 32 00 32 00 68 80 00 00 00 00 00 00 60 00 00 01 00 E1 16"                            File: Line:0 Function: Type:Debug:
DateTime:2026-08-27 11:02:17.778:"m_baRecvMsg:"                            File: Line:0 Function: Type:Debug:
DateTime:2026-08-27 11:02:17.778:"frameList.size():1"                            File: Line:0 Function: Type:Debug:
DateTime:2026-08-27 11:02:17.778:"进入报文解析"                            File: Line:0 Function: Type:Debug:
DateTime:2026-08-27 11:02:17.778:"68 32 00 32 00 68 80 00 00 00 00 00 00 60 00 00 01 00 E1 16"                            File: Line:0 Function: Type:Debug:
DateTime:2026-08-27 11:02:17.778:"解码完成，功能码: 1"                            File: Line:0 Function: Type:Debug:
DateTime:2026-08-27 11:02:17.779:"工装回复确认帧"                            File: Line:0 Function: Type:Debug:
DateTime:2026-08-27 11:02:17.983:"工装接收：68 3E 01 3E 01 68 80 00 00 00 00 00 22 60 00 00 01 00 02 40 00 68 40 00 80 00 00 00 00 00 04 52 01 00 03 03 01 10 00 16 19 28 00 68 03 01 10 00 16 19 68 91 1C 34 35 36 1E 8F 9F 71 50 3B FC 05 63 DD 0B C4 33 33 66 74 76 8D 36 2E F4 34 CF 35 34 BE 16 D7 16 B1 16"                            File: Line:0 Function: Type:Debug:
DateTime:2026-08-27 11:02:17.983:"m_baRecvMsg:"                            File: Line:0 Function: Type:Debug:
DateTime:2026-08-27 11:02:17.983:"frameList.size():1"                            File: Line:0 Function: Type:Debug:
DateTime:2026-08-27 11:02:17.983:"进入报文解析"                            File: Line:0 Function: Type:Debug:
DateTime:2026-08-27 11:02:17.983:"68 3E 01 3E 01 68 80 00 00 00 00 00 22 60 00 00 01 00 02 40 00 68 40 00 80 00 00 00 00 00 04 52 01 00 03 03 01 10 00 16 19 28 00 68 03 01 10 00 16 19 68 91 1C 34 35 36 1E 8F 9F 71 50 3B FC 05 63 DD 0B C4 33 33 66 74 76 8D 36 2E F4 34 CF 35 34 BE 16 D7 16 B1 16"                            File: Line:0 Function: Type:Debug:
DateTime:2026-08-27 11:02:17.983:"解码完成，功能码: 4"                            File: Line:0 Function: Type:Debug:
DateTime:2026-08-27 11:02:17.983:"工装接收到透传报文"                            File: Line:0 Function: Type:Debug:
DateTime:2026-08-27 11:02:17.983:"024000684000800000000000045201000303011000161928006803011000161968911C3435361E8F9F71503BFC0563DD0BC433336674768D362EF434CF3534BE16D716"                            File: Line:0 Function: Type:Debug:
DateTime:2026-08-27 11:02:17.983:"透传报文内容:68 40 00 80 00 00 00 00 00 04 52 01 00 03 03 01 10 00 16 19 28 00 68 03 01 10 00 16 19 68 91 1c 34 35 36 1e 8f 9f 71 50 3b fc 05 63 dd 0b c4 33 33 66 74 76 8d 36 2e f4 34 cf 35 34 be 16 d7 16"                            File: Line:0 Function: Type:Debug:
DateTime:2026-08-27 11:02:20.804:"uTimeSecond_ms:30000"                            File: Line:0 Function: Type:Debug:
DateTime:2026-08-27 11:02:20.804:"查找结果: iret=0, wStart=0, dwOutLen=64, dwStreamLen=64, dwFindPos=0"                            File: Line:0 Function: Type:Debug:
DateTime:2026-08-27 11:02:20.804:"Receive:<= 68 40 00 80 00 00 00 00 00 04 52 01 00 03 03 01 10 00 16 19 28 00 68 03 01 10 00 16 19 68 91 1C 34 35 36 1E 8F 9F 71 50 3B FC 05 63 DD 0B C4 33 33 66 74 76 8D 36 2E F4 34 CF 35 34 BE 16 D7 16"                            File: Line:0 Function: Type:Debug:
DateTime:2026-08-27 11:02:20.804:"解析：功能码-AFN=52H,Fn=1："                            File: Line:0 Function: Type:Debug:
DateTime:2026-08-27 11:02:20.804:"透传回复内容：0303011000161928006803011000161968911C3435361E8F9F71503BFC0563DD0BC433336674768D362EF434CF3534BE16"                            File: Line:0 Function: Type:Debug:
DateTime:2026-08-27 11:02:20.804:"DL/T645-2007协议 回复报文信息：控制码：91,数据标识：EB030201，数据域(需倒序解析)：5C6C3E1D08C9D230AAD89100003341435A03FBC1019C0201"                            File: Line:0 Function: Type:Debug:
DateTime:2026-08-27 11:02:20.804:"芯片ID：01029C01C1FB035A434133000091D8AA30D2C9081D3E6C5C"                            File: Line:0 Function: Type:Debug:
DateTime:2026-08-27 11:02:20.804:dll输出信息: ""                            File: Line:0 Function: Type:Debug:
DateTime:2026-08-27 11:02:20.804:接口函数调用成功，返回的结果为 0                            File: Line:0 Function: Type:Debug:
DateTime:2026-08-27 11:02:20.804:"外部传入的para：0，返回的result：0,返回的pValRet：0"                            File: Line:0 Function: Type:Debug:
DateTime:2026-08-27 11:02:20.804:"执行接口函数CCO_AFN52_F1_EB030201完成"                            File: Line:0 Function: Type:Debug:
DateTime:2026-08-27 11:02:20.807:coorIndex 0                            File: Line:0 Function: Type:Debug:
DateTime:2026-08-27 11:02:20.807:当前流程结束                            File: Line:0 Function: Type:Debug:
DateTime:2026-08-27 11:02:20.807:退出connect函数                            File: Line:0 Function: Type:Debug:
DateTime:2026-08-27 11:02:20.807:"=========【Step21-数据转发--EB030201查询芯片ID(STA)】结束=========="                            File: Line:0 Function: Type:Debug:
DateTime:2026-08-27 11:02:20.807:"-----------------------------"                            File: Line:0 Function: Type:Debug:
DateTime:2026-08-27 11:02:20.809:"=============执行【Step22-数据转发--EB030202查询通信模块资产管理编码(CCO)】==================="                            File: Line:0 Function: Type:Debug:
DateTime:2026-08-27 11:02:20.809:"执行接口函数CCO_AFN52_F1_EB030202"                            File: Line:0 Function: Type:Debug:
DateTime:2026-08-27 11:02:20.809:callWorkFunction: CCO_AFN52_F1_EB030202                            File: Line:0 Function: Type:Debug:
DateTime:2026-08-27 11:02:20.809:找到对应函数，进入执行                            File: Line:0 Function: Type:Debug:
DateTime:2026-08-27 11:02:21.313:"等待工装回复超时"                            File: Line:0 Function: Type:Debug:
DateTime:2026-08-27 11:02:21.313:"开始组帧"                            File: Line:0 Function: Type:Debug:
DateTime:2026-08-27 11:02:21.313:"组帧结束"                            File: Line:0 Function: Type:Debug:
DateTime:2026-08-27 11:02:21.313:"367.2Send:数据转发(查询-通信模块资产管理编码 EB030202)：=>68 2B 00 43 00 00 00 00 00 05 52 01 00 02 12 90 78 56 34 12 6B 8A E8 10 00 68 12 90 78 56 34 12 68 11 04 35 35 36 1E 59 16 08 16"                            File: Line:0 Function: Type:Debug:
DateTime:2026-08-27 11:02:21.313:"槽位2透传:68EE00EE006840000000000022600000010002013C00682B0043000000000005520100021290785634126B8AE81000681290785634126811043535361E59160816BB16"                            File: Line:0 Function: Type:Debug:
DateTime:2026-08-27 11:02:21.313:"工装发送：68 EE 00 EE 00 68 40 00 00 00 00 00 22 60 00 00 01 00 02 01 3C 00 68 2B 00 43 00 00 00 00 00 05 52 01 00 02 12 90 78 56 34 12 6B 8A E8 10 00 68 12 90 78 56 34 12 68 11 04 35 35 36 1E 59 16 08 16 BB 16"                            File: Line:0 Function: Type:Debug:
DateTime:2026-08-27 11:02:21.363:"工装接收：68 32 00 32 00 68 80 00 00 00 00 00 00 60 00 00 01 00 E1 16"                            File: Line:0 Function: Type:Debug:
DateTime:2026-08-27 11:02:21.363:"m_baRecvMsg:"                            File: Line:0 Function: Type:Debug:
DateTime:2026-08-27 11:02:21.363:"frameList.size():1"                            File: Line:0 Function: Type:Debug:
DateTime:2026-08-27 11:02:21.363:"进入报文解析"                            File: Line:0 Function: Type:Debug:
DateTime:2026-08-27 11:02:21.363:"68 32 00 32 00 68 80 00 00 00 00 00 00 60 00 00 01 00 E1 16"                            File: Line:0 Function: Type:Debug:
DateTime:2026-08-27 11:02:21.363:"解码完成，功能码: 1"                            File: Line:0 Function: Type:Debug:
DateTime:2026-08-27 11:02:21.364:"工装回复确认帧"                            File: Line:0 Function: Type:Debug:
DateTime:2026-08-27 11:02:21.453:"工装接收：68 5E 01 5E 01 68 80 00 00 00 00 00 22 60 00 00 01 00 02 48 00 68 48 00 80 00 00 00 00 00 05 52 01 00 02 12 90 78 56 34 12 30 00 68 12 90 78 56 34 12 68 91 24 35 35 36 1E 64 6A 63 63 65 69 65 6C 65 63 63 67 68 63 63 67 68 63 63 66 68 66 33 33 33 33 33 33 33 33 33 33 B3 16 3C 16 8B 16"                            File: Line:0 Function: Type:Debug:
DateTime:2026-08-27 11:02:21.453:"m_baRecvMsg:"                            File: Line:0 Function: Type:Debug:
DateTime:2026-08-27 11:02:21.453:"frameList.size():1"                            File: Line:0 Function: Type:Debug:
DateTime:2026-08-27 11:02:21.453:"进入报文解析"                            File: Line:0 Function: Type:Debug:
DateTime:2026-08-27 11:02:21.453:"68 5E 01 5E 01 68 80 00 00 00 00 00 22 60 00 00 01 00 02 48 00 68 48 00 80 00 00 00 00 00 05 52 01 00 02 12 90 78 56 34 12 30 00 68 12 90 78 56 34 12 68 91 24 35 35 36 1E 64 6A 63 63 65 69 65 6C 65 63 63 67 68 63 63 67 68 63 63 66 68 66 33 33 33 33 33 33 33 33 33 33 B3 16 3C 16 8B 16"                            File: Line:0 Function: Type:Debug:
DateTime:2026-08-27 11:02:21.453:"解码完成，功能码: 4"                            File: Line:0 Function: Type:Debug:
DateTime:2026-08-27 11:02:21.453:"工装接收到透传报文"                            File: Line:0 Function: Type:Debug:
DateTime:2026-08-27 11:02:21.453:"02480068480080000000000005520100021290785634123000681290785634126891243535361E646A63636569656C656363676863636768636366686633333333333333333333B3163C16"                            File: Line:0 Function: Type:Debug:
DateTime:2026-08-27 11:02:21.453:"透传报文内容:68 48 00 80 00 00 00 00 00 05 52 01 00 02 12 90 78 56 34 12 30 00 68 12 90 78 56 34 12 68 91 24 35 35 36 1e 64 6a 63 63 65 69 65 6c 65 63 63 67 68 63 63 67 68 63 63 66 68 66 33 33 33 33 33 33 33 33 33 33 b3 16 3c 16"                            File: Line:0 Function: Type:Debug:
DateTime:2026-08-27 11:02:24.375:"uTimeSecond_ms:30000"                            File: Line:0 Function: Type:Debug:
DateTime:2026-08-27 11:02:24.375:"查找结果: iret=0, wStart=0, dwOutLen=72, dwStreamLen=72, dwFindPos=0"                            File: Line:0 Function: Type:Debug:
DateTime:2026-08-27 11:02:24.375:"Receive:<= 68 48 00 80 00 00 00 00 00 05 52 01 00 02 12 90 78 56 34 12 30 00 68 12 90 78 56 34 12 68 91 24 35 35 36 1E 64 6A 63 63 65 69 65 6C 65 63 63 67 68 63 63 67 68 63 63 66 68 66 33 33 33 33 33 33 33 33 33 33 B3 16 3C 16"                            File: Line:0 Function: Type:Debug:
DateTime:2026-08-27 11:02:24.375:"解析：功能码-AFN=52H,Fn=1："                            File: Line:0 Function: Type:Debug:
DateTime:2026-08-27 11:02:24.375:"透传回复内容：021290785634123000681290785634126891243535361E646A63636569656C656363676863636768636366686633333333333333333333B316"                            File: Line:0 Function: Type:Debug:
DateTime:2026-08-27 11:02:24.375:"DL/T645-2007协议 回复报文信息：控制码：91,数据标识：EB030202，数据域(需倒序解析)：3137303032363239323030343530303435303033353300000000000000000000"                            File: Line:0 Function: Type:Debug:
DateTime:2026-08-27 11:02:24.375:"data_str:3137303032363239323030343530303435303033353300000000000000000000"                            File: Line:0 Function: Type:Debug:
DateTime:2026-08-27 11:02:24.375:"通信模块资产管理编码（ASCII）：3530054005400292620071"                            File: Line:0 Function: Type:Debug:
DateTime:2026-08-27 11:02:24.375:dll输出信息: ""                            File: Line:0 Function: Type:Debug:
DateTime:2026-08-27 11:02:24.375:接口函数调用成功，返回的结果为 0                            File: Line:0 Function: Type:Debug:
DateTime:2026-08-27 11:02:24.375:"外部传入的para：0，返回的result：0,返回的pValRet：0"                            File: Line:0 Function: Type:Debug:
DateTime:2026-08-27 11:02:24.375:"执行接口函数CCO_AFN52_F1_EB030202完成"                            File: Line:0 Function: Type:Debug:
DateTime:2026-08-27 11:02:24.378:coorIndex 0                            File: Line:0 Function: Type:Debug:
DateTime:2026-08-27 11:02:24.378:当前流程结束                            File: Line:0 Function: Type:Debug:
DateTime:2026-08-27 11:02:24.378:退出connect函数                            File: Line:0 Function: Type:Debug:
DateTime:2026-08-27 11:02:24.378:"=========【Step22-数据转发--EB030202查询通信模块资产管理编码(CCO)】结束=========="                            File: Line:0 Function: Type:Debug:
DateTime:2026-08-27 11:02:24.378:"-----------------------------"                            File: Line:0 Function: Type:Debug:
DateTime:2026-08-27 11:02:24.380:"=============执行【Step23-数据转发--EB030202查询通信模块资产管理编码(STA)】==================="                            File: Line:0 Function: Type:Debug:
DateTime:2026-08-27 11:02:24.380:"执行接口函数CCO_AFN52_F1_EB030202"                            File: Line:0 Function: Type:Debug:
DateTime:2026-08-27 11:02:24.380:callWorkFunction: CCO_AFN52_F1_EB030202                            File: Line:0 Function: Type:Debug:
DateTime:2026-08-27 11:02:24.380:找到对应函数，进入执行                            File: Line:0 Function: Type:Debug:
DateTime:2026-08-27 11:02:24.883:"等待工装回复超时"                            File: Line:0 Function: Type:Debug:
DateTime:2026-08-27 11:02:24.883:"开始组帧"                            File: Line:0 Function: Type:Debug:
DateTime:2026-08-27 11:02:24.883:"组帧结束"                            File: Line:0 Function: Type:Debug:
DateTime:2026-08-27 11:02:24.883:"367.2Send:数据转发(查询-通信模块资产管理编码 EB030202)：=>68 2B 00 43 00 00 00 00 00 06 52 01 00 03 03 01 10 00 16 19 6B 8A E8 10 00 68 03 01 10 00 16 19 68 11 04 35 35 36 1E E6 16 B1 16"                            File: Line:0 Function: Type:Debug:
DateTime:2026-08-27 11:02:24.883:"槽位2透传:68EE00EE006840000000000022600000010002013C00682B0043000000000006520100030301100016196B8AE81000680301100016196811043535361EE616B1160D16"                            File: Line:0 Function: Type:Debug:
DateTime:2026-08-27 11:02:24.883:"工装发送：68 EE 00 EE 00 68 40 00 00 00 00 00 22 60 00 00 01 00 02 01 3C 00 68 2B 00 43 00 00 00 00 00 06 52 01 00 03 03 01 10 00 16 19 6B 8A E8 10 00 68 03 01 10 00 16 19 68 11 04 35 35 36 1E E6 16 B1 16 0D 16"                            File: Line:0 Function: Type:Debug:
DateTime:2026-08-27 11:02:24.933:"工装接收：68 32 00 32 00 68 80 00 00 00 00 00 00 60 00 00 01 00 E1 16"                            File: Line:0 Function: Type:Debug:
DateTime:2026-08-27 11:02:24.933:"m_baRecvMsg:"                            File: Line:0 Function: Type:Debug:
DateTime:2026-08-27 11:02:24.933:"frameList.size():1"                            File: Line:0 Function: Type:Debug:
DateTime:2026-08-27 11:02:24.933:"进入报文解析"                            File: Line:0 Function: Type:Debug:
DateTime:2026-08-27 11:02:24.933:"68 32 00 32 00 68 80 00 00 00 00 00 00 60 00 00 01 00 E1 16"                            File: Line:0 Function: Type:Debug:
DateTime:2026-08-27 11:02:24.933:"解码完成，功能码: 1"                            File: Line:0 Function: Type:Debug:
DateTime:2026-08-27 11:02:24.933:"工装回复确认帧"                            File: Line:0 Function: Type:Debug:
DateTime:2026-08-27 11:02:25.149:"工装接收：68 5E 01 5E 01 68 80 00 00 00 00 00 22 60 00 00 01 00 02 48 00 68 48 00 80 00 00 00 00 00 06 52 01 00 03 03 01 10 00 16 19 30 00 68 03 01 10 00 16 19 68 91 24 35 35 36 1E 66 6B 65 6A 67 69 65 6C 65 63 63 67 68 63 63 67 68 63 63 66 68 66 33 33 33 33 33 33 33 33 33 33 4E 16 01 16 15 16"                            File: Line:0 Function: Type:Debug:
DateTime:2026-08-27 11:02:25.149:"m_baRecvMsg:"                            File: Line:0 Function: Type:Debug:
DateTime:2026-08-27 11:02:25.149:"frameList.size():1"                            File: Line:0 Function: Type:Debug:
DateTime:2026-08-27 11:02:25.149:"进入报文解析"                            File: Line:0 Function: Type:Debug:
DateTime:2026-08-27 11:02:25.149:"68 5E 01 5E 01 68 80 00 00 00 00 00 22 60 00 00 01 00 02 48 00 68 48 00 80 00 00 00 00 00 06 52 01 00 03 03 01 10 00 16 19 30 00 68 03 01 10 00 16 19 68 91 24 35 35 36 1E 66 6B 65 6A 67 69 65 6C 65 63 63 67 68 63 63 67 68 63 63 66 68 66 33 33 33 33 33 33 33 33 33 33 4E 16 01 16 15 16"                            File: Line:0 Function: Type:Debug:
DateTime:2026-08-27 11:02:25.149:"解码完成，功能码: 4"                            File: Line:0 Function: Type:Debug:
DateTime:2026-08-27 11:02:25.149:"工装接收到透传报文"                            File: Line:0 Function: Type:Debug:
DateTime:2026-08-27 11:02:25.149:"02480068480080000000000006520100030301100016193000680301100016196891243535361E666B656A6769656C6563636768636367686363666866333333333333333333334E160116"                            File: Line:0 Function: Type:Debug:
DateTime:2026-08-27 11:02:25.149:"透传报文内容:68 48 00 80 00 00 00 00 00 06 52 01 00 03 03 01 10 00 16 19 30 00 68 03 01 10 00 16 19 68 91 24 35 35 36 1e 66 6b 65 6a 67 69 65 6c 65 63 63 67 68 63 63 67 68 63 63 66 68 66 33 33 33 33 33 33 33 33 33 33 4e 16 01 16"                            File: Line:0 Function: Type:Debug:
DateTime:2026-08-27 11:02:27.969:"uTimeSecond_ms:30000"                            File: Line:0 Function: Type:Debug:
DateTime:2026-08-27 11:02:27.969:"查找结果: iret=0, wStart=0, dwOutLen=72, dwStreamLen=72, dwFindPos=0"                            File: Line:0 Function: Type:Debug:
DateTime:2026-08-27 11:02:27.969:"Receive:<= 68 48 00 80 00 00 00 00 00 06 52 01 00 03 03 01 10 00 16 19 30 00 68 03 01 10 00 16 19 68 91 24 35 35 36 1E 66 6B 65 6A 67 69 65 6C 65 63 63 67 68 63 63 67 68 63 63 66 68 66 33 33 33 33 33 33 33 33 33 33 4E 16 01 16"                            File: Line:0 Function: Type:Debug:
DateTime:2026-08-27 11:02:27.969:"解析：功能码-AFN=52H,Fn=1："                            File: Line:0 Function: Type:Debug:
DateTime:2026-08-27 11:02:27.969:"透传回复内容：030301100016193000680301100016196891243535361E666B656A6769656C6563636768636367686363666866333333333333333333334E16"                            File: Line:0 Function: Type:Debug:
DateTime:2026-08-27 11:02:27.969:"DL/T645-2007协议 回复报文信息：控制码：91,数据标识：EB030202，数据域(需倒序解析)：3338323734363239323030343530303435303033353300000000000000000000"                            File: Line:0 Function: Type:Debug:
DateTime:2026-08-27 11:02:27.969:"data_str:3338323734363239323030343530303435303033353300000000000000000000"                            File: Line:0 Function: Type:Debug:
DateTime:2026-08-27 11:02:27.969:"通信模块资产管理编码（ASCII）：3530054005400292647283"                            File: Line:0 Function: Type:Debug:
DateTime:2026-08-27 11:02:27.969:dll输出信息: ""                            File: Line:0 Function: Type:Debug:
DateTime:2026-08-27 11:02:27.969:接口函数调用成功，返回的结果为 0                            File: Line:0 Function: Type:Debug:
DateTime:2026-08-27 11:02:27.970:"外部传入的para：0，返回的result：0,返回的pValRet：0"                            File: Line:0 Function: Type:Debug:
DateTime:2026-08-27 11:02:27.970:"执行接口函数CCO_AFN52_F1_EB030202完成"                            File: Line:0 Function: Type:Debug:
DateTime:2026-08-27 11:02:27.972:coorIndex 0                            File: Line:0 Function: Type:Debug:
DateTime:2026-08-27 11:02:27.972:当前流程结束                            File: Line:0 Function: Type:Debug:
DateTime:2026-08-27 11:02:27.972:退出connect函数                            File: Line:0 Function: Type:Debug:
DateTime:2026-08-27 11:02:27.972:"=========【Step23-数据转发--EB030202查询通信模块资产管理编码(STA)】结束=========="                            File: Line:0 Function: Type:Debug:
DateTime:2026-08-27 11:02:27.972:"-----------------------------"                            File: Line:0 Function: Type:Debug:
DateTime:2026-08-27 11:02:27.974:"=============执行【Step24-数据转发--EB030301查询单相表零、火线接反情况(STA)】==================="                            File: Line:0 Function: Type:Debug:
DateTime:2026-08-27 11:02:27.974:"执行接口函数CCO_AFN52_F1_EB030301"                            File: Line:0 Function: Type:Debug:
DateTime:2026-08-27 11:02:27.974:callWorkFunction: CCO_AFN52_F1_EB030301                            File: Line:0 Function: Type:Debug:
DateTime:2026-08-27 11:02:27.974:找到对应函数，进入执行                            File: Line:0 Function: Type:Debug:
DateTime:2026-08-27 11:02:28.478:"等待工装回复超时"                            File: Line:0 Function: Type:Debug:
DateTime:2026-08-27 11:02:28.478:"开始组帧"                            File: Line:0 Function: Type:Debug:
DateTime:2026-08-27 11:02:28.478:"组帧结束"                            File: Line:0 Function: Type:Debug:
DateTime:2026-08-27 11:02:28.478:"367.2Send:数据转发(查询-单/三相表零、火线接反情况 EB030301)：=>68 2B 00 43 00 00 00 00 00 07 52 01 00 03 03 01 10 00 16 19 6B 8A E8 10 00 68 03 01 10 00 16 19 68 11 04 34 36 36 1E E6 16 B2 16"                            File: Line:0 Function: Type:Debug:
DateTime:2026-08-27 11:02:28.478:"槽位2透传:68EE00EE006840000000000022600000010002013C00682B0043000000000007520100030301100016196B8AE81000680301100016196811043436361EE616B2160F16"                            File: Line:0 Function: Type:Debug:
DateTime:2026-08-27 11:02:28.478:"工装发送：68 EE 00 EE 00 68 40 00 00 00 00 00 22 60 00 00 01 00 02 01 3C 00 68 2B 00 43 00 00 00 00 00 07 52 01 00 03 03 01 10 00 16 19 6B 8A E8 10 00 68 03 01 10 00 16 19 68 11 04 34 36 36 1E E6 16 B2 16 0F 16"                            File: Line:0 Function: Type:Debug:
DateTime:2026-08-27 11:02:28.528:"工装接收：68 32 00 32 00 68 80 00 00 00 00 00 00 60 00 00 01 00 E1 16"                            File: Line:0 Function: Type:Debug:
DateTime:2026-08-27 11:02:28.528:"m_baRecvMsg:"                            File: Line:0 Function: Type:Debug:
DateTime:2026-08-27 11:02:28.528:"frameList.size():1"                            File: Line:0 Function: Type:Debug:
DateTime:2026-08-27 11:02:28.528:"进入报文解析"                            File: Line:0 Function: Type:Debug:
DateTime:2026-08-27 11:02:28.528:"68 32 00 32 00 68 80 00 00 00 00 00 00 60 00 00 01 00 E1 16"                            File: Line:0 Function: Type:Debug:
DateTime:2026-08-27 11:02:28.529:"解码完成，功能码: 1"                            File: Line:0 Function: Type:Debug:
DateTime:2026-08-27 11:02:28.529:"工装回复确认帧"                            File: Line:0 Function: Type:Debug:
DateTime:2026-08-27 11:02:28.583:"工装接收：68 E2 00 E2 00 68 80 00 00 00 00 00 22 60 00 00 01 00 02 29 00 68 29 00 80 00 00 00 00 00 07 52 01 00 03 03 01 10 00 16 19 11 00 68 03 01 10 00 16 19 68 91 05 34 36 36 1E 33 9A 16 7B 16 CB 16"                            File: Line:0 Function: Type:Debug:
DateTime:2026-08-27 11:02:28.583:"m_baRecvMsg:"                            File: Line:0 Function: Type:Debug:
DateTime:2026-08-27 11:02:28.583:"frameList.size():1"                            File: Line:0 Function: Type:Debug:
DateTime:2026-08-27 11:02:28.583:"进入报文解析"                            File: Line:0 Function: Type:Debug:
DateTime:2026-08-27 11:02:28.583:"68 E2 00 E2 00 68 80 00 00 00 00 00 22 60 00 00 01 00 02 29 00 68 29 00 80 00 00 00 00 00 07 52 01 00 03 03 01 10 00 16 19 11 00 68 03 01 10 00 16 19 68 91 05 34 36 36 1E 33 9A 16 7B 16 CB 16"                            File: Line:0 Function: Type:Debug:
DateTime:2026-08-27 11:02:28.583:"解码完成，功能码: 4"                            File: Line:0 Function: Type:Debug:
DateTime:2026-08-27 11:02:28.583:"工装接收到透传报文"                            File: Line:0 Function: Type:Debug:
DateTime:2026-08-27 11:02:28.583:"02290068290080000000000007520100030301100016191100680301100016196891053436361E339A167B16"                            File: Line:0 Function: Type:Debug:
DateTime:2026-08-27 11:02:28.583:"透传报文内容:68 29 00 80 00 00 00 00 00 07 52 01 00 03 03 01 10 00 16 19 11 00 68 03 01 10 00 16 19 68 91 05 34 36 36 1e 33 9a 16 7b 16"                            File: Line:0 Function: Type:Debug:
DateTime:2026-08-27 11:02:31.505:"uTimeSecond_ms:30000"                            File: Line:0 Function: Type:Debug:
DateTime:2026-08-27 11:02:31.505:"查找结果: iret=0, wStart=0, dwOutLen=41, dwStreamLen=41, dwFindPos=0"                            File: Line:0 Function: Type:Debug:
DateTime:2026-08-27 11:02:31.505:"Receive:<= 68 29 00 80 00 00 00 00 00 07 52 01 00 03 03 01 10 00 16 19 11 00 68 03 01 10 00 16 19 68 91 05 34 36 36 1E 33 9A 16 7B 16"                            File: Line:0 Function: Type:Debug:
DateTime:2026-08-27 11:02:31.505:"解析：功能码-AFN=52H,Fn=1："                            File: Line:0 Function: Type:Debug:
DateTime:2026-08-27 11:02:31.505:"透传回复内容：030301100016191100680301100016196891053436361E339A16"                            File: Line:0 Function: Type:Debug:
DateTime:2026-08-27 11:02:31.505:"DL/T645-2007协议 回复报文信息：控制码：91,数据标识：EB030301，数据域(需倒序解析)：00"                            File: Line:0 Function: Type:Debug:
DateTime:2026-08-27 11:02:31.505:"相序情况：正常"                            File: Line:0 Function: Type:Debug:
DateTime:2026-08-27 11:02:31.505:dll输出信息: ""                            File: Line:0 Function: Type:Debug:
DateTime:2026-08-27 11:02:31.505:接口函数调用成功，返回的结果为 0                            File: Line:0 Function: Type:Debug:
DateTime:2026-08-27 11:02:31.505:"外部传入的para：0，返回的result：0,返回的pValRet：0"                            File: Line:0 Function: Type:Debug:
DateTime:2026-08-27 11:02:31.505:"执行接口函数CCO_AFN52_F1_EB030301完成"                            File: Line:0 Function: Type:Debug:
DateTime:2026-08-27 11:02:31.508:coorIndex 0                            File: Line:0 Function: Type:Debug:
DateTime:2026-08-27 11:02:31.508:当前流程结束                            File: Line:0 Function: Type:Debug:
DateTime:2026-08-27 11:02:31.508:退出connect函数                            File: Line:0 Function: Type:Debug:
DateTime:2026-08-27 11:02:31.508:"=========【Step24-数据转发--EB030301查询单相表零、火线接反情况(STA)】结束=========="                            File: Line:0 Function: Type:Debug:
DateTime:2026-08-27 11:02:31.508:"-----------------------------"                            File: Line:0 Function: Type:Debug:
DateTime:2026-08-27 11:02:31.510:"=============执行【Step25-数据转发--EB030302查询通信模块所在相位(STA)】==================="                            File: Line:0 Function: Type:Debug:
DateTime:2026-08-27 11:02:31.510:"执行接口函数CCO_AFN52_F1_EB030302"                            File: Line:0 Function: Type:Debug:
DateTime:2026-08-27 11:02:31.510:callWorkFunction: CCO_AFN52_F1_EB030302                            File: Line:0 Function: Type:Debug:
DateTime:2026-08-27 11:02:31.510:找到对应函数，进入执行                            File: Line:0 Function: Type:Debug:
DateTime:2026-08-27 11:02:32.013:"等待工装回复超时"                            File: Line:0 Function: Type:Debug:
DateTime:2026-08-27 11:02:32.013:"开始组帧"                            File: Line:0 Function: Type:Debug:
DateTime:2026-08-27 11:02:32.013:"组帧结束"                            File: Line:0 Function: Type:Debug:
DateTime:2026-08-27 11:02:32.013:"367.2Send:数据转发(查询-通信模块所在相位 EB030302)：=>68 2B 00 43 00 00 00 00 00 08 52 01 00 03 03 01 10 00 16 19 6B 8A E8 10 00 68 03 01 10 00 16 19 68 11 04 35 36 36 1E E7 16 B5 16"                            File: Line:0 Function: Type:Debug:
DateTime:2026-08-27 11:02:32.013:"槽位2透传:68EE00EE006840000000000022600000010002013C00682B0043000000000008520100030301100016196B8AE81000680301100016196811043536361EE716B5161516"                            File: Line:0 Function: Type:Debug:
DateTime:2026-08-27 11:02:32.013:"工装发送：68 EE 00 EE 00 68 40 00 00 00 00 00 22 60 00 00 01 00 02 01 3C 00 68 2B 00 43 00 00 00 00 00 08 52 01 00 03 03 01 10 00 16 19 6B 8A E8 10 00 68 03 01 10 00 16 19 68 11 04 35 36 36 1E E7 16 B5 16 15 16"                            File: Line:0 Function: Type:Debug:
DateTime:2026-08-27 11:02:32.063:"工装接收：68 32 00 32 00 68 80 00 00 00 00 00 00 60 00 00 01 00 E1 16"                            File: Line:0 Function: Type:Debug:
DateTime:2026-08-27 11:02:32.063:"m_baRecvMsg:"                            File: Line:0 Function: Type:Debug:
DateTime:2026-08-27 11:02:32.063:"frameList.size():1"                            File: Line:0 Function: Type:Debug:
DateTime:2026-08-27 11:02:32.063:"进入报文解析"                            File: Line:0 Function: Type:Debug:
DateTime:2026-08-27 11:02:32.063:"68 32 00 32 00 68 80 00 00 00 00 00 00 60 00 00 01 00 E1 16"                            File: Line:0 Function: Type:Debug:
DateTime:2026-08-27 11:02:32.063:"解码完成，功能码: 1"                            File: Line:0 Function: Type:Debug:
DateTime:2026-08-27 11:02:32.063:"工装回复确认帧"                            File: Line:0 Function: Type:Debug:
DateTime:2026-08-27 11:02:32.119:"工装接收：68 E2 00 E2 00 68 80 00 00 00 00 00 22 60 00 00 01 00 02 29 00 68 29 00 80 00 00 00 00 00 08 52 01 00 03 03 01 10 00 16 19 11 00 68 03 01 10 00 16 19 68 91 05 35 36 36 1E 34 9C 16 80 16 D5 16"                            File: Line:0 Function: Type:Debug:
DateTime:2026-08-27 11:02:32.119:"m_baRecvMsg:"                            File: Line:0 Function: Type:Debug:
DateTime:2026-08-27 11:02:32.119:"frameList.size():1"                            File: Line:0 Function: Type:Debug:
DateTime:2026-08-27 11:02:32.119:"进入报文解析"                            File: Line:0 Function: Type:Debug:
DateTime:2026-08-27 11:02:32.119:"68 E2 00 E2 00 68 80 00 00 00 00 00 22 60 00 00 01 00 02 29 00 68 29 00 80 00 00 00 00 00 08 52 01 00 03 03 01 10 00 16 19 11 00 68 03 01 10 00 16 19 68 91 05 35 36 36 1E 34 9C 16 80 16 D5 16"                            File: Line:0 Function: Type:Debug:
DateTime:2026-08-27 11:02:32.119:"解码完成，功能码: 4"                            File: Line:0 Function: Type:Debug:
DateTime:2026-08-27 11:02:32.119:"工装接收到透传报文"                            File: Line:0 Function: Type:Debug:
DateTime:2026-08-27 11:02:32.119:"02290068290080000000000008520100030301100016191100680301100016196891053536361E349C168016"                            File: Line:0 Function: Type:Debug:
DateTime:2026-08-27 11:02:32.119:"透传报文内容:68 29 00 80 00 00 00 00 00 08 52 01 00 03 03 01 10 00 16 19 11 00 68 03 01 10 00 16 19 68 91 05 35 36 36 1e 34 9c 16 80 16"                            File: Line:0 Function: Type:Debug:
DateTime:2026-08-27 11:02:35.040:"uTimeSecond_ms:30000"                            File: Line:0 Function: Type:Debug:
DateTime:2026-08-27 11:02:35.040:"查找结果: iret=0, wStart=0, dwOutLen=41, dwStreamLen=41, dwFindPos=0"                            File: Line:0 Function: Type:Debug:
DateTime:2026-08-27 11:02:35.040:"Receive:<= 68 29 00 80 00 00 00 00 00 08 52 01 00 03 03 01 10 00 16 19 11 00 68 03 01 10 00 16 19 68 91 05 35 36 36 1E 34 9C 16 80 16"                            File: Line:0 Function: Type:Debug:
DateTime:2026-08-27 11:02:35.040:"解析：功能码-AFN=52H,Fn=1："                            File: Line:0 Function: Type:Debug:
DateTime:2026-08-27 11:02:35.040:"透传回复内容：030301100016191100680301100016196891053536361E349C16"                            File: Line:0 Function: Type:Debug:
DateTime:2026-08-27 11:02:35.040:"DL/T645-2007协议 回复报文信息：控制码：91,数据标识：EB030302，数据域(需倒序解析)：01"                            File: Line:0 Function: Type:Debug:
DateTime:2026-08-27 11:02:35.040:"所在相位：A"                            File: Line:0 Function: Type:Debug:
DateTime:2026-08-27 11:02:35.040:dll输出信息: ""                            File: Line:0 Function: Type:Debug:
DateTime:2026-08-27 11:02:35.040:接口函数调用成功，返回的结果为 0                            File: Line:0 Function: Type:Debug:
DateTime:2026-08-27 11:02:35.040:"外部传入的para：0，返回的result：0,返回的pValRet：0"                            File: Line:0 Function: Type:Debug:
DateTime:2026-08-27 11:02:35.040:"执行接口函数CCO_AFN52_F1_EB030302完成"                            File: Line:0 Function: Type:Debug:
DateTime:2026-08-27 11:02:35.043:coorIndex 0                            File: Line:0 Function: Type:Debug:
DateTime:2026-08-27 11:02:35.043:当前流程结束                            File: Line:0 Function: Type:Debug:
DateTime:2026-08-27 11:02:35.043:退出connect函数                            File: Line:0 Function: Type:Debug:
DateTime:2026-08-27 11:02:35.043:"=========【Step25-数据转发--EB030302查询通信模块所在相位(STA)】结束=========="                            File: Line:0 Function: Type:Debug:
DateTime:2026-08-27 11:02:35.043:"-----------------------------"                            File: Line:0 Function: Type:Debug:
DateTime:2026-08-27 11:02:35.045:"=============执行【Step26-数据转发--EB030303查询通信模块软硬件版本(CCO)】==================="                            File: Line:0 Function: Type:Debug:
DateTime:2026-08-27 11:02:35.045:"执行接口函数CCO_AFN52_F1_EB030303"                            File: Line:0 Function: Type:Debug:
DateTime:2026-08-27 11:02:35.045:callWorkFunction: CCO_AFN52_F1_EB030303                            File: Line:0 Function: Type:Debug:
DateTime:2026-08-27 11:02:35.045:找到对应函数，进入执行                            File: Line:0 Function: Type:Debug:
DateTime:2026-08-27 11:02:35.549:"等待工装回复超时"                            File: Line:0 Function: Type:Debug:
DateTime:2026-08-27 11:02:35.549:"开始组帧"                            File: Line:0 Function: Type:Debug:
DateTime:2026-08-27 11:02:35.549:"组帧结束"                            File: Line:0 Function: Type:Debug:
DateTime:2026-08-27 11:02:35.549:"367.2Send:数据转发(查询-通信模块软硬件版本 EB030303)：=>68 2B 00 43 00 00 00 00 00 09 52 01 00 02 12 90 78 56 34 12 6B 8A E8 10 00 68 12 90 78 56 34 12 68 11 04 36 36 36 1E 5B 16 10 16"                            File: Line:0 Function: Type:Debug:
DateTime:2026-08-27 11:02:35.549:"槽位2透传:68EE00EE006840000000000022600000010002013C00682B0043000000000009520100021290785634126B8AE81000681290785634126811043636361E5B161016CB16"                            File: Line:0 Function: Type:Debug:
DateTime:2026-08-27 11:02:35.549:"工装发送：68 EE 00 EE 00 68 40 00 00 00 00 00 22 60 00 00 01 00 02 01 3C 00 68 2B 00 43 00 00 00 00 00 09 52 01 00 02 12 90 78 56 34 12 6B 8A E8 10 00 68 12 90 78 56 34 12 68 11 04 36 36 36 1E 5B 16 10 16 CB 16"                            File: Line:0 Function: Type:Debug:
DateTime:2026-08-27 11:02:35.599:"工装接收：68 32 00 32 00 68 80 00 00 00 00 00 00 60 00 00 01 00 E1 16"                            File: Line:0 Function: Type:Debug:
DateTime:2026-08-27 11:02:35.599:"m_baRecvMsg:"                            File: Line:0 Function: Type:Debug:
DateTime:2026-08-27 11:02:35.599:"frameList.size():1"                            File: Line:0 Function: Type:Debug:
DateTime:2026-08-27 11:02:35.600:"进入报文解析"                            File: Line:0 Function: Type:Debug:
DateTime:2026-08-27 11:02:35.600:"68 32 00 32 00 68 80 00 00 00 00 00 00 60 00 00 01 00 E1 16"                            File: Line:0 Function: Type:Debug:
DateTime:2026-08-27 11:02:35.600:"解码完成，功能码: 1"                            File: Line:0 Function: Type:Debug:
DateTime:2026-08-27 11:02:35.600:"工装回复确认帧"                            File: Line:0 Function: Type:Debug:
DateTime:2026-08-27 11:02:35.662:"工装接收：68 02 01 02 01 68 80 00 00 00 00 00 22 60 00 00 01 00 02 31 00 68 31 00 80 00 00 00 00 00 09 52 01 00 02 12 90 78 56 34 12 19 00 68 12 90 78 56 34 12 68 91 0D 36 36 36 1E 86 8B 63 67 38 3B 59 34 73 32 16 27 16 33 16"                            File: Line:0 Function: Type:Debug:
DateTime:2026-08-27 11:02:35.662:"m_baRecvMsg:"                            File: Line:0 Function: Type:Debug:
DateTime:2026-08-27 11:02:35.662:"frameList.size():1"                            File: Line:0 Function: Type:Debug:
DateTime:2026-08-27 11:02:35.662:"进入报文解析"                            File: Line:0 Function: Type:Debug:
DateTime:2026-08-27 11:02:35.662:"68 02 01 02 01 68 80 00 00 00 00 00 22 60 00 00 01 00 02 31 00 68 31 00 80 00 00 00 00 00 09 52 01 00 02 12 90 78 56 34 12 19 00 68 12 90 78 56 34 12 68 91 0D 36 36 36 1E 86 8B 63 67 38 3B 59 34 73 32 16 27 16 33 16"                            File: Line:0 Function: Type:Debug:
DateTime:2026-08-27 11:02:35.662:"解码完成，功能码: 4"                            File: Line:0 Function: Type:Debug:
DateTime:2026-08-27 11:02:35.662:"工装接收到透传报文"                            File: Line:0 Function: Type:Debug:
DateTime:2026-08-27 11:02:35.662:"023100683100800000000000095201000212907856341219006812907856341268910D3636361E868B6367383B59347332162716"                            File: Line:0 Function: Type:Debug:
DateTime:2026-08-27 11:02:35.662:"透传报文内容:68 31 00 80 00 00 00 00 00 09 52 01 00 02 12 90 78 56 34 12 19 00 68 12 90 78 56 34 12 68 91 0d 36 36 36 1e 86 8b 63 67 38 3b 59 34 73 32 16 27 16"                            File: Line:0 Function: Type:Debug:
DateTime:2026-08-27 11:02:38.585:"uTimeSecond_ms:30000"                            File: Line:0 Function: Type:Debug:
DateTime:2026-08-27 11:02:38.585:"查找结果: iret=0, wStart=0, dwOutLen=49, dwStreamLen=49, dwFindPos=0"                            File: Line:0 Function: Type:Debug:
DateTime:2026-08-27 11:02:38.585:"Receive:<= 68 31 00 80 00 00 00 00 00 09 52 01 00 02 12 90 78 56 34 12 19 00 68 12 90 78 56 34 12 68 91 0D 36 36 36 1E 86 8B 63 67 38 3B 59 34 73 32 16 27 16"                            File: Line:0 Function: Type:Debug:
DateTime:2026-08-27 11:02:38.585:"解析：功能码-AFN=52H,Fn=1："                            File: Line:0 Function: Type:Debug:
DateTime:2026-08-27 11:02:38.585:"透传回复内容：0212907856341219006812907856341268910D3636361E868B6367383B5934733216"                            File: Line:0 Function: Type:Debug:
DateTime:2026-08-27 11:02:38.585:"DL/T645-2007协议 回复报文信息：控制码：91,数据标识：EB030303，数据域(需倒序解析)：535830340508260140"                            File: Line:0 Function: Type:Debug:
DateTime:2026-08-27 11:02:38.585:"厂商代码：SX,芯片代码：04,版本日期：26年8月5日,版本：4001"                            File: Line:0 Function: Type:Debug:
DateTime:2026-08-27 11:02:38.585:dll输出信息: ""                            File: Line:0 Function: Type:Debug:
DateTime:2026-08-27 11:02:38.585:接口函数调用成功，返回的结果为 0                            File: Line:0 Function: Type:Debug:
DateTime:2026-08-27 11:02:38.585:"外部传入的para：0，返回的result：0,返回的pValRet：0"                            File: Line:0 Function: Type:Debug:
DateTime:2026-08-27 11:02:38.585:"执行接口函数CCO_AFN52_F1_EB030303完成"                            File: Line:0 Function: Type:Debug:
DateTime:2026-08-27 11:02:38.588:coorIndex 0                            File: Line:0 Function: Type:Debug:
DateTime:2026-08-27 11:02:38.588:当前流程结束                            File: Line:0 Function: Type:Debug:
DateTime:2026-08-27 11:02:38.588:退出connect函数                            File: Line:0 Function: Type:Debug:
DateTime:2026-08-27 11:02:38.588:"=========【Step26-数据转发--EB030303查询通信模块软硬件版本(CCO)】结束=========="                            File: Line:0 Function: Type:Debug:
DateTime:2026-08-27 11:02:38.588:"-----------------------------"                            File: Line:0 Function: Type:Debug:
DateTime:2026-08-27 11:02:38.590:"=============执行【Step27-数据转发--EB030303查询通信模块软硬件版本(STA)】==================="                            File: Line:0 Function: Type:Debug:
DateTime:2026-08-27 11:02:38.590:"执行接口函数CCO_AFN52_F1_EB030303"                            File: Line:0 Function: Type:Debug:
DateTime:2026-08-27 11:02:38.590:callWorkFunction: CCO_AFN52_F1_EB030303                            File: Line:0 Function: Type:Debug:
DateTime:2026-08-27 11:02:38.590:找到对应函数，进入执行                            File: Line:0 Function: Type:Debug:
DateTime:2026-08-27 11:02:39.093:"等待工装回复超时"                            File: Line:0 Function: Type:Debug:
DateTime:2026-08-27 11:02:39.093:"开始组帧"                            File: Line:0 Function: Type:Debug:
DateTime:2026-08-27 11:02:39.093:"组帧结束"                            File: Line:0 Function: Type:Debug:
DateTime:2026-08-27 11:02:39.093:"367.2Send:数据转发(查询-通信模块软硬件版本 EB030303)：=>68 2B 00 43 00 00 00 00 00 0A 52 01 00 03 03 01 10 00 16 19 6B 8A E8 10 00 68 03 01 10 00 16 19 68 11 04 36 36 36 1E E8 16 B9 16"                            File: Line:0 Function: Type:Debug:
DateTime:2026-08-27 11:02:39.093:"槽位2透传:68EE00EE006840000000000022600000010002013C00682B004300000000000A520100030301100016196B8AE81000680301100016196811043636361EE816B9161D16"                            File: Line:0 Function: Type:Debug:
DateTime:2026-08-27 11:02:39.093:"工装发送：68 EE 00 EE 00 68 40 00 00 00 00 00 22 60 00 00 01 00 02 01 3C 00 68 2B 00 43 00 00 00 00 00 0A 52 01 00 03 03 01 10 00 16 19 6B 8A E8 10 00 68 03 01 10 00 16 19 68 11 04 36 36 36 1E E8 16 B9 16 1D 16"                            File: Line:0 Function: Type:Debug:
DateTime:2026-08-27 11:02:39.143:"工装接收：68 32 00 32 00 68 80 00 00 00 00 00 00 60 00 00 01 00 E1 16"                            File: Line:0 Function: Type:Debug:
DateTime:2026-08-27 11:02:39.143:"m_baRecvMsg:"                            File: Line:0 Function: Type:Debug:
DateTime:2026-08-27 11:02:39.143:"frameList.size():1"                            File: Line:0 Function: Type:Debug:
DateTime:2026-08-27 11:02:39.143:"进入报文解析"                            File: Line:0 Function: Type:Debug:
DateTime:2026-08-27 11:02:39.143:"68 32 00 32 00 68 80 00 00 00 00 00 00 60 00 00 01 00 E1 16"                            File: Line:0 Function: Type:Debug:
DateTime:2026-08-27 11:02:39.143:"解码完成，功能码: 1"                            File: Line:0 Function: Type:Debug:
DateTime:2026-08-27 11:02:39.143:"工装回复确认帧"                            File: Line:0 Function: Type:Debug:
DateTime:2026-08-27 11:02:39.367:"工装接收：68 02 01 02 01 68 80 00 00 00 00 00 22 60 00 00 01 00 02 31 00 68 31 00 80 00 00 00 00 00 0A 52 01 00 03 03 01 10 00 16 19 19 00 68 03 01 10 00 16 19 68 91 0D 36 36 36 1E 8D 76 7C A2 63 39 59 33 84 3E 16 CE 16 81 16"                            File: Line:0 Function: Type:Debug:
DateTime:2026-08-27 11:02:39.367:"m_baRecvMsg:"                            File: Line:0 Function: Type:Debug:
DateTime:2026-08-27 11:02:39.367:"frameList.size():1"                            File: Line:0 Function: Type:Debug:
DateTime:2026-08-27 11:02:39.368:"进入报文解析"                            File: Line:0 Function: Type:Debug:
DateTime:2026-08-27 11:02:39.368:"68 02 01 02 01 68 80 00 00 00 00 00 22 60 00 00 01 00 02 31 00 68 31 00 80 00 00 00 00 00 0A 52 01 00 03 03 01 10 00 16 19 19 00 68 03 01 10 00 16 19 68 91 0D 36 36 36 1E 8D 76 7C A2 63 39 59 33 84 3E 16 CE 16 81 16"                            File: Line:0 Function: Type:Debug:
DateTime:2026-08-27 11:02:39.368:"解码完成，功能码: 4"                            File: Line:0 Function: Type:Debug:
DateTime:2026-08-27 11:02:39.368:"工装接收到透传报文"                            File: Line:0 Function: Type:Debug:
DateTime:2026-08-27 11:02:39.368:"0231006831008000000000000A5201000303011000161919006803011000161968910D3636361E8D767CA263395933843E16CE16"                            File: Line:0 Function: Type:Debug:
DateTime:2026-08-27 11:02:39.368:"透传报文内容:68 31 00 80 00 00 00 00 00 0a 52 01 00 03 03 01 10 00 16 19 19 00 68 03 01 10 00 16 19 68 91 0d 36 36 36 1e 8d 76 7c a2 63 39 59 33 84 3e 16 ce 16"                            File: Line:0 Function: Type:Debug:
DateTime:2026-08-27 11:02:42.188:"uTimeSecond_ms:30000"                            File: Line:0 Function: Type:Debug:
DateTime:2026-08-27 11:02:42.188:"查找结果: iret=0, wStart=0, dwOutLen=49, dwStreamLen=49, dwFindPos=0"                            File: Line:0 Function: Type:Debug:
DateTime:2026-08-27 11:02:42.188:"Receive:<= 68 31 00 80 00 00 00 00 00 0A 52 01 00 03 03 01 10 00 16 19 19 00 68 03 01 10 00 16 19 68 91 0D 36 36 36 1E 8D 76 7C A2 63 39 59 33 84 3E 16 CE 16"                            File: Line:0 Function: Type:Debug:
DateTime:2026-08-27 11:02:42.188:"解析：功能码-AFN=52H,Fn=1："                            File: Line:0 Function: Type:Debug:
DateTime:2026-08-27 11:02:42.188:"透传回复内容：0303011000161919006803011000161968910D3636361E8D767CA263395933843E16"                            File: Line:0 Function: Type:Debug:
DateTime:2026-08-27 11:02:42.188:"DL/T645-2007协议 回复报文信息：控制码：91,数据标识：EB030303，数据域(需倒序解析)：5A43496F3006260051"                            File: Line:0 Function: Type:Debug:
DateTime:2026-08-27 11:02:42.188:"厂商代码：ZC,芯片代码：Io,版本日期：26年6月30日,版本：5100"                            File: Line:0 Function: Type:Debug:
DateTime:2026-08-27 11:02:42.188:dll输出信息: ""                            File: Line:0 Function: Type:Debug:
DateTime:2026-08-27 11:02:42.188:接口函数调用成功，返回的结果为 0                            File: Line:0 Function: Type:Debug:
DateTime:2026-08-27 11:02:42.188:"外部传入的para：0，返回的result：0,返回的pValRet：0"                            File: Line:0 Function: Type:Debug:
DateTime:2026-08-27 11:02:42.188:"执行接口函数CCO_AFN52_F1_EB030303完成"                            File: Line:0 Function: Type:Debug:
DateTime:2026-08-27 11:02:42.191:coorIndex 0                            File: Line:0 Function: Type:Debug:
DateTime:2026-08-27 11:02:42.191:当前流程结束                            File: Line:0 Function: Type:Debug:
DateTime:2026-08-27 11:02:42.191:退出connect函数                            File: Line:0 Function: Type:Debug:
DateTime:2026-08-27 11:02:42.191:"=========【Step27-数据转发--EB030303查询通信模块软硬件版本(STA)】结束=========="                            File: Line:0 Function: Type:Debug:
DateTime:2026-08-27 11:02:42.191:"-----------------------------"                            File: Line:0 Function: Type:Debug:
DateTime:2026-08-27 11:02:42.193:"=============执行【Step28-数据转发--EB030304查询从节点模块工作电源电压(STA)】==================="                            File: Line:0 Function: Type:Debug:
DateTime:2026-08-27 11:02:42.193:"执行接口函数CCO_AFN52_F1_EB030304"                            File: Line:0 Function: Type:Debug:
DateTime:2026-08-27 11:02:42.193:callWorkFunction: CCO_AFN52_F1_EB030304                            File: Line:0 Function: Type:Debug:
DateTime:2026-08-27 11:02:42.193:找到对应函数，进入执行                            File: Line:0 Function: Type:Debug:
DateTime:2026-08-27 11:02:42.697:"等待工装回复超时"                            File: Line:0 Function: Type:Debug:
DateTime:2026-08-27 11:02:42.697:"开始组帧"                            File: Line:0 Function: Type:Debug:
DateTime:2026-08-27 11:02:42.697:"组帧结束"                            File: Line:0 Function: Type:Debug:
DateTime:2026-08-27 11:02:42.697:"367.2Send:数据转发(查询-从节点模块工作电源电压 EB030304)：=>68 2B 00 43 00 00 00 00 00 0B 52 01 00 03 03 01 10 00 16 19 6B 8A E8 10 00 68 03 01 10 00 16 19 68 11 04 37 36 36 1E E9 16 BC 16"                            File: Line:0 Function: Type:Debug:
DateTime:2026-08-27 11:02:42.697:"槽位2透传:68EE00EE006840000000000022600000010002013C00682B004300000000000B520100030301100016196B8AE81000680301100016196811043736361EE916BC162316"                            File: Line:0 Function: Type:Debug:
DateTime:2026-08-27 11:02:42.697:"工装发送：68 EE 00 EE 00 68 40 00 00 00 00 00 22 60 00 00 01 00 02 01 3C 00 68 2B 00 43 00 00 00 00 00 0B 52 01 00 03 03 01 10 00 16 19 6B 8A E8 10 00 68 03 01 10 00 16 19 68 11 04 37 36 36 1E E9 16 BC 16 23 16"                            File: Line:0 Function: Type:Debug:
DateTime:2026-08-27 11:02:42.747:"工装接收：68 32 00 32 00 68 80 00 00 00 00 00 00 60 00 00 01 00 E1 16"                            File: Line:0 Function: Type:Debug:
DateTime:2026-08-27 11:02:42.747:"m_baRecvMsg:"                            File: Line:0 Function: Type:Debug:
DateTime:2026-08-27 11:02:42.747:"frameList.size():1"                            File: Line:0 Function: Type:Debug:
DateTime:2026-08-27 11:02:42.748:"进入报文解析"                            File: Line:0 Function: Type:Debug:
DateTime:2026-08-27 11:02:42.748:"68 32 00 32 00 68 80 00 00 00 00 00 00 60 00 00 01 00 E1 16"                            File: Line:0 Function: Type:Debug:
DateTime:2026-08-27 11:02:42.748:"解码完成，功能码: 1"                            File: Line:0 Function: Type:Debug:
DateTime:2026-08-27 11:02:42.748:"工装回复确认帧"                            File: Line:0 Function: Type:Debug:
DateTime:2026-08-27 11:02:42.923:"工装接收：68 E6 00 E6 00 68 80 00 00 00 00 00 22 60 00 00 01 00 02 2A 00 68 2A 00 80 00 00 00 00 00 0B 52 01 00 03 03 01 10 00 16 19 12 00 68 03 01 10 00 16 19 68 91 06 37 36 36 1E 53 34 F2 16 30 16 37 16"                            File: Line:0 Function: Type:Debug:
DateTime:2026-08-27 11:02:42.923:"m_baRecvMsg:"                            File: Line:0 Function: Type:Debug:
DateTime:2026-08-27 11:02:42.923:"frameList.size():1"                            File: Line:0 Function: Type:Debug:
DateTime:2026-08-27 11:02:42.923:"进入报文解析"                            File: Line:0 Function: Type:Debug:
DateTime:2026-08-27 11:02:42.923:"68 E6 00 E6 00 68 80 00 00 00 00 00 22 60 00 00 01 00 02 2A 00 68 2A 00 80 00 00 00 00 00 0B 52 01 00 03 03 01 10 00 16 19 12 00 68 03 01 10 00 16 19 68 91 06 37 36 36 1E 53 34 F2 16 30 16 37 16"                            File: Line:0 Function: Type:Debug:
DateTime:2026-08-27 11:02:42.923:"解码完成，功能码: 4"                            File: Line:0 Function: Type:Debug:
DateTime:2026-08-27 11:02:42.923:"工装接收到透传报文"                            File: Line:0 Function: Type:Debug:
DateTime:2026-08-27 11:02:42.923:"022A00682A008000000000000B520100030301100016191200680301100016196891063736361E5334F2163016"                            File: Line:0 Function: Type:Debug:
DateTime:2026-08-27 11:02:42.923:"透传报文内容:68 2a 00 80 00 00 00 00 00 0b 52 01 00 03 03 01 10 00 16 19 12 00 68 03 01 10 00 16 19 68 91 06 37 36 36 1e 53 34 f2 16 30 16"                            File: Line:0 Function: Type:Debug:
DateTime:2026-08-27 11:02:45.744:"uTimeSecond_ms:30000"                            File: Line:0 Function: Type:Debug:
DateTime:2026-08-27 11:02:45.744:"查找结果: iret=0, wStart=0, dwOutLen=42, dwStreamLen=42, dwFindPos=0"                            File: Line:0 Function: Type:Debug:
DateTime:2026-08-27 11:02:45.744:"Receive:<= 68 2A 00 80 00 00 00 00 00 0B 52 01 00 03 03 01 10 00 16 19 12 00 68 03 01 10 00 16 19 68 91 06 37 36 36 1E 53 34 F2 16 30 16"                            File: Line:0 Function: Type:Debug:
DateTime:2026-08-27 11:02:45.744:"解析：功能码-AFN=52H,Fn=1："                            File: Line:0 Function: Type:Debug:
DateTime:2026-08-27 11:02:45.744:"透传回复内容：030301100016191200680301100016196891063736361E5334F216"                            File: Line:0 Function: Type:Debug:
DateTime:2026-08-27 11:02:45.744:"DL/T645-2007协议 回复报文信息：控制码：91,数据标识：EB030304，数据域(需倒序解析)：2001"                            File: Line:0 Function: Type:Debug:
DateTime:2026-08-27 11:02:45.744:"从节点模块工作电源电压：12.0V"                            File: Line:0 Function: Type:Debug:
DateTime:2026-08-27 11:02:45.744:dll输出信息: ""                            File: Line:0 Function: Type:Debug:
DateTime:2026-08-27 11:02:45.744:接口函数调用成功，返回的结果为 0                            File: Line:0 Function: Type:Debug:
DateTime:2026-08-27 11:02:45.744:"外部传入的para：0，返回的result：0,返回的pValRet：0"                            File: Line:0 Function: Type:Debug:
DateTime:2026-08-27 11:02:45.744:"执行接口函数CCO_AFN52_F1_EB030304完成"                            File: Line:0 Function: Type:Debug:
DateTime:2026-08-27 11:02:45.747:coorIndex 0                            File: Line:0 Function: Type:Debug:
DateTime:2026-08-27 11:02:45.747:当前流程结束                            File: Line:0 Function: Type:Debug:
DateTime:2026-08-27 11:02:45.747:退出connect函数                            File: Line:0 Function: Type:Debug:
DateTime:2026-08-27 11:02:45.747:"=========【Step28-数据转发--EB030304查询从节点模块工作电源电压(STA)】结束=========="                            File: Line:0 Function: Type:Debug:
DateTime:2026-08-27 11:02:45.747:"-----------------------------"                            File: Line:0 Function: Type:Debug:
DateTime:2026-08-27 11:02:45.749:"=============执行【Step29-数据转发--EB030305通信模块过零NTB差值】==================="                            File: Line:0 Function: Type:Debug:
DateTime:2026-08-27 11:02:45.749:"执行接口函数CCO_AFN52_F1_EB030305"                            File: Line:0 Function: Type:Debug:
DateTime:2026-08-27 11:02:45.749:callWorkFunction: CCO_AFN52_F1_EB030305                            File: Line:0 Function: Type:Debug:
DateTime:2026-08-27 11:02:45.749:找到对应函数，进入执行                            File: Line:0 Function: Type:Debug:
DateTime:2026-08-27 11:02:46.252:"等待工装回复超时"                            File: Line:0 Function: Type:Debug:
DateTime:2026-08-27 11:02:46.252:"开始组帧"                            File: Line:0 Function: Type:Debug:
DateTime:2026-08-27 11:02:46.252:"组帧结束"                            File: Line:0 Function: Type:Debug:
DateTime:2026-08-27 11:02:46.252:"367.2Send:数据转发(查询-通信模块过零NTB差值 EB030305)：=>68 2B 00 43 00 00 00 00 00 0C 52 01 00 03 03 01 10 00 16 19 6B 8A E8 10 00 68 03 01 10 00 16 19 68 11 04 38 36 36 1E EA 16 BF 16"                            File: Line:0 Function: Type:Debug:
DateTime:2026-08-27 11:02:46.252:"槽位2透传:68EE00EE006840000000000022600000010002013C00682B004300000000000C520100030301100016196B8AE81000680301100016196811043836361EEA16BF162916"                            File: Line:0 Function: Type:Debug:
DateTime:2026-08-27 11:02:46.252:"工装发送：68 EE 00 EE 00 68 40 00 00 00 00 00 22 60 00 00 01 00 02 01 3C 00 68 2B 00 43 00 00 00 00 00 0C 52 01 00 03 03 01 10 00 16 19 6B 8A E8 10 00 68 03 01 10 00 16 19 68 11 04 38 36 36 1E EA 16 BF 16 29 16"                            File: Line:0 Function: Type:Debug:
DateTime:2026-08-27 11:02:46.302:"工装接收：68 32 00 32 00 68 80 00 00 00 00 00 00 60 00 00 01 00 E1 16"                            File: Line:0 Function: Type:Debug:
DateTime:2026-08-27 11:02:46.303:"m_baRecvMsg:"                            File: Line:0 Function: Type:Debug:
DateTime:2026-08-27 11:02:46.303:"frameList.size():1"                            File: Line:0 Function: Type:Debug:
DateTime:2026-08-27 11:02:46.303:"进入报文解析"                            File: Line:0 Function: Type:Debug:
DateTime:2026-08-27 11:02:46.303:"68 32 00 32 00 68 80 00 00 00 00 00 00 60 00 00 01 00 E1 16"                            File: Line:0 Function: Type:Debug:
DateTime:2026-08-27 11:02:46.303:"解码完成，功能码: 1"                            File: Line:0 Function: Type:Debug:
DateTime:2026-08-27 11:02:46.303:"工装回复确认帧"                            File: Line:0 Function: Type:Debug:
DateTime:2026-08-27 11:02:46.371:"工装接收：68 0E 01 0E 01 68 80 00 00 00 00 00 22 60 00 00 01 00 02 34 00 68 34 00 80 00 00 00 00 00 0C 52 01 00 03 03 01 10 00 16 19 1C 00 68 03 01 10 00 16 19 68 91 10 38 36 36 1E 53 D4 3A 33 33 33 33 33 33 33 33 33 A2 16 9B 16 21 16"                            File: Line:0 Function: Type:Debug:
DateTime:2026-08-27 11:02:46.371:"m_baRecvMsg:"                            File: Line:0 Function: Type:Debug:
DateTime:2026-08-27 11:02:46.371:"frameList.size():1"                            File: Line:0 Function: Type:Debug:
DateTime:2026-08-27 11:02:46.371:"进入报文解析"                            File: Line:0 Function: Type:Debug:
DateTime:2026-08-27 11:02:46.371:"68 0E 01 0E 01 68 80 00 00 00 00 00 22 60 00 00 01 00 02 34 00 68 34 00 80 00 00 00 00 00 0C 52 01 00 03 03 01 10 00 16 19 1C 00 68 03 01 10 00 16 19 68 91 10 38 36 36 1E 53 D4 3A 33 33 33 33 33 33 33 33 33 A2 16 9B 16 21 16"                            File: Line:0 Function: Type:Debug:
DateTime:2026-08-27 11:02:46.371:"解码完成，功能码: 4"                            File: Line:0 Function: Type:Debug:
DateTime:2026-08-27 11:02:46.371:"工装接收到透传报文"                            File: Line:0 Function: Type:Debug:
DateTime:2026-08-27 11:02:46.371:"0234006834008000000000000C520100030301100016191C00680301100016196891103836361E53D43A333333333333333333A2169B16"                            File: Line:0 Function: Type:Debug:
DateTime:2026-08-27 11:02:46.371:"透传报文内容:68 34 00 80 00 00 00 00 00 0c 52 01 00 03 03 01 10 00 16 19 1c 00 68 03 01 10 00 16 19 68 91 10 38 36 36 1e 53 d4 3a 33 33 33 33 33 33 33 33 33 a2 16 9b 16"                            File: Line:0 Function: Type:Debug:
DateTime:2026-08-27 11:02:49.292:"uTimeSecond_ms:30000"                            File: Line:0 Function: Type:Debug:
DateTime:2026-08-27 11:02:49.292:"查找结果: iret=0, wStart=0, dwOutLen=52, dwStreamLen=52, dwFindPos=0"                            File: Line:0 Function: Type:Debug:
DateTime:2026-08-27 11:02:49.292:"Receive:<= 68 34 00 80 00 00 00 00 00 0C 52 01 00 03 03 01 10 00 16 19 1C 00 68 03 01 10 00 16 19 68 91 10 38 36 36 1E 53 D4 3A 33 33 33 33 33 33 33 33 33 A2 16 9B 16"                            File: Line:0 Function: Type:Debug:
DateTime:2026-08-27 11:02:49.292:"解析：功能码-AFN=52H,Fn=1："                            File: Line:0 Function: Type:Debug:
DateTime:2026-08-27 11:02:49.292:"透传回复内容：030301100016191C00680301100016196891103836361E53D43A333333333333333333A216"                            File: Line:0 Function: Type:Debug:
DateTime:2026-08-27 11:02:49.292:"DL/T645-2007协议 回复报文信息：控制码：91,数据标识：EB030305，数据域(需倒序解析)：20A107000000000000000000"                            File: Line:0 Function: Type:Debug:
DateTime:2026-08-27 11:02:49.292:"相角一：0007A120(40ns)，相角二：00000000(40ns)，相角三：00000000(40ns)"                            File: Line:0 Function: Type:Debug:
DateTime:2026-08-27 11:02:49.292:dll输出信息: ""                            File: Line:0 Function: Type:Debug:
DateTime:2026-08-27 11:02:49.292:接口函数调用成功，返回的结果为 0                            File: Line:0 Function: Type:Debug:
DateTime:2026-08-27 11:02:49.292:"外部传入的para：0，返回的result：0,返回的pValRet：0"                            File: Line:0 Function: Type:Debug:
DateTime:2026-08-27 11:02:49.292:"执行接口函数CCO_AFN52_F1_EB030305完成"                            File: Line:0 Function: Type:Debug:
DateTime:2026-08-27 11:02:49.295:coorIndex 0                            File: Line:0 Function: Type:Debug:
DateTime:2026-08-27 11:02:49.295:当前流程结束                            File: Line:0 Function: Type:Debug:
DateTime:2026-08-27 11:02:49.295:退出connect函数                            File: Line:0 Function: Type:Debug:
DateTime:2026-08-27 11:02:49.295:"=========【Step29-数据转发--EB030305通信模块过零NTB差值】结束=========="                            File: Line:0 Function: Type:Debug:
DateTime:2026-08-27 11:02:49.295:"-----------------------------"                            File: Line:0 Function: Type:Debug:
DateTime:2026-08-27 11:02:49.297:"=============执行【Step30-数据转发--EB030306载波接口过零信号状态】==================="                            File: Line:0 Function: Type:Debug:
DateTime:2026-08-27 11:02:49.297:"执行接口函数CCO_AFN52_F1_EB030306"                            File: Line:0 Function: Type:Debug:
DateTime:2026-08-27 11:02:49.297:callWorkFunction: CCO_AFN52_F1_EB030306                            File: Line:0 Function: Type:Debug:
DateTime:2026-08-27 11:02:49.297:找到对应函数，进入执行                            File: Line:0 Function: Type:Debug:
DateTime:2026-08-27 11:02:49.801:"等待工装回复超时"                            File: Line:0 Function: Type:Debug:
DateTime:2026-08-27 11:02:49.801:"开始组帧"                            File: Line:0 Function: Type:Debug:
DateTime:2026-08-27 11:02:49.801:"组帧结束"                            File: Line:0 Function: Type:Debug:
DateTime:2026-08-27 11:02:49.801:"367.2Send:数据转发(查询-CCO载波接口过零信号状态 EB030306)：=>68 2B 00 43 00 00 00 00 00 0D 52 01 00 02 12 90 78 56 34 12 6B 8A E8 10 00 68 12 90 78 56 34 12 68 11 04 39 36 36 1E 5E 16 1A 16"                            File: Line:0 Function: Type:Debug:
DateTime:2026-08-27 11:02:49.801:"槽位2透传:68EE00EE006840000000000022600000010002013C00682B004300000000000D520100021290785634126B8AE81000681290785634126811043936361E5E161A16DF16"                            File: Line:0 Function: Type:Debug:
DateTime:2026-08-27 11:02:49.801:"工装发送：68 EE 00 EE 00 68 40 00 00 00 00 00 22 60 00 00 01 00 02 01 3C 00 68 2B 00 43 00 00 00 00 00 0D 52 01 00 02 12 90 78 56 34 12 6B 8A E8 10 00 68 12 90 78 56 34 12 68 11 04 39 36 36 1E 5E 16 1A 16 DF 16"                            File: Line:0 Function: Type:Debug:
DateTime:2026-08-27 11:02:49.851:"工装接收：68 32 00 32 00 68 80 00 00 00 00 00 00 60 00 00 01 00 E1 16"                            File: Line:0 Function: Type:Debug:
DateTime:2026-08-27 11:02:49.851:"m_baRecvMsg:"                            File: Line:0 Function: Type:Debug:
DateTime:2026-08-27 11:02:49.851:"frameList.size():1"                            File: Line:0 Function: Type:Debug:
DateTime:2026-08-27 11:02:49.851:"进入报文解析"                            File: Line:0 Function: Type:Debug:
DateTime:2026-08-27 11:02:49.851:"68 32 00 32 00 68 80 00 00 00 00 00 00 60 00 00 01 00 E1 16"                            File: Line:0 Function: Type:Debug:
DateTime:2026-08-27 11:02:49.851:"解码完成，功能码: 1"                            File: Line:0 Function: Type:Debug:
DateTime:2026-08-27 11:02:49.851:"工装回复确认帧"                            File: Line:0 Function: Type:Debug:
DateTime:2026-08-27 11:02:49.905:"工装接收：68 E2 00 E2 00 68 80 00 00 00 00 00 22 60 00 00 01 00 02 29 00 68 29 00 80 00 00 00 00 00 0D 52 01 00 02 12 90 78 56 34 12 11 00 68 12 90 78 56 34 12 68 91 05 39 36 36 1E 33 12 16 E3 16 9B 16"                            File: Line:0 Function: Type:Debug:
DateTime:2026-08-27 11:02:49.905:"m_baRecvMsg:"                            File: Line:0 Function: Type:Debug:
DateTime:2026-08-27 11:02:49.905:"frameList.size():1"                            File: Line:0 Function: Type:Debug:
DateTime:2026-08-27 11:02:49.905:"进入报文解析"                            File: Line:0 Function: Type:Debug:
DateTime:2026-08-27 11:02:49.905:"68 E2 00 E2 00 68 80 00 00 00 00 00 22 60 00 00 01 00 02 29 00 68 29 00 80 00 00 00 00 00 0D 52 01 00 02 12 90 78 56 34 12 11 00 68 12 90 78 56 34 12 68 91 05 39 36 36 1E 33 12 16 E3 16 9B 16"                            File: Line:0 Function: Type:Debug:
DateTime:2026-08-27 11:02:49.905:"解码完成，功能码: 4"                            File: Line:0 Function: Type:Debug:
DateTime:2026-08-27 11:02:49.905:"工装接收到透传报文"                            File: Line:0 Function: Type:Debug:
DateTime:2026-08-27 11:02:49.905:"0229006829008000000000000D520100021290785634121100681290785634126891053936361E331216E316"                            File: Line:0 Function: Type:Debug:
DateTime:2026-08-27 11:02:49.905:"透传报文内容:68 29 00 80 00 00 00 00 00 0d 52 01 00 02 12 90 78 56 34 12 11 00 68 12 90 78 56 34 12 68 91 05 39 36 36 1e 33 12 16 e3 16"                            File: Line:0 Function: Type:Debug:
DateTime:2026-08-27 11:02:52.827:"uTimeSecond_ms:30000"                            File: Line:0 Function: Type:Debug:
DateTime:2026-08-27 11:02:52.827:"查找结果: iret=0, wStart=0, dwOutLen=41, dwStreamLen=41, dwFindPos=0"                            File: Line:0 Function: Type:Debug:
DateTime:2026-08-27 11:02:52.827:"Receive:<= 68 29 00 80 00 00 00 00 00 0D 52 01 00 02 12 90 78 56 34 12 11 00 68 12 90 78 56 34 12 68 91 05 39 36 36 1E 33 12 16 E3 16"                            File: Line:0 Function: Type:Debug:
DateTime:2026-08-27 11:02:52.827:"解析：功能码-AFN=52H,Fn=1："                            File: Line:0 Function: Type:Debug:
DateTime:2026-08-27 11:02:52.827:"透传回复内容：021290785634121100681290785634126891053936361E331216"                            File: Line:0 Function: Type:Debug:
DateTime:2026-08-27 11:02:52.827:"DL/T645-2007协议 回复报文信息：控制码：91,数据标识：EB030306，数据域(需倒序解析)：00"                            File: Line:0 Function: Type:Debug:
DateTime:2026-08-27 11:02:52.827:"CCO载波接口状态正常"                            File: Line:0 Function: Type:Debug:
DateTime:2026-08-27 11:02:52.827:dll输出信息: ""                            File: Line:0 Function: Type:Debug:
DateTime:2026-08-27 11:02:52.827:接口函数调用成功，返回的结果为 0                            File: Line:0 Function: Type:Debug:
DateTime:2026-08-27 11:02:52.827:"外部传入的para：0，返回的result：0,返回的pValRet：0"                            File: Line:0 Function: Type:Debug:
DateTime:2026-08-27 11:02:52.827:"执行接口函数CCO_AFN52_F1_EB030306完成"                            File: Line:0 Function: Type:Debug:
DateTime:2026-08-27 11:02:52.830:coorIndex 0                            File: Line:0 Function: Type:Debug:
DateTime:2026-08-27 11:02:52.830:当前流程结束                            File: Line:0 Function: Type:Debug:
DateTime:2026-08-27 11:02:52.830:退出connect函数                            File: Line:0 Function: Type:Debug:
DateTime:2026-08-27 11:02:52.830:"=========【Step30-数据转发--EB030306载波接口过零信号状态】结束=========="                            File: Line:0 Function: Type:Debug:
DateTime:2026-08-27 11:02:52.830:"-----------------------------"                            File: Line:0 Function: Type:Debug:
DateTime:2026-08-27 11:02:52.832:"=============执行【Step31-数据转发--EB030501查询通信模块时钟(STA)】==================="                            File: Line:0 Function: Type:Debug:
DateTime:2026-08-27 11:02:52.832:"执行接口函数CCO_AFN52_F1_EB030501_read"                            File: Line:0 Function: Type:Debug:
DateTime:2026-08-27 11:02:52.832:callWorkFunction: CCO_AFN52_F1_EB030501_read                            File: Line:0 Function: Type:Debug:
DateTime:2026-08-27 11:02:52.832:找到对应函数，进入执行                            File: Line:0 Function: Type:Debug:
DateTime:2026-08-27 11:02:53.348:"等待工装回复超时"                            File: Line:0 Function: Type:Debug:
DateTime:2026-08-27 11:02:53.348:"开始组帧"                            File: Line:0 Function: Type:Debug:
DateTime:2026-08-27 11:02:53.348:"组帧结束"                            File: Line:0 Function: Type:Debug:
DateTime:2026-08-27 11:02:53.348:"367.2Send:数据转发(查询-通信模块时钟(年月日时分) EB030501)：=>68 2B 00 43 00 00 00 00 00 0E 52 01 00 03 03 01 10 00 16 19 6B 8A E8 10 00 68 03 01 10 00 16 19 68 11 04 34 38 36 1E E8 16 BD 16"                            File: Line:0 Function: Type:Debug:
DateTime:2026-08-27 11:02:53.348:"槽位2透传:68EE00EE006840000000000022600000010002013C00682B004300000000000E520100030301100016196B8AE81000680301100016196811043438361EE816BD162516"                            File: Line:0 Function: Type:Debug:
DateTime:2026-08-27 11:02:53.348:"工装发送：68 EE 00 EE 00 68 40 00 00 00 00 00 22 60 00 00 01 00 02 01 3C 00 68 2B 00 43 00 00 00 00 00 0E 52 01 00 03 03 01 10 00 16 19 6B 8A E8 10 00 68 03 01 10 00 16 19 68 11 04 34 38 36 1E E8 16 BD 16 25 16"                            File: Line:0 Function: Type:Debug:
DateTime:2026-08-27 11:02:53.398:"工装接收：68 32 00 32 00 68 80 00 00 00 00 00 00 60 00 00 01 00 E1 16"                            File: Line:0 Function: Type:Debug:
DateTime:2026-08-27 11:02:53.398:"m_baRecvMsg:"                            File: Line:0 Function: Type:Debug:
DateTime:2026-08-27 11:02:53.398:"frameList.size():1"                            File: Line:0 Function: Type:Debug:
DateTime:2026-08-27 11:02:53.398:"进入报文解析"                            File: Line:0 Function: Type:Debug:
DateTime:2026-08-27 11:02:53.398:"68 32 00 32 00 68 80 00 00 00 00 00 00 60 00 00 01 00 E1 16"                            File: Line:0 Function: Type:Debug:
DateTime:2026-08-27 11:02:53.398:"解码完成，功能码: 1"                            File: Line:0 Function: Type:Debug:
DateTime:2026-08-27 11:02:53.399:"工装回复确认帧"                            File: Line:0 Function: Type:Debug:
DateTime:2026-08-27 11:02:53.584:"工装接收：68 F6 00 F6 00 68 80 00 00 00 00 00 22 60 00 00 01 00 02 2E 00 68 2E 00 80 00 00 00 00 00 0E 52 01 00 03 03 01 10 00 16 19 16 00 68 03 01 10 00 16 19 68 91 0A 34 38 36 1E 34 3C 49 5C 3C 58 17 16 81 16 E1 16"                            File: Line:0 Function: Type:Debug:
DateTime:2026-08-27 11:02:53.584:"m_baRecvMsg:"                            File: Line:0 Function: Type:Debug:
DateTime:2026-08-27 11:02:53.584:"frameList.size():1"                            File: Line:0 Function: Type:Debug:
DateTime:2026-08-27 11:02:53.584:"进入报文解析"                            File: Line:0 Function: Type:Debug:
DateTime:2026-08-27 11:02:53.584:"68 F6 00 F6 00 68 80 00 00 00 00 00 22 60 00 00 01 00 02 2E 00 68 2E 00 80 00 00 00 00 00 0E 52 01 00 03 03 01 10 00 16 19 16 00 68 03 01 10 00 16 19 68 91 0A 34 38 36 1E 34 3C 49 5C 3C 58 17 16 81 16 E1 16"                            File: Line:0 Function: Type:Debug:
DateTime:2026-08-27 11:02:53.584:"解码完成，功能码: 4"                            File: Line:0 Function: Type:Debug:
DateTime:2026-08-27 11:02:53.584:"工装接收到透传报文"                            File: Line:0 Function: Type:Debug:
DateTime:2026-08-27 11:02:53.584:"022E00682E008000000000000E5201000303011000161916006803011000161968910A3438361E343C495C3C5817168116"                            File: Line:0 Function: Type:Debug:
DateTime:2026-08-27 11:02:53.584:"透传报文内容:68 2e 00 80 00 00 00 00 00 0e 52 01 00 03 03 01 10 00 16 19 16 00 68 03 01 10 00 16 19 68 91 0a 34 38 36 1e 34 3c 49 5c 3c 58 17 16 81 16"                            File: Line:0 Function: Type:Debug:
DateTime:2026-08-27 11:02:56.404:"uTimeSecond_ms:30000"                            File: Line:0 Function: Type:Debug:
DateTime:2026-08-27 11:02:56.404:"查找结果: iret=0, wStart=0, dwOutLen=46, dwStreamLen=46, dwFindPos=0"                            File: Line:0 Function: Type:Debug:
DateTime:2026-08-27 11:02:56.404:"Receive:<= 68 2E 00 80 00 00 00 00 00 0E 52 01 00 03 03 01 10 00 16 19 16 00 68 03 01 10 00 16 19 68 91 0A 34 38 36 1E 34 3C 49 5C 3C 58 17 16 81 16"                            File: Line:0 Function: Type:Debug:
DateTime:2026-08-27 11:02:56.404:"解析：功能码-AFN=52H,Fn=1："                            File: Line:0 Function: Type:Debug:
DateTime:2026-08-27 11:02:56.404:"透传回复内容：0303011000161916006803011000161968910A3438361E343C495C3C581716"                            File: Line:0 Function: Type:Debug:
DateTime:2026-08-27 11:02:56.404:"DL/T645-2007协议 回复报文信息：控制码：91,数据标识：EB030501，数据域(需倒序解析)：010916290925"                            File: Line:0 Function: Type:Debug:
DateTime:2026-08-27 11:02:56.404:"通信模块时钟(年月日时分)：250929160901"                            File: Line:0 Function: Type:Debug:
DateTime:2026-08-27 11:02:56.404:dll输出信息: ""                            File: Line:0 Function: Type:Debug:
DateTime:2026-08-27 11:02:56.404:接口函数调用成功，返回的结果为 0                            File: Line:0 Function: Type:Debug:
DateTime:2026-08-27 11:02:56.404:"外部传入的para：0，返回的result：0,返回的pValRet：0"                            File: Line:0 Function: Type:Debug:
DateTime:2026-08-27 11:02:56.404:"执行接口函数CCO_AFN52_F1_EB030501_read完成"                            File: Line:0 Function: Type:Debug:
DateTime:2026-08-27 11:02:56.407:coorIndex 0                            File: Line:0 Function: Type:Debug:
DateTime:2026-08-27 11:02:56.407:当前流程结束                            File: Line:0 Function: Type:Debug:
DateTime:2026-08-27 11:02:56.407:退出connect函数                            File: Line:0 Function: Type:Debug:
DateTime:2026-08-27 11:02:56.407:"=========【Step31-数据转发--EB030501查询通信模块时钟(STA)】结束=========="                            File: Line:0 Function: Type:Debug:
DateTime:2026-08-27 11:02:56.407:"-----------------------------"                            File: Line:0 Function: Type:Debug:
DateTime:2026-08-27 11:02:56.410:"=============执行【EB030502设置校时允许周期或自动校时周期(STA)(设置5)】==================="                            File: Line:0 Function: Type:Debug:
DateTime:2026-08-27 11:02:56.410:"执行接口函数CCO_AFN52_F1_EB030502_set"                            File: Line:0 Function: Type:Debug:
DateTime:2026-08-27 11:02:56.410:callWorkFunction: CCO_AFN52_F1_EB030502_set                            File: Line:0 Function: Type:Debug:
DateTime:2026-08-27 11:02:56.410:找到对应函数，进入执行                            File: Line:0 Function: Type:Debug:
DateTime:2026-08-27 11:02:56.914:"等待工装回复超时"                            File: Line:0 Function: Type:Debug:
DateTime:2026-08-27 11:02:56.914:"开始组帧"                            File: Line:0 Function: Type:Debug:
DateTime:2026-08-27 11:02:56.914:"组帧结束"                            File: Line:0 Function: Type:Debug:
DateTime:2026-08-27 11:02:56.914:"367.2Send:数据转发(设置-校时允许周期或自动校时周期EB030502)：=>68 35 00 43 00 00 00 00 00 0F 52 01 00 03 03 01 10 00 16 19 6B 8A E8 1A 00 68 03 01 10 00 16 19 68 14 0E 35 38 36 1E 3B 33 33 33 44 44 44 44 38 33 45 16 82 16"                            File: Line:0 Function: Type:Debug:
DateTime:2026-08-27 11:02:56.914:"槽位2透传:68160116016840000000000022600000010002013C006835004300000000000F520100030301100016196B8AE81A006803011000161968140E3538361E3B33333344444444383345168216B916"                            File: Line:0 Function: Type:Debug:
DateTime:2026-08-27 11:02:56.914:"工装发送：68 16 01 16 01 68 40 00 00 00 00 00 22 60 00 00 01 00 02 01 3C 00 68 35 00 43 00 00 00 00 00 0F 52 01 00 03 03 01 10 00 16 19 6B 8A E8 1A 00 68 03 01 10 00 16 19 68 14 0E 35 38 36 1E 3B 33 33 33 44 44 44 44 38 33 45 16 82 16 B9 16"                            File: Line:0 Function: Type:Debug:
DateTime:2026-08-27 11:02:56.975:"工装接收：68 32 00 32 00 68 80 00 00 00 00 00 00 60 00 00 01 00 E1 16"                            File: Line:0 Function: Type:Debug:
DateTime:2026-08-27 11:02:56.975:"m_baRecvMsg:"                            File: Line:0 Function: Type:Debug:
DateTime:2026-08-27 11:02:56.975:"frameList.size():1"                            File: Line:0 Function: Type:Debug:
DateTime:2026-08-27 11:02:56.975:"进入报文解析"                            File: Line:0 Function: Type:Debug:
DateTime:2026-08-27 11:02:56.975:"68 32 00 32 00 68 80 00 00 00 00 00 00 60 00 00 01 00 E1 16"                            File: Line:0 Function: Type:Debug:
DateTime:2026-08-27 11:02:56.975:"解码完成，功能码: 1"                            File: Line:0 Function: Type:Debug:
DateTime:2026-08-27 11:02:56.975:"工装回复确认帧"                            File: Line:0 Function: Type:Debug:
DateTime:2026-08-27 11:02:57.148:"工装接收：68 CE 00 CE 00 68 80 00 00 00 00 00 22 60 00 00 01 00 02 24 00 68 24 00 80 00 00 00 00 00 0F 52 01 00 03 03 01 10 00 16 19 0C 00 68 03 01 10 00 16 19 68 94 00 A7 16 98 16 FB 16"                            File: Line:0 Function: Type:Debug:
DateTime:2026-08-27 11:02:57.148:"m_baRecvMsg:"                            File: Line:0 Function: Type:Debug:
DateTime:2026-08-27 11:02:57.148:"frameList.size():1"                            File: Line:0 Function: Type:Debug:
DateTime:2026-08-27 11:02:57.148:"进入报文解析"                            File: Line:0 Function: Type:Debug:
DateTime:2026-08-27 11:02:57.148:"68 CE 00 CE 00 68 80 00 00 00 00 00 22 60 00 00 01 00 02 24 00 68 24 00 80 00 00 00 00 00 0F 52 01 00 03 03 01 10 00 16 19 0C 00 68 03 01 10 00 16 19 68 94 00 A7 16 98 16 FB 16"                            File: Line:0 Function: Type:Debug:
DateTime:2026-08-27 11:02:57.148:"解码完成，功能码: 4"                            File: Line:0 Function: Type:Debug:
DateTime:2026-08-27 11:02:57.148:"工装接收到透传报文"                            File: Line:0 Function: Type:Debug:
DateTime:2026-08-27 11:02:57.148:"0224006824008000000000000F520100030301100016190C0068030110001619689400A7169816"                            File: Line:0 Function: Type:Debug:
DateTime:2026-08-27 11:02:57.148:"透传报文内容:68 24 00 80 00 00 00 00 00 0f 52 01 00 03 03 01 10 00 16 19 0c 00 68 03 01 10 00 16 19 68 94 00 a7 16 98 16"                            File: Line:0 Function: Type:Debug:
DateTime:2026-08-27 11:02:59.968:"uTimeSecond_ms:30000"                            File: Line:0 Function: Type:Debug:
DateTime:2026-08-27 11:02:59.968:"查找结果: iret=0, wStart=0, dwOutLen=36, dwStreamLen=36, dwFindPos=0"                            File: Line:0 Function: Type:Debug:
DateTime:2026-08-27 11:02:59.968:"Receive:<= 68 24 00 80 00 00 00 00 00 0F 52 01 00 03 03 01 10 00 16 19 0C 00 68 03 01 10 00 16 19 68 94 00 A7 16 98 16"                            File: Line:0 Function: Type:Debug:
DateTime:2026-08-27 11:02:59.968:"解析：功能码-AFN=52H,Fn=1："                            File: Line:0 Function: Type:Debug:
DateTime:2026-08-27 11:02:59.968:"透传回复内容：030301100016190C0068030110001619689400A716"                            File: Line:0 Function: Type:Debug:
DateTime:2026-08-27 11:02:59.968:"设置成功"                            File: Line:0 Function: Type:Debug:
DateTime:2026-08-27 11:02:59.968:dll输出信息: ""                            File: Line:0 Function: Type:Debug:
DateTime:2026-08-27 11:02:59.968:接口函数调用成功，返回的结果为 0                            File: Line:0 Function: Type:Debug:
DateTime:2026-08-27 11:02:59.968:"外部传入的para：0，返回的result：0,返回的pValRet：0"                            File: Line:0 Function: Type:Debug:
DateTime:2026-08-27 11:02:59.968:"执行接口函数CCO_AFN52_F1_EB030502_set完成"                            File: Line:0 Function: Type:Debug:
DateTime:2026-08-27 11:02:59.970:coorIndex 0                            File: Line:0 Function: Type:Debug:
DateTime:2026-08-27 11:02:59.970:当前流程结束                            File: Line:0 Function: Type:Debug:
DateTime:2026-08-27 11:02:59.970:退出connect函数                            File: Line:0 Function: Type:Debug:
DateTime:2026-08-27 11:02:59.970:"=========【EB030502设置校时允许周期或自动校时周期(STA)(设置5)】结束=========="                            File: Line:0 Function: Type:Debug:
DateTime:2026-08-27 11:02:59.970:"-----------------------------"                            File: Line:0 Function: Type:Debug:
DateTime:2026-08-27 11:02:59.972:"=============执行【Step32-数据转发--EB030501设置通信模块时钟(STA)(取系统时间)】==================="                            File: Line:0 Function: Type:Debug:
DateTime:2026-08-27 11:02:59.972:"执行接口函数CCO_AFN52_F1_EB030501_set"                            File: Line:0 Function: Type:Debug:
DateTime:2026-08-27 11:02:59.972:callWorkFunction: CCO_AFN52_F1_EB030501_set                            File: Line:0 Function: Type:Debug:
DateTime:2026-08-27 11:02:59.972:找到对应函数，进入执行                            File: Line:0 Function: Type:Debug:
DateTime:2026-08-27 11:03:00.476:"等待工装回复超时"                            File: Line:0 Function: Type:Debug:
DateTime:2026-08-27 11:03:00.476:"开始组帧"                            File: Line:0 Function: Type:Debug:
DateTime:2026-08-27 11:03:00.476:"组帧结束"                            File: Line:0 Function: Type:Debug:
DateTime:2026-08-27 11:03:00.476:"367.2Send:数据转发(设置-通信模块时钟(年月日时分)EB030501)：=>68 39 00 43 00 00 00 00 00 10 52 01 00 03 03 01 10 00 16 19 6B 8A E8 1E 00 68 03 01 10 00 16 19 68 14 12 34 38 36 1E 3B 33 33 33 44 44 44 44 8C 35 44 5A 3B 59 D0 16 9D 16"                            File: Line:0 Function: Type:Debug:
DateTime:2026-08-27 11:03:00.476:"槽位2透传:68260126016840000000000022600000010002013C0068390043000000000010520100030301100016196B8AE81E00680301100016196814123438361E3B333333444444448C35445A3B59D0169D16F316"                            File: Line:0 Function: Type:Debug:
DateTime:2026-08-27 11:03:00.476:"工装发送：68 26 01 26 01 68 40 00 00 00 00 00 22 60 00 00 01 00 02 01 3C 00 68 39 00 43 00 00 00 00 00 10 52 01 00 03 03 01 10 00 16 19 6B 8A E8 1E 00 68 03 01 10 00 16 19 68 14 12 34 38 36 1E 3B 33 33 33 44 44 44 44 8C 35 44 5A 3B 59 D0 16 9D 16 F3 16"                            File: Line:0 Function: Type:Debug:
DateTime:2026-08-27 11:03:00.543:"工装接收：68 32 00 32 00 68 80 00 00 00 00 00 00 60 00 00 01 00 E1 16"                            File: Line:0 Function: Type:Debug:
DateTime:2026-08-27 11:03:00.543:"m_baRecvMsg:"                            File: Line:0 Function: Type:Debug:
DateTime:2026-08-27 11:03:00.543:"frameList.size():1"                            File: Line:0 Function: Type:Debug:
DateTime:2026-08-27 11:03:00.543:"进入报文解析"                            File: Line:0 Function: Type:Debug:
DateTime:2026-08-27 11:03:00.543:"68 32 00 32 00 68 80 00 00 00 00 00 00 60 00 00 01 00 E1 16"                            File: Line:0 Function: Type:Debug:
DateTime:2026-08-27 11:03:00.543:"解码完成，功能码: 1"                            File: Line:0 Function: Type:Debug:
DateTime:2026-08-27 11:03:00.543:"工装回复确认帧"                            File: Line:0 Function: Type:Debug:
DateTime:2026-08-27 11:03:00.750:"工装接收：68 CE 00 CE 00 68 80 00 00 00 00 00 22 60 00 00 01 00 02 24 00 68 24 00 80 00 00 00 00 00 10 52 01 00 03 03 01 10 00 16 19 0C 00 68 03 01 10 00 16 19 68 94 00 A7 16 99 16 FD 16"                            File: Line:0 Function: Type:Debug:
DateTime:2026-08-27 11:03:00.750:"m_baRecvMsg:"                            File: Line:0 Function: Type:Debug:
DateTime:2026-08-27 11:03:00.750:"frameList.size():1"                            File: Line:0 Function: Type:Debug:
DateTime:2026-08-27 11:03:00.750:"进入报文解析"                            File: Line:0 Function: Type:Debug:
DateTime:2026-08-27 11:03:00.750:"68 CE 00 CE 00 68 80 00 00 00 00 00 22 60 00 00 01 00 02 24 00 68 24 00 80 00 00 00 00 00 10 52 01 00 03 03 01 10 00 16 19 0C 00 68 03 01 10 00 16 19 68 94 00 A7 16 99 16 FD 16"                            File: Line:0 Function: Type:Debug:
DateTime:2026-08-27 11:03:00.750:"解码完成，功能码: 4"                            File: Line:0 Function: Type:Debug:
DateTime:2026-08-27 11:03:00.750:"工装接收到透传报文"                            File: Line:0 Function: Type:Debug:
DateTime:2026-08-27 11:03:00.750:"02240068240080000000000010520100030301100016190C0068030110001619689400A7169916"                            File: Line:0 Function: Type:Debug:
DateTime:2026-08-27 11:03:00.750:"透传报文内容:68 24 00 80 00 00 00 00 00 10 52 01 00 03 03 01 10 00 16 19 0c 00 68 03 01 10 00 16 19 68 94 00 a7 16 99 16"                            File: Line:0 Function: Type:Debug:
DateTime:2026-08-27 11:03:03.572:"uTimeSecond_ms:30000"                            File: Line:0 Function: Type:Debug:
DateTime:2026-08-27 11:03:03.572:"查找结果: iret=0, wStart=0, dwOutLen=36, dwStreamLen=36, dwFindPos=0"                            File: Line:0 Function: Type:Debug:
DateTime:2026-08-27 11:03:03.572:"Receive:<= 68 24 00 80 00 00 00 00 00 10 52 01 00 03 03 01 10 00 16 19 0C 00 68 03 01 10 00 16 19 68 94 00 A7 16 99 16"                            File: Line:0 Function: Type:Debug:
DateTime:2026-08-27 11:03:03.572:"解析：功能码-AFN=52H,Fn=1："                            File: Line:0 Function: Type:Debug:
DateTime:2026-08-27 11:03:03.572:"透传回复内容：030301100016190C0068030110001619689400A716"                            File: Line:0 Function: Type:Debug:
DateTime:2026-08-27 11:03:03.572:"设置成功"                            File: Line:0 Function: Type:Debug:
DateTime:2026-08-27 11:03:03.572:dll输出信息: ""                            File: Line:0 Function: Type:Debug:
DateTime:2026-08-27 11:03:03.572:接口函数调用成功，返回的结果为 0                            File: Line:0 Function: Type:Debug:
DateTime:2026-08-27 11:03:03.572:"外部传入的para：0，返回的result：0,返回的pValRet：0"                            File: Line:0 Function: Type:Debug:
DateTime:2026-08-27 11:03:03.572:"执行接口函数CCO_AFN52_F1_EB030501_set完成"                            File: Line:0 Function: Type:Debug:
DateTime:2026-08-27 11:03:03.575:coorIndex 0                            File: Line:0 Function: Type:Debug:
DateTime:2026-08-27 11:03:03.575:当前流程结束                            File: Line:0 Function: Type:Debug:
DateTime:2026-08-27 11:03:03.575:退出connect函数                            File: Line:0 Function: Type:Debug:
DateTime:2026-08-27 11:03:03.575:"=========【Step32-数据转发--EB030501设置通信模块时钟(STA)(取系统时间)】结束=========="                            File: Line:0 Function: Type:Debug:
DateTime:2026-08-27 11:03:03.575:"-----------------------------"                            File: Line:0 Function: Type:Debug:
DateTime:2026-08-27 11:03:03.577:"=============执行【Step33-数据转发--EB030501查询通信模块时钟(STA)】==================="                            File: Line:0 Function: Type:Debug:
DateTime:2026-08-27 11:03:03.577:"执行接口函数CCO_AFN52_F1_EB030501_read"                            File: Line:0 Function: Type:Debug:
DateTime:2026-08-27 11:03:03.577:callWorkFunction: CCO_AFN52_F1_EB030501_read                            File: Line:0 Function: Type:Debug:
DateTime:2026-08-27 11:03:03.577:找到对应函数，进入执行                            File: Line:0 Function: Type:Debug:
DateTime:2026-08-27 11:03:04.080:"等待工装回复超时"                            File: Line:0 Function: Type:Debug:
DateTime:2026-08-27 11:03:04.080:"开始组帧"                            File: Line:0 Function: Type:Debug:
DateTime:2026-08-27 11:03:04.080:"组帧结束"                            File: Line:0 Function: Type:Debug:
DateTime:2026-08-27 11:03:04.080:"367.2Send:数据转发(查询-通信模块时钟(年月日时分) EB030501)：=>68 2B 00 43 00 00 00 00 00 11 52 01 00 03 03 01 10 00 16 19 6B 8A E8 10 00 68 03 01 10 00 16 19 68 11 04 34 38 36 1E E8 16 C0 16"                            File: Line:0 Function: Type:Debug:
DateTime:2026-08-27 11:03:04.080:"槽位2透传:68EE00EE006840000000000022600000010002013C00682B0043000000000011520100030301100016196B8AE81000680301100016196811043438361EE816C0162B16"                            File: Line:0 Function: Type:Debug:
DateTime:2026-08-27 11:03:04.080:"工装发送：68 EE 00 EE 00 68 40 00 00 00 00 00 22 60 00 00 01 00 02 01 3C 00 68 2B 00 43 00 00 00 00 00 11 52 01 00 03 03 01 10 00 16 19 6B 8A E8 10 00 68 03 01 10 00 16 19 68 11 04 34 38 36 1E E8 16 C0 16 2B 16"                            File: Line:0 Function: Type:Debug:
DateTime:2026-08-27 11:03:04.130:"工装接收：68 32 00 32 00 68 80 00 00 00 00 00 00 60 00 00 01 00 E1 16"                            File: Line:0 Function: Type:Debug:
DateTime:2026-08-27 11:03:04.130:"m_baRecvMsg:"                            File: Line:0 Function: Type:Debug:
DateTime:2026-08-27 11:03:04.130:"frameList.size():1"                            File: Line:0 Function: Type:Debug:
DateTime:2026-08-27 11:03:04.130:"进入报文解析"                            File: Line:0 Function: Type:Debug:
DateTime:2026-08-27 11:03:04.130:"68 32 00 32 00 68 80 00 00 00 00 00 00 60 00 00 01 00 E1 16"                            File: Line:0 Function: Type:Debug:
DateTime:2026-08-27 11:03:04.131:"解码完成，功能码: 1"                            File: Line:0 Function: Type:Debug:
DateTime:2026-08-27 11:03:04.131:"工装回复确认帧"                            File: Line:0 Function: Type:Debug:
DateTime:2026-08-27 11:03:04.315:"工装接收：68 F6 00 F6 00 68 80 00 00 00 00 00 22 60 00 00 01 00 02 2E 00 68 2E 00 80 00 00 00 00 00 11 52 01 00 03 03 01 10 00 16 19 16 00 68 03 01 10 00 16 19 68 91 0A 34 38 36 1E 35 36 44 5A 3B 59 0B 16 6C 16 B7 16"                            File: Line:0 Function: Type:Debug:
DateTime:2026-08-27 11:03:04.315:"m_baRecvMsg:"                            File: Line:0 Function: Type:Debug:
DateTime:2026-08-27 11:03:04.315:"frameList.size():1"                            File: Line:0 Function: Type:Debug:
DateTime:2026-08-27 11:03:04.315:"进入报文解析"                            File: Line:0 Function: Type:Debug:
DateTime:2026-08-27 11:03:04.315:"68 F6 00 F6 00 68 80 00 00 00 00 00 22 60 00 00 01 00 02 2E 00 68 2E 00 80 00 00 00 00 00 11 52 01 00 03 03 01 10 00 16 19 16 00 68 03 01 10 00 16 19 68 91 0A 34 38 36 1E 35 36 44 5A 3B 59 0B 16 6C 16 B7 16"                            File: Line:0 Function: Type:Debug:
DateTime:2026-08-27 11:03:04.315:"解码完成，功能码: 4"                            File: Line:0 Function: Type:Debug:
DateTime:2026-08-27 11:03:04.315:"工装接收到透传报文"                            File: Line:0 Function: Type:Debug:
DateTime:2026-08-27 11:03:04.315:"022E00682E00800000000000115201000303011000161916006803011000161968910A3438361E3536445A3B590B166C16"                            File: Line:0 Function: Type:Debug:
DateTime:2026-08-27 11:03:04.315:"透传报文内容:68 2e 00 80 00 00 00 00 00 11 52 01 00 03 03 01 10 00 16 19 16 00 68 03 01 10 00 16 19 68 91 0a 34 38 36 1e 35 36 44 5a 3b 59 0b 16 6c 16"                            File: Line:0 Function: Type:Debug:
DateTime:2026-08-27 11:03:07.135:"uTimeSecond_ms:30000"                            File: Line:0 Function: Type:Debug:
DateTime:2026-08-27 11:03:07.135:"查找结果: iret=0, wStart=0, dwOutLen=46, dwStreamLen=46, dwFindPos=0"                            File: Line:0 Function: Type:Debug:
DateTime:2026-08-27 11:03:07.135:"Receive:<= 68 2E 00 80 00 00 00 00 00 11 52 01 00 03 03 01 10 00 16 19 16 00 68 03 01 10 00 16 19 68 91 0A 34 38 36 1E 35 36 44 5A 3B 59 0B 16 6C 16"                            File: Line:0 Function: Type:Debug:
DateTime:2026-08-27 11:03:07.135:"解析：功能码-AFN=52H,Fn=1："                            File: Line:0 Function: Type:Debug:
DateTime:2026-08-27 11:03:07.135:"透传回复内容：0303011000161916006803011000161968910A3438361E3536445A3B590B16"                            File: Line:0 Function: Type:Debug:
DateTime:2026-08-27 11:03:07.135:"DL/T645-2007协议 回复报文信息：控制码：91,数据标识：EB030501，数据域(需倒序解析)：020311270826"                            File: Line:0 Function: Type:Debug:
DateTime:2026-08-27 11:03:07.135:"通信模块时钟(年月日时分)：260827110302"                            File: Line:0 Function: Type:Debug:
DateTime:2026-08-27 11:03:07.135:dll输出信息: ""                            File: Line:0 Function: Type:Debug:
DateTime:2026-08-27 11:03:07.135:接口函数调用成功，返回的结果为 0                            File: Line:0 Function: Type:Debug:
DateTime:2026-08-27 11:03:07.135:"外部传入的para：0，返回的result：0,返回的pValRet：0"                            File: Line:0 Function: Type:Debug:
DateTime:2026-08-27 11:03:07.135:"执行接口函数CCO_AFN52_F1_EB030501_read完成"                            File: Line:0 Function: Type:Debug:
DateTime:2026-08-27 11:03:07.138:coorIndex 0                            File: Line:0 Function: Type:Debug:
DateTime:2026-08-27 11:03:07.138:当前流程结束                            File: Line:0 Function: Type:Debug:
DateTime:2026-08-27 11:03:07.138:退出connect函数                            File: Line:0 Function: Type:Debug:
DateTime:2026-08-27 11:03:07.138:"=========【Step33-数据转发--EB030501查询通信模块时钟(STA)】结束=========="                            File: Line:0 Function: Type:Debug:
DateTime:2026-08-27 11:03:07.138:"-----------------------------"                            File: Line:0 Function: Type:Debug:
DateTime:2026-08-27 11:03:07.140:"=============执行【Step34-数据转发--EB030502查询校时允许周期或自动校时周期(STA)(默认1400)】==================="                            File: Line:0 Function: Type:Debug:
DateTime:2026-08-27 11:03:07.140:"执行接口函数CCO_AFN52_F1_EB030502_read"                            File: Line:0 Function: Type:Debug:
DateTime:2026-08-27 11:03:07.140:callWorkFunction: CCO_AFN52_F1_EB030502_read                            File: Line:0 Function: Type:Debug:
DateTime:2026-08-27 11:03:07.140:找到对应函数，进入执行                            File: Line:0 Function: Type:Debug:
DateTime:2026-08-27 11:03:07.644:"等待工装回复超时"                            File: Line:0 Function: Type:Debug:
DateTime:2026-08-27 11:03:07.644:"开始组帧"                            File: Line:0 Function: Type:Debug:
DateTime:2026-08-27 11:03:07.644:"组帧结束"                            File: Line:0 Function: Type:Debug:
DateTime:2026-08-27 11:03:07.644:"367.2Send:数据转发(查询-校时允许周期或自动校时周期 EB030502)：=>68 2B 00 43 00 00 00 00 00 12 52 01 00 03 03 01 10 00 16 19 6B 8A E8 10 00 68 03 01 10 00 16 19 68 11 04 35 38 36 1E E9 16 C3 16"                            File: Line:0 Function: Type:Debug:
DateTime:2026-08-27 11:03:07.644:"槽位2透传:68EE00EE006840000000000022600000010002013C00682B0043000000000012520100030301100016196B8AE81000680301100016196811043538361EE916C3163116"                            File: Line:0 Function: Type:Debug:
DateTime:2026-08-27 11:03:07.644:"工装发送：68 EE 00 EE 00 68 40 00 00 00 00 00 22 60 00 00 01 00 02 01 3C 00 68 2B 00 43 00 00 00 00 00 12 52 01 00 03 03 01 10 00 16 19 6B 8A E8 10 00 68 03 01 10 00 16 19 68 11 04 35 38 36 1E E9 16 C3 16 31 16"                            File: Line:0 Function: Type:Debug:
DateTime:2026-08-27 11:03:07.694:"工装接收：68 32 00 32 00 68 80 00 00 00 00 00 00 60 00 00 01 00 E1 16"                            File: Line:0 Function: Type:Debug:
DateTime:2026-08-27 11:03:07.694:"m_baRecvMsg:"                            File: Line:0 Function: Type:Debug:
DateTime:2026-08-27 11:03:07.694:"frameList.size():1"                            File: Line:0 Function: Type:Debug:
DateTime:2026-08-27 11:03:07.694:"进入报文解析"                            File: Line:0 Function: Type:Debug:
DateTime:2026-08-27 11:03:07.694:"68 32 00 32 00 68 80 00 00 00 00 00 00 60 00 00 01 00 E1 16"                            File: Line:0 Function: Type:Debug:
DateTime:2026-08-27 11:03:07.694:"解码完成，功能码: 1"                            File: Line:0 Function: Type:Debug:
DateTime:2026-08-27 11:03:07.694:"工装回复确认帧"                            File: Line:0 Function: Type:Debug:
DateTime:2026-08-27 11:03:07.874:"工装接收：68 E6 00 E6 00 68 80 00 00 00 00 00 22 60 00 00 01 00 02 2A 00 68 2A 00 80 00 00 00 00 00 12 52 01 00 03 03 01 10 00 16 19 12 00 68 03 01 10 00 16 19 68 91 06 35 38 36 1E 38 33 D6 16 FF 16 D5 16"                            File: Line:0 Function: Type:Debug:
DateTime:2026-08-27 11:03:07.874:"m_baRecvMsg:"                            File: Line:0 Function: Type:Debug:
DateTime:2026-08-27 11:03:07.874:"frameList.size():1"                            File: Line:0 Function: Type:Debug:
DateTime:2026-08-27 11:03:07.874:"进入报文解析"                            File: Line:0 Function: Type:Debug:
DateTime:2026-08-27 11:03:07.874:"68 E6 00 E6 00 68 80 00 00 00 00 00 22 60 00 00 01 00 02 2A 00 68 2A 00 80 00 00 00 00 00 12 52 01 00 03 03 01 10 00 16 19 12 00 68 03 01 10 00 16 19 68 91 06 35 38 36 1E 38 33 D6 16 FF 16 D5 16"                            File: Line:0 Function: Type:Debug:
DateTime:2026-08-27 11:03:07.874:"解码完成，功能码: 4"                            File: Line:0 Function: Type:Debug:
DateTime:2026-08-27 11:03:07.874:"工装接收到透传报文"                            File: Line:0 Function: Type:Debug:
DateTime:2026-08-27 11:03:07.875:"022A00682A0080000000000012520100030301100016191200680301100016196891063538361E3833D616FF16"                            File: Line:0 Function: Type:Debug:
DateTime:2026-08-27 11:03:07.875:"透传报文内容:68 2a 00 80 00 00 00 00 00 12 52 01 00 03 03 01 10 00 16 19 12 00 68 03 01 10 00 16 19 68 91 06 35 38 36 1e 38 33 d6 16 ff 16"                            File: Line:0 Function: Type:Debug:
DateTime:2026-08-27 11:03:10.696:"uTimeSecond_ms:30000"                            File: Line:0 Function: Type:Debug:
DateTime:2026-08-27 11:03:10.696:"查找结果: iret=0, wStart=0, dwOutLen=42, dwStreamLen=42, dwFindPos=0"                            File: Line:0 Function: Type:Debug:
DateTime:2026-08-27 11:03:10.696:"Receive:<= 68 2A 00 80 00 00 00 00 00 12 52 01 00 03 03 01 10 00 16 19 12 00 68 03 01 10 00 16 19 68 91 06 35 38 36 1E 38 33 D6 16 FF 16"                            File: Line:0 Function: Type:Debug:
DateTime:2026-08-27 11:03:10.696:"解析：功能码-AFN=52H,Fn=1："                            File: Line:0 Function: Type:Debug:
DateTime:2026-08-27 11:03:10.696:"透传回复内容：030301100016191200680301100016196891063538361E3833D616"                            File: Line:0 Function: Type:Debug:
DateTime:2026-08-27 11:03:10.696:"DL/T645-2007协议 回复报文信息：控制码：91,数据标识：EB030502，数据域(需倒序解析)：0500"                            File: Line:0 Function: Type:Debug:
DateTime:2026-08-27 11:03:10.696:"校时允许周期或自动校时周期：5"                            File: Line:0 Function: Type:Debug:
DateTime:2026-08-27 11:03:10.696:dll输出信息: ""                            File: Line:0 Function: Type:Debug:
DateTime:2026-08-27 11:03:10.696:接口函数调用成功，返回的结果为 0                            File: Line:0 Function: Type:Debug:
DateTime:2026-08-27 11:03:10.696:"外部传入的para：0，返回的result：0,返回的pValRet：0"                            File: Line:0 Function: Type:Debug:
DateTime:2026-08-27 11:03:10.696:"执行接口函数CCO_AFN52_F1_EB030502_read完成"                            File: Line:0 Function: Type:Debug:
DateTime:2026-08-27 11:03:10.699:coorIndex 0                            File: Line:0 Function: Type:Debug:
DateTime:2026-08-27 11:03:10.699:当前流程结束                            File: Line:0 Function: Type:Debug:
DateTime:2026-08-27 11:03:10.699:退出connect函数                            File: Line:0 Function: Type:Debug:
DateTime:2026-08-27 11:03:10.699:"=========【Step34-数据转发--EB030502查询校时允许周期或自动校时周期(STA)(默认1400)】结束=========="                            File: Line:0 Function: Type:Debug:
DateTime:2026-08-27 11:03:10.699:"-----------------------------"                            File: Line:0 Function: Type:Debug:
DateTime:2026-08-27 11:03:10.701:"=============执行【Step35-数据转发--EB030502设置校时允许周期或自动校时周期(STA)(设置5)】==================="                            File: Line:0 Function: Type:Debug:
DateTime:2026-08-27 11:03:10.701:"执行接口函数CCO_AFN52_F1_EB030502_set"                            File: Line:0 Function: Type:Debug:
DateTime:2026-08-27 11:03:10.701:callWorkFunction: CCO_AFN52_F1_EB030502_set                            File: Line:0 Function: Type:Debug:
DateTime:2026-08-27 11:03:10.701:找到对应函数，进入执行                            File: Line:0 Function: Type:Debug:
DateTime:2026-08-27 11:03:11.204:"等待工装回复超时"                            File: Line:0 Function: Type:Debug:
DateTime:2026-08-27 11:03:11.204:"开始组帧"                            File: Line:0 Function: Type:Debug:
DateTime:2026-08-27 11:03:11.204:"组帧结束"                            File: Line:0 Function: Type:Debug:
DateTime:2026-08-27 11:03:11.204:"367.2Send:数据转发(设置-校时允许周期或自动校时周期EB030502)：=>68 35 00 43 00 00 00 00 00 13 52 01 00 03 03 01 10 00 16 19 6B 8A E8 1A 00 68 03 01 10 00 16 19 68 14 0E 35 38 36 1E 3B 33 33 33 44 44 44 44 38 33 45 16 86 16"                            File: Line:0 Function: Type:Debug:
DateTime:2026-08-27 11:03:11.204:"槽位2透传:68160116016840000000000022600000010002013C0068350043000000000013520100030301100016196B8AE81A006803011000161968140E3538361E3B33333344444444383345168616C116"                            File: Line:0 Function: Type:Debug:
DateTime:2026-08-27 11:03:11.204:"工装发送：68 16 01 16 01 68 40 00 00 00 00 00 22 60 00 00 01 00 02 01 3C 00 68 35 00 43 00 00 00 00 00 13 52 01 00 03 03 01 10 00 16 19 6B 8A E8 1A 00 68 03 01 10 00 16 19 68 14 0E 35 38 36 1E 3B 33 33 33 44 44 44 44 38 33 45 16 86 16 C1 16"                            File: Line:0 Function: Type:Debug:
DateTime:2026-08-27 11:03:11.266:"工装接收：68 32 00 32 00 68 80 00 00 00 00 00 00 60 00 00 01 00 E1 16"                            File: Line:0 Function: Type:Debug:
DateTime:2026-08-27 11:03:11.266:"m_baRecvMsg:"                            File: Line:0 Function: Type:Debug:
DateTime:2026-08-27 11:03:11.266:"frameList.size():1"                            File: Line:0 Function: Type:Debug:
DateTime:2026-08-27 11:03:11.266:"进入报文解析"                            File: Line:0 Function: Type:Debug:
DateTime:2026-08-27 11:03:11.266:"68 32 00 32 00 68 80 00 00 00 00 00 00 60 00 00 01 00 E1 16"                            File: Line:0 Function: Type:Debug:
DateTime:2026-08-27 11:03:11.266:"解码完成，功能码: 1"                            File: Line:0 Function: Type:Debug:
DateTime:2026-08-27 11:03:11.266:"工装回复确认帧"                            File: Line:0 Function: Type:Debug:
DateTime:2026-08-27 11:03:11.439:"工装接收：68 CE 00 CE 00 68 80 00 00 00 00 00 22 60 00 00 01 00 02 24 00 68 24 00 80 00 00 00 00 00 13 52 01 00 03 03 01 10 00 16 19 0C 00 68 03 01 10 00 16 19 68 94 00 A7 16 9C 16 03 16"                            File: Line:0 Function: Type:Debug:
DateTime:2026-08-27 11:03:11.439:"m_baRecvMsg:"                            File: Line:0 Function: Type:Debug:
DateTime:2026-08-27 11:03:11.439:"frameList.size():1"                            File: Line:0 Function: Type:Debug:
DateTime:2026-08-27 11:03:11.439:"进入报文解析"                            File: Line:0 Function: Type:Debug:
DateTime:2026-08-27 11:03:11.439:"68 CE 00 CE 00 68 80 00 00 00 00 00 22 60 00 00 01 00 02 24 00 68 24 00 80 00 00 00 00 00 13 52 01 00 03 03 01 10 00 16 19 0C 00 68 03 01 10 00 16 19 68 94 00 A7 16 9C 16 03 16"                            File: Line:0 Function: Type:Debug:
DateTime:2026-08-27 11:03:11.439:"解码完成，功能码: 4"                            File: Line:0 Function: Type:Debug:
DateTime:2026-08-27 11:03:11.439:"工装接收到透传报文"                            File: Line:0 Function: Type:Debug:
DateTime:2026-08-27 11:03:11.440:"02240068240080000000000013520100030301100016190C0068030110001619689400A7169C16"                            File: Line:0 Function: Type:Debug:
DateTime:2026-08-27 11:03:11.440:"透传报文内容:68 24 00 80 00 00 00 00 00 13 52 01 00 03 03 01 10 00 16 19 0c 00 68 03 01 10 00 16 19 68 94 00 a7 16 9c 16"                            File: Line:0 Function: Type:Debug:
DateTime:2026-08-27 11:03:14.260:"uTimeSecond_ms:30000"                            File: Line:0 Function: Type:Debug:
DateTime:2026-08-27 11:03:14.260:"查找结果: iret=0, wStart=0, dwOutLen=36, dwStreamLen=36, dwFindPos=0"                            File: Line:0 Function: Type:Debug:
DateTime:2026-08-27 11:03:14.260:"Receive:<= 68 24 00 80 00 00 00 00 00 13 52 01 00 03 03 01 10 00 16 19 0C 00 68 03 01 10 00 16 19 68 94 00 A7 16 9C 16"                            File: Line:0 Function: Type:Debug:
DateTime:2026-08-27 11:03:14.260:"解析：功能码-AFN=52H,Fn=1："                            File: Line:0 Function: Type:Debug:
DateTime:2026-08-27 11:03:14.260:"透传回复内容：030301100016190C0068030110001619689400A716"                            File: Line:0 Function: Type:Debug:
DateTime:2026-08-27 11:03:14.260:"设置成功"                            File: Line:0 Function: Type:Debug:
DateTime:2026-08-27 11:03:14.260:dll输出信息: ""                            File: Line:0 Function: Type:Debug:
DateTime:2026-08-27 11:03:14.260:接口函数调用成功，返回的结果为 0                            File: Line:0 Function: Type:Debug:
DateTime:2026-08-27 11:03:14.260:"外部传入的para：0，返回的result：0,返回的pValRet：0"                            File: Line:0 Function: Type:Debug:
DateTime:2026-08-27 11:03:14.260:"执行接口函数CCO_AFN52_F1_EB030502_set完成"                            File: Line:0 Function: Type:Debug:
DateTime:2026-08-27 11:03:14.263:coorIndex 0                            File: Line:0 Function: Type:Debug:
DateTime:2026-08-27 11:03:14.263:当前流程结束                            File: Line:0 Function: Type:Debug:
DateTime:2026-08-27 11:03:14.263:退出connect函数                            File: Line:0 Function: Type:Debug:
DateTime:2026-08-27 11:03:14.263:"=========【Step35-数据转发--EB030502设置校时允许周期或自动校时周期(STA)(设置5)】结束=========="                            File: Line:0 Function: Type:Debug:
DateTime:2026-08-27 11:03:14.263:"-----------------------------"                            File: Line:0 Function: Type:Debug:
DateTime:2026-08-27 11:03:14.265:"=============执行【Step36-数据转发--EB030502查询校时允许周期或自动校时周期(STA)(应为5)】==================="                            File: Line:0 Function: Type:Debug:
DateTime:2026-08-27 11:03:14.265:"执行接口函数CCO_AFN52_F1_EB030502_read"                            File: Line:0 Function: Type:Debug:
DateTime:2026-08-27 11:03:14.265:callWorkFunction: CCO_AFN52_F1_EB030502_read                            File: Line:0 Function: Type:Debug:
DateTime:2026-08-27 11:03:14.265:找到对应函数，进入执行                            File: Line:0 Function: Type:Debug:
DateTime:2026-08-27 11:03:14.769:"等待工装回复超时"                            File: Line:0 Function: Type:Debug:
DateTime:2026-08-27 11:03:14.769:"开始组帧"                            File: Line:0 Function: Type:Debug:
DateTime:2026-08-27 11:03:14.769:"组帧结束"                            File: Line:0 Function: Type:Debug:
DateTime:2026-08-27 11:03:14.769:"367.2Send:数据转发(查询-校时允许周期或自动校时周期 EB030502)：=>68 2B 00 43 00 00 00 00 00 14 52 01 00 03 03 01 10 00 16 19 6B 8A E8 10 00 68 03 01 10 00 16 19 68 11 04 35 38 36 1E E9 16 C5 16"                            File: Line:0 Function: Type:Debug:
DateTime:2026-08-27 11:03:14.769:"槽位2透传:68EE00EE006840000000000022600000010002013C00682B0043000000000014520100030301100016196B8AE81000680301100016196811043538361EE916C5163516"                            File: Line:0 Function: Type:Debug:
DateTime:2026-08-27 11:03:14.769:"工装发送：68 EE 00 EE 00 68 40 00 00 00 00 00 22 60 00 00 01 00 02 01 3C 00 68 2B 00 43 00 00 00 00 00 14 52 01 00 03 03 01 10 00 16 19 6B 8A E8 10 00 68 03 01 10 00 16 19 68 11 04 35 38 36 1E E9 16 C5 16 35 16"                            File: Line:0 Function: Type:Debug:
DateTime:2026-08-27 11:03:14.819:"工装接收：68 32 00 32 00 68 80 00 00 00 00 00 00 60 00 00 01 00 E1 16"                            File: Line:0 Function: Type:Debug:
DateTime:2026-08-27 11:03:14.819:"m_baRecvMsg:"                            File: Line:0 Function: Type:Debug:
DateTime:2026-08-27 11:03:14.819:"frameList.size():1"                            File: Line:0 Function: Type:Debug:
DateTime:2026-08-27 11:03:14.819:"进入报文解析"                            File: Line:0 Function: Type:Debug:
DateTime:2026-08-27 11:03:14.819:"68 32 00 32 00 68 80 00 00 00 00 00 00 60 00 00 01 00 E1 16"                            File: Line:0 Function: Type:Debug:
DateTime:2026-08-27 11:03:14.819:"解码完成，功能码: 1"                            File: Line:0 Function: Type:Debug:
DateTime:2026-08-27 11:03:14.820:"工装回复确认帧"                            File: Line:0 Function: Type:Debug:
DateTime:2026-08-27 11:03:14.998:"工装接收：68 E6 00 E6 00 68 80 00 00 00 00 00 22 60 00 00 01 00 02 2A 00 68 2A 00 80 00 00 00 00 00 14 52 01 00 03 03 01 10 00 16 19 12 00 68 03 01 10 00 16 19 68 91 06 35 38 36 1E 38 33 D6 16 01 16 D9 16"                            File: Line:0 Function: Type:Debug:
DateTime:2026-08-27 11:03:14.998:"m_baRecvMsg:"                            File: Line:0 Function: Type:Debug:
DateTime:2026-08-27 11:03:14.998:"frameList.size():1"                            File: Line:0 Function: Type:Debug:
DateTime:2026-08-27 11:03:14.998:"进入报文解析"                            File: Line:0 Function: Type:Debug:
DateTime:2026-08-27 11:03:14.998:"68 E6 00 E6 00 68 80 00 00 00 00 00 22 60 00 00 01 00 02 2A 00 68 2A 00 80 00 00 00 00 00 14 52 01 00 03 03 01 10 00 16 19 12 00 68 03 01 10 00 16 19 68 91 06 35 38 36 1E 38 33 D6 16 01 16 D9 16"                            File: Line:0 Function: Type:Debug:
DateTime:2026-08-27 11:03:14.998:"解码完成，功能码: 4"                            File: Line:0 Function: Type:Debug:
DateTime:2026-08-27 11:03:14.998:"工装接收到透传报文"                            File: Line:0 Function: Type:Debug:
DateTime:2026-08-27 11:03:14.998:"022A00682A0080000000000014520100030301100016191200680301100016196891063538361E3833D6160116"                            File: Line:0 Function: Type:Debug:
DateTime:2026-08-27 11:03:14.998:"透传报文内容:68 2a 00 80 00 00 00 00 00 14 52 01 00 03 03 01 10 00 16 19 12 00 68 03 01 10 00 16 19 68 91 06 35 38 36 1e 38 33 d6 16 01 16"                            File: Line:0 Function: Type:Debug:
DateTime:2026-08-27 11:03:17.819:"uTimeSecond_ms:30000"                            File: Line:0 Function: Type:Debug:
DateTime:2026-08-27 11:03:17.819:"查找结果: iret=0, wStart=0, dwOutLen=42, dwStreamLen=42, dwFindPos=0"                            File: Line:0 Function: Type:Debug:
DateTime:2026-08-27 11:03:17.819:"Receive:<= 68 2A 00 80 00 00 00 00 00 14 52 01 00 03 03 01 10 00 16 19 12 00 68 03 01 10 00 16 19 68 91 06 35 38 36 1E 38 33 D6 16 01 16"                            File: Line:0 Function: Type:Debug:
DateTime:2026-08-27 11:03:17.819:"解析：功能码-AFN=52H,Fn=1："                            File: Line:0 Function: Type:Debug:
DateTime:2026-08-27 11:03:17.819:"透传回复内容：030301100016191200680301100016196891063538361E3833D616"                            File: Line:0 Function: Type:Debug:
DateTime:2026-08-27 11:03:17.819:"DL/T645-2007协议 回复报文信息：控制码：91,数据标识：EB030502，数据域(需倒序解析)：0500"                            File: Line:0 Function: Type:Debug:
DateTime:2026-08-27 11:03:17.819:"校时允许周期或自动校时周期：5"                            File: Line:0 Function: Type:Debug:
DateTime:2026-08-27 11:03:17.819:dll输出信息: ""                            File: Line:0 Function: Type:Debug:
DateTime:2026-08-27 11:03:17.819:接口函数调用成功，返回的结果为 0                            File: Line:0 Function: Type:Debug:
DateTime:2026-08-27 11:03:17.819:"外部传入的para：0，返回的result：0,返回的pValRet：0"                            File: Line:0 Function: Type:Debug:
DateTime:2026-08-27 11:03:17.819:"执行接口函数CCO_AFN52_F1_EB030502_read完成"                            File: Line:0 Function: Type:Debug:
DateTime:2026-08-27 11:03:17.822:coorIndex 0                            File: Line:0 Function: Type:Debug:
DateTime:2026-08-27 11:03:17.822:当前流程结束                            File: Line:0 Function: Type:Debug:
DateTime:2026-08-27 11:03:17.822:退出connect函数                            File: Line:0 Function: Type:Debug:
DateTime:2026-08-27 11:03:17.822:"=========【Step36-数据转发--EB030502查询校时允许周期或自动校时周期(STA)(应为5)】结束=========="                            File: Line:0 Function: Type:Debug:
DateTime:2026-08-27 11:03:17.822:"-----------------------------"                            File: Line:0 Function: Type:Debug:
DateTime:2026-08-27 11:03:17.824:"=============执行【Step37-数据转发--EB030502设置校时允许周期或自动校时周期(STA)(设置1400)】==================="                            File: Line:0 Function: Type:Debug:
DateTime:2026-08-27 11:03:17.824:"执行接口函数CCO_AFN52_F1_EB030502_set"                            File: Line:0 Function: Type:Debug:
DateTime:2026-08-27 11:03:17.824:callWorkFunction: CCO_AFN52_F1_EB030502_set                            File: Line:0 Function: Type:Debug:
DateTime:2026-08-27 11:03:17.824:找到对应函数，进入执行                            File: Line:0 Function: Type:Debug:
DateTime:2026-08-27 11:03:18.327:"等待工装回复超时"                            File: Line:0 Function: Type:Debug:
DateTime:2026-08-27 11:03:18.327:"开始组帧"                            File: Line:0 Function: Type:Debug:
DateTime:2026-08-27 11:03:18.327:"组帧结束"                            File: Line:0 Function: Type:Debug:
DateTime:2026-08-27 11:03:18.327:"367.2Send:数据转发(设置-校时允许周期或自动校时周期EB030502)：=>68 35 00 43 00 00 00 00 00 15 52 01 00 03 03 01 10 00 16 19 6B 8A E8 1A 00 68 03 01 10 00 16 19 68 14 0E 35 38 36 1E 3B 33 33 33 44 44 44 44 AB 38 BD 16 78 16"                            File: Line:0 Function: Type:Debug:
DateTime:2026-08-27 11:03:18.327:"槽位2透传:68160116016840000000000022600000010002013C0068350043000000000015520100030301100016196B8AE81A006803011000161968140E3538361E3B33333344444444AB38BD167816A516"                            File: Line:0 Function: Type:Debug:
DateTime:2026-08-27 11:03:18.327:"工装发送：68 16 01 16 01 68 40 00 00 00 00 00 22 60 00 00 01 00 02 01 3C 00 68 35 00 43 00 00 00 00 00 15 52 01 00 03 03 01 10 00 16 19 6B 8A E8 1A 00 68 03 01 10 00 16 19 68 14 0E 35 38 36 1E 3B 33 33 33 44 44 44 44 AB 38 BD 16 78 16 A5 16"                            File: Line:0 Function: Type:Debug:
DateTime:2026-08-27 11:03:18.389:"工装接收：68 32 00 32 00 68 80 00 00 00 00 00 00 60 00 00 01 00 E1 16"                            File: Line:0 Function: Type:Debug:
DateTime:2026-08-27 11:03:18.389:"m_baRecvMsg:"                            File: Line:0 Function: Type:Debug:
DateTime:2026-08-27 11:03:18.389:"frameList.size():1"                            File: Line:0 Function: Type:Debug:
DateTime:2026-08-27 11:03:18.389:"进入报文解析"                            File: Line:0 Function: Type:Debug:
DateTime:2026-08-27 11:03:18.389:"68 32 00 32 00 68 80 00 00 00 00 00 00 60 00 00 01 00 E1 16"                            File: Line:0 Function: Type:Debug:
DateTime:2026-08-27 11:03:18.389:"解码完成，功能码: 1"                            File: Line:0 Function: Type:Debug:
DateTime:2026-08-27 11:03:18.389:"工装回复确认帧"                            File: Line:0 Function: Type:Debug:
DateTime:2026-08-27 11:03:18.540:"工装接收：68 CE 00 CE 00 68 80 00 00 00 00 00 22 60 00 00 01 00 02 24 00 68 24 00 80 00 00 00 00 00 15 52 01 00 03 03 01 10 00 16 19 0C 00 68 03 01 10 00 16 19 68 94 00 A7 16 9E 16 07 16"                            File: Line:0 Function: Type:Debug:
DateTime:2026-08-27 11:03:18.540:"m_baRecvMsg:"                            File: Line:0 Function: Type:Debug:
DateTime:2026-08-27 11:03:18.541:"frameList.size():1"                            File: Line:0 Function: Type:Debug:
DateTime:2026-08-27 11:03:18.541:"进入报文解析"                            File: Line:0 Function: Type:Debug:
DateTime:2026-08-27 11:03:18.541:"68 CE 00 CE 00 68 80 00 00 00 00 00 22 60 00 00 01 00 02 24 00 68 24 00 80 00 00 00 00 00 15 52 01 00 03 03 01 10 00 16 19 0C 00 68 03 01 10 00 16 19 68 94 00 A7 16 9E 16 07 16"                            File: Line:0 Function: Type:Debug:
DateTime:2026-08-27 11:03:18.541:"解码完成，功能码: 4"                            File: Line:0 Function: Type:Debug:
DateTime:2026-08-27 11:03:18.541:"工装接收到透传报文"                            File: Line:0 Function: Type:Debug:
DateTime:2026-08-27 11:03:18.541:"02240068240080000000000015520100030301100016190C0068030110001619689400A7169E16"                            File: Line:0 Function: Type:Debug:
DateTime:2026-08-27 11:03:18.541:"透传报文内容:68 24 00 80 00 00 00 00 00 15 52 01 00 03 03 01 10 00 16 19 0c 00 68 03 01 10 00 16 19 68 94 00 a7 16 9e 16"                            File: Line:0 Function: Type:Debug:
DateTime:2026-08-27 11:03:21.361:"uTimeSecond_ms:30000"                            File: Line:0 Function: Type:Debug:
DateTime:2026-08-27 11:03:21.361:"查找结果: iret=0, wStart=0, dwOutLen=36, dwStreamLen=36, dwFindPos=0"                            File: Line:0 Function: Type:Debug:
DateTime:2026-08-27 11:03:21.361:"Receive:<= 68 24 00 80 00 00 00 00 00 15 52 01 00 03 03 01 10 00 16 19 0C 00 68 03 01 10 00 16 19 68 94 00 A7 16 9E 16"                            File: Line:0 Function: Type:Debug:
DateTime:2026-08-27 11:03:21.361:"解析：功能码-AFN=52H,Fn=1："                            File: Line:0 Function: Type:Debug:
DateTime:2026-08-27 11:03:21.361:"透传回复内容：030301100016190C0068030110001619689400A716"                            File: Line:0 Function: Type:Debug:
DateTime:2026-08-27 11:03:21.361:"设置成功"                            File: Line:0 Function: Type:Debug:
DateTime:2026-08-27 11:03:21.361:dll输出信息: ""                            File: Line:0 Function: Type:Debug:
DateTime:2026-08-27 11:03:21.361:接口函数调用成功，返回的结果为 0                            File: Line:0 Function: Type:Debug:
DateTime:2026-08-27 11:03:21.361:"外部传入的para：0，返回的result：0,返回的pValRet：0"                            File: Line:0 Function: Type:Debug:
DateTime:2026-08-27 11:03:21.361:"执行接口函数CCO_AFN52_F1_EB030502_set完成"                            File: Line:0 Function: Type:Debug:
DateTime:2026-08-27 11:03:21.364:coorIndex 0                            File: Line:0 Function: Type:Debug:
DateTime:2026-08-27 11:03:21.364:当前流程结束                            File: Line:0 Function: Type:Debug:
DateTime:2026-08-27 11:03:21.364:退出connect函数                            File: Line:0 Function: Type:Debug:
DateTime:2026-08-27 11:03:21.364:"=========【Step37-数据转发--EB030502设置校时允许周期或自动校时周期(STA)(设置1400)】结束=========="                            File: Line:0 Function: Type:Debug:
DateTime:2026-08-27 11:03:21.364:"-----------------------------"                            File: Line:0 Function: Type:Debug:
DateTime:2026-08-27 11:03:21.366:"=============执行【Step38-数据转发--EB030503查询最近1次校时记录(STA)】==================="                            File: Line:0 Function: Type:Debug:
DateTime:2026-08-27 11:03:21.366:"执行接口函数CCO_AFN52_F1_EB030503"                            File: Line:0 Function: Type:Debug:
DateTime:2026-08-27 11:03:21.366:callWorkFunction: CCO_AFN52_F1_EB030503                            File: Line:0 Function: Type:Debug:
DateTime:2026-08-27 11:03:21.366:找到对应函数，进入执行                            File: Line:0 Function: Type:Debug:
DateTime:2026-08-27 11:03:21.870:"等待工装回复超时"                            File: Line:0 Function: Type:Debug:
DateTime:2026-08-27 11:03:21.870:"开始组帧"                            File: Line:0 Function: Type:Debug:
DateTime:2026-08-27 11:03:21.870:"组帧结束"                            File: Line:0 Function: Type:Debug:
DateTime:2026-08-27 11:03:21.870:"367.2Send:数据转发(查询-最近1次校时记录(STA功能) EB030503)：=>68 2B 00 43 00 00 00 00 00 16 52 01 00 03 03 01 10 00 16 19 6B 8A E8 10 00 68 03 01 10 00 16 19 68 11 04 36 38 36 1E EA 16 C9 16"                            File: Line:0 Function: Type:Debug:
DateTime:2026-08-27 11:03:21.870:"槽位2透传:68EE00EE006840000000000022600000010002013C00682B0043000000000016520100030301100016196B8AE81000680301100016196811043638361EEA16C9163D16"                            File: Line:0 Function: Type:Debug:
DateTime:2026-08-27 11:03:21.870:"工装发送：68 EE 00 EE 00 68 40 00 00 00 00 00 22 60 00 00 01 00 02 01 3C 00 68 2B 00 43 00 00 00 00 00 16 52 01 00 03 03 01 10 00 16 19 6B 8A E8 10 00 68 03 01 10 00 16 19 68 11 04 36 38 36 1E EA 16 C9 16 3D 16"                            File: Line:0 Function: Type:Debug:
DateTime:2026-08-27 11:03:21.920:"工装接收：68 32 00 32 00 68 80 00 00 00 00 00 00 60 00 00 01 00 E1 16"                            File: Line:0 Function: Type:Debug:
DateTime:2026-08-27 11:03:21.920:"m_baRecvMsg:"                            File: Line:0 Function: Type:Debug:
DateTime:2026-08-27 11:03:21.920:"frameList.size():1"                            File: Line:0 Function: Type:Debug:
DateTime:2026-08-27 11:03:21.920:"进入报文解析"                            File: Line:0 Function: Type:Debug:
DateTime:2026-08-27 11:03:21.920:"68 32 00 32 00 68 80 00 00 00 00 00 00 60 00 00 01 00 E1 16"                            File: Line:0 Function: Type:Debug:
DateTime:2026-08-27 11:03:21.920:"解码完成，功能码: 1"                            File: Line:0 Function: Type:Debug:
DateTime:2026-08-27 11:03:21.921:"工装回复确认帧"                            File: Line:0 Function: Type:Debug:
DateTime:2026-08-27 11:03:22.164:"工装接收：68 06 01 06 01 68 80 00 00 00 00 00 22 60 00 00 01 00 02 32 00 68 32 00 80 00 00 00 00 00 16 52 01 00 03 03 01 10 00 16 19 1A 00 68 03 01 10 00 16 19 68 91 0E 36 38 36 1E 33 33 33 33 8C 35 44 5A 3B 59 33 16 C5 16 71 16"                            File: Line:0 Function: Type:Debug:
DateTime:2026-08-27 11:03:22.164:"m_baRecvMsg:"                            File: Line:0 Function: Type:Debug:
DateTime:2026-08-27 11:03:22.164:"frameList.size():1"                            File: Line:0 Function: Type:Debug:
DateTime:2026-08-27 11:03:22.164:"进入报文解析"                            File: Line:0 Function: Type:Debug:
DateTime:2026-08-27 11:03:22.164:"68 06 01 06 01 68 80 00 00 00 00 00 22 60 00 00 01 00 02 32 00 68 32 00 80 00 00 00 00 00 16 52 01 00 03 03 01 10 00 16 19 1A 00 68 03 01 10 00 16 19 68 91 0E 36 38 36 1E 33 33 33 33 8C 35 44 5A 3B 59 33 16 C5 16 71 16"                            File: Line:0 Function: Type:Debug:
DateTime:2026-08-27 11:03:22.164:"解码完成，功能码: 4"                            File: Line:0 Function: Type:Debug:
DateTime:2026-08-27 11:03:22.164:"工装接收到透传报文"                            File: Line:0 Function: Type:Debug:
DateTime:2026-08-27 11:03:22.164:"02320068320080000000000016520100030301100016191A006803011000161968910E3638361E333333338C35445A3B593316C516"                            File: Line:0 Function: Type:Debug:
DateTime:2026-08-27 11:03:22.164:"透传报文内容:68 32 00 80 00 00 00 00 00 16 52 01 00 03 03 01 10 00 16 19 1a 00 68 03 01 10 00 16 19 68 91 0e 36 38 36 1e 33 33 33 33 8c 35 44 5a 3b 59 33 16 c5 16"                            File: Line:0 Function: Type:Debug:
DateTime:2026-08-27 11:03:24.884:"uTimeSecond_ms:30000"                            File: Line:0 Function: Type:Debug:
DateTime:2026-08-27 11:03:24.884:"查找结果: iret=0, wStart=0, dwOutLen=50, dwStreamLen=50, dwFindPos=0"                            File: Line:0 Function: Type:Debug:
DateTime:2026-08-27 11:03:24.884:"Receive:<= 68 32 00 80 00 00 00 00 00 16 52 01 00 03 03 01 10 00 16 19 1A 00 68 03 01 10 00 16 19 68 91 0E 36 38 36 1E 33 33 33 33 8C 35 44 5A 3B 59 33 16 C5 16"                            File: Line:0 Function: Type:Debug:
DateTime:2026-08-27 11:03:24.884:"解析：功能码-AFN=52H,Fn=1："                            File: Line:0 Function: Type:Debug:
DateTime:2026-08-27 11:03:24.884:"透传回复内容：030301100016191A006803011000161968910E3638361E333333338C35445A3B593316"                            File: Line:0 Function: Type:Debug:
DateTime:2026-08-27 11:03:24.884:"DL/T645-2007协议 回复报文信息：控制码：91,数据标识：EB030503，数据域(需倒序解析)：00000000590211270826"                            File: Line:0 Function: Type:Debug:
DateTime:2026-08-27 11:03:24.884:"最近1次校时记录：时间：260827110259，NTB时间差：00000000（40ns）"                            File: Line:0 Function: Type:Debug:
DateTime:2026-08-27 11:03:24.884:dll输出信息: ""                            File: Line:0 Function: Type:Debug:
DateTime:2026-08-27 11:03:24.884:接口函数调用成功，返回的结果为 0                            File: Line:0 Function: Type:Debug:
DateTime:2026-08-27 11:03:24.884:"外部传入的para：0，返回的result：0,返回的pValRet：0"                            File: Line:0 Function: Type:Debug:
DateTime:2026-08-27 11:03:24.884:"执行接口函数CCO_AFN52_F1_EB030503完成"                            File: Line:0 Function: Type:Debug:
DateTime:2026-08-27 11:03:24.887:coorIndex 0                            File: Line:0 Function: Type:Debug:
DateTime:2026-08-27 11:03:24.887:当前流程结束                            File: Line:0 Function: Type:Debug:
DateTime:2026-08-27 11:03:24.887:退出connect函数                            File: Line:0 Function: Type:Debug:
DateTime:2026-08-27 11:03:24.887:"=========【Step38-数据转发--EB030503查询最近1次校时记录(STA)】结束=========="                            File: Line:0 Function: Type:Debug:
DateTime:2026-08-27 11:03:24.887:"-----------------------------"                            File: Line:0 Function: Type:Debug:
DateTime:2026-08-27 11:03:24.889:"=============执行【EB030502设置校时允许周期或自动校时周期(STA)(设置5)】==================="                            File: Line:0 Function: Type:Debug:
DateTime:2026-08-27 11:03:24.889:"执行接口函数CCO_AFN52_F1_EB030502_set"                            File: Line:0 Function: Type:Debug:
DateTime:2026-08-27 11:03:24.889:callWorkFunction: CCO_AFN52_F1_EB030502_set                            File: Line:0 Function: Type:Debug:
DateTime:2026-08-27 11:03:24.889:找到对应函数，进入执行                            File: Line:0 Function: Type:Debug:
DateTime:2026-08-27 11:03:25.393:"等待工装回复超时"                            File: Line:0 Function: Type:Debug:
DateTime:2026-08-27 11:03:25.393:"开始组帧"                            File: Line:0 Function: Type:Debug:
DateTime:2026-08-27 11:03:25.393:"组帧结束"                            File: Line:0 Function: Type:Debug:
DateTime:2026-08-27 11:03:25.393:"367.2Send:数据转发(设置-校时允许周期或自动校时周期EB030502)：=>68 35 00 43 00 00 00 00 00 17 52 01 00 03 03 01 10 00 16 19 6B 8A E8 1A 00 68 03 01 10 00 16 19 68 14 0E 35 38 36 1E 3B 33 33 33 44 44 44 44 38 33 45 16 8A 16"                            File: Line:0 Function: Type:Debug:
DateTime:2026-08-27 11:03:25.393:"槽位2透传:68160116016840000000000022600000010002013C0068350043000000000017520100030301100016196B8AE81A006803011000161968140E3538361E3B33333344444444383345168A16C916"                            File: Line:0 Function: Type:Debug:
DateTime:2026-08-27 11:03:25.393:"工装发送：68 16 01 16 01 68 40 00 00 00 00 00 22 60 00 00 01 00 02 01 3C 00 68 35 00 43 00 00 00 00 00 17 52 01 00 03 03 01 10 00 16 19 6B 8A E8 1A 00 68 03 01 10 00 16 19 68 14 0E 35 38 36 1E 3B 33 33 33 44 44 44 44 38 33 45 16 8A 16 C9 16"                            File: Line:0 Function: Type:Debug:
DateTime:2026-08-27 11:03:25.454:"工装接收：68 32 00 32 00 68 80 00 00 00 00 00 00 60 00 00 01 00 E1 16"                            File: Line:0 Function: Type:Debug:
DateTime:2026-08-27 11:03:25.454:"m_baRecvMsg:"                            File: Line:0 Function: Type:Debug:
DateTime:2026-08-27 11:03:25.454:"frameList.size():1"                            File: Line:0 Function: Type:Debug:
DateTime:2026-08-27 11:03:25.454:"进入报文解析"                            File: Line:0 Function: Type:Debug:
DateTime:2026-08-27 11:03:25.454:"68 32 00 32 00 68 80 00 00 00 00 00 00 60 00 00 01 00 E1 16"                            File: Line:0 Function: Type:Debug:
DateTime:2026-08-27 11:03:25.454:"解码完成，功能码: 1"                            File: Line:0 Function: Type:Debug:
DateTime:2026-08-27 11:03:25.454:"工装回复确认帧"                            File: Line:0 Function: Type:Debug:
DateTime:2026-08-27 11:03:25.629:"工装接收：68 CE 00 CE 00 68 80 00 00 00 00 00 22 60 00 00 01 00 02 24 00 68 24 00 80 00 00 00 00 00 17 52 01 00 03 03 01 10 00 16 19 0C 00 68 03 01 10 00 16 19 68 94 00 A7 16 A0 16 0B 16"                            File: Line:0 Function: Type:Debug:
DateTime:2026-08-27 11:03:25.629:"m_baRecvMsg:"                            File: Line:0 Function: Type:Debug:
DateTime:2026-08-27 11:03:25.629:"frameList.size():1"                            File: Line:0 Function: Type:Debug:
DateTime:2026-08-27 11:03:25.629:"进入报文解析"                            File: Line:0 Function: Type:Debug:
DateTime:2026-08-27 11:03:25.630:"68 CE 00 CE 00 68 80 00 00 00 00 00 22 60 00 00 01 00 02 24 00 68 24 00 80 00 00 00 00 00 17 52 01 00 03 03 01 10 00 16 19 0C 00 68 03 01 10 00 16 19 68 94 00 A7 16 A0 16 0B 16"                            File: Line:0 Function: Type:Debug:
DateTime:2026-08-27 11:03:25.630:"解码完成，功能码: 4"                            File: Line:0 Function: Type:Debug:
DateTime:2026-08-27 11:03:25.630:"工装接收到透传报文"                            File: Line:0 Function: Type:Debug:
DateTime:2026-08-27 11:03:25.630:"02240068240080000000000017520100030301100016190C0068030110001619689400A716A016"                            File: Line:0 Function: Type:Debug:
DateTime:2026-08-27 11:03:25.630:"透传报文内容:68 24 00 80 00 00 00 00 00 17 52 01 00 03 03 01 10 00 16 19 0c 00 68 03 01 10 00 16 19 68 94 00 a7 16 a0 16"                            File: Line:0 Function: Type:Debug:
DateTime:2026-08-27 11:03:28.450:"uTimeSecond_ms:30000"                            File: Line:0 Function: Type:Debug:
DateTime:2026-08-27 11:03:28.450:"查找结果: iret=0, wStart=0, dwOutLen=36, dwStreamLen=36, dwFindPos=0"                            File: Line:0 Function: Type:Debug:
DateTime:2026-08-27 11:03:28.450:"Receive:<= 68 24 00 80 00 00 00 00 00 17 52 01 00 03 03 01 10 00 16 19 0C 00 68 03 01 10 00 16 19 68 94 00 A7 16 A0 16"                            File: Line:0 Function: Type:Debug:
DateTime:2026-08-27 11:03:28.450:"解析：功能码-AFN=52H,Fn=1："                            File: Line:0 Function: Type:Debug:
DateTime:2026-08-27 11:03:28.450:"透传回复内容：030301100016190C0068030110001619689400A716"                            File: Line:0 Function: Type:Debug:
DateTime:2026-08-27 11:03:28.450:"设置成功"                            File: Line:0 Function: Type:Debug:
DateTime:2026-08-27 11:03:28.450:dll输出信息: ""                            File: Line:0 Function: Type:Debug:
DateTime:2026-08-27 11:03:28.450:接口函数调用成功，返回的结果为 0                            File: Line:0 Function: Type:Debug:
DateTime:2026-08-27 11:03:28.450:"外部传入的para：0，返回的result：0,返回的pValRet：0"                            File: Line:0 Function: Type:Debug:
DateTime:2026-08-27 11:03:28.450:"执行接口函数CCO_AFN52_F1_EB030502_set完成"                            File: Line:0 Function: Type:Debug:
DateTime:2026-08-27 11:03:28.452:coorIndex 0                            File: Line:0 Function: Type:Debug:
DateTime:2026-08-27 11:03:28.452:当前流程结束                            File: Line:0 Function: Type:Debug:
DateTime:2026-08-27 11:03:28.452:退出connect函数                            File: Line:0 Function: Type:Debug:
DateTime:2026-08-27 11:03:28.452:"=========【EB030502设置校时允许周期或自动校时周期(STA)(设置5)】结束=========="                            File: Line:0 Function: Type:Debug:
DateTime:2026-08-27 11:03:28.452:"-----------------------------"                            File: Line:0 Function: Type:Debug:
DateTime:2026-08-27 11:03:28.454:"=============执行【延时5min】==================="                            File: Line:0 Function: Type:Debug:
DateTime:2026-08-27 11:03:28.454:"执行接口函数Func_Delay"                            File: Line:0 Function: Type:Debug:
DateTime:2026-08-27 11:03:28.454:callWorkFunction: Func_Delay                            File: Line:0 Function: Type:Debug:
DateTime:2026-08-27 11:03:28.454:找到对应函数，进入执行                            File: Line:0 Function: Type:Debug:
DateTime:2026-08-27 11:03:28.454:"延时时间为300s"                            File: Line:0 Function: Type:Debug:
DateTime:2026-08-27 11:03:28.454:"uTimeSecond_ms:300000"                            File: Line:0 Function: Type:Debug:
DateTime:2026-08-27 11:03:31.476:"等待工装回复超时"                            File: Line:0 Function: Type:Debug:
DateTime:2026-08-27 11:03:34.498:"等待工装回复超时"                            File: Line:0 Function: Type:Debug:
DateTime:2026-08-27 11:03:37.520:"等待工装回复超时"                            File: Line:0 Function: Type:Debug:
DateTime:2026-08-27 11:03:40.542:"等待工装回复超时"                            File: Line:0 Function: Type:Debug:
DateTime:2026-08-27 11:03:43.564:"等待工装回复超时"                            File: Line:0 Function: Type:Debug:
DateTime:2026-08-27 11:03:46.586:"等待工装回复超时"                            File: Line:0 Function: Type:Debug:
DateTime:2026-08-27 11:03:49.608:"等待工装回复超时"                            File: Line:0 Function: Type:Debug:
DateTime:2026-08-27 11:03:52.630:"等待工装回复超时"                            File: Line:0 Function: Type:Debug:
DateTime:2026-08-27 11:03:55.652:"等待工装回复超时"                            File: Line:0 Function: Type:Debug:
DateTime:2026-08-27 11:03:58.674:"等待工装回复超时"                            File: Line:0 Function: Type:Debug:
DateTime:2026-08-27 11:04:01.695:"等待工装回复超时"                            File: Line:0 Function: Type:Debug:
DateTime:2026-08-27 11:04:03.053:"工装接收：68 FA 00 FA 00 68 80 00 00 00 00 00 22 60 00 00 01 00 02 2F 00 68 2F 00 C0 00 00 00 00 00 05 56 02 00 03 48 77 00 74 01 01 18 68 48 77 00 74 01 01 68 81 0C 34 34 36 1E 34 45 C3 AB 89 67 45 97 01 16 85 16 EB 16"                            File: Line:0 Function: Type:Debug:
DateTime:2026-08-27 11:04:03.053:"m_baRecvMsg:"                            File: Line:0 Function: Type:Debug:
DateTime:2026-08-27 11:04:03.053:"rameList.size():"                            File: Line:0 Function: Type:Debug:
DateTime:2026-08-27 11:04:03.053:"进入报文解析"                            File: Line:0 Function: Type:Debug:
DateTime:2026-08-27 11:04:03.054:"68 FA 00 FA 00 68 80 00 00 00 00 00 22 60 00 00 01 00 02 2F 00 68 2F 00 C0 00 00 00 00 00 05 56 02 00 03 48 77 00 74 01 01 18 68 48 77 00 74 01 01 68 81 0C 34 34 36 1E 34 45 C3 AB 89 67 45 97 01 16 85 16 EB 16"                            File: Line:0 Function: Type:Debug:
DateTime:2026-08-27 11:04:03.054:"解码完成，功能码: 4"                            File: Line:0 Function: Type:Debug:
DateTime:2026-08-27 11:04:03.054:"工装回复透传报文"                            File: Line:0 Function: Type:Debug:
DateTime:2026-08-27 11:04:03.054:"022F00682F00C000000000000556020003487700740101186848770074010168810C3434361E3445C3AB8967459701168516"                            File: Line:0 Function: Type:Debug:
DateTime:2026-08-27 11:04:03.054:"内容:68 2f 00 c0 00 00 00 00 00 05 56 02 00 03 48 77 00 74 01 01 18 68 48 77 00 74 01 01 68 81 0c 34 34 36 1e 34 45 c3 ab 89 67 45 97 01 16 85 16"                            File: Line:0 Function: Type:Debug:
DateTime:2026-08-27 11:04:04.766:"等待工装回复超时"                            File: Line:0 Function: Type:Debug:
DateTime:2026-08-27 11:04:04.766:"查找结果: iret=0, wStart=0, dwOutLen=47, dwStreamLen=47, dwFindPos=0"                            File: Line:0 Function: Type:Debug:
DateTime:2026-08-27 11:04:04.766:"Receive:<= 68 2F 00 C0 00 00 00 00 00 05 56 02 00 03 48 77 00 74 01 01 18 68 48 77 00 74 01 01 68 81 0C 34 34 36 1E 34 45 C3 AB 89 67 45 97 01 16 85 16"                            File: Line:0 Function: Type:Debug:
DateTime:2026-08-27 11:04:04.766:"解析：功能码-AFN=56H,Fn=2："                            File: Line:0 Function: Type:Debug:
DateTime:2026-08-27 11:04:04.766:"AFN或者Fn与预判不一致"                            File: Line:0 Function: Type:Debug:
DateTime:2026-08-27 11:04:04.766:"Send(确认)：=> 68 0F 00 43 00 00 00 00 00 05 50 01 00 99 16"                            File: Line:0 Function: Type:Debug:
DateTime:2026-08-27 11:04:04.766:"槽位2透传:687E007E006840000000000022600000010002013C00680F00430000000000055001009916C116"                            File: Line:0 Function: Type:Debug:
DateTime:2026-08-27 11:04:04.766:"工装发送：68 7E 00 7E 00 68 40 00 00 00 00 00 22 60 00 00 01 00 02 01 3C 00 68 0F 00 43 00 00 00 00 00 05 50 01 00 99 16 C1 16"                            File: Line:0 Function: Type:Debug:
DateTime:2026-08-27 11:04:04.784:"工装接收：68 32 00 32 00 68 80 00 00 00 00 00 00 60 00 00 01 00 E1 16"                            File: Line:0 Function: Type:Debug:
DateTime:2026-08-27 11:04:04.784:"m_baRecvMsg:"                            File: Line:0 Function: Type:Debug:
DateTime:2026-08-27 11:04:04.784:"rameList.size():"                            File: Line:0 Function: Type:Debug:
DateTime:2026-08-27 11:04:04.784:"进入报文解析"                            File: Line:0 Function: Type:Debug:
DateTime:2026-08-27 11:04:04.784:"68 32 00 32 00 68 80 00 00 00 00 00 00 60 00 00 01 00 E1 16"                            File: Line:0 Function: Type:Debug:
DateTime:2026-08-27 11:04:04.784:"解码完成，功能码: 1"                            File: Line:0 Function: Type:Debug:
DateTime:2026-08-27 11:04:04.784:"工装回复确认帧"                            File: Line:0 Function: Type:Debug:
DateTime:2026-08-27 11:04:10.828:"等待工装回复超时"                            File: Line:0 Function: Type:Debug:
DateTime:2026-08-27 11:04:13.850:"等待工装回复超时"                            File: Line:0 Function: Type:Debug:
DateTime:2026-08-27 11:04:16.872:"等待工装回复超时"                            File: Line:0 Function: Type:Debug:
DateTime:2026-08-27 11:04:19.894:"等待工装回复超时"                            File: Line:0 Function: Type:Debug:
DateTime:2026-08-27 11:04:22.916:"等待工装回复超时"                            File: Line:0 Function: Type:Debug:
DateTime:2026-08-27 11:04:25.291:"工装接收：68 7A 00 7A 00 68 80 00 00 00 00 00 22 60 00 00 01 00 02 0F 00 68 0F 00 C3 00 00 00 00 00 06 14 02 00 DF 16 5F 16"                            File: Line:0 Function: Type:Debug:
DateTime:2026-08-27 11:04:25.291:"m_baRecvMsg:"                            File: Line:0 Function: Type:Debug:
DateTime:2026-08-27 11:04:25.291:"rameList.size():"                            File: Line:0 Function: Type:Debug:
DateTime:2026-08-27 11:04:25.291:"进入报文解析"                            File: Line:0 Function: Type:Debug:
DateTime:2026-08-27 11:04:25.291:"68 7A 00 7A 00 68 80 00 00 00 00 00 22 60 00 00 01 00 02 0F 00 68 0F 00 C3 00 00 00 00 00 06 14 02 00 DF 16 5F 16"                            File: Line:0 Function: Type:Debug:
DateTime:2026-08-27 11:04:25.291:"解码完成，功能码: 4"                            File: Line:0 Function: Type:Debug:
DateTime:2026-08-27 11:04:25.291:"工装回复透传报文"                            File: Line:0 Function: Type:Debug:
DateTime:2026-08-27 11:04:25.291:"020F00680F00C3000000000006140200DF16"                            File: Line:0 Function: Type:Debug:
DateTime:2026-08-27 11:04:25.291:"内容:68 0f 00 c3 00 00 00 00 00 06 14 02 00 df 16"                            File: Line:0 Function: Type:Debug:
DateTime:2026-08-27 11:04:25.996:"等待工装回复超时"                            File: Line:0 Function: Type:Debug:
DateTime:2026-08-27 11:04:25.996:"查找结果: iret=0, wStart=0, dwOutLen=15, dwStreamLen=15, dwFindPos=0"                            File: Line:0 Function: Type:Debug:
DateTime:2026-08-27 11:04:25.996:"Receive:<= 68 0F 00 C3 00 00 00 00 00 06 14 02 00 DF 16"                            File: Line:0 Function: Type:Debug:
DateTime:2026-08-27 11:04:25.996:"解析：功能码-AFN=14H,Fn=2："                            File: Line:0 Function: Type:Debug:
DateTime:2026-08-27 11:04:25.996:"Send(回复路由请求集中器时钟)：=> 68 15 00 03 00 00 00 00 00 06 14 02 00 25 04 11 27 08 26 AE 16"                            File: Line:0 Function: Type:Debug:
DateTime:2026-08-27 11:04:25.996:"槽位2透传:68960096006840000000000022600000010002013C0068150003000000000006140200250411270826AE16F116"                            File: Line:0 Function: Type:Debug:
DateTime:2026-08-27 11:04:25.996:"工装发送：68 96 00 96 00 68 40 00 00 00 00 00 22 60 00 00 01 00 02 01 3C 00 68 15 00 03 00 00 00 00 00 06 14 02 00 25 04 11 27 08 26 AE 16 F1 16"                            File: Line:0 Function: Type:Debug:
DateTime:2026-08-27 11:04:26.021:"工装接收：68 32 00 32 00 68 80 00 00 00 00 00 00 60 00 00 01 00 E1 16"                            File: Line:0 Function: Type:Debug:
DateTime:2026-08-27 11:04:26.021:"m_baRecvMsg:"                            File: Line:0 Function: Type:Debug:
DateTime:2026-08-27 11:04:26.021:"rameList.size():"                            File: Line:0 Function: Type:Debug:
DateTime:2026-08-27 11:04:26.021:"进入报文解析"                            File: Line:0 Function: Type:Debug:
DateTime:2026-08-27 11:04:26.021:"68 32 00 32 00 68 80 00 00 00 00 00 00 60 00 00 01 00 E1 16"                            File: Line:0 Function: Type:Debug:
DateTime:2026-08-27 11:04:26.021:"解码完成，功能码: 1"                            File: Line:0 Function: Type:Debug:
DateTime:2026-08-27 11:04:26.021:"工装回复确认帧"                            File: Line:0 Function: Type:Debug:
DateTime:2026-08-27 11:04:32.065:"等待工装回复超时"                            File: Line:0 Function: Type:Debug:
DateTime:2026-08-27 11:04:35.087:"等待工装回复超时"                            File: Line:0 Function: Type:Debug:
DateTime:2026-08-27 11:04:38.109:"等待工装回复超时"                            File: Line:0 Function: Type:Debug:
DateTime:2026-08-27 11:04:41.131:"等待工装回复超时"                            File: Line:0 Function: Type:Debug:
DateTime:2026-08-27 11:04:44.153:"等待工装回复超时"                            File: Line:0 Function: Type:Debug:
DateTime:2026-08-27 11:04:47.175:"等待工装回复超时"                            File: Line:0 Function: Type:Debug:
DateTime:2026-08-27 11:04:50.197:"等待工装回复超时"                            File: Line:0 Function: Type:Debug:
DateTime:2026-08-27 11:04:53.219:"等待工装回复超时"                            File: Line:0 Function: Type:Debug:
DateTime:2026-08-27 11:04:56.241:"等待工装回复超时"                            File: Line:0 Function: Type:Debug:
DateTime:2026-08-27 11:04:59.263:"等待工装回复超时"                            File: Line:0 Function: Type:Debug:
DateTime:2026-08-27 11:05:02.284:"等待工装回复超时"                            File: Line:0 Function: Type:Debug:
DateTime:2026-08-27 11:05:05.306:"等待工装回复超时"                            File: Line:0 Function: Type:Debug:
DateTime:2026-08-27 11:05:08.328:"等待工装回复超时"                            File: Line:0 Function: Type:Debug:
DateTime:2026-08-27 11:05:08.663:"工装接收：68 C6 03 C6 03 68 80 00 00 00 00 00 22 60 00 00 01 00 02 E2 00 68 E2 00 C0 00 00 00 00 00 08 56 02 00 03 13 60 09 44 01 01 CB 68 C9 00 83 05 13 60 09 44 01 01 00 6D D0 88 01 25 01 EB E0 00 83 01 09 81 AC 01 01 26 08 27 11 00 00 00 5E 08 01 06 04 00 10 04 01 09 15 00 00 00 00 00 04 85 EB 15 00 00 00 00 00 04 85 EB 15 00 00 00 00 00 04 85 EB 15 00 00 00 00 00 04 85 EB 15 00 00 00 00 00 04 85 EB 15 00 00 00 00 00 04 85 EB 20 02 02 01 01 00 00 00 00 00 00 20 03 02 00 05 01 01 12 00 00 01 01 12 00 00 01 01 12 00 00 01 01 12 00 00 01 01 12 00 00 01 01 12 00 00 40 00 02 00 08 1C 07 EA 08 1B 0A 37 0B 1C 07 EA 08 1B 0A 38 0A 1C 07 EA 08 1B 0A 39 0A 1C 07 EA 08 1B 0A 3A 0A 1C 07 EA 08 1B 0A 3B 0A 1C 07 EA 08 1B 0B 00 0A 00 00 34 79 16 55 16 F1 16"                            File: Line:0 Function: Type:Debug:
DateTime:2026-08-27 11:05:08.663:"m_baRecvMsg:"                            File: Line:0 Function: Type:Debug:
DateTime:2026-08-27 11:05:08.663:"rameList.size():"                            File: Line:0 Function: Type:Debug:
DateTime:2026-08-27 11:05:08.663:"进入报文解析"                            File: Line:0 Function: Type:Debug:
DateTime:2026-08-27 11:05:08.663:"68 C6 03 C6 03 68 80 00 00 00 00 00 22 60 00 00 01 00 02 E2 00 68 E2 00 C0 00 00 00 00 00 08 56 02 00 03 13 60 09 44 01 01 CB 68 C9 00 83 05 13 60 09 44 01 01 00 6D D0 88 01 25 01 EB E0 00 83 01 09 81 AC 01 01 26 08 27 11 00 00 00 5E 08 01 06 04 00 10 04 01 09 15 00 00 00 00 00 04 85 EB 15 00 00 00 00 00 04 85 EB 15 00 00 00 00 00 04 85 EB 15 00 00 00 00 00 04 85 EB 15 00 00 00 00 00 04 85 EB 15 00 00 00 00 00 04 85 EB 20 02 02 01 01 00 00 00 00 00 00 20 03 02 00 05 01 01 12 00 00 01 01 12 00 00 01 01 12 00 00 01 01 12 00 00 01 01 12 00 00 01 01 12 00 00 40 00 02 00 08 1C 07 EA 08 1B 0A 37 0B 1C 07 EA 08 1B 0A 38 0A 1C 07 EA 08 1B 0A 39 0A 1C 07 EA 08 1B 0A 3A 0A 1C 07 EA 08 1B 0A 3B 0A 1C 07 EA 08 1B 0B 00 0A 00 00 34 79 16 55 16 F1 16"                            File: Line:0 Function: Type:Debug:
DateTime:2026-08-27 11:05:08.663:"解码完成，功能码: 4"                            File: Line:0 Function: Type:Debug:
DateTime:2026-08-27 11:05:08.663:"工装回复透传报文"                            File: Line:0 Function: Type:Debug:
DateTime:2026-08-27 11:05:08.664:"02E20068E200C000000000000856020003136009440101CB68C9008305136009440101006DD088012501EBE00083010981AC0101260827110000005E0801060400100401091500000000000485EB1500000000000485EB1500000000000485EB1500000000000485EB1500000000000485EB1500000000000485EB2002020101000000000000200302000501011200000101120000010112000001011200000101120000010112000040000200081C07EA081B0A370B1C07EA081B0A380A1C07EA081B0A390A1C07EA081B0A3A0A1C07EA081B0A3B0A1C07EA081B0B000A00003479165516"                            File: Line:0 Function: Type:Debug:
DateTime:2026-08-27 11:05:08.664:"内容:68 e2 00 c0 00 00 00 00 00 08 56 02 00 03 13 60 09 44 01 01 cb 68 c9 00 83 05 13 60 09 44 01 01 00 6d d0 88 01 25 01 eb e0 00 83 01 09 81 ac 01 01 26 08 27 11 00 00 00 5e 08 01 06 04 00 10 04 01 09 15 00 00 00 00 00 04 85 eb 15 00 00 00 00 00 04 85 eb 15 00 00 00 00 00 04 85 eb 15 00 00 00 00 00 04 85 eb 15 00 00 00 00 00 04 85 eb 15 00 00 00 00 00 04 85 eb 20 02 02 01 01 00 00 00 00 00 00 20 03 02 00 05 01 01 12 00 00 01 01 12 00 00 01 01 12 00 00 01 01 12 00 00 01 01 12 00 00 01 01 12 00 00 40 00 02 00 08 1c 07 ea 08 1b 0a 37 0b 1c 07 ea 08 1b 0a 38 0a 1c 07 ea 08 1b 0a 39 0a 1c 07 ea 08 1b 0a 3a 0a 1c 07 ea 08 1b 0a 3b 0a 1c 07 ea 08 1b 0b 00 0a 00 00 34 79 16 55 16"                            File: Line:0 Function: Type:Debug:
DateTime:2026-08-27 11:05:11.384:"等待工装回复超时"                            File: Line:0 Function: Type:Debug:
DateTime:2026-08-27 11:05:11.384:"查找结果: iret=0, wStart=0, dwOutLen=226, dwStreamLen=226, dwFindPos=0"                            File: Line:0 Function: Type:Debug:
DateTime:2026-08-27 11:05:11.384:"Receive:<= 68 E2 00 C0 00 00 00 00 00 08 56 02 00 03 13 60 09 44 01 01 CB 68 C9 00 83 05 13 60 09 44 01 01 00 6D D0 88 01 25 01 EB E0 00 83 01 09 81 AC 01 01 26 08 27 11 00 00 00 5E 08 01 06 04 00 10 04 01 09 15 00 00 00 00 00 04 85 EB 15 00 00 00 00 00 04 85 EB 15 00 00 00 00 00 04 85 EB 15 00 00 00 00 00 04 85 EB 15 00 00 00 00 00 04 85 EB 15 00 00 00 00 00 04 85 EB 20 02 02 01 01 00 00 00 00 00 00 20 03 02 00 05 01 01 12 00 00 01 01 12 00 00 01 01 12 00 00 01 01 12 00 00 01 01 12 00 00 01 01 12 00 00 40 00 02 00 08 1C 07 EA 08 1B 0A 37 0B 1C 07 EA 08 1B 0A 38 0A 1C 07 EA 08 1B 0A 39 0A 1C 07 EA 08 1B 0A 3A 0A 1C 07 EA 08 1B 0A 3B 0A 1C 07 EA 08 1B 0B 00 0A 00 00 34 79 16 55 16"                            File: Line:0 Function: Type:Debug:
DateTime:2026-08-27 11:05:11.384:"解析：功能码-AFN=56H,Fn=2："                            File: Line:0 Function: Type:Debug:
DateTime:2026-08-27 11:05:11.384:"AFN或者Fn与预判不一致"                            File: Line:0 Function: Type:Debug:
DateTime:2026-08-27 11:05:11.384:"Send(确认)：=> 68 0F 00 43 00 00 00 00 00 08 50 01 00 9C 16"                            File: Line:0 Function: Type:Debug:
DateTime:2026-08-27 11:05:11.384:"槽位2透传:687E007E006840000000000022600000010002013C00680F00430000000000085001009C16C716"                            File: Line:0 Function: Type:Debug:
DateTime:2026-08-27 11:05:11.384:"工装发送：68 7E 00 7E 00 68 40 00 00 00 00 00 22 60 00 00 01 00 02 01 3C 00 68 0F 00 43 00 00 00 00 00 08 50 01 00 9C 16 C7 16"                            File: Line:0 Function: Type:Debug:
DateTime:2026-08-27 11:05:11.402:"工装接收：68 32 00 32 00 68 80 00 00 00 00 00 00 60 00 00 01 00 E1 16"                            File: Line:0 Function: Type:Debug:
DateTime:2026-08-27 11:05:11.402:"m_baRecvMsg:"                            File: Line:0 Function: Type:Debug:
DateTime:2026-08-27 11:05:11.402:"rameList.size():"                            File: Line:0 Function: Type:Debug:
DateTime:2026-08-27 11:05:11.402:"进入报文解析"                            File: Line:0 Function: Type:Debug:
DateTime:2026-08-27 11:05:11.402:"68 32 00 32 00 68 80 00 00 00 00 00 00 60 00 00 01 00 E1 16"                            File: Line:0 Function: Type:Debug:
DateTime:2026-08-27 11:05:11.402:"解码完成，功能码: 1"                            File: Line:0 Function: Type:Debug:
DateTime:2026-08-27 11:05:11.403:"工装回复确认帧"                            File: Line:0 Function: Type:Debug:
DateTime:2026-08-27 11:05:11.653:"工装接收：68 C6 03 C6 03 68 80 00 00 00 00 00 22 60 00 00 01 00 02 E2 00 68 E2 00 C0 00 00 00 00 00 08 56 02 00 03 13 60 09 44 01 01 CB 68 C9 00 83 05 13 60 09 44 01 01 00 6D D0 88 01 25 01 EB E0 00 83 01 09 81 AC 01 01 26 08 27 11 00 00 00 5E 08 01 06 04 00 10 04 01 09 15 00 00 00 00 00 04 85 EB 15 00 00 00 00 00 04 85 EB 15 00 00 00 00 00 04 85 EB 15 00 00 00 00 00 04 85 EB 15 00 00 00 00 00 04 85 EB 15 00 00 00 00 00 04 85 EB 20 02 02 01 01 00 00 00 00 00 00 20 03 02 00 05 01 01 12 00 00 01 01 12 00 00 01 01 12 00 00 01 01 12 00 00 01 01 12 00 00 01 01 12 00 00 40 00 02 00 08 1C 07 EA 08 1B 0A 37 0B 1C 07 EA 08 1B 0A 38 0A 1C 07 EA 08 1B 0A 39 0A 1C 07 EA 08 1B 0A 3A 0A 1C 07 EA 08 1B 0A 3B 0A 1C 07 EA 08 1B 0B 00 0A 00 00 34 79 16 55 16 F1 16"                            File: Line:0 Function: Type:Debug:
DateTime:2026-08-27 11:05:11.653:"m_baRecvMsg:"                            File: Line:0 Function: Type:Debug:
DateTime:2026-08-27 11:05:11.653:"rameList.size():"                            File: Line:0 Function: Type:Debug:
DateTime:2026-08-27 11:05:11.653:"进入报文解析"                            File: Line:0 Function: Type:Debug:
DateTime:2026-08-27 11:05:11.653:"68 C6 03 C6 03 68 80 00 00 00 00 00 22 60 00 00 01 00 02 E2 00 68 E2 00 C0 00 00 00 00 00 08 56 02 00 03 13 60 09 44 01 01 CB 68 C9 00 83 05 13 60 09 44 01 01 00 6D D0 88 01 25 01 EB E0 00 83 01 09 81 AC 01 01 26 08 27 11 00 00 00 5E 08 01 06 04 00 10 04 01 09 15 00 00 00 00 00 04 85 EB 15 00 00 00 00 00 04 85 EB 15 00 00 00 00 00 04 85 EB 15 00 00 00 00 00 04 85 EB 15 00 00 00 00 00 04 85 EB 15 00 00 00 00 00 04 85 EB 20 02 02 01 01 00 00 00 00 00 00 20 03 02 00 05 01 01 12 00 00 01 01 12 00 00 01 01 12 00 00 01 01 12 00 00 01 01 12 00 00 01 01 12 00 00 40 00 02 00 08 1C 07 EA 08 1B 0A 37 0B 1C 07 EA 08 1B 0A 38 0A 1C 07 EA 08 1B 0A 39 0A 1C 07 EA 08 1B 0A 3A 0A 1C 07 EA 08 1B 0A 3B 0A 1C 07 EA 08 1B 0B 00 0A 00 00 34 79 16 55 16 F1 16"                            File: Line:0 Function: Type:Debug:
DateTime:2026-08-27 11:05:11.653:"解码完成，功能码: 4"                            File: Line:0 Function: Type:Debug:
DateTime:2026-08-27 11:05:11.653:"工装回复透传报文"                            File: Line:0 Function: Type:Debug:
DateTime:2026-08-27 11:05:11.653:"02E20068E200C000000000000856020003136009440101CB68C9008305136009440101006DD088012501EBE00083010981AC0101260827110000005E0801060400100401091500000000000485EB1500000000000485EB1500000000000485EB1500000000000485EB1500000000000485EB1500000000000485EB2002020101000000000000200302000501011200000101120000010112000001011200000101120000010112000040000200081C07EA081B0A370B1C07EA081B0A380A1C07EA081B0A390A1C07EA081B0A3A0A1C07EA081B0A3B0A1C07EA081B0B000A00003479165516"                            File: Line:0 Function: Type:Debug:
DateTime:2026-08-27 11:05:11.654:"内容:68 e2 00 c0 00 00 00 00 00 08 56 02 00 03 13 60 09 44 01 01 cb 68 c9 00 83 05 13 60 09 44 01 01 00 6d d0 88 01 25 01 eb e0 00 83 01 09 81 ac 01 01 26 08 27 11 00 00 00 5e 08 01 06 04 00 10 04 01 09 15 00 00 00 00 00 04 85 eb 15 00 00 00 00 00 04 85 eb 15 00 00 00 00 00 04 85 eb 15 00 00 00 00 00 04 85 eb 15 00 00 00 00 00 04 85 eb 15 00 00 00 00 00 04 85 eb 20 02 02 01 01 00 00 00 00 00 00 20 03 02 00 05 01 01 12 00 00 01 01 12 00 00 01 01 12 00 00 01 01 12 00 00 01 01 12 00 00 01 01 12 00 00 40 00 02 00 08 1c 07 ea 08 1b 0a 37 0b 1c 07 ea 08 1b 0a 38 0a 1c 07 ea 08 1b 0a 39 0a 1c 07 ea 08 1b 0a 3a 0a 1c 07 ea 08 1b 0a 3b 0a 1c 07 ea 08 1b 0b 00 0a 00 00 34 79 16 55 16"                            File: Line:0 Function: Type:Debug:
DateTime:2026-08-27 11:05:14.475:"查找结果: iret=0, wStart=0, dwOutLen=226, dwStreamLen=226, dwFindPos=0"                            File: Line:0 Function: Type:Debug:
DateTime:2026-08-27 11:05:14.475:"Receive:<= 68 E2 00 C0 00 00 00 00 00 08 56 02 00 03 13 60 09 44 01 01 CB 68 C9 00 83 05 13 60 09 44 01 01 00 6D D0 88 01 25 01 EB E0 00 83 01 09 81 AC 01 01 26 08 27 11 00 00 00 5E 08 01 06 04 00 10 04 01 09 15 00 00 00 00 00 04 85 EB 15 00 00 00 00 00 04 85 EB 15 00 00 00 00 00 04 85 EB 15 00 00 00 00 00 04 85 EB 15 00 00 00 00 00 04 85 EB 15 00 00 00 00 00 04 85 EB 20 02 02 01 01 00 00 00 00 00 00 20 03 02 00 05 01 01 12 00 00 01 01 12 00 00 01 01 12 00 00 01 01 12 00 00 01 01 12 00 00 01 01 12 00 00 40 00 02 00 08 1C 07 EA 08 1B 0A 37 0B 1C 07 EA 08 1B 0A 38 0A 1C 07 EA 08 1B 0A 39 0A 1C 07 EA 08 1B 0A 3A 0A 1C 07 EA 08 1B 0A 3B 0A 1C 07 EA 08 1B 0B 00 0A 00 00 34 79 16 55 16"                            File: Line:0 Function: Type:Debug:
DateTime:2026-08-27 11:05:14.475:"解析：功能码-AFN=56H,Fn=2："                            File: Line:0 Function: Type:Debug:
DateTime:2026-08-27 11:05:14.475:"AFN或者Fn与预判不一致"                            File: Line:0 Function: Type:Debug:
DateTime:2026-08-27 11:05:14.475:"Send(确认)：=> 68 0F 00 43 00 00 00 00 00 08 50 01 00 9C 16"                            File: Line:0 Function: Type:Debug:
DateTime:2026-08-27 11:05:14.475:"槽位2透传:687E007E006840000000000022600000010002013C00680F00430000000000085001009C16C716"                            File: Line:0 Function: Type:Debug:
DateTime:2026-08-27 11:05:14.475:"工装发送：68 7E 00 7E 00 68 40 00 00 00 00 00 22 60 00 00 01 00 02 01 3C 00 68 0F 00 43 00 00 00 00 00 08 50 01 00 9C 16 C7 16"                            File: Line:0 Function: Type:Debug:
DateTime:2026-08-27 11:05:14.493:"工装接收：68 32 00 32 00 68 80 00 00 00 00 00 00 60 00 00 01 00 E1 16"                            File: Line:0 Function: Type:Debug:
DateTime:2026-08-27 11:05:14.493:"m_baRecvMsg:"                            File: Line:0 Function: Type:Debug:
DateTime:2026-08-27 11:05:14.493:"rameList.size():"                            File: Line:0 Function: Type:Debug:
DateTime:2026-08-27 11:05:14.493:"进入报文解析"                            File: Line:0 Function: Type:Debug:
DateTime:2026-08-27 11:05:14.493:"68 32 00 32 00 68 80 00 00 00 00 00 00 60 00 00 01 00 E1 16"                            File: Line:0 Function: Type:Debug:
DateTime:2026-08-27 11:05:14.493:"解码完成，功能码: 1"                            File: Line:0 Function: Type:Debug:
DateTime:2026-08-27 11:05:14.493:"工装回复确认帧"                            File: Line:0 Function: Type:Debug:
DateTime:2026-08-27 11:05:20.537:"等待工装回复超时"                            File: Line:0 Function: Type:Debug:
DateTime:2026-08-27 11:05:23.559:"等待工装回复超时"                            File: Line:0 Function: Type:Debug:
DateTime:2026-08-27 11:05:26.581:"等待工装回复超时"                            File: Line:0 Function: Type:Debug:
DateTime:2026-08-27 11:05:29.602:"等待工装回复超时"                            File: Line:0 Function: Type:Debug:
DateTime:2026-08-27 11:05:32.624:"等待工装回复超时"                            File: Line:0 Function: Type:Debug:
DateTime:2026-08-27 11:05:35.646:"等待工装回复超时"                            File: Line:0 Function: Type:Debug:
DateTime:2026-08-27 11:05:38.668:"等待工装回复超时"                            File: Line:0 Function: Type:Debug:
DateTime:2026-08-27 11:05:41.690:"等待工装回复超时"                            File: Line:0 Function: Type:Debug:
DateTime:2026-08-27 11:05:44.712:"等待工装回复超时"                            File: Line:0 Function: Type:Debug:
DateTime:2026-08-27 11:05:47.734:"等待工装回复超时"                            File: Line:0 Function: Type:Debug:
DateTime:2026-08-27 11:05:50.756:"等待工装回复超时"                            File: Line:0 Function: Type:Debug:
DateTime:2026-08-27 11:05:53.778:"等待工装回复超时"                            File: Line:0 Function: Type:Debug:
DateTime:2026-08-27 11:05:56.800:"等待工装回复超时"                            File: Line:0 Function: Type:Debug:
DateTime:2026-08-27 11:05:59.822:"等待工装回复超时"                            File: Line:0 Function: Type:Debug:
DateTime:2026-08-27 11:06:02.844:"等待工装回复超时"                            File: Line:0 Function: Type:Debug:
DateTime:2026-08-27 11:06:05.028:"工装接收：68 FA 00 FA 00 68 80 00 00 00 00 00 22 60 00 00 01 00 02 2F 00 68 2F 00 C0 00 00 00 00 00 09 56 02 00 03 13 60 09 44 01 01 18 68 13 60 09 44 01 01 68 81 0C 34 34 36 1E 34 45 C3 AB 89 67 45 97 8E 16 30 16 41 16"                            File: Line:0 Function: Type:Debug:
DateTime:2026-08-27 11:06:05.028:"m_baRecvMsg:"                            File: Line:0 Function: Type:Debug:
DateTime:2026-08-27 11:06:05.028:"rameList.size():"                            File: Line:0 Function: Type:Debug:
DateTime:2026-08-27 11:06:05.028:"进入报文解析"                            File: Line:0 Function: Type:Debug:
DateTime:2026-08-27 11:06:05.028:"68 FA 00 FA 00 68 80 00 00 00 00 00 22 60 00 00 01 00 02 2F 00 68 2F 00 C0 00 00 00 00 00 09 56 02 00 03 13 60 09 44 01 01 18 68 13 60 09 44 01 01 68 81 0C 34 34 36 1E 34 45 C3 AB 89 67 45 97 8E 16 30 16 41 16"                            File: Line:0 Function: Type:Debug:
DateTime:2026-08-27 11:06:05.028:"解码完成，功能码: 4"                            File: Line:0 Function: Type:Debug:
DateTime:2026-08-27 11:06:05.028:"工装回复透传报文"                            File: Line:0 Function: Type:Debug:
DateTime:2026-08-27 11:06:05.028:"022F00682F00C000000000000956020003136009440101186813600944010168810C3434361E3445C3AB896745978E163016"                            File: Line:0 Function: Type:Debug:
DateTime:2026-08-27 11:06:05.028:"内容:68 2f 00 c0 00 00 00 00 00 09 56 02 00 03 13 60 09 44 01 01 18 68 13 60 09 44 01 01 68 81 0c 34 34 36 1e 34 45 c3 ab 89 67 45 97 8e 16 30 16"                            File: Line:0 Function: Type:Debug:
DateTime:2026-08-27 11:06:05.934:"等待工装回复超时"                            File: Line:0 Function: Type:Debug:
DateTime:2026-08-27 11:06:05.934:"查找结果: iret=0, wStart=0, dwOutLen=47, dwStreamLen=47, dwFindPos=0"                            File: Line:0 Function: Type:Debug:
DateTime:2026-08-27 11:06:05.934:"Receive:<= 68 2F 00 C0 00 00 00 00 00 09 56 02 00 03 13 60 09 44 01 01 18 68 13 60 09 44 01 01 68 81 0C 34 34 36 1E 34 45 C3 AB 89 67 45 97 8E 16 30 16"                            File: Line:0 Function: Type:Debug:
DateTime:2026-08-27 11:06:05.934:"解析：功能码-AFN=56H,Fn=2："                            File: Line:0 Function: Type:Debug:
DateTime:2026-08-27 11:06:05.934:"AFN或者Fn与预判不一致"                            File: Line:0 Function: Type:Debug:
DateTime:2026-08-27 11:06:05.934:"Send(确认)：=> 68 0F 00 43 00 00 00 00 00 09 50 01 00 9D 16"                            File: Line:0 Function: Type:Debug:
DateTime:2026-08-27 11:06:05.934:"槽位2透传:687E007E006840000000000022600000010002013C00680F00430000000000095001009D16C916"                            File: Line:0 Function: Type:Debug:
DateTime:2026-08-27 11:06:05.934:"工装发送：68 7E 00 7E 00 68 40 00 00 00 00 00 22 60 00 00 01 00 02 01 3C 00 68 0F 00 43 00 00 00 00 00 09 50 01 00 9D 16 C9 16"                            File: Line:0 Function: Type:Debug:
DateTime:2026-08-27 11:06:05.952:"工装接收：68 32 00 32 00 68 80 00 00 00 00 00 00 60 00 00 01 00 E1 16"                            File: Line:0 Function: Type:Debug:
DateTime:2026-08-27 11:06:05.952:"m_baRecvMsg:"                            File: Line:0 Function: Type:Debug:
DateTime:2026-08-27 11:06:05.952:"rameList.size():"                            File: Line:0 Function: Type:Debug:
DateTime:2026-08-27 11:06:05.952:"进入报文解析"                            File: Line:0 Function: Type:Debug:
DateTime:2026-08-27 11:06:05.952:"68 32 00 32 00 68 80 00 00 00 00 00 00 60 00 00 01 00 E1 16"                            File: Line:0 Function: Type:Debug:
DateTime:2026-08-27 11:06:05.952:"解码完成，功能码: 1"                            File: Line:0 Function: Type:Debug:
DateTime:2026-08-27 11:06:05.952:"工装回复确认帧"                            File: Line:0 Function: Type:Debug:
DateTime:2026-08-27 11:06:06.208:"工装接收：68 FA 00 FA 00 68 80 00 00 00 00 00 22 60 00 00 01 00 02 2F 00 68 2F 00 C0 00 00 00 00 00 0A 56 02 00 03 55 85 64 44 01 01 18 68 55 85 64 44 01 01 68 81 0C 34 34 36 1E 34 45 C3 AB 89 67 45 97 50 16 77 16 CF 16"                            File: Line:0 Function: Type:Debug:
DateTime:2026-08-27 11:06:06.208:"m_baRecvMsg:"                            File: Line:0 Function: Type:Debug:
DateTime:2026-08-27 11:06:06.208:"rameList.size():"                            File: Line:0 Function: Type:Debug:
DateTime:2026-08-27 11:06:06.208:"进入报文解析"                            File: Line:0 Function: Type:Debug:
DateTime:2026-08-27 11:06:06.208:"68 FA 00 FA 00 68 80 00 00 00 00 00 22 60 00 00 01 00 02 2F 00 68 2F 00 C0 00 00 00 00 00 0A 56 02 00 03 55 85 64 44 01 01 18 68 55 85 64 44 01 01 68 81 0C 34 34 36 1E 34 45 C3 AB 89 67 45 97 50 16 77 16 CF 16"                            File: Line:0 Function: Type:Debug:
DateTime:2026-08-27 11:06:06.208:"解码完成，功能码: 4"                            File: Line:0 Function: Type:Debug:
DateTime:2026-08-27 11:06:06.208:"工装回复透传报文"                            File: Line:0 Function: Type:Debug:
DateTime:2026-08-27 11:06:06.208:"022F00682F00C000000000000A56020003558564440101186855856444010168810C3434361E3445C3AB8967459750167716"                            File: Line:0 Function: Type:Debug:
DateTime:2026-08-27 11:06:06.208:"内容:68 2f 00 c0 00 00 00 00 00 0a 56 02 00 03 55 85 64 44 01 01 18 68 55 85 64 44 01 01 68 81 0c 34 34 36 1e 34 45 c3 ab 89 67 45 97 50 16 77 16"                            File: Line:0 Function: Type:Debug:
DateTime:2026-08-27 11:06:09.028:"查找结果: iret=0, wStart=0, dwOutLen=47, dwStreamLen=47, dwFindPos=0"                            File: Line:0 Function: Type:Debug:
DateTime:2026-08-27 11:06:09.028:"Receive:<= 68 2F 00 C0 00 00 00 00 00 0A 56 02 00 03 55 85 64 44 01 01 18 68 55 85 64 44 01 01 68 81 0C 34 34 36 1E 34 45 C3 AB 89 67 45 97 50 16 77 16"                            File: Line:0 Function: Type:Debug:
DateTime:2026-08-27 11:06:09.028:"解析：功能码-AFN=56H,Fn=2："                            File: Line:0 Function: Type:Debug:
DateTime:2026-08-27 11:06:09.028:"AFN或者Fn与预判不一致"                            File: Line:0 Function: Type:Debug:
DateTime:2026-08-27 11:06:09.028:"Send(确认)：=> 68 0F 00 43 00 00 00 00 00 0A 50 01 00 9E 16"                            File: Line:0 Function: Type:Debug:
DateTime:2026-08-27 11:06:09.028:"槽位2透传:687E007E006840000000000022600000010002013C00680F004300000000000A5001009E16CB16"                            File: Line:0 Function: Type:Debug:
DateTime:2026-08-27 11:06:09.028:"工装发送：68 7E 00 7E 00 68 40 00 00 00 00 00 22 60 00 00 01 00 02 01 3C 00 68 0F 00 43 00 00 00 00 00 0A 50 01 00 9E 16 CB 16"                            File: Line:0 Function: Type:Debug:
DateTime:2026-08-27 11:06:09.046:"工装接收：68 32 00 32 00 68 80 00 00 00 00 00 00 60 00 00 01 00 E1 16"                            File: Line:0 Function: Type:Debug:
DateTime:2026-08-27 11:06:09.046:"m_baRecvMsg:"                            File: Line:0 Function: Type:Debug:
DateTime:2026-08-27 11:06:09.046:"rameList.size():"                            File: Line:0 Function: Type:Debug:
DateTime:2026-08-27 11:06:09.046:"进入报文解析"                            File: Line:0 Function: Type:Debug:
DateTime:2026-08-27 11:06:09.046:"68 32 00 32 00 68 80 00 00 00 00 00 00 60 00 00 01 00 E1 16"                            File: Line:0 Function: Type:Debug:
DateTime:2026-08-27 11:06:09.046:"解码完成，功能码: 1"                            File: Line:0 Function: Type:Debug:
DateTime:2026-08-27 11:06:09.046:"工装回复确认帧"                            File: Line:0 Function: Type:Debug:
DateTime:2026-08-27 11:06:09.307:"工装接收：68 FA 00 FA 00 68 80 00 00 00 00 00 22 60 00 00 01 00 02 2F 00 68 2F 00 C0 00 00 00 00 00 0B 56 02 00 03 18 59 02 48 01 01 18 68 18 59 02 48 01 01 68 81 0C 34 34 36 1E 34 45 C3 AB 89 67 45 97 89 16 23 16 27 16"                            File: Line:0 Function: Type:Debug:
DateTime:2026-08-27 11:06:09.307:"m_baRecvMsg:"                            File: Line:0 Function: Type:Debug:
DateTime:2026-08-27 11:06:09.307:"rameList.size():"                            File: Line:0 Function: Type:Debug:
DateTime:2026-08-27 11:06:09.307:"进入报文解析"                            File: Line:0 Function: Type:Debug:
DateTime:2026-08-27 11:06:09.307:"68 FA 00 FA 00 68 80 00 00 00 00 00 22 60 00 00 01 00 02 2F 00 68 2F 00 C0 00 00 00 00 00 0B 56 02 00 03 18 59 02 48 01 01 18 68 18 59 02 48 01 01 68 81 0C 34 34 36 1E 34 45 C3 AB 89 67 45 97 89 16 23 16 27 16"                            File: Line:0 Function: Type:Debug:
DateTime:2026-08-27 11:06:09.307:"解码完成，功能码: 4"                            File: Line:0 Function: Type:Debug:
DateTime:2026-08-27 11:06:09.307:"工装回复透传报文"                            File: Line:0 Function: Type:Debug:
DateTime:2026-08-27 11:06:09.307:"022F00682F00C000000000000B56020003185902480101186818590248010168810C3434361E3445C3AB8967459789162316"                            File: Line:0 Function: Type:Debug:
DateTime:2026-08-27 11:06:09.307:"内容:68 2f 00 c0 00 00 00 00 00 0b 56 02 00 03 18 59 02 48 01 01 18 68 18 59 02 48 01 01 68 81 0c 34 34 36 1e 34 45 c3 ab 89 67 45 97 89 16 23 16"                            File: Line:0 Function: Type:Debug:
DateTime:2026-08-27 11:06:12.128:"查找结果: iret=0, wStart=0, dwOutLen=47, dwStreamLen=47, dwFindPos=0"                            File: Line:0 Function: Type:Debug:
DateTime:2026-08-27 11:06:12.128:"Receive:<= 68 2F 00 C0 00 00 00 00 00 0B 56 02 00 03 18 59 02 48 01 01 18 68 18 59 02 48 01 01 68 81 0C 34 34 36 1E 34 45 C3 AB 89 67 45 97 89 16 23 16"                            File: Line:0 Function: Type:Debug:
DateTime:2026-08-27 11:06:12.128:"解析：功能码-AFN=56H,Fn=2："                            File: Line:0 Function: Type:Debug:
DateTime:2026-08-27 11:06:12.128:"AFN或者Fn与预判不一致"                            File: Line:0 Function: Type:Debug:
DateTime:2026-08-27 11:06:12.128:"Send(确认)：=> 68 0F 00 43 00 00 00 00 00 0B 50 01 00 9F 16"                            File: Line:0 Function: Type:Debug:
DateTime:2026-08-27 11:06:12.128:"槽位2透传:687E007E006840000000000022600000010002013C00680F004300000000000B5001009F16CD16"                            File: Line:0 Function: Type:Debug:
DateTime:2026-08-27 11:06:12.128:"工装发送：68 7E 00 7E 00 68 40 00 00 00 00 00 22 60 00 00 01 00 02 01 3C 00 68 0F 00 43 00 00 00 00 00 0B 50 01 00 9F 16 CD 16"                            File: Line:0 Function: Type:Debug:
DateTime:2026-08-27 11:06:12.146:"工装接收：68 32 00 32 00 68 80 00 00 00 00 00 00 60 00 00 01 00 E1 16"                            File: Line:0 Function: Type:Debug:
DateTime:2026-08-27 11:06:12.146:"m_baRecvMsg:"                            File: Line:0 Function: Type:Debug:
DateTime:2026-08-27 11:06:12.146:"rameList.size():"                            File: Line:0 Function: Type:Debug:
DateTime:2026-08-27 11:06:12.146:"进入报文解析"                            File: Line:0 Function: Type:Debug:
DateTime:2026-08-27 11:06:12.146:"68 32 00 32 00 68 80 00 00 00 00 00 00 60 00 00 01 00 E1 16"                            File: Line:0 Function: Type:Debug:
DateTime:2026-08-27 11:06:12.146:"解码完成，功能码: 1"                            File: Line:0 Function: Type:Debug:
DateTime:2026-08-27 11:06:12.146:"工装回复确认帧"                            File: Line:0 Function: Type:Debug:
DateTime:2026-08-27 11:06:12.207:"工装接收：68 FA 00 FA 00 68 80 00 00 00 00 00 22 60 00 00 01 00 02 2F 00 68 2F 00 C0 00 00 00 00 00 0C 56 02 00 05 10 10 01 74 01 01 18 68 10 10 01 74 01 01 68 81 0C 35 33 36 1E 34 34 43 43 34 A7 34 34 E1 16 B0 16 41 16"                            File: Line:0 Function: Type:Debug:
DateTime:2026-08-27 11:06:12.207:"m_baRecvMsg:"                            File: Line:0 Function: Type:Debug:
DateTime:2026-08-27 11:06:12.207:"rameList.size():"                            File: Line:0 Function: Type:Debug:
DateTime:2026-08-27 11:06:12.207:"进入报文解析"                            File: Line:0 Function: Type:Debug:
DateTime:2026-08-27 11:06:12.207:"68 FA 00 FA 00 68 80 00 00 00 00 00 22 60 00 00 01 00 02 2F 00 68 2F 00 C0 00 00 00 00 00 0C 56 02 00 05 10 10 01 74 01 01 18 68 10 10 01 74 01 01 68 81 0C 35 33 36 1E 34 34 43 43 34 A7 34 34 E1 16 B0 16 41 16"                            File: Line:0 Function: Type:Debug:
DateTime:2026-08-27 11:06:12.207:"解码完成，功能码: 4"                            File: Line:0 Function: Type:Debug:
DateTime:2026-08-27 11:06:12.207:"工装回复透传报文"                            File: Line:0 Function: Type:Debug:
DateTime:2026-08-27 11:06:12.207:"022F00682F00C000000000000C56020005101001740101186810100174010168810C3533361E3434434334A73434E116B016"                            File: Line:0 Function: Type:Debug:
DateTime:2026-08-27 11:06:12.207:"内容:68 2f 00 c0 00 00 00 00 00 0c 56 02 00 05 10 10 01 74 01 01 18 68 10 10 01 74 01 01 68 81 0c 35 33 36 1e 34 34 43 43 34 a7 34 34 e1 16 b0 16"                            File: Line:0 Function: Type:Debug:
DateTime:2026-08-27 11:06:15.205:"工装接收：68 FA 00 FA 00 68 80 00 00 00 00 00 22 60 00 00 01 00 02 2F 00 68 2F 00 C0 00 00 00 00 00 0C 56 02 00 05 10 10 01 74 01 01 18 68 10 10 01 74 01 01 68 81 0C 35 33 36 1E 34 34 43 43 34 A7 34 34 E1 16 B0 16 41 16"                            File: Line:0 Function: Type:Debug:
DateTime:2026-08-27 11:06:15.205:"m_baRecvMsg:"                            File: Line:0 Function: Type:Debug:
DateTime:2026-08-27 11:06:15.205:"rameList.size():"                            File: Line:0 Function: Type:Debug:
DateTime:2026-08-27 11:06:15.205:"进入报文解析"                            File: Line:0 Function: Type:Debug:
DateTime:2026-08-27 11:06:15.205:"68 FA 00 FA 00 68 80 00 00 00 00 00 22 60 00 00 01 00 02 2F 00 68 2F 00 C0 00 00 00 00 00 0C 56 02 00 05 10 10 01 74 01 01 18 68 10 10 01 74 01 01 68 81 0C 35 33 36 1E 34 34 43 43 34 A7 34 34 E1 16 B0 16 41 16"                            File: Line:0 Function: Type:Debug:
DateTime:2026-08-27 11:06:15.205:"解码完成，功能码: 4"                            File: Line:0 Function: Type:Debug:
DateTime:2026-08-27 11:06:15.205:"工装回复透传报文"                            File: Line:0 Function: Type:Debug:
DateTime:2026-08-27 11:06:15.205:"022F00682F00C000000000000C56020005101001740101186810100174010168810C3533361E3434434334A73434E116B016"                            File: Line:0 Function: Type:Debug:
DateTime:2026-08-27 11:06:15.205:"内容:68 2f 00 c0 00 00 00 00 00 0c 56 02 00 05 10 10 01 74 01 01 18 68 10 10 01 74 01 01 68 81 0c 35 33 36 1e 34 34 43 43 34 a7 34 34 e1 16 b0 16"                            File: Line:0 Function: Type:Debug:
DateTime:2026-08-27 11:06:15.205:"查找结果: iret=0, wStart=0, dwOutLen=47, dwStreamLen=94, dwFindPos=0"                            File: Line:0 Function: Type:Debug:
DateTime:2026-08-27 11:06:15.205:"Receive:<= 68 2F 00 C0 00 00 00 00 00 0C 56 02 00 05 10 10 01 74 01 01 18 68 10 10 01 74 01 01 68 81 0C 35 33 36 1E 34 34 43 43 34 A7 34 34 E1 16 B0 16"                            File: Line:0 Function: Type:Debug:
DateTime:2026-08-27 11:06:15.205:"解析：功能码-AFN=56H,Fn=2："                            File: Line:0 Function: Type:Debug:
DateTime:2026-08-27 11:06:15.205:"AFN或者Fn与预判不一致"                            File: Line:0 Function: Type:Debug:
DateTime:2026-08-27 11:06:15.205:"Send(确认)：=> 68 0F 00 43 00 00 00 00 00 0C 50 01 00 A0 16"                            File: Line:0 Function: Type:Debug:
DateTime:2026-08-27 11:06:15.205:"槽位2透传:687E007E006840000000000022600000010002013C00680F004300000000000C500100A016CF16"                            File: Line:0 Function: Type:Debug:
DateTime:2026-08-27 11:06:15.205:"工装发送：68 7E 00 7E 00 68 40 00 00 00 00 00 22 60 00 00 01 00 02 01 3C 00 68 0F 00 43 00 00 00 00 00 0C 50 01 00 A0 16 CF 16"                            File: Line:0 Function: Type:Debug:
DateTime:2026-08-27 11:06:15.205:"查找结果: iret=0, wStart=0, dwOutLen=47, dwStreamLen=47, dwFindPos=47"                            File: Line:0 Function: Type:Debug:
DateTime:2026-08-27 11:06:15.205:"Receive:<= 68 2F 00 C0 00 00 00 00 00 0C 56 02 00 05 10 10 01 74 01 01 18 68 10 10 01 74 01 01 68 81 0C 35 33 36 1E 34 34 43 43 34 A7 34 34 E1 16 B0 16"                            File: Line:0 Function: Type:Debug:
DateTime:2026-08-27 11:06:15.205:"解析：功能码-AFN=56H,Fn=2："                            File: Line:0 Function: Type:Debug:
DateTime:2026-08-27 11:06:15.205:"AFN或者Fn与预判不一致"                            File: Line:0 Function: Type:Debug:
DateTime:2026-08-27 11:06:15.205:"Send(确认)：=> 68 0F 00 43 00 00 00 00 00 0C 50 01 00 A0 16"                            File: Line:0 Function: Type:Debug:
DateTime:2026-08-27 11:06:15.205:"槽位2透传:687E007E006840000000000022600000010002013C00680F004300000000000C500100A016CF16"                            File: Line:0 Function: Type:Debug:
DateTime:2026-08-27 11:06:15.206:"工装发送：68 7E 00 7E 00 68 40 00 00 00 00 00 22 60 00 00 01 00 02 01 3C 00 68 0F 00 43 00 00 00 00 00 0C 50 01 00 A0 16 CF 16"                            File: Line:0 Function: Type:Debug:
DateTime:2026-08-27 11:06:15.223:"工装接收：68 32 00 32 00 68 80 00 00 00 00 00 00 60 00 00 01 00 E1 16"                            File: Line:0 Function: Type:Debug:
DateTime:2026-08-27 11:06:15.223:"m_baRecvMsg:"                            File: Line:0 Function: Type:Debug:
DateTime:2026-08-27 11:06:15.223:"rameList.size():"                            File: Line:0 Function: Type:Debug:
DateTime:2026-08-27 11:06:15.223:"进入报文解析"                            File: Line:0 Function: Type:Debug:
DateTime:2026-08-27 11:06:15.223:"68 32 00 32 00 68 80 00 00 00 00 00 00 60 00 00 01 00 E1 16"                            File: Line:0 Function: Type:Debug:
DateTime:2026-08-27 11:06:15.223:"解码完成，功能码: 1"                            File: Line:0 Function: Type:Debug:
DateTime:2026-08-27 11:06:15.223:"工装回复确认帧"                            File: Line:0 Function: Type:Debug:
DateTime:2026-08-27 11:06:15.241:"工装接收：68 32 00 32 00 68 80 00 00 00 00 00 00 60 00 00 01 00 E1 16"                            File: Line:0 Function: Type:Debug:
DateTime:2026-08-27 11:06:15.241:"m_baRecvMsg:"                            File: Line:0 Function: Type:Debug:
DateTime:2026-08-27 11:06:15.241:"rameList.size():"                            File: Line:0 Function: Type:Debug:
DateTime:2026-08-27 11:06:15.241:"进入报文解析"                            File: Line:0 Function: Type:Debug:
DateTime:2026-08-27 11:06:15.241:"68 32 00 32 00 68 80 00 00 00 00 00 00 60 00 00 01 00 E1 16"                            File: Line:0 Function: Type:Debug:
DateTime:2026-08-27 11:06:15.241:"解码完成，功能码: 1"                            File: Line:0 Function: Type:Debug:
DateTime:2026-08-27 11:06:15.241:"工装回复确认帧"                            File: Line:0 Function: Type:Debug:
DateTime:2026-08-27 11:06:15.302:"工装接收：68 FA 00 FA 00 68 80 00 00 00 00 00 22 60 00 00 01 00 02 2F 00 68 2F 00 C0 00 00 00 00 00 0D 56 02 00 03 72 62 72 49 01 01 18 68 72 62 72 49 01 01 68 81 0C 34 34 36 1E 34 45 C3 AB 89 67 45 97 5D 16 A1 16 23 16"                            File: Line:0 Function: Type:Debug:
DateTime:2026-08-27 11:06:15.302:"m_baRecvMsg:"                            File: Line:0 Function: Type:Debug:
DateTime:2026-08-27 11:06:15.302:"rameList.size():"                            File: Line:0 Function: Type:Debug:
DateTime:2026-08-27 11:06:15.302:"进入报文解析"                            File: Line:0 Function: Type:Debug:
DateTime:2026-08-27 11:06:15.302:"68 FA 00 FA 00 68 80 00 00 00 00 00 22 60 00 00 01 00 02 2F 00 68 2F 00 C0 00 00 00 00 00 0D 56 02 00 03 72 62 72 49 01 01 18 68 72 62 72 49 01 01 68 81 0C 34 34 36 1E 34 45 C3 AB 89 67 45 97 5D 16 A1 16 23 16"                            File: Line:0 Function: Type:Debug:
DateTime:2026-08-27 11:06:15.302:"解码完成，功能码: 4"                            File: Line:0 Function: Type:Debug:
DateTime:2026-08-27 11:06:15.302:"工装回复透传报文"                            File: Line:0 Function: Type:Debug:
DateTime:2026-08-27 11:06:15.302:"022F00682F00C000000000000D56020003726272490101186872627249010168810C3434361E3445C3AB896745975D16A116"                            File: Line:0 Function: Type:Debug:
DateTime:2026-08-27 11:06:15.302:"内容:68 2f 00 c0 00 00 00 00 00 0d 56 02 00 03 72 62 72 49 01 01 18 68 72 62 72 49 01 01 68 81 0c 34 34 36 1e 34 45 c3 ab 89 67 45 97 5d 16 a1 16"                            File: Line:0 Function: Type:Debug:
DateTime:2026-08-27 11:06:18.223:"查找结果: iret=0, wStart=0, dwOutLen=47, dwStreamLen=47, dwFindPos=0"                            File: Line:0 Function: Type:Debug:
DateTime:2026-08-27 11:06:18.223:"Receive:<= 68 2F 00 C0 00 00 00 00 00 0D 56 02 00 03 72 62 72 49 01 01 18 68 72 62 72 49 01 01 68 81 0C 34 34 36 1E 34 45 C3 AB 89 67 45 97 5D 16 A1 16"                            File: Line:0 Function: Type:Debug:
DateTime:2026-08-27 11:06:18.223:"解析：功能码-AFN=56H,Fn=2："                            File: Line:0 Function: Type:Debug:
DateTime:2026-08-27 11:06:18.223:"AFN或者Fn与预判不一致"                            File: Line:0 Function: Type:Debug:
DateTime:2026-08-27 11:06:18.223:"Send(确认)：=> 68 0F 00 43 00 00 00 00 00 0D 50 01 00 A1 16"                            File: Line:0 Function: Type:Debug:
DateTime:2026-08-27 11:06:18.223:"槽位2透传:687E007E006840000000000022600000010002013C00680F004300000000000D500100A116D116"                            File: Line:0 Function: Type:Debug:
DateTime:2026-08-27 11:06:18.223:"工装发送：68 7E 00 7E 00 68 40 00 00 00 00 00 22 60 00 00 01 00 02 01 3C 00 68 0F 00 43 00 00 00 00 00 0D 50 01 00 A1 16 D1 16"                            File: Line:0 Function: Type:Debug:
DateTime:2026-08-27 11:06:18.241:"工装接收：68 32 00 32 00 68 80 00 00 00 00 00 00 60 00 00 01 00 E1 16"                            File: Line:0 Function: Type:Debug:
DateTime:2026-08-27 11:06:18.241:"m_baRecvMsg:"                            File: Line:0 Function: Type:Debug:
DateTime:2026-08-27 11:06:18.241:"rameList.size():"                            File: Line:0 Function: Type:Debug:
DateTime:2026-08-27 11:06:18.241:"进入报文解析"                            File: Line:0 Function: Type:Debug:
DateTime:2026-08-27 11:06:18.241:"68 32 00 32 00 68 80 00 00 00 00 00 00 60 00 00 01 00 E1 16"                            File: Line:0 Function: Type:Debug:
DateTime:2026-08-27 11:06:18.241:"解码完成，功能码: 1"                            File: Line:0 Function: Type:Debug:
DateTime:2026-08-27 11:06:18.241:"工装回复确认帧"                            File: Line:0 Function: Type:Debug:
DateTime:2026-08-27 11:06:18.487:"工装接收：68 FA 00 FA 00 68 80 00 00 00 00 00 22 60 00 00 01 00 02 2F 00 68 2F 00 C0 00 00 00 00 00 0E 56 02 00 03 10 10 01 74 01 01 18 68 10 10 01 74 01 01 68 81 0C 34 34 36 1E 34 45 C3 AB 89 67 45 97 63 16 B4 16 49 16"                            File: Line:0 Function: Type:Debug:
DateTime:2026-08-27 11:06:18.487:"m_baRecvMsg:"                            File: Line:0 Function: Type:Debug:
DateTime:2026-08-27 11:06:18.487:"rameList.size():"                            File: Line:0 Function: Type:Debug:
DateTime:2026-08-27 11:06:18.487:"进入报文解析"                            File: Line:0 Function: Type:Debug:
DateTime:2026-08-27 11:06:18.487:"68 FA 00 FA 00 68 80 00 00 00 00 00 22 60 00 00 01 00 02 2F 00 68 2F 00 C0 00 00 00 00 00 0E 56 02 00 03 10 10 01 74 01 01 18 68 10 10 01 74 01 01 68 81 0C 34 34 36 1E 34 45 C3 AB 89 67 45 97 63 16 B4 16 49 16"                            File: Line:0 Function: Type:Debug:
DateTime:2026-08-27 11:06:18.487:"解码完成，功能码: 4"                            File: Line:0 Function: Type:Debug:
DateTime:2026-08-27 11:06:18.487:"工装回复透传报文"                            File: Line:0 Function: Type:Debug:
DateTime:2026-08-27 11:06:18.487:"022F00682F00C000000000000E56020003101001740101186810100174010168810C3434361E3445C3AB896745976316B416"                            File: Line:0 Function: Type:Debug:
DateTime:2026-08-27 11:06:18.488:"内容:68 2f 00 c0 00 00 00 00 00 0e 56 02 00 03 10 10 01 74 01 01 18 68 10 10 01 74 01 01 68 81 0c 34 34 36 1e 34 45 c3 ab 89 67 45 97 63 16 b4 16"                            File: Line:0 Function: Type:Debug:
DateTime:2026-08-27 11:06:21.308:"查找结果: iret=0, wStart=0, dwOutLen=47, dwStreamLen=47, dwFindPos=0"                            File: Line:0 Function: Type:Debug:
DateTime:2026-08-27 11:06:21.308:"Receive:<= 68 2F 00 C0 00 00 00 00 00 0E 56 02 00 03 10 10 01 74 01 01 18 68 10 10 01 74 01 01 68 81 0C 34 34 36 1E 34 45 C3 AB 89 67 45 97 63 16 B4 16"                            File: Line:0 Function: Type:Debug:
DateTime:2026-08-27 11:06:21.308:"解析：功能码-AFN=56H,Fn=2："                            File: Line:0 Function: Type:Debug:
DateTime:2026-08-27 11:06:21.308:"AFN或者Fn与预判不一致"                            File: Line:0 Function: Type:Debug:
DateTime:2026-08-27 11:06:21.308:"Send(确认)：=> 68 0F 00 43 00 00 00 00 00 0E 50 01 00 A2 16"                            File: Line:0 Function: Type:Debug:
DateTime:2026-08-27 11:06:21.308:"槽位2透传:687E007E006840000000000022600000010002013C00680F004300000000000E500100A216D316"                            File: Line:0 Function: Type:Debug:
DateTime:2026-08-27 11:06:21.308:"工装发送：68 7E 00 7E 00 68 40 00 00 00 00 00 22 60 00 00 01 00 02 01 3C 00 68 0F 00 43 00 00 00 00 00 0E 50 01 00 A2 16 D3 16"                            File: Line:0 Function: Type:Debug:
DateTime:2026-08-27 11:06:21.326:"工装接收：68 32 00 32 00 68 80 00 00 00 00 00 00 60 00 00 01 00 E1 16"                            File: Line:0 Function: Type:Debug:
DateTime:2026-08-27 11:06:21.326:"m_baRecvMsg:"                            File: Line:0 Function: Type:Debug:
DateTime:2026-08-27 11:06:21.326:"rameList.size():"                            File: Line:0 Function: Type:Debug:
DateTime:2026-08-27 11:06:21.326:"进入报文解析"                            File: Line:0 Function: Type:Debug:
DateTime:2026-08-27 11:06:21.326:"68 32 00 32 00 68 80 00 00 00 00 00 00 60 00 00 01 00 E1 16"                            File: Line:0 Function: Type:Debug:
DateTime:2026-08-27 11:06:21.326:"解码完成，功能码: 1"                            File: Line:0 Function: Type:Debug:
DateTime:2026-08-27 11:06:21.326:"工装回复确认帧"                            File: Line:0 Function: Type:Debug:
DateTime:2026-08-27 11:06:21.586:"工装接收：68 FA 00 FA 00 68 80 00 00 00 00 00 22 60 00 00 01 00 02 2F 00 68 2F 00 C0 00 00 00 00 00 0F 56 02 00 03 25 70 06 60 01 01 18 68 25 70 06 60 01 01 68 81 0C 34 34 36 1E 34 45 C3 AB 89 67 45 97 C9 16 E7 16 AF 16"                            File: Line:0 Function: Type:Debug:
DateTime:2026-08-27 11:06:21.586:"m_baRecvMsg:"                            File: Line:0 Function: Type:Debug:
DateTime:2026-08-27 11:06:21.586:"rameList.size():"                            File: Line:0 Function: Type:Debug:
DateTime:2026-08-27 11:06:21.586:"进入报文解析"                            File: Line:0 Function: Type:Debug:
DateTime:2026-08-27 11:06:21.586:"68 FA 00 FA 00 68 80 00 00 00 00 00 22 60 00 00 01 00 02 2F 00 68 2F 00 C0 00 00 00 00 00 0F 56 02 00 03 25 70 06 60 01 01 18 68 25 70 06 60 01 01 68 81 0C 34 34 36 1E 34 45 C3 AB 89 67 45 97 C9 16 E7 16 AF 16"                            File: Line:0 Function: Type:Debug:
DateTime:2026-08-27 11:06:21.586:"解码完成，功能码: 4"                            File: Line:0 Function: Type:Debug:
DateTime:2026-08-27 11:06:21.586:"工装回复透传报文"                            File: Line:0 Function: Type:Debug:
DateTime:2026-08-27 11:06:21.586:"022F00682F00C000000000000F56020003257006600101186825700660010168810C3434361E3445C3AB89674597C916E716"                            File: Line:0 Function: Type:Debug:
DateTime:2026-08-27 11:06:21.586:"内容:68 2f 00 c0 00 00 00 00 00 0f 56 02 00 03 25 70 06 60 01 01 18 68 25 70 06 60 01 01 68 81 0c 34 34 36 1e 34 45 c3 ab 89 67 45 97 c9 16 e7 16"                            File: Line:0 Function: Type:Debug:
DateTime:2026-08-27 11:06:24.408:"查找结果: iret=0, wStart=0, dwOutLen=47, dwStreamLen=47, dwFindPos=0"                            File: Line:0 Function: Type:Debug:
DateTime:2026-08-27 11:06:24.408:"Receive:<= 68 2F 00 C0 00 00 00 00 00 0F 56 02 00 03 25 70 06 60 01 01 18 68 25 70 06 60 01 01 68 81 0C 34 34 36 1E 34 45 C3 AB 89 67 45 97 C9 16 E7 16"                            File: Line:0 Function: Type:Debug:
DateTime:2026-08-27 11:06:24.408:"解析：功能码-AFN=56H,Fn=2："                            File: Line:0 Function: Type:Debug:
DateTime:2026-08-27 11:06:24.408:"AFN或者Fn与预判不一致"                            File: Line:0 Function: Type:Debug:
DateTime:2026-08-27 11:06:24.408:"Send(确认)：=> 68 0F 00 43 00 00 00 00 00 0F 50 01 00 A3 16"                            File: Line:0 Function: Type:Debug:
DateTime:2026-08-27 11:06:24.408:"槽位2透传:687E007E006840000000000022600000010002013C00680F004300000000000F500100A316D516"                            File: Line:0 Function: Type:Debug:
DateTime:2026-08-27 11:06:24.408:"工装发送：68 7E 00 7E 00 68 40 00 00 00 00 00 22 60 00 00 01 00 02 01 3C 00 68 0F 00 43 00 00 00 00 00 0F 50 01 00 A3 16 D5 16"                            File: Line:0 Function: Type:Debug:
DateTime:2026-08-27 11:06:24.426:"工装接收：68 32 00 32 00 68 80 00 00 00 00 00 00 60 00 00 01 00 E1 16"                            File: Line:0 Function: Type:Debug:
DateTime:2026-08-27 11:06:24.426:"m_baRecvMsg:"                            File: Line:0 Function: Type:Debug:
DateTime:2026-08-27 11:06:24.426:"rameList.size():"                            File: Line:0 Function: Type:Debug:
DateTime:2026-08-27 11:06:24.426:"进入报文解析"                            File: Line:0 Function: Type:Debug:
DateTime:2026-08-27 11:06:24.426:"68 32 00 32 00 68 80 00 00 00 00 00 00 60 00 00 01 00 E1 16"                            File: Line:0 Function: Type:Debug:
DateTime:2026-08-27 11:06:24.426:"解码完成，功能码: 1"                            File: Line:0 Function: Type:Debug:
DateTime:2026-08-27 11:06:24.426:"工装回复确认帧"                            File: Line:0 Function: Type:Debug:
DateTime:2026-08-27 11:06:30.470:"等待工装回复超时"                            File: Line:0 Function: Type:Debug:
DateTime:2026-08-27 11:06:33.492:"等待工装回复超时"                            File: Line:0 Function: Type:Debug:
DateTime:2026-08-27 11:06:36.514:"等待工装回复超时"                            File: Line:0 Function: Type:Debug:
DateTime:2026-08-27 11:06:39.535:"等待工装回复超时"                            File: Line:0 Function: Type:Debug:
DateTime:2026-08-27 11:06:39.787:"工装接收：68 F2 00 F2 00 68 80 00 00 00 00 00 22 60 00 00 01 00 02 2D 00 68 2D 00 C0 00 00 00 00 00 10 56 02 00 02 12 90 78 56 34 12 16 68 12 90 78 56 34 12 68 81 0A 44 34 36 1E 38 33 33 33 33 33 14 16 34 16 45 16"                            File: Line:0 Function: Type:Debug:
DateTime:2026-08-27 11:06:39.787:"m_baRecvMsg:"                            File: Line:0 Function: Type:Debug:
DateTime:2026-08-27 11:06:39.787:"rameList.size():"                            File: Line:0 Function: Type:Debug:
DateTime:2026-08-27 11:06:39.788:"进入报文解析"                            File: Line:0 Function: Type:Debug:
DateTime:2026-08-27 11:06:39.788:"68 F2 00 F2 00 68 80 00 00 00 00 00 22 60 00 00 01 00 02 2D 00 68 2D 00 C0 00 00 00 00 00 10 56 02 00 02 12 90 78 56 34 12 16 68 12 90 78 56 34 12 68 81 0A 44 34 36 1E 38 33 33 33 33 33 14 16 34 16 45 16"                            File: Line:0 Function: Type:Debug:
DateTime:2026-08-27 11:06:39.788:"解码完成，功能码: 4"                            File: Line:0 Function: Type:Debug:
DateTime:2026-08-27 11:06:39.788:"工装回复透传报文"                            File: Line:0 Function: Type:Debug:
DateTime:2026-08-27 11:06:39.788:"022D00682D00C000000000001056020002129078563412166812907856341268810A4434361E38333333333314163416"                            File: Line:0 Function: Type:Debug:
DateTime:2026-08-27 11:06:39.788:"内容:68 2d 00 c0 00 00 00 00 00 10 56 02 00 02 12 90 78 56 34 12 16 68 12 90 78 56 34 12 68 81 0a 44 34 36 1e 38 33 33 33 33 33 14 16 34 16"                            File: Line:0 Function: Type:Debug:
DateTime:2026-08-27 11:06:42.608:"等待工装回复超时"                            File: Line:0 Function: Type:Debug:
DateTime:2026-08-27 11:06:42.608:"查找结果: iret=0, wStart=0, dwOutLen=45, dwStreamLen=45, dwFindPos=0"                            File: Line:0 Function: Type:Debug:
DateTime:2026-08-27 11:06:42.608:"Receive:<= 68 2D 00 C0 00 00 00 00 00 10 56 02 00 02 12 90 78 56 34 12 16 68 12 90 78 56 34 12 68 81 0A 44 34 36 1E 38 33 33 33 33 33 14 16 34 16"                            File: Line:0 Function: Type:Debug:
DateTime:2026-08-27 11:06:42.608:"解析：功能码-AFN=56H,Fn=2："                            File: Line:0 Function: Type:Debug:
DateTime:2026-08-27 11:06:42.608:"AFN或者Fn与预判不一致"                            File: Line:0 Function: Type:Debug:
DateTime:2026-08-27 11:06:42.608:"Send(确认)：=> 68 0F 00 43 00 00 00 00 00 10 50 01 00 A4 16"                            File: Line:0 Function: Type:Debug:
DateTime:2026-08-27 11:06:42.608:"槽位2透传:687E007E006840000000000022600000010002013C00680F0043000000000010500100A416D716"                            File: Line:0 Function: Type:Debug:
DateTime:2026-08-27 11:06:42.608:"工装发送：68 7E 00 7E 00 68 40 00 00 00 00 00 22 60 00 00 01 00 02 01 3C 00 68 0F 00 43 00 00 00 00 00 10 50 01 00 A4 16 D7 16"                            File: Line:0 Function: Type:Debug:
DateTime:2026-08-27 11:06:42.626:"工装接收：68 32 00 32 00 68 80 00 00 00 00 00 00 60 00 00 01 00 E1 16"                            File: Line:0 Function: Type:Debug:
DateTime:2026-08-27 11:06:42.626:"m_baRecvMsg:"                            File: Line:0 Function: Type:Debug:
DateTime:2026-08-27 11:06:42.626:"rameList.size():"                            File: Line:0 Function: Type:Debug:
DateTime:2026-08-27 11:06:42.626:"进入报文解析"                            File: Line:0 Function: Type:Debug:
DateTime:2026-08-27 11:06:42.626:"68 32 00 32 00 68 80 00 00 00 00 00 00 60 00 00 01 00 E1 16"                            File: Line:0 Function: Type:Debug:
DateTime:2026-08-27 11:06:42.626:"解码完成，功能码: 1"                            File: Line:0 Function: Type:Debug:
DateTime:2026-08-27 11:06:42.626:"工装回复确认帧"                            File: Line:0 Function: Type:Debug:
DateTime:2026-08-27 11:06:48.670:"等待工装回复超时"                            File: Line:0 Function: Type:Debug:
DateTime:2026-08-27 11:06:51.692:"等待工装回复超时"                            File: Line:0 Function: Type:Debug:
DateTime:2026-08-27 11:06:54.714:"等待工装回复超时"                            File: Line:0 Function: Type:Debug:
DateTime:2026-08-27 11:06:57.736:"等待工装回复超时"                            File: Line:0 Function: Type:Debug:
DateTime:2026-08-27 11:07:00.758:"等待工装回复超时"                            File: Line:0 Function: Type:Debug:
DateTime:2026-08-27 11:07:03.780:"等待工装回复超时"                            File: Line:0 Function: Type:Debug:
DateTime:2026-08-27 11:07:06.802:"等待工装回复超时"                            File: Line:0 Function: Type:Debug:
DateTime:2026-08-27 11:07:09.256:"工装接收：68 FA 00 FA 00 68 80 00 00 00 00 00 22 60 00 00 01 00 02 2F 00 68 2F 00 C0 00 00 00 00 00 11 56 02 00 05 10 10 01 74 01 01 18 68 10 10 01 74 01 01 68 81 0C 35 33 36 1E 33 34 43 43 34 A7 34 34 E0 16 B3 16 47 16"                            File: Line:0 Function: Type:Debug:
DateTime:2026-08-27 11:07:09.256:"m_baRecvMsg:"                            File: Line:0 Function: Type:Debug:
DateTime:2026-08-27 11:07:09.256:"rameList.size():"                            File: Line:0 Function: Type:Debug:
DateTime:2026-08-27 11:07:09.256:"进入报文解析"                            File: Line:0 Function: Type:Debug:
DateTime:2026-08-27 11:07:09.256:"68 FA 00 FA 00 68 80 00 00 00 00 00 22 60 00 00 01 00 02 2F 00 68 2F 00 C0 00 00 00 00 00 11 56 02 00 05 10 10 01 74 01 01 18 68 10 10 01 74 01 01 68 81 0C 35 33 36 1E 33 34 43 43 34 A7 34 34 E0 16 B3 16 47 16"                            File: Line:0 Function: Type:Debug:
DateTime:2026-08-27 11:07:09.256:"解码完成，功能码: 4"                            File: Line:0 Function: Type:Debug:
DateTime:2026-08-27 11:07:09.256:"工装回复透传报文"                            File: Line:0 Function: Type:Debug:
DateTime:2026-08-27 11:07:09.256:"022F00682F00C000000000001156020005101001740101186810100174010168810C3533361E3334434334A73434E016B316"                            File: Line:0 Function: Type:Debug:
DateTime:2026-08-27 11:07:09.256:"内容:68 2f 00 c0 00 00 00 00 00 11 56 02 00 05 10 10 01 74 01 01 18 68 10 10 01 74 01 01 68 81 0c 35 33 36 1e 33 34 43 43 34 a7 34 34 e0 16 b3 16"                            File: Line:0 Function: Type:Debug:
DateTime:2026-08-27 11:07:09.860:"等待工装回复超时"                            File: Line:0 Function: Type:Debug:
DateTime:2026-08-27 11:07:09.860:"查找结果: iret=0, wStart=0, dwOutLen=47, dwStreamLen=47, dwFindPos=0"                            File: Line:0 Function: Type:Debug:
DateTime:2026-08-27 11:07:09.860:"Receive:<= 68 2F 00 C0 00 00 00 00 00 11 56 02 00 05 10 10 01 74 01 01 18 68 10 10 01 74 01 01 68 81 0C 35 33 36 1E 33 34 43 43 34 A7 34 34 E0 16 B3 16"                            File: Line:0 Function: Type:Debug:
DateTime:2026-08-27 11:07:09.860:"解析：功能码-AFN=56H,Fn=2："                            File: Line:0 Function: Type:Debug:
DateTime:2026-08-27 11:07:09.860:"AFN或者Fn与预判不一致"                            File: Line:0 Function: Type:Debug:
DateTime:2026-08-27 11:07:09.860:"Send(确认)：=> 68 0F 00 43 00 00 00 00 00 11 50 01 00 A5 16"                            File: Line:0 Function: Type:Debug:
DateTime:2026-08-27 11:07:09.860:"槽位2透传:687E007E006840000000000022600000010002013C00680F0043000000000011500100A516D916"                            File: Line:0 Function: Type:Debug:
DateTime:2026-08-27 11:07:09.860:"工装发送：68 7E 00 7E 00 68 40 00 00 00 00 00 22 60 00 00 01 00 02 01 3C 00 68 0F 00 43 00 00 00 00 00 11 50 01 00 A5 16 D9 16"                            File: Line:0 Function: Type:Debug:
DateTime:2026-08-27 11:07:09.878:"工装接收：68 32 00 32 00 68 80 00 00 00 00 00 00 60 00 00 01 00 E1 16"                            File: Line:0 Function: Type:Debug:
DateTime:2026-08-27 11:07:09.878:"m_baRecvMsg:"                            File: Line:0 Function: Type:Debug:
DateTime:2026-08-27 11:07:09.878:"rameList.size():"                            File: Line:0 Function: Type:Debug:
DateTime:2026-08-27 11:07:09.878:"进入报文解析"                            File: Line:0 Function: Type:Debug:
DateTime:2026-08-27 11:07:09.878:"68 32 00 32 00 68 80 00 00 00 00 00 00 60 00 00 01 00 E1 16"                            File: Line:0 Function: Type:Debug:
DateTime:2026-08-27 11:07:09.878:"解码完成，功能码: 1"                            File: Line:0 Function: Type:Debug:
DateTime:2026-08-27 11:07:09.878:"工装回复确认帧"                            File: Line:0 Function: Type:Debug:
DateTime:2026-08-27 11:07:15.922:"等待工装回复超时"                            File: Line:0 Function: Type:Debug:
DateTime:2026-08-27 11:07:18.944:"等待工装回复超时"                            File: Line:0 Function: Type:Debug:
DateTime:2026-08-27 11:07:21.966:"等待工装回复超时"                            File: Line:0 Function: Type:Debug:
DateTime:2026-08-27 11:07:24.988:"等待工装回复超时"                            File: Line:0 Function: Type:Debug:
DateTime:2026-08-27 11:07:28.010:"等待工装回复超时"                            File: Line:0 Function: Type:Debug:
DateTime:2026-08-27 11:07:31.032:"等待工装回复超时"                            File: Line:0 Function: Type:Debug:
DateTime:2026-08-27 11:07:31.150:"工装接收：68 BA 01 BA 01 68 80 00 00 00 00 00 22 60 00 00 01 00 02 5F 00 68 5F 00 C0 00 00 00 00 00 12 56 02 00 01 12 90 78 56 34 12 48 68 12 90 78 56 34 12 68 81 3C 39 38 37 1E 35 3C 8A 99 A7 76 34 34 43 43 34 A7 34 34 58 A3 39 93 34 34 A5 95 A5 7C 34 34 4B 8C 35 7B 34 34 88 B8 97 77 34 34 46 93 3C 77 34 34 CA 94 AA 7C 34 34 7B AA 33 A7 34 34 C9 16 D1 16 E3 16"                            File: Line:0 Function: Type:Debug:
DateTime:2026-08-27 11:07:31.150:"m_baRecvMsg:"                            File: Line:0 Function: Type:Debug:
DateTime:2026-08-27 11:07:31.150:"rameList.size():"                            File: Line:0 Function: Type:Debug:
DateTime:2026-08-27 11:07:31.150:"进入报文解析"                            File: Line:0 Function: Type:Debug:
DateTime:2026-08-27 11:07:31.150:"68 BA 01 BA 01 68 80 00 00 00 00 00 22 60 00 00 01 00 02 5F 00 68 5F 00 C0 00 00 00 00 00 12 56 02 00 01 12 90 78 56 34 12 48 68 12 90 78 56 34 12 68 81 3C 39 38 37 1E 35 3C 8A 99 A7 76 34 34 43 43 34 A7 34 34 58 A3 39 93 34 34 A5 95 A5 7C 34 34 4B 8C 35 7B 34 34 88 B8 97 77 34 34 46 93 3C 77 34 34 CA 94 AA 7C 34 34 7B AA 33 A7 34 34 C9 16 D1 16 E3 16"                            File: Line:0 Function: Type:Debug:
DateTime:2026-08-27 11:07:31.150:"解码完成，功能码: 4"                            File: Line:0 Function: Type:Debug:
DateTime:2026-08-27 11:07:31.150:"工装回复透传报文"                            File: Line:0 Function: Type:Debug:
DateTime:2026-08-27 11:07:31.150:"025F00685F00C000000000001256020001129078563412486812907856341268813C3938371E353C8A99A7763434434334A7343458A339933434A595A57C34344B8C357B343488B89777343446933C773434CA94AA7C34347BAA33A73434C916D116"                            File: Line:0 Function: Type:Debug:
DateTime:2026-08-27 11:07:31.150:"内容:68 5f 00 c0 00 00 00 00 00 12 56 02 00 01 12 90 78 56 34 12 48 68 12 90 78 56 34 12 68 81 3c 39 38 37 1e 35 3c 8a 99 a7 76 34 34 43 43 34 a7 34 34 58 a3 39 93 34 34 a5 95 a5 7c 34 34 4b 8c 35 7b 34 34 88 b8 97 77 34 34 46 93 3c 77 34 34 ca 94 aa 7c 34 34 7b aa 33 a7 34 34 c9 16 d1 16"                            File: Line:0 Function: Type:Debug:
DateTime:2026-08-27 11:07:34.072:"等待工装回复超时"                            File: Line:0 Function: Type:Debug:
DateTime:2026-08-27 11:07:34.072:"查找结果: iret=0, wStart=0, dwOutLen=95, dwStreamLen=95, dwFindPos=0"                            File: Line:0 Function: Type:Debug:
DateTime:2026-08-27 11:07:34.072:"Receive:<= 68 5F 00 C0 00 00 00 00 00 12 56 02 00 01 12 90 78 56 34 12 48 68 12 90 78 56 34 12 68 81 3C 39 38 37 1E 35 3C 8A 99 A7 76 34 34 43 43 34 A7 34 34 58 A3 39 93 34 34 A5 95 A5 7C 34 34 4B 8C 35 7B 34 34 88 B8 97 77 34 34 46 93 3C 77 34 34 CA 94 AA 7C 34 34 7B AA 33 A7 34 34 C9 16 D1 16"                            File: Line:0 Function: Type:Debug:
DateTime:2026-08-27 11:07:34.072:"解析：功能码-AFN=56H,Fn=2："                            File: Line:0 Function: Type:Debug:
DateTime:2026-08-27 11:07:34.072:"AFN或者Fn与预判不一致"                            File: Line:0 Function: Type:Debug:
DateTime:2026-08-27 11:07:34.072:"Send(确认)：=> 68 0F 00 43 00 00 00 00 00 12 50 01 00 A6 16"                            File: Line:0 Function: Type:Debug:
DateTime:2026-08-27 11:07:34.072:"槽位2透传:687E007E006840000000000022600000010002013C00680F0043000000000012500100A616DB16"                            File: Line:0 Function: Type:Debug:
DateTime:2026-08-27 11:07:34.072:"工装发送：68 7E 00 7E 00 68 40 00 00 00 00 00 22 60 00 00 01 00 02 01 3C 00 68 0F 00 43 00 00 00 00 00 12 50 01 00 A6 16 DB 16"                            File: Line:0 Function: Type:Debug:
DateTime:2026-08-27 11:07:34.090:"工装接收：68 32 00 32 00 68 80 00 00 00 00 00 00 60 00 00 01 00 E1 16"                            File: Line:0 Function: Type:Debug:
DateTime:2026-08-27 11:07:34.090:"m_baRecvMsg:"                            File: Line:0 Function: Type:Debug:
DateTime:2026-08-27 11:07:34.090:"rameList.size():"                            File: Line:0 Function: Type:Debug:
DateTime:2026-08-27 11:07:34.090:"进入报文解析"                            File: Line:0 Function: Type:Debug:
DateTime:2026-08-27 11:07:34.090:"68 32 00 32 00 68 80 00 00 00 00 00 00 60 00 00 01 00 E1 16"                            File: Line:0 Function: Type:Debug:
DateTime:2026-08-27 11:07:34.090:"解码完成，功能码: 1"                            File: Line:0 Function: Type:Debug:
DateTime:2026-08-27 11:07:34.090:"工装回复确认帧"                            File: Line:0 Function: Type:Debug:
DateTime:2026-08-27 11:07:40.133:"等待工装回复超时"                            File: Line:0 Function: Type:Debug:
DateTime:2026-08-27 11:07:43.155:"等待工装回复超时"                            File: Line:0 Function: Type:Debug:
DateTime:2026-08-27 11:07:46.177:"等待工装回复超时"                            File: Line:0 Function: Type:Debug:
DateTime:2026-08-27 11:07:49.199:"等待工装回复超时"                            File: Line:0 Function: Type:Debug:
DateTime:2026-08-27 11:07:52.221:"等待工装回复超时"                            File: Line:0 Function: Type:Debug:
DateTime:2026-08-27 11:07:55.243:"等待工装回复超时"                            File: Line:0 Function: Type:Debug:
DateTime:2026-08-27 11:07:58.265:"等待工装回复超时"                            File: Line:0 Function: Type:Debug:
DateTime:2026-08-27 11:08:01.287:"等待工装回复超时"                            File: Line:0 Function: Type:Debug:
DateTime:2026-08-27 11:08:04.309:"等待工装回复超时"                            File: Line:0 Function: Type:Debug:
DateTime:2026-08-27 11:08:07.331:"等待工装回复超时"                            File: Line:0 Function: Type:Debug:
DateTime:2026-08-27 11:08:10.353:"等待工装回复超时"                            File: Line:0 Function: Type:Debug:
DateTime:2026-08-27 11:08:13.375:"等待工装回复超时"                            File: Line:0 Function: Type:Debug:
DateTime:2026-08-27 11:08:16.396:"等待工装回复超时"                            File: Line:0 Function: Type:Debug:
DateTime:2026-08-27 11:08:19.418:"等待工装回复超时"                            File: Line:0 Function: Type:Debug:
DateTime:2026-08-27 11:08:22.440:"等待工装回复超时"                            File: Line:0 Function: Type:Debug:
DateTime:2026-08-27 11:08:25.462:"等待工装回复超时"                            File: Line:0 Function: Type:Debug:
DateTime:2026-08-27 11:08:28.484:"等待工装回复超时"                            File: Line:0 Function: Type:Debug:
DateTime:2026-08-27 11:08:28.484:"延时时间到"                            File: Line:0 Function: Type:Debug:
DateTime:2026-08-27 11:08:28.585:dll输出信息: ""                            File: Line:0 Function: Type:Debug:
DateTime:2026-08-27 11:08:28.585:接口函数调用成功，返回的结果为 0                            File: Line:0 Function: Type:Debug:
DateTime:2026-08-27 11:08:28.585:"外部传入的para：0，返回的result：0,返回的pValRet：0"                            File: Line:0 Function: Type:Debug:
DateTime:2026-08-27 11:08:28.585:"执行接口函数Func_Delay完成"                            File: Line:0 Function: Type:Debug:
DateTime:2026-08-27 11:08:28.587:coorIndex 0                            File: Line:0 Function: Type:Debug:
DateTime:2026-08-27 11:08:28.587:当前流程结束                            File: Line:0 Function: Type:Debug:
DateTime:2026-08-27 11:08:28.587:退出connect函数                            File: Line:0 Function: Type:Debug:
DateTime:2026-08-27 11:08:28.587:"=========【延时5min】结束=========="                            File: Line:0 Function: Type:Debug:
DateTime:2026-08-27 11:08:28.587:"-----------------------------"                            File: Line:0 Function: Type:Debug:
DateTime:2026-08-27 11:08:28.589:"=============执行【Step39-数据转发--EB030505设置NTB校时(STA)(取系统时间)】==================="                            File: Line:0 Function: Type:Debug:
DateTime:2026-08-27 11:08:28.589:"执行接口函数CCO_AFN52_F1_EB030505"                            File: Line:0 Function: Type:Debug:
DateTime:2026-08-27 11:08:28.589:callWorkFunction: CCO_AFN52_F1_EB030505                            File: Line:0 Function: Type:Debug:
DateTime:2026-08-27 11:08:28.589:找到对应函数，进入执行                            File: Line:0 Function: Type:Debug:
DateTime:2026-08-27 11:08:29.093:"等待工装回复超时"                            File: Line:0 Function: Type:Debug:
DateTime:2026-08-27 11:08:29.093:"开始组帧"                            File: Line:0 Function: Type:Debug:
DateTime:2026-08-27 11:08:29.093:"组帧结束"                            File: Line:0 Function: Type:Debug:
DateTime:2026-08-27 11:08:29.093:"367.2Send:数据转发(设置-NTB校时EB030505)：=>68 3D 00 43 00 00 00 00 00 18 52 01 00 03 03 01 10 00 16 19 6B 8A E8 22 00 68 03 01 10 00 16 19 68 14 16 38 38 36 1E 3B 33 33 33 44 44 44 44 33 33 33 33 5B 3B 44 5A 3B 59 79 16 FB 16"                            File: Line:0 Function: Type:Debug:
DateTime:2026-08-27 11:08:29.093:"槽位2透传:68360136016840000000000022600000010002013C00683D0043000000000018520100030301100016196B8AE82200680301100016196814163838361E3B33333344444444333333335B3B445A3B597916FB16B316"                            File: Line:0 Function: Type:Debug:
DateTime:2026-08-27 11:08:29.093:"工装发送：68 36 01 36 01 68 40 00 00 00 00 00 22 60 00 00 01 00 02 01 3C 00 68 3D 00 43 00 00 00 00 00 18 52 01 00 03 03 01 10 00 16 19 6B 8A E8 22 00 68 03 01 10 00 16 19 68 14 16 38 38 36 1E 3B 33 33 33 44 44 44 44 33 33 33 33 5B 3B 44 5A 3B 59 79 16 FB 16 B3 16"                            File: Line:0 Function: Type:Debug:
DateTime:2026-08-27 11:08:29.163:"工装接收：68 32 00 32 00 68 80 00 00 00 00 00 00 60 00 00 01 00 E1 16"                            File: Line:0 Function: Type:Debug:
DateTime:2026-08-27 11:08:29.163:"m_baRecvMsg:"                            File: Line:0 Function: Type:Debug:
DateTime:2026-08-27 11:08:29.163:"frameList.size():1"                            File: Line:0 Function: Type:Debug:
DateTime:2026-08-27 11:08:29.163:"进入报文解析"                            File: Line:0 Function: Type:Debug:
DateTime:2026-08-27 11:08:29.163:"68 32 00 32 00 68 80 00 00 00 00 00 00 60 00 00 01 00 E1 16"                            File: Line:0 Function: Type:Debug:
DateTime:2026-08-27 11:08:29.163:"解码完成，功能码: 1"                            File: Line:0 Function: Type:Debug:
DateTime:2026-08-27 11:08:29.163:"工装回复确认帧"                            File: Line:0 Function: Type:Debug:
DateTime:2026-08-27 11:08:32.185:"uTimeSecond_ms:30000"                            File: Line:0 Function: Type:Debug:
DateTime:2026-08-27 11:08:35.207:"等待工装回复超时"                            File: Line:0 Function: Type:Debug:
DateTime:2026-08-27 11:08:38.229:"等待工装回复超时"                            File: Line:0 Function: Type:Debug:
DateTime:2026-08-27 11:08:41.251:"等待工装回复超时"                            File: Line:0 Function: Type:Debug:
DateTime:2026-08-27 11:08:44.273:"等待工装回复超时"                            File: Line:0 Function: Type:Debug:
DateTime:2026-08-27 11:08:47.295:"等待工装回复超时"                            File: Line:0 Function: Type:Debug:
DateTime:2026-08-27 11:08:50.317:"等待工装回复超时"                            File: Line:0 Function: Type:Debug:
DateTime:2026-08-27 11:08:53.339:"等待工装回复超时"                            File: Line:0 Function: Type:Debug:
DateTime:2026-08-27 11:08:56.361:"等待工装回复超时"                            File: Line:0 Function: Type:Debug:
DateTime:2026-08-27 11:08:59.383:"等待工装回复超时"                            File: Line:0 Function: Type:Debug:
DateTime:2026-08-27 11:09:02.404:"等待工装回复超时"                            File: Line:0 Function: Type:Debug:
DateTime:2026-08-27 11:09:02.404:"等待回复报文超时"                            File: Line:0 Function: Type:Debug:
DateTime:2026-08-27 11:09:02.404:dll输出信息: ""                            File: Line:0 Function: Type:Debug:
DateTime:2026-08-27 11:09:02.404:接口函数调用成功，返回的结果为 -999                            File: Line:0 Function: Type:Debug:
DateTime:2026-08-27 11:09:02.404:"外部传入的para：0，返回的result：-999,返回的pValRet：-999"                            File: Line:0 Function: Type:Debug:
DateTime:2026-08-27 11:09:02.404:返回结果不满足预期值                            File: Line:0 Function: Type:Debug:
DateTime:2026-08-27 11:09:02.407:coorIndex 0                            File: Line:0 Function: Type:Debug:
DateTime:2026-08-27 11:09:02.407:当前流程结束                            File: Line:0 Function: Type:Debug:
DateTime:2026-08-27 11:09:02.407:退出connect函数                            File: Line:0 Function: Type:Debug:
DateTime:2026-08-27 11:09:02.407:"=========【Step39-数据转发--EB030505设置NTB校时(STA)(取系统时间)】结束=========="                            File: Line:0 Function: Type:Debug:
DateTime:2026-08-27 11:09:02.407:"-----------------------------"                            File: Line:0 Function: Type:Debug:
DateTime:2026-08-27 11:09:02.409:"=============执行【EB030502设置校时允许周期或自动校时周期(STA)(设置1400)】==================="                            File: Line:0 Function: Type:Debug:
DateTime:2026-08-27 11:09:02.409:"执行接口函数CCO_AFN52_F1_EB030502_set"                            File: Line:0 Function: Type:Debug:
DateTime:2026-08-27 11:09:02.409:callWorkFunction: CCO_AFN52_F1_EB030502_set                            File: Line:0 Function: Type:Debug:
DateTime:2026-08-27 11:09:02.409:找到对应函数，进入执行                            File: Line:0 Function: Type:Debug:
DateTime:2026-08-27 11:09:02.913:"等待工装回复超时"                            File: Line:0 Function: Type:Debug:
DateTime:2026-08-27 11:09:02.913:"开始组帧"                            File: Line:0 Function: Type:Debug:
DateTime:2026-08-27 11:09:02.913:"组帧结束"                            File: Line:0 Function: Type:Debug:
DateTime:2026-08-27 11:09:02.913:"367.2Send:数据转发(设置-校时允许周期或自动校时周期EB030502)：=>68 35 00 43 00 00 00 00 00 19 52 01 00 03 03 01 10 00 16 19 6B 8A E8 1A 00 68 03 01 10 00 16 19 68 14 0E 35 38 36 1E 3B 33 33 33 44 44 44 44 AB 38 BD 16 7C 16"                            File: Line:0 Function: Type:Debug:
DateTime:2026-08-27 11:09:02.913:"槽位2透传:68160116016840000000000022600000010002013C0068350043000000000019520100030301100016196B8AE81A006803011000161968140E3538361E3B33333344444444AB38BD167C16AD16"                            File: Line:0 Function: Type:Debug:
DateTime:2026-08-27 11:09:02.913:"工装发送：68 16 01 16 01 68 40 00 00 00 00 00 22 60 00 00 01 00 02 01 3C 00 68 35 00 43 00 00 00 00 00 19 52 01 00 03 03 01 10 00 16 19 6B 8A E8 1A 00 68 03 01 10 00 16 19 68 14 0E 35 38 36 1E 3B 33 33 33 44 44 44 44 AB 38 BD 16 7C 16 AD 16"                            File: Line:0 Function: Type:Debug:
DateTime:2026-08-27 11:09:02.975:"工装接收：68 32 00 32 00 68 80 00 00 00 00 00 00 60 00 00 01 00 E1 16"                            File: Line:0 Function: Type:Debug:
DateTime:2026-08-27 11:09:02.975:"m_baRecvMsg:"                            File: Line:0 Function: Type:Debug:
DateTime:2026-08-27 11:09:02.975:"frameList.size():1"                            File: Line:0 Function: Type:Debug:
DateTime:2026-08-27 11:09:02.975:"进入报文解析"                            File: Line:0 Function: Type:Debug:
DateTime:2026-08-27 11:09:02.975:"68 32 00 32 00 68 80 00 00 00 00 00 00 60 00 00 01 00 E1 16"                            File: Line:0 Function: Type:Debug:
DateTime:2026-08-27 11:09:02.975:"解码完成，功能码: 1"                            File: Line:0 Function: Type:Debug:
DateTime:2026-08-27 11:09:02.975:"工装回复确认帧"                            File: Line:0 Function: Type:Debug:
DateTime:2026-08-27 11:09:03.026:"工装接收：68 7E 00 7E 00 68 80 00 00 00 00 00 22 60 00 00 01 00 02 10 00 68 10 00 80 00 00 00 00 00 19 50 02 00 09 F4 16 8B 16"                            File: Line:0 Function: Type:Debug:
DateTime:2026-08-27 11:09:03.026:"m_baRecvMsg:"                            File: Line:0 Function: Type:Debug:
DateTime:2026-08-27 11:09:03.026:"frameList.size():1"                            File: Line:0 Function: Type:Debug:
DateTime:2026-08-27 11:09:03.026:"进入报文解析"                            File: Line:0 Function: Type:Debug:
DateTime:2026-08-27 11:09:03.026:"68 7E 00 7E 00 68 80 00 00 00 00 00 22 60 00 00 01 00 02 10 00 68 10 00 80 00 00 00 00 00 19 50 02 00 09 F4 16 8B 16"                            File: Line:0 Function: Type:Debug:
DateTime:2026-08-27 11:09:03.026:"解码完成，功能码: 4"                            File: Line:0 Function: Type:Debug:
DateTime:2026-08-27 11:09:03.026:"工装接收到透传报文"                            File: Line:0 Function: Type:Debug:
DateTime:2026-08-27 11:09:03.026:"0210006810008000000000001950020009F416"                            File: Line:0 Function: Type:Debug:
DateTime:2026-08-27 11:09:03.026:"透传报文内容:68 10 00 80 00 00 00 00 00 19 50 02 00 09 f4 16"                            File: Line:0 Function: Type:Debug:
DateTime:2026-08-27 11:09:05.947:"uTimeSecond_ms:30000"                            File: Line:0 Function: Type:Debug:
DateTime:2026-08-27 11:09:05.947:"查找结果: iret=0, wStart=0, dwOutLen=16, dwStreamLen=16, dwFindPos=0"                            File: Line:0 Function: Type:Debug:
DateTime:2026-08-27 11:09:05.947:"Receive:<= 68 10 00 80 00 00 00 00 00 19 50 02 00 09 F4 16"                            File: Line:0 Function: Type:Debug:
DateTime:2026-08-27 11:09:05.947:"解析：功能码-AFN=50H,Fn=2："                            File: Line:0 Function: Type:Debug:
DateTime:2026-08-27 11:09:05.947:"收到否认报文，结束等待"                            File: Line:0 Function: Type:Debug:
DateTime:2026-08-27 11:09:05.947:"否认类型: [9][主节点忙]."                            File: Line:0 Function: Type:Debug:
DateTime:2026-08-27 11:09:08.969:"等待工装回复超时"                            File: Line:0 Function: Type:Debug:
DateTime:2026-08-27 11:09:11.991:"等待工装回复超时"                            File: Line:0 Function: Type:Debug:
DateTime:2026-08-27 11:09:12.683:"工装接收：68 A2 00 A2 00 68 80 00 00 00 00 00 22 60 00 00 01 00 02 19 00 68 19 00 80 00 00 00 00 00 18 52 01 00 03 03 01 10 00 16 19 01 00 0B 3D 16 2F 16"                            File: Line:0 Function: Type:Debug:
DateTime:2026-08-27 11:09:12.684:"m_baRecvMsg:"                            File: Line:0 Function: Type:Debug:
DateTime:2026-08-27 11:09:12.684:"rameList.size():"                            File: Line:0 Function: Type:Debug:
DateTime:2026-08-27 11:09:12.684:"进入报文解析"                            File: Line:0 Function: Type:Debug:
DateTime:2026-08-27 11:09:12.684:"68 A2 00 A2 00 68 80 00 00 00 00 00 22 60 00 00 01 00 02 19 00 68 19 00 80 00 00 00 00 00 18 52 01 00 03 03 01 10 00 16 19 01 00 0B 3D 16 2F 16"                            File: Line:0 Function: Type:Debug:
DateTime:2026-08-27 11:09:12.684:"解码完成，功能码: 4"                            File: Line:0 Function: Type:Debug:
DateTime:2026-08-27 11:09:12.684:"工装回复透传报文"                            File: Line:0 Function: Type:Debug:
DateTime:2026-08-27 11:09:12.684:"021900681900800000000000185201000303011000161901000B3D16"                            File: Line:0 Function: Type:Debug:
DateTime:2026-08-27 11:09:12.684:"内容:68 19 00 80 00 00 00 00 00 18 52 01 00 03 03 01 10 00 16 19 01 00 0b 3d 16"                            File: Line:0 Function: Type:Debug:
DateTime:2026-08-27 11:09:15.001:"等待工装回复超时"                            File: Line:0 Function: Type:Debug:
DateTime:2026-08-27 11:09:15.001:"查找结果: iret=0, wStart=0, dwOutLen=25, dwStreamLen=25, dwFindPos=0"                            File: Line:0 Function: Type:Debug:
DateTime:2026-08-27 11:09:15.001:"Receive:<= 68 19 00 80 00 00 00 00 00 18 52 01 00 03 03 01 10 00 16 19 01 00 0B 3D 16"                            File: Line:0 Function: Type:Debug:
DateTime:2026-08-27 11:09:15.001:"解析：功能码-AFN=52H,Fn=1："                            File: Line:0 Function: Type:Debug:
DateTime:2026-08-27 11:09:15.001:"透传回复内容：0303011000161901000B"                            File: Line:0 Function: Type:Debug:
DateTime:2026-08-27 11:09:15.001:"错误代码:响应超时"                            File: Line:0 Function: Type:Debug:
DateTime:2026-08-27 11:09:15.001:dll输出信息: ""                            File: Line:0 Function: Type:Debug:
DateTime:2026-08-27 11:09:15.001:接口函数调用成功，返回的结果为 -1                            File: Line:0 Function: Type:Debug:
DateTime:2026-08-27 11:09:15.001:"外部传入的para：0，返回的result：-1,返回的pValRet：-1"                            File: Line:0 Function: Type:Debug:
DateTime:2026-08-27 11:09:15.001:返回结果不满足预期值                            File: Line:0 Function: Type:Debug:
DateTime:2026-08-27 11:09:15.003:coorIndex 0                            File: Line:0 Function: Type:Debug:
DateTime:2026-08-27 11:09:15.003:当前流程结束                            File: Line:0 Function: Type:Debug:
DateTime:2026-08-27 11:09:15.003:退出connect函数                            File: Line:0 Function: Type:Debug:
DateTime:2026-08-27 11:09:15.003:"=========【EB030502设置校时允许周期或自动校时周期(STA)(设置1400)】结束=========="                            File: Line:0 Function: Type:Debug:
DateTime:2026-08-27 11:09:15.003:"-----------------------------"                            File: Line:0 Function: Type:Debug:
DateTime:2026-08-27 11:09:15.005:"=============执行【Step40-数据转发--EB030510查询通信模块时钟源(STA)】==================="                            File: Line:0 Function: Type:Debug:
DateTime:2026-08-27 11:09:15.005:"执行接口函数CCO_AFN52_F1_EB030510_read"                            File: Line:0 Function: Type:Debug:
DateTime:2026-08-27 11:09:15.005:callWorkFunction: CCO_AFN52_F1_EB030510_read                            File: Line:0 Function: Type:Debug:
DateTime:2026-08-27 11:09:15.005:找到对应函数，进入执行                            File: Line:0 Function: Type:Debug:
DateTime:2026-08-27 11:09:15.508:"等待工装回复超时"                            File: Line:0 Function: Type:Debug:
DateTime:2026-08-27 11:09:15.508:"开始组帧"                            File: Line:0 Function: Type:Debug:
DateTime:2026-08-27 11:09:15.508:"组帧结束"                            File: Line:0 Function: Type:Debug:
DateTime:2026-08-27 11:09:15.508:"367.2Send:数据转发(查询-通信模块时钟源 EB030510)：=>68 2B 00 43 00 00 00 00 00 1A 52 01 00 03 03 01 10 00 16 19 6B 8A E8 10 00 68 03 01 10 00 16 19 68 11 04 43 38 36 1E F7 16 E7 16"                            File: Line:0 Function: Type:Debug:
DateTime:2026-08-27 11:09:15.508:"槽位2透传:68EE00EE006840000000000022600000010002013C00682B004300000000001A520100030301100016196B8AE81000680301100016196811044338361EF716E7167916"                            File: Line:0 Function: Type:Debug:
DateTime:2026-08-27 11:09:15.508:"工装发送：68 EE 00 EE 00 68 40 00 00 00 00 00 22 60 00 00 01 00 02 01 3C 00 68 2B 00 43 00 00 00 00 00 1A 52 01 00 03 03 01 10 00 16 19 6B 8A E8 10 00 68 03 01 10 00 16 19 68 11 04 43 38 36 1E F7 16 E7 16 79 16"                            File: Line:0 Function: Type:Debug:
DateTime:2026-08-27 11:09:15.558:"工装接收：68 32 00 32 00 68 80 00 00 00 00 00 00 60 00 00 01 00 E1 16"                            File: Line:0 Function: Type:Debug:
DateTime:2026-08-27 11:09:15.558:"m_baRecvMsg:"                            File: Line:0 Function: Type:Debug:
DateTime:2026-08-27 11:09:15.558:"frameList.size():1"                            File: Line:0 Function: Type:Debug:
DateTime:2026-08-27 11:09:15.558:"进入报文解析"                            File: Line:0 Function: Type:Debug:
DateTime:2026-08-27 11:09:15.558:"68 32 00 32 00 68 80 00 00 00 00 00 00 60 00 00 01 00 E1 16"                            File: Line:0 Function: Type:Debug:
DateTime:2026-08-27 11:09:15.558:"解码完成，功能码: 1"                            File: Line:0 Function: Type:Debug:
DateTime:2026-08-27 11:09:15.558:"工装回复确认帧"                            File: Line:0 Function: Type:Debug:
DateTime:2026-08-27 11:09:15.649:"工装接收：68 E2 00 E2 00 68 80 00 00 00 00 00 22 60 00 00 01 00 02 29 00 68 29 00 80 00 00 00 00 00 1A 52 01 00 03 03 01 10 00 16 19 11 00 68 03 01 10 00 16 19 68 91 05 43 38 36 1E 33 AB 16 B0 16 35 16"                            File: Line:0 Function: Type:Debug:
DateTime:2026-08-27 11:09:15.649:"m_baRecvMsg:"                            File: Line:0 Function: Type:Debug:
DateTime:2026-08-27 11:09:15.649:"frameList.size():1"                            File: Line:0 Function: Type:Debug:
DateTime:2026-08-27 11:09:15.650:"进入报文解析"                            File: Line:0 Function: Type:Debug:
DateTime:2026-08-27 11:09:15.650:"68 E2 00 E2 00 68 80 00 00 00 00 00 22 60 00 00 01 00 02 29 00 68 29 00 80 00 00 00 00 00 1A 52 01 00 03 03 01 10 00 16 19 11 00 68 03 01 10 00 16 19 68 91 05 43 38 36 1E 33 AB 16 B0 16 35 16"                            File: Line:0 Function: Type:Debug:
DateTime:2026-08-27 11:09:15.650:"解码完成，功能码: 4"                            File: Line:0 Function: Type:Debug:
DateTime:2026-08-27 11:09:15.650:"工装接收到透传报文"                            File: Line:0 Function: Type:Debug:
DateTime:2026-08-27 11:09:15.650:"0229006829008000000000001A520100030301100016191100680301100016196891054338361E33AB16B016"                            File: Line:0 Function: Type:Debug:
DateTime:2026-08-27 11:09:15.650:"透传报文内容:68 29 00 80 00 00 00 00 00 1a 52 01 00 03 03 01 10 00 16 19 11 00 68 03 01 10 00 16 19 68 91 05 43 38 36 1e 33 ab 16 b0 16"                            File: Line:0 Function: Type:Debug:
DateTime:2026-08-27 11:09:18.571:"uTimeSecond_ms:30000"                            File: Line:0 Function: Type:Debug:
DateTime:2026-08-27 11:09:18.571:"查找结果: iret=0, wStart=0, dwOutLen=41, dwStreamLen=41, dwFindPos=0"                            File: Line:0 Function: Type:Debug:
DateTime:2026-08-27 11:09:18.571:"Receive:<= 68 29 00 80 00 00 00 00 00 1A 52 01 00 03 03 01 10 00 16 19 11 00 68 03 01 10 00 16 19 68 91 05 43 38 36 1E 33 AB 16 B0 16"                            File: Line:0 Function: Type:Debug:
DateTime:2026-08-27 11:09:18.571:"解析：功能码-AFN=52H,Fn=1："                            File: Line:0 Function: Type:Debug:
DateTime:2026-08-27 11:09:18.571:"透传回复内容：030301100016191100680301100016196891054338361E33AB16"                            File: Line:0 Function: Type:Debug:
DateTime:2026-08-27 11:09:18.571:"DL/T645-2007协议 回复报文信息：控制码：91,数据标识：EB030510，数据域(需倒序解析)：00"                            File: Line:0 Function: Type:Debug:
DateTime:2026-08-27 11:09:18.571:"网络时钟(00)"                            File: Line:0 Function: Type:Debug:
DateTime:2026-08-27 11:09:18.571:dll输出信息: ""                            File: Line:0 Function: Type:Debug:
DateTime:2026-08-27 11:09:18.571:接口函数调用成功，返回的结果为 0                            File: Line:0 Function: Type:Debug:
DateTime:2026-08-27 11:09:18.571:"外部传入的para：0，返回的result：0,返回的pValRet：0"                            File: Line:0 Function: Type:Debug:
DateTime:2026-08-27 11:09:18.571:"执行接口函数CCO_AFN52_F1_EB030510_read完成"                            File: Line:0 Function: Type:Debug:
DateTime:2026-08-27 11:09:18.574:coorIndex 0                            File: Line:0 Function: Type:Debug:
DateTime:2026-08-27 11:09:18.574:当前流程结束                            File: Line:0 Function: Type:Debug:
DateTime:2026-08-27 11:09:18.574:退出connect函数                            File: Line:0 Function: Type:Debug:
DateTime:2026-08-27 11:09:18.574:"=========【Step40-数据转发--EB030510查询通信模块时钟源(STA)】结束=========="                            File: Line:0 Function: Type:Debug:
DateTime:2026-08-27 11:09:18.574:"-----------------------------"                            File: Line:0 Function: Type:Debug:
DateTime:2026-08-27 11:09:18.576:"=============执行【Step41-数据转发--EB030510设置通信模块时钟源(STA)】==================="                            File: Line:0 Function: Type:Debug:
DateTime:2026-08-27 11:09:18.576:"执行接口函数CCO_AFN52_F1_EB030510_set"                            File: Line:0 Function: Type:Debug:
DateTime:2026-08-27 11:09:18.576:callWorkFunction: CCO_AFN52_F1_EB030510_set                            File: Line:0 Function: Type:Debug:
DateTime:2026-08-27 11:09:18.576:找到对应函数，进入执行                            File: Line:0 Function: Type:Debug:
DateTime:2026-08-27 11:09:19.080:"等待工装回复超时"                            File: Line:0 Function: Type:Debug:
DateTime:2026-08-27 11:09:19.080:"开始组帧"                            File: Line:0 Function: Type:Debug:
DateTime:2026-08-27 11:09:19.080:"组帧结束"                            File: Line:0 Function: Type:Debug:
DateTime:2026-08-27 11:09:19.080:"367.2Send:数据转发(设置-通信模块时钟源EB030510)：=>68 34 00 43 00 00 00 00 00 1B 52 01 00 03 03 01 10 00 16 19 6B 8A E8 19 00 68 03 01 10 00 16 19 68 14 0D 43 38 36 1E 3B 33 33 33 44 44 44 44 34 1B 16 39 16"                            File: Line:0 Function: Type:Debug:
DateTime:2026-08-27 11:09:19.080:"槽位2透传:68120112016840000000000022600000010002013C006834004300000000001B520100030301100016196B8AE819006803011000161968140D4338361E3B33333344444444341B1639162616"                            File: Line:0 Function: Type:Debug:
DateTime:2026-08-27 11:09:19.080:"工装发送：68 12 01 12 01 68 40 00 00 00 00 00 22 60 00 00 01 00 02 01 3C 00 68 34 00 43 00 00 00 00 00 1B 52 01 00 03 03 01 10 00 16 19 6B 8A E8 19 00 68 03 01 10 00 16 19 68 14 0D 43 38 36 1E 3B 33 33 33 44 44 44 44 34 1B 16 39 16 26 16"                            File: Line:0 Function: Type:Debug:
DateTime:2026-08-27 11:09:19.141:"工装接收：68 32 00 32 00 68 80 00 00 00 00 00 00 60 00 00 01 00 E1 16"                            File: Line:0 Function: Type:Debug:
DateTime:2026-08-27 11:09:19.141:"m_baRecvMsg:"                            File: Line:0 Function: Type:Debug:
DateTime:2026-08-27 11:09:19.141:"frameList.size():1"                            File: Line:0 Function: Type:Debug:
DateTime:2026-08-27 11:09:19.141:"进入报文解析"                            File: Line:0 Function: Type:Debug:
DateTime:2026-08-27 11:09:19.141:"68 32 00 32 00 68 80 00 00 00 00 00 00 60 00 00 01 00 E1 16"                            File: Line:0 Function: Type:Debug:
DateTime:2026-08-27 11:09:19.141:"解码完成，功能码: 1"                            File: Line:0 Function: Type:Debug:
DateTime:2026-08-27 11:09:19.141:"工装回复确认帧"                            File: Line:0 Function: Type:Debug:
DateTime:2026-08-27 11:09:19.691:"工装接收：68 CE 00 CE 00 68 80 00 00 00 00 00 22 60 00 00 01 00 02 24 00 68 24 00 80 00 00 00 00 00 1B 52 01 00 03 03 01 10 00 16 19 0C 00 68 03 01 10 00 16 19 68 94 00 A7 16 A4 16 13 16"                            File: Line:0 Function: Type:Debug:
DateTime:2026-08-27 11:09:19.691:"m_baRecvMsg:"                            File: Line:0 Function: Type:Debug:
DateTime:2026-08-27 11:09:19.691:"frameList.size():1"                            File: Line:0 Function: Type:Debug:
DateTime:2026-08-27 11:09:19.691:"进入报文解析"                            File: Line:0 Function: Type:Debug:
DateTime:2026-08-27 11:09:19.691:"68 CE 00 CE 00 68 80 00 00 00 00 00 22 60 00 00 01 00 02 24 00 68 24 00 80 00 00 00 00 00 1B 52 01 00 03 03 01 10 00 16 19 0C 00 68 03 01 10 00 16 19 68 94 00 A7 16 A4 16 13 16"                            File: Line:0 Function: Type:Debug:
DateTime:2026-08-27 11:09:19.691:"解码完成，功能码: 4"                            File: Line:0 Function: Type:Debug:
DateTime:2026-08-27 11:09:19.691:"工装接收到透传报文"                            File: Line:0 Function: Type:Debug:
DateTime:2026-08-27 11:09:19.691:"0224006824008000000000001B520100030301100016190C0068030110001619689400A716A416"                            File: Line:0 Function: Type:Debug:
DateTime:2026-08-27 11:09:19.691:"透传报文内容:68 24 00 80 00 00 00 00 00 1b 52 01 00 03 03 01 10 00 16 19 0c 00 68 03 01 10 00 16 19 68 94 00 a7 16 a4 16"                            File: Line:0 Function: Type:Debug:
DateTime:2026-08-27 11:09:22.109:"uTimeSecond_ms:30000"                            File: Line:0 Function: Type:Debug:
DateTime:2026-08-27 11:09:22.109:"查找结果: iret=0, wStart=0, dwOutLen=36, dwStreamLen=36, dwFindPos=0"                            File: Line:0 Function: Type:Debug:
DateTime:2026-08-27 11:09:22.109:"Receive:<= 68 24 00 80 00 00 00 00 00 1B 52 01 00 03 03 01 10 00 16 19 0C 00 68 03 01 10 00 16 19 68 94 00 A7 16 A4 16"                            File: Line:0 Function: Type:Debug:
DateTime:2026-08-27 11:09:22.109:"解析：功能码-AFN=52H,Fn=1："                            File: Line:0 Function: Type:Debug:
DateTime:2026-08-27 11:09:22.109:"透传回复内容：030301100016190C0068030110001619689400A716"                            File: Line:0 Function: Type:Debug:
DateTime:2026-08-27 11:09:22.109:"设置成功"                            File: Line:0 Function: Type:Debug:
DateTime:2026-08-27 11:09:22.109:dll输出信息: ""                            File: Line:0 Function: Type:Debug:
DateTime:2026-08-27 11:09:22.109:接口函数调用成功，返回的结果为 0                            File: Line:0 Function: Type:Debug:
DateTime:2026-08-27 11:09:22.109:"外部传入的para：0，返回的result：0,返回的pValRet：0"                            File: Line:0 Function: Type:Debug:
DateTime:2026-08-27 11:09:22.109:"执行接口函数CCO_AFN52_F1_EB030510_set完成"                            File: Line:0 Function: Type:Debug:
DateTime:2026-08-27 11:09:22.112:coorIndex 0                            File: Line:0 Function: Type:Debug:
DateTime:2026-08-27 11:09:22.112:当前流程结束                            File: Line:0 Function: Type:Debug:
DateTime:2026-08-27 11:09:22.112:退出connect函数                            File: Line:0 Function: Type:Debug:
DateTime:2026-08-27 11:09:22.112:"=========【Step41-数据转发--EB030510设置通信模块时钟源(STA)】结束=========="                            File: Line:0 Function: Type:Debug:
DateTime:2026-08-27 11:09:22.112:"-----------------------------"                            File: Line:0 Function: Type:Debug:
DateTime:2026-08-27 11:09:22.114:"=============执行【Step42-数据转发--EB030510查询通信模块时钟源(STA)】==================="                            File: Line:0 Function: Type:Debug:
DateTime:2026-08-27 11:09:22.114:"执行接口函数CCO_AFN52_F1_EB030510_read"                            File: Line:0 Function: Type:Debug:
DateTime:2026-08-27 11:09:22.114:callWorkFunction: CCO_AFN52_F1_EB030510_read                            File: Line:0 Function: Type:Debug:
DateTime:2026-08-27 11:09:22.114:找到对应函数，进入执行                            File: Line:0 Function: Type:Debug:
DateTime:2026-08-27 11:09:22.617:"等待工装回复超时"                            File: Line:0 Function: Type:Debug:
DateTime:2026-08-27 11:09:22.617:"开始组帧"                            File: Line:0 Function: Type:Debug:
DateTime:2026-08-27 11:09:22.617:"组帧结束"                            File: Line:0 Function: Type:Debug:
DateTime:2026-08-27 11:09:22.617:"367.2Send:数据转发(查询-通信模块时钟源 EB030510)：=>68 2B 00 43 00 00 00 00 00 1C 52 01 00 03 03 01 10 00 16 19 6B 8A E8 10 00 68 03 01 10 00 16 19 68 11 04 43 38 36 1E F7 16 E9 16"                            File: Line:0 Function: Type:Debug:
DateTime:2026-08-27 11:09:22.617:"槽位2透传:68EE00EE006840000000000022600000010002013C00682B004300000000001C520100030301100016196B8AE81000680301100016196811044338361EF716E9167D16"                            File: Line:0 Function: Type:Debug:
DateTime:2026-08-27 11:09:22.617:"工装发送：68 EE 00 EE 00 68 40 00 00 00 00 00 22 60 00 00 01 00 02 01 3C 00 68 2B 00 43 00 00 00 00 00 1C 52 01 00 03 03 01 10 00 16 19 6B 8A E8 10 00 68 03 01 10 00 16 19 68 11 04 43 38 36 1E F7 16 E9 16 7D 16"                            File: Line:0 Function: Type:Debug:
DateTime:2026-08-27 11:09:22.667:"工装接收：68 32 00 32 00 68 80 00 00 00 00 00 00 60 00 00 01 00 E1 16"                            File: Line:0 Function: Type:Debug:
DateTime:2026-08-27 11:09:22.667:"m_baRecvMsg:"                            File: Line:0 Function: Type:Debug:
DateTime:2026-08-27 11:09:22.667:"frameList.size():1"                            File: Line:0 Function: Type:Debug:
DateTime:2026-08-27 11:09:22.667:"进入报文解析"                            File: Line:0 Function: Type:Debug:
DateTime:2026-08-27 11:09:22.668:"68 32 00 32 00 68 80 00 00 00 00 00 00 60 00 00 01 00 E1 16"                            File: Line:0 Function: Type:Debug:
DateTime:2026-08-27 11:09:22.668:"解码完成，功能码: 1"                            File: Line:0 Function: Type:Debug:
DateTime:2026-08-27 11:09:22.668:"工装回复确认帧"                            File: Line:0 Function: Type:Debug:
DateTime:2026-08-27 11:09:22.764:"工装接收：68 E2 00 E2 00 68 80 00 00 00 00 00 22 60 00 00 01 00 02 29 00 68 29 00 80 00 00 00 00 00 1C 52 01 00 03 03 01 10 00 16 19 11 00 68 03 01 10 00 16 19 68 91 05 43 38 36 1E 34 AC 16 B4 16 3D 16"                            File: Line:0 Function: Type:Debug:
DateTime:2026-08-27 11:09:22.764:"m_baRecvMsg:"                            File: Line:0 Function: Type:Debug:
DateTime:2026-08-27 11:09:22.764:"frameList.size():1"                            File: Line:0 Function: Type:Debug:
DateTime:2026-08-27 11:09:22.764:"进入报文解析"                            File: Line:0 Function: Type:Debug:
DateTime:2026-08-27 11:09:22.764:"68 E2 00 E2 00 68 80 00 00 00 00 00 22 60 00 00 01 00 02 29 00 68 29 00 80 00 00 00 00 00 1C 52 01 00 03 03 01 10 00 16 19 11 00 68 03 01 10 00 16 19 68 91 05 43 38 36 1E 34 AC 16 B4 16 3D 16"                            File: Line:0 Function: Type:Debug:
DateTime:2026-08-27 11:09:22.764:"解码完成，功能码: 4"                            File: Line:0 Function: Type:Debug:
DateTime:2026-08-27 11:09:22.764:"工装接收到透传报文"                            File: Line:0 Function: Type:Debug:
DateTime:2026-08-27 11:09:22.764:"0229006829008000000000001C520100030301100016191100680301100016196891054338361E34AC16B416"                            File: Line:0 Function: Type:Debug:
DateTime:2026-08-27 11:09:22.764:"透传报文内容:68 29 00 80 00 00 00 00 00 1c 52 01 00 03 03 01 10 00 16 19 11 00 68 03 01 10 00 16 19 68 91 05 43 38 36 1e 34 ac 16 b4 16"                            File: Line:0 Function: Type:Debug:
DateTime:2026-08-27 11:09:25.685:"uTimeSecond_ms:30000"                            File: Line:0 Function: Type:Debug:
DateTime:2026-08-27 11:09:25.685:"查找结果: iret=0, wStart=0, dwOutLen=41, dwStreamLen=41, dwFindPos=0"                            File: Line:0 Function: Type:Debug:
DateTime:2026-08-27 11:09:25.685:"Receive:<= 68 29 00 80 00 00 00 00 00 1C 52 01 00 03 03 01 10 00 16 19 11 00 68 03 01 10 00 16 19 68 91 05 43 38 36 1E 34 AC 16 B4 16"                            File: Line:0 Function: Type:Debug:
DateTime:2026-08-27 11:09:25.685:"解析：功能码-AFN=52H,Fn=1："                            File: Line:0 Function: Type:Debug:
DateTime:2026-08-27 11:09:25.685:"透传回复内容：030301100016191100680301100016196891054338361E34AC16"                            File: Line:0 Function: Type:Debug:
DateTime:2026-08-27 11:09:25.685:"DL/T645-2007协议 回复报文信息：控制码：91,数据标识：EB030510，数据域(需倒序解析)：01"                            File: Line:0 Function: Type:Debug:
DateTime:2026-08-27 11:09:25.685:"电能表类时钟(01)"                            File: Line:0 Function: Type:Debug:
DateTime:2026-08-27 11:09:25.685:dll输出信息: ""                            File: Line:0 Function: Type:Debug:
DateTime:2026-08-27 11:09:25.685:接口函数调用成功，返回的结果为 0                            File: Line:0 Function: Type:Debug:
DateTime:2026-08-27 11:09:25.685:"外部传入的para：0，返回的result：0,返回的pValRet：0"                            File: Line:0 Function: Type:Debug:
DateTime:2026-08-27 11:09:25.685:"执行接口函数CCO_AFN52_F1_EB030510_read完成"                            File: Line:0 Function: Type:Debug:
DateTime:2026-08-27 11:09:25.688:coorIndex 0                            File: Line:0 Function: Type:Debug:
DateTime:2026-08-27 11:09:25.688:当前流程结束                            File: Line:0 Function: Type:Debug:
DateTime:2026-08-27 11:09:25.688:退出connect函数                            File: Line:0 Function: Type:Debug:
DateTime:2026-08-27 11:09:25.688:"=========【Step42-数据转发--EB030510查询通信模块时钟源(STA)】结束=========="                            File: Line:0 Function: Type:Debug:
DateTime:2026-08-27 11:09:25.688:"-----------------------------"                            File: Line:0 Function: Type:Debug:
DateTime:2026-08-27 11:09:25.690:"=============执行【Step43-数据转发--EB030510设置通信模块时钟源(STA)】==================="                            File: Line:0 Function: Type:Debug:
DateTime:2026-08-27 11:09:25.690:"执行接口函数CCO_AFN52_F1_EB030510_set"                            File: Line:0 Function: Type:Debug:
DateTime:2026-08-27 11:09:25.690:callWorkFunction: CCO_AFN52_F1_EB030510_set                            File: Line:0 Function: Type:Debug:
DateTime:2026-08-27 11:09:25.690:找到对应函数，进入执行                            File: Line:0 Function: Type:Debug:
DateTime:2026-08-27 11:09:26.194:"等待工装回复超时"                            File: Line:0 Function: Type:Debug:
DateTime:2026-08-27 11:09:26.194:"开始组帧"                            File: Line:0 Function: Type:Debug:
DateTime:2026-08-27 11:09:26.194:"组帧结束"                            File: Line:0 Function: Type:Debug:
DateTime:2026-08-27 11:09:26.194:"367.2Send:数据转发(设置-通信模块时钟源EB030510)：=>68 34 00 43 00 00 00 00 00 1D 52 01 00 03 03 01 10 00 16 19 6B 8A E8 19 00 68 03 01 10 00 16 19 68 14 0D 43 38 36 1E 3B 33 33 33 44 44 44 44 33 1A 16 39 16"                            File: Line:0 Function: Type:Debug:
DateTime:2026-08-27 11:09:26.194:"槽位2透传:68120112016840000000000022600000010002013C006834004300000000001D520100030301100016196B8AE819006803011000161968140D4338361E3B33333344444444331A1639162616"                            File: Line:0 Function: Type:Debug:
DateTime:2026-08-27 11:09:26.194:"工装发送：68 12 01 12 01 68 40 00 00 00 00 00 22 60 00 00 01 00 02 01 3C 00 68 34 00 43 00 00 00 00 00 1D 52 01 00 03 03 01 10 00 16 19 6B 8A E8 19 00 68 03 01 10 00 16 19 68 14 0D 43 38 36 1E 3B 33 33 33 44 44 44 44 33 1A 16 39 16 26 16"                            File: Line:0 Function: Type:Debug:
DateTime:2026-08-27 11:09:26.255:"工装接收：68 32 00 32 00 68 80 00 00 00 00 00 00 60 00 00 01 00 E1 16"                            File: Line:0 Function: Type:Debug:
DateTime:2026-08-27 11:09:26.255:"m_baRecvMsg:"                            File: Line:0 Function: Type:Debug:
DateTime:2026-08-27 11:09:26.255:"frameList.size():1"                            File: Line:0 Function: Type:Debug:
DateTime:2026-08-27 11:09:26.255:"进入报文解析"                            File: Line:0 Function: Type:Debug:
DateTime:2026-08-27 11:09:26.255:"68 32 00 32 00 68 80 00 00 00 00 00 00 60 00 00 01 00 E1 16"                            File: Line:0 Function: Type:Debug:
DateTime:2026-08-27 11:09:26.255:"解码完成，功能码: 1"                            File: Line:0 Function: Type:Debug:
DateTime:2026-08-27 11:09:26.255:"工装回复确认帧"                            File: Line:0 Function: Type:Debug:
DateTime:2026-08-27 11:09:26.360:"工装接收：68 CE 00 CE 00 68 80 00 00 00 00 00 22 60 00 00 01 00 02 24 00 68 24 00 80 00 00 00 00 00 1D 52 01 00 03 03 01 10 00 16 19 0C 00 68 03 01 10 00 16 19 68 94 00 A7 16 A6 16 17 16"                            File: Line:0 Function: Type:Debug:
DateTime:2026-08-27 11:09:26.361:"m_baRecvMsg:"                            File: Line:0 Function: Type:Debug:
DateTime:2026-08-27 11:09:26.361:"frameList.size():1"                            File: Line:0 Function: Type:Debug:
DateTime:2026-08-27 11:09:26.361:"进入报文解析"                            File: Line:0 Function: Type:Debug:
DateTime:2026-08-27 11:09:26.361:"68 CE 00 CE 00 68 80 00 00 00 00 00 22 60 00 00 01 00 02 24 00 68 24 00 80 00 00 00 00 00 1D 52 01 00 03 03 01 10 00 16 19 0C 00 68 03 01 10 00 16 19 68 94 00 A7 16 A6 16 17 16"                            File: Line:0 Function: Type:Debug:
DateTime:2026-08-27 11:09:26.361:"解码完成，功能码: 4"                            File: Line:0 Function: Type:Debug:
DateTime:2026-08-27 11:09:26.361:"工装接收到透传报文"                            File: Line:0 Function: Type:Debug:
DateTime:2026-08-27 11:09:26.361:"0224006824008000000000001D520100030301100016190C0068030110001619689400A716A616"                            File: Line:0 Function: Type:Debug:
DateTime:2026-08-27 11:09:26.361:"透传报文内容:68 24 00 80 00 00 00 00 00 1d 52 01 00 03 03 01 10 00 16 19 0c 00 68 03 01 10 00 16 19 68 94 00 a7 16 a6 16"                            File: Line:0 Function: Type:Debug:
DateTime:2026-08-27 11:09:29.283:"uTimeSecond_ms:30000"                            File: Line:0 Function: Type:Debug:
DateTime:2026-08-27 11:09:29.283:"查找结果: iret=0, wStart=0, dwOutLen=36, dwStreamLen=36, dwFindPos=0"                            File: Line:0 Function: Type:Debug:
DateTime:2026-08-27 11:09:29.283:"Receive:<= 68 24 00 80 00 00 00 00 00 1D 52 01 00 03 03 01 10 00 16 19 0C 00 68 03 01 10 00 16 19 68 94 00 A7 16 A6 16"                            File: Line:0 Function: Type:Debug:
DateTime:2026-08-27 11:09:29.283:"解析：功能码-AFN=52H,Fn=1："                            File: Line:0 Function: Type:Debug:
DateTime:2026-08-27 11:09:29.283:"透传回复内容：030301100016190C0068030110001619689400A716"                            File: Line:0 Function: Type:Debug:
DateTime:2026-08-27 11:09:29.283:"设置成功"                            File: Line:0 Function: Type:Debug:
DateTime:2026-08-27 11:09:29.283:dll输出信息: ""                            File: Line:0 Function: Type:Debug:
DateTime:2026-08-27 11:09:29.283:接口函数调用成功，返回的结果为 0                            File: Line:0 Function: Type:Debug:
DateTime:2026-08-27 11:09:29.283:"外部传入的para：0，返回的result：0,返回的pValRet：0"                            File: Line:0 Function: Type:Debug:
DateTime:2026-08-27 11:09:29.283:"执行接口函数CCO_AFN52_F1_EB030510_set完成"                            File: Line:0 Function: Type:Debug:
DateTime:2026-08-27 11:09:29.286:coorIndex 0                            File: Line:0 Function: Type:Debug:
DateTime:2026-08-27 11:09:29.286:当前流程结束                            File: Line:0 Function: Type:Debug:
DateTime:2026-08-27 11:09:29.286:退出connect函数                            File: Line:0 Function: Type:Debug:
DateTime:2026-08-27 11:09:29.286:"=========【Step43-数据转发--EB030510设置通信模块时钟源(STA)】结束=========="                            File: Line:0 Function: Type:Debug:
DateTime:2026-08-27 11:09:29.286:"-----------------------------"                            File: Line:0 Function: Type:Debug:
DateTime:2026-08-27 11:09:29.288:"=============执行【Step44-数据转发--EB030510查询通信模块时钟源(STA)】==================="                            File: Line:0 Function: Type:Debug:
DateTime:2026-08-27 11:09:29.288:"执行接口函数CCO_AFN52_F1_EB030510_read"                            File: Line:0 Function: Type:Debug:
DateTime:2026-08-27 11:09:29.288:callWorkFunction: CCO_AFN52_F1_EB030510_read                            File: Line:0 Function: Type:Debug:
DateTime:2026-08-27 11:09:29.288:找到对应函数，进入执行                            File: Line:0 Function: Type:Debug:
DateTime:2026-08-27 11:09:29.791:"等待工装回复超时"                            File: Line:0 Function: Type:Debug:
DateTime:2026-08-27 11:09:29.791:"开始组帧"                            File: Line:0 Function: Type:Debug:
DateTime:2026-08-27 11:09:29.791:"组帧结束"                            File: Line:0 Function: Type:Debug:
DateTime:2026-08-27 11:09:29.791:"367.2Send:数据转发(查询-通信模块时钟源 EB030510)：=>68 2B 00 43 00 00 00 00 00 1E 52 01 00 03 03 01 10 00 16 19 6B 8A E8 10 00 68 03 01 10 00 16 19 68 11 04 43 38 36 1E F7 16 EB 16"                            File: Line:0 Function: Type:Debug:
DateTime:2026-08-27 11:09:29.791:"槽位2透传:68EE00EE006840000000000022600000010002013C00682B004300000000001E520100030301100016196B8AE81000680301100016196811044338361EF716EB168116"                            File: Line:0 Function: Type:Debug:
DateTime:2026-08-27 11:09:29.791:"工装发送：68 EE 00 EE 00 68 40 00 00 00 00 00 22 60 00 00 01 00 02 01 3C 00 68 2B 00 43 00 00 00 00 00 1E 52 01 00 03 03 01 10 00 16 19 6B 8A E8 10 00 68 03 01 10 00 16 19 68 11 04 43 38 36 1E F7 16 EB 16 81 16"                            File: Line:0 Function: Type:Debug:
DateTime:2026-08-27 11:09:29.841:"工装接收：68 32 00 32 00 68 80 00 00 00 00 00 00 60 00 00 01 00 E1 16"                            File: Line:0 Function: Type:Debug:
DateTime:2026-08-27 11:09:29.841:"m_baRecvMsg:"                            File: Line:0 Function: Type:Debug:
DateTime:2026-08-27 11:09:29.841:"frameList.size():1"                            File: Line:0 Function: Type:Debug:
DateTime:2026-08-27 11:09:29.841:"进入报文解析"                            File: Line:0 Function: Type:Debug:
DateTime:2026-08-27 11:09:29.841:"68 32 00 32 00 68 80 00 00 00 00 00 00 60 00 00 01 00 E1 16"                            File: Line:0 Function: Type:Debug:
DateTime:2026-08-27 11:09:29.841:"解码完成，功能码: 1"                            File: Line:0 Function: Type:Debug:
DateTime:2026-08-27 11:09:29.841:"工装回复确认帧"                            File: Line:0 Function: Type:Debug:
DateTime:2026-08-27 11:09:30.200:"工装接收：68 E2 00 E2 00 68 80 00 00 00 00 00 22 60 00 00 01 00 02 29 00 68 29 00 80 00 00 00 00 00 1E 52 01 00 03 03 01 10 00 16 19 11 00 68 03 01 10 00 16 19 68 91 05 43 38 36 1E 33 AB 16 B4 16 3D 16"                            File: Line:0 Function: Type:Debug:
DateTime:2026-08-27 11:09:30.200:"m_baRecvMsg:"                            File: Line:0 Function: Type:Debug:
DateTime:2026-08-27 11:09:30.200:"frameList.size():1"                            File: Line:0 Function: Type:Debug:
DateTime:2026-08-27 11:09:30.200:"进入报文解析"                            File: Line:0 Function: Type:Debug:
DateTime:2026-08-27 11:09:30.200:"68 E2 00 E2 00 68 80 00 00 00 00 00 22 60 00 00 01 00 02 29 00 68 29 00 80 00 00 00 00 00 1E 52 01 00 03 03 01 10 00 16 19 11 00 68 03 01 10 00 16 19 68 91 05 43 38 36 1E 33 AB 16 B4 16 3D 16"                            File: Line:0 Function: Type:Debug:
DateTime:2026-08-27 11:09:30.200:"解码完成，功能码: 4"                            File: Line:0 Function: Type:Debug:
DateTime:2026-08-27 11:09:30.200:"工装接收到透传报文"                            File: Line:0 Function: Type:Debug:
DateTime:2026-08-27 11:09:30.200:"0229006829008000000000001E520100030301100016191100680301100016196891054338361E33AB16B416"                            File: Line:0 Function: Type:Debug:
DateTime:2026-08-27 11:09:30.200:"透传报文内容:68 29 00 80 00 00 00 00 00 1e 52 01 00 03 03 01 10 00 16 19 11 00 68 03 01 10 00 16 19 68 91 05 43 38 36 1e 33 ab 16 b4 16"                            File: Line:0 Function: Type:Debug:
DateTime:2026-08-27 11:09:32.820:"uTimeSecond_ms:30000"                            File: Line:0 Function: Type:Debug:
DateTime:2026-08-27 11:09:32.820:"查找结果: iret=0, wStart=0, dwOutLen=41, dwStreamLen=41, dwFindPos=0"                            File: Line:0 Function: Type:Debug:
DateTime:2026-08-27 11:09:32.820:"Receive:<= 68 29 00 80 00 00 00 00 00 1E 52 01 00 03 03 01 10 00 16 19 11 00 68 03 01 10 00 16 19 68 91 05 43 38 36 1E 33 AB 16 B4 16"                            File: Line:0 Function: Type:Debug:
DateTime:2026-08-27 11:09:32.820:"解析：功能码-AFN=52H,Fn=1："                            File: Line:0 Function: Type:Debug:
DateTime:2026-08-27 11:09:32.820:"透传回复内容：030301100016191100680301100016196891054338361E33AB16"                            File: Line:0 Function: Type:Debug:
DateTime:2026-08-27 11:09:32.820:"DL/T645-2007协议 回复报文信息：控制码：91,数据标识：EB030510，数据域(需倒序解析)：00"                            File: Line:0 Function: Type:Debug:
DateTime:2026-08-27 11:09:32.820:"网络时钟(00)"                            File: Line:0 Function: Type:Debug:
DateTime:2026-08-27 11:09:32.820:dll输出信息: ""                            File: Line:0 Function: Type:Debug:
DateTime:2026-08-27 11:09:32.820:接口函数调用成功，返回的结果为 0                            File: Line:0 Function: Type:Debug:
DateTime:2026-08-27 11:09:32.820:"外部传入的para：0，返回的result：0,返回的pValRet：0"                            File: Line:0 Function: Type:Debug:
DateTime:2026-08-27 11:09:32.820:"执行接口函数CCO_AFN52_F1_EB030510_read完成"                            File: Line:0 Function: Type:Debug:
DateTime:2026-08-27 11:09:32.823:coorIndex 0                            File: Line:0 Function: Type:Debug:
DateTime:2026-08-27 11:09:32.823:当前流程结束                            File: Line:0 Function: Type:Debug:
DateTime:2026-08-27 11:09:32.823:退出connect函数                            File: Line:0 Function: Type:Debug:
DateTime:2026-08-27 11:09:32.823:"=========【Step44-数据转发--EB030510查询通信模块时钟源(STA)】结束=========="                            File: Line:0 Function: Type:Debug:
DateTime:2026-08-27 11:09:32.823:"-----------------------------"                            File: Line:0 Function: Type:Debug:
DateTime:2026-08-27 11:09:32.826:"=============执行【Step45-数据转发--EB030520查询CCO自动NTB校对（默认启用）】==================="                            File: Line:0 Function: Type:Debug:
DateTime:2026-08-27 11:09:32.826:"执行接口函数CCO_AFN52_F1_EB030520_read"                            File: Line:0 Function: Type:Debug:
DateTime:2026-08-27 11:09:32.826:callWorkFunction: CCO_AFN52_F1_EB030520_read                            File: Line:0 Function: Type:Debug:
DateTime:2026-08-27 11:09:32.826:找到对应函数，进入执行                            File: Line:0 Function: Type:Debug:
DateTime:2026-08-27 11:09:33.330:"等待工装回复超时"                            File: Line:0 Function: Type:Debug:
DateTime:2026-08-27 11:09:33.330:"开始组帧"                            File: Line:0 Function: Type:Debug:
DateTime:2026-08-27 11:09:33.330:"组帧结束"                            File: Line:0 Function: Type:Debug:
DateTime:2026-08-27 11:09:33.330:"367.2Send:数据转发(查询-CCO自动NTB校时 EB030520)：=>68 2B 00 43 00 00 00 00 00 1F 52 01 00 02 12 90 78 56 34 12 6B 8A E8 10 00 68 12 90 78 56 34 12 68 11 04 53 38 36 1E 7A 16 64 16"                            File: Line:0 Function: Type:Debug:
DateTime:2026-08-27 11:09:33.330:"槽位2透传:68EE00EE006840000000000022600000010002013C00682B004300000000001F520100021290785634126B8AE81000681290785634126811045338361E7A1664167316"                            File: Line:0 Function: Type:Debug:
DateTime:2026-08-27 11:09:33.330:"工装发送：68 EE 00 EE 00 68 40 00 00 00 00 00 22 60 00 00 01 00 02 01 3C 00 68 2B 00 43 00 00 00 00 00 1F 52 01 00 02 12 90 78 56 34 12 6B 8A E8 10 00 68 12 90 78 56 34 12 68 11 04 53 38 36 1E 7A 16 64 16 73 16"                            File: Line:0 Function: Type:Debug:
DateTime:2026-08-27 11:09:33.380:"工装接收：68 32 00 32 00 68 80 00 00 00 00 00 00 60 00 00 01 00 E1 16"                            File: Line:0 Function: Type:Debug:
DateTime:2026-08-27 11:09:33.380:"m_baRecvMsg:"                            File: Line:0 Function: Type:Debug:
DateTime:2026-08-27 11:09:33.380:"frameList.size():1"                            File: Line:0 Function: Type:Debug:
DateTime:2026-08-27 11:09:33.380:"进入报文解析"                            File: Line:0 Function: Type:Debug:
DateTime:2026-08-27 11:09:33.380:"68 32 00 32 00 68 80 00 00 00 00 00 00 60 00 00 01 00 E1 16"                            File: Line:0 Function: Type:Debug:
DateTime:2026-08-27 11:09:33.380:"解码完成，功能码: 1"                            File: Line:0 Function: Type:Debug:
DateTime:2026-08-27 11:09:33.380:"工装回复确认帧"                            File: Line:0 Function: Type:Debug:
DateTime:2026-08-27 11:09:33.435:"工装接收：68 E2 00 E2 00 68 80 00 00 00 00 00 22 60 00 00 01 00 02 29 00 68 29 00 80 00 00 00 00 00 1F 52 01 00 02 12 90 78 56 34 12 11 00 68 12 90 78 56 34 12 68 91 05 53 38 36 1E 34 2F 16 2F 16 33 16"                            File: Line:0 Function: Type:Debug:
DateTime:2026-08-27 11:09:33.435:"m_baRecvMsg:"                            File: Line:0 Function: Type:Debug:
DateTime:2026-08-27 11:09:33.435:"frameList.size():1"                            File: Line:0 Function: Type:Debug:
DateTime:2026-08-27 11:09:33.435:"进入报文解析"                            File: Line:0 Function: Type:Debug:
DateTime:2026-08-27 11:09:33.435:"68 E2 00 E2 00 68 80 00 00 00 00 00 22 60 00 00 01 00 02 29 00 68 29 00 80 00 00 00 00 00 1F 52 01 00 02 12 90 78 56 34 12 11 00 68 12 90 78 56 34 12 68 91 05 53 38 36 1E 34 2F 16 2F 16 33 16"                            File: Line:0 Function: Type:Debug:
DateTime:2026-08-27 11:09:33.435:"解码完成，功能码: 4"                            File: Line:0 Function: Type:Debug:
DateTime:2026-08-27 11:09:33.435:"工装接收到透传报文"                            File: Line:0 Function: Type:Debug:
DateTime:2026-08-27 11:09:33.435:"0229006829008000000000001F520100021290785634121100681290785634126891055338361E342F162F16"                            File: Line:0 Function: Type:Debug:
DateTime:2026-08-27 11:09:33.435:"透传报文内容:68 29 00 80 00 00 00 00 00 1f 52 01 00 02 12 90 78 56 34 12 11 00 68 12 90 78 56 34 12 68 91 05 53 38 36 1e 34 2f 16 2f 16"                            File: Line:0 Function: Type:Debug:
DateTime:2026-08-27 11:09:36.356:"uTimeSecond_ms:30000"                            File: Line:0 Function: Type:Debug:
DateTime:2026-08-27 11:09:36.356:"查找结果: iret=0, wStart=0, dwOutLen=41, dwStreamLen=41, dwFindPos=0"                            File: Line:0 Function: Type:Debug:
DateTime:2026-08-27 11:09:36.356:"Receive:<= 68 29 00 80 00 00 00 00 00 1F 52 01 00 02 12 90 78 56 34 12 11 00 68 12 90 78 56 34 12 68 91 05 53 38 36 1E 34 2F 16 2F 16"                            File: Line:0 Function: Type:Debug:
DateTime:2026-08-27 11:09:36.356:"解析：功能码-AFN=52H,Fn=1："                            File: Line:0 Function: Type:Debug:
DateTime:2026-08-27 11:09:36.356:"透传回复内容：021290785634121100681290785634126891055338361E342F16"                            File: Line:0 Function: Type:Debug:
DateTime:2026-08-27 11:09:36.356:"DL/T645-2007协议 回复报文信息：控制码：91,数据标识：EB030520，数据域(需倒序解析)：01"                            File: Line:0 Function: Type:Debug:
DateTime:2026-08-27 11:09:36.356:"CCO自动NTB校时启用"                            File: Line:0 Function: Type:Debug:
DateTime:2026-08-27 11:09:36.356:dll输出信息: ""                            File: Line:0 Function: Type:Debug:
DateTime:2026-08-27 11:09:36.356:接口函数调用成功，返回的结果为 0                            File: Line:0 Function: Type:Debug:
DateTime:2026-08-27 11:09:36.356:"外部传入的para：0，返回的result：0,返回的pValRet：0"                            File: Line:0 Function: Type:Debug:
DateTime:2026-08-27 11:09:36.356:"执行接口函数CCO_AFN52_F1_EB030520_read完成"                            File: Line:0 Function: Type:Debug:
DateTime:2026-08-27 11:09:36.359:coorIndex 0                            File: Line:0 Function: Type:Debug:
DateTime:2026-08-27 11:09:36.359:当前流程结束                            File: Line:0 Function: Type:Debug:
DateTime:2026-08-27 11:09:36.359:退出connect函数                            File: Line:0 Function: Type:Debug:
DateTime:2026-08-27 11:09:36.359:"=========【Step45-数据转发--EB030520查询CCO自动NTB校对（默认启用）】结束=========="                            File: Line:0 Function: Type:Debug:
DateTime:2026-08-27 11:09:36.359:"-----------------------------"                            File: Line:0 Function: Type:Debug:
DateTime:2026-08-27 11:09:36.361:"=============执行【Step46-数据转发--EB030520设置CCO自动NTB校对（设置停用）】==================="                            File: Line:0 Function: Type:Debug:
DateTime:2026-08-27 11:09:36.361:"执行接口函数CCO_AFN52_F1_EB030520_set"                            File: Line:0 Function: Type:Debug:
DateTime:2026-08-27 11:09:36.361:callWorkFunction: CCO_AFN52_F1_EB030520_set                            File: Line:0 Function: Type:Debug:
DateTime:2026-08-27 11:09:36.361:找到对应函数，进入执行                            File: Line:0 Function: Type:Debug:
DateTime:2026-08-27 11:09:36.864:"等待工装回复超时"                            File: Line:0 Function: Type:Debug:
DateTime:2026-08-27 11:09:36.864:"开始组帧"                            File: Line:0 Function: Type:Debug:
DateTime:2026-08-27 11:09:36.864:"组帧结束"                            File: Line:0 Function: Type:Debug:
DateTime:2026-08-27 11:09:36.864:"367.2Send:数据转发(设置-CCO自动NTB校时EB030520)：=>68 34 00 43 00 00 00 00 00 20 52 01 00 02 12 90 78 56 34 12 6B 8A E8 19 00 68 12 90 78 56 34 12 68 14 0D 53 38 36 1E 3B 33 33 33 44 44 44 44 33 9D 16 B4 16"                            File: Line:0 Function: Type:Debug:
DateTime:2026-08-27 11:09:36.864:"槽位2透传:68120112016840000000000022600000010002013C0068340043000000000020520100021290785634126B8AE819006812907856341268140D5338361E3B33333344444444339D16B4161C16"                            File: Line:0 Function: Type:Debug:
DateTime:2026-08-27 11:09:36.864:"工装发送：68 12 01 12 01 68 40 00 00 00 00 00 22 60 00 00 01 00 02 01 3C 00 68 34 00 43 00 00 00 00 00 20 52 01 00 02 12 90 78 56 34 12 6B 8A E8 19 00 68 12 90 78 56 34 12 68 14 0D 53 38 36 1E 3B 33 33 33 44 44 44 44 33 9D 16 B4 16 1C 16"                            File: Line:0 Function: Type:Debug:
DateTime:2026-08-27 11:09:36.925:"工装接收：68 32 00 32 00 68 80 00 00 00 00 00 00 60 00 00 01 00 E1 16"                            File: Line:0 Function: Type:Debug:
DateTime:2026-08-27 11:09:36.925:"m_baRecvMsg:"                            File: Line:0 Function: Type:Debug:
DateTime:2026-08-27 11:09:36.925:"frameList.size():1"                            File: Line:0 Function: Type:Debug:
DateTime:2026-08-27 11:09:36.925:"进入报文解析"                            File: Line:0 Function: Type:Debug:
DateTime:2026-08-27 11:09:36.925:"68 32 00 32 00 68 80 00 00 00 00 00 00 60 00 00 01 00 E1 16"                            File: Line:0 Function: Type:Debug:
DateTime:2026-08-27 11:09:36.925:"解码完成，功能码: 1"                            File: Line:0 Function: Type:Debug:
DateTime:2026-08-27 11:09:36.925:"工装回复确认帧"                            File: Line:0 Function: Type:Debug:
DateTime:2026-08-27 11:09:37.034:"工装接收：68 CE 00 CE 00 68 80 00 00 00 00 00 22 60 00 00 01 00 02 24 00 68 24 00 80 00 00 00 00 00 20 52 01 00 02 12 90 78 56 34 12 0C 00 68 12 90 78 56 34 12 68 94 00 1A 16 01 16 CD 16"                            File: Line:0 Function: Type:Debug:
DateTime:2026-08-27 11:09:37.034:"m_baRecvMsg:"                            File: Line:0 Function: Type:Debug:
DateTime:2026-08-27 11:09:37.034:"frameList.size():1"                            File: Line:0 Function: Type:Debug:
DateTime:2026-08-27 11:09:37.034:"进入报文解析"                            File: Line:0 Function: Type:Debug:
DateTime:2026-08-27 11:09:37.034:"68 CE 00 CE 00 68 80 00 00 00 00 00 22 60 00 00 01 00 02 24 00 68 24 00 80 00 00 00 00 00 20 52 01 00 02 12 90 78 56 34 12 0C 00 68 12 90 78 56 34 12 68 94 00 1A 16 01 16 CD 16"                            File: Line:0 Function: Type:Debug:
DateTime:2026-08-27 11:09:37.034:"解码完成，功能码: 4"                            File: Line:0 Function: Type:Debug:
DateTime:2026-08-27 11:09:37.034:"工装接收到透传报文"                            File: Line:0 Function: Type:Debug:
DateTime:2026-08-27 11:09:37.034:"02240068240080000000000020520100021290785634120C00681290785634126894001A160116"                            File: Line:0 Function: Type:Debug:
DateTime:2026-08-27 11:09:37.034:"透传报文内容:68 24 00 80 00 00 00 00 00 20 52 01 00 02 12 90 78 56 34 12 0c 00 68 12 90 78 56 34 12 68 94 00 1a 16 01 16"                            File: Line:0 Function: Type:Debug:
DateTime:2026-08-27 11:09:39.955:"uTimeSecond_ms:30000"                            File: Line:0 Function: Type:Debug:
DateTime:2026-08-27 11:09:39.955:"查找结果: iret=0, wStart=0, dwOutLen=36, dwStreamLen=36, dwFindPos=0"                            File: Line:0 Function: Type:Debug:
DateTime:2026-08-27 11:09:39.955:"Receive:<= 68 24 00 80 00 00 00 00 00 20 52 01 00 02 12 90 78 56 34 12 0C 00 68 12 90 78 56 34 12 68 94 00 1A 16 01 16"                            File: Line:0 Function: Type:Debug:
DateTime:2026-08-27 11:09:39.955:"解析：功能码-AFN=52H,Fn=1："                            File: Line:0 Function: Type:Debug:
DateTime:2026-08-27 11:09:39.955:"透传回复内容：021290785634120C00681290785634126894001A16"                            File: Line:0 Function: Type:Debug:
DateTime:2026-08-27 11:09:39.955:"设置成功"                            File: Line:0 Function: Type:Debug:
DateTime:2026-08-27 11:09:39.955:dll输出信息: ""                            File: Line:0 Function: Type:Debug:
DateTime:2026-08-27 11:09:39.955:接口函数调用成功，返回的结果为 0                            File: Line:0 Function: Type:Debug:
DateTime:2026-08-27 11:09:39.955:"外部传入的para：0，返回的result：0,返回的pValRet：0"                            File: Line:0 Function: Type:Debug:
DateTime:2026-08-27 11:09:39.955:"执行接口函数CCO_AFN52_F1_EB030520_set完成"                            File: Line:0 Function: Type:Debug:
DateTime:2026-08-27 11:09:39.958:coorIndex 0                            File: Line:0 Function: Type:Debug:
DateTime:2026-08-27 11:09:39.958:当前流程结束                            File: Line:0 Function: Type:Debug:
DateTime:2026-08-27 11:09:39.958:退出connect函数                            File: Line:0 Function: Type:Debug:
DateTime:2026-08-27 11:09:39.958:"=========【Step46-数据转发--EB030520设置CCO自动NTB校对（设置停用）】结束=========="                            File: Line:0 Function: Type:Debug:
DateTime:2026-08-27 11:09:39.958:"-----------------------------"                            File: Line:0 Function: Type:Debug:
DateTime:2026-08-27 11:09:39.960:"=============执行【Step47-数据转发--EB030520查询CCO自动NTB校对】==================="                            File: Line:0 Function: Type:Debug:
DateTime:2026-08-27 11:09:39.960:"执行接口函数CCO_AFN52_F1_EB030520_read"                            File: Line:0 Function: Type:Debug:
DateTime:2026-08-27 11:09:39.960:callWorkFunction: CCO_AFN52_F1_EB030520_read                            File: Line:0 Function: Type:Debug:
DateTime:2026-08-27 11:09:39.960:找到对应函数，进入执行                            File: Line:0 Function: Type:Debug:
DateTime:2026-08-27 11:09:40.464:"等待工装回复超时"                            File: Line:0 Function: Type:Debug:
DateTime:2026-08-27 11:09:40.464:"开始组帧"                            File: Line:0 Function: Type:Debug:
DateTime:2026-08-27 11:09:40.464:"组帧结束"                            File: Line:0 Function: Type:Debug:
DateTime:2026-08-27 11:09:40.464:"367.2Send:数据转发(查询-CCO自动NTB校时 EB030520)：=>68 2B 00 43 00 00 00 00 00 21 52 01 00 02 12 90 78 56 34 12 6B 8A E8 10 00 68 12 90 78 56 34 12 68 11 04 53 38 36 1E 7A 16 66 16"                            File: Line:0 Function: Type:Debug:
DateTime:2026-08-27 11:09:40.464:"槽位2透传:68EE00EE006840000000000022600000010002013C00682B0043000000000021520100021290785634126B8AE81000681290785634126811045338361E7A1666167716"                            File: Line:0 Function: Type:Debug:
DateTime:2026-08-27 11:09:40.464:"工装发送：68 EE 00 EE 00 68 40 00 00 00 00 00 22 60 00 00 01 00 02 01 3C 00 68 2B 00 43 00 00 00 00 00 21 52 01 00 02 12 90 78 56 34 12 6B 8A E8 10 00 68 12 90 78 56 34 12 68 11 04 53 38 36 1E 7A 16 66 16 77 16"                            File: Line:0 Function: Type:Debug:
DateTime:2026-08-27 11:09:40.514:"工装接收：68 32 00 32 00 68 80 00 00 00 00 00 00 60 00 00 01 00 E1 16"                            File: Line:0 Function: Type:Debug:
DateTime:2026-08-27 11:09:40.514:"m_baRecvMsg:"                            File: Line:0 Function: Type:Debug:
DateTime:2026-08-27 11:09:40.514:"frameList.size():1"                            File: Line:0 Function: Type:Debug:
DateTime:2026-08-27 11:09:40.514:"进入报文解析"                            File: Line:0 Function: Type:Debug:
DateTime:2026-08-27 11:09:40.514:"68 32 00 32 00 68 80 00 00 00 00 00 00 60 00 00 01 00 E1 16"                            File: Line:0 Function: Type:Debug:
DateTime:2026-08-27 11:09:40.514:"解码完成，功能码: 1"                            File: Line:0 Function: Type:Debug:
DateTime:2026-08-27 11:09:40.514:"工装回复确认帧"                            File: Line:0 Function: Type:Debug:
DateTime:2026-08-27 11:09:40.568:"工装接收：68 E2 00 E2 00 68 80 00 00 00 00 00 22 60 00 00 01 00 02 29 00 68 29 00 80 00 00 00 00 00 21 52 01 00 02 12 90 78 56 34 12 11 00 68 12 90 78 56 34 12 68 91 05 53 38 36 1E 33 2E 16 2F 16 33 16"                            File: Line:0 Function: Type:Debug:
DateTime:2026-08-27 11:09:40.568:"m_baRecvMsg:"                            File: Line:0 Function: Type:Debug:
DateTime:2026-08-27 11:09:40.568:"frameList.size():1"                            File: Line:0 Function: Type:Debug:
DateTime:2026-08-27 11:09:40.568:"进入报文解析"                            File: Line:0 Function: Type:Debug:
DateTime:2026-08-27 11:09:40.568:"68 E2 00 E2 00 68 80 00 00 00 00 00 22 60 00 00 01 00 02 29 00 68 29 00 80 00 00 00 00 00 21 52 01 00 02 12 90 78 56 34 12 11 00 68 12 90 78 56 34 12 68 91 05 53 38 36 1E 33 2E 16 2F 16 33 16"                            File: Line:0 Function: Type:Debug:
DateTime:2026-08-27 11:09:40.568:"解码完成，功能码: 4"                            File: Line:0 Function: Type:Debug:
DateTime:2026-08-27 11:09:40.568:"工装接收到透传报文"                            File: Line:0 Function: Type:Debug:
DateTime:2026-08-27 11:09:40.568:"02290068290080000000000021520100021290785634121100681290785634126891055338361E332E162F16"                            File: Line:0 Function: Type:Debug:
DateTime:2026-08-27 11:09:40.568:"透传报文内容:68 29 00 80 00 00 00 00 00 21 52 01 00 02 12 90 78 56 34 12 11 00 68 12 90 78 56 34 12 68 91 05 53 38 36 1e 33 2e 16 2f 16"                            File: Line:0 Function: Type:Debug:
DateTime:2026-08-27 11:09:43.490:"uTimeSecond_ms:30000"                            File: Line:0 Function: Type:Debug:
DateTime:2026-08-27 11:09:43.490:"查找结果: iret=0, wStart=0, dwOutLen=41, dwStreamLen=41, dwFindPos=0"                            File: Line:0 Function: Type:Debug:
DateTime:2026-08-27 11:09:43.490:"Receive:<= 68 29 00 80 00 00 00 00 00 21 52 01 00 02 12 90 78 56 34 12 11 00 68 12 90 78 56 34 12 68 91 05 53 38 36 1E 33 2E 16 2F 16"                            File: Line:0 Function: Type:Debug:
DateTime:2026-08-27 11:09:43.490:"解析：功能码-AFN=52H,Fn=1："                            File: Line:0 Function: Type:Debug:
DateTime:2026-08-27 11:09:43.490:"透传回复内容：021290785634121100681290785634126891055338361E332E16"                            File: Line:0 Function: Type:Debug:
DateTime:2026-08-27 11:09:43.490:"DL/T645-2007协议 回复报文信息：控制码：91,数据标识：EB030520，数据域(需倒序解析)：00"                            File: Line:0 Function: Type:Debug:
DateTime:2026-08-27 11:09:43.490:"CCO自动NTB校时停用"                            File: Line:0 Function: Type:Debug:
DateTime:2026-08-27 11:09:43.490:dll输出信息: ""                            File: Line:0 Function: Type:Debug:
DateTime:2026-08-27 11:09:43.490:接口函数调用成功，返回的结果为 0                            File: Line:0 Function: Type:Debug:
DateTime:2026-08-27 11:09:43.490:"外部传入的para：0，返回的result：0,返回的pValRet：0"                            File: Line:0 Function: Type:Debug:
DateTime:2026-08-27 11:09:43.490:"执行接口函数CCO_AFN52_F1_EB030520_read完成"                            File: Line:0 Function: Type:Debug:
DateTime:2026-08-27 11:09:43.493:coorIndex 0                            File: Line:0 Function: Type:Debug:
DateTime:2026-08-27 11:09:43.493:当前流程结束                            File: Line:0 Function: Type:Debug:
DateTime:2026-08-27 11:09:43.493:退出connect函数                            File: Line:0 Function: Type:Debug:
DateTime:2026-08-27 11:09:43.493:"=========【Step47-数据转发--EB030520查询CCO自动NTB校对】结束=========="                            File: Line:0 Function: Type:Debug:
DateTime:2026-08-27 11:09:43.493:"-----------------------------"                            File: Line:0 Function: Type:Debug:
DateTime:2026-08-27 11:09:43.495:"=============执行【Step48-数据转发--EB030520设置CCO自动NTB校对（设置启用）】==================="                            File: Line:0 Function: Type:Debug:
DateTime:2026-08-27 11:09:43.495:"执行接口函数CCO_AFN52_F1_EB030520_set"                            File: Line:0 Function: Type:Debug:
DateTime:2026-08-27 11:09:43.495:callWorkFunction: CCO_AFN52_F1_EB030520_set                            File: Line:0 Function: Type:Debug:
DateTime:2026-08-27 11:09:43.495:找到对应函数，进入执行                            File: Line:0 Function: Type:Debug:
DateTime:2026-08-27 11:09:43.998:"等待工装回复超时"                            File: Line:0 Function: Type:Debug:
DateTime:2026-08-27 11:09:43.998:"开始组帧"                            File: Line:0 Function: Type:Debug:
DateTime:2026-08-27 11:09:43.998:"组帧结束"                            File: Line:0 Function: Type:Debug:
DateTime:2026-08-27 11:09:43.998:"367.2Send:数据转发(设置-CCO自动NTB校时EB030520)：=>68 34 00 43 00 00 00 00 00 22 52 01 00 02 12 90 78 56 34 12 6B 8A E8 19 00 68 12 90 78 56 34 12 68 14 0D 53 38 36 1E 3B 33 33 33 44 44 44 44 34 9E 16 B8 16"                            File: Line:0 Function: Type:Debug:
DateTime:2026-08-27 11:09:43.998:"槽位2透传:68120112016840000000000022600000010002013C0068340043000000000022520100021290785634126B8AE819006812907856341268140D5338361E3B33333344444444349E16B8162416"                            File: Line:0 Function: Type:Debug:
DateTime:2026-08-27 11:09:43.998:"工装发送：68 12 01 12 01 68 40 00 00 00 00 00 22 60 00 00 01 00 02 01 3C 00 68 34 00 43 00 00 00 00 00 22 52 01 00 02 12 90 78 56 34 12 6B 8A E8 19 00 68 12 90 78 56 34 12 68 14 0D 53 38 36 1E 3B 33 33 33 44 44 44 44 34 9E 16 B8 16 24 16"                            File: Line:0 Function: Type:Debug:
DateTime:2026-08-27 11:09:44.059:"工装接收：68 32 00 32 00 68 80 00 00 00 00 00 00 60 00 00 01 00 E1 16"                            File: Line:0 Function: Type:Debug:
DateTime:2026-08-27 11:09:44.059:"m_baRecvMsg:"                            File: Line:0 Function: Type:Debug:
DateTime:2026-08-27 11:09:44.059:"frameList.size():1"                            File: Line:0 Function: Type:Debug:
DateTime:2026-08-27 11:09:44.059:"进入报文解析"                            File: Line:0 Function: Type:Debug:
DateTime:2026-08-27 11:09:44.059:"68 32 00 32 00 68 80 00 00 00 00 00 00 60 00 00 01 00 E1 16"                            File: Line:0 Function: Type:Debug:
DateTime:2026-08-27 11:09:44.059:"解码完成，功能码: 1"                            File: Line:0 Function: Type:Debug:
DateTime:2026-08-27 11:09:44.059:"工装回复确认帧"                            File: Line:0 Function: Type:Debug:
DateTime:2026-08-27 11:09:44.168:"工装接收：68 CE 00 CE 00 68 80 00 00 00 00 00 22 60 00 00 01 00 02 24 00 68 24 00 80 00 00 00 00 00 22 52 01 00 02 12 90 78 56 34 12 0C 00 68 12 90 78 56 34 12 68 94 00 1A 16 03 16 D1 16"                            File: Line:0 Function: Type:Debug:
DateTime:2026-08-27 11:09:44.168:"m_baRecvMsg:"                            File: Line:0 Function: Type:Debug:
DateTime:2026-08-27 11:09:44.168:"frameList.size():1"                            File: Line:0 Function: Type:Debug:
DateTime:2026-08-27 11:09:44.168:"进入报文解析"                            File: Line:0 Function: Type:Debug:
DateTime:2026-08-27 11:09:44.168:"68 CE 00 CE 00 68 80 00 00 00 00 00 22 60 00 00 01 00 02 24 00 68 24 00 80 00 00 00 00 00 22 52 01 00 02 12 90 78 56 34 12 0C 00 68 12 90 78 56 34 12 68 94 00 1A 16 03 16 D1 16"                            File: Line:0 Function: Type:Debug:
DateTime:2026-08-27 11:09:44.168:"解码完成，功能码: 4"                            File: Line:0 Function: Type:Debug:
DateTime:2026-08-27 11:09:44.168:"工装接收到透传报文"                            File: Line:0 Function: Type:Debug:
DateTime:2026-08-27 11:09:44.168:"02240068240080000000000022520100021290785634120C00681290785634126894001A160316"                            File: Line:0 Function: Type:Debug:
DateTime:2026-08-27 11:09:44.168:"透传报文内容:68 24 00 80 00 00 00 00 00 22 52 01 00 02 12 90 78 56 34 12 0c 00 68 12 90 78 56 34 12 68 94 00 1a 16 03 16"                            File: Line:0 Function: Type:Debug:
DateTime:2026-08-27 11:09:47.090:"uTimeSecond_ms:30000"                            File: Line:0 Function: Type:Debug:
DateTime:2026-08-27 11:09:47.090:"查找结果: iret=0, wStart=0, dwOutLen=36, dwStreamLen=36, dwFindPos=0"                            File: Line:0 Function: Type:Debug:
DateTime:2026-08-27 11:09:47.090:"Receive:<= 68 24 00 80 00 00 00 00 00 22 52 01 00 02 12 90 78 56 34 12 0C 00 68 12 90 78 56 34 12 68 94 00 1A 16 03 16"                            File: Line:0 Function: Type:Debug:
DateTime:2026-08-27 11:09:47.090:"解析：功能码-AFN=52H,Fn=1："                            File: Line:0 Function: Type:Debug:
DateTime:2026-08-27 11:09:47.090:"透传回复内容：021290785634120C00681290785634126894001A16"                            File: Line:0 Function: Type:Debug:
DateTime:2026-08-27 11:09:47.090:"设置成功"                            File: Line:0 Function: Type:Debug:
DateTime:2026-08-27 11:09:47.090:dll输出信息: ""                            File: Line:0 Function: Type:Debug:
DateTime:2026-08-27 11:09:47.090:接口函数调用成功，返回的结果为 0                            File: Line:0 Function: Type:Debug:
DateTime:2026-08-27 11:09:47.090:"外部传入的para：0，返回的result：0,返回的pValRet：0"                            File: Line:0 Function: Type:Debug:
DateTime:2026-08-27 11:09:47.090:"执行接口函数CCO_AFN52_F1_EB030520_set完成"                            File: Line:0 Function: Type:Debug:
DateTime:2026-08-27 11:09:47.093:coorIndex 0                            File: Line:0 Function: Type:Debug:
DateTime:2026-08-27 11:09:47.093:当前流程结束                            File: Line:0 Function: Type:Debug:
DateTime:2026-08-27 11:09:47.093:退出connect函数                            File: Line:0 Function: Type:Debug:
DateTime:2026-08-27 11:09:47.093:"=========【Step48-数据转发--EB030520设置CCO自动NTB校对（设置启用）】结束=========="                            File: Line:0 Function: Type:Debug:
DateTime:2026-08-27 11:09:47.093:"-----------------------------"                            File: Line:0 Function: Type:Debug:
DateTime:2026-08-27 11:09:47.095:"=============执行【Step49-数据转发--EB031101查询从节点档案清单】==================="                            File: Line:0 Function: Type:Debug:
DateTime:2026-08-27 11:09:47.095:"执行接口函数CCO_AFN52_F1_EB031101_read"                            File: Line:0 Function: Type:Debug:
DateTime:2026-08-27 11:09:47.095:callWorkFunction: CCO_AFN52_F1_EB031101_read                            File: Line:0 Function: Type:Debug:
DateTime:2026-08-27 11:09:47.095:找到对应函数，进入执行                            File: Line:0 Function: Type:Debug:
DateTime:2026-08-27 11:09:47.599:"等待工装回复超时"                            File: Line:0 Function: Type:Debug:
DateTime:2026-08-27 11:09:47.599:"开始组帧"                            File: Line:0 Function: Type:Debug:
DateTime:2026-08-27 11:09:47.599:"组帧结束"                            File: Line:0 Function: Type:Debug:
DateTime:2026-08-27 11:09:47.599:"367.2Send:数据转发(查询-从节点档案清单管理EB031101)：=>68 2E 00 43 00 00 00 00 00 23 52 01 00 02 12 90 78 56 34 12 6B 8A E8 13 00 68 12 90 78 56 34 12 68 11 07 34 44 36 1E 34 33 3D 0E 16 93 16"                            File: Line:0 Function: Type:Debug:
DateTime:2026-08-27 11:09:47.599:"槽位2透传:68FA00FA006840000000000022600000010002013C00682E0043000000000023520100021290785634126B8AE81300681290785634126811073444361E34333D0E169316D416"                            File: Line:0 Function: Type:Debug:
DateTime:2026-08-27 11:09:47.599:"工装发送：68 FA 00 FA 00 68 40 00 00 00 00 00 22 60 00 00 01 00 02 01 3C 00 68 2E 00 43 00 00 00 00 00 23 52 01 00 02 12 90 78 56 34 12 6B 8A E8 13 00 68 12 90 78 56 34 12 68 11 07 34 44 36 1E 34 33 3D 0E 16 93 16 D4 16"                            File: Line:0 Function: Type:Debug:
DateTime:2026-08-27 11:09:47.652:"工装接收：68 32 00 32 00 68 80 00 00 00 00 00 00 60 00 00 01 00 E1 16"                            File: Line:0 Function: Type:Debug:
DateTime:2026-08-27 11:09:47.652:"m_baRecvMsg:"                            File: Line:0 Function: Type:Debug:
DateTime:2026-08-27 11:09:47.652:"frameList.size():1"                            File: Line:0 Function: Type:Debug:
DateTime:2026-08-27 11:09:47.652:"进入报文解析"                            File: Line:0 Function: Type:Debug:
DateTime:2026-08-27 11:09:47.652:"68 32 00 32 00 68 80 00 00 00 00 00 00 60 00 00 01 00 E1 16"                            File: Line:0 Function: Type:Debug:
DateTime:2026-08-27 11:09:47.652:"解码完成，功能码: 1"                            File: Line:0 Function: Type:Debug:
DateTime:2026-08-27 11:09:47.652:"工装回复确认帧"                            File: Line:0 Function: Type:Debug:
DateTime:2026-08-27 11:09:47.751:"工装接收：68 7A 01 7A 01 68 80 00 00 00 00 00 22 60 00 00 01 00 02 4F 00 68 4F 00 80 00 00 00 00 00 23 52 01 00 02 12 90 78 56 34 12 37 00 68 12 90 78 56 34 12 68 91 2B 34 44 36 1E 39 33 39 36 34 43 33 49 4C 37 34 43 33 49 4C 38 34 43 33 49 4C 39 34 43 33 49 4C 3A 34 43 33 49 4C 3B 34 43 33 49 4C 80 16 FB 16 17 16"                            File: Line:0 Function: Type:Debug:
DateTime:2026-08-27 11:09:47.751:"m_baRecvMsg:"                            File: Line:0 Function: Type:Debug:
DateTime:2026-08-27 11:09:47.751:"frameList.size():1"                            File: Line:0 Function: Type:Debug:
DateTime:2026-08-27 11:09:47.751:"进入报文解析"                            File: Line:0 Function: Type:Debug:
DateTime:2026-08-27 11:09:47.751:"68 7A 01 7A 01 68 80 00 00 00 00 00 22 60 00 00 01 00 02 4F 00 68 4F 00 80 00 00 00 00 00 23 52 01 00 02 12 90 78 56 34 12 37 00 68 12 90 78 56 34 12 68 91 2B 34 44 36 1E 39 33 39 36 34 43 33 49 4C 37 34 43 33 49 4C 38 34 43 33 49 4C 39 34 43 33 49 4C 3A 34 43 33 49 4C 3B 34 43 33 49 4C 80 16 FB 16 17 16"                            File: Line:0 Function: Type:Debug:
DateTime:2026-08-27 11:09:47.751:"解码完成，功能码: 4"                            File: Line:0 Function: Type:Debug:
DateTime:2026-08-27 11:09:47.751:"工装接收到透传报文"                            File: Line:0 Function: Type:Debug:
DateTime:2026-08-27 11:09:47.751:"024F00684F00800000000000235201000212907856341237006812907856341268912B3444361E39333936344333494C37344333494C38344333494C39344333494C3A344333494C3B344333494C8016FB16"                            File: Line:0 Function: Type:Debug:
DateTime:2026-08-27 11:09:47.751:"透传报文内容:68 4f 00 80 00 00 00 00 00 23 52 01 00 02 12 90 78 56 34 12 37 00 68 12 90 78 56 34 12 68 91 2b 34 44 36 1e 39 33 39 36 34 43 33 49 4c 37 34 43 33 49 4c 38 34 43 33 49 4c 39 34 43 33 49 4c 3a 34 43 33 49 4c 3b 34 43 33 49 4c 80 16 fb 16"                            File: Line:0 Function: Type:Debug:
DateTime:2026-08-27 11:09:50.672:"uTimeSecond_ms:30000"                            File: Line:0 Function: Type:Debug:
DateTime:2026-08-27 11:09:50.672:"查找结果: iret=0, wStart=0, dwOutLen=79, dwStreamLen=79, dwFindPos=0"                            File: Line:0 Function: Type:Debug:
DateTime:2026-08-27 11:09:50.672:"Receive:<= 68 4F 00 80 00 00 00 00 00 23 52 01 00 02 12 90 78 56 34 12 37 00 68 12 90 78 56 34 12 68 91 2B 34 44 36 1E 39 33 39 36 34 43 33 49 4C 37 34 43 33 49 4C 38 34 43 33 49 4C 39 34 43 33 49 4C 3A 34 43 33 49 4C 3B 34 43 33 49 4C 80 16 FB 16"                            File: Line:0 Function: Type:Debug:
DateTime:2026-08-27 11:09:50.672:"解析：功能码-AFN=52H,Fn=1："                            File: Line:0 Function: Type:Debug:
DateTime:2026-08-27 11:09:50.672:"透传回复内容：0212907856341237006812907856341268912B3444361E39333936344333494C37344333494C38344333494C39344333494C3A344333494C3B344333494C8016"                            File: Line:0 Function: Type:Debug:
DateTime:2026-08-27 11:09:50.672:"DL/T645-2007协议 回复报文信息：控制码：91,数据标识：EB031101，数据域(需倒序解析)：060006030110001619040110001619050110001619060110001619070110001619080110001619"                            File: Line:0 Function: Type:Debug:
DateTime:2026-08-27 11:09:50.672:"结果："                            File: Line:0 Function: Type:Debug:
DateTime:2026-08-27 11:09:50.672:"档案总数量：6,本次响应数量:6"                            File: Line:0 Function: Type:Debug:
DateTime:2026-08-27 11:09:50.672:"第1只表地址：191600100103"                            File: Line:0 Function: Type:Debug:
DateTime:2026-08-27 11:09:50.672:"第2只表地址：191600100104"                            File: Line:0 Function: Type:Debug:
DateTime:2026-08-27 11:09:50.672:"第3只表地址：191600100105"                            File: Line:0 Function: Type:Debug:
DateTime:2026-08-27 11:09:50.672:"第4只表地址：191600100106"                            File: Line:0 Function: Type:Debug:
DateTime:2026-08-27 11:09:50.672:"第5只表地址：191600100107"                            File: Line:0 Function: Type:Debug:
DateTime:2026-08-27 11:09:50.673:"第6只表地址：191600100108"                            File: Line:0 Function: Type:Debug:
DateTime:2026-08-27 11:09:50.673:"------汇总结果------"                            File: Line:0 Function: Type:Debug:
DateTime:2026-08-27 11:09:50.673:"地址191600100103上报成功"                            File: Line:0 Function: Type:Debug:
DateTime:2026-08-27 11:09:50.673:"地址191600100104上报成功"                            File: Line:0 Function: Type:Debug:
DateTime:2026-08-27 11:09:50.673:"地址191600100105上报成功"                            File: Line:0 Function: Type:Debug:
DateTime:2026-08-27 11:09:50.673:"地址191600100106上报成功"                            File: Line:0 Function: Type:Debug:
DateTime:2026-08-27 11:09:50.673:"地址191600100107上报成功"                            File: Line:0 Function: Type:Debug:
DateTime:2026-08-27 11:09:50.673:"地址191600100108上报成功"                            File: Line:0 Function: Type:Debug:
DateTime:2026-08-27 11:09:50.673:"档案总数量：6,本次响应数量:6"                            File: Line:0 Function: Type:Debug:
DateTime:2026-08-27 11:09:50.673:dll输出信息: ""                            File: Line:0 Function: Type:Debug:
DateTime:2026-08-27 11:09:50.673:接口函数调用成功，返回的结果为 0                            File: Line:0 Function: Type:Debug:
DateTime:2026-08-27 11:09:50.673:"外部传入的para：0，返回的result：0,返回的pValRet：0"                            File: Line:0 Function: Type:Debug:
DateTime:2026-08-27 11:09:50.673:"执行接口函数CCO_AFN52_F1_EB031101_read完成"                            File: Line:0 Function: Type:Debug:
DateTime:2026-08-27 11:09:50.676:coorIndex 0                            File: Line:0 Function: Type:Debug:
DateTime:2026-08-27 11:09:50.676:当前流程结束                            File: Line:0 Function: Type:Debug:
DateTime:2026-08-27 11:09:50.676:退出connect函数                            File: Line:0 Function: Type:Debug:
DateTime:2026-08-27 11:09:50.676:"=========【Step49-数据转发--EB031101查询从节点档案清单】结束=========="                            File: Line:0 Function: Type:Debug:
DateTime:2026-08-27 11:09:50.676:"-----------------------------"                            File: Line:0 Function: Type:Debug:
DateTime:2026-08-27 11:09:50.678:"=============执行【Step50-数据转发--EB031101添加从节点档案】==================="                            File: Line:0 Function: Type:Debug:
DateTime:2026-08-27 11:09:50.678:"执行接口函数CCO_AFN52_F1_EB031101_set"                            File: Line:0 Function: Type:Debug:
DateTime:2026-08-27 11:09:50.678:callWorkFunction: CCO_AFN52_F1_EB031101_set                            File: Line:0 Function: Type:Debug:
DateTime:2026-08-27 11:09:50.678:找到对应函数，进入执行                            File: Line:0 Function: Type:Debug:
DateTime:2026-08-27 11:09:51.182:"等待工装回复超时"                            File: Line:0 Function: Type:Debug:
DateTime:2026-08-27 11:09:51.182:"开始组帧"                            File: Line:0 Function: Type:Debug:
DateTime:2026-08-27 11:09:51.182:"组帧结束"                            File: Line:0 Function: Type:Debug:
DateTime:2026-08-27 11:09:51.182:"367.2Send:数据转发(设置-从节点档案清单管理-添加表,EB031101)：=>68 3B 00 43 00 00 00 00 00 24 52 01 00 02 12 90 78 56 34 12 6B 8A E8 20 00 68 12 90 78 56 34 12 68 14 14 34 44 36 1E 3B 33 33 33 44 44 44 44 34 34 37 34 43 33 49 4C 3C 16 FD 16"                            File: Line:0 Function: Type:Debug:
DateTime:2026-08-27 11:09:51.182:"槽位2透传:682E012E016840000000000022600000010002013C00683B0043000000000024520100021290785634126B8AE82000681290785634126814143444361E3B33333344444444343437344333494C3C16FD16B516"                            File: Line:0 Function: Type:Debug:
DateTime:2026-08-27 11:09:51.182:"工装发送：68 2E 01 2E 01 68 40 00 00 00 00 00 22 60 00 00 01 00 02 01 3C 00 68 3B 00 43 00 00 00 00 00 24 52 01 00 02 12 90 78 56 34 12 6B 8A E8 20 00 68 12 90 78 56 34 12 68 14 14 34 44 36 1E 3B 33 33 33 44 44 44 44 34 34 37 34 43 33 49 4C 3C 16 FD 16 B5 16"                            File: Line:0 Function: Type:Debug:
DateTime:2026-08-27 11:09:51.251:"工装接收：68 32 00 32 00 68 80 00 00 00 00 00 00 60 00 00 01 00 E1 16"                            File: Line:0 Function: Type:Debug:
DateTime:2026-08-27 11:09:51.251:"m_baRecvMsg:"                            File: Line:0 Function: Type:Debug:
DateTime:2026-08-27 11:09:51.251:"frameList.size():1"                            File: Line:0 Function: Type:Debug:
DateTime:2026-08-27 11:09:51.251:"进入报文解析"                            File: Line:0 Function: Type:Debug:
DateTime:2026-08-27 11:09:51.251:"68 32 00 32 00 68 80 00 00 00 00 00 00 60 00 00 01 00 E1 16"                            File: Line:0 Function: Type:Debug:
DateTime:2026-08-27 11:09:51.251:"解码完成，功能码: 1"                            File: Line:0 Function: Type:Debug:
DateTime:2026-08-27 11:09:51.251:"工装回复确认帧"                            File: Line:0 Function: Type:Debug:
DateTime:2026-08-27 11:09:51.300:"工装接收：68 CE 00 CE 00 68 80 00 00 00 00 00 22 60 00 00 01 00 02 24 00 68 24 00 80 00 00 00 00 00 24 52 01 00 02 12 90 78 56 34 12 0C 00 68 12 90 78 56 34 12 68 94 00 1A 16 05 16 D5 16"                            File: Line:0 Function: Type:Debug:
DateTime:2026-08-27 11:09:51.300:"m_baRecvMsg:"                            File: Line:0 Function: Type:Debug:
DateTime:2026-08-27 11:09:51.300:"frameList.size():1"                            File: Line:0 Function: Type:Debug:
DateTime:2026-08-27 11:09:51.300:"进入报文解析"                            File: Line:0 Function: Type:Debug:
DateTime:2026-08-27 11:09:51.300:"68 CE 00 CE 00 68 80 00 00 00 00 00 22 60 00 00 01 00 02 24 00 68 24 00 80 00 00 00 00 00 24 52 01 00 02 12 90 78 56 34 12 0C 00 68 12 90 78 56 34 12 68 94 00 1A 16 05 16 D5 16"                            File: Line:0 Function: Type:Debug:
DateTime:2026-08-27 11:09:51.300:"解码完成，功能码: 4"                            File: Line:0 Function: Type:Debug:
DateTime:2026-08-27 11:09:51.300:"工装接收到透传报文"                            File: Line:0 Function: Type:Debug:
DateTime:2026-08-27 11:09:51.300:"02240068240080000000000024520100021290785634120C00681290785634126894001A160516"                            File: Line:0 Function: Type:Debug:
DateTime:2026-08-27 11:09:51.300:"透传报文内容:68 24 00 80 00 00 00 00 00 24 52 01 00 02 12 90 78 56 34 12 0c 00 68 12 90 78 56 34 12 68 94 00 1a 16 05 16"                            File: Line:0 Function: Type:Debug:
DateTime:2026-08-27 11:09:54.221:"uTimeSecond_ms:30000"                            File: Line:0 Function: Type:Debug:
DateTime:2026-08-27 11:09:54.221:"查找结果: iret=0, wStart=0, dwOutLen=36, dwStreamLen=36, dwFindPos=0"                            File: Line:0 Function: Type:Debug:
DateTime:2026-08-27 11:09:54.221:"Receive:<= 68 24 00 80 00 00 00 00 00 24 52 01 00 02 12 90 78 56 34 12 0C 00 68 12 90 78 56 34 12 68 94 00 1A 16 05 16"                            File: Line:0 Function: Type:Debug:
DateTime:2026-08-27 11:09:54.221:"解析：功能码-AFN=52H,Fn=1："                            File: Line:0 Function: Type:Debug:
DateTime:2026-08-27 11:09:54.221:"透传回复内容：021290785634120C00681290785634126894001A16"                            File: Line:0 Function: Type:Debug:
DateTime:2026-08-27 11:09:54.221:"设置成功,成功数量：1"                            File: Line:0 Function: Type:Debug:
DateTime:2026-08-27 11:09:54.242:"添加表总数量：1 全部成功 "                            File: Line:0 Function: Type:Debug:
DateTime:2026-08-27 11:09:54.242:dll输出信息: ""                            File: Line:0 Function: Type:Debug:
DateTime:2026-08-27 11:09:54.242:接口函数调用成功，返回的结果为 0                            File: Line:0 Function: Type:Debug:
DateTime:2026-08-27 11:09:54.242:"外部传入的para：0，返回的result：0,返回的pValRet：0"                            File: Line:0 Function: Type:Debug:
DateTime:2026-08-27 11:09:54.242:"执行接口函数CCO_AFN52_F1_EB031101_set完成"                            File: Line:0 Function: Type:Debug:
DateTime:2026-08-27 11:09:54.244:coorIndex 0                            File: Line:0 Function: Type:Debug:
DateTime:2026-08-27 11:09:54.244:当前流程结束                            File: Line:0 Function: Type:Debug:
DateTime:2026-08-27 11:09:54.244:退出connect函数                            File: Line:0 Function: Type:Debug:
DateTime:2026-08-27 11:09:54.245:"=========【Step50-数据转发--EB031101添加从节点档案】结束=========="                            File: Line:0 Function: Type:Debug:
DateTime:2026-08-27 11:09:54.245:"-----------------------------"                            File: Line:0 Function: Type:Debug:
DateTime:2026-08-27 11:09:54.246:"=============执行【Step51-数据转发--EB031101查询从节点档案清单】==================="                            File: Line:0 Function: Type:Debug:
DateTime:2026-08-27 11:09:54.246:"执行接口函数CCO_AFN52_F1_EB031101_read"                            File: Line:0 Function: Type:Debug:
DateTime:2026-08-27 11:09:54.247:callWorkFunction: CCO_AFN52_F1_EB031101_read                            File: Line:0 Function: Type:Debug:
DateTime:2026-08-27 11:09:54.247:找到对应函数，进入执行                            File: Line:0 Function: Type:Debug:
DateTime:2026-08-27 11:09:54.751:"等待工装回复超时"                            File: Line:0 Function: Type:Debug:
DateTime:2026-08-27 11:09:54.751:"开始组帧"                            File: Line:0 Function: Type:Debug:
DateTime:2026-08-27 11:09:54.751:"组帧结束"                            File: Line:0 Function: Type:Debug:
DateTime:2026-08-27 11:09:54.751:"367.2Send:数据转发(查询-从节点档案清单管理EB031101)：=>68 2E 00 43 00 00 00 00 00 25 52 01 00 02 12 90 78 56 34 12 6B 8A E8 13 00 68 12 90 78 56 34 12 68 11 07 34 44 36 1E 34 33 3D 0E 16 95 16"                            File: Line:0 Function: Type:Debug:
DateTime:2026-08-27 11:09:54.751:"槽位2透传:68FA00FA006840000000000022600000010002013C00682E0043000000000025520100021290785634126B8AE81300681290785634126811073444361E34333D0E169516D816"                            File: Line:0 Function: Type:Debug:
DateTime:2026-08-27 11:09:54.751:"工装发送：68 FA 00 FA 00 68 40 00 00 00 00 00 22 60 00 00 01 00 02 01 3C 00 68 2E 00 43 00 00 00 00 00 25 52 01 00 02 12 90 78 56 34 12 6B 8A E8 13 00 68 12 90 78 56 34 12 68 11 07 34 44 36 1E 34 33 3D 0E 16 95 16 D8 16"                            File: Line:0 Function: Type:Debug:
DateTime:2026-08-27 11:09:54.804:"工装接收：68 32 00 32 00 68 80 00 00 00 00 00 00 60 00 00 01 00 E1 16"                            File: Line:0 Function: Type:Debug:
DateTime:2026-08-27 11:09:54.804:"m_baRecvMsg:"                            File: Line:0 Function: Type:Debug:
DateTime:2026-08-27 11:09:54.804:"frameList.size():1"                            File: Line:0 Function: Type:Debug:
DateTime:2026-08-27 11:09:54.804:"进入报文解析"                            File: Line:0 Function: Type:Debug:
DateTime:2026-08-27 11:09:54.804:"68 32 00 32 00 68 80 00 00 00 00 00 00 60 00 00 01 00 E1 16"                            File: Line:0 Function: Type:Debug:
DateTime:2026-08-27 11:09:54.804:"解码完成，功能码: 1"                            File: Line:0 Function: Type:Debug:
DateTime:2026-08-27 11:09:54.804:"工装回复确认帧"                            File: Line:0 Function: Type:Debug:
DateTime:2026-08-27 11:09:54.902:"工装接收：68 7A 01 7A 01 68 80 00 00 00 00 00 22 60 00 00 01 00 02 4F 00 68 4F 00 80 00 00 00 00 00 25 52 01 00 02 12 90 78 56 34 12 37 00 68 12 90 78 56 34 12 68 91 2B 34 44 36 1E 39 33 39 36 34 43 33 49 4C 37 34 43 33 49 4C 38 34 43 33 49 4C 39 34 43 33 49 4C 3A 34 43 33 49 4C 3B 34 43 33 49 4C 80 16 FD 16 1B 16"                            File: Line:0 Function: Type:Debug:
DateTime:2026-08-27 11:09:54.902:"m_baRecvMsg:"                            File: Line:0 Function: Type:Debug:
DateTime:2026-08-27 11:09:54.902:"frameList.size():1"                            File: Line:0 Function: Type:Debug:
DateTime:2026-08-27 11:09:54.902:"进入报文解析"                            File: Line:0 Function: Type:Debug:
DateTime:2026-08-27 11:09:54.902:"68 7A 01 7A 01 68 80 00 00 00 00 00 22 60 00 00 01 00 02 4F 00 68 4F 00 80 00 00 00 00 00 25 52 01 00 02 12 90 78 56 34 12 37 00 68 12 90 78 56 34 12 68 91 2B 34 44 36 1E 39 33 39 36 34 43 33 49 4C 37 34 43 33 49 4C 38 34 43 33 49 4C 39 34 43 33 49 4C 3A 34 43 33 49 4C 3B 34 43 33 49 4C 80 16 FD 16 1B 16"                            File: Line:0 Function: Type:Debug:
DateTime:2026-08-27 11:09:54.902:"解码完成，功能码: 4"                            File: Line:0 Function: Type:Debug:
DateTime:2026-08-27 11:09:54.902:"工装接收到透传报文"                            File: Line:0 Function: Type:Debug:
DateTime:2026-08-27 11:09:54.903:"024F00684F00800000000000255201000212907856341237006812907856341268912B3444361E39333936344333494C37344333494C38344333494C39344333494C3A344333494C3B344333494C8016FD16"                            File: Line:0 Function: Type:Debug:
DateTime:2026-08-27 11:09:54.903:"透传报文内容:68 4f 00 80 00 00 00 00 00 25 52 01 00 02 12 90 78 56 34 12 37 00 68 12 90 78 56 34 12 68 91 2b 34 44 36 1e 39 33 39 36 34 43 33 49 4c 37 34 43 33 49 4c 38 34 43 33 49 4c 39 34 43 33 49 4c 3a 34 43 33 49 4c 3b 34 43 33 49 4c 80 16 fd 16"                            File: Line:0 Function: Type:Debug:
DateTime:2026-08-27 11:09:57.824:"uTimeSecond_ms:30000"                            File: Line:0 Function: Type:Debug:
DateTime:2026-08-27 11:09:57.824:"查找结果: iret=0, wStart=0, dwOutLen=79, dwStreamLen=79, dwFindPos=0"                            File: Line:0 Function: Type:Debug:
DateTime:2026-08-27 11:09:57.824:"Receive:<= 68 4F 00 80 00 00 00 00 00 25 52 01 00 02 12 90 78 56 34 12 37 00 68 12 90 78 56 34 12 68 91 2B 34 44 36 1E 39 33 39 36 34 43 33 49 4C 37 34 43 33 49 4C 38 34 43 33 49 4C 39 34 43 33 49 4C 3A 34 43 33 49 4C 3B 34 43 33 49 4C 80 16 FD 16"                            File: Line:0 Function: Type:Debug:
DateTime:2026-08-27 11:09:57.824:"解析：功能码-AFN=52H,Fn=1："                            File: Line:0 Function: Type:Debug:
DateTime:2026-08-27 11:09:57.824:"透传回复内容：0212907856341237006812907856341268912B3444361E39333936344333494C37344333494C38344333494C39344333494C3A344333494C3B344333494C8016"                            File: Line:0 Function: Type:Debug:
DateTime:2026-08-27 11:09:57.824:"DL/T645-2007协议 回复报文信息：控制码：91,数据标识：EB031101，数据域(需倒序解析)：060006030110001619040110001619050110001619060110001619070110001619080110001619"                            File: Line:0 Function: Type:Debug:
DateTime:2026-08-27 11:09:57.824:"结果："                            File: Line:0 Function: Type:Debug:
DateTime:2026-08-27 11:09:57.824:"档案总数量：6,本次响应数量:6"                            File: Line:0 Function: Type:Debug:
DateTime:2026-08-27 11:09:57.824:"第1只表地址：191600100103"                            File: Line:0 Function: Type:Debug:
DateTime:2026-08-27 11:09:57.824:"第2只表地址：191600100104"                            File: Line:0 Function: Type:Debug:
DateTime:2026-08-27 11:09:57.824:"第3只表地址：191600100105"                            File: Line:0 Function: Type:Debug:
DateTime:2026-08-27 11:09:57.824:"第4只表地址：191600100106"                            File: Line:0 Function: Type:Debug:
DateTime:2026-08-27 11:09:57.824:"第5只表地址：191600100107"                            File: Line:0 Function: Type:Debug:
DateTime:2026-08-27 11:09:57.824:"第6只表地址：191600100108"                            File: Line:0 Function: Type:Debug:
DateTime:2026-08-27 11:09:57.824:"------汇总结果------"                            File: Line:0 Function: Type:Debug:
DateTime:2026-08-27 11:09:57.824:"地址191600100103上报成功"                            File: Line:0 Function: Type:Debug:
DateTime:2026-08-27 11:09:57.825:"地址191600100104上报成功"                            File: Line:0 Function: Type:Debug:
DateTime:2026-08-27 11:09:57.825:"地址191600100105上报成功"                            File: Line:0 Function: Type:Debug:
DateTime:2026-08-27 11:09:57.825:"地址191600100106上报成功"                            File: Line:0 Function: Type:Debug:
DateTime:2026-08-27 11:09:57.825:"地址191600100107上报成功"                            File: Line:0 Function: Type:Debug:
DateTime:2026-08-27 11:09:57.825:"地址191600100108上报成功"                            File: Line:0 Function: Type:Debug:
DateTime:2026-08-27 11:09:57.825:"档案总数量：6,本次响应数量:6"                            File: Line:0 Function: Type:Debug:
DateTime:2026-08-27 11:09:57.825:dll输出信息: ""                            File: Line:0 Function: Type:Debug:
DateTime:2026-08-27 11:09:57.825:接口函数调用成功，返回的结果为 0                            File: Line:0 Function: Type:Debug:
DateTime:2026-08-27 11:09:57.825:"外部传入的para：0，返回的result：0,返回的pValRet：0"                            File: Line:0 Function: Type:Debug:
DateTime:2026-08-27 11:09:57.825:"执行接口函数CCO_AFN52_F1_EB031101_read完成"                            File: Line:0 Function: Type:Debug:
DateTime:2026-08-27 11:09:57.828:coorIndex 0                            File: Line:0 Function: Type:Debug:
DateTime:2026-08-27 11:09:57.828:当前流程结束                            File: Line:0 Function: Type:Debug:
DateTime:2026-08-27 11:09:57.828:退出connect函数                            File: Line:0 Function: Type:Debug:
DateTime:2026-08-27 11:09:57.828:"=========【Step51-数据转发--EB031101查询从节点档案清单】结束=========="                            File: Line:0 Function: Type:Debug:
DateTime:2026-08-27 11:09:57.828:"-----------------------------"                            File: Line:0 Function: Type:Debug:
DateTime:2026-08-27 11:09:57.830:"=============执行【Step52-数据转发--EB031101删除从节点档案】==================="                            File: Line:0 Function: Type:Debug:
DateTime:2026-08-27 11:09:57.830:"执行接口函数CCO_AFN52_F1_EB031101_set"                            File: Line:0 Function: Type:Debug:
DateTime:2026-08-27 11:09:57.830:callWorkFunction: CCO_AFN52_F1_EB031101_set                            File: Line:0 Function: Type:Debug:
DateTime:2026-08-27 11:09:57.830:找到对应函数，进入执行                            File: Line:0 Function: Type:Debug:
DateTime:2026-08-27 11:09:58.334:"等待工装回复超时"                            File: Line:0 Function: Type:Debug:
DateTime:2026-08-27 11:09:58.334:"开始组帧"                            File: Line:0 Function: Type:Debug:
DateTime:2026-08-27 11:09:58.334:"组帧结束"                            File: Line:0 Function: Type:Debug:
DateTime:2026-08-27 11:09:58.334:"367.2Send:数据转发(设置-从节点档案清单管理-删除表,EB031101)：=>68 3B 00 43 00 00 00 00 00 26 52 01 00 02 12 90 78 56 34 12 6B 8A E8 20 00 68 12 90 78 56 34 12 68 14 14 34 44 36 1E 3B 33 33 33 44 44 44 44 33 34 37 34 43 33 49 4C 3B 16 FD 16"                            File: Line:0 Function: Type:Debug:
DateTime:2026-08-27 11:09:58.334:"槽位2透传:682E012E016840000000000022600000010002013C00683B0043000000000026520100021290785634126B8AE82000681290785634126814143444361E3B33333344444444333437344333494C3B16FD16B516"                            File: Line:0 Function: Type:Debug:
DateTime:2026-08-27 11:09:58.334:"工装发送：68 2E 01 2E 01 68 40 00 00 00 00 00 22 60 00 00 01 00 02 01 3C 00 68 3B 00 43 00 00 00 00 00 26 52 01 00 02 12 90 78 56 34 12 6B 8A E8 20 00 68 12 90 78 56 34 12 68 14 14 34 44 36 1E 3B 33 33 33 44 44 44 44 33 34 37 34 43 33 49 4C 3B 16 FD 16 B5 16"                            File: Line:0 Function: Type:Debug:
DateTime:2026-08-27 11:09:58.403:"工装接收：68 32 00 32 00 68 80 00 00 00 00 00 00 60 00 00 01 00 E1 16"                            File: Line:0 Function: Type:Debug:
DateTime:2026-08-27 11:09:58.403:"m_baRecvMsg:"                            File: Line:0 Function: Type:Debug:
DateTime:2026-08-27 11:09:58.403:"frameList.size():1"                            File: Line:0 Function: Type:Debug:
DateTime:2026-08-27 11:09:58.403:"进入报文解析"                            File: Line:0 Function: Type:Debug:
DateTime:2026-08-27 11:09:58.403:"68 32 00 32 00 68 80 00 00 00 00 00 00 60 00 00 01 00 E1 16"                            File: Line:0 Function: Type:Debug:
DateTime:2026-08-27 11:09:58.403:"解码完成，功能码: 1"                            File: Line:0 Function: Type:Debug:
DateTime:2026-08-27 11:09:58.403:"工装回复确认帧"                            File: Line:0 Function: Type:Debug:
DateTime:2026-08-27 11:09:58.455:"工装接收：68 CE 00 CE 00 68 80 00 00 00 00 00 22 60 00 00 01 00 02 24 00 68 24 00 80 00 00 00 00 00 26 52 01 00 02 12 90 78 56 34 12 0C 00 68 12 90 78 56 34 12 68 94 00 1A 16 07 16 D9 16"                            File: Line:0 Function: Type:Debug:
DateTime:2026-08-27 11:09:58.455:"m_baRecvMsg:"                            File: Line:0 Function: Type:Debug:
DateTime:2026-08-27 11:09:58.455:"frameList.size():1"                            File: Line:0 Function: Type:Debug:
DateTime:2026-08-27 11:09:58.455:"进入报文解析"                            File: Line:0 Function: Type:Debug:
DateTime:2026-08-27 11:09:58.455:"68 CE 00 CE 00 68 80 00 00 00 00 00 22 60 00 00 01 00 02 24 00 68 24 00 80 00 00 00 00 00 26 52 01 00 02 12 90 78 56 34 12 0C 00 68 12 90 78 56 34 12 68 94 00 1A 16 07 16 D9 16"                            File: Line:0 Function: Type:Debug:
DateTime:2026-08-27 11:09:58.455:"解码完成，功能码: 4"                            File: Line:0 Function: Type:Debug:
DateTime:2026-08-27 11:09:58.455:"工装接收到透传报文"                            File: Line:0 Function: Type:Debug:
DateTime:2026-08-27 11:09:58.456:"02240068240080000000000026520100021290785634120C00681290785634126894001A160716"                            File: Line:0 Function: Type:Debug:
DateTime:2026-08-27 11:09:58.456:"透传报文内容:68 24 00 80 00 00 00 00 00 26 52 01 00 02 12 90 78 56 34 12 0c 00 68 12 90 78 56 34 12 68 94 00 1a 16 07 16"                            File: Line:0 Function: Type:Debug:
DateTime:2026-08-27 11:10:01.377:"uTimeSecond_ms:30000"                            File: Line:0 Function: Type:Debug:
DateTime:2026-08-27 11:10:01.377:"查找结果: iret=0, wStart=0, dwOutLen=36, dwStreamLen=36, dwFindPos=0"                            File: Line:0 Function: Type:Debug:
DateTime:2026-08-27 11:10:01.377:"Receive:<= 68 24 00 80 00 00 00 00 00 26 52 01 00 02 12 90 78 56 34 12 0C 00 68 12 90 78 56 34 12 68 94 00 1A 16 07 16"                            File: Line:0 Function: Type:Debug:
DateTime:2026-08-27 11:10:01.377:"解析：功能码-AFN=52H,Fn=1："                            File: Line:0 Function: Type:Debug:
DateTime:2026-08-27 11:10:01.377:"透传回复内容：021290785634120C00681290785634126894001A16"                            File: Line:0 Function: Type:Debug:
DateTime:2026-08-27 11:10:01.377:"设置成功,成功数量：1"                            File: Line:0 Function: Type:Debug:
DateTime:2026-08-27 11:10:01.398:"删除表总数量：1 全部成功 "                            File: Line:0 Function: Type:Debug:
DateTime:2026-08-27 11:10:01.398:dll输出信息: ""                            File: Line:0 Function: Type:Debug:
DateTime:2026-08-27 11:10:01.398:接口函数调用成功，返回的结果为 0                            File: Line:0 Function: Type:Debug:
DateTime:2026-08-27 11:10:01.398:"外部传入的para：0，返回的result：0,返回的pValRet：0"                            File: Line:0 Function: Type:Debug:
DateTime:2026-08-27 11:10:01.398:"执行接口函数CCO_AFN52_F1_EB031101_set完成"                            File: Line:0 Function: Type:Debug:
DateTime:2026-08-27 11:10:01.401:coorIndex 0                            File: Line:0 Function: Type:Debug:
DateTime:2026-08-27 11:10:01.401:当前流程结束                            File: Line:0 Function: Type:Debug:
DateTime:2026-08-27 11:10:01.401:退出connect函数                            File: Line:0 Function: Type:Debug:
DateTime:2026-08-27 11:10:01.401:"=========【Step52-数据转发--EB031101删除从节点档案】结束=========="                            File: Line:0 Function: Type:Debug:
DateTime:2026-08-27 11:10:01.401:"-----------------------------"                            File: Line:0 Function: Type:Debug:
DateTime:2026-08-27 11:10:01.402:"=============执行【Step53-数据转发--EB031101查询从节点档案清单】==================="                            File: Line:0 Function: Type:Debug:
DateTime:2026-08-27 11:10:01.403:"执行接口函数CCO_AFN52_F1_EB031101_read"                            File: Line:0 Function: Type:Debug:
DateTime:2026-08-27 11:10:01.403:callWorkFunction: CCO_AFN52_F1_EB031101_read                            File: Line:0 Function: Type:Debug:
DateTime:2026-08-27 11:10:01.403:找到对应函数，进入执行                            File: Line:0 Function: Type:Debug:
DateTime:2026-08-27 11:10:01.906:"等待工装回复超时"                            File: Line:0 Function: Type:Debug:
DateTime:2026-08-27 11:10:01.906:"开始组帧"                            File: Line:0 Function: Type:Debug:
DateTime:2026-08-27 11:10:01.906:"组帧结束"                            File: Line:0 Function: Type:Debug:
DateTime:2026-08-27 11:10:01.906:"367.2Send:数据转发(查询-从节点档案清单管理EB031101)：=>68 2E 00 43 00 00 00 00 00 27 52 01 00 02 12 90 78 56 34 12 6B 8A E8 13 00 68 12 90 78 56 34 12 68 11 07 34 44 36 1E 34 33 3D 0E 16 97 16"                            File: Line:0 Function: Type:Debug:
DateTime:2026-08-27 11:10:01.906:"槽位2透传:68FA00FA006840000000000022600000010002013C00682E0043000000000027520100021290785634126B8AE81300681290785634126811073444361E34333D0E169716DC16"                            File: Line:0 Function: Type:Debug:
DateTime:2026-08-27 11:10:01.906:"工装发送：68 FA 00 FA 00 68 40 00 00 00 00 00 22 60 00 00 01 00 02 01 3C 00 68 2E 00 43 00 00 00 00 00 27 52 01 00 02 12 90 78 56 34 12 6B 8A E8 13 00 68 12 90 78 56 34 12 68 11 07 34 44 36 1E 34 33 3D 0E 16 97 16 DC 16"                            File: Line:0 Function: Type:Debug:
DateTime:2026-08-27 11:10:01.960:"工装接收：68 32 00 32 00 68 80 00 00 00 00 00 00 60 00 00 01 00 E1 16"                            File: Line:0 Function: Type:Debug:
DateTime:2026-08-27 11:10:01.960:"m_baRecvMsg:"                            File: Line:0 Function: Type:Debug:
DateTime:2026-08-27 11:10:01.960:"frameList.size():1"                            File: Line:0 Function: Type:Debug:
DateTime:2026-08-27 11:10:01.960:"进入报文解析"                            File: Line:0 Function: Type:Debug:
DateTime:2026-08-27 11:10:01.960:"68 32 00 32 00 68 80 00 00 00 00 00 00 60 00 00 01 00 E1 16"                            File: Line:0 Function: Type:Debug:
DateTime:2026-08-27 11:10:01.960:"解码完成，功能码: 1"                            File: Line:0 Function: Type:Debug:
DateTime:2026-08-27 11:10:01.960:"工装回复确认帧"                            File: Line:0 Function: Type:Debug:
DateTime:2026-08-27 11:10:02.051:"工装接收：68 62 01 62 01 68 80 00 00 00 00 00 22 60 00 00 01 00 02 49 00 68 49 00 80 00 00 00 00 00 27 52 01 00 02 12 90 78 56 34 12 31 00 68 12 90 78 56 34 12 68 91 25 34 44 36 1E 38 33 38 36 34 43 33 49 4C 38 34 43 33 49 4C 39 34 43 33 49 4C 3A 34 43 33 49 4C 3B 34 43 33 49 4C 02 16 FD 16 0F 16"                            File: Line:0 Function: Type:Debug:
DateTime:2026-08-27 11:10:02.052:"m_baRecvMsg:"                            File: Line:0 Function: Type:Debug:
DateTime:2026-08-27 11:10:02.052:"frameList.size():1"                            File: Line:0 Function: Type:Debug:
DateTime:2026-08-27 11:10:02.052:"进入报文解析"                            File: Line:0 Function: Type:Debug:
DateTime:2026-08-27 11:10:02.052:"68 62 01 62 01 68 80 00 00 00 00 00 22 60 00 00 01 00 02 49 00 68 49 00 80 00 00 00 00 00 27 52 01 00 02 12 90 78 56 34 12 31 00 68 12 90 78 56 34 12 68 91 25 34 44 36 1E 38 33 38 36 34 43 33 49 4C 38 34 43 33 49 4C 39 34 43 33 49 4C 3A 34 43 33 49 4C 3B 34 43 33 49 4C 02 16 FD 16 0F 16"                            File: Line:0 Function: Type:Debug:
DateTime:2026-08-27 11:10:02.052:"解码完成，功能码: 4"                            File: Line:0 Function: Type:Debug:
DateTime:2026-08-27 11:10:02.052:"工装接收到透传报文"                            File: Line:0 Function: Type:Debug:
DateTime:2026-08-27 11:10:02.052:"02490068490080000000000027520100021290785634123100681290785634126891253444361E38333836344333494C38344333494C39344333494C3A344333494C3B344333494C0216FD16"                            File: Line:0 Function: Type:Debug:
DateTime:2026-08-27 11:10:02.052:"透传报文内容:68 49 00 80 00 00 00 00 00 27 52 01 00 02 12 90 78 56 34 12 31 00 68 12 90 78 56 34 12 68 91 25 34 44 36 1e 38 33 38 36 34 43 33 49 4c 38 34 43 33 49 4c 39 34 43 33 49 4c 3a 34 43 33 49 4c 3b 34 43 33 49 4c 02 16 fd 16"                            File: Line:0 Function: Type:Debug:
DateTime:2026-08-27 11:10:04.973:"uTimeSecond_ms:30000"                            File: Line:0 Function: Type:Debug:
DateTime:2026-08-27 11:10:04.973:"查找结果: iret=0, wStart=0, dwOutLen=73, dwStreamLen=73, dwFindPos=0"                            File: Line:0 Function: Type:Debug:
DateTime:2026-08-27 11:10:04.973:"Receive:<= 68 49 00 80 00 00 00 00 00 27 52 01 00 02 12 90 78 56 34 12 31 00 68 12 90 78 56 34 12 68 91 25 34 44 36 1E 38 33 38 36 34 43 33 49 4C 38 34 43 33 49 4C 39 34 43 33 49 4C 3A 34 43 33 49 4C 3B 34 43 33 49 4C 02 16 FD 16"                            File: Line:0 Function: Type:Debug:
DateTime:2026-08-27 11:10:04.973:"解析：功能码-AFN=52H,Fn=1："                            File: Line:0 Function: Type:Debug:
DateTime:2026-08-27 11:10:04.973:"透传回复内容：021290785634123100681290785634126891253444361E38333836344333494C38344333494C39344333494C3A344333494C3B344333494C0216"                            File: Line:0 Function: Type:Debug:
DateTime:2026-08-27 11:10:04.973:"DL/T645-2007协议 回复报文信息：控制码：91,数据标识：EB031101，数据域(需倒序解析)：050005030110001619050110001619060110001619070110001619080110001619"                            File: Line:0 Function: Type:Debug:
DateTime:2026-08-27 11:10:04.973:"结果："                            File: Line:0 Function: Type:Debug:
DateTime:2026-08-27 11:10:04.973:"档案总数量：5,本次响应数量:5"                            File: Line:0 Function: Type:Debug:
DateTime:2026-08-27 11:10:04.973:"第1只表地址：191600100103"                            File: Line:0 Function: Type:Debug:
DateTime:2026-08-27 11:10:04.973:"第2只表地址：191600100105"                            File: Line:0 Function: Type:Debug:
DateTime:2026-08-27 11:10:04.973:"第3只表地址：191600100106"                            File: Line:0 Function: Type:Debug:
DateTime:2026-08-27 11:10:04.973:"第4只表地址：191600100107"                            File: Line:0 Function: Type:Debug:
DateTime:2026-08-27 11:10:04.973:"第5只表地址：191600100108"                            File: Line:0 Function: Type:Debug:
DateTime:2026-08-27 11:10:04.973:"------汇总结果------"                            File: Line:0 Function: Type:Debug:
DateTime:2026-08-27 11:10:04.973:"地址191600100103上报成功"                            File: Line:0 Function: Type:Debug:
DateTime:2026-08-27 11:10:04.973:"地址191600100105上报成功"                            File: Line:0 Function: Type:Debug:
DateTime:2026-08-27 11:10:04.973:"地址191600100106上报成功"                            File: Line:0 Function: Type:Debug:
DateTime:2026-08-27 11:10:04.973:"地址191600100107上报成功"                            File: Line:0 Function: Type:Debug:
DateTime:2026-08-27 11:10:04.974:"地址191600100108上报成功"                            File: Line:0 Function: Type:Debug:
DateTime:2026-08-27 11:10:04.974:"档案总数量：5,本次响应数量:5"                            File: Line:0 Function: Type:Debug:
DateTime:2026-08-27 11:10:04.974:dll输出信息: ""                            File: Line:0 Function: Type:Debug:
DateTime:2026-08-27 11:10:04.974:接口函数调用成功，返回的结果为 0                            File: Line:0 Function: Type:Debug:
DateTime:2026-08-27 11:10:04.974:"外部传入的para：0，返回的result：0,返回的pValRet：0"                            File: Line:0 Function: Type:Debug:
DateTime:2026-08-27 11:10:04.974:"执行接口函数CCO_AFN52_F1_EB031101_read完成"                            File: Line:0 Function: Type:Debug:
DateTime:2026-08-27 11:10:04.976:coorIndex 0                            File: Line:0 Function: Type:Debug:
DateTime:2026-08-27 11:10:04.977:当前流程结束                            File: Line:0 Function: Type:Debug:
DateTime:2026-08-27 11:10:04.977:退出connect函数                            File: Line:0 Function: Type:Debug:
DateTime:2026-08-27 11:10:04.977:"=========【Step53-数据转发--EB031101查询从节点档案清单】结束=========="                            File: Line:0 Function: Type:Debug:
DateTime:2026-08-27 11:10:04.977:"-----------------------------"                            File: Line:0 Function: Type:Debug:
DateTime:2026-08-27 11:10:04.978:"=============执行【Step54-数据转发--EB031102添加从节点档案】==================="                            File: Line:0 Function: Type:Debug:
DateTime:2026-08-27 11:10:04.979:"执行接口函数CCO_AFN52_F1_EB031102"                            File: Line:0 Function: Type:Debug:
DateTime:2026-08-27 11:10:04.979:callWorkFunction: CCO_AFN52_F1_EB031102                            File: Line:0 Function: Type:Debug:
DateTime:2026-08-27 11:10:04.979:找到对应函数，进入执行                            File: Line:0 Function: Type:Debug:
DateTime:2026-08-27 11:10:05.483:"等待工装回复超时"                            File: Line:0 Function: Type:Debug:
DateTime:2026-08-27 11:10:05.483:"开始组帧"                            File: Line:0 Function: Type:Debug:
DateTime:2026-08-27 11:10:05.483:"组帧结束"                            File: Line:0 Function: Type:Debug:
DateTime:2026-08-27 11:10:05.483:"367.2Send:数据转发(设置-从节点档案清单管理EB031102)：=>68 34 00 43 00 00 00 00 00 28 52 01 00 02 12 90 78 56 34 12 6B 8A E8 19 00 68 04 01 10 00 16 19 68 14 0D 35 44 36 1E 3B 33 33 33 44 44 44 44 34 1A 16 B6 16"                            File: Line:0 Function: Type:Debug:
DateTime:2026-08-27 11:10:05.483:"槽位2透传:68120112016840000000000022600000010002013C0068340043000000000028520100021290785634126B8AE819006804011000161968140D3544361E3B33333344444444341A16B6162016"                            File: Line:0 Function: Type:Debug:
DateTime:2026-08-27 11:10:05.483:"工装发送：68 12 01 12 01 68 40 00 00 00 00 00 22 60 00 00 01 00 02 01 3C 00 68 34 00 43 00 00 00 00 00 28 52 01 00 02 12 90 78 56 34 12 6B 8A E8 19 00 68 04 01 10 00 16 19 68 14 0D 35 44 36 1E 3B 33 33 33 44 44 44 44 34 1A 16 B6 16 20 16"                            File: Line:0 Function: Type:Debug:
DateTime:2026-08-27 11:10:05.544:"工装接收：68 32 00 32 00 68 80 00 00 00 00 00 00 60 00 00 01 00 E1 16"                            File: Line:0 Function: Type:Debug:
DateTime:2026-08-27 11:10:05.544:"m_baRecvMsg:"                            File: Line:0 Function: Type:Debug:
DateTime:2026-08-27 11:10:05.544:"frameList.size():1"                            File: Line:0 Function: Type:Debug:
DateTime:2026-08-27 11:10:05.544:"进入报文解析"                            File: Line:0 Function: Type:Debug:
DateTime:2026-08-27 11:10:05.544:"68 32 00 32 00 68 80 00 00 00 00 00 00 60 00 00 01 00 E1 16"                            File: Line:0 Function: Type:Debug:
DateTime:2026-08-27 11:10:05.544:"解码完成，功能码: 1"                            File: Line:0 Function: Type:Debug:
DateTime:2026-08-27 11:10:05.544:"工装回复确认帧"                            File: Line:0 Function: Type:Debug:
DateTime:2026-08-27 11:10:05.593:"工装接收：68 CE 00 CE 00 68 80 00 00 00 00 00 22 60 00 00 01 00 02 24 00 68 24 00 80 00 00 00 00 00 28 52 01 00 02 12 90 78 56 34 12 0C 00 68 12 90 78 56 34 12 68 94 00 1A 16 09 16 DD 16"                            File: Line:0 Function: Type:Debug:
DateTime:2026-08-27 11:10:05.593:"m_baRecvMsg:"                            File: Line:0 Function: Type:Debug:
DateTime:2026-08-27 11:10:05.593:"frameList.size():1"                            File: Line:0 Function: Type:Debug:
DateTime:2026-08-27 11:10:05.593:"进入报文解析"                            File: Line:0 Function: Type:Debug:
DateTime:2026-08-27 11:10:05.593:"68 CE 00 CE 00 68 80 00 00 00 00 00 22 60 00 00 01 00 02 24 00 68 24 00 80 00 00 00 00 00 28 52 01 00 02 12 90 78 56 34 12 0C 00 68 12 90 78 56 34 12 68 94 00 1A 16 09 16 DD 16"                            File: Line:0 Function: Type:Debug:
DateTime:2026-08-27 11:10:05.593:"解码完成，功能码: 4"                            File: Line:0 Function: Type:Debug:
DateTime:2026-08-27 11:10:05.593:"工装接收到透传报文"                            File: Line:0 Function: Type:Debug:
DateTime:2026-08-27 11:10:05.593:"02240068240080000000000028520100021290785634120C00681290785634126894001A160916"                            File: Line:0 Function: Type:Debug:
DateTime:2026-08-27 11:10:05.593:"透传报文内容:68 24 00 80 00 00 00 00 00 28 52 01 00 02 12 90 78 56 34 12 0c 00 68 12 90 78 56 34 12 68 94 00 1a 16 09 16"                            File: Line:0 Function: Type:Debug:
DateTime:2026-08-27 11:10:08.514:"uTimeSecond_ms:30000"                            File: Line:0 Function: Type:Debug:
DateTime:2026-08-27 11:10:08.514:"查找结果: iret=0, wStart=0, dwOutLen=36, dwStreamLen=36, dwFindPos=0"                            File: Line:0 Function: Type:Debug:
DateTime:2026-08-27 11:10:08.514:"Receive:<= 68 24 00 80 00 00 00 00 00 28 52 01 00 02 12 90 78 56 34 12 0C 00 68 12 90 78 56 34 12 68 94 00 1A 16 09 16"                            File: Line:0 Function: Type:Debug:
DateTime:2026-08-27 11:10:08.514:"解析：功能码-AFN=52H,Fn=1："                            File: Line:0 Function: Type:Debug:
DateTime:2026-08-27 11:10:08.514:"透传回复内容：021290785634120C00681290785634126894001A16"                            File: Line:0 Function: Type:Debug:
DateTime:2026-08-27 11:10:08.514:"设置成功"                            File: Line:0 Function: Type:Debug:
DateTime:2026-08-27 11:10:08.514:dll输出信息: ""                            File: Line:0 Function: Type:Debug:
DateTime:2026-08-27 11:10:08.514:接口函数调用成功，返回的结果为 0                            File: Line:0 Function: Type:Debug:
DateTime:2026-08-27 11:10:08.514:"外部传入的para：0，返回的result：0,返回的pValRet：0"                            File: Line:0 Function: Type:Debug:
DateTime:2026-08-27 11:10:08.514:"执行接口函数CCO_AFN52_F1_EB031102完成"                            File: Line:0 Function: Type:Debug:
DateTime:2026-08-27 11:10:08.517:coorIndex 0                            File: Line:0 Function: Type:Debug:
DateTime:2026-08-27 11:10:08.517:当前流程结束                            File: Line:0 Function: Type:Debug:
DateTime:2026-08-27 11:10:08.517:退出connect函数                            File: Line:0 Function: Type:Debug:
DateTime:2026-08-27 11:10:08.517:"=========【Step54-数据转发--EB031102添加从节点档案】结束=========="                            File: Line:0 Function: Type:Debug:
DateTime:2026-08-27 11:10:08.517:"-----------------------------"                            File: Line:0 Function: Type:Debug:
DateTime:2026-08-27 11:10:08.519:"=============执行【Step55-数据转发--EB031101查询从节点档案清单】==================="                            File: Line:0 Function: Type:Debug:
DateTime:2026-08-27 11:10:08.519:"执行接口函数CCO_AFN52_F1_EB031101_read"                            File: Line:0 Function: Type:Debug:
DateTime:2026-08-27 11:10:08.519:callWorkFunction: CCO_AFN52_F1_EB031101_read                            File: Line:0 Function: Type:Debug:
DateTime:2026-08-27 11:10:08.519:找到对应函数，进入执行                            File: Line:0 Function: Type:Debug:
DateTime:2026-08-27 11:10:09.022:"等待工装回复超时"                            File: Line:0 Function: Type:Debug:
DateTime:2026-08-27 11:10:09.022:"开始组帧"                            File: Line:0 Function: Type:Debug:
DateTime:2026-08-27 11:10:09.022:"组帧结束"                            File: Line:0 Function: Type:Debug:
DateTime:2026-08-27 11:10:09.022:"367.2Send:数据转发(查询-从节点档案清单管理EB031101)：=>68 2E 00 43 00 00 00 00 00 29 52 01 00 02 12 90 78 56 34 12 6B 8A E8 13 00 68 12 90 78 56 34 12 68 11 07 34 44 36 1E 34 33 3D 0E 16 99 16"                            File: Line:0 Function: Type:Debug:
DateTime:2026-08-27 11:10:09.022:"槽位2透传:68FA00FA006840000000000022600000010002013C00682E0043000000000029520100021290785634126B8AE81300681290785634126811073444361E34333D0E169916E016"                            File: Line:0 Function: Type:Debug:
DateTime:2026-08-27 11:10:09.022:"工装发送：68 FA 00 FA 00 68 40 00 00 00 00 00 22 60 00 00 01 00 02 01 3C 00 68 2E 00 43 00 00 00 00 00 29 52 01 00 02 12 90 78 56 34 12 6B 8A E8 13 00 68 12 90 78 56 34 12 68 11 07 34 44 36 1E 34 33 3D 0E 16 99 16 E0 16"                            File: Line:0 Function: Type:Debug:
DateTime:2026-08-27 11:10:09.076:"工装接收：68 32 00 32 00 68 80 00 00 00 00 00 00 60 00 00 01 00 E1 16"                            File: Line:0 Function: Type:Debug:
DateTime:2026-08-27 11:10:09.076:"m_baRecvMsg:"                            File: Line:0 Function: Type:Debug:
DateTime:2026-08-27 11:10:09.076:"frameList.size():1"                            File: Line:0 Function: Type:Debug:
DateTime:2026-08-27 11:10:09.076:"进入报文解析"                            File: Line:0 Function: Type:Debug:
DateTime:2026-08-27 11:10:09.076:"68 32 00 32 00 68 80 00 00 00 00 00 00 60 00 00 01 00 E1 16"                            File: Line:0 Function: Type:Debug:
DateTime:2026-08-27 11:10:09.076:"解码完成，功能码: 1"                            File: Line:0 Function: Type:Debug:
DateTime:2026-08-27 11:10:09.076:"工装回复确认帧"                            File: Line:0 Function: Type:Debug:
DateTime:2026-08-27 11:10:09.175:"工装接收：68 7A 01 7A 01 68 80 00 00 00 00 00 22 60 00 00 01 00 02 4F 00 68 4F 00 80 00 00 00 00 00 29 52 01 00 02 12 90 78 56 34 12 37 00 68 12 90 78 56 34 12 68 91 2B 34 44 36 1E 39 33 39 36 34 43 33 49 4C 38 34 43 33 49 4C 39 34 43 33 49 4C 3A 34 43 33 49 4C 3B 34 43 33 49 4C 37 34 43 33 49 4C 80 16 01 16 23 16"                            File: Line:0 Function: Type:Debug:
DateTime:2026-08-27 11:10:09.175:"m_baRecvMsg:"                            File: Line:0 Function: Type:Debug:
DateTime:2026-08-27 11:10:09.175:"frameList.size():1"                            File: Line:0 Function: Type:Debug:
DateTime:2026-08-27 11:10:09.175:"进入报文解析"                            File: Line:0 Function: Type:Debug:
DateTime:2026-08-27 11:10:09.175:"68 7A 01 7A 01 68 80 00 00 00 00 00 22 60 00 00 01 00 02 4F 00 68 4F 00 80 00 00 00 00 00 29 52 01 00 02 12 90 78 56 34 12 37 00 68 12 90 78 56 34 12 68 91 2B 34 44 36 1E 39 33 39 36 34 43 33 49 4C 38 34 43 33 49 4C 39 34 43 33 49 4C 3A 34 43 33 49 4C 3B 34 43 33 49 4C 37 34 43 33 49 4C 80 16 01 16 23 16"                            File: Line:0 Function: Type:Debug:
DateTime:2026-08-27 11:10:09.175:"解码完成，功能码: 4"                            File: Line:0 Function: Type:Debug:
DateTime:2026-08-27 11:10:09.175:"工装接收到透传报文"                            File: Line:0 Function: Type:Debug:
DateTime:2026-08-27 11:10:09.175:"024F00684F00800000000000295201000212907856341237006812907856341268912B3444361E39333936344333494C38344333494C39344333494C3A344333494C3B344333494C37344333494C80160116"                            File: Line:0 Function: Type:Debug:
DateTime:2026-08-27 11:10:09.175:"透传报文内容:68 4f 00 80 00 00 00 00 00 29 52 01 00 02 12 90 78 56 34 12 37 00 68 12 90 78 56 34 12 68 91 2b 34 44 36 1e 39 33 39 36 34 43 33 49 4c 38 34 43 33 49 4c 39 34 43 33 49 4c 3a 34 43 33 49 4c 3b 34 43 33 49 4c 37 34 43 33 49 4c 80 16 01 16"                            File: Line:0 Function: Type:Debug:
DateTime:2026-08-27 11:10:12.096:"uTimeSecond_ms:30000"                            File: Line:0 Function: Type:Debug:
DateTime:2026-08-27 11:10:12.096:"查找结果: iret=0, wStart=0, dwOutLen=79, dwStreamLen=79, dwFindPos=0"                            File: Line:0 Function: Type:Debug:
DateTime:2026-08-27 11:10:12.096:"Receive:<= 68 4F 00 80 00 00 00 00 00 29 52 01 00 02 12 90 78 56 34 12 37 00 68 12 90 78 56 34 12 68 91 2B 34 44 36 1E 39 33 39 36 34 43 33 49 4C 38 34 43 33 49 4C 39 34 43 33 49 4C 3A 34 43 33 49 4C 3B 34 43 33 49 4C 37 34 43 33 49 4C 80 16 01 16"                            File: Line:0 Function: Type:Debug:
DateTime:2026-08-27 11:10:12.096:"解析：功能码-AFN=52H,Fn=1："                            File: Line:0 Function: Type:Debug:
DateTime:2026-08-27 11:10:12.096:"透传回复内容：0212907856341237006812907856341268912B3444361E39333936344333494C38344333494C39344333494C3A344333494C3B344333494C37344333494C8016"                            File: Line:0 Function: Type:Debug:
DateTime:2026-08-27 11:10:12.096:"DL/T645-2007协议 回复报文信息：控制码：91,数据标识：EB031101，数据域(需倒序解析)：060006030110001619050110001619060110001619070110001619080110001619040110001619"                            File: Line:0 Function: Type:Debug:
DateTime:2026-08-27 11:10:12.096:"结果："                            File: Line:0 Function: Type:Debug:
DateTime:2026-08-27 11:10:12.096:"档案总数量：6,本次响应数量:6"                            File: Line:0 Function: Type:Debug:
DateTime:2026-08-27 11:10:12.096:"第1只表地址：191600100103"                            File: Line:0 Function: Type:Debug:
DateTime:2026-08-27 11:10:12.096:"第2只表地址：191600100105"                            File: Line:0 Function: Type:Debug:
DateTime:2026-08-27 11:10:12.096:"第3只表地址：191600100106"                            File: Line:0 Function: Type:Debug:
DateTime:2026-08-27 11:10:12.096:"第4只表地址：191600100107"                            File: Line:0 Function: Type:Debug:
DateTime:2026-08-27 11:10:12.097:"第5只表地址：191600100108"                            File: Line:0 Function: Type:Debug:
DateTime:2026-08-27 11:10:12.097:"第6只表地址：191600100104"                            File: Line:0 Function: Type:Debug:
DateTime:2026-08-27 11:10:12.097:"------汇总结果------"                            File: Line:0 Function: Type:Debug:
DateTime:2026-08-27 11:10:12.097:"地址191600100103上报成功"                            File: Line:0 Function: Type:Debug:
DateTime:2026-08-27 11:10:12.097:"地址191600100104上报成功"                            File: Line:0 Function: Type:Debug:
DateTime:2026-08-27 11:10:12.097:"地址191600100105上报成功"                            File: Line:0 Function: Type:Debug:
DateTime:2026-08-27 11:10:12.097:"地址191600100106上报成功"                            File: Line:0 Function: Type:Debug:
DateTime:2026-08-27 11:10:12.097:"地址191600100107上报成功"                            File: Line:0 Function: Type:Debug:
DateTime:2026-08-27 11:10:12.097:"地址191600100108上报成功"                            File: Line:0 Function: Type:Debug:
DateTime:2026-08-27 11:10:12.097:"档案总数量：6,本次响应数量:6"                            File: Line:0 Function: Type:Debug:
DateTime:2026-08-27 11:10:12.097:dll输出信息: ""                            File: Line:0 Function: Type:Debug:
DateTime:2026-08-27 11:10:12.097:接口函数调用成功，返回的结果为 0                            File: Line:0 Function: Type:Debug:
DateTime:2026-08-27 11:10:12.097:"外部传入的para：0，返回的result：0,返回的pValRet：0"                            File: Line:0 Function: Type:Debug:
DateTime:2026-08-27 11:10:12.097:"执行接口函数CCO_AFN52_F1_EB031101_read完成"                            File: Line:0 Function: Type:Debug:
DateTime:2026-08-27 11:10:12.100:coorIndex 0                            File: Line:0 Function: Type:Debug:
DateTime:2026-08-27 11:10:12.100:当前流程结束                            File: Line:0 Function: Type:Debug:
DateTime:2026-08-27 11:10:12.100:退出connect函数                            File: Line:0 Function: Type:Debug:
DateTime:2026-08-27 11:10:12.100:"=========【Step55-数据转发--EB031101查询从节点档案清单】结束=========="                            File: Line:0 Function: Type:Debug:
DateTime:2026-08-27 11:10:12.100:"-----------------------------"                            File: Line:0 Function: Type:Debug:
DateTime:2026-08-27 11:10:12.102:"=============执行【Step56-数据转发--EB031102删除从节点档案】==================="                            File: Line:0 Function: Type:Debug:
DateTime:2026-08-27 11:10:12.102:"执行接口函数CCO_AFN52_F1_EB031102"                            File: Line:0 Function: Type:Debug:
DateTime:2026-08-27 11:10:12.102:callWorkFunction: CCO_AFN52_F1_EB031102                            File: Line:0 Function: Type:Debug:
DateTime:2026-08-27 11:10:12.102:找到对应函数，进入执行                            File: Line:0 Function: Type:Debug:
DateTime:2026-08-27 11:10:12.606:"等待工装回复超时"                            File: Line:0 Function: Type:Debug:
DateTime:2026-08-27 11:10:12.606:"开始组帧"                            File: Line:0 Function: Type:Debug:
DateTime:2026-08-27 11:10:12.606:"组帧结束"                            File: Line:0 Function: Type:Debug:
DateTime:2026-08-27 11:10:12.606:"367.2Send:数据转发(设置-从节点档案清单管理EB031102)：=>68 34 00 43 00 00 00 00 00 2A 52 01 00 02 12 90 78 56 34 12 6B 8A E8 19 00 68 04 01 10 00 16 19 68 14 0D 35 44 36 1E 3B 33 33 33 44 44 44 44 33 19 16 B6 16"                            File: Line:0 Function: Type:Debug:
DateTime:2026-08-27 11:10:12.606:"槽位2透传:68120112016840000000000022600000010002013C006834004300000000002A520100021290785634126B8AE819006804011000161968140D3544361E3B33333344444444331916B6162016"                            File: Line:0 Function: Type:Debug:
DateTime:2026-08-27 11:10:12.606:"工装发送：68 12 01 12 01 68 40 00 00 00 00 00 22 60 00 00 01 00 02 01 3C 00 68 34 00 43 00 00 00 00 00 2A 52 01 00 02 12 90 78 56 34 12 6B 8A E8 19 00 68 04 01 10 00 16 19 68 14 0D 35 44 36 1E 3B 33 33 33 44 44 44 44 33 19 16 B6 16 20 16"                            File: Line:0 Function: Type:Debug:
DateTime:2026-08-27 11:10:12.667:"工装接收：68 32 00 32 00 68 80 00 00 00 00 00 00 60 00 00 01 00 E1 16"                            File: Line:0 Function: Type:Debug:
DateTime:2026-08-27 11:10:12.667:"m_baRecvMsg:"                            File: Line:0 Function: Type:Debug:
DateTime:2026-08-27 11:10:12.667:"frameList.size():1"                            File: Line:0 Function: Type:Debug:
DateTime:2026-08-27 11:10:12.667:"进入报文解析"                            File: Line:0 Function: Type:Debug:
DateTime:2026-08-27 11:10:12.667:"68 32 00 32 00 68 80 00 00 00 00 00 00 60 00 00 01 00 E1 16"                            File: Line:0 Function: Type:Debug:
DateTime:2026-08-27 11:10:12.667:"解码完成，功能码: 1"                            File: Line:0 Function: Type:Debug:
DateTime:2026-08-27 11:10:12.667:"工装回复确认帧"                            File: Line:0 Function: Type:Debug:
DateTime:2026-08-27 11:10:12.722:"工装接收：68 CE 00 CE 00 68 80 00 00 00 00 00 22 60 00 00 01 00 02 24 00 68 24 00 80 00 00 00 00 00 2A 52 01 00 02 12 90 78 56 34 12 0C 00 68 12 90 78 56 34 12 68 94 00 1A 16 0B 16 E1 16"                            File: Line:0 Function: Type:Debug:
DateTime:2026-08-27 11:10:12.722:"m_baRecvMsg:"                            File: Line:0 Function: Type:Debug:
DateTime:2026-08-27 11:10:12.722:"frameList.size():1"                            File: Line:0 Function: Type:Debug:
DateTime:2026-08-27 11:10:12.722:"进入报文解析"                            File: Line:0 Function: Type:Debug:
DateTime:2026-08-27 11:10:12.722:"68 CE 00 CE 00 68 80 00 00 00 00 00 22 60 00 00 01 00 02 24 00 68 24 00 80 00 00 00 00 00 2A 52 01 00 02 12 90 78 56 34 12 0C 00 68 12 90 78 56 34 12 68 94 00 1A 16 0B 16 E1 16"                            File: Line:0 Function: Type:Debug:
DateTime:2026-08-27 11:10:12.722:"解码完成，功能码: 4"                            File: Line:0 Function: Type:Debug:
DateTime:2026-08-27 11:10:12.722:"工装接收到透传报文"                            File: Line:0 Function: Type:Debug:
DateTime:2026-08-27 11:10:12.722:"0224006824008000000000002A520100021290785634120C00681290785634126894001A160B16"                            File: Line:0 Function: Type:Debug:
DateTime:2026-08-27 11:10:12.722:"透传报文内容:68 24 00 80 00 00 00 00 00 2a 52 01 00 02 12 90 78 56 34 12 0c 00 68 12 90 78 56 34 12 68 94 00 1a 16 0b 16"                            File: Line:0 Function: Type:Debug:
DateTime:2026-08-27 11:10:15.644:"uTimeSecond_ms:30000"                            File: Line:0 Function: Type:Debug:
DateTime:2026-08-27 11:10:15.644:"查找结果: iret=0, wStart=0, dwOutLen=36, dwStreamLen=36, dwFindPos=0"                            File: Line:0 Function: Type:Debug:
DateTime:2026-08-27 11:10:15.644:"Receive:<= 68 24 00 80 00 00 00 00 00 2A 52 01 00 02 12 90 78 56 34 12 0C 00 68 12 90 78 56 34 12 68 94 00 1A 16 0B 16"                            File: Line:0 Function: Type:Debug:
DateTime:2026-08-27 11:10:15.644:"解析：功能码-AFN=52H,Fn=1："                            File: Line:0 Function: Type:Debug:
DateTime:2026-08-27 11:10:15.644:"透传回复内容：021290785634120C00681290785634126894001A16"                            File: Line:0 Function: Type:Debug:
DateTime:2026-08-27 11:10:15.644:"设置成功"                            File: Line:0 Function: Type:Debug:
DateTime:2026-08-27 11:10:15.644:dll输出信息: ""                            File: Line:0 Function: Type:Debug:
DateTime:2026-08-27 11:10:15.644:接口函数调用成功，返回的结果为 0                            File: Line:0 Function: Type:Debug:
DateTime:2026-08-27 11:10:15.644:"外部传入的para：0，返回的result：0,返回的pValRet：0"                            File: Line:0 Function: Type:Debug:
DateTime:2026-08-27 11:10:15.644:"执行接口函数CCO_AFN52_F1_EB031102完成"                            File: Line:0 Function: Type:Debug:
DateTime:2026-08-27 11:10:15.647:coorIndex 0                            File: Line:0 Function: Type:Debug:
DateTime:2026-08-27 11:10:15.647:当前流程结束                            File: Line:0 Function: Type:Debug:
DateTime:2026-08-27 11:10:15.647:退出connect函数                            File: Line:0 Function: Type:Debug:
DateTime:2026-08-27 11:10:15.647:"=========【Step56-数据转发--EB031102删除从节点档案】结束=========="                            File: Line:0 Function: Type:Debug:
DateTime:2026-08-27 11:10:15.647:"-----------------------------"                            File: Line:0 Function: Type:Debug:
DateTime:2026-08-27 11:10:15.649:"=============执行【Step57-数据转发--EB031101查询从节点档案清单】==================="                            File: Line:0 Function: Type:Debug:
DateTime:2026-08-27 11:10:15.649:"执行接口函数CCO_AFN52_F1_EB031101_read"                            File: Line:0 Function: Type:Debug:
DateTime:2026-08-27 11:10:15.649:callWorkFunction: CCO_AFN52_F1_EB031101_read                            File: Line:0 Function: Type:Debug:
DateTime:2026-08-27 11:10:15.649:找到对应函数，进入执行                            File: Line:0 Function: Type:Debug:
DateTime:2026-08-27 11:10:16.152:"等待工装回复超时"                            File: Line:0 Function: Type:Debug:
DateTime:2026-08-27 11:10:16.152:"开始组帧"                            File: Line:0 Function: Type:Debug:
DateTime:2026-08-27 11:10:16.152:"组帧结束"                            File: Line:0 Function: Type:Debug:
DateTime:2026-08-27 11:10:16.152:"367.2Send:数据转发(查询-从节点档案清单管理EB031101)：=>68 2E 00 43 00 00 00 00 00 2B 52 01 00 02 12 90 78 56 34 12 6B 8A E8 13 00 68 12 90 78 56 34 12 68 11 07 34 44 36 1E 34 33 3D 0E 16 9B 16"                            File: Line:0 Function: Type:Debug:
DateTime:2026-08-27 11:10:16.152:"槽位2透传:68FA00FA006840000000000022600000010002013C00682E004300000000002B520100021290785634126B8AE81300681290785634126811073444361E34333D0E169B16E416"                            File: Line:0 Function: Type:Debug:
DateTime:2026-08-27 11:10:16.152:"工装发送：68 FA 00 FA 00 68 40 00 00 00 00 00 22 60 00 00 01 00 02 01 3C 00 68 2E 00 43 00 00 00 00 00 2B 52 01 00 02 12 90 78 56 34 12 6B 8A E8 13 00 68 12 90 78 56 34 12 68 11 07 34 44 36 1E 34 33 3D 0E 16 9B 16 E4 16"                            File: Line:0 Function: Type:Debug:
DateTime:2026-08-27 11:10:16.206:"工装接收：68 32 00 32 00 68 80 00 00 00 00 00 00 60 00 00 01 00 E1 16"                            File: Line:0 Function: Type:Debug:
DateTime:2026-08-27 11:10:16.206:"m_baRecvMsg:"                            File: Line:0 Function: Type:Debug:
DateTime:2026-08-27 11:10:16.206:"frameList.size():1"                            File: Line:0 Function: Type:Debug:
DateTime:2026-08-27 11:10:16.206:"进入报文解析"                            File: Line:0 Function: Type:Debug:
DateTime:2026-08-27 11:10:16.206:"68 32 00 32 00 68 80 00 00 00 00 00 00 60 00 00 01 00 E1 16"                            File: Line:0 Function: Type:Debug:
DateTime:2026-08-27 11:10:16.206:"解码完成，功能码: 1"                            File: Line:0 Function: Type:Debug:
DateTime:2026-08-27 11:10:16.206:"工装回复确认帧"                            File: Line:0 Function: Type:Debug:
DateTime:2026-08-27 11:10:16.297:"工装接收：68 62 01 62 01 68 80 00 00 00 00 00 22 60 00 00 01 00 02 49 00 68 49 00 80 00 00 00 00 00 2B 52 01 00 02 12 90 78 56 34 12 31 00 68 12 90 78 56 34 12 68 91 25 34 44 36 1E 38 33 38 36 34 43 33 49 4C 38 34 43 33 49 4C 39 34 43 33 49 4C 3A 34 43 33 49 4C 3B 34 43 33 49 4C 02 16 01 16 17 16"                            File: Line:0 Function: Type:Debug:
DateTime:2026-08-27 11:10:16.297:"m_baRecvMsg:"                            File: Line:0 Function: Type:Debug:
DateTime:2026-08-27 11:10:16.297:"frameList.size():1"                            File: Line:0 Function: Type:Debug:
DateTime:2026-08-27 11:10:16.297:"进入报文解析"                            File: Line:0 Function: Type:Debug:
DateTime:2026-08-27 11:10:16.298:"68 62 01 62 01 68 80 00 00 00 00 00 22 60 00 00 01 00 02 49 00 68 49 00 80 00 00 00 00 00 2B 52 01 00 02 12 90 78 56 34 12 31 00 68 12 90 78 56 34 12 68 91 25 34 44 36 1E 38 33 38 36 34 43 33 49 4C 38 34 43 33 49 4C 39 34 43 33 49 4C 3A 34 43 33 49 4C 3B 34 43 33 49 4C 02 16 01 16 17 16"                            File: Line:0 Function: Type:Debug:
DateTime:2026-08-27 11:10:16.298:"解码完成，功能码: 4"                            File: Line:0 Function: Type:Debug:
DateTime:2026-08-27 11:10:16.298:"工装接收到透传报文"                            File: Line:0 Function: Type:Debug:
DateTime:2026-08-27 11:10:16.298:"0249006849008000000000002B520100021290785634123100681290785634126891253444361E38333836344333494C38344333494C39344333494C3A344333494C3B344333494C02160116"                            File: Line:0 Function: Type:Debug:
DateTime:2026-08-27 11:10:16.298:"透传报文内容:68 49 00 80 00 00 00 00 00 2b 52 01 00 02 12 90 78 56 34 12 31 00 68 12 90 78 56 34 12 68 91 25 34 44 36 1e 38 33 38 36 34 43 33 49 4c 38 34 43 33 49 4c 39 34 43 33 49 4c 3a 34 43 33 49 4c 3b 34 43 33 49 4c 02 16 01 16"                            File: Line:0 Function: Type:Debug:
DateTime:2026-08-27 11:10:19.219:"uTimeSecond_ms:30000"                            File: Line:0 Function: Type:Debug:
DateTime:2026-08-27 11:10:19.219:"查找结果: iret=0, wStart=0, dwOutLen=73, dwStreamLen=73, dwFindPos=0"                            File: Line:0 Function: Type:Debug:
DateTime:2026-08-27 11:10:19.219:"Receive:<= 68 49 00 80 00 00 00 00 00 2B 52 01 00 02 12 90 78 56 34 12 31 00 68 12 90 78 56 34 12 68 91 25 34 44 36 1E 38 33 38 36 34 43 33 49 4C 38 34 43 33 49 4C 39 34 43 33 49 4C 3A 34 43 33 49 4C 3B 34 43 33 49 4C 02 16 01 16"                            File: Line:0 Function: Type:Debug:
DateTime:2026-08-27 11:10:19.219:"解析：功能码-AFN=52H,Fn=1："                            File: Line:0 Function: Type:Debug:
DateTime:2026-08-27 11:10:19.219:"透传回复内容：021290785634123100681290785634126891253444361E38333836344333494C38344333494C39344333494C3A344333494C3B344333494C0216"                            File: Line:0 Function: Type:Debug:
DateTime:2026-08-27 11:10:19.219:"DL/T645-2007协议 回复报文信息：控制码：91,数据标识：EB031101，数据域(需倒序解析)：050005030110001619050110001619060110001619070110001619080110001619"                            File: Line:0 Function: Type:Debug:
DateTime:2026-08-27 11:10:19.219:"结果："                            File: Line:0 Function: Type:Debug:
DateTime:2026-08-27 11:10:19.219:"档案总数量：5,本次响应数量:5"                            File: Line:0 Function: Type:Debug:
DateTime:2026-08-27 11:10:19.219:"第1只表地址：191600100103"                            File: Line:0 Function: Type:Debug:
DateTime:2026-08-27 11:10:19.219:"第2只表地址：191600100105"                            File: Line:0 Function: Type:Debug:
DateTime:2026-08-27 11:10:19.219:"第3只表地址：191600100106"                            File: Line:0 Function: Type:Debug:
DateTime:2026-08-27 11:10:19.219:"第4只表地址：191600100107"                            File: Line:0 Function: Type:Debug:
DateTime:2026-08-27 11:10:19.219:"第5只表地址：191600100108"                            File: Line:0 Function: Type:Debug:
DateTime:2026-08-27 11:10:19.219:"------汇总结果------"                            File: Line:0 Function: Type:Debug:
DateTime:2026-08-27 11:10:19.219:"地址191600100103上报成功"                            File: Line:0 Function: Type:Debug:
DateTime:2026-08-27 11:10:19.219:"地址191600100105上报成功"                            File: Line:0 Function: Type:Debug:
DateTime:2026-08-27 11:10:19.219:"地址191600100106上报成功"                            File: Line:0 Function: Type:Debug:
DateTime:2026-08-27 11:10:19.220:"地址191600100107上报成功"                            File: Line:0 Function: Type:Debug:
DateTime:2026-08-27 11:10:19.220:"地址191600100108上报成功"                            File: Line:0 Function: Type:Debug:
DateTime:2026-08-27 11:10:19.220:"档案总数量：5,本次响应数量:5"                            File: Line:0 Function: Type:Debug:
DateTime:2026-08-27 11:10:19.220:dll输出信息: ""                            File: Line:0 Function: Type:Debug:
DateTime:2026-08-27 11:10:19.220:接口函数调用成功，返回的结果为 0                            File: Line:0 Function: Type:Debug:
DateTime:2026-08-27 11:10:19.220:"外部传入的para：0，返回的result：0,返回的pValRet：0"                            File: Line:0 Function: Type:Debug:
DateTime:2026-08-27 11:10:19.220:"执行接口函数CCO_AFN52_F1_EB031101_read完成"                            File: Line:0 Function: Type:Debug:
DateTime:2026-08-27 11:10:19.223:coorIndex 0                            File: Line:0 Function: Type:Debug:
DateTime:2026-08-27 11:10:19.223:当前流程结束                            File: Line:0 Function: Type:Debug:
DateTime:2026-08-27 11:10:19.223:退出connect函数                            File: Line:0 Function: Type:Debug:
DateTime:2026-08-27 11:10:19.223:"=========【Step57-数据转发--EB031101查询从节点档案清单】结束=========="                            File: Line:0 Function: Type:Debug:
DateTime:2026-08-27 11:10:19.223:"-----------------------------"                            File: Line:0 Function: Type:Debug:
DateTime:2026-08-27 11:10:19.224:"=============执行【Step58-数据转发--EB032001查询主节点地址(CCO)】==================="                            File: Line:0 Function: Type:Debug:
DateTime:2026-08-27 11:10:19.225:"执行接口函数CCO_AFN52_F1_EB032001_read"                            File: Line:0 Function: Type:Debug:
DateTime:2026-08-27 11:10:19.225:callWorkFunction: CCO_AFN52_F1_EB032001_read                            File: Line:0 Function: Type:Debug:
DateTime:2026-08-27 11:10:19.225:找到对应函数，进入执行                            File: Line:0 Function: Type:Debug:
DateTime:2026-08-27 11:10:19.729:"等待工装回复超时"                            File: Line:0 Function: Type:Debug:
DateTime:2026-08-27 11:10:19.729:"开始组帧"                            File: Line:0 Function: Type:Debug:
DateTime:2026-08-27 11:10:19.729:"组帧结束"                            File: Line:0 Function: Type:Debug:
DateTime:2026-08-27 11:10:19.729:"367.2Send:数据转发(查询-主节点地址EB032001)：=>68 2B 00 43 00 00 00 00 00 2C 52 01 00 02 12 90 78 56 34 12 6B 8A E8 10 00 68 12 90 78 56 34 12 68 11 04 34 53 36 1E 76 16 69 16"                            File: Line:0 Function: Type:Debug:
DateTime:2026-08-27 11:10:19.729:"槽位2透传:68EE00EE006840000000000022600000010002013C00682B004300000000002C520100021290785634126B8AE81000681290785634126811043453361E761669167D16"                            File: Line:0 Function: Type:Debug:
DateTime:2026-08-27 11:10:19.729:"工装发送：68 EE 00 EE 00 68 40 00 00 00 00 00 22 60 00 00 01 00 02 01 3C 00 68 2B 00 43 00 00 00 00 00 2C 52 01 00 02 12 90 78 56 34 12 6B 8A E8 10 00 68 12 90 78 56 34 12 68 11 04 34 53 36 1E 76 16 69 16 7D 16"                            File: Line:0 Function: Type:Debug:
DateTime:2026-08-27 11:10:19.779:"工装接收：68 32 00 32 00 68 80 00 00 00 00 00 00 60 00 00 01 00 E1 16"                            File: Line:0 Function: Type:Debug:
DateTime:2026-08-27 11:10:19.779:"m_baRecvMsg:"                            File: Line:0 Function: Type:Debug:
DateTime:2026-08-27 11:10:19.779:"frameList.size():1"                            File: Line:0 Function: Type:Debug:
DateTime:2026-08-27 11:10:19.779:"进入报文解析"                            File: Line:0 Function: Type:Debug:
DateTime:2026-08-27 11:10:19.779:"68 32 00 32 00 68 80 00 00 00 00 00 00 60 00 00 01 00 E1 16"                            File: Line:0 Function: Type:Debug:
DateTime:2026-08-27 11:10:19.779:"解码完成，功能码: 1"                            File: Line:0 Function: Type:Debug:
DateTime:2026-08-27 11:10:19.779:"工装回复确认帧"                            File: Line:0 Function: Type:Debug:
DateTime:2026-08-27 11:10:19.838:"工装接收：68 F6 00 F6 00 68 80 00 00 00 00 00 22 60 00 00 01 00 02 2E 00 68 2E 00 80 00 00 00 00 00 2C 52 01 00 02 12 90 78 56 34 12 16 00 68 12 90 78 56 34 12 68 91 0A 34 53 36 1E 45 C3 AB 89 67 45 E4 16 AB 16 35 16"                            File: Line:0 Function: Type:Debug:
DateTime:2026-08-27 11:10:19.839:"m_baRecvMsg:"                            File: Line:0 Function: Type:Debug:
DateTime:2026-08-27 11:10:19.839:"frameList.size():1"                            File: Line:0 Function: Type:Debug:
DateTime:2026-08-27 11:10:19.839:"进入报文解析"                            File: Line:0 Function: Type:Debug:
DateTime:2026-08-27 11:10:19.839:"68 F6 00 F6 00 68 80 00 00 00 00 00 22 60 00 00 01 00 02 2E 00 68 2E 00 80 00 00 00 00 00 2C 52 01 00 02 12 90 78 56 34 12 16 00 68 12 90 78 56 34 12 68 91 0A 34 53 36 1E 45 C3 AB 89 67 45 E4 16 AB 16 35 16"                            File: Line:0 Function: Type:Debug:
DateTime:2026-08-27 11:10:19.839:"解码完成，功能码: 4"                            File: Line:0 Function: Type:Debug:
DateTime:2026-08-27 11:10:19.839:"工装接收到透传报文"                            File: Line:0 Function: Type:Debug:
DateTime:2026-08-27 11:10:19.839:"022E00682E008000000000002C5201000212907856341216006812907856341268910A3453361E45C3AB896745E416AB16"                            File: Line:0 Function: Type:Debug:
DateTime:2026-08-27 11:10:19.839:"透传报文内容:68 2e 00 80 00 00 00 00 00 2c 52 01 00 02 12 90 78 56 34 12 16 00 68 12 90 78 56 34 12 68 91 0a 34 53 36 1e 45 c3 ab 89 67 45 e4 16 ab 16"                            File: Line:0 Function: Type:Debug:
DateTime:2026-08-27 11:10:22.761:"uTimeSecond_ms:30000"                            File: Line:0 Function: Type:Debug:
DateTime:2026-08-27 11:10:22.761:"查找结果: iret=0, wStart=0, dwOutLen=46, dwStreamLen=46, dwFindPos=0"                            File: Line:0 Function: Type:Debug:
DateTime:2026-08-27 11:10:22.761:"Receive:<= 68 2E 00 80 00 00 00 00 00 2C 52 01 00 02 12 90 78 56 34 12 16 00 68 12 90 78 56 34 12 68 91 0A 34 53 36 1E 45 C3 AB 89 67 45 E4 16 AB 16"                            File: Line:0 Function: Type:Debug:
DateTime:2026-08-27 11:10:22.761:"解析：功能码-AFN=52H,Fn=1："                            File: Line:0 Function: Type:Debug:
DateTime:2026-08-27 11:10:22.761:"透传回复内容：0212907856341216006812907856341268910A3453361E45C3AB896745E416"                            File: Line:0 Function: Type:Debug:
DateTime:2026-08-27 11:10:22.761:"DL/T645-2007协议 回复报文信息：控制码：91,数据标识：EB032001，数据域(需倒序解析)：129078563412"                            File: Line:0 Function: Type:Debug:
DateTime:2026-08-27 11:10:22.761:"主节点地址:123456789012"                            File: Line:0 Function: Type:Debug:
DateTime:2026-08-27 11:10:22.761:dll输出信息: ""                            File: Line:0 Function: Type:Debug:
DateTime:2026-08-27 11:10:22.761:接口函数调用成功，返回的结果为 0                            File: Line:0 Function: Type:Debug:
DateTime:2026-08-27 11:10:22.761:"外部传入的para：0，返回的result：0,返回的pValRet：0"                            File: Line:0 Function: Type:Debug:
DateTime:2026-08-27 11:10:22.761:"执行接口函数CCO_AFN52_F1_EB032001_read完成"                            File: Line:0 Function: Type:Debug:
DateTime:2026-08-27 11:10:22.764:coorIndex 0                            File: Line:0 Function: Type:Debug:
DateTime:2026-08-27 11:10:22.764:当前流程结束                            File: Line:0 Function: Type:Debug:
DateTime:2026-08-27 11:10:22.764:退出connect函数                            File: Line:0 Function: Type:Debug:
DateTime:2026-08-27 11:10:22.764:"=========【Step58-数据转发--EB032001查询主节点地址(CCO)】结束=========="                            File: Line:0 Function: Type:Debug:
DateTime:2026-08-27 11:10:22.764:"-----------------------------"                            File: Line:0 Function: Type:Debug:
DateTime:2026-08-27 11:10:22.766:"=============执行【Step59-数据转发--EB032001设置主节点地址(CCO)】==================="                            File: Line:0 Function: Type:Debug:
DateTime:2026-08-27 11:10:22.766:"执行接口函数CCO_AFN52_F1_EB032001_set"                            File: Line:0 Function: Type:Debug:
DateTime:2026-08-27 11:10:22.766:callWorkFunction: CCO_AFN52_F1_EB032001_set                            File: Line:0 Function: Type:Debug:
DateTime:2026-08-27 11:10:22.766:找到对应函数，进入执行                            File: Line:0 Function: Type:Debug:
DateTime:2026-08-27 11:10:22.766:2222--- "681290785634126814123453361E3B33333344444444343333333343AE16"                            File: Line:0 Function: Type:Debug:
DateTime:2026-08-27 11:10:23.269:"等待工装回复超时"                            File: Line:0 Function: Type:Debug:
DateTime:2026-08-27 11:10:23.269:"开始组帧"                            File: Line:0 Function: Type:Debug:
DateTime:2026-08-27 11:10:23.269:"组帧结束"                            File: Line:0 Function: Type:Debug:
DateTime:2026-08-27 11:10:23.269:"367.2Send:数据转发(设置-主节点地址EB032001)：=>68 39 00 43 00 00 00 00 00 2D 52 01 00 02 12 90 78 56 34 12 6B 8A E8 1E 00 68 12 90 78 56 34 12 68 14 12 34 53 36 1E 3B 33 33 33 44 44 44 44 34 33 33 33 33 43 AE 16 E8 16"                            File: Line:0 Function: Type:Debug:
DateTime:2026-08-27 11:10:23.269:"槽位2透传:68260126016840000000000022600000010002013C006839004300000000002D520100021290785634126B8AE81E00681290785634126814123453361E3B33333344444444343333333343AE16E8168916"                            File: Line:0 Function: Type:Debug:
DateTime:2026-08-27 11:10:23.269:"工装发送：68 26 01 26 01 68 40 00 00 00 00 00 22 60 00 00 01 00 02 01 3C 00 68 39 00 43 00 00 00 00 00 2D 52 01 00 02 12 90 78 56 34 12 6B 8A E8 1E 00 68 12 90 78 56 34 12 68 14 12 34 53 36 1E 3B 33 33 33 44 44 44 44 34 33 33 33 33 43 AE 16 E8 16 89 16"                            File: Line:0 Function: Type:Debug:
DateTime:2026-08-27 11:10:23.335:"工装接收：68 32 00 32 00 68 80 00 00 00 00 00 00 60 00 00 01 00 E1 16"                            File: Line:0 Function: Type:Debug:
DateTime:2026-08-27 11:10:23.336:"m_baRecvMsg:"                            File: Line:0 Function: Type:Debug:
DateTime:2026-08-27 11:10:23.336:"frameList.size():1"                            File: Line:0 Function: Type:Debug:
DateTime:2026-08-27 11:10:23.336:"进入报文解析"                            File: Line:0 Function: Type:Debug:
DateTime:2026-08-27 11:10:23.336:"68 32 00 32 00 68 80 00 00 00 00 00 00 60 00 00 01 00 E1 16"                            File: Line:0 Function: Type:Debug:
DateTime:2026-08-27 11:10:23.336:"解码完成，功能码: 1"                            File: Line:0 Function: Type:Debug:
DateTime:2026-08-27 11:10:23.336:"工装回复确认帧"                            File: Line:0 Function: Type:Debug:
DateTime:2026-08-27 11:10:23.741:"工装接收：68 CE 00 CE 00 68 80 00 00 00 00 00 22 60 00 00 01 00 02 24 00 68 24 00 80 00 00 00 00 00 2D 52 01 00 02 12 90 78 56 34 12 0C 00 68 01 00 00 00 00 10 68 94 00 75 16 C4 16 53 16"                            File: Line:0 Function: Type:Debug:
DateTime:2026-08-27 11:10:23.741:"m_baRecvMsg:"                            File: Line:0 Function: Type:Debug:
DateTime:2026-08-27 11:10:23.741:"frameList.size():1"                            File: Line:0 Function: Type:Debug:
DateTime:2026-08-27 11:10:23.741:"进入报文解析"                            File: Line:0 Function: Type:Debug:
DateTime:2026-08-27 11:10:23.742:"68 CE 00 CE 00 68 80 00 00 00 00 00 22 60 00 00 01 00 02 24 00 68 24 00 80 00 00 00 00 00 2D 52 01 00 02 12 90 78 56 34 12 0C 00 68 01 00 00 00 00 10 68 94 00 75 16 C4 16 53 16"                            File: Line:0 Function: Type:Debug:
DateTime:2026-08-27 11:10:23.742:"解码完成，功能码: 4"                            File: Line:0 Function: Type:Debug:
DateTime:2026-08-27 11:10:23.742:"工装接收到透传报文"                            File: Line:0 Function: Type:Debug:
DateTime:2026-08-27 11:10:23.742:"0224006824008000000000002D520100021290785634120C00680100000000106894007516C416"                            File: Line:0 Function: Type:Debug:
DateTime:2026-08-27 11:10:23.742:"透传报文内容:68 24 00 80 00 00 00 00 00 2d 52 01 00 02 12 90 78 56 34 12 0c 00 68 01 00 00 00 00 10 68 94 00 75 16 c4 16"                            File: Line:0 Function: Type:Debug:
DateTime:2026-08-27 11:10:26.361:"uTimeSecond_ms:30000"                            File: Line:0 Function: Type:Debug:
DateTime:2026-08-27 11:10:26.361:"查找结果: iret=0, wStart=0, dwOutLen=36, dwStreamLen=36, dwFindPos=0"                            File: Line:0 Function: Type:Debug:
DateTime:2026-08-27 11:10:26.361:"Receive:<= 68 24 00 80 00 00 00 00 00 2D 52 01 00 02 12 90 78 56 34 12 0C 00 68 01 00 00 00 00 10 68 94 00 75 16 C4 16"                            File: Line:0 Function: Type:Debug:
DateTime:2026-08-27 11:10:26.361:"解析：功能码-AFN=52H,Fn=1："                            File: Line:0 Function: Type:Debug:
DateTime:2026-08-27 11:10:26.361:"透传回复内容：021290785634120C00680100000000106894007516"                            File: Line:0 Function: Type:Debug:
DateTime:2026-08-27 11:10:26.361:"设置成功"                            File: Line:0 Function: Type:Debug:
DateTime:2026-08-27 11:10:26.361:dll输出信息: ""                            File: Line:0 Function: Type:Debug:
DateTime:2026-08-27 11:10:26.361:接口函数调用成功，返回的结果为 0                            File: Line:0 Function: Type:Debug:
DateTime:2026-08-27 11:10:26.361:"外部传入的para：0，返回的result：0,返回的pValRet：0"                            File: Line:0 Function: Type:Debug:
DateTime:2026-08-27 11:10:26.361:"执行接口函数CCO_AFN52_F1_EB032001_set完成"                            File: Line:0 Function: Type:Debug:
DateTime:2026-08-27 11:10:26.364:coorIndex 0                            File: Line:0 Function: Type:Debug:
DateTime:2026-08-27 11:10:26.364:当前流程结束                            File: Line:0 Function: Type:Debug:
DateTime:2026-08-27 11:10:26.364:退出connect函数                            File: Line:0 Function: Type:Debug:
DateTime:2026-08-27 11:10:26.364:"=========【Step59-数据转发--EB032001设置主节点地址(CCO)】结束=========="                            File: Line:0 Function: Type:Debug:
DateTime:2026-08-27 11:10:26.364:"-----------------------------"                            File: Line:0 Function: Type:Debug:
DateTime:2026-08-27 11:10:26.366:"=============执行【Step60-数据转发--EB032001查询主节点地址(CCO)】==================="                            File: Line:0 Function: Type:Debug:
DateTime:2026-08-27 11:10:26.366:"执行接口函数CCO_AFN52_F1_EB032001_read"                            File: Line:0 Function: Type:Debug:
DateTime:2026-08-27 11:10:26.366:callWorkFunction: CCO_AFN52_F1_EB032001_read                            File: Line:0 Function: Type:Debug:
DateTime:2026-08-27 11:10:26.366:找到对应函数，进入执行                            File: Line:0 Function: Type:Debug:
DateTime:2026-08-27 11:10:26.739:"工装接收：68 7A 00 7A 00 68 80 00 00 00 00 00 22 60 00 00 01 00 02 0F 00 68 0F 00 C3 00 00 00 00 00 13 14 02 00 EC 16 79 16"                            File: Line:0 Function: Type:Debug:
DateTime:2026-08-27 11:10:26.739:"m_baRecvMsg:"                            File: Line:0 Function: Type:Debug:
DateTime:2026-08-27 11:10:26.739:"rameList.size():"                            File: Line:0 Function: Type:Debug:
DateTime:2026-08-27 11:10:26.739:"进入报文解析"                            File: Line:0 Function: Type:Debug:
DateTime:2026-08-27 11:10:26.739:"68 7A 00 7A 00 68 80 00 00 00 00 00 22 60 00 00 01 00 02 0F 00 68 0F 00 C3 00 00 00 00 00 13 14 02 00 EC 16 79 16"                            File: Line:0 Function: Type:Debug:
DateTime:2026-08-27 11:10:26.739:"解码完成，功能码: 4"                            File: Line:0 Function: Type:Debug:
DateTime:2026-08-27 11:10:26.739:"工装回复透传报文"                            File: Line:0 Function: Type:Debug:
DateTime:2026-08-27 11:10:26.739:"020F00680F00C3000000000013140200EC16"                            File: Line:0 Function: Type:Debug:
DateTime:2026-08-27 11:10:26.739:"内容:68 0f 00 c3 00 00 00 00 00 13 14 02 00 ec 16"                            File: Line:0 Function: Type:Debug:
DateTime:2026-08-27 11:10:26.940:"等待工装回复超时"                            File: Line:0 Function: Type:Debug:
DateTime:2026-08-27 11:10:26.940:"开始组帧"                            File: Line:0 Function: Type:Debug:
DateTime:2026-08-27 11:10:26.940:"组帧结束"                            File: Line:0 Function: Type:Debug:
DateTime:2026-08-27 11:10:26.940:"367.2Send:数据转发(查询-主节点地址EB032001)：=>68 2B 00 43 00 00 00 00 00 2E 52 01 00 02 01 00 00 00 00 10 6B 8A E8 10 00 68 01 00 00 00 00 10 68 11 04 34 53 36 1E D1 16 7C 16"                            File: Line:0 Function: Type:Debug:
DateTime:2026-08-27 11:10:26.940:"槽位2透传:68EE00EE006840000000000022600000010002013C00682B004300000000002E520100020100000000106B8AE81000680100000000106811043453361ED1167C16A316"                            File: Line:0 Function: Type:Debug:
DateTime:2026-08-27 11:10:26.940:"工装发送：68 EE 00 EE 00 68 40 00 00 00 00 00 22 60 00 00 01 00 02 01 3C 00 68 2B 00 43 00 00 00 00 00 2E 52 01 00 02 01 00 00 00 00 10 6B 8A E8 10 00 68 01 00 00 00 00 10 68 11 04 34 53 36 1E D1 16 7C 16 A3 16"                            File: Line:0 Function: Type:Debug:
DateTime:2026-08-27 11:10:26.990:"工装接收：68 32 00 32 00 68 80 00 00 00 00 00 00 60 00 00 01 00 E1 16"                            File: Line:0 Function: Type:Debug:
DateTime:2026-08-27 11:10:26.990:"m_baRecvMsg:"                            File: Line:0 Function: Type:Debug:
DateTime:2026-08-27 11:10:26.990:"frameList.size():1"                            File: Line:0 Function: Type:Debug:
DateTime:2026-08-27 11:10:26.990:"进入报文解析"                            File: Line:0 Function: Type:Debug:
DateTime:2026-08-27 11:10:26.990:"68 32 00 32 00 68 80 00 00 00 00 00 00 60 00 00 01 00 E1 16"                            File: Line:0 Function: Type:Debug:
DateTime:2026-08-27 11:10:26.990:"解码完成，功能码: 1"                            File: Line:0 Function: Type:Debug:
DateTime:2026-08-27 11:10:26.990:"工装回复确认帧"                            File: Line:0 Function: Type:Debug:
DateTime:2026-08-27 11:10:27.050:"工装接收：68 F6 00 F6 00 68 80 00 00 00 00 00 22 60 00 00 01 00 02 2E 00 68 2E 00 80 00 00 00 00 00 2E 52 01 00 02 01 00 00 00 00 10 16 00 68 01 00 00 00 00 10 68 91 0A 34 53 36 1E 34 33 33 33 33 43 9A 16 74 16 C7 16"                            File: Line:0 Function: Type:Debug:
DateTime:2026-08-27 11:10:27.050:"m_baRecvMsg:"                            File: Line:0 Function: Type:Debug:
DateTime:2026-08-27 11:10:27.051:"frameList.size():1"                            File: Line:0 Function: Type:Debug:
DateTime:2026-08-27 11:10:27.051:"进入报文解析"                            File: Line:0 Function: Type:Debug:
DateTime:2026-08-27 11:10:27.051:"68 F6 00 F6 00 68 80 00 00 00 00 00 22 60 00 00 01 00 02 2E 00 68 2E 00 80 00 00 00 00 00 2E 52 01 00 02 01 00 00 00 00 10 16 00 68 01 00 00 00 00 10 68 91 0A 34 53 36 1E 34 33 33 33 33 43 9A 16 74 16 C7 16"                            File: Line:0 Function: Type:Debug:
DateTime:2026-08-27 11:10:27.051:"解码完成，功能码: 4"                            File: Line:0 Function: Type:Debug:
DateTime:2026-08-27 11:10:27.051:"工装接收到透传报文"                            File: Line:0 Function: Type:Debug:
DateTime:2026-08-27 11:10:27.051:"022E00682E008000000000002E5201000201000000001016006801000000001068910A3453361E3433333333439A167416"                            File: Line:0 Function: Type:Debug:
DateTime:2026-08-27 11:10:27.051:"透传报文内容:68 2e 00 80 00 00 00 00 00 2e 52 01 00 02 01 00 00 00 00 10 16 00 68 01 00 00 00 00 10 68 91 0a 34 53 36 1e 34 33 33 33 33 43 9a 16 74 16"                            File: Line:0 Function: Type:Debug:
DateTime:2026-08-27 11:10:29.972:"uTimeSecond_ms:30000"                            File: Line:0 Function: Type:Debug:
DateTime:2026-08-27 11:10:29.972:"查找结果: iret=0, wStart=0, dwOutLen=46, dwStreamLen=46, dwFindPos=0"                            File: Line:0 Function: Type:Debug:
DateTime:2026-08-27 11:10:29.972:"Receive:<= 68 2E 00 80 00 00 00 00 00 2E 52 01 00 02 01 00 00 00 00 10 16 00 68 01 00 00 00 00 10 68 91 0A 34 53 36 1E 34 33 33 33 33 43 9A 16 74 16"                            File: Line:0 Function: Type:Debug:
DateTime:2026-08-27 11:10:29.972:"解析：功能码-AFN=52H,Fn=1："                            File: Line:0 Function: Type:Debug:
DateTime:2026-08-27 11:10:29.972:"透传回复内容：0201000000001016006801000000001068910A3453361E3433333333439A16"                            File: Line:0 Function: Type:Debug:
DateTime:2026-08-27 11:10:29.972:"DL/T645-2007协议 回复报文信息：控制码：91,数据标识：EB032001，数据域(需倒序解析)：010000000010"                            File: Line:0 Function: Type:Debug:
DateTime:2026-08-27 11:10:29.972:"主节点地址:100000000001"                            File: Line:0 Function: Type:Debug:
DateTime:2026-08-27 11:10:29.972:dll输出信息: ""                            File: Line:0 Function: Type:Debug:
DateTime:2026-08-27 11:10:29.972:接口函数调用成功，返回的结果为 0                            File: Line:0 Function: Type:Debug:
DateTime:2026-08-27 11:10:29.972:"外部传入的para：0，返回的result：0,返回的pValRet：0"                            File: Line:0 Function: Type:Debug:
DateTime:2026-08-27 11:10:29.972:"执行接口函数CCO_AFN52_F1_EB032001_read完成"                            File: Line:0 Function: Type:Debug:
DateTime:2026-08-27 11:10:29.975:coorIndex 0                            File: Line:0 Function: Type:Debug:
DateTime:2026-08-27 11:10:29.975:当前流程结束                            File: Line:0 Function: Type:Debug:
DateTime:2026-08-27 11:10:29.975:退出connect函数                            File: Line:0 Function: Type:Debug:
DateTime:2026-08-27 11:10:29.975:"=========【Step60-数据转发--EB032001查询主节点地址(CCO)】结束=========="                            File: Line:0 Function: Type:Debug:
DateTime:2026-08-27 11:10:29.975:"-----------------------------"                            File: Line:0 Function: Type:Debug:
DateTime:2026-08-27 11:10:29.977:"=============执行【Step61-数据转发--EB032001设置主节点地址(CCO)】==================="                            File: Line:0 Function: Type:Debug:
DateTime:2026-08-27 11:10:29.977:"执行接口函数CCO_AFN52_F1_EB032001_set"                            File: Line:0 Function: Type:Debug:
DateTime:2026-08-27 11:10:29.977:callWorkFunction: CCO_AFN52_F1_EB032001_set                            File: Line:0 Function: Type:Debug:
DateTime:2026-08-27 11:10:29.977:找到对应函数，进入执行                            File: Line:0 Function: Type:Debug:
DateTime:2026-08-27 11:10:29.977:2222--- "680100000000106814123453361E3B3333334444444445C3AB896745AE16"                            File: Line:0 Function: Type:Debug:
DateTime:2026-08-27 11:10:30.481:"等待工装回复超时"                            File: Line:0 Function: Type:Debug:
DateTime:2026-08-27 11:10:30.481:"开始组帧"                            File: Line:0 Function: Type:Debug:
DateTime:2026-08-27 11:10:30.481:"组帧结束"                            File: Line:0 Function: Type:Debug:
DateTime:2026-08-27 11:10:30.481:"367.2Send:数据转发(设置-主节点地址EB032001)：=>68 39 00 43 00 00 00 00 00 2F 52 01 00 02 01 00 00 00 00 10 6B 8A E8 1E 00 68 01 00 00 00 00 10 68 14 12 34 53 36 1E 3B 33 33 33 44 44 44 44 45 C3 AB 89 67 45 AE 16 45 16"                            File: Line:0 Function: Type:Debug:
DateTime:2026-08-27 11:10:30.481:"槽位2透传:68260126016840000000000022600000010002013C006839004300000000002F520100020100000000106B8AE81E00680100000000106814123453361E3B3333334444444445C3AB896745AE1645164316"                            File: Line:0 Function: Type:Debug:
DateTime:2026-08-27 11:10:30.481:"工装发送：68 26 01 26 01 68 40 00 00 00 00 00 22 60 00 00 01 00 02 01 3C 00 68 39 00 43 00 00 00 00 00 2F 52 01 00 02 01 00 00 00 00 10 6B 8A E8 1E 00 68 01 00 00 00 00 10 68 14 12 34 53 36 1E 3B 33 33 33 44 44 44 44 45 C3 AB 89 67 45 AE 16 45 16 43 16"                            File: Line:0 Function: Type:Debug:
DateTime:2026-08-27 11:10:30.547:"工装接收：68 32 00 32 00 68 80 00 00 00 00 00 00 60 00 00 01 00 E1 16"                            File: Line:0 Function: Type:Debug:
DateTime:2026-08-27 11:10:30.548:"m_baRecvMsg:"                            File: Line:0 Function: Type:Debug:
DateTime:2026-08-27 11:10:30.548:"frameList.size():1"                            File: Line:0 Function: Type:Debug:
DateTime:2026-08-27 11:10:30.548:"进入报文解析"                            File: Line:0 Function: Type:Debug:
DateTime:2026-08-27 11:10:30.548:"68 32 00 32 00 68 80 00 00 00 00 00 00 60 00 00 01 00 E1 16"                            File: Line:0 Function: Type:Debug:
DateTime:2026-08-27 11:10:30.548:"解码完成，功能码: 1"                            File: Line:0 Function: Type:Debug:
DateTime:2026-08-27 11:10:30.548:"工装回复确认帧"                            File: Line:0 Function: Type:Debug:
DateTime:2026-08-27 11:10:30.952:"工装接收：68 CE 00 CE 00 68 80 00 00 00 00 00 22 60 00 00 01 00 02 24 00 68 24 00 80 00 00 00 00 00 2F 52 01 00 02 01 00 00 00 00 10 0C 00 68 12 90 78 56 34 12 68 94 00 1A 16 6B 16 A1 16"                            File: Line:0 Function: Type:Debug:
DateTime:2026-08-27 11:10:30.953:"m_baRecvMsg:"                            File: Line:0 Function: Type:Debug:
DateTime:2026-08-27 11:10:30.953:"frameList.size():1"                            File: Line:0 Function: Type:Debug:
DateTime:2026-08-27 11:10:30.953:"进入报文解析"                            File: Line:0 Function: Type:Debug:
DateTime:2026-08-27 11:10:30.953:"68 CE 00 CE 00 68 80 00 00 00 00 00 22 60 00 00 01 00 02 24 00 68 24 00 80 00 00 00 00 00 2F 52 01 00 02 01 00 00 00 00 10 0C 00 68 12 90 78 56 34 12 68 94 00 1A 16 6B 16 A1 16"                            File: Line:0 Function: Type:Debug:
DateTime:2026-08-27 11:10:30.953:"解码完成，功能码: 4"                            File: Line:0 Function: Type:Debug:
DateTime:2026-08-27 11:10:30.953:"工装接收到透传报文"                            File: Line:0 Function: Type:Debug:
DateTime:2026-08-27 11:10:30.953:"0224006824008000000000002F520100020100000000100C00681290785634126894001A166B16"                            File: Line:0 Function: Type:Debug:
DateTime:2026-08-27 11:10:30.953:"透传报文内容:68 24 00 80 00 00 00 00 00 2f 52 01 00 02 01 00 00 00 00 10 0c 00 68 12 90 78 56 34 12 68 94 00 1a 16 6b 16"                            File: Line:0 Function: Type:Debug:
DateTime:2026-08-27 11:10:33.572:"uTimeSecond_ms:30000"                            File: Line:0 Function: Type:Debug:
DateTime:2026-08-27 11:10:33.572:"查找结果: iret=0, wStart=0, dwOutLen=36, dwStreamLen=36, dwFindPos=0"                            File: Line:0 Function: Type:Debug:
DateTime:2026-08-27 11:10:33.572:"Receive:<= 68 24 00 80 00 00 00 00 00 2F 52 01 00 02 01 00 00 00 00 10 0C 00 68 12 90 78 56 34 12 68 94 00 1A 16 6B 16"                            File: Line:0 Function: Type:Debug:
DateTime:2026-08-27 11:10:33.572:"解析：功能码-AFN=52H,Fn=1："                            File: Line:0 Function: Type:Debug:
DateTime:2026-08-27 11:10:33.572:"透传回复内容：020100000000100C00681290785634126894001A16"                            File: Line:0 Function: Type:Debug:
DateTime:2026-08-27 11:10:33.572:"设置成功"                            File: Line:0 Function: Type:Debug:
DateTime:2026-08-27 11:10:33.572:dll输出信息: ""                            File: Line:0 Function: Type:Debug:
DateTime:2026-08-27 11:10:33.572:接口函数调用成功，返回的结果为 0                            File: Line:0 Function: Type:Debug:
DateTime:2026-08-27 11:10:33.572:"外部传入的para：0，返回的result：0,返回的pValRet：0"                            File: Line:0 Function: Type:Debug:
DateTime:2026-08-27 11:10:33.572:"执行接口函数CCO_AFN52_F1_EB032001_set完成"                            File: Line:0 Function: Type:Debug:
DateTime:2026-08-27 11:10:33.575:coorIndex 0                            File: Line:0 Function: Type:Debug:
DateTime:2026-08-27 11:10:33.575:当前流程结束                            File: Line:0 Function: Type:Debug:
DateTime:2026-08-27 11:10:33.575:退出connect函数                            File: Line:0 Function: Type:Debug:
DateTime:2026-08-27 11:10:33.575:"=========【Step61-数据转发--EB032001设置主节点地址(CCO)】结束=========="                            File: Line:0 Function: Type:Debug:
DateTime:2026-08-27 11:10:33.575:"-----------------------------"                            File: Line:0 Function: Type:Debug:
DateTime:2026-08-27 11:10:33.577:"=============执行【Step62-数据转发--EB0321XX查询上次精准停电记录】==================="                            File: Line:0 Function: Type:Debug:
DateTime:2026-08-27 11:10:33.578:"执行接口函数CCO_AFN52_F1_EB0321XX"                            File: Line:0 Function: Type:Debug:
DateTime:2026-08-27 11:10:33.578:callWorkFunction: CCO_AFN52_F1_EB0321XX                            File: Line:0 Function: Type:Debug:
DateTime:2026-08-27 11:10:33.578:找到对应函数，进入执行                            File: Line:0 Function: Type:Debug:
DateTime:2026-08-27 11:10:34.081:"等待工装回复超时"                            File: Line:0 Function: Type:Debug:
DateTime:2026-08-27 11:10:34.081:"开始组帧"                            File: Line:0 Function: Type:Debug:
DateTime:2026-08-27 11:10:34.081:"组帧结束"                            File: Line:0 Function: Type:Debug:
DateTime:2026-08-27 11:10:34.081:"367.2Send:数据转发(查询-上1次停上电记录（N=1~10）)：=>68 2B 00 43 00 00 00 00 00 30 52 01 00 02 12 90 78 56 34 12 6B 8A E8 10 00 68 12 90 78 56 34 12 68 11 04 34 54 36 1E 77 16 6F 16"                            File: Line:0 Function: Type:Debug:
DateTime:2026-08-27 11:10:34.081:"槽位2透传:68EE00EE006840000000000022600000010002013C00682B0043000000000030520100021290785634126B8AE81000681290785634126811043454361E77166F168916"                            File: Line:0 Function: Type:Debug:
DateTime:2026-08-27 11:10:34.081:"工装发送：68 EE 00 EE 00 68 40 00 00 00 00 00 22 60 00 00 01 00 02 01 3C 00 68 2B 00 43 00 00 00 00 00 30 52 01 00 02 12 90 78 56 34 12 6B 8A E8 10 00 68 12 90 78 56 34 12 68 11 04 34 54 36 1E 77 16 6F 16 89 16"                            File: Line:0 Function: Type:Debug:
DateTime:2026-08-27 11:10:34.131:"工装接收：68 32 00 32 00 68 80 00 00 00 00 00 00 60 00 00 01 00 E1 16"                            File: Line:0 Function: Type:Debug:
DateTime:2026-08-27 11:10:34.131:"m_baRecvMsg:"                            File: Line:0 Function: Type:Debug:
DateTime:2026-08-27 11:10:34.131:"frameList.size():1"                            File: Line:0 Function: Type:Debug:
DateTime:2026-08-27 11:10:34.131:"进入报文解析"                            File: Line:0 Function: Type:Debug:
DateTime:2026-08-27 11:10:34.131:"68 32 00 32 00 68 80 00 00 00 00 00 00 60 00 00 01 00 E1 16"                            File: Line:0 Function: Type:Debug:
DateTime:2026-08-27 11:10:34.131:"解码完成，功能码: 1"                            File: Line:0 Function: Type:Debug:
DateTime:2026-08-27 11:10:34.131:"工装回复确认帧"                            File: Line:0 Function: Type:Debug:
DateTime:2026-08-27 11:10:34.195:"工装接收：68 FE 00 FE 00 68 80 00 00 00 00 00 22 60 00 00 01 00 02 30 00 68 30 00 80 00 00 00 00 00 30 52 01 00 02 12 90 78 56 34 12 18 00 68 12 90 78 56 34 12 68 91 0C 34 54 36 1E 5C 43 44 5A 3B 59 39 33 3C 16 61 16 A5 16"                            File: Line:0 Function: Type:Debug:
DateTime:2026-08-27 11:10:34.195:"m_baRecvMsg:"                            File: Line:0 Function: Type:Debug:
DateTime:2026-08-27 11:10:34.195:"frameList.size():1"                            File: Line:0 Function: Type:Debug:
DateTime:2026-08-27 11:10:34.195:"进入报文解析"                            File: Line:0 Function: Type:Debug:
DateTime:2026-08-27 11:10:34.195:"68 FE 00 FE 00 68 80 00 00 00 00 00 22 60 00 00 01 00 02 30 00 68 30 00 80 00 00 00 00 00 30 52 01 00 02 12 90 78 56 34 12 18 00 68 12 90 78 56 34 12 68 91 0C 34 54 36 1E 5C 43 44 5A 3B 59 39 33 3C 16 61 16 A5 16"                            File: Line:0 Function: Type:Debug:
DateTime:2026-08-27 11:10:34.195:"解码完成，功能码: 4"                            File: Line:0 Function: Type:Debug:
DateTime:2026-08-27 11:10:34.195:"工装接收到透传报文"                            File: Line:0 Function: Type:Debug:
DateTime:2026-08-27 11:10:34.195:"023000683000800000000000305201000212907856341218006812907856341268910C3454361E5C43445A3B5939333C166116"                            File: Line:0 Function: Type:Debug:
DateTime:2026-08-27 11:10:34.195:"透传报文内容:68 30 00 80 00 00 00 00 00 30 52 01 00 02 12 90 78 56 34 12 18 00 68 12 90 78 56 34 12 68 91 0c 34 54 36 1e 5c 43 44 5a 3b 59 39 33 3c 16 61 16"                            File: Line:0 Function: Type:Debug:
DateTime:2026-08-27 11:10:34.318:"工装接收：68 FA 00 FA 00 68 80 00 00 00 00 00 22 60 00 00 01 00 02 2F 00 68 2F 00 C0 00 00 00 00 00 14 56 02 00 01 12 90 78 56 34 12 18 68 12 90 78 56 34 12 68 81 0C 39 38 37 1E 35 34 37 34 43 33 49 4C B8 16 81 16 E3 16"                            File: Line:0 Function: Type:Debug:
DateTime:2026-08-27 11:10:34.318:"m_baRecvMsg:"                            File: Line:0 Function: Type:Debug:
DateTime:2026-08-27 11:10:34.318:"frameList.size():1"                            File: Line:0 Function: Type:Debug:
DateTime:2026-08-27 11:10:34.318:"进入报文解析"                            File: Line:0 Function: Type:Debug:
DateTime:2026-08-27 11:10:34.318:"68 FA 00 FA 00 68 80 00 00 00 00 00 22 60 00 00 01 00 02 2F 00 68 2F 00 C0 00 00 00 00 00 14 56 02 00 01 12 90 78 56 34 12 18 68 12 90 78 56 34 12 68 81 0C 39 38 37 1E 35 34 37 34 43 33 49 4C B8 16 81 16 E3 16"                            File: Line:0 Function: Type:Debug:
DateTime:2026-08-27 11:10:34.318:"解码完成，功能码: 4"                            File: Line:0 Function: Type:Debug:
DateTime:2026-08-27 11:10:34.318:"工装接收到透传报文"                            File: Line:0 Function: Type:Debug:
DateTime:2026-08-27 11:10:34.318:"022F00682F00C000000000001456020001129078563412186812907856341268810C3938371E353437344333494CB8168116"                            File: Line:0 Function: Type:Debug:
DateTime:2026-08-27 11:10:34.318:"透传报文内容:68 2f 00 c0 00 00 00 00 00 14 56 02 00 01 12 90 78 56 34 12 18 68 12 90 78 56 34 12 68 81 0c 39 38 37 1e 35 34 37 34 43 33 49 4c b8 16 81 16"                            File: Line:0 Function: Type:Debug:
DateTime:2026-08-27 11:10:37.138:"uTimeSecond_ms:30000"                            File: Line:0 Function: Type:Debug:
DateTime:2026-08-27 11:10:37.138:"查找结果: iret=0, wStart=0, dwOutLen=48, dwStreamLen=95, dwFindPos=0"                            File: Line:0 Function: Type:Debug:
DateTime:2026-08-27 11:10:37.138:"Receive:<= 68 30 00 80 00 00 00 00 00 30 52 01 00 02 12 90 78 56 34 12 18 00 68 12 90 78 56 34 12 68 91 0C 34 54 36 1E 5C 43 44 5A 3B 59 39 33 3C 16 61 16"                            File: Line:0 Function: Type:Debug:
DateTime:2026-08-27 11:10:37.138:"解析：功能码-AFN=52H,Fn=1："                            File: Line:0 Function: Type:Debug:
DateTime:2026-08-27 11:10:37.138:"查找结果: iret=0, wStart=0, dwOutLen=47, dwStreamLen=47, dwFindPos=48"                            File: Line:0 Function: Type:Debug:
DateTime:2026-08-27 11:10:37.138:"Receive:<= 68 2F 00 C0 00 00 00 00 00 14 56 02 00 01 12 90 78 56 34 12 18 68 12 90 78 56 34 12 68 81 0C 39 38 37 1E 35 34 37 34 43 33 49 4C B8 16 81 16"                            File: Line:0 Function: Type:Debug:
DateTime:2026-08-27 11:10:37.138:"解析：功能码-AFN=56H,Fn=2："                            File: Line:0 Function: Type:Debug:
DateTime:2026-08-27 11:10:37.138:"AFN或者Fn与预判不一致"                            File: Line:0 Function: Type:Debug:
DateTime:2026-08-27 11:10:37.138:"Send(确认)：=> 68 0F 00 43 00 00 00 00 00 14 50 01 00 A8 16"                            File: Line:0 Function: Type:Debug:
DateTime:2026-08-27 11:10:37.138:"槽位2透传:687E007E006840000000000022600000010002013C00680F0043000000000014500100A816DF16"                            File: Line:0 Function: Type:Debug:
DateTime:2026-08-27 11:10:37.138:"工装发送：68 7E 00 7E 00 68 40 00 00 00 00 00 22 60 00 00 01 00 02 01 3C 00 68 0F 00 43 00 00 00 00 00 14 50 01 00 A8 16 DF 16"                            File: Line:0 Function: Type:Debug:
DateTime:2026-08-27 11:10:37.138:"透传回复内容：0212907856341218006812907856341268910C3454361E5C43445A3B5939333C16"                            File: Line:0 Function: Type:Debug:
DateTime:2026-08-27 11:10:37.139:"DL/T645-2007协议 回复报文信息：控制码：91,数据标识：EB032101，数据域(需倒序解析)：2910112708260600"                            File: Line:0 Function: Type:Debug:
DateTime:2026-08-27 11:10:37.139:"停电时刻：260827111029，缺失过零点数量：0006"                            File: Line:0 Function: Type:Debug:
DateTime:2026-08-27 11:10:37.139:dll输出信息: ""                            File: Line:0 Function: Type:Debug:
DateTime:2026-08-27 11:10:37.139:接口函数调用成功，返回的结果为 0                            File: Line:0 Function: Type:Debug:
DateTime:2026-08-27 11:10:37.139:"外部传入的para：0，返回的result：0,返回的pValRet：0"                            File: Line:0 Function: Type:Debug:
DateTime:2026-08-27 11:10:37.139:"执行接口函数CCO_AFN52_F1_EB0321XX完成"                            File: Line:0 Function: Type:Debug:
DateTime:2026-08-27 11:10:37.142:coorIndex 0                            File: Line:0 Function: Type:Debug:
DateTime:2026-08-27 11:10:37.142:当前流程结束                            File: Line:0 Function: Type:Debug:
DateTime:2026-08-27 11:10:37.142:退出connect函数                            File: Line:0 Function: Type:Debug:
DateTime:2026-08-27 11:10:37.142:"=========【Step62-数据转发--EB0321XX查询上次精准停电记录】结束=========="                            File: Line:0 Function: Type:Debug:
DateTime:2026-08-27 11:10:37.142:"-----------------------------"                            File: Line:0 Function: Type:Debug:
DateTime:2026-08-27 11:10:37.144:"=============执行【Step63-数据转发--EB040201查询模块复位总次数(CCO)】==================="                            File: Line:0 Function: Type:Debug:
DateTime:2026-08-27 11:10:37.144:"执行接口函数CCO_AFN52_F1_EB040201"                            File: Line:0 Function: Type:Debug:
DateTime:2026-08-27 11:10:37.144:callWorkFunction: CCO_AFN52_F1_EB040201                            File: Line:0 Function: Type:Debug:
DateTime:2026-08-27 11:10:37.144:找到对应函数，进入执行                            File: Line:0 Function: Type:Debug:
DateTime:2026-08-27 11:10:37.156:"工装接收：68 32 00 32 00 68 80 00 00 00 00 00 00 60 00 00 01 00 E1 16"                            File: Line:0 Function: Type:Debug:
DateTime:2026-08-27 11:10:37.156:"m_baRecvMsg:"                            File: Line:0 Function: Type:Debug:
DateTime:2026-08-27 11:10:37.156:"rameList.size():"                            File: Line:0 Function: Type:Debug:
DateTime:2026-08-27 11:10:37.156:"进入报文解析"                            File: Line:0 Function: Type:Debug:
DateTime:2026-08-27 11:10:37.156:"68 32 00 32 00 68 80 00 00 00 00 00 00 60 00 00 01 00 E1 16"                            File: Line:0 Function: Type:Debug:
DateTime:2026-08-27 11:10:37.156:"解码完成，功能码: 1"                            File: Line:0 Function: Type:Debug:
DateTime:2026-08-27 11:10:37.156:"工装回复确认帧"                            File: Line:0 Function: Type:Debug:
DateTime:2026-08-27 11:10:38.163:"等待工装回复超时"                            File: Line:0 Function: Type:Debug:
DateTime:2026-08-27 11:10:38.163:"开始组帧"                            File: Line:0 Function: Type:Debug:
DateTime:2026-08-27 11:10:38.163:"组帧结束"                            File: Line:0 Function: Type:Debug:
DateTime:2026-08-27 11:10:38.163:"367.2Send:数据转发(查询-模块复位总次数 EB040201)：=>68 2B 00 43 00 00 00 00 00 31 52 01 00 02 12 90 78 56 34 12 6B 8A E8 10 00 68 12 90 78 56 34 12 68 11 04 34 35 37 1E 59 16 34 16"                            File: Line:0 Function: Type:Debug:
DateTime:2026-08-27 11:10:38.163:"槽位2透传:68EE00EE006840000000000022600000010002013C00682B0043000000000031520100021290785634126B8AE81000681290785634126811043435371E591634161316"                            File: Line:0 Function: Type:Debug:
DateTime:2026-08-27 11:10:38.163:"工装发送：68 EE 00 EE 00 68 40 00 00 00 00 00 22 60 00 00 01 00 02 01 3C 00 68 2B 00 43 00 00 00 00 00 31 52 01 00 02 12 90 78 56 34 12 6B 8A E8 10 00 68 12 90 78 56 34 12 68 11 04 34 35 37 1E 59 16 34 16 13 16"                            File: Line:0 Function: Type:Debug:
DateTime:2026-08-27 11:10:38.213:"工装接收：68 32 00 32 00 68 80 00 00 00 00 00 00 60 00 00 01 00 E1 16"                            File: Line:0 Function: Type:Debug:
DateTime:2026-08-27 11:10:38.213:"m_baRecvMsg:"                            File: Line:0 Function: Type:Debug:
DateTime:2026-08-27 11:10:38.213:"frameList.size():1"                            File: Line:0 Function: Type:Debug:
DateTime:2026-08-27 11:10:38.213:"进入报文解析"                            File: Line:0 Function: Type:Debug:
DateTime:2026-08-27 11:10:38.213:"68 32 00 32 00 68 80 00 00 00 00 00 00 60 00 00 01 00 E1 16"                            File: Line:0 Function: Type:Debug:
DateTime:2026-08-27 11:10:38.213:"解码完成，功能码: 1"                            File: Line:0 Function: Type:Debug:
DateTime:2026-08-27 11:10:38.213:"工装回复确认帧"                            File: Line:0 Function: Type:Debug:
DateTime:2026-08-27 11:10:38.269:"工装接收：68 E6 00 E6 00 68 80 00 00 00 00 00 22 60 00 00 01 00 02 2A 00 68 2A 00 80 00 00 00 00 00 31 52 01 00 02 12 90 78 56 34 12 12 00 68 12 90 78 56 34 12 68 91 06 34 35 37 1E 61 33 6F 16 C2 16 5B 16"                            File: Line:0 Function: Type:Debug:
DateTime:2026-08-27 11:10:38.269:"m_baRecvMsg:"                            File: Line:0 Function: Type:Debug:
DateTime:2026-08-27 11:10:38.269:"frameList.size():1"                            File: Line:0 Function: Type:Debug:
DateTime:2026-08-27 11:10:38.269:"进入报文解析"                            File: Line:0 Function: Type:Debug:
DateTime:2026-08-27 11:10:38.269:"68 E6 00 E6 00 68 80 00 00 00 00 00 22 60 00 00 01 00 02 2A 00 68 2A 00 80 00 00 00 00 00 31 52 01 00 02 12 90 78 56 34 12 12 00 68 12 90 78 56 34 12 68 91 06 34 35 37 1E 61 33 6F 16 C2 16 5B 16"                            File: Line:0 Function: Type:Debug:
DateTime:2026-08-27 11:10:38.269:"解码完成，功能码: 4"                            File: Line:0 Function: Type:Debug:
DateTime:2026-08-27 11:10:38.269:"工装接收到透传报文"                            File: Line:0 Function: Type:Debug:
DateTime:2026-08-27 11:10:38.269:"022A00682A0080000000000031520100021290785634121200681290785634126891063435371E61336F16C216"                            File: Line:0 Function: Type:Debug:
DateTime:2026-08-27 11:10:38.269:"透传报文内容:68 2a 00 80 00 00 00 00 00 31 52 01 00 02 12 90 78 56 34 12 12 00 68 12 90 78 56 34 12 68 91 06 34 35 37 1e 61 33 6f 16 c2 16"                            File: Line:0 Function: Type:Debug:
DateTime:2026-08-27 11:10:41.190:"uTimeSecond_ms:30000"                            File: Line:0 Function: Type:Debug:
DateTime:2026-08-27 11:10:41.190:"查找结果: iret=0, wStart=0, dwOutLen=42, dwStreamLen=42, dwFindPos=0"                            File: Line:0 Function: Type:Debug:
DateTime:2026-08-27 11:10:41.190:"Receive:<= 68 2A 00 80 00 00 00 00 00 31 52 01 00 02 12 90 78 56 34 12 12 00 68 12 90 78 56 34 12 68 91 06 34 35 37 1E 61 33 6F 16 C2 16"                            File: Line:0 Function: Type:Debug:
DateTime:2026-08-27 11:10:41.190:"解析：功能码-AFN=52H,Fn=1："                            File: Line:0 Function: Type:Debug:
DateTime:2026-08-27 11:10:41.190:"透传回复内容：021290785634121200681290785634126891063435371E61336F16"                            File: Line:0 Function: Type:Debug:
DateTime:2026-08-27 11:10:41.190:"DL/T645-2007协议 回复报文信息：控制码：91,数据标识：EB040201，数据域(需倒序解析)：2E00"                            File: Line:0 Function: Type:Debug:
DateTime:2026-08-27 11:10:41.190:"模块复位总次数：46"                            File: Line:0 Function: Type:Debug:
DateTime:2026-08-27 11:10:41.190:dll输出信息: ""                            File: Line:0 Function: Type:Debug:
DateTime:2026-08-27 11:10:41.190:接口函数调用成功，返回的结果为 0                            File: Line:0 Function: Type:Debug:
DateTime:2026-08-27 11:10:41.190:"外部传入的para：0，返回的result：0,返回的pValRet：0"                            File: Line:0 Function: Type:Debug:
DateTime:2026-08-27 11:10:41.190:"执行接口函数CCO_AFN52_F1_EB040201完成"                            File: Line:0 Function: Type:Debug:
DateTime:2026-08-27 11:10:41.193:coorIndex 0                            File: Line:0 Function: Type:Debug:
DateTime:2026-08-27 11:10:41.193:当前流程结束                            File: Line:0 Function: Type:Debug:
DateTime:2026-08-27 11:10:41.193:退出connect函数                            File: Line:0 Function: Type:Debug:
DateTime:2026-08-27 11:10:41.193:"=========【Step63-数据转发--EB040201查询模块复位总次数(CCO)】结束=========="                            File: Line:0 Function: Type:Debug:
DateTime:2026-08-27 11:10:41.193:"-----------------------------"                            File: Line:0 Function: Type:Debug:
DateTime:2026-08-27 11:10:41.195:"=============执行【Step64-数据转发--EB040201查询模块复位总次数(STA)】==================="                            File: Line:0 Function: Type:Debug:
DateTime:2026-08-27 11:10:41.195:"执行接口函数CCO_AFN52_F1_EB040201"                            File: Line:0 Function: Type:Debug:
DateTime:2026-08-27 11:10:41.195:callWorkFunction: CCO_AFN52_F1_EB040201                            File: Line:0 Function: Type:Debug:
DateTime:2026-08-27 11:10:41.195:找到对应函数，进入执行                            File: Line:0 Function: Type:Debug:
DateTime:2026-08-27 11:10:41.699:"等待工装回复超时"                            File: Line:0 Function: Type:Debug:
DateTime:2026-08-27 11:10:41.699:"开始组帧"                            File: Line:0 Function: Type:Debug:
DateTime:2026-08-27 11:10:41.699:"组帧结束"                            File: Line:0 Function: Type:Debug:
DateTime:2026-08-27 11:10:41.699:"367.2Send:数据转发(查询-模块复位总次数 EB040201)：=>68 2B 00 43 00 00 00 00 00 32 52 01 00 03 03 01 10 00 16 19 6B 8A E8 10 00 68 03 01 10 00 16 19 68 11 04 34 35 37 1E E6 16 DD 16"                            File: Line:0 Function: Type:Debug:
DateTime:2026-08-27 11:10:41.699:"槽位2透传:68EE00EE006840000000000022600000010002013C00682B0043000000000032520100030301100016196B8AE81000680301100016196811043435371EE616DD166516"                            File: Line:0 Function: Type:Debug:
DateTime:2026-08-27 11:10:41.699:"工装发送：68 EE 00 EE 00 68 40 00 00 00 00 00 22 60 00 00 01 00 02 01 3C 00 68 2B 00 43 00 00 00 00 00 32 52 01 00 03 03 01 10 00 16 19 6B 8A E8 10 00 68 03 01 10 00 16 19 68 11 04 34 35 37 1E E6 16 DD 16 65 16"                            File: Line:0 Function: Type:Debug:
DateTime:2026-08-27 11:10:41.749:"工装接收：68 32 00 32 00 68 80 00 00 00 00 00 00 60 00 00 01 00 E1 16"                            File: Line:0 Function: Type:Debug:
DateTime:2026-08-27 11:10:41.749:"m_baRecvMsg:"                            File: Line:0 Function: Type:Debug:
DateTime:2026-08-27 11:10:41.749:"frameList.size():1"                            File: Line:0 Function: Type:Debug:
DateTime:2026-08-27 11:10:41.749:"进入报文解析"                            File: Line:0 Function: Type:Debug:
DateTime:2026-08-27 11:10:41.749:"68 32 00 32 00 68 80 00 00 00 00 00 00 60 00 00 01 00 E1 16"                            File: Line:0 Function: Type:Debug:
DateTime:2026-08-27 11:10:41.749:"解码完成，功能码: 1"                            File: Line:0 Function: Type:Debug:
DateTime:2026-08-27 11:10:41.749:"工装回复确认帧"                            File: Line:0 Function: Type:Debug:
DateTime:2026-08-27 11:10:41.846:"工装接收：68 E6 00 E6 00 68 80 00 00 00 00 00 22 60 00 00 01 00 02 2A 00 68 2A 00 80 00 00 00 00 00 32 52 01 00 03 03 01 10 00 16 19 12 00 68 03 01 10 00 16 19 68 91 06 34 35 37 1E 36 33 D1 16 15 16 01 16"                            File: Line:0 Function: Type:Debug:
DateTime:2026-08-27 11:10:41.846:"m_baRecvMsg:"                            File: Line:0 Function: Type:Debug:
DateTime:2026-08-27 11:10:41.846:"frameList.size():1"                            File: Line:0 Function: Type:Debug:
DateTime:2026-08-27 11:10:41.846:"进入报文解析"                            File: Line:0 Function: Type:Debug:
DateTime:2026-08-27 11:10:41.846:"68 E6 00 E6 00 68 80 00 00 00 00 00 22 60 00 00 01 00 02 2A 00 68 2A 00 80 00 00 00 00 00 32 52 01 00 03 03 01 10 00 16 19 12 00 68 03 01 10 00 16 19 68 91 06 34 35 37 1E 36 33 D1 16 15 16 01 16"                            File: Line:0 Function: Type:Debug:
DateTime:2026-08-27 11:10:41.846:"解码完成，功能码: 4"                            File: Line:0 Function: Type:Debug:
DateTime:2026-08-27 11:10:41.846:"工装接收到透传报文"                            File: Line:0 Function: Type:Debug:
DateTime:2026-08-27 11:10:41.846:"022A00682A0080000000000032520100030301100016191200680301100016196891063435371E3633D1161516"                            File: Line:0 Function: Type:Debug:
DateTime:2026-08-27 11:10:41.846:"透传报文内容:68 2a 00 80 00 00 00 00 00 32 52 01 00 03 03 01 10 00 16 19 12 00 68 03 01 10 00 16 19 68 91 06 34 35 37 1e 36 33 d1 16 15 16"                            File: Line:0 Function: Type:Debug:
DateTime:2026-08-27 11:10:44.767:"uTimeSecond_ms:30000"                            File: Line:0 Function: Type:Debug:
DateTime:2026-08-27 11:10:44.767:"查找结果: iret=0, wStart=0, dwOutLen=42, dwStreamLen=42, dwFindPos=0"                            File: Line:0 Function: Type:Debug:
DateTime:2026-08-27 11:10:44.767:"Receive:<= 68 2A 00 80 00 00 00 00 00 32 52 01 00 03 03 01 10 00 16 19 12 00 68 03 01 10 00 16 19 68 91 06 34 35 37 1E 36 33 D1 16 15 16"                            File: Line:0 Function: Type:Debug:
DateTime:2026-08-27 11:10:44.767:"解析：功能码-AFN=52H,Fn=1："                            File: Line:0 Function: Type:Debug:
DateTime:2026-08-27 11:10:44.767:"透传回复内容：030301100016191200680301100016196891063435371E3633D116"                            File: Line:0 Function: Type:Debug:
DateTime:2026-08-27 11:10:44.767:"DL/T645-2007协议 回复报文信息：控制码：91,数据标识：EB040201，数据域(需倒序解析)：0300"                            File: Line:0 Function: Type:Debug:
DateTime:2026-08-27 11:10:44.767:"模块复位总次数：3"                            File: Line:0 Function: Type:Debug:
DateTime:2026-08-27 11:10:44.767:dll输出信息: ""                            File: Line:0 Function: Type:Debug:
DateTime:2026-08-27 11:10:44.767:接口函数调用成功，返回的结果为 0                            File: Line:0 Function: Type:Debug:
DateTime:2026-08-27 11:10:44.767:"外部传入的para：0，返回的result：0,返回的pValRet：0"                            File: Line:0 Function: Type:Debug:
DateTime:2026-08-27 11:10:44.767:"执行接口函数CCO_AFN52_F1_EB040201完成"                            File: Line:0 Function: Type:Debug:
DateTime:2026-08-27 11:10:44.770:coorIndex 0                            File: Line:0 Function: Type:Debug:
DateTime:2026-08-27 11:10:44.770:当前流程结束                            File: Line:0 Function: Type:Debug:
DateTime:2026-08-27 11:10:44.770:退出connect函数                            File: Line:0 Function: Type:Debug:
DateTime:2026-08-27 11:10:44.770:"=========【Step64-数据转发--EB040201查询模块复位总次数(STA)】结束=========="                            File: Line:0 Function: Type:Debug:
DateTime:2026-08-27 11:10:44.770:"-----------------------------"                            File: Line:0 Function: Type:Debug:
DateTime:2026-08-27 11:10:44.772:"=============执行【Step65-数据转发--EB040202查询模块停电总次数(CCO)】==================="                            File: Line:0 Function: Type:Debug:
DateTime:2026-08-27 11:10:44.772:"执行接口函数CCO_AFN52_F1_EB040202"                            File: Line:0 Function: Type:Debug:
DateTime:2026-08-27 11:10:44.772:callWorkFunction: CCO_AFN52_F1_EB040202                            File: Line:0 Function: Type:Debug:
DateTime:2026-08-27 11:10:44.772:找到对应函数，进入执行                            File: Line:0 Function: Type:Debug:
DateTime:2026-08-27 11:10:45.275:"等待工装回复超时"                            File: Line:0 Function: Type:Debug:
DateTime:2026-08-27 11:10:45.275:"开始组帧"                            File: Line:0 Function: Type:Debug:
DateTime:2026-08-27 11:10:45.275:"组帧结束"                            File: Line:0 Function: Type:Debug:
DateTime:2026-08-27 11:10:45.275:"367.2Send:数据转发(查询-模块停电总次数 EB040202)：=>68 2B 00 43 00 00 00 00 00 33 52 01 00 02 12 90 78 56 34 12 6B 8A E8 10 00 68 12 90 78 56 34 12 68 11 04 35 35 37 1E 5A 16 38 16"                            File: Line:0 Function: Type:Debug:
DateTime:2026-08-27 11:10:45.275:"槽位2透传:68EE00EE006840000000000022600000010002013C00682B0043000000000033520100021290785634126B8AE81000681290785634126811043535371E5A1638161B16"                            File: Line:0 Function: Type:Debug:
DateTime:2026-08-27 11:10:45.275:"工装发送：68 EE 00 EE 00 68 40 00 00 00 00 00 22 60 00 00 01 00 02 01 3C 00 68 2B 00 43 00 00 00 00 00 33 52 01 00 02 12 90 78 56 34 12 6B 8A E8 10 00 68 12 90 78 56 34 12 68 11 04 35 35 37 1E 5A 16 38 16 1B 16"                            File: Line:0 Function: Type:Debug:
DateTime:2026-08-27 11:10:45.325:"工装接收：68 32 00 32 00 68 80 00 00 00 00 00 00 60 00 00 01 00 E1 16"                            File: Line:0 Function: Type:Debug:
DateTime:2026-08-27 11:10:45.325:"m_baRecvMsg:"                            File: Line:0 Function: Type:Debug:
DateTime:2026-08-27 11:10:45.325:"frameList.size():1"                            File: Line:0 Function: Type:Debug:
DateTime:2026-08-27 11:10:45.325:"进入报文解析"                            File: Line:0 Function: Type:Debug:
DateTime:2026-08-27 11:10:45.325:"68 32 00 32 00 68 80 00 00 00 00 00 00 60 00 00 01 00 E1 16"                            File: Line:0 Function: Type:Debug:
DateTime:2026-08-27 11:10:45.325:"解码完成，功能码: 1"                            File: Line:0 Function: Type:Debug:
DateTime:2026-08-27 11:10:45.325:"工装回复确认帧"                            File: Line:0 Function: Type:Debug:
DateTime:2026-08-27 11:10:45.381:"工装接收：68 E6 00 E6 00 68 80 00 00 00 00 00 22 60 00 00 01 00 02 2A 00 68 2A 00 80 00 00 00 00 00 33 52 01 00 02 12 90 78 56 34 12 12 00 68 12 90 78 56 34 12 68 91 06 35 35 37 1E 33 33 42 16 6A 16 AB 16"                            File: Line:0 Function: Type:Debug:
DateTime:2026-08-27 11:10:45.381:"m_baRecvMsg:"                            File: Line:0 Function: Type:Debug:
DateTime:2026-08-27 11:10:45.381:"frameList.size():1"                            File: Line:0 Function: Type:Debug:
DateTime:2026-08-27 11:10:45.381:"进入报文解析"                            File: Line:0 Function: Type:Debug:
DateTime:2026-08-27 11:10:45.381:"68 E6 00 E6 00 68 80 00 00 00 00 00 22 60 00 00 01 00 02 2A 00 68 2A 00 80 00 00 00 00 00 33 52 01 00 02 12 90 78 56 34 12 12 00 68 12 90 78 56 34 12 68 91 06 35 35 37 1E 33 33 42 16 6A 16 AB 16"                            File: Line:0 Function: Type:Debug:
DateTime:2026-08-27 11:10:45.381:"解码完成，功能码: 4"                            File: Line:0 Function: Type:Debug:
DateTime:2026-08-27 11:10:45.381:"工装接收到透传报文"                            File: Line:0 Function: Type:Debug:
DateTime:2026-08-27 11:10:45.381:"022A00682A0080000000000033520100021290785634121200681290785634126891063535371E333342166A16"                            File: Line:0 Function: Type:Debug:
DateTime:2026-08-27 11:10:45.381:"透传报文内容:68 2a 00 80 00 00 00 00 00 33 52 01 00 02 12 90 78 56 34 12 12 00 68 12 90 78 56 34 12 68 91 06 35 35 37 1e 33 33 42 16 6a 16"                            File: Line:0 Function: Type:Debug:
DateTime:2026-08-27 11:10:48.303:"uTimeSecond_ms:30000"                            File: Line:0 Function: Type:Debug:
DateTime:2026-08-27 11:10:48.303:"查找结果: iret=0, wStart=0, dwOutLen=42, dwStreamLen=42, dwFindPos=0"                            File: Line:0 Function: Type:Debug:
DateTime:2026-08-27 11:10:48.303:"Receive:<= 68 2A 00 80 00 00 00 00 00 33 52 01 00 02 12 90 78 56 34 12 12 00 68 12 90 78 56 34 12 68 91 06 35 35 37 1E 33 33 42 16 6A 16"                            File: Line:0 Function: Type:Debug:
DateTime:2026-08-27 11:10:48.303:"解析：功能码-AFN=52H,Fn=1："                            File: Line:0 Function: Type:Debug:
DateTime:2026-08-27 11:10:48.303:"透传回复内容：021290785634121200681290785634126891063535371E33334216"                            File: Line:0 Function: Type:Debug:
DateTime:2026-08-27 11:10:48.303:"DL/T645-2007协议 回复报文信息：控制码：91,数据标识：EB040202，数据域(需倒序解析)：0000"                            File: Line:0 Function: Type:Debug:
DateTime:2026-08-27 11:10:48.303:"模块停电总次数：0"                            File: Line:0 Function: Type:Debug:
DateTime:2026-08-27 11:10:48.303:dll输出信息: ""                            File: Line:0 Function: Type:Debug:
DateTime:2026-08-27 11:10:48.303:接口函数调用成功，返回的结果为 0                            File: Line:0 Function: Type:Debug:
DateTime:2026-08-27 11:10:48.303:"外部传入的para：0，返回的result：0,返回的pValRet：0"                            File: Line:0 Function: Type:Debug:
DateTime:2026-08-27 11:10:48.303:"执行接口函数CCO_AFN52_F1_EB040202完成"                            File: Line:0 Function: Type:Debug:
DateTime:2026-08-27 11:10:48.306:coorIndex 0                            File: Line:0 Function: Type:Debug:
DateTime:2026-08-27 11:10:48.306:当前流程结束                            File: Line:0 Function: Type:Debug:
DateTime:2026-08-27 11:10:48.306:退出connect函数                            File: Line:0 Function: Type:Debug:
DateTime:2026-08-27 11:10:48.306:"=========【Step65-数据转发--EB040202查询模块停电总次数(CCO)】结束=========="                            File: Line:0 Function: Type:Debug:
DateTime:2026-08-27 11:10:48.306:"-----------------------------"                            File: Line:0 Function: Type:Debug:
DateTime:2026-08-27 11:10:48.308:"=============执行【Step66-数据转发--EB040202查询模块停电总次数(STA)】==================="                            File: Line:0 Function: Type:Debug:
DateTime:2026-08-27 11:10:48.308:"执行接口函数CCO_AFN52_F1_EB040202"                            File: Line:0 Function: Type:Debug:
DateTime:2026-08-27 11:10:48.308:callWorkFunction: CCO_AFN52_F1_EB040202                            File: Line:0 Function: Type:Debug:
DateTime:2026-08-27 11:10:48.308:找到对应函数，进入执行                            File: Line:0 Function: Type:Debug:
DateTime:2026-08-27 11:10:48.812:"等待工装回复超时"                            File: Line:0 Function: Type:Debug:
DateTime:2026-08-27 11:10:48.812:"开始组帧"                            File: Line:0 Function: Type:Debug:
DateTime:2026-08-27 11:10:48.812:"组帧结束"                            File: Line:0 Function: Type:Debug:
DateTime:2026-08-27 11:10:48.812:"367.2Send:数据转发(查询-模块停电总次数 EB040202)：=>68 2B 00 43 00 00 00 00 00 34 52 01 00 03 03 01 10 00 16 19 6B 8A E8 10 00 68 03 01 10 00 16 19 68 11 04 35 35 37 1E E7 16 E1 16"                            File: Line:0 Function: Type:Debug:
DateTime:2026-08-27 11:10:48.812:"槽位2透传:68EE00EE006840000000000022600000010002013C00682B0043000000000034520100030301100016196B8AE81000680301100016196811043535371EE716E1166D16"                            File: Line:0 Function: Type:Debug:
DateTime:2026-08-27 11:10:48.812:"工装发送：68 EE 00 EE 00 68 40 00 00 00 00 00 22 60 00 00 01 00 02 01 3C 00 68 2B 00 43 00 00 00 00 00 34 52 01 00 03 03 01 10 00 16 19 6B 8A E8 10 00 68 03 01 10 00 16 19 68 11 04 35 35 37 1E E7 16 E1 16 6D 16"                            File: Line:0 Function: Type:Debug:
DateTime:2026-08-27 11:10:48.862:"工装接收：68 32 00 32 00 68 80 00 00 00 00 00 00 60 00 00 01 00 E1 16"                            File: Line:0 Function: Type:Debug:
DateTime:2026-08-27 11:10:48.862:"m_baRecvMsg:"                            File: Line:0 Function: Type:Debug:
DateTime:2026-08-27 11:10:48.862:"frameList.size():1"                            File: Line:0 Function: Type:Debug:
DateTime:2026-08-27 11:10:48.862:"进入报文解析"                            File: Line:0 Function: Type:Debug:
DateTime:2026-08-27 11:10:48.862:"68 32 00 32 00 68 80 00 00 00 00 00 00 60 00 00 01 00 E1 16"                            File: Line:0 Function: Type:Debug:
DateTime:2026-08-27 11:10:48.863:"解码完成，功能码: 1"                            File: Line:0 Function: Type:Debug:
DateTime:2026-08-27 11:10:48.863:"工装回复确认帧"                            File: Line:0 Function: Type:Debug:
DateTime:2026-08-27 11:10:48.958:"工装接收：68 E6 00 E6 00 68 80 00 00 00 00 00 22 60 00 00 01 00 02 2A 00 68 2A 00 80 00 00 00 00 00 34 52 01 00 03 03 01 10 00 16 19 12 00 68 03 01 10 00 16 19 68 91 06 35 35 37 1E 33 33 CF 16 13 16 FD 16"                            File: Line:0 Function: Type:Debug:
DateTime:2026-08-27 11:10:48.958:"m_baRecvMsg:"                            File: Line:0 Function: Type:Debug:
DateTime:2026-08-27 11:10:48.958:"frameList.size():1"                            File: Line:0 Function: Type:Debug:
DateTime:2026-08-27 11:10:48.958:"进入报文解析"                            File: Line:0 Function: Type:Debug:
DateTime:2026-08-27 11:10:48.958:"68 E6 00 E6 00 68 80 00 00 00 00 00 22 60 00 00 01 00 02 2A 00 68 2A 00 80 00 00 00 00 00 34 52 01 00 03 03 01 10 00 16 19 12 00 68 03 01 10 00 16 19 68 91 06 35 35 37 1E 33 33 CF 16 13 16 FD 16"                            File: Line:0 Function: Type:Debug:
DateTime:2026-08-27 11:10:48.958:"解码完成，功能码: 4"                            File: Line:0 Function: Type:Debug:
DateTime:2026-08-27 11:10:48.958:"工装接收到透传报文"                            File: Line:0 Function: Type:Debug:
DateTime:2026-08-27 11:10:48.958:"022A00682A0080000000000034520100030301100016191200680301100016196891063535371E3333CF161316"                            File: Line:0 Function: Type:Debug:
DateTime:2026-08-27 11:10:48.958:"透传报文内容:68 2a 00 80 00 00 00 00 00 34 52 01 00 03 03 01 10 00 16 19 12 00 68 03 01 10 00 16 19 68 91 06 35 35 37 1e 33 33 cf 16 13 16"                            File: Line:0 Function: Type:Debug:
DateTime:2026-08-27 11:10:51.879:"uTimeSecond_ms:30000"                            File: Line:0 Function: Type:Debug:
DateTime:2026-08-27 11:10:51.879:"查找结果: iret=0, wStart=0, dwOutLen=42, dwStreamLen=42, dwFindPos=0"                            File: Line:0 Function: Type:Debug:
DateTime:2026-08-27 11:10:51.879:"Receive:<= 68 2A 00 80 00 00 00 00 00 34 52 01 00 03 03 01 10 00 16 19 12 00 68 03 01 10 00 16 19 68 91 06 35 35 37 1E 33 33 CF 16 13 16"                            File: Line:0 Function: Type:Debug:
DateTime:2026-08-27 11:10:51.879:"解析：功能码-AFN=52H,Fn=1："                            File: Line:0 Function: Type:Debug:
DateTime:2026-08-27 11:10:51.879:"透传回复内容：030301100016191200680301100016196891063535371E3333CF16"                            File: Line:0 Function: Type:Debug:
DateTime:2026-08-27 11:10:51.879:"DL/T645-2007协议 回复报文信息：控制码：91,数据标识：EB040202，数据域(需倒序解析)：0000"                            File: Line:0 Function: Type:Debug:
DateTime:2026-08-27 11:10:51.879:"模块停电总次数：0"                            File: Line:0 Function: Type:Debug:
DateTime:2026-08-27 11:10:51.879:dll输出信息: ""                            File: Line:0 Function: Type:Debug:
DateTime:2026-08-27 11:10:51.879:接口函数调用成功，返回的结果为 0                            File: Line:0 Function: Type:Debug:
DateTime:2026-08-27 11:10:51.879:"外部传入的para：0，返回的result：0,返回的pValRet：0"                            File: Line:0 Function: Type:Debug:
DateTime:2026-08-27 11:10:51.879:"执行接口函数CCO_AFN52_F1_EB040202完成"                            File: Line:0 Function: Type:Debug:
DateTime:2026-08-27 11:10:51.882:coorIndex 0                            File: Line:0 Function: Type:Debug:
DateTime:2026-08-27 11:10:51.882:当前流程结束                            File: Line:0 Function: Type:Debug:
DateTime:2026-08-27 11:10:51.882:退出connect函数                            File: Line:0 Function: Type:Debug:
DateTime:2026-08-27 11:10:51.882:"=========【Step66-数据转发--EB040202查询模块停电总次数(STA)】结束=========="                            File: Line:0 Function: Type:Debug:
DateTime:2026-08-27 11:10:51.882:"-----------------------------"                            File: Line:0 Function: Type:Debug:
DateTime:2026-08-27 11:10:51.884:"=============执行【Step67-数据转发--EB040203查询模块停电事件有效时长(CCO)(默认5)】==================="                            File: Line:0 Function: Type:Debug:
DateTime:2026-08-27 11:10:51.884:"执行接口函数CCO_AFN52_F1_EB040203_read"                            File: Line:0 Function: Type:Debug:
DateTime:2026-08-27 11:10:51.884:callWorkFunction: CCO_AFN52_F1_EB040203_read                            File: Line:0 Function: Type:Debug:
DateTime:2026-08-27 11:10:51.884:找到对应函数，进入执行                            File: Line:0 Function: Type:Debug:
DateTime:2026-08-27 11:10:52.387:"等待工装回复超时"                            File: Line:0 Function: Type:Debug:
DateTime:2026-08-27 11:10:52.387:"开始组帧"                            File: Line:0 Function: Type:Debug:
DateTime:2026-08-27 11:10:52.387:"组帧结束"                            File: Line:0 Function: Type:Debug:
DateTime:2026-08-27 11:10:52.387:"367.2Send:数据转发(查询-模块停电事件有效时长 EB040203)：=>68 2B 00 43 00 00 00 00 00 35 52 01 00 02 12 90 78 56 34 12 6B 8A E8 10 00 68 12 90 78 56 34 12 68 11 04 36 35 37 1E 5B 16 3C 16"                            File: Line:0 Function: Type:Debug:
DateTime:2026-08-27 11:10:52.387:"槽位2透传:68EE00EE006840000000000022600000010002013C00682B0043000000000035520100021290785634126B8AE81000681290785634126811043635371E5B163C162316"                            File: Line:0 Function: Type:Debug:
DateTime:2026-08-27 11:10:52.387:"工装发送：68 EE 00 EE 00 68 40 00 00 00 00 00 22 60 00 00 01 00 02 01 3C 00 68 2B 00 43 00 00 00 00 00 35 52 01 00 02 12 90 78 56 34 12 6B 8A E8 10 00 68 12 90 78 56 34 12 68 11 04 36 35 37 1E 5B 16 3C 16 23 16"                            File: Line:0 Function: Type:Debug:
DateTime:2026-08-27 11:10:52.437:"工装接收：68 32 00 32 00 68 80 00 00 00 00 00 00 60 00 00 01 00 E1 16"                            File: Line:0 Function: Type:Debug:
DateTime:2026-08-27 11:10:52.437:"m_baRecvMsg:"                            File: Line:0 Function: Type:Debug:
DateTime:2026-08-27 11:10:52.437:"frameList.size():1"                            File: Line:0 Function: Type:Debug:
DateTime:2026-08-27 11:10:52.437:"进入报文解析"                            File: Line:0 Function: Type:Debug:
DateTime:2026-08-27 11:10:52.437:"68 32 00 32 00 68 80 00 00 00 00 00 00 60 00 00 01 00 E1 16"                            File: Line:0 Function: Type:Debug:
DateTime:2026-08-27 11:10:52.437:"解码完成，功能码: 1"                            File: Line:0 Function: Type:Debug:
DateTime:2026-08-27 11:10:52.438:"工装回复确认帧"                            File: Line:0 Function: Type:Debug:
DateTime:2026-08-27 11:10:52.492:"工装接收：68 E2 00 E2 00 68 80 00 00 00 00 00 22 60 00 00 01 00 02 29 00 68 29 00 80 00 00 00 00 00 35 52 01 00 02 12 90 78 56 34 12 11 00 68 12 90 78 56 34 12 68 91 05 36 35 37 1E 38 14 16 0F 16 F3 16"                            File: Line:0 Function: Type:Debug:
DateTime:2026-08-27 11:10:52.492:"m_baRecvMsg:"                            File: Line:0 Function: Type:Debug:
DateTime:2026-08-27 11:10:52.492:"frameList.size():1"                            File: Line:0 Function: Type:Debug:
DateTime:2026-08-27 11:10:52.492:"进入报文解析"                            File: Line:0 Function: Type:Debug:
DateTime:2026-08-27 11:10:52.492:"68 E2 00 E2 00 68 80 00 00 00 00 00 22 60 00 00 01 00 02 29 00 68 29 00 80 00 00 00 00 00 35 52 01 00 02 12 90 78 56 34 12 11 00 68 12 90 78 56 34 12 68 91 05 36 35 37 1E 38 14 16 0F 16 F3 16"                            File: Line:0 Function: Type:Debug:
DateTime:2026-08-27 11:10:52.492:"解码完成，功能码: 4"                            File: Line:0 Function: Type:Debug:
DateTime:2026-08-27 11:10:52.492:"工装接收到透传报文"                            File: Line:0 Function: Type:Debug:
DateTime:2026-08-27 11:10:52.492:"02290068290080000000000035520100021290785634121100681290785634126891053635371E3814160F16"                            File: Line:0 Function: Type:Debug:
DateTime:2026-08-27 11:10:52.492:"透传报文内容:68 29 00 80 00 00 00 00 00 35 52 01 00 02 12 90 78 56 34 12 11 00 68 12 90 78 56 34 12 68 91 05 36 35 37 1e 38 14 16 0f 16"                            File: Line:0 Function: Type:Debug:
DateTime:2026-08-27 11:10:55.413:"uTimeSecond_ms:30000"                            File: Line:0 Function: Type:Debug:
DateTime:2026-08-27 11:10:55.413:"查找结果: iret=0, wStart=0, dwOutLen=41, dwStreamLen=41, dwFindPos=0"                            File: Line:0 Function: Type:Debug:
DateTime:2026-08-27 11:10:55.413:"Receive:<= 68 29 00 80 00 00 00 00 00 35 52 01 00 02 12 90 78 56 34 12 11 00 68 12 90 78 56 34 12 68 91 05 36 35 37 1E 38 14 16 0F 16"                            File: Line:0 Function: Type:Debug:
DateTime:2026-08-27 11:10:55.413:"解析：功能码-AFN=52H,Fn=1："                            File: Line:0 Function: Type:Debug:
DateTime:2026-08-27 11:10:55.413:"透传回复内容：021290785634121100681290785634126891053635371E381416"                            File: Line:0 Function: Type:Debug:
DateTime:2026-08-27 11:10:55.413:"DL/T645-2007协议 回复报文信息：控制码：91,数据标识：EB040203，数据域(需倒序解析)：05"                            File: Line:0 Function: Type:Debug:
DateTime:2026-08-27 11:10:55.425:"模块停电事件有效时长（秒）：5"                            File: Line:0 Function: Type:Debug:
DateTime:2026-08-27 11:10:55.426:dll输出信息: ""                            File: Line:0 Function: Type:Debug:
DateTime:2026-08-27 11:10:55.426:接口函数调用成功，返回的结果为 0                            File: Line:0 Function: Type:Debug:
DateTime:2026-08-27 11:10:55.426:"外部传入的para：0，返回的result：0,返回的pValRet：0"                            File: Line:0 Function: Type:Debug:
DateTime:2026-08-27 11:10:55.426:"执行接口函数CCO_AFN52_F1_EB040203_read完成"                            File: Line:0 Function: Type:Debug:
DateTime:2026-08-27 11:10:55.429:coorIndex 0                            File: Line:0 Function: Type:Debug:
DateTime:2026-08-27 11:10:55.429:当前流程结束                            File: Line:0 Function: Type:Debug:
DateTime:2026-08-27 11:10:55.429:退出connect函数                            File: Line:0 Function: Type:Debug:
DateTime:2026-08-27 11:10:55.429:"=========【Step67-数据转发--EB040203查询模块停电事件有效时长(CCO)(默认5)】结束=========="                            File: Line:0 Function: Type:Debug:
DateTime:2026-08-27 11:10:55.429:"-----------------------------"                            File: Line:0 Function: Type:Debug:
DateTime:2026-08-27 11:10:55.431:"=============执行【Step68-数据转发--EB040203设置模块停电事件有效时长(CCO)】==================="                            File: Line:0 Function: Type:Debug:
DateTime:2026-08-27 11:10:55.431:"执行接口函数CCO_AFN52_F1_EB040203_set"                            File: Line:0 Function: Type:Debug:
DateTime:2026-08-27 11:10:55.431:callWorkFunction: CCO_AFN52_F1_EB040203_set                            File: Line:0 Function: Type:Debug:
DateTime:2026-08-27 11:10:55.431:找到对应函数，进入执行                            File: Line:0 Function: Type:Debug:
DateTime:2026-08-27 11:10:55.935:"等待工装回复超时"                            File: Line:0 Function: Type:Debug:
DateTime:2026-08-27 11:10:55.935:"开始组帧"                            File: Line:0 Function: Type:Debug:
DateTime:2026-08-27 11:10:55.935:"组帧结束"                            File: Line:0 Function: Type:Debug:
DateTime:2026-08-27 11:10:55.935:"367.2Send:数据转发(设置-模块停电事件有效时长EB040203)：=>68 34 00 43 00 00 00 00 00 36 52 01 00 02 12 90 78 56 34 12 6B 8A E8 19 00 68 12 90 78 56 34 12 68 14 0D 36 35 37 1E 3B 33 33 33 44 44 44 44 37 82 16 94 16"                            File: Line:0 Function: Type:Debug:
DateTime:2026-08-27 11:10:55.935:"槽位2透传:68120112016840000000000022600000010002013C0068340043000000000036520100021290785634126B8AE819006812907856341268140D3635371E3B333333444444443782169416DC16"                            File: Line:0 Function: Type:Debug:
DateTime:2026-08-27 11:10:55.935:"工装发送：68 12 01 12 01 68 40 00 00 00 00 00 22 60 00 00 01 00 02 01 3C 00 68 34 00 43 00 00 00 00 00 36 52 01 00 02 12 90 78 56 34 12 6B 8A E8 19 00 68 12 90 78 56 34 12 68 14 0D 36 35 37 1E 3B 33 33 33 44 44 44 44 37 82 16 94 16 DC 16"                            File: Line:0 Function: Type:Debug:
DateTime:2026-08-27 11:10:55.996:"工装接收：68 32 00 32 00 68 80 00 00 00 00 00 00 60 00 00 01 00 E1 16"                            File: Line:0 Function: Type:Debug:
DateTime:2026-08-27 11:10:55.996:"m_baRecvMsg:"                            File: Line:0 Function: Type:Debug:
DateTime:2026-08-27 11:10:55.996:"frameList.size():1"                            File: Line:0 Function: Type:Debug:
DateTime:2026-08-27 11:10:55.996:"进入报文解析"                            File: Line:0 Function: Type:Debug:
DateTime:2026-08-27 11:10:55.996:"68 32 00 32 00 68 80 00 00 00 00 00 00 60 00 00 01 00 E1 16"                            File: Line:0 Function: Type:Debug:
DateTime:2026-08-27 11:10:55.996:"解码完成，功能码: 1"                            File: Line:0 Function: Type:Debug:
DateTime:2026-08-27 11:10:55.996:"工装回复确认帧"                            File: Line:0 Function: Type:Debug:
DateTime:2026-08-27 11:10:56.109:"工装接收：68 CE 00 CE 00 68 80 00 00 00 00 00 22 60 00 00 01 00 02 24 00 68 24 00 80 00 00 00 00 00 36 52 01 00 02 12 90 78 56 34 12 0C 00 68 12 90 78 56 34 12 68 94 00 1A 16 17 16 F9 16"                            File: Line:0 Function: Type:Debug:
DateTime:2026-08-27 11:10:56.109:"m_baRecvMsg:"                            File: Line:0 Function: Type:Debug:
DateTime:2026-08-27 11:10:56.109:"frameList.size():1"                            File: Line:0 Function: Type:Debug:
DateTime:2026-08-27 11:10:56.109:"进入报文解析"                            File: Line:0 Function: Type:Debug:
DateTime:2026-08-27 11:10:56.109:"68 CE 00 CE 00 68 80 00 00 00 00 00 22 60 00 00 01 00 02 24 00 68 24 00 80 00 00 00 00 00 36 52 01 00 02 12 90 78 56 34 12 0C 00 68 12 90 78 56 34 12 68 94 00 1A 16 17 16 F9 16"                            File: Line:0 Function: Type:Debug:
DateTime:2026-08-27 11:10:56.109:"解码完成，功能码: 4"                            File: Line:0 Function: Type:Debug:
DateTime:2026-08-27 11:10:56.109:"工装接收到透传报文"                            File: Line:0 Function: Type:Debug:
DateTime:2026-08-27 11:10:56.109:"02240068240080000000000036520100021290785634120C00681290785634126894001A161716"                            File: Line:0 Function: Type:Debug:
DateTime:2026-08-27 11:10:56.109:"透传报文内容:68 24 00 80 00 00 00 00 00 36 52 01 00 02 12 90 78 56 34 12 0c 00 68 12 90 78 56 34 12 68 94 00 1a 16 17 16"                            File: Line:0 Function: Type:Debug:
DateTime:2026-08-27 11:10:59.031:"uTimeSecond_ms:30000"                            File: Line:0 Function: Type:Debug:
DateTime:2026-08-27 11:10:59.031:"查找结果: iret=0, wStart=0, dwOutLen=36, dwStreamLen=36, dwFindPos=0"                            File: Line:0 Function: Type:Debug:
DateTime:2026-08-27 11:10:59.031:"Receive:<= 68 24 00 80 00 00 00 00 00 36 52 01 00 02 12 90 78 56 34 12 0C 00 68 12 90 78 56 34 12 68 94 00 1A 16 17 16"                            File: Line:0 Function: Type:Debug:
DateTime:2026-08-27 11:10:59.031:"解析：功能码-AFN=52H,Fn=1："                            File: Line:0 Function: Type:Debug:
DateTime:2026-08-27 11:10:59.031:"透传回复内容：021290785634120C00681290785634126894001A16"                            File: Line:0 Function: Type:Debug:
DateTime:2026-08-27 11:10:59.031:"设置成功"                            File: Line:0 Function: Type:Debug:
DateTime:2026-08-27 11:10:59.031:dll输出信息: ""                            File: Line:0 Function: Type:Debug:
DateTime:2026-08-27 11:10:59.031:接口函数调用成功，返回的结果为 0                            File: Line:0 Function: Type:Debug:
DateTime:2026-08-27 11:10:59.031:"外部传入的para：0，返回的result：0,返回的pValRet：0"                            File: Line:0 Function: Type:Debug:
DateTime:2026-08-27 11:10:59.031:"执行接口函数CCO_AFN52_F1_EB040203_set完成"                            File: Line:0 Function: Type:Debug:
DateTime:2026-08-27 11:10:59.034:coorIndex 0                            File: Line:0 Function: Type:Debug:
DateTime:2026-08-27 11:10:59.034:当前流程结束                            File: Line:0 Function: Type:Debug:
DateTime:2026-08-27 11:10:59.034:退出connect函数                            File: Line:0 Function: Type:Debug:
DateTime:2026-08-27 11:10:59.034:"=========【Step68-数据转发--EB040203设置模块停电事件有效时长(CCO)】结束=========="                            File: Line:0 Function: Type:Debug:
DateTime:2026-08-27 11:10:59.034:"-----------------------------"                            File: Line:0 Function: Type:Debug:
DateTime:2026-08-27 11:10:59.036:"=============执行【Step69-数据转发--EB040203查询模块停电事件有效时长(CCO)】==================="                            File: Line:0 Function: Type:Debug:
DateTime:2026-08-27 11:10:59.036:"执行接口函数CCO_AFN52_F1_EB040203_read"                            File: Line:0 Function: Type:Debug:
DateTime:2026-08-27 11:10:59.036:callWorkFunction: CCO_AFN52_F1_EB040203_read                            File: Line:0 Function: Type:Debug:
DateTime:2026-08-27 11:10:59.036:找到对应函数，进入执行                            File: Line:0 Function: Type:Debug:
DateTime:2026-08-27 11:10:59.539:"等待工装回复超时"                            File: Line:0 Function: Type:Debug:
DateTime:2026-08-27 11:10:59.539:"开始组帧"                            File: Line:0 Function: Type:Debug:
DateTime:2026-08-27 11:10:59.539:"组帧结束"                            File: Line:0 Function: Type:Debug:
DateTime:2026-08-27 11:10:59.539:"367.2Send:数据转发(查询-模块停电事件有效时长 EB040203)：=>68 2B 00 43 00 00 00 00 00 37 52 01 00 02 12 90 78 56 34 12 6B 8A E8 10 00 68 12 90 78 56 34 12 68 11 04 36 35 37 1E 5B 16 3E 16"                            File: Line:0 Function: Type:Debug:
DateTime:2026-08-27 11:10:59.539:"槽位2透传:68EE00EE006840000000000022600000010002013C00682B0043000000000037520100021290785634126B8AE81000681290785634126811043635371E5B163E162716"                            File: Line:0 Function: Type:Debug:
DateTime:2026-08-27 11:10:59.539:"工装发送：68 EE 00 EE 00 68 40 00 00 00 00 00 22 60 00 00 01 00 02 01 3C 00 68 2B 00 43 00 00 00 00 00 37 52 01 00 02 12 90 78 56 34 12 6B 8A E8 10 00 68 12 90 78 56 34 12 68 11 04 36 35 37 1E 5B 16 3E 16 27 16"                            File: Line:0 Function: Type:Debug:
DateTime:2026-08-27 11:10:59.589:"工装接收：68 32 00 32 00 68 80 00 00 00 00 00 00 60 00 00 01 00 E1 16"                            File: Line:0 Function: Type:Debug:
DateTime:2026-08-27 11:10:59.589:"m_baRecvMsg:"                            File: Line:0 Function: Type:Debug:
DateTime:2026-08-27 11:10:59.589:"frameList.size():1"                            File: Line:0 Function: Type:Debug:
DateTime:2026-08-27 11:10:59.589:"进入报文解析"                            File: Line:0 Function: Type:Debug:
DateTime:2026-08-27 11:10:59.589:"68 32 00 32 00 68 80 00 00 00 00 00 00 60 00 00 01 00 E1 16"                            File: Line:0 Function: Type:Debug:
DateTime:2026-08-27 11:10:59.589:"解码完成，功能码: 1"                            File: Line:0 Function: Type:Debug:
DateTime:2026-08-27 11:10:59.589:"工装回复确认帧"                            File: Line:0 Function: Type:Debug:
DateTime:2026-08-27 11:10:59.644:"工装接收：68 E2 00 E2 00 68 80 00 00 00 00 00 22 60 00 00 01 00 02 29 00 68 29 00 80 00 00 00 00 00 37 52 01 00 02 12 90 78 56 34 12 11 00 68 12 90 78 56 34 12 68 91 05 36 35 37 1E 37 13 16 0F 16 F3 16"                            File: Line:0 Function: Type:Debug:
DateTime:2026-08-27 11:10:59.644:"m_baRecvMsg:"                            File: Line:0 Function: Type:Debug:
DateTime:2026-08-27 11:10:59.644:"frameList.size():1"                            File: Line:0 Function: Type:Debug:
DateTime:2026-08-27 11:10:59.644:"进入报文解析"                            File: Line:0 Function: Type:Debug:
DateTime:2026-08-27 11:10:59.644:"68 E2 00 E2 00 68 80 00 00 00 00 00 22 60 00 00 01 00 02 29 00 68 29 00 80 00 00 00 00 00 37 52 01 00 02 12 90 78 56 34 12 11 00 68 12 90 78 56 34 12 68 91 05 36 35 37 1E 37 13 16 0F 16 F3 16"                            File: Line:0 Function: Type:Debug:
DateTime:2026-08-27 11:10:59.644:"解码完成，功能码: 4"                            File: Line:0 Function: Type:Debug:
DateTime:2026-08-27 11:10:59.644:"工装接收到透传报文"                            File: Line:0 Function: Type:Debug:
DateTime:2026-08-27 11:10:59.644:"02290068290080000000000037520100021290785634121100681290785634126891053635371E3713160F16"                            File: Line:0 Function: Type:Debug:
DateTime:2026-08-27 11:10:59.644:"透传报文内容:68 29 00 80 00 00 00 00 00 37 52 01 00 02 12 90 78 56 34 12 11 00 68 12 90 78 56 34 12 68 91 05 36 35 37 1e 37 13 16 0f 16"                            File: Line:0 Function: Type:Debug:
DateTime:2026-08-27 11:11:02.565:"uTimeSecond_ms:30000"                            File: Line:0 Function: Type:Debug:
DateTime:2026-08-27 11:11:02.565:"查找结果: iret=0, wStart=0, dwOutLen=41, dwStreamLen=41, dwFindPos=0"                            File: Line:0 Function: Type:Debug:
DateTime:2026-08-27 11:11:02.565:"Receive:<= 68 29 00 80 00 00 00 00 00 37 52 01 00 02 12 90 78 56 34 12 11 00 68 12 90 78 56 34 12 68 91 05 36 35 37 1E 37 13 16 0F 16"                            File: Line:0 Function: Type:Debug:
DateTime:2026-08-27 11:11:02.565:"解析：功能码-AFN=52H,Fn=1："                            File: Line:0 Function: Type:Debug:
DateTime:2026-08-27 11:11:02.565:"透传回复内容：021290785634121100681290785634126891053635371E371316"                            File: Line:0 Function: Type:Debug:
DateTime:2026-08-27 11:11:02.565:"DL/T645-2007协议 回复报文信息：控制码：91,数据标识：EB040203，数据域(需倒序解析)：04"                            File: Line:0 Function: Type:Debug:
DateTime:2026-08-27 11:11:02.565:"模块停电事件有效时长（秒）：4"                            File: Line:0 Function: Type:Debug:
DateTime:2026-08-27 11:11:02.565:dll输出信息: ""                            File: Line:0 Function: Type:Debug:
DateTime:2026-08-27 11:11:02.565:接口函数调用成功，返回的结果为 0                            File: Line:0 Function: Type:Debug:
DateTime:2026-08-27 11:11:02.565:"外部传入的para：0，返回的result：0,返回的pValRet：0"                            File: Line:0 Function: Type:Debug:
DateTime:2026-08-27 11:11:02.565:"执行接口函数CCO_AFN52_F1_EB040203_read完成"                            File: Line:0 Function: Type:Debug:
DateTime:2026-08-27 11:11:02.568:coorIndex 0                            File: Line:0 Function: Type:Debug:
DateTime:2026-08-27 11:11:02.568:当前流程结束                            File: Line:0 Function: Type:Debug:
DateTime:2026-08-27 11:11:02.568:退出connect函数                            File: Line:0 Function: Type:Debug:
DateTime:2026-08-27 11:11:02.568:"=========【Step69-数据转发--EB040203查询模块停电事件有效时长(CCO)】结束=========="                            File: Line:0 Function: Type:Debug:
DateTime:2026-08-27 11:11:02.568:"-----------------------------"                            File: Line:0 Function: Type:Debug:
DateTime:2026-08-27 11:11:02.570:"=============执行【Step70-数据转发--EB040203设置模块停电事件有效时长(CCO)-设置为初始值】==================="                            File: Line:0 Function: Type:Debug:
DateTime:2026-08-27 11:11:02.570:"执行接口函数CCO_AFN52_F1_EB040203_set"                            File: Line:0 Function: Type:Debug:
DateTime:2026-08-27 11:11:02.570:callWorkFunction: CCO_AFN52_F1_EB040203_set                            File: Line:0 Function: Type:Debug:
DateTime:2026-08-27 11:11:02.570:找到对应函数，进入执行                            File: Line:0 Function: Type:Debug:
DateTime:2026-08-27 11:11:03.075:"等待工装回复超时"                            File: Line:0 Function: Type:Debug:
DateTime:2026-08-27 11:11:03.075:"开始组帧"                            File: Line:0 Function: Type:Debug:
DateTime:2026-08-27 11:11:03.075:"组帧结束"                            File: Line:0 Function: Type:Debug:
DateTime:2026-08-27 11:11:03.075:"367.2Send:数据转发(设置-模块停电事件有效时长EB040203)：=>68 34 00 43 00 00 00 00 00 38 52 01 00 02 12 90 78 56 34 12 6B 8A E8 19 00 68 12 90 78 56 34 12 68 14 0D 36 35 37 1E 3B 33 33 33 44 44 44 44 38 83 16 98 16"                            File: Line:0 Function: Type:Debug:
DateTime:2026-08-27 11:11:03.075:"槽位2透传:68120112016840000000000022600000010002013C0068340043000000000038520100021290785634126B8AE819006812907856341268140D3635371E3B333333444444443883169816E416"                            File: Line:0 Function: Type:Debug:
DateTime:2026-08-27 11:11:03.075:"工装发送：68 12 01 12 01 68 40 00 00 00 00 00 22 60 00 00 01 00 02 01 3C 00 68 34 00 43 00 00 00 00 00 38 52 01 00 02 12 90 78 56 34 12 6B 8A E8 19 00 68 12 90 78 56 34 12 68 14 0D 36 35 37 1E 3B 33 33 33 44 44 44 44 38 83 16 98 16 E4 16"                            File: Line:0 Function: Type:Debug:
DateTime:2026-08-27 11:11:03.136:"工装接收：68 32 00 32 00 68 80 00 00 00 00 00 00 60 00 00 01 00 E1 16"                            File: Line:0 Function: Type:Debug:
DateTime:2026-08-27 11:11:03.136:"m_baRecvMsg:"                            File: Line:0 Function: Type:Debug:
DateTime:2026-08-27 11:11:03.136:"frameList.size():1"                            File: Line:0 Function: Type:Debug:
DateTime:2026-08-27 11:11:03.136:"进入报文解析"                            File: Line:0 Function: Type:Debug:
DateTime:2026-08-27 11:11:03.136:"68 32 00 32 00 68 80 00 00 00 00 00 00 60 00 00 01 00 E1 16"                            File: Line:0 Function: Type:Debug:
DateTime:2026-08-27 11:11:03.136:"解码完成，功能码: 1"                            File: Line:0 Function: Type:Debug:
DateTime:2026-08-27 11:11:03.136:"工装回复确认帧"                            File: Line:0 Function: Type:Debug:
DateTime:2026-08-27 11:11:03.244:"工装接收：68 CE 00 CE 00 68 80 00 00 00 00 00 22 60 00 00 01 00 02 24 00 68 24 00 80 00 00 00 00 00 38 52 01 00 02 12 90 78 56 34 12 0C 00 68 12 90 78 56 34 12 68 94 00 1A 16 19 16 FD 16"                            File: Line:0 Function: Type:Debug:
DateTime:2026-08-27 11:11:03.244:"m_baRecvMsg:"                            File: Line:0 Function: Type:Debug:
DateTime:2026-08-27 11:11:03.244:"frameList.size():1"                            File: Line:0 Function: Type:Debug:
DateTime:2026-08-27 11:11:03.244:"进入报文解析"                            File: Line:0 Function: Type:Debug:
DateTime:2026-08-27 11:11:03.244:"68 CE 00 CE 00 68 80 00 00 00 00 00 22 60 00 00 01 00 02 24 00 68 24 00 80 00 00 00 00 00 38 52 01 00 02 12 90 78 56 34 12 0C 00 68 12 90 78 56 34 12 68 94 00 1A 16 19 16 FD 16"                            File: Line:0 Function: Type:Debug:
DateTime:2026-08-27 11:11:03.244:"解码完成，功能码: 4"                            File: Line:0 Function: Type:Debug:
DateTime:2026-08-27 11:11:03.244:"工装接收到透传报文"                            File: Line:0 Function: Type:Debug:
DateTime:2026-08-27 11:11:03.245:"02240068240080000000000038520100021290785634120C00681290785634126894001A161916"                            File: Line:0 Function: Type:Debug:
DateTime:2026-08-27 11:11:03.245:"透传报文内容:68 24 00 80 00 00 00 00 00 38 52 01 00 02 12 90 78 56 34 12 0c 00 68 12 90 78 56 34 12 68 94 00 1a 16 19 16"                            File: Line:0 Function: Type:Debug:
DateTime:2026-08-27 11:11:06.167:"uTimeSecond_ms:30000"                            File: Line:0 Function: Type:Debug:
DateTime:2026-08-27 11:11:06.167:"查找结果: iret=0, wStart=0, dwOutLen=36, dwStreamLen=36, dwFindPos=0"                            File: Line:0 Function: Type:Debug:
DateTime:2026-08-27 11:11:06.167:"Receive:<= 68 24 00 80 00 00 00 00 00 38 52 01 00 02 12 90 78 56 34 12 0C 00 68 12 90 78 56 34 12 68 94 00 1A 16 19 16"                            File: Line:0 Function: Type:Debug:
DateTime:2026-08-27 11:11:06.167:"解析：功能码-AFN=52H,Fn=1："                            File: Line:0 Function: Type:Debug:
DateTime:2026-08-27 11:11:06.167:"透传回复内容：021290785634120C00681290785634126894001A16"                            File: Line:0 Function: Type:Debug:
DateTime:2026-08-27 11:11:06.167:"设置成功"                            File: Line:0 Function: Type:Debug:
DateTime:2026-08-27 11:11:06.167:dll输出信息: ""                            File: Line:0 Function: Type:Debug:
DateTime:2026-08-27 11:11:06.167:接口函数调用成功，返回的结果为 0                            File: Line:0 Function: Type:Debug:
DateTime:2026-08-27 11:11:06.167:"外部传入的para：0，返回的result：0,返回的pValRet：0"                            File: Line:0 Function: Type:Debug:
DateTime:2026-08-27 11:11:06.167:"执行接口函数CCO_AFN52_F1_EB040203_set完成"                            File: Line:0 Function: Type:Debug:
DateTime:2026-08-27 11:11:06.170:coorIndex 0                            File: Line:0 Function: Type:Debug:
DateTime:2026-08-27 11:11:06.170:当前流程结束                            File: Line:0 Function: Type:Debug:
DateTime:2026-08-27 11:11:06.170:退出connect函数                            File: Line:0 Function: Type:Debug:
DateTime:2026-08-27 11:11:06.170:"=========【Step70-数据转发--EB040203设置模块停电事件有效时长(CCO)-设置为初始值】结束=========="                            File: Line:0 Function: Type:Debug:
DateTime:2026-08-27 11:11:06.170:"-----------------------------"                            File: Line:0 Function: Type:Debug:
DateTime:2026-08-27 11:11:06.172:"=============执行【Step71-数据转发--EB040203查询模块停电事件有效时长(STA)(默认5)】==================="                            File: Line:0 Function: Type:Debug:
DateTime:2026-08-27 11:11:06.172:"执行接口函数CCO_AFN52_F1_EB040203_read"                            File: Line:0 Function: Type:Debug:
DateTime:2026-08-27 11:11:06.172:callWorkFunction: CCO_AFN52_F1_EB040203_read                            File: Line:0 Function: Type:Debug:
DateTime:2026-08-27 11:11:06.173:找到对应函数，进入执行                            File: Line:0 Function: Type:Debug:
DateTime:2026-08-27 11:11:06.676:"等待工装回复超时"                            File: Line:0 Function: Type:Debug:
DateTime:2026-08-27 11:11:06.676:"开始组帧"                            File: Line:0 Function: Type:Debug:
DateTime:2026-08-27 11:11:06.676:"组帧结束"                            File: Line:0 Function: Type:Debug:
DateTime:2026-08-27 11:11:06.676:"367.2Send:数据转发(查询-模块停电事件有效时长 EB040203)：=>68 2B 00 43 00 00 00 00 00 39 52 01 00 03 03 01 10 00 16 19 6B 8A E8 10 00 68 03 01 10 00 16 19 68 11 04 36 35 37 1E E8 16 E8 16"                            File: Line:0 Function: Type:Debug:
DateTime:2026-08-27 11:11:06.676:"槽位2透传:68EE00EE006840000000000022600000010002013C00682B0043000000000039520100030301100016196B8AE81000680301100016196811043635371EE816E8167B16"                            File: Line:0 Function: Type:Debug:
DateTime:2026-08-27 11:11:06.676:"工装发送：68 EE 00 EE 00 68 40 00 00 00 00 00 22 60 00 00 01 00 02 01 3C 00 68 2B 00 43 00 00 00 00 00 39 52 01 00 03 03 01 10 00 16 19 6B 8A E8 10 00 68 03 01 10 00 16 19 68 11 04 36 35 37 1E E8 16 E8 16 7B 16"                            File: Line:0 Function: Type:Debug:
DateTime:2026-08-27 11:11:06.726:"工装接收：68 32 00 32 00 68 80 00 00 00 00 00 00 60 00 00 01 00 E1 16"                            File: Line:0 Function: Type:Debug:
DateTime:2026-08-27 11:11:06.726:"m_baRecvMsg:"                            File: Line:0 Function: Type:Debug:
DateTime:2026-08-27 11:11:06.726:"frameList.size():1"                            File: Line:0 Function: Type:Debug:
DateTime:2026-08-27 11:11:06.726:"进入报文解析"                            File: Line:0 Function: Type:Debug:
DateTime:2026-08-27 11:11:06.726:"68 32 00 32 00 68 80 00 00 00 00 00 00 60 00 00 01 00 E1 16"                            File: Line:0 Function: Type:Debug:
DateTime:2026-08-27 11:11:06.727:"解码完成，功能码: 1"                            File: Line:0 Function: Type:Debug:
DateTime:2026-08-27 11:11:06.727:"工装回复确认帧"                            File: Line:0 Function: Type:Debug:
DateTime:2026-08-27 11:11:07.361:"工装接收：68 E2 00 E2 00 68 80 00 00 00 00 00 22 60 00 00 01 00 02 29 00 68 29 00 80 00 00 00 00 00 39 52 01 00 03 03 01 10 00 16 19 11 00 68 03 01 10 00 16 19 68 91 05 36 35 37 1E 38 A1 16 BB 16 4B 16"                            File: Line:0 Function: Type:Debug:
DateTime:2026-08-27 11:11:07.361:"m_baRecvMsg:"                            File: Line:0 Function: Type:Debug:
DateTime:2026-08-27 11:11:07.361:"frameList.size():1"                            File: Line:0 Function: Type:Debug:
DateTime:2026-08-27 11:11:07.362:"进入报文解析"                            File: Line:0 Function: Type:Debug:
DateTime:2026-08-27 11:11:07.362:"68 E2 00 E2 00 68 80 00 00 00 00 00 22 60 00 00 01 00 02 29 00 68 29 00 80 00 00 00 00 00 39 52 01 00 03 03 01 10 00 16 19 11 00 68 03 01 10 00 16 19 68 91 05 36 35 37 1E 38 A1 16 BB 16 4B 16"                            File: Line:0 Function: Type:Debug:
DateTime:2026-08-27 11:11:07.362:"解码完成，功能码: 4"                            File: Line:0 Function: Type:Debug:
DateTime:2026-08-27 11:11:07.362:"工装接收到透传报文"                            File: Line:0 Function: Type:Debug:
DateTime:2026-08-27 11:11:07.362:"02290068290080000000000039520100030301100016191100680301100016196891053635371E38A116BB16"                            File: Line:0 Function: Type:Debug:
DateTime:2026-08-27 11:11:07.362:"透传报文内容:68 29 00 80 00 00 00 00 00 39 52 01 00 03 03 01 10 00 16 19 11 00 68 03 01 10 00 16 19 68 91 05 36 35 37 1e 38 a1 16 bb 16"                            File: Line:0 Function: Type:Debug:
DateTime:2026-08-27 11:11:09.679:"uTimeSecond_ms:30000"                            File: Line:0 Function: Type:Debug:
DateTime:2026-08-27 11:11:09.679:"查找结果: iret=0, wStart=0, dwOutLen=41, dwStreamLen=41, dwFindPos=0"                            File: Line:0 Function: Type:Debug:
DateTime:2026-08-27 11:11:09.679:"Receive:<= 68 29 00 80 00 00 00 00 00 39 52 01 00 03 03 01 10 00 16 19 11 00 68 03 01 10 00 16 19 68 91 05 36 35 37 1E 38 A1 16 BB 16"                            File: Line:0 Function: Type:Debug:
DateTime:2026-08-27 11:11:09.679:"解析：功能码-AFN=52H,Fn=1："                            File: Line:0 Function: Type:Debug:
DateTime:2026-08-27 11:11:09.679:"透传回复内容：030301100016191100680301100016196891053635371E38A116"                            File: Line:0 Function: Type:Debug:
DateTime:2026-08-27 11:11:09.679:"DL/T645-2007协议 回复报文信息：控制码：91,数据标识：EB040203，数据域(需倒序解析)：05"                            File: Line:0 Function: Type:Debug:
DateTime:2026-08-27 11:11:09.679:"模块停电事件有效时长（秒）：5"                            File: Line:0 Function: Type:Debug:
DateTime:2026-08-27 11:11:09.679:dll输出信息: ""                            File: Line:0 Function: Type:Debug:
DateTime:2026-08-27 11:11:09.679:接口函数调用成功，返回的结果为 0                            File: Line:0 Function: Type:Debug:
DateTime:2026-08-27 11:11:09.679:"外部传入的para：0，返回的result：0,返回的pValRet：0"                            File: Line:0 Function: Type:Debug:
DateTime:2026-08-27 11:11:09.679:"执行接口函数CCO_AFN52_F1_EB040203_read完成"                            File: Line:0 Function: Type:Debug:
DateTime:2026-08-27 11:11:09.682:coorIndex 0                            File: Line:0 Function: Type:Debug:
DateTime:2026-08-27 11:11:09.682:当前流程结束                            File: Line:0 Function: Type:Debug:
DateTime:2026-08-27 11:11:09.682:退出connect函数                            File: Line:0 Function: Type:Debug:
DateTime:2026-08-27 11:11:09.682:"=========【Step71-数据转发--EB040203查询模块停电事件有效时长(STA)(默认5)】结束=========="                            File: Line:0 Function: Type:Debug:
DateTime:2026-08-27 11:11:09.682:"-----------------------------"                            File: Line:0 Function: Type:Debug:
DateTime:2026-08-27 11:11:09.684:"=============执行【Step72-数据转发--EB040203设置模块停电事件有效时长(STA)】==================="                            File: Line:0 Function: Type:Debug:
DateTime:2026-08-27 11:11:09.684:"执行接口函数CCO_AFN52_F1_EB040203_set"                            File: Line:0 Function: Type:Debug:
DateTime:2026-08-27 11:11:09.684:callWorkFunction: CCO_AFN52_F1_EB040203_set                            File: Line:0 Function: Type:Debug:
DateTime:2026-08-27 11:11:09.684:找到对应函数，进入执行                            File: Line:0 Function: Type:Debug:
DateTime:2026-08-27 11:11:10.188:"等待工装回复超时"                            File: Line:0 Function: Type:Debug:
DateTime:2026-08-27 11:11:10.188:"开始组帧"                            File: Line:0 Function: Type:Debug:
DateTime:2026-08-27 11:11:10.188:"组帧结束"                            File: Line:0 Function: Type:Debug:
DateTime:2026-08-27 11:11:10.188:"367.2Send:数据转发(设置-模块停电事件有效时长EB040203)：=>68 34 00 43 00 00 00 00 00 3A 52 01 00 03 03 01 10 00 16 19 6B 8A E8 19 00 68 03 01 10 00 16 19 68 14 0D 36 35 37 1E 3B 33 33 33 44 44 44 44 37 0F 16 40 16"                            File: Line:0 Function: Type:Debug:
DateTime:2026-08-27 11:11:10.188:"槽位2透传:68120112016840000000000022600000010002013C006834004300000000003A520100030301100016196B8AE819006803011000161968140D3635371E3B33333344444444370F1640163416"                            File: Line:0 Function: Type:Debug:
DateTime:2026-08-27 11:11:10.188:"工装发送：68 12 01 12 01 68 40 00 00 00 00 00 22 60 00 00 01 00 02 01 3C 00 68 34 00 43 00 00 00 00 00 3A 52 01 00 03 03 01 10 00 16 19 6B 8A E8 19 00 68 03 01 10 00 16 19 68 14 0D 36 35 37 1E 3B 33 33 33 44 44 44 44 37 0F 16 40 16 34 16"                            File: Line:0 Function: Type:Debug:
DateTime:2026-08-27 11:11:10.249:"工装接收：68 32 00 32 00 68 80 00 00 00 00 00 00 60 00 00 01 00 E1 16"                            File: Line:0 Function: Type:Debug:
DateTime:2026-08-27 11:11:10.249:"m_baRecvMsg:"                            File: Line:0 Function: Type:Debug:
DateTime:2026-08-27 11:11:10.249:"frameList.size():1"                            File: Line:0 Function: Type:Debug:
DateTime:2026-08-27 11:11:10.249:"进入报文解析"                            File: Line:0 Function: Type:Debug:
DateTime:2026-08-27 11:11:10.249:"68 32 00 32 00 68 80 00 00 00 00 00 00 60 00 00 01 00 E1 16"                            File: Line:0 Function: Type:Debug:
DateTime:2026-08-27 11:11:10.249:"解码完成，功能码: 1"                            File: Line:0 Function: Type:Debug:
DateTime:2026-08-27 11:11:10.249:"工装回复确认帧"                            File: Line:0 Function: Type:Debug:
DateTime:2026-08-27 11:11:10.362:"工装接收：68 CE 00 CE 00 68 80 00 00 00 00 00 22 60 00 00 01 00 02 24 00 68 24 00 80 00 00 00 00 00 3A 52 01 00 03 03 01 10 00 16 19 0C 00 68 03 01 10 00 16 19 68 94 00 A7 16 C3 16 51 16"                            File: Line:0 Function: Type:Debug:
DateTime:2026-08-27 11:11:10.362:"m_baRecvMsg:"                            File: Line:0 Function: Type:Debug:
DateTime:2026-08-27 11:11:10.362:"frameList.size():1"                            File: Line:0 Function: Type:Debug:
DateTime:2026-08-27 11:11:10.362:"进入报文解析"                            File: Line:0 Function: Type:Debug:
DateTime:2026-08-27 11:11:10.362:"68 CE 00 CE 00 68 80 00 00 00 00 00 22 60 00 00 01 00 02 24 00 68 24 00 80 00 00 00 00 00 3A 52 01 00 03 03 01 10 00 16 19 0C 00 68 03 01 10 00 16 19 68 94 00 A7 16 C3 16 51 16"                            File: Line:0 Function: Type:Debug:
DateTime:2026-08-27 11:11:10.362:"解码完成，功能码: 4"                            File: Line:0 Function: Type:Debug:
DateTime:2026-08-27 11:11:10.362:"工装接收到透传报文"                            File: Line:0 Function: Type:Debug:
DateTime:2026-08-27 11:11:10.362:"0224006824008000000000003A520100030301100016190C0068030110001619689400A716C316"                            File: Line:0 Function: Type:Debug:
DateTime:2026-08-27 11:11:10.362:"透传报文内容:68 24 00 80 00 00 00 00 00 3a 52 01 00 03 03 01 10 00 16 19 0c 00 68 03 01 10 00 16 19 68 94 00 a7 16 c3 16"                            File: Line:0 Function: Type:Debug:
DateTime:2026-08-27 11:11:13.284:"uTimeSecond_ms:30000"                            File: Line:0 Function: Type:Debug:
DateTime:2026-08-27 11:11:13.284:"查找结果: iret=0, wStart=0, dwOutLen=36, dwStreamLen=36, dwFindPos=0"                            File: Line:0 Function: Type:Debug:
DateTime:2026-08-27 11:11:13.284:"Receive:<= 68 24 00 80 00 00 00 00 00 3A 52 01 00 03 03 01 10 00 16 19 0C 00 68 03 01 10 00 16 19 68 94 00 A7 16 C3 16"                            File: Line:0 Function: Type:Debug:
DateTime:2026-08-27 11:11:13.284:"解析：功能码-AFN=52H,Fn=1："                            File: Line:0 Function: Type:Debug:
DateTime:2026-08-27 11:11:13.284:"透传回复内容：030301100016190C0068030110001619689400A716"                            File: Line:0 Function: Type:Debug:
DateTime:2026-08-27 11:11:13.284:"设置成功"                            File: Line:0 Function: Type:Debug:
DateTime:2026-08-27 11:11:13.284:dll输出信息: ""                            File: Line:0 Function: Type:Debug:
DateTime:2026-08-27 11:11:13.284:接口函数调用成功，返回的结果为 0                            File: Line:0 Function: Type:Debug:
DateTime:2026-08-27 11:11:13.284:"外部传入的para：0，返回的result：0,返回的pValRet：0"                            File: Line:0 Function: Type:Debug:
DateTime:2026-08-27 11:11:13.284:"执行接口函数CCO_AFN52_F1_EB040203_set完成"                            File: Line:0 Function: Type:Debug:
DateTime:2026-08-27 11:11:13.287:coorIndex 0                            File: Line:0 Function: Type:Debug:
DateTime:2026-08-27 11:11:13.287:当前流程结束                            File: Line:0 Function: Type:Debug:
DateTime:2026-08-27 11:11:13.287:退出connect函数                            File: Line:0 Function: Type:Debug:
DateTime:2026-08-27 11:11:13.287:"=========【Step72-数据转发--EB040203设置模块停电事件有效时长(STA)】结束=========="                            File: Line:0 Function: Type:Debug:
DateTime:2026-08-27 11:11:13.287:"-----------------------------"                            File: Line:0 Function: Type:Debug:
DateTime:2026-08-27 11:11:13.289:"=============执行【Step73-数据转发--EB040203查询模块停电事件有效时长(STA)】==================="                            File: Line:0 Function: Type:Debug:
DateTime:2026-08-27 11:11:13.289:"执行接口函数CCO_AFN52_F1_EB040203_read"                            File: Line:0 Function: Type:Debug:
DateTime:2026-08-27 11:11:13.289:callWorkFunction: CCO_AFN52_F1_EB040203_read                            File: Line:0 Function: Type:Debug:
DateTime:2026-08-27 11:11:13.289:找到对应函数，进入执行                            File: Line:0 Function: Type:Debug:
DateTime:2026-08-27 11:11:13.792:"等待工装回复超时"                            File: Line:0 Function: Type:Debug:
DateTime:2026-08-27 11:11:13.792:"开始组帧"                            File: Line:0 Function: Type:Debug:
DateTime:2026-08-27 11:11:13.792:"组帧结束"                            File: Line:0 Function: Type:Debug:
DateTime:2026-08-27 11:11:13.792:"367.2Send:数据转发(查询-模块停电事件有效时长 EB040203)：=>68 2B 00 43 00 00 00 00 00 3B 52 01 00 03 03 01 10 00 16 19 6B 8A E8 10 00 68 03 01 10 00 16 19 68 11 04 36 35 37 1E E8 16 EA 16"                            File: Line:0 Function: Type:Debug:
DateTime:2026-08-27 11:11:13.792:"槽位2透传:68EE00EE006840000000000022600000010002013C00682B004300000000003B520100030301100016196B8AE81000680301100016196811043635371EE816EA167F16"                            File: Line:0 Function: Type:Debug:
DateTime:2026-08-27 11:11:13.792:"工装发送：68 EE 00 EE 00 68 40 00 00 00 00 00 22 60 00 00 01 00 02 01 3C 00 68 2B 00 43 00 00 00 00 00 3B 52 01 00 03 03 01 10 00 16 19 6B 8A E8 10 00 68 03 01 10 00 16 19 68 11 04 36 35 37 1E E8 16 EA 16 7F 16"                            File: Line:0 Function: Type:Debug:
DateTime:2026-08-27 11:11:13.842:"工装接收：68 32 00 32 00 68 80 00 00 00 00 00 00 60 00 00 01 00 E1 16"                            File: Line:0 Function: Type:Debug:
DateTime:2026-08-27 11:11:13.842:"m_baRecvMsg:"                            File: Line:0 Function: Type:Debug:
DateTime:2026-08-27 11:11:13.842:"frameList.size():1"                            File: Line:0 Function: Type:Debug:
DateTime:2026-08-27 11:11:13.842:"进入报文解析"                            File: Line:0 Function: Type:Debug:
DateTime:2026-08-27 11:11:13.842:"68 32 00 32 00 68 80 00 00 00 00 00 00 60 00 00 01 00 E1 16"                            File: Line:0 Function: Type:Debug:
DateTime:2026-08-27 11:11:13.842:"解码完成，功能码: 1"                            File: Line:0 Function: Type:Debug:
DateTime:2026-08-27 11:11:13.842:"工装回复确认帧"                            File: Line:0 Function: Type:Debug:
DateTime:2026-08-27 11:11:15.013:"工装接收：68 E2 00 E2 00 68 80 00 00 00 00 00 22 60 00 00 01 00 02 29 00 68 29 00 80 00 00 00 00 00 3B 52 01 00 03 03 01 10 00 16 19 11 00 68 03 01 10 00 16 19 68 91 05 36 35 37 1E 37 A0 16 BB 16 4B 16"                            File: Line:0 Function: Type:Debug:
DateTime:2026-08-27 11:11:15.013:"m_baRecvMsg:"                            File: Line:0 Function: Type:Debug:
DateTime:2026-08-27 11:11:15.013:"frameList.size():1"                            File: Line:0 Function: Type:Debug:
DateTime:2026-08-27 11:11:15.013:"进入报文解析"                            File: Line:0 Function: Type:Debug:
DateTime:2026-08-27 11:11:15.013:"68 E2 00 E2 00 68 80 00 00 00 00 00 22 60 00 00 01 00 02 29 00 68 29 00 80 00 00 00 00 00 3B 52 01 00 03 03 01 10 00 16 19 11 00 68 03 01 10 00 16 19 68 91 05 36 35 37 1E 37 A0 16 BB 16 4B 16"                            File: Line:0 Function: Type:Debug:
DateTime:2026-08-27 11:11:15.014:"解码完成，功能码: 4"                            File: Line:0 Function: Type:Debug:
DateTime:2026-08-27 11:11:15.014:"工装接收到透传报文"                            File: Line:0 Function: Type:Debug:
DateTime:2026-08-27 11:11:15.014:"0229006829008000000000003B520100030301100016191100680301100016196891053635371E37A016BB16"                            File: Line:0 Function: Type:Debug:
DateTime:2026-08-27 11:11:15.014:"透传报文内容:68 29 00 80 00 00 00 00 00 3b 52 01 00 03 03 01 10 00 16 19 11 00 68 03 01 10 00 16 19 68 91 05 36 35 37 1e 37 a0 16 bb 16"                            File: Line:0 Function: Type:Debug:
DateTime:2026-08-27 11:11:16.827:"uTimeSecond_ms:30000"                            File: Line:0 Function: Type:Debug:
DateTime:2026-08-27 11:11:16.827:"查找结果: iret=0, wStart=0, dwOutLen=41, dwStreamLen=41, dwFindPos=0"                            File: Line:0 Function: Type:Debug:
DateTime:2026-08-27 11:11:16.827:"Receive:<= 68 29 00 80 00 00 00 00 00 3B 52 01 00 03 03 01 10 00 16 19 11 00 68 03 01 10 00 16 19 68 91 05 36 35 37 1E 37 A0 16 BB 16"                            File: Line:0 Function: Type:Debug:
DateTime:2026-08-27 11:11:16.827:"解析：功能码-AFN=52H,Fn=1："                            File: Line:0 Function: Type:Debug:
DateTime:2026-08-27 11:11:16.827:"透传回复内容：030301100016191100680301100016196891053635371E37A016"                            File: Line:0 Function: Type:Debug:
DateTime:2026-08-27 11:11:16.827:"DL/T645-2007协议 回复报文信息：控制码：91,数据标识：EB040203，数据域(需倒序解析)：04"                            File: Line:0 Function: Type:Debug:
DateTime:2026-08-27 11:11:16.827:"模块停电事件有效时长（秒）：4"                            File: Line:0 Function: Type:Debug:
DateTime:2026-08-27 11:11:16.827:dll输出信息: ""                            File: Line:0 Function: Type:Debug:
DateTime:2026-08-27 11:11:16.827:接口函数调用成功，返回的结果为 0                            File: Line:0 Function: Type:Debug:
DateTime:2026-08-27 11:11:16.827:"外部传入的para：0，返回的result：0,返回的pValRet：0"                            File: Line:0 Function: Type:Debug:
DateTime:2026-08-27 11:11:16.827:"执行接口函数CCO_AFN52_F1_EB040203_read完成"                            File: Line:0 Function: Type:Debug:
DateTime:2026-08-27 11:11:16.830:coorIndex 0                            File: Line:0 Function: Type:Debug:
DateTime:2026-08-27 11:11:16.830:当前流程结束                            File: Line:0 Function: Type:Debug:
DateTime:2026-08-27 11:11:16.830:退出connect函数                            File: Line:0 Function: Type:Debug:
DateTime:2026-08-27 11:11:16.830:"=========【Step73-数据转发--EB040203查询模块停电事件有效时长(STA)】结束=========="                            File: Line:0 Function: Type:Debug:
DateTime:2026-08-27 11:11:16.830:"-----------------------------"                            File: Line:0 Function: Type:Debug:
DateTime:2026-08-27 11:11:16.832:"=============执行【Step74-数据转发--EB040203设置模块停电事件有效时长(STA)-设置为初始值】==================="                            File: Line:0 Function: Type:Debug:
DateTime:2026-08-27 11:11:16.832:"执行接口函数CCO_AFN52_F1_EB040203_set"                            File: Line:0 Function: Type:Debug:
DateTime:2026-08-27 11:11:16.832:callWorkFunction: CCO_AFN52_F1_EB040203_set                            File: Line:0 Function: Type:Debug:
DateTime:2026-08-27 11:11:16.832:找到对应函数，进入执行                            File: Line:0 Function: Type:Debug:
DateTime:2026-08-27 11:11:17.336:"等待工装回复超时"                            File: Line:0 Function: Type:Debug:
DateTime:2026-08-27 11:11:17.336:"开始组帧"                            File: Line:0 Function: Type:Debug:
DateTime:2026-08-27 11:11:17.336:"组帧结束"                            File: Line:0 Function: Type:Debug:
DateTime:2026-08-27 11:11:17.336:"367.2Send:数据转发(设置-模块停电事件有效时长EB040203)：=>68 34 00 43 00 00 00 00 00 3C 52 01 00 03 03 01 10 00 16 19 6B 8A E8 19 00 68 03 01 10 00 16 19 68 14 0D 36 35 37 1E 3B 33 33 33 44 44 44 44 38 10 16 44 16"                            File: Line:0 Function: Type:Debug:
DateTime:2026-08-27 11:11:17.336:"槽位2透传:68120112016840000000000022600000010002013C006834004300000000003C520100030301100016196B8AE819006803011000161968140D3635371E3B3333334444444438101644163C16"                            File: Line:0 Function: Type:Debug:
DateTime:2026-08-27 11:11:17.336:"工装发送：68 12 01 12 01 68 40 00 00 00 00 00 22 60 00 00 01 00 02 01 3C 00 68 34 00 43 00 00 00 00 00 3C 52 01 00 03 03 01 10 00 16 19 6B 8A E8 19 00 68 03 01 10 00 16 19 68 14 0D 36 35 37 1E 3B 33 33 33 44 44 44 44 38 10 16 44 16 3C 16"                            File: Line:0 Function: Type:Debug:
DateTime:2026-08-27 11:11:17.397:"工装接收：68 32 00 32 00 68 80 00 00 00 00 00 00 60 00 00 01 00 E1 16"                            File: Line:0 Function: Type:Debug:
DateTime:2026-08-27 11:11:17.397:"m_baRecvMsg:"                            File: Line:0 Function: Type:Debug:
DateTime:2026-08-27 11:11:17.397:"frameList.size():1"                            File: Line:0 Function: Type:Debug:
DateTime:2026-08-27 11:11:17.397:"进入报文解析"                            File: Line:0 Function: Type:Debug:
DateTime:2026-08-27 11:11:17.397:"68 32 00 32 00 68 80 00 00 00 00 00 00 60 00 00 01 00 E1 16"                            File: Line:0 Function: Type:Debug:
DateTime:2026-08-27 11:11:17.397:"解码完成，功能码: 1"                            File: Line:0 Function: Type:Debug:
DateTime:2026-08-27 11:11:17.397:"工装回复确认帧"                            File: Line:0 Function: Type:Debug:
DateTime:2026-08-27 11:11:17.832:"工装接收：68 CE 00 CE 00 68 80 00 00 00 00 00 22 60 00 00 01 00 02 24 00 68 24 00 80 00 00 00 00 00 3C 52 01 00 03 03 01 10 00 16 19 0C 00 68 03 01 10 00 16 19 68 94 00 A7 16 C5 16 55 16"                            File: Line:0 Function: Type:Debug:
DateTime:2026-08-27 11:11:17.832:"m_baRecvMsg:"                            File: Line:0 Function: Type:Debug:
DateTime:2026-08-27 11:11:17.833:"frameList.size():1"                            File: Line:0 Function: Type:Debug:
DateTime:2026-08-27 11:11:17.833:"进入报文解析"                            File: Line:0 Function: Type:Debug:
DateTime:2026-08-27 11:11:17.833:"68 CE 00 CE 00 68 80 00 00 00 00 00 22 60 00 00 01 00 02 24 00 68 24 00 80 00 00 00 00 00 3C 52 01 00 03 03 01 10 00 16 19 0C 00 68 03 01 10 00 16 19 68 94 00 A7 16 C5 16 55 16"                            File: Line:0 Function: Type:Debug:
DateTime:2026-08-27 11:11:17.833:"解码完成，功能码: 4"                            File: Line:0 Function: Type:Debug:
DateTime:2026-08-27 11:11:17.833:"工装接收到透传报文"                            File: Line:0 Function: Type:Debug:
DateTime:2026-08-27 11:11:17.833:"0224006824008000000000003C520100030301100016190C0068030110001619689400A716C516"                            File: Line:0 Function: Type:Debug:
DateTime:2026-08-27 11:11:17.833:"透传报文内容:68 24 00 80 00 00 00 00 00 3c 52 01 00 03 03 01 10 00 16 19 0c 00 68 03 01 10 00 16 19 68 94 00 a7 16 c5 16"                            File: Line:0 Function: Type:Debug:
DateTime:2026-08-27 11:11:20.352:"uTimeSecond_ms:30000"                            File: Line:0 Function: Type:Debug:
DateTime:2026-08-27 11:11:20.352:"查找结果: iret=0, wStart=0, dwOutLen=36, dwStreamLen=36, dwFindPos=0"                            File: Line:0 Function: Type:Debug:
DateTime:2026-08-27 11:11:20.352:"Receive:<= 68 24 00 80 00 00 00 00 00 3C 52 01 00 03 03 01 10 00 16 19 0C 00 68 03 01 10 00 16 19 68 94 00 A7 16 C5 16"                            File: Line:0 Function: Type:Debug:
DateTime:2026-08-27 11:11:20.352:"解析：功能码-AFN=52H,Fn=1："                            File: Line:0 Function: Type:Debug:
DateTime:2026-08-27 11:11:20.352:"透传回复内容：030301100016190C0068030110001619689400A716"                            File: Line:0 Function: Type:Debug:
DateTime:2026-08-27 11:11:20.352:"设置成功"                            File: Line:0 Function: Type:Debug:
DateTime:2026-08-27 11:11:20.352:dll输出信息: ""                            File: Line:0 Function: Type:Debug:
DateTime:2026-08-27 11:11:20.352:接口函数调用成功，返回的结果为 0                            File: Line:0 Function: Type:Debug:
DateTime:2026-08-27 11:11:20.352:"外部传入的para：0，返回的result：0,返回的pValRet：0"                            File: Line:0 Function: Type:Debug:
DateTime:2026-08-27 11:11:20.352:"执行接口函数CCO_AFN52_F1_EB040203_set完成"                            File: Line:0 Function: Type:Debug:
DateTime:2026-08-27 11:11:20.355:coorIndex 0                            File: Line:0 Function: Type:Debug:
DateTime:2026-08-27 11:11:20.355:当前流程结束                            File: Line:0 Function: Type:Debug:
DateTime:2026-08-27 11:11:20.355:退出connect函数                            File: Line:0 Function: Type:Debug:
DateTime:2026-08-27 11:11:20.355:"=========【Step74-数据转发--EB040203设置模块停电事件有效时长(STA)-设置为初始值】结束=========="                            File: Line:0 Function: Type:Debug:
DateTime:2026-08-27 11:11:20.355:"-----------------------------"                            File: Line:0 Function: Type:Debug:
DateTime:2026-08-27 11:11:20.357:"=============执行【Step75-数据转发--EB0403XX查询上1次停止记录(CCO)】==================="                            File: Line:0 Function: Type:Debug:
DateTime:2026-08-27 11:11:20.357:"执行接口函数CCO_AFN52_F1_EB0403XX"                            File: Line:0 Function: Type:Debug:
DateTime:2026-08-27 11:11:20.357:callWorkFunction: CCO_AFN52_F1_EB0403XX                            File: Line:0 Function: Type:Debug:
DateTime:2026-08-27 11:11:20.357:找到对应函数，进入执行                            File: Line:0 Function: Type:Debug:
DateTime:2026-08-27 11:11:20.860:"等待工装回复超时"                            File: Line:0 Function: Type:Debug:
DateTime:2026-08-27 11:11:20.860:"开始组帧"                            File: Line:0 Function: Type:Debug:
DateTime:2026-08-27 11:11:20.860:"组帧结束"                            File: Line:0 Function: Type:Debug:
DateTime:2026-08-27 11:11:20.860:"367.2Send:数据转发(查询-上1次停上电记录（N=1~10）)：=>68 2B 00 43 00 00 00 00 00 3D 52 01 00 02 12 90 78 56 34 12 6B 8A E8 10 00 68 12 90 78 56 34 12 68 11 04 34 36 37 1E 5A 16 42 16"                            File: Line:0 Function: Type:Debug:
DateTime:2026-08-27 11:11:20.860:"槽位2透传:68EE00EE006840000000000022600000010002013C00682B004300000000003D520100021290785634126B8AE81000681290785634126811043436371E5A1642162F16"                            File: Line:0 Function: Type:Debug:
DateTime:2026-08-27 11:11:20.860:"工装发送：68 EE 00 EE 00 68 40 00 00 00 00 00 22 60 00 00 01 00 02 01 3C 00 68 2B 00 43 00 00 00 00 00 3D 52 01 00 02 12 90 78 56 34 12 6B 8A E8 10 00 68 12 90 78 56 34 12 68 11 04 34 36 37 1E 5A 16 42 16 2F 16"                            File: Line:0 Function: Type:Debug:
DateTime:2026-08-27 11:11:20.910:"工装接收：68 32 00 32 00 68 80 00 00 00 00 00 00 60 00 00 01 00 E1 16"                            File: Line:0 Function: Type:Debug:
DateTime:2026-08-27 11:11:20.910:"m_baRecvMsg:"                            File: Line:0 Function: Type:Debug:
DateTime:2026-08-27 11:11:20.910:"frameList.size():1"                            File: Line:0 Function: Type:Debug:
DateTime:2026-08-27 11:11:20.910:"进入报文解析"                            File: Line:0 Function: Type:Debug:
DateTime:2026-08-27 11:11:20.910:"68 32 00 32 00 68 80 00 00 00 00 00 00 60 00 00 01 00 E1 16"                            File: Line:0 Function: Type:Debug:
DateTime:2026-08-27 11:11:20.910:"解码完成，功能码: 1"                            File: Line:0 Function: Type:Debug:
DateTime:2026-08-27 11:11:20.910:"工装回复确认帧"                            File: Line:0 Function: Type:Debug:
DateTime:2026-08-27 11:11:20.963:"工装接收：68 D2 00 D2 00 68 80 00 00 00 00 00 22 60 00 00 01 00 02 25 00 68 25 00 80 00 00 00 00 00 3D 52 01 00 02 12 90 78 56 34 12 0D 00 68 12 90 78 56 34 12 68 D1 01 35 8D 16 05 16 D7 16"                            File: Line:0 Function: Type:Debug:
DateTime:2026-08-27 11:11:20.963:"m_baRecvMsg:"                            File: Line:0 Function: Type:Debug:
DateTime:2026-08-27 11:11:20.963:"frameList.size():1"                            File: Line:0 Function: Type:Debug:
DateTime:2026-08-27 11:11:20.963:"进入报文解析"                            File: Line:0 Function: Type:Debug:
DateTime:2026-08-27 11:11:20.963:"68 D2 00 D2 00 68 80 00 00 00 00 00 22 60 00 00 01 00 02 25 00 68 25 00 80 00 00 00 00 00 3D 52 01 00 02 12 90 78 56 34 12 0D 00 68 12 90 78 56 34 12 68 D1 01 35 8D 16 05 16 D7 16"                            File: Line:0 Function: Type:Debug:
DateTime:2026-08-27 11:11:20.963:"解码完成，功能码: 4"                            File: Line:0 Function: Type:Debug:
DateTime:2026-08-27 11:11:20.963:"工装接收到透传报文"                            File: Line:0 Function: Type:Debug:
DateTime:2026-08-27 11:11:20.963:"0225006825008000000000003D520100021290785634120D006812907856341268D101358D160516"                            File: Line:0 Function: Type:Debug:
DateTime:2026-08-27 11:11:20.963:"透传报文内容:68 25 00 80 00 00 00 00 00 3d 52 01 00 02 12 90 78 56 34 12 0d 00 68 12 90 78 56 34 12 68 d1 01 35 8d 16 05 16"                            File: Line:0 Function: Type:Debug:
DateTime:2026-08-27 11:11:23.884:"uTimeSecond_ms:30000"                            File: Line:0 Function: Type:Debug:
DateTime:2026-08-27 11:11:23.884:"查找结果: iret=0, wStart=0, dwOutLen=37, dwStreamLen=37, dwFindPos=0"                            File: Line:0 Function: Type:Debug:
DateTime:2026-08-27 11:11:23.884:"Receive:<= 68 25 00 80 00 00 00 00 00 3D 52 01 00 02 12 90 78 56 34 12 0D 00 68 12 90 78 56 34 12 68 D1 01 35 8D 16 05 16"                            File: Line:0 Function: Type:Debug:
DateTime:2026-08-27 11:11:23.884:"解析：功能码-AFN=52H,Fn=1："                            File: Line:0 Function: Type:Debug:
DateTime:2026-08-27 11:11:23.884:"透传回复内容：021290785634120D006812907856341268D101358D16"                            File: Line:0 Function: Type:Debug:
DateTime:2026-08-27 11:11:23.884:"DL/T645-2007协议 回复报文信息：控制码：d1 "                            File: Line:0 Function: Type:Debug:
DateTime:2026-08-27 11:11:23.884:"不支持"                            File: Line:0 Function: Type:Debug:
DateTime:2026-08-27 11:11:23.884:dll输出信息: ""                            File: Line:0 Function: Type:Debug:
DateTime:2026-08-27 11:11:23.884:接口函数调用成功，返回的结果为 -1                            File: Line:0 Function: Type:Debug:
DateTime:2026-08-27 11:11:23.884:"外部传入的para：0，返回的result：-1,返回的pValRet：-1"                            File: Line:0 Function: Type:Debug:
DateTime:2026-08-27 11:11:23.884:返回结果不满足预期值                            File: Line:0 Function: Type:Debug:
DateTime:2026-08-27 11:11:23.887:coorIndex 0                            File: Line:0 Function: Type:Debug:
DateTime:2026-08-27 11:11:23.887:当前流程结束                            File: Line:0 Function: Type:Debug:
DateTime:2026-08-27 11:11:23.887:退出connect函数                            File: Line:0 Function: Type:Debug:
DateTime:2026-08-27 11:11:23.887:"=========【Step75-数据转发--EB0403XX查询上1次停止记录(CCO)】结束=========="                            File: Line:0 Function: Type:Debug:
DateTime:2026-08-27 11:11:23.887:"-----------------------------"                            File: Line:0 Function: Type:Debug:
DateTime:2026-08-27 11:11:23.889:"=============执行【Step76-数据转发--EB0403XX查询上1次停止记录(STA)】==================="                            File: Line:0 Function: Type:Debug:
DateTime:2026-08-27 11:11:23.889:"执行接口函数CCO_AFN52_F1_EB0403XX"                            File: Line:0 Function: Type:Debug:
DateTime:2026-08-27 11:11:23.889:callWorkFunction: CCO_AFN52_F1_EB0403XX                            File: Line:0 Function: Type:Debug:
DateTime:2026-08-27 11:11:23.889:找到对应函数，进入执行                            File: Line:0 Function: Type:Debug:
DateTime:2026-08-27 11:11:24.393:"等待工装回复超时"                            File: Line:0 Function: Type:Debug:
DateTime:2026-08-27 11:11:24.393:"开始组帧"                            File: Line:0 Function: Type:Debug:
DateTime:2026-08-27 11:11:24.393:"组帧结束"                            File: Line:0 Function: Type:Debug:
DateTime:2026-08-27 11:11:24.393:"367.2Send:数据转发(查询-上1次停上电记录（N=1~10）)：=>68 2B 00 43 00 00 00 00 00 3E 52 01 00 03 03 01 10 00 16 19 6B 8A E8 10 00 68 03 01 10 00 16 19 68 11 04 34 36 37 1E E7 16 EB 16"                            File: Line:0 Function: Type:Debug:
DateTime:2026-08-27 11:11:24.393:"槽位2透传:68EE00EE006840000000000022600000010002013C00682B004300000000003E520100030301100016196B8AE81000680301100016196811043436371EE716EB168116"                            File: Line:0 Function: Type:Debug:
DateTime:2026-08-27 11:11:24.393:"工装发送：68 EE 00 EE 00 68 40 00 00 00 00 00 22 60 00 00 01 00 02 01 3C 00 68 2B 00 43 00 00 00 00 00 3E 52 01 00 03 03 01 10 00 16 19 6B 8A E8 10 00 68 03 01 10 00 16 19 68 11 04 34 36 37 1E E7 16 EB 16 81 16"                            File: Line:0 Function: Type:Debug:
DateTime:2026-08-27 11:11:24.443:"工装接收：68 32 00 32 00 68 80 00 00 00 00 00 00 60 00 00 01 00 E1 16"                            File: Line:0 Function: Type:Debug:
DateTime:2026-08-27 11:11:24.443:"m_baRecvMsg:"                            File: Line:0 Function: Type:Debug:
DateTime:2026-08-27 11:11:24.443:"frameList.size():1"                            File: Line:0 Function: Type:Debug:
DateTime:2026-08-27 11:11:24.443:"进入报文解析"                            File: Line:0 Function: Type:Debug:
DateTime:2026-08-27 11:11:24.443:"68 32 00 32 00 68 80 00 00 00 00 00 00 60 00 00 01 00 E1 16"                            File: Line:0 Function: Type:Debug:
DateTime:2026-08-27 11:11:24.443:"解码完成，功能码: 1"                            File: Line:0 Function: Type:Debug:
DateTime:2026-08-27 11:11:24.443:"工装回复确认帧"                            File: Line:0 Function: Type:Debug:
DateTime:2026-08-27 11:11:25.496:"工装接收：68 0E 01 0E 01 68 80 00 00 00 00 00 22 60 00 00 01 00 02 34 00 68 34 00 80 00 00 00 00 00 3E 52 01 00 03 03 01 10 00 16 19 1C 00 68 03 01 10 00 16 19 68 91 10 34 36 37 1E 87 8A 43 5A 3B 59 54 8B 43 5A 3B 59 C5 16 13 16 11 16"                            File: Line:0 Function: Type:Debug:
DateTime:2026-08-27 11:11:25.496:"m_baRecvMsg:"                            File: Line:0 Function: Type:Debug:
DateTime:2026-08-27 11:11:25.496:"frameList.size():1"                            File: Line:0 Function: Type:Debug:
DateTime:2026-08-27 11:11:25.496:"进入报文解析"                            File: Line:0 Function: Type:Debug:
DateTime:2026-08-27 11:11:25.496:"68 0E 01 0E 01 68 80 00 00 00 00 00 22 60 00 00 01 00 02 34 00 68 34 00 80 00 00 00 00 00 3E 52 01 00 03 03 01 10 00 16 19 1C 00 68 03 01 10 00 16 19 68 91 10 34 36 37 1E 87 8A 43 5A 3B 59 54 8B 43 5A 3B 59 C5 16 13 16 11 16"                            File: Line:0 Function: Type:Debug:
DateTime:2026-08-27 11:11:25.496:"解码完成，功能码: 4"                            File: Line:0 Function: Type:Debug:
DateTime:2026-08-27 11:11:25.496:"工装接收到透传报文"                            File: Line:0 Function: Type:Debug:
DateTime:2026-08-27 11:11:25.497:"0234006834008000000000003E520100030301100016191C00680301100016196891103436371E878A435A3B59548B435A3B59C5161316"                            File: Line:0 Function: Type:Debug:
DateTime:2026-08-27 11:11:25.497:"透传报文内容:68 34 00 80 00 00 00 00 00 3e 52 01 00 03 03 01 10 00 16 19 1c 00 68 03 01 10 00 16 19 68 91 10 34 36 37 1e 87 8a 43 5a 3b 59 54 8b 43 5a 3b 59 c5 16 13 16"                            File: Line:0 Function: Type:Debug:
DateTime:2026-08-27 11:11:27.411:"uTimeSecond_ms:30000"                            File: Line:0 Function: Type:Debug:
DateTime:2026-08-27 11:11:27.411:"查找结果: iret=0, wStart=0, dwOutLen=52, dwStreamLen=52, dwFindPos=0"                            File: Line:0 Function: Type:Debug:
DateTime:2026-08-27 11:11:27.411:"Receive:<= 68 34 00 80 00 00 00 00 00 3E 52 01 00 03 03 01 10 00 16 19 1C 00 68 03 01 10 00 16 19 68 91 10 34 36 37 1E 87 8A 43 5A 3B 59 54 8B 43 5A 3B 59 C5 16 13 16"                            File: Line:0 Function: Type:Debug:
DateTime:2026-08-27 11:11:27.411:"解析：功能码-AFN=52H,Fn=1："                            File: Line:0 Function: Type:Debug:
DateTime:2026-08-27 11:11:27.411:"透传回复内容：030301100016191C00680301100016196891103436371E878A435A3B59548B435A3B59C516"                            File: Line:0 Function: Type:Debug:
DateTime:2026-08-27 11:11:27.411:"DL/T645-2007协议 回复报文信息：控制码：91,数据标识：EB040301，数据域(需倒序解析)：545710270826215810270826"                            File: Line:0 Function: Type:Debug:
DateTime:2026-08-27 11:11:27.411:"停电时刻：260827105754，上电时刻：260827105821"                            File: Line:0 Function: Type:Debug:
DateTime:2026-08-27 11:11:27.411:dll输出信息: ""                            File: Line:0 Function: Type:Debug:
DateTime:2026-08-27 11:11:27.411:接口函数调用成功，返回的结果为 0                            File: Line:0 Function: Type:Debug:
DateTime:2026-08-27 11:11:27.411:"外部传入的para：0，返回的result：0,返回的pValRet：0"                            File: Line:0 Function: Type:Debug:
DateTime:2026-08-27 11:11:27.411:"执行接口函数CCO_AFN52_F1_EB0403XX完成"                            File: Line:0 Function: Type:Debug:
DateTime:2026-08-27 11:11:27.414:coorIndex 0                            File: Line:0 Function: Type:Debug:
DateTime:2026-08-27 11:11:27.414:当前流程结束                            File: Line:0 Function: Type:Debug:
DateTime:2026-08-27 11:11:27.414:退出connect函数                            File: Line:0 Function: Type:Debug:
DateTime:2026-08-27 11:11:27.414:"=========【Step76-数据转发--EB0403XX查询上1次停止记录(STA)】结束=========="                            File: Line:0 Function: Type:Debug:
DateTime:2026-08-27 11:11:27.414:"-----------------------------"                            File: Line:0 Function: Type:Debug:
DateTime:2026-08-27 11:11:27.416:"=============执行【Step77-数据转发--EB040502查询CCO与集中器当前通信接口】==================="                            File: Line:0 Function: Type:Debug:
DateTime:2026-08-27 11:11:27.417:"执行接口函数CCO_AFN52_F1_EB040502"                            File: Line:0 Function: Type:Debug:
DateTime:2026-08-27 11:11:27.417:callWorkFunction: CCO_AFN52_F1_EB040502                            File: Line:0 Function: Type:Debug:
DateTime:2026-08-27 11:11:27.417:找到对应函数，进入执行                            File: Line:0 Function: Type:Debug:
DateTime:2026-08-27 11:11:27.920:"等待工装回复超时"                            File: Line:0 Function: Type:Debug:
DateTime:2026-08-27 11:11:27.920:"开始组帧"                            File: Line:0 Function: Type:Debug:
DateTime:2026-08-27 11:11:27.920:"组帧结束"                            File: Line:0 Function: Type:Debug:
DateTime:2026-08-27 11:11:27.920:"367.2Send:数据转发(查询-CCO与集中器当前通信接口 EB040502)：=>68 2B 00 43 00 00 00 00 00 3F 52 01 00 02 12 90 78 56 34 12 6B 8A E8 10 00 68 12 90 78 56 34 12 68 11 04 35 38 37 1E 5D 16 4A 16"                            File: Line:0 Function: Type:Debug:
DateTime:2026-08-27 11:11:27.920:"槽位2透传:68EE00EE006840000000000022600000010002013C00682B004300000000003F520100021290785634126B8AE81000681290785634126811043538371E5D164A163F16"                            File: Line:0 Function: Type:Debug:
DateTime:2026-08-27 11:11:27.920:"工装发送：68 EE 00 EE 00 68 40 00 00 00 00 00 22 60 00 00 01 00 02 01 3C 00 68 2B 00 43 00 00 00 00 00 3F 52 01 00 02 12 90 78 56 34 12 6B 8A E8 10 00 68 12 90 78 56 34 12 68 11 04 35 38 37 1E 5D 16 4A 16 3F 16"                            File: Line:0 Function: Type:Debug:
DateTime:2026-08-27 11:11:27.970:"工装接收：68 32 00 32 00 68 80 00 00 00 00 00 00 60 00 00 01 00 E1 16"                            File: Line:0 Function: Type:Debug:
DateTime:2026-08-27 11:11:27.970:"m_baRecvMsg:"                            File: Line:0 Function: Type:Debug:
DateTime:2026-08-27 11:11:27.970:"frameList.size():1"                            File: Line:0 Function: Type:Debug:
DateTime:2026-08-27 11:11:27.970:"进入报文解析"                            File: Line:0 Function: Type:Debug:
DateTime:2026-08-27 11:11:27.970:"68 32 00 32 00 68 80 00 00 00 00 00 00 60 00 00 01 00 E1 16"                            File: Line:0 Function: Type:Debug:
DateTime:2026-08-27 11:11:27.970:"解码完成，功能码: 1"                            File: Line:0 Function: Type:Debug:
DateTime:2026-08-27 11:11:27.971:"工装回复确认帧"                            File: Line:0 Function: Type:Debug:
DateTime:2026-08-27 11:11:28.025:"工装接收：68 E2 00 E2 00 68 80 00 00 00 00 00 22 60 00 00 01 00 02 29 00 68 29 00 80 00 00 00 00 00 3F 52 01 00 02 12 90 78 56 34 12 11 00 68 12 90 78 56 34 12 68 91 05 35 38 37 1E 33 11 16 13 16 FB 16"                            File: Line:0 Function: Type:Debug:
DateTime:2026-08-27 11:11:28.026:"m_baRecvMsg:"                            File: Line:0 Function: Type:Debug:
DateTime:2026-08-27 11:11:28.026:"frameList.size():1"                            File: Line:0 Function: Type:Debug:
DateTime:2026-08-27 11:11:28.026:"进入报文解析"                            File: Line:0 Function: Type:Debug:
DateTime:2026-08-27 11:11:28.026:"68 E2 00 E2 00 68 80 00 00 00 00 00 22 60 00 00 01 00 02 29 00 68 29 00 80 00 00 00 00 00 3F 52 01 00 02 12 90 78 56 34 12 11 00 68 12 90 78 56 34 12 68 91 05 35 38 37 1E 33 11 16 13 16 FB 16"                            File: Line:0 Function: Type:Debug:
DateTime:2026-08-27 11:11:28.026:"解码完成，功能码: 4"                            File: Line:0 Function: Type:Debug:
DateTime:2026-08-27 11:11:28.026:"工装接收到透传报文"                            File: Line:0 Function: Type:Debug:
DateTime:2026-08-27 11:11:28.026:"0229006829008000000000003F520100021290785634121100681290785634126891053538371E3311161316"                            File: Line:0 Function: Type:Debug:
DateTime:2026-08-27 11:11:28.026:"透传报文内容:68 29 00 80 00 00 00 00 00 3f 52 01 00 02 12 90 78 56 34 12 11 00 68 12 90 78 56 34 12 68 91 05 35 38 37 1e 33 11 16 13 16"                            File: Line:0 Function: Type:Debug:
DateTime:2026-08-27 11:11:30.947:"uTimeSecond_ms:30000"                            File: Line:0 Function: Type:Debug:
DateTime:2026-08-27 11:11:30.947:"查找结果: iret=0, wStart=0, dwOutLen=41, dwStreamLen=41, dwFindPos=0"                            File: Line:0 Function: Type:Debug:
DateTime:2026-08-27 11:11:30.947:"Receive:<= 68 29 00 80 00 00 00 00 00 3F 52 01 00 02 12 90 78 56 34 12 11 00 68 12 90 78 56 34 12 68 91 05 35 38 37 1E 33 11 16 13 16"                            File: Line:0 Function: Type:Debug:
DateTime:2026-08-27 11:11:30.947:"解析：功能码-AFN=52H,Fn=1："                            File: Line:0 Function: Type:Debug:
DateTime:2026-08-27 11:11:30.947:"透传回复内容：021290785634121100681290785634126891053538371E331116"                            File: Line:0 Function: Type:Debug:
DateTime:2026-08-27 11:11:30.947:"DL/T645-2007协议 回复报文信息：控制码：91,数据标识：EB040502，数据域(需倒序解析)：00"                            File: Line:0 Function: Type:Debug:
DateTime:2026-08-27 11:11:30.947:"CCO与集中器当前通信接口：串口"                            File: Line:0 Function: Type:Debug:
DateTime:2026-08-27 11:11:30.947:dll输出信息: ""                            File: Line:0 Function: Type:Debug:
DateTime:2026-08-27 11:11:30.947:接口函数调用成功，返回的结果为 0                            File: Line:0 Function: Type:Debug:
DateTime:2026-08-27 11:11:30.947:"外部传入的para：0，返回的result：0,返回的pValRet：0"                            File: Line:0 Function: Type:Debug:
DateTime:2026-08-27 11:11:30.947:"执行接口函数CCO_AFN52_F1_EB040502完成"                            File: Line:0 Function: Type:Debug:
DateTime:2026-08-27 11:11:30.950:coorIndex 0                            File: Line:0 Function: Type:Debug:
DateTime:2026-08-27 11:11:30.950:当前流程结束                            File: Line:0 Function: Type:Debug:
DateTime:2026-08-27 11:11:30.950:退出connect函数                            File: Line:0 Function: Type:Debug:
DateTime:2026-08-27 11:11:30.950:"=========【Step77-数据转发--EB040502查询CCO与集中器当前通信接口】结束=========="                            File: Line:0 Function: Type:Debug:
DateTime:2026-08-27 11:11:30.950:"-----------------------------"                            File: Line:0 Function: Type:Debug:
DateTime:2026-08-27 11:11:30.953:"=============执行【Step78-数据转发--EB040503查询存量CCO加工处理的事件主动上报方式(默认645)】==================="                            File: Line:0 Function: Type:Debug:
DateTime:2026-08-27 11:11:30.953:"执行接口函数CCO_AFN52_F1_EB040503_read"                            File: Line:0 Function: Type:Debug:
DateTime:2026-08-27 11:11:30.953:callWorkFunction: CCO_AFN52_F1_EB040503_read                            File: Line:0 Function: Type:Debug:
DateTime:2026-08-27 11:11:30.953:找到对应函数，进入执行                            File: Line:0 Function: Type:Debug:
DateTime:2026-08-27 11:11:31.457:"等待工装回复超时"                            File: Line:0 Function: Type:Debug:
DateTime:2026-08-27 11:11:31.457:"开始组帧"                            File: Line:0 Function: Type:Debug:
DateTime:2026-08-27 11:11:31.457:"组帧结束"                            File: Line:0 Function: Type:Debug:
DateTime:2026-08-27 11:11:31.457:"367.2Send:数据转发(查询-存量CCO加工处理的事件主动上报方式 EB040503)：=>68 2B 00 43 00 00 00 00 00 40 52 01 00 02 12 90 78 56 34 12 6B 8A E8 10 00 68 12 90 78 56 34 12 68 11 04 36 38 37 1E 5E 16 4D 16"                            File: Line:0 Function: Type:Debug:
DateTime:2026-08-27 11:11:31.457:"槽位2透传:68EE00EE006840000000000022600000010002013C00682B0043000000000040520100021290785634126B8AE81000681290785634126811043638371E5E164D164516"                            File: Line:0 Function: Type:Debug:
DateTime:2026-08-27 11:11:31.457:"工装发送：68 EE 00 EE 00 68 40 00 00 00 00 00 22 60 00 00 01 00 02 01 3C 00 68 2B 00 43 00 00 00 00 00 40 52 01 00 02 12 90 78 56 34 12 6B 8A E8 10 00 68 12 90 78 56 34 12 68 11 04 36 38 37 1E 5E 16 4D 16 45 16"                            File: Line:0 Function: Type:Debug:
DateTime:2026-08-27 11:11:31.507:"工装接收：68 32 00 32 00 68 80 00 00 00 00 00 00 60 00 00 01 00 E1 16"                            File: Line:0 Function: Type:Debug:
DateTime:2026-08-27 11:11:31.507:"m_baRecvMsg:"                            File: Line:0 Function: Type:Debug:
DateTime:2026-08-27 11:11:31.507:"frameList.size():1"                            File: Line:0 Function: Type:Debug:
DateTime:2026-08-27 11:11:31.507:"进入报文解析"                            File: Line:0 Function: Type:Debug:
DateTime:2026-08-27 11:11:31.507:"68 32 00 32 00 68 80 00 00 00 00 00 00 60 00 00 01 00 E1 16"                            File: Line:0 Function: Type:Debug:
DateTime:2026-08-27 11:11:31.507:"解码完成，功能码: 1"                            File: Line:0 Function: Type:Debug:
DateTime:2026-08-27 11:11:31.507:"工装回复确认帧"                            File: Line:0 Function: Type:Debug:
DateTime:2026-08-27 11:11:31.562:"工装接收：68 E2 00 E2 00 68 80 00 00 00 00 00 22 60 00 00 01 00 02 29 00 68 29 00 80 00 00 00 00 00 40 52 01 00 02 12 90 78 56 34 12 11 00 68 12 90 78 56 34 12 68 91 05 36 38 37 1E 33 12 16 16 16 01 16"                            File: Line:0 Function: Type:Debug:
DateTime:2026-08-27 11:11:31.562:"m_baRecvMsg:"                            File: Line:0 Function: Type:Debug:
DateTime:2026-08-27 11:11:31.562:"frameList.size():1"                            File: Line:0 Function: Type:Debug:
DateTime:2026-08-27 11:11:31.562:"进入报文解析"                            File: Line:0 Function: Type:Debug:
DateTime:2026-08-27 11:11:31.562:"68 E2 00 E2 00 68 80 00 00 00 00 00 22 60 00 00 01 00 02 29 00 68 29 00 80 00 00 00 00 00 40 52 01 00 02 12 90 78 56 34 12 11 00 68 12 90 78 56 34 12 68 91 05 36 38 37 1E 33 12 16 16 16 01 16"                            File: Line:0 Function: Type:Debug:
DateTime:2026-08-27 11:11:31.562:"解码完成，功能码: 4"                            File: Line:0 Function: Type:Debug:
DateTime:2026-08-27 11:11:31.562:"工装接收到透传报文"                            File: Line:0 Function: Type:Debug:
DateTime:2026-08-27 11:11:31.562:"02290068290080000000000040520100021290785634121100681290785634126891053638371E3312161616"                            File: Line:0 Function: Type:Debug:
DateTime:2026-08-27 11:11:31.562:"透传报文内容:68 29 00 80 00 00 00 00 00 40 52 01 00 02 12 90 78 56 34 12 11 00 68 12 90 78 56 34 12 68 91 05 36 38 37 1e 33 12 16 16 16"                            File: Line:0 Function: Type:Debug:
DateTime:2026-08-27 11:11:34.483:"uTimeSecond_ms:30000"                            File: Line:0 Function: Type:Debug:
DateTime:2026-08-27 11:11:34.483:"查找结果: iret=0, wStart=0, dwOutLen=41, dwStreamLen=41, dwFindPos=0"                            File: Line:0 Function: Type:Debug:
DateTime:2026-08-27 11:11:34.483:"Receive:<= 68 29 00 80 00 00 00 00 00 40 52 01 00 02 12 90 78 56 34 12 11 00 68 12 90 78 56 34 12 68 91 05 36 38 37 1E 33 12 16 16 16"                            File: Line:0 Function: Type:Debug:
DateTime:2026-08-27 11:11:34.483:"解析：功能码-AFN=52H,Fn=1："                            File: Line:0 Function: Type:Debug:
DateTime:2026-08-27 11:11:34.483:"透传回复内容：021290785634121100681290785634126891053638371E331216"                            File: Line:0 Function: Type:Debug:
DateTime:2026-08-27 11:11:34.483:"DL/T645-2007协议 回复报文信息：控制码：91,数据标识：EB040503，数据域(需倒序解析)：00"                            File: Line:0 Function: Type:Debug:
DateTime:2026-08-27 11:11:34.483:"存量CCO加工处理的事件主动上报方式：645（默认）"                            File: Line:0 Function: Type:Debug:
DateTime:2026-08-27 11:11:34.483:dll输出信息: ""                            File: Line:0 Function: Type:Debug:
DateTime:2026-08-27 11:11:34.483:接口函数调用成功，返回的结果为 0                            File: Line:0 Function: Type:Debug:
DateTime:2026-08-27 11:11:34.483:"外部传入的para：0，返回的result：0,返回的pValRet：0"                            File: Line:0 Function: Type:Debug:
DateTime:2026-08-27 11:11:34.483:"执行接口函数CCO_AFN52_F1_EB040503_read完成"                            File: Line:0 Function: Type:Debug:
DateTime:2026-08-27 11:11:34.486:coorIndex 0                            File: Line:0 Function: Type:Debug:
DateTime:2026-08-27 11:11:34.486:当前流程结束                            File: Line:0 Function: Type:Debug:
DateTime:2026-08-27 11:11:34.486:退出connect函数                            File: Line:0 Function: Type:Debug:
DateTime:2026-08-27 11:11:34.486:"=========【Step78-数据转发--EB040503查询存量CCO加工处理的事件主动上报方式(默认645)】结束=========="                            File: Line:0 Function: Type:Debug:
DateTime:2026-08-27 11:11:34.486:"-----------------------------"                            File: Line:0 Function: Type:Debug:
DateTime:2026-08-27 11:11:34.488:"=============执行【Step79-数据转发--EB040503设置存量CCO加工处理的事件主动上报方式(设置为698)】==================="                            File: Line:0 Function: Type:Debug:
DateTime:2026-08-27 11:11:34.488:"执行接口函数CCO_AFN52_F1_EB040503_set"                            File: Line:0 Function: Type:Debug:
DateTime:2026-08-27 11:11:34.488:callWorkFunction: CCO_AFN52_F1_EB040503_set                            File: Line:0 Function: Type:Debug:
DateTime:2026-08-27 11:11:34.488:找到对应函数，进入执行                            File: Line:0 Function: Type:Debug:
DateTime:2026-08-27 11:11:34.993:"等待工装回复超时"                            File: Line:0 Function: Type:Debug:
DateTime:2026-08-27 11:11:34.993:"开始组帧"                            File: Line:0 Function: Type:Debug:
DateTime:2026-08-27 11:11:34.993:"组帧结束"                            File: Line:0 Function: Type:Debug:
DateTime:2026-08-27 11:11:34.993:"367.2Send:数据转发(设置-存量CCO加工处理的事件主动上报方式EB040503)：=>68 34 00 43 00 00 00 00 00 41 52 01 00 02 12 90 78 56 34 12 6B 8A E8 19 00 68 12 90 78 56 34 12 68 14 0D 36 38 37 1E 3B 33 33 33 44 44 44 44 34 82 16 9F 16"                            File: Line:0 Function: Type:Debug:
DateTime:2026-08-27 11:11:34.993:"槽位2透传:68120112016840000000000022600000010002013C0068340043000000000041520100021290785634126B8AE819006812907856341268140D3638371E3B333333444444443482169F16F216"                            File: Line:0 Function: Type:Debug:
DateTime:2026-08-27 11:11:34.993:"工装发送：68 12 01 12 01 68 40 00 00 00 00 00 22 60 00 00 01 00 02 01 3C 00 68 34 00 43 00 00 00 00 00 41 52 01 00 02 12 90 78 56 34 12 6B 8A E8 19 00 68 12 90 78 56 34 12 68 14 0D 36 38 37 1E 3B 33 33 33 44 44 44 44 34 82 16 9F 16 F2 16"                            File: Line:0 Function: Type:Debug:
DateTime:2026-08-27 11:11:35.053:"工装接收：68 32 00 32 00 68 80 00 00 00 00 00 00 60 00 00 01 00 E1 16"                            File: Line:0 Function: Type:Debug:
DateTime:2026-08-27 11:11:35.053:"m_baRecvMsg:"                            File: Line:0 Function: Type:Debug:
DateTime:2026-08-27 11:11:35.053:"frameList.size():1"                            File: Line:0 Function: Type:Debug:
DateTime:2026-08-27 11:11:35.053:"进入报文解析"                            File: Line:0 Function: Type:Debug:
DateTime:2026-08-27 11:11:35.053:"68 32 00 32 00 68 80 00 00 00 00 00 00 60 00 00 01 00 E1 16"                            File: Line:0 Function: Type:Debug:
DateTime:2026-08-27 11:11:35.053:"解码完成，功能码: 1"                            File: Line:0 Function: Type:Debug:
DateTime:2026-08-27 11:11:35.053:"工装回复确认帧"                            File: Line:0 Function: Type:Debug:
DateTime:2026-08-27 11:11:35.162:"工装接收：68 CE 00 CE 00 68 80 00 00 00 00 00 22 60 00 00 01 00 02 24 00 68 24 00 80 00 00 00 00 00 41 52 01 00 02 12 90 78 56 34 12 0C 00 68 12 90 78 56 34 12 68 94 00 1A 16 22 16 0F 16"                            File: Line:0 Function: Type:Debug:
DateTime:2026-08-27 11:11:35.163:"m_baRecvMsg:"                            File: Line:0 Function: Type:Debug:
DateTime:2026-08-27 11:11:35.163:"frameList.size():1"                            File: Line:0 Function: Type:Debug:
DateTime:2026-08-27 11:11:35.163:"进入报文解析"                            File: Line:0 Function: Type:Debug:
DateTime:2026-08-27 11:11:35.163:"68 CE 00 CE 00 68 80 00 00 00 00 00 22 60 00 00 01 00 02 24 00 68 24 00 80 00 00 00 00 00 41 52 01 00 02 12 90 78 56 34 12 0C 00 68 12 90 78 56 34 12 68 94 00 1A 16 22 16 0F 16"                            File: Line:0 Function: Type:Debug:
DateTime:2026-08-27 11:11:35.163:"解码完成，功能码: 4"                            File: Line:0 Function: Type:Debug:
DateTime:2026-08-27 11:11:35.163:"工装接收到透传报文"                            File: Line:0 Function: Type:Debug:
DateTime:2026-08-27 11:11:35.163:"02240068240080000000000041520100021290785634120C00681290785634126894001A162216"                            File: Line:0 Function: Type:Debug:
DateTime:2026-08-27 11:11:35.163:"透传报文内容:68 24 00 80 00 00 00 00 00 41 52 01 00 02 12 90 78 56 34 12 0c 00 68 12 90 78 56 34 12 68 94 00 1a 16 22 16"                            File: Line:0 Function: Type:Debug:
DateTime:2026-08-27 11:11:37.137:"工装接收：68 7A 00 7A 00 68 80 00 00 00 00 00 22 60 00 00 01 00 02 0F 00 68 0F 00 C3 00 00 00 00 00 15 14 02 00 EE 16 7D 16"                            File: Line:0 Function: Type:Debug:
DateTime:2026-08-27 11:11:37.137:"m_baRecvMsg:"                            File: Line:0 Function: Type:Debug:
DateTime:2026-08-27 11:11:37.137:"frameList.size():1"                            File: Line:0 Function: Type:Debug:
DateTime:2026-08-27 11:11:37.137:"进入报文解析"                            File: Line:0 Function: Type:Debug:
DateTime:2026-08-27 11:11:37.137:"68 7A 00 7A 00 68 80 00 00 00 00 00 22 60 00 00 01 00 02 0F 00 68 0F 00 C3 00 00 00 00 00 15 14 02 00 EE 16 7D 16"                            File: Line:0 Function: Type:Debug:
DateTime:2026-08-27 11:11:37.137:"解码完成，功能码: 4"                            File: Line:0 Function: Type:Debug:
DateTime:2026-08-27 11:11:37.137:"工装接收到透传报文"                            File: Line:0 Function: Type:Debug:
DateTime:2026-08-27 11:11:37.137:"020F00680F00C3000000000015140200EE16"                            File: Line:0 Function: Type:Debug:
DateTime:2026-08-27 11:11:37.137:"透传报文内容:68 0f 00 c3 00 00 00 00 00 15 14 02 00 ee 16"                            File: Line:0 Function: Type:Debug:
DateTime:2026-08-27 11:11:38.043:"uTimeSecond_ms:30000"                            File: Line:0 Function: Type:Debug:
DateTime:2026-08-27 11:11:38.043:"查找结果: iret=0, wStart=0, dwOutLen=36, dwStreamLen=51, dwFindPos=0"                            File: Line:0 Function: Type:Debug:
DateTime:2026-08-27 11:11:38.043:"Receive:<= 68 24 00 80 00 00 00 00 00 41 52 01 00 02 12 90 78 56 34 12 0C 00 68 12 90 78 56 34 12 68 94 00 1A 16 22 16"                            File: Line:0 Function: Type:Debug:
DateTime:2026-08-27 11:11:38.043:"解析：功能码-AFN=52H,Fn=1："                            File: Line:0 Function: Type:Debug:
DateTime:2026-08-27 11:11:38.043:"查找结果: iret=0, wStart=0, dwOutLen=15, dwStreamLen=15, dwFindPos=36"                            File: Line:0 Function: Type:Debug:
DateTime:2026-08-27 11:11:38.043:"Receive:<= 68 0F 00 C3 00 00 00 00 00 15 14 02 00 EE 16"                            File: Line:0 Function: Type:Debug:
DateTime:2026-08-27 11:11:38.043:"解析：功能码-AFN=14H,Fn=2："                            File: Line:0 Function: Type:Debug:
DateTime:2026-08-27 11:11:38.043:"Send(回复路由请求集中器时钟)：=> 68 15 00 03 00 00 00 00 00 15 14 02 00 38 11 11 27 08 26 DD 16"                            File: Line:0 Function: Type:Debug:
DateTime:2026-08-27 11:11:38.043:"槽位2透传:68960096006840000000000022600000010002013C0068150003000000000015140200381111270826DD164F16"                            File: Line:0 Function: Type:Debug:
DateTime:2026-08-27 11:11:38.043:"工装发送：68 96 00 96 00 68 40 00 00 00 00 00 22 60 00 00 01 00 02 01 3C 00 68 15 00 03 00 00 00 00 00 15 14 02 00 38 11 11 27 08 26 DD 16 4F 16"                            File: Line:0 Function: Type:Debug:
DateTime:2026-08-27 11:11:38.043:"透传回复内容：021290785634120C00681290785634126894001A16"                            File: Line:0 Function: Type:Debug:
DateTime:2026-08-27 11:11:38.043:"设置成功"                            File: Line:0 Function: Type:Debug:
DateTime:2026-08-27 11:11:38.043:dll输出信息: ""                            File: Line:0 Function: Type:Debug:
DateTime:2026-08-27 11:11:38.044:接口函数调用成功，返回的结果为 0                            File: Line:0 Function: Type:Debug:
DateTime:2026-08-27 11:11:38.044:"外部传入的para：0，返回的result：0,返回的pValRet：0"                            File: Line:0 Function: Type:Debug:
DateTime:2026-08-27 11:11:38.044:"执行接口函数CCO_AFN52_F1_EB040503_set完成"                            File: Line:0 Function: Type:Debug:
DateTime:2026-08-27 11:11:38.047:coorIndex 0                            File: Line:0 Function: Type:Debug:
DateTime:2026-08-27 11:11:38.047:当前流程结束                            File: Line:0 Function: Type:Debug:
DateTime:2026-08-27 11:11:38.047:退出connect函数                            File: Line:0 Function: Type:Debug:
DateTime:2026-08-27 11:11:38.047:"=========【Step79-数据转发--EB040503设置存量CCO加工处理的事件主动上报方式(设置为698)】结束=========="                            File: Line:0 Function: Type:Debug:
DateTime:2026-08-27 11:11:38.047:"-----------------------------"                            File: Line:0 Function: Type:Debug:
DateTime:2026-08-27 11:11:38.049:"=============执行【Step80-数据转发--EB040503查询存量CCO加工处理的事件主动上报方式(698)】==================="                            File: Line:0 Function: Type:Debug:
DateTime:2026-08-27 11:11:38.049:"执行接口函数CCO_AFN52_F1_EB040503_read"                            File: Line:0 Function: Type:Debug:
DateTime:2026-08-27 11:11:38.049:callWorkFunction: CCO_AFN52_F1_EB040503_read                            File: Line:0 Function: Type:Debug:
DateTime:2026-08-27 11:11:38.049:找到对应函数，进入执行                            File: Line:0 Function: Type:Debug:
DateTime:2026-08-27 11:11:38.068:"工装接收：68 32 00 32 00 68 80 00 00 00 00 00 00 60 00 00 01 00 E1 16"                            File: Line:0 Function: Type:Debug:
DateTime:2026-08-27 11:11:38.068:"m_baRecvMsg:"                            File: Line:0 Function: Type:Debug:
DateTime:2026-08-27 11:11:38.068:"rameList.size():"                            File: Line:0 Function: Type:Debug:
DateTime:2026-08-27 11:11:38.068:"进入报文解析"                            File: Line:0 Function: Type:Debug:
DateTime:2026-08-27 11:11:38.068:"68 32 00 32 00 68 80 00 00 00 00 00 00 60 00 00 01 00 E1 16"                            File: Line:0 Function: Type:Debug:
DateTime:2026-08-27 11:11:38.068:"解码完成，功能码: 1"                            File: Line:0 Function: Type:Debug:
DateTime:2026-08-27 11:11:38.068:"工装回复确认帧"                            File: Line:0 Function: Type:Debug:
DateTime:2026-08-27 11:11:39.076:"等待工装回复超时"                            File: Line:0 Function: Type:Debug:
DateTime:2026-08-27 11:11:39.076:"开始组帧"                            File: Line:0 Function: Type:Debug:
DateTime:2026-08-27 11:11:39.076:"组帧结束"                            File: Line:0 Function: Type:Debug:
DateTime:2026-08-27 11:11:39.076:"367.2Send:数据转发(查询-存量CCO加工处理的事件主动上报方式 EB040503)：=>68 2B 00 43 00 00 00 00 00 42 52 01 00 02 12 90 78 56 34 12 6B 8A E8 10 00 68 12 90 78 56 34 12 68 11 04 36 38 37 1E 5E 16 4F 16"                            File: Line:0 Function: Type:Debug:
DateTime:2026-08-27 11:11:39.076:"槽位2透传:68EE00EE006840000000000022600000010002013C00682B0043000000000042520100021290785634126B8AE81000681290785634126811043638371E5E164F164916"                            File: Line:0 Function: Type:Debug:
DateTime:2026-08-27 11:11:39.076:"工装发送：68 EE 00 EE 00 68 40 00 00 00 00 00 22 60 00 00 01 00 02 01 3C 00 68 2B 00 43 00 00 00 00 00 42 52 01 00 02 12 90 78 56 34 12 6B 8A E8 10 00 68 12 90 78 56 34 12 68 11 04 36 38 37 1E 5E 16 4F 16 49 16"                            File: Line:0 Function: Type:Debug:
DateTime:2026-08-27 11:11:39.125:"工装接收：68 32 00 32 00 68 80 00 00 00 00 00 00 60 00 00 01 00 E1 16"                            File: Line:0 Function: Type:Debug:
DateTime:2026-08-27 11:11:39.125:"m_baRecvMsg:"                            File: Line:0 Function: Type:Debug:
DateTime:2026-08-27 11:11:39.125:"frameList.size():1"                            File: Line:0 Function: Type:Debug:
DateTime:2026-08-27 11:11:39.125:"进入报文解析"                            File: Line:0 Function: Type:Debug:
DateTime:2026-08-27 11:11:39.125:"68 32 00 32 00 68 80 00 00 00 00 00 00 60 00 00 01 00 E1 16"                            File: Line:0 Function: Type:Debug:
DateTime:2026-08-27 11:11:39.125:"解码完成，功能码: 1"                            File: Line:0 Function: Type:Debug:
DateTime:2026-08-27 11:11:39.125:"工装回复确认帧"                            File: Line:0 Function: Type:Debug:
DateTime:2026-08-27 11:11:39.180:"工装接收：68 E2 00 E2 00 68 80 00 00 00 00 00 22 60 00 00 01 00 02 29 00 68 29 00 80 00 00 00 00 00 42 52 01 00 02 12 90 78 56 34 12 11 00 68 12 90 78 56 34 12 68 91 05 36 38 37 1E 34 13 16 1A 16 09 16"                            File: Line:0 Function: Type:Debug:
DateTime:2026-08-27 11:11:39.180:"m_baRecvMsg:"                            File: Line:0 Function: Type:Debug:
DateTime:2026-08-27 11:11:39.180:"frameList.size():1"                            File: Line:0 Function: Type:Debug:
DateTime:2026-08-27 11:11:39.180:"进入报文解析"                            File: Line:0 Function: Type:Debug:
DateTime:2026-08-27 11:11:39.180:"68 E2 00 E2 00 68 80 00 00 00 00 00 22 60 00 00 01 00 02 29 00 68 29 00 80 00 00 00 00 00 42 52 01 00 02 12 90 78 56 34 12 11 00 68 12 90 78 56 34 12 68 91 05 36 38 37 1E 34 13 16 1A 16 09 16"                            File: Line:0 Function: Type:Debug:
DateTime:2026-08-27 11:11:39.180:"解码完成，功能码: 4"                            File: Line:0 Function: Type:Debug:
DateTime:2026-08-27 11:11:39.180:"工装接收到透传报文"                            File: Line:0 Function: Type:Debug:
DateTime:2026-08-27 11:11:39.180:"02290068290080000000000042520100021290785634121100681290785634126891053638371E3413161A16"                            File: Line:0 Function: Type:Debug:
DateTime:2026-08-27 11:11:39.180:"透传报文内容:68 29 00 80 00 00 00 00 00 42 52 01 00 02 12 90 78 56 34 12 11 00 68 12 90 78 56 34 12 68 91 05 36 38 37 1e 34 13 16 1a 16"                            File: Line:0 Function: Type:Debug:
DateTime:2026-08-27 11:11:42.101:"uTimeSecond_ms:30000"                            File: Line:0 Function: Type:Debug:
DateTime:2026-08-27 11:11:42.101:"查找结果: iret=0, wStart=0, dwOutLen=41, dwStreamLen=41, dwFindPos=0"                            File: Line:0 Function: Type:Debug:
DateTime:2026-08-27 11:11:42.101:"Receive:<= 68 29 00 80 00 00 00 00 00 42 52 01 00 02 12 90 78 56 34 12 11 00 68 12 90 78 56 34 12 68 91 05 36 38 37 1E 34 13 16 1A 16"                            File: Line:0 Function: Type:Debug:
DateTime:2026-08-27 11:11:42.101:"解析：功能码-AFN=52H,Fn=1："                            File: Line:0 Function: Type:Debug:
DateTime:2026-08-27 11:11:42.101:"透传回复内容：021290785634121100681290785634126891053638371E341316"                            File: Line:0 Function: Type:Debug:
DateTime:2026-08-27 11:11:42.101:"DL/T645-2007协议 回复报文信息：控制码：91,数据标识：EB040503，数据域(需倒序解析)：01"                            File: Line:0 Function: Type:Debug:
DateTime:2026-08-27 11:11:42.101:"存量CCO加工处理的事件主动上报方式：698"                            File: Line:0 Function: Type:Debug:
DateTime:2026-08-27 11:11:42.101:dll输出信息: ""                            File: Line:0 Function: Type:Debug:
DateTime:2026-08-27 11:11:42.101:接口函数调用成功，返回的结果为 0                            File: Line:0 Function: Type:Debug:
DateTime:2026-08-27 11:11:42.101:"外部传入的para：0，返回的result：0,返回的pValRet：0"                            File: Line:0 Function: Type:Debug:
DateTime:2026-08-27 11:11:42.101:"执行接口函数CCO_AFN52_F1_EB040503_read完成"                            File: Line:0 Function: Type:Debug:
DateTime:2026-08-27 11:11:42.104:coorIndex 0                            File: Line:0 Function: Type:Debug:
DateTime:2026-08-27 11:11:42.104:当前流程结束                            File: Line:0 Function: Type:Debug:
DateTime:2026-08-27 11:11:42.104:退出connect函数                            File: Line:0 Function: Type:Debug:
DateTime:2026-08-27 11:11:42.104:"=========【Step80-数据转发--EB040503查询存量CCO加工处理的事件主动上报方式(698)】结束=========="                            File: Line:0 Function: Type:Debug:
DateTime:2026-08-27 11:11:42.104:"-----------------------------"                            File: Line:0 Function: Type:Debug:
DateTime:2026-08-27 11:11:42.106:"=============执行【Step81-数据转发--EB040503设置存量CCO加工处理的事件主动上报方式(设置为645)】==================="                            File: Line:0 Function: Type:Debug:
DateTime:2026-08-27 11:11:42.106:"执行接口函数CCO_AFN52_F1_EB040503_set"                            File: Line:0 Function: Type:Debug:
DateTime:2026-08-27 11:11:42.106:callWorkFunction: CCO_AFN52_F1_EB040503_set                            File: Line:0 Function: Type:Debug:
DateTime:2026-08-27 11:11:42.106:找到对应函数，进入执行                            File: Line:0 Function: Type:Debug:
DateTime:2026-08-27 11:11:42.610:"等待工装回复超时"                            File: Line:0 Function: Type:Debug:
DateTime:2026-08-27 11:11:42.610:"开始组帧"                            File: Line:0 Function: Type:Debug:
DateTime:2026-08-27 11:11:42.610:"组帧结束"                            File: Line:0 Function: Type:Debug:
DateTime:2026-08-27 11:11:42.610:"367.2Send:数据转发(设置-存量CCO加工处理的事件主动上报方式EB040503)：=>68 34 00 43 00 00 00 00 00 43 52 01 00 02 12 90 78 56 34 12 6B 8A E8 19 00 68 12 90 78 56 34 12 68 14 0D 36 38 37 1E 3B 33 33 33 44 44 44 44 33 81 16 9F 16"                            File: Line:0 Function: Type:Debug:
DateTime:2026-08-27 11:11:42.610:"槽位2透传:68120112016840000000000022600000010002013C0068340043000000000043520100021290785634126B8AE819006812907856341268140D3638371E3B333333444444443381169F16F216"                            File: Line:0 Function: Type:Debug:
DateTime:2026-08-27 11:11:42.610:"工装发送：68 12 01 12 01 68 40 00 00 00 00 00 22 60 00 00 01 00 02 01 3C 00 68 34 00 43 00 00 00 00 00 43 52 01 00 02 12 90 78 56 34 12 6B 8A E8 19 00 68 12 90 78 56 34 12 68 14 0D 36 38 37 1E 3B 33 33 33 44 44 44 44 33 81 16 9F 16 F2 16"                            File: Line:0 Function: Type:Debug:
DateTime:2026-08-27 11:11:42.671:"工装接收：68 32 00 32 00 68 80 00 00 00 00 00 00 60 00 00 01 00 E1 16"                            File: Line:0 Function: Type:Debug:
DateTime:2026-08-27 11:11:42.671:"m_baRecvMsg:"                            File: Line:0 Function: Type:Debug:
DateTime:2026-08-27 11:11:42.671:"frameList.size():1"                            File: Line:0 Function: Type:Debug:
DateTime:2026-08-27 11:11:42.671:"进入报文解析"                            File: Line:0 Function: Type:Debug:
DateTime:2026-08-27 11:11:42.671:"68 32 00 32 00 68 80 00 00 00 00 00 00 60 00 00 01 00 E1 16"                            File: Line:0 Function: Type:Debug:
DateTime:2026-08-27 11:11:42.671:"解码完成，功能码: 1"                            File: Line:0 Function: Type:Debug:
DateTime:2026-08-27 11:11:42.671:"工装回复确认帧"                            File: Line:0 Function: Type:Debug:
DateTime:2026-08-27 11:11:42.778:"工装接收：68 CE 00 CE 00 68 80 00 00 00 00 00 22 60 00 00 01 00 02 24 00 68 24 00 80 00 00 00 00 00 43 52 01 00 02 12 90 78 56 34 12 0C 00 68 12 90 78 56 34 12 68 94 00 1A 16 24 16 13 16"                            File: Line:0 Function: Type:Debug:
DateTime:2026-08-27 11:11:42.778:"m_baRecvMsg:"                            File: Line:0 Function: Type:Debug:
DateTime:2026-08-27 11:11:42.778:"frameList.size():1"                            File: Line:0 Function: Type:Debug:
DateTime:2026-08-27 11:11:42.778:"进入报文解析"                            File: Line:0 Function: Type:Debug:
DateTime:2026-08-27 11:11:42.778:"68 CE 00 CE 00 68 80 00 00 00 00 00 22 60 00 00 01 00 02 24 00 68 24 00 80 00 00 00 00 00 43 52 01 00 02 12 90 78 56 34 12 0C 00 68 12 90 78 56 34 12 68 94 00 1A 16 24 16 13 16"                            File: Line:0 Function: Type:Debug:
DateTime:2026-08-27 11:11:42.778:"解码完成，功能码: 4"                            File: Line:0 Function: Type:Debug:
DateTime:2026-08-27 11:11:42.778:"工装接收到透传报文"                            File: Line:0 Function: Type:Debug:
DateTime:2026-08-27 11:11:42.778:"02240068240080000000000043520100021290785634120C00681290785634126894001A162416"                            File: Line:0 Function: Type:Debug:
DateTime:2026-08-27 11:11:42.778:"透传报文内容:68 24 00 80 00 00 00 00 00 43 52 01 00 02 12 90 78 56 34 12 0c 00 68 12 90 78 56 34 12 68 94 00 1a 16 24 16"                            File: Line:0 Function: Type:Debug:
DateTime:2026-08-27 11:11:45.699:"uTimeSecond_ms:30000"                            File: Line:0 Function: Type:Debug:
DateTime:2026-08-27 11:11:45.699:"查找结果: iret=0, wStart=0, dwOutLen=36, dwStreamLen=36, dwFindPos=0"                            File: Line:0 Function: Type:Debug:
DateTime:2026-08-27 11:11:45.699:"Receive:<= 68 24 00 80 00 00 00 00 00 43 52 01 00 02 12 90 78 56 34 12 0C 00 68 12 90 78 56 34 12 68 94 00 1A 16 24 16"                            File: Line:0 Function: Type:Debug:
DateTime:2026-08-27 11:11:45.699:"解析：功能码-AFN=52H,Fn=1："                            File: Line:0 Function: Type:Debug:
DateTime:2026-08-27 11:11:45.699:"透传回复内容：021290785634120C00681290785634126894001A16"                            File: Line:0 Function: Type:Debug:
DateTime:2026-08-27 11:11:45.699:"设置成功"                            File: Line:0 Function: Type:Debug:
DateTime:2026-08-27 11:11:45.699:dll输出信息: ""                            File: Line:0 Function: Type:Debug:
DateTime:2026-08-27 11:11:45.699:接口函数调用成功，返回的结果为 0                            File: Line:0 Function: Type:Debug:
DateTime:2026-08-27 11:11:45.699:"外部传入的para：0，返回的result：0,返回的pValRet：0"                            File: Line:0 Function: Type:Debug:
DateTime:2026-08-27 11:11:45.699:"执行接口函数CCO_AFN52_F1_EB040503_set完成"                            File: Line:0 Function: Type:Debug:
DateTime:2026-08-27 11:11:45.702:coorIndex 0                            File: Line:0 Function: Type:Debug:
DateTime:2026-08-27 11:11:45.702:当前流程结束                            File: Line:0 Function: Type:Debug:
DateTime:2026-08-27 11:11:45.702:退出connect函数                            File: Line:0 Function: Type:Debug:
DateTime:2026-08-27 11:11:45.702:"=========【Step81-数据转发--EB040503设置存量CCO加工处理的事件主动上报方式(设置为645)】结束=========="                            File: Line:0 Function: Type:Debug:
DateTime:2026-08-27 11:11:45.702:"-----------------------------"                            File: Line:0 Function: Type:Debug:
DateTime:2026-08-27 11:11:45.704:"=============执行【Step82-数据转发--EB040503查询存量CCO加工处理的事件主动上报方式(645)】==================="                            File: Line:0 Function: Type:Debug:
DateTime:2026-08-27 11:11:45.704:"执行接口函数CCO_AFN52_F1_EB040503_read"                            File: Line:0 Function: Type:Debug:
DateTime:2026-08-27 11:11:45.704:callWorkFunction: CCO_AFN52_F1_EB040503_read                            File: Line:0 Function: Type:Debug:
DateTime:2026-08-27 11:11:45.704:找到对应函数，进入执行                            File: Line:0 Function: Type:Debug:
DateTime:2026-08-27 11:11:46.208:"等待工装回复超时"                            File: Line:0 Function: Type:Debug:
DateTime:2026-08-27 11:11:46.208:"开始组帧"                            File: Line:0 Function: Type:Debug:
DateTime:2026-08-27 11:11:46.208:"组帧结束"                            File: Line:0 Function: Type:Debug:
DateTime:2026-08-27 11:11:46.208:"367.2Send:数据转发(查询-存量CCO加工处理的事件主动上报方式 EB040503)：=>68 2B 00 43 00 00 00 00 00 44 52 01 00 02 12 90 78 56 34 12 6B 8A E8 10 00 68 12 90 78 56 34 12 68 11 04 36 38 37 1E 5E 16 51 16"                            File: Line:0 Function: Type:Debug:
DateTime:2026-08-27 11:11:46.208:"槽位2透传:68EE00EE006840000000000022600000010002013C00682B0043000000000044520100021290785634126B8AE81000681290785634126811043638371E5E1651164D16"                            File: Line:0 Function: Type:Debug:
DateTime:2026-08-27 11:11:46.208:"工装发送：68 EE 00 EE 00 68 40 00 00 00 00 00 22 60 00 00 01 00 02 01 3C 00 68 2B 00 43 00 00 00 00 00 44 52 01 00 02 12 90 78 56 34 12 6B 8A E8 10 00 68 12 90 78 56 34 12 68 11 04 36 38 37 1E 5E 16 51 16 4D 16"                            File: Line:0 Function: Type:Debug:
DateTime:2026-08-27 11:11:46.257:"工装接收：68 32 00 32 00 68 80 00 00 00 00 00 00 60 00 00 01 00 E1 16"                            File: Line:0 Function: Type:Debug:
DateTime:2026-08-27 11:11:46.257:"m_baRecvMsg:"                            File: Line:0 Function: Type:Debug:
DateTime:2026-08-27 11:11:46.257:"frameList.size():1"                            File: Line:0 Function: Type:Debug:
DateTime:2026-08-27 11:11:46.257:"进入报文解析"                            File: Line:0 Function: Type:Debug:
DateTime:2026-08-27 11:11:46.257:"68 32 00 32 00 68 80 00 00 00 00 00 00 60 00 00 01 00 E1 16"                            File: Line:0 Function: Type:Debug:
DateTime:2026-08-27 11:11:46.258:"解码完成，功能码: 1"                            File: Line:0 Function: Type:Debug:
DateTime:2026-08-27 11:11:46.258:"工装回复确认帧"                            File: Line:0 Function: Type:Debug:
DateTime:2026-08-27 11:11:46.312:"工装接收：68 E2 00 E2 00 68 80 00 00 00 00 00 22 60 00 00 01 00 02 29 00 68 29 00 80 00 00 00 00 00 44 52 01 00 02 12 90 78 56 34 12 11 00 68 12 90 78 56 34 12 68 91 05 36 38 37 1E 33 12 16 1A 16 09 16"                            File: Line:0 Function: Type:Debug:
DateTime:2026-08-27 11:11:46.312:"m_baRecvMsg:"                            File: Line:0 Function: Type:Debug:
DateTime:2026-08-27 11:11:46.312:"frameList.size():1"                            File: Line:0 Function: Type:Debug:
DateTime:2026-08-27 11:11:46.312:"进入报文解析"                            File: Line:0 Function: Type:Debug:
DateTime:2026-08-27 11:11:46.312:"68 E2 00 E2 00 68 80 00 00 00 00 00 22 60 00 00 01 00 02 29 00 68 29 00 80 00 00 00 00 00 44 52 01 00 02 12 90 78 56 34 12 11 00 68 12 90 78 56 34 12 68 91 05 36 38 37 1E 33 12 16 1A 16 09 16"                            File: Line:0 Function: Type:Debug:
DateTime:2026-08-27 11:11:46.312:"解码完成，功能码: 4"                            File: Line:0 Function: Type:Debug:
DateTime:2026-08-27 11:11:46.312:"工装接收到透传报文"                            File: Line:0 Function: Type:Debug:
DateTime:2026-08-27 11:11:46.312:"02290068290080000000000044520100021290785634121100681290785634126891053638371E3312161A16"                            File: Line:0 Function: Type:Debug:
DateTime:2026-08-27 11:11:46.312:"透传报文内容:68 29 00 80 00 00 00 00 00 44 52 01 00 02 12 90 78 56 34 12 11 00 68 12 90 78 56 34 12 68 91 05 36 38 37 1e 33 12 16 1a 16"                            File: Line:0 Function: Type:Debug:
DateTime:2026-08-27 11:11:49.233:"uTimeSecond_ms:30000"                            File: Line:0 Function: Type:Debug:
DateTime:2026-08-27 11:11:49.233:"查找结果: iret=0, wStart=0, dwOutLen=41, dwStreamLen=41, dwFindPos=0"                            File: Line:0 Function: Type:Debug:
DateTime:2026-08-27 11:11:49.233:"Receive:<= 68 29 00 80 00 00 00 00 00 44 52 01 00 02 12 90 78 56 34 12 11 00 68 12 90 78 56 34 12 68 91 05 36 38 37 1E 33 12 16 1A 16"                            File: Line:0 Function: Type:Debug:
DateTime:2026-08-27 11:11:49.233:"解析：功能码-AFN=52H,Fn=1："                            File: Line:0 Function: Type:Debug:
DateTime:2026-08-27 11:11:49.233:"透传回复内容：021290785634121100681290785634126891053638371E331216"                            File: Line:0 Function: Type:Debug:
DateTime:2026-08-27 11:11:49.233:"DL/T645-2007协议 回复报文信息：控制码：91,数据标识：EB040503，数据域(需倒序解析)：00"                            File: Line:0 Function: Type:Debug:
DateTime:2026-08-27 11:11:49.233:"存量CCO加工处理的事件主动上报方式：645（默认）"                            File: Line:0 Function: Type:Debug:
DateTime:2026-08-27 11:11:49.233:dll输出信息: ""                            File: Line:0 Function: Type:Debug:
DateTime:2026-08-27 11:11:49.233:接口函数调用成功，返回的结果为 0                            File: Line:0 Function: Type:Debug:
DateTime:2026-08-27 11:11:49.233:"外部传入的para：0，返回的result：0,返回的pValRet：0"                            File: Line:0 Function: Type:Debug:
DateTime:2026-08-27 11:11:49.233:"执行接口函数CCO_AFN52_F1_EB040503_read完成"                            File: Line:0 Function: Type:Debug:
DateTime:2026-08-27 11:11:49.236:coorIndex 0                            File: Line:0 Function: Type:Debug:
DateTime:2026-08-27 11:11:49.236:当前流程结束                            File: Line:0 Function: Type:Debug:
DateTime:2026-08-27 11:11:49.236:退出connect函数                            File: Line:0 Function: Type:Debug:
DateTime:2026-08-27 11:11:49.236:"=========【Step82-数据转发--EB040503查询存量CCO加工处理的事件主动上报方式(645)】结束=========="                            File: Line:0 Function: Type:Debug:
DateTime:2026-08-27 11:11:49.236:"-----------------------------"                            File: Line:0 Function: Type:Debug:
DateTime:2026-08-27 11:11:49.238:"=============执行【Step83-数据转发--EB040505查询网络状态变更信息主动上报(默认都上报)】==================="                            File: Line:0 Function: Type:Debug:
DateTime:2026-08-27 11:11:49.238:"执行接口函数CCO_AFN52_F1_EB040505_read"                            File: Line:0 Function: Type:Debug:
DateTime:2026-08-27 11:11:49.238:callWorkFunction: CCO_AFN52_F1_EB040505_read                            File: Line:0 Function: Type:Debug:
DateTime:2026-08-27 11:11:49.238:找到对应函数，进入执行                            File: Line:0 Function: Type:Debug:
DateTime:2026-08-27 11:11:49.742:"等待工装回复超时"                            File: Line:0 Function: Type:Debug:
DateTime:2026-08-27 11:11:49.742:"开始组帧"                            File: Line:0 Function: Type:Debug:
DateTime:2026-08-27 11:11:49.742:"组帧结束"                            File: Line:0 Function: Type:Debug:
DateTime:2026-08-27 11:11:49.742:"367.2Send:数据转发(查询-网络状态变更信息主动上报 EB040505)：=>68 2B 00 43 00 00 00 00 00 45 52 01 00 02 12 90 78 56 34 12 6B 8A E8 10 00 68 12 90 78 56 34 12 68 11 04 38 38 37 1E 60 16 56 16"                            File: Line:0 Function: Type:Debug:
DateTime:2026-08-27 11:11:49.742:"槽位2透传:68EE00EE006840000000000022600000010002013C00682B0043000000000045520100021290785634126B8AE81000681290785634126811043838371E601656165716"                            File: Line:0 Function: Type:Debug:
DateTime:2026-08-27 11:11:49.742:"工装发送：68 EE 00 EE 00 68 40 00 00 00 00 00 22 60 00 00 01 00 02 01 3C 00 68 2B 00 43 00 00 00 00 00 45 52 01 00 02 12 90 78 56 34 12 6B 8A E8 10 00 68 12 90 78 56 34 12 68 11 04 38 38 37 1E 60 16 56 16 57 16"                            File: Line:0 Function: Type:Debug:
DateTime:2026-08-27 11:11:49.792:"工装接收：68 32 00 32 00 68 80 00 00 00 00 00 00 60 00 00 01 00 E1 16"                            File: Line:0 Function: Type:Debug:
DateTime:2026-08-27 11:11:49.792:"m_baRecvMsg:"                            File: Line:0 Function: Type:Debug:
DateTime:2026-08-27 11:11:49.792:"frameList.size():1"                            File: Line:0 Function: Type:Debug:
DateTime:2026-08-27 11:11:49.792:"进入报文解析"                            File: Line:0 Function: Type:Debug:
DateTime:2026-08-27 11:11:49.792:"68 32 00 32 00 68 80 00 00 00 00 00 00 60 00 00 01 00 E1 16"                            File: Line:0 Function: Type:Debug:
DateTime:2026-08-27 11:11:49.792:"解码完成，功能码: 1"                            File: Line:0 Function: Type:Debug:
DateTime:2026-08-27 11:11:49.792:"工装回复确认帧"                            File: Line:0 Function: Type:Debug:
DateTime:2026-08-27 11:11:49.847:"工装接收：68 E2 00 E2 00 68 80 00 00 00 00 00 22 60 00 00 01 00 02 29 00 68 29 00 80 00 00 00 00 00 45 52 01 00 02 12 90 78 56 34 12 11 00 68 12 90 78 56 34 12 68 91 05 38 38 37 1E 35 16 16 23 16 1B 16"                            File: Line:0 Function: Type:Debug:
DateTime:2026-08-27 11:11:49.847:"m_baRecvMsg:"                            File: Line:0 Function: Type:Debug:
DateTime:2026-08-27 11:11:49.847:"frameList.size():1"                            File: Line:0 Function: Type:Debug:
DateTime:2026-08-27 11:11:49.847:"进入报文解析"                            File: Line:0 Function: Type:Debug:
DateTime:2026-08-27 11:11:49.847:"68 E2 00 E2 00 68 80 00 00 00 00 00 22 60 00 00 01 00 02 29 00 68 29 00 80 00 00 00 00 00 45 52 01 00 02 12 90 78 56 34 12 11 00 68 12 90 78 56 34 12 68 91 05 38 38 37 1E 35 16 16 23 16 1B 16"                            File: Line:0 Function: Type:Debug:
DateTime:2026-08-27 11:11:49.847:"解码完成，功能码: 4"                            File: Line:0 Function: Type:Debug:
DateTime:2026-08-27 11:11:49.847:"工装接收到透传报文"                            File: Line:0 Function: Type:Debug:
DateTime:2026-08-27 11:11:49.847:"02290068290080000000000045520100021290785634121100681290785634126891053838371E3516162316"                            File: Line:0 Function: Type:Debug:
DateTime:2026-08-27 11:11:49.848:"透传报文内容:68 29 00 80 00 00 00 00 00 45 52 01 00 02 12 90 78 56 34 12 11 00 68 12 90 78 56 34 12 68 91 05 38 38 37 1e 35 16 16 23 16"                            File: Line:0 Function: Type:Debug:
DateTime:2026-08-27 11:11:52.769:"uTimeSecond_ms:30000"                            File: Line:0 Function: Type:Debug:
DateTime:2026-08-27 11:11:52.769:"查找结果: iret=0, wStart=0, dwOutLen=41, dwStreamLen=41, dwFindPos=0"                            File: Line:0 Function: Type:Debug:
DateTime:2026-08-27 11:11:52.769:"Receive:<= 68 29 00 80 00 00 00 00 00 45 52 01 00 02 12 90 78 56 34 12 11 00 68 12 90 78 56 34 12 68 91 05 38 38 37 1E 35 16 16 23 16"                            File: Line:0 Function: Type:Debug:
DateTime:2026-08-27 11:11:52.769:"解析：功能码-AFN=52H,Fn=1："                            File: Line:0 Function: Type:Debug:
DateTime:2026-08-27 11:11:52.769:"透传回复内容：021290785634121100681290785634126891053838371E351616"                            File: Line:0 Function: Type:Debug:
DateTime:2026-08-27 11:11:52.769:"DL/T645-2007协议 回复报文信息：控制码：91,数据标识：EB040505，数据域(需倒序解析)：02"                            File: Line:0 Function: Type:Debug:
DateTime:2026-08-27 11:11:52.769:"网络状态变更信息主动上报：入网不上报,    网络状态变更信息主动上报：离网上报"                            File: Line:0 Function: Type:Debug:
DateTime:2026-08-27 11:11:52.769:dll输出信息: ""                            File: Line:0 Function: Type:Debug:
DateTime:2026-08-27 11:11:52.769:接口函数调用成功，返回的结果为 0                            File: Line:0 Function: Type:Debug:
DateTime:2026-08-27 11:11:52.769:"外部传入的para：0，返回的result：0,返回的pValRet：0"                            File: Line:0 Function: Type:Debug:
DateTime:2026-08-27 11:11:52.769:"执行接口函数CCO_AFN52_F1_EB040505_read完成"                            File: Line:0 Function: Type:Debug:
DateTime:2026-08-27 11:11:52.772:coorIndex 0                            File: Line:0 Function: Type:Debug:
DateTime:2026-08-27 11:11:52.772:当前流程结束                            File: Line:0 Function: Type:Debug:
DateTime:2026-08-27 11:11:52.772:退出connect函数                            File: Line:0 Function: Type:Debug:
DateTime:2026-08-27 11:11:52.772:"=========【Step83-数据转发--EB040505查询网络状态变更信息主动上报(默认都上报)】结束=========="                            File: Line:0 Function: Type:Debug:
DateTime:2026-08-27 11:11:52.772:"-----------------------------"                            File: Line:0 Function: Type:Debug:
DateTime:2026-08-27 11:11:52.774:"=============执行【Step84-数据转发--EB040505设置网络状态变更信息主动上报(离网上报)】==================="                            File: Line:0 Function: Type:Debug:
DateTime:2026-08-27 11:11:52.774:"执行接口函数CCO_AFN52_F1_EB040505_set"                            File: Line:0 Function: Type:Debug:
DateTime:2026-08-27 11:11:52.774:callWorkFunction: CCO_AFN52_F1_EB040505_set                            File: Line:0 Function: Type:Debug:
DateTime:2026-08-27 11:11:52.774:找到对应函数，进入执行                            File: Line:0 Function: Type:Debug:
DateTime:2026-08-27 11:11:53.279:"等待工装回复超时"                            File: Line:0 Function: Type:Debug:
DateTime:2026-08-27 11:11:53.279:"开始组帧"                            File: Line:0 Function: Type:Debug:
DateTime:2026-08-27 11:11:53.279:"组帧结束"                            File: Line:0 Function: Type:Debug:
DateTime:2026-08-27 11:11:53.279:"367.2Send:数据转发(设置-网络状态变更信息主动上报EB040505)：=>68 34 00 43 00 00 00 00 00 46 52 01 00 02 12 90 78 56 34 12 6B 8A E8 19 00 68 12 90 78 56 34 12 68 14 0D 38 38 37 1E 3B 33 33 33 44 44 44 44 34 84 16 A8 16"                            File: Line:0 Function: Type:Debug:
DateTime:2026-08-27 11:11:53.279:"槽位2透传:68120112016840000000000022600000010002013C0068340043000000000046520100021290785634126B8AE819006812907856341268140D3838371E3B33333344444444348416A8160416"                            File: Line:0 Function: Type:Debug:
DateTime:2026-08-27 11:11:53.279:"工装发送：68 12 01 12 01 68 40 00 00 00 00 00 22 60 00 00 01 00 02 01 3C 00 68 34 00 43 00 00 00 00 00 46 52 01 00 02 12 90 78 56 34 12 6B 8A E8 19 00 68 12 90 78 56 34 12 68 14 0D 38 38 37 1E 3B 33 33 33 44 44 44 44 34 84 16 A8 16 04 16"                            File: Line:0 Function: Type:Debug:
DateTime:2026-08-27 11:11:53.339:"工装接收：68 32 00 32 00 68 80 00 00 00 00 00 00 60 00 00 01 00 E1 16"                            File: Line:0 Function: Type:Debug:
DateTime:2026-08-27 11:11:53.339:"m_baRecvMsg:"                            File: Line:0 Function: Type:Debug:
DateTime:2026-08-27 11:11:53.339:"frameList.size():1"                            File: Line:0 Function: Type:Debug:
DateTime:2026-08-27 11:11:53.339:"进入报文解析"                            File: Line:0 Function: Type:Debug:
DateTime:2026-08-27 11:11:53.339:"68 32 00 32 00 68 80 00 00 00 00 00 00 60 00 00 01 00 E1 16"                            File: Line:0 Function: Type:Debug:
DateTime:2026-08-27 11:11:53.339:"解码完成，功能码: 1"                            File: Line:0 Function: Type:Debug:
DateTime:2026-08-27 11:11:53.339:"工装回复确认帧"                            File: Line:0 Function: Type:Debug:
DateTime:2026-08-27 11:11:53.448:"工装接收：68 CE 00 CE 00 68 80 00 00 00 00 00 22 60 00 00 01 00 02 24 00 68 24 00 80 00 00 00 00 00 46 52 01 00 02 12 90 78 56 34 12 0C 00 68 12 90 78 56 34 12 68 94 00 1A 16 27 16 19 16"                            File: Line:0 Function: Type:Debug:
DateTime:2026-08-27 11:11:53.448:"m_baRecvMsg:"                            File: Line:0 Function: Type:Debug:
DateTime:2026-08-27 11:11:53.448:"frameList.size():1"                            File: Line:0 Function: Type:Debug:
DateTime:2026-08-27 11:11:53.448:"进入报文解析"                            File: Line:0 Function: Type:Debug:
DateTime:2026-08-27 11:11:53.448:"68 CE 00 CE 00 68 80 00 00 00 00 00 22 60 00 00 01 00 02 24 00 68 24 00 80 00 00 00 00 00 46 52 01 00 02 12 90 78 56 34 12 0C 00 68 12 90 78 56 34 12 68 94 00 1A 16 27 16 19 16"                            File: Line:0 Function: Type:Debug:
DateTime:2026-08-27 11:11:53.448:"解码完成，功能码: 4"                            File: Line:0 Function: Type:Debug:
DateTime:2026-08-27 11:11:53.448:"工装接收到透传报文"                            File: Line:0 Function: Type:Debug:
DateTime:2026-08-27 11:11:53.448:"02240068240080000000000046520100021290785634120C00681290785634126894001A162716"                            File: Line:0 Function: Type:Debug:
DateTime:2026-08-27 11:11:53.448:"透传报文内容:68 24 00 80 00 00 00 00 00 46 52 01 00 02 12 90 78 56 34 12 0c 00 68 12 90 78 56 34 12 68 94 00 1a 16 27 16"                            File: Line:0 Function: Type:Debug:
DateTime:2026-08-27 11:11:56.369:"uTimeSecond_ms:30000"                            File: Line:0 Function: Type:Debug:
DateTime:2026-08-27 11:11:56.369:"查找结果: iret=0, wStart=0, dwOutLen=36, dwStreamLen=36, dwFindPos=0"                            File: Line:0 Function: Type:Debug:
DateTime:2026-08-27 11:11:56.369:"Receive:<= 68 24 00 80 00 00 00 00 00 46 52 01 00 02 12 90 78 56 34 12 0C 00 68 12 90 78 56 34 12 68 94 00 1A 16 27 16"                            File: Line:0 Function: Type:Debug:
DateTime:2026-08-27 11:11:56.369:"解析：功能码-AFN=52H,Fn=1："                            File: Line:0 Function: Type:Debug:
DateTime:2026-08-27 11:11:56.369:"透传回复内容：021290785634120C00681290785634126894001A16"                            File: Line:0 Function: Type:Debug:
DateTime:2026-08-27 11:11:56.369:"设置成功"                            File: Line:0 Function: Type:Debug:
DateTime:2026-08-27 11:11:56.369:dll输出信息: ""                            File: Line:0 Function: Type:Debug:
DateTime:2026-08-27 11:11:56.369:接口函数调用成功，返回的结果为 0                            File: Line:0 Function: Type:Debug:
DateTime:2026-08-27 11:11:56.369:"外部传入的para：0，返回的result：0,返回的pValRet：0"                            File: Line:0 Function: Type:Debug:
DateTime:2026-08-27 11:11:56.369:"执行接口函数CCO_AFN52_F1_EB040505_set完成"                            File: Line:0 Function: Type:Debug:
DateTime:2026-08-27 11:11:56.372:coorIndex 0                            File: Line:0 Function: Type:Debug:
DateTime:2026-08-27 11:11:56.372:当前流程结束                            File: Line:0 Function: Type:Debug:
DateTime:2026-08-27 11:11:56.372:退出connect函数                            File: Line:0 Function: Type:Debug:
DateTime:2026-08-27 11:11:56.372:"=========【Step84-数据转发--EB040505设置网络状态变更信息主动上报(离网上报)】结束=========="                            File: Line:0 Function: Type:Debug:
DateTime:2026-08-27 11:11:56.372:"-----------------------------"                            File: Line:0 Function: Type:Debug:
DateTime:2026-08-27 11:11:56.374:"=============执行【Step85-数据转发--EB040505查询网络状态变更信息主动上报(离网上报)】==================="                            File: Line:0 Function: Type:Debug:
DateTime:2026-08-27 11:11:56.374:"执行接口函数CCO_AFN52_F1_EB040505_read"                            File: Line:0 Function: Type:Debug:
DateTime:2026-08-27 11:11:56.375:callWorkFunction: CCO_AFN52_F1_EB040505_read                            File: Line:0 Function: Type:Debug:
DateTime:2026-08-27 11:11:56.375:找到对应函数，进入执行                            File: Line:0 Function: Type:Debug:
DateTime:2026-08-27 11:11:56.879:"等待工装回复超时"                            File: Line:0 Function: Type:Debug:
DateTime:2026-08-27 11:11:56.879:"开始组帧"                            File: Line:0 Function: Type:Debug:
DateTime:2026-08-27 11:11:56.879:"组帧结束"                            File: Line:0 Function: Type:Debug:
DateTime:2026-08-27 11:11:56.879:"367.2Send:数据转发(查询-网络状态变更信息主动上报 EB040505)：=>68 2B 00 43 00 00 00 00 00 47 52 01 00 02 12 90 78 56 34 12 6B 8A E8 10 00 68 12 90 78 56 34 12 68 11 04 38 38 37 1E 60 16 58 16"                            File: Line:0 Function: Type:Debug:
DateTime:2026-08-27 11:11:56.879:"槽位2透传:68EE00EE006840000000000022600000010002013C00682B0043000000000047520100021290785634126B8AE81000681290785634126811043838371E601658165B16"                            File: Line:0 Function: Type:Debug:
DateTime:2026-08-27 11:11:56.879:"工装发送：68 EE 00 EE 00 68 40 00 00 00 00 00 22 60 00 00 01 00 02 01 3C 00 68 2B 00 43 00 00 00 00 00 47 52 01 00 02 12 90 78 56 34 12 6B 8A E8 10 00 68 12 90 78 56 34 12 68 11 04 38 38 37 1E 60 16 58 16 5B 16"                            File: Line:0 Function: Type:Debug:
DateTime:2026-08-27 11:11:56.929:"工装接收：68 32 00 32 00 68 80 00 00 00 00 00 00 60 00 00 01 00 E1 16"                            File: Line:0 Function: Type:Debug:
DateTime:2026-08-27 11:11:56.929:"m_baRecvMsg:"                            File: Line:0 Function: Type:Debug:
DateTime:2026-08-27 11:11:56.929:"frameList.size():1"                            File: Line:0 Function: Type:Debug:
DateTime:2026-08-27 11:11:56.929:"进入报文解析"                            File: Line:0 Function: Type:Debug:
DateTime:2026-08-27 11:11:56.929:"68 32 00 32 00 68 80 00 00 00 00 00 00 60 00 00 01 00 E1 16"                            File: Line:0 Function: Type:Debug:
DateTime:2026-08-27 11:11:56.929:"解码完成，功能码: 1"                            File: Line:0 Function: Type:Debug:
DateTime:2026-08-27 11:11:56.929:"工装回复确认帧"                            File: Line:0 Function: Type:Debug:
DateTime:2026-08-27 11:11:56.984:"工装接收：68 E2 00 E2 00 68 80 00 00 00 00 00 22 60 00 00 01 00 02 29 00 68 29 00 80 00 00 00 00 00 47 52 01 00 02 12 90 78 56 34 12 11 00 68 12 90 78 56 34 12 68 91 05 38 38 37 1E 34 15 16 23 16 1B 16"                            File: Line:0 Function: Type:Debug:
DateTime:2026-08-27 11:11:56.984:"m_baRecvMsg:"                            File: Line:0 Function: Type:Debug:
DateTime:2026-08-27 11:11:56.984:"frameList.size():1"                            File: Line:0 Function: Type:Debug:
DateTime:2026-08-27 11:11:56.984:"进入报文解析"                            File: Line:0 Function: Type:Debug:
DateTime:2026-08-27 11:11:56.984:"68 E2 00 E2 00 68 80 00 00 00 00 00 22 60 00 00 01 00 02 29 00 68 29 00 80 00 00 00 00 00 47 52 01 00 02 12 90 78 56 34 12 11 00 68 12 90 78 56 34 12 68 91 05 38 38 37 1E 34 15 16 23 16 1B 16"                            File: Line:0 Function: Type:Debug:
DateTime:2026-08-27 11:11:56.984:"解码完成，功能码: 4"                            File: Line:0 Function: Type:Debug:
DateTime:2026-08-27 11:11:56.984:"工装接收到透传报文"                            File: Line:0 Function: Type:Debug:
DateTime:2026-08-27 11:11:56.984:"02290068290080000000000047520100021290785634121100681290785634126891053838371E3415162316"                            File: Line:0 Function: Type:Debug:
DateTime:2026-08-27 11:11:56.984:"透传报文内容:68 29 00 80 00 00 00 00 00 47 52 01 00 02 12 90 78 56 34 12 11 00 68 12 90 78 56 34 12 68 91 05 38 38 37 1e 34 15 16 23 16"                            File: Line:0 Function: Type:Debug:
DateTime:2026-08-27 11:11:59.905:"uTimeSecond_ms:30000"                            File: Line:0 Function: Type:Debug:
DateTime:2026-08-27 11:11:59.905:"查找结果: iret=0, wStart=0, dwOutLen=41, dwStreamLen=41, dwFindPos=0"                            File: Line:0 Function: Type:Debug:
DateTime:2026-08-27 11:11:59.905:"Receive:<= 68 29 00 80 00 00 00 00 00 47 52 01 00 02 12 90 78 56 34 12 11 00 68 12 90 78 56 34 12 68 91 05 38 38 37 1E 34 15 16 23 16"                            File: Line:0 Function: Type:Debug:
DateTime:2026-08-27 11:11:59.905:"解析：功能码-AFN=52H,Fn=1："                            File: Line:0 Function: Type:Debug:
DateTime:2026-08-27 11:11:59.905:"透传回复内容：021290785634121100681290785634126891053838371E341516"                            File: Line:0 Function: Type:Debug:
DateTime:2026-08-27 11:11:59.905:"DL/T645-2007协议 回复报文信息：控制码：91,数据标识：EB040505，数据域(需倒序解析)：01"                            File: Line:0 Function: Type:Debug:
DateTime:2026-08-27 11:11:59.905:"网络状态变更信息主动上报：入网上报,    网络状态变更信息主动上报：离网不上报"                            File: Line:0 Function: Type:Debug:
DateTime:2026-08-27 11:11:59.905:dll输出信息: ""                            File: Line:0 Function: Type:Debug:
DateTime:2026-08-27 11:11:59.905:接口函数调用成功，返回的结果为 0                            File: Line:0 Function: Type:Debug:
DateTime:2026-08-27 11:11:59.905:"外部传入的para：0，返回的result：0,返回的pValRet：0"                            File: Line:0 Function: Type:Debug:
DateTime:2026-08-27 11:11:59.905:"执行接口函数CCO_AFN52_F1_EB040505_read完成"                            File: Line:0 Function: Type:Debug:
DateTime:2026-08-27 11:11:59.908:coorIndex 0                            File: Line:0 Function: Type:Debug:
DateTime:2026-08-27 11:11:59.908:当前流程结束                            File: Line:0 Function: Type:Debug:
DateTime:2026-08-27 11:11:59.908:退出connect函数                            File: Line:0 Function: Type:Debug:
DateTime:2026-08-27 11:11:59.908:"=========【Step85-数据转发--EB040505查询网络状态变更信息主动上报(离网上报)】结束=========="                            File: Line:0 Function: Type:Debug:
DateTime:2026-08-27 11:11:59.908:"-----------------------------"                            File: Line:0 Function: Type:Debug:
DateTime:2026-08-27 11:11:59.910:"=============执行【Step86-数据转发--EB040505设置网络状态变更信息主动上报(默认)】==================="                            File: Line:0 Function: Type:Debug:
DateTime:2026-08-27 11:11:59.910:"执行接口函数CCO_AFN52_F1_EB040505_set"                            File: Line:0 Function: Type:Debug:
DateTime:2026-08-27 11:11:59.910:callWorkFunction: CCO_AFN52_F1_EB040505_set                            File: Line:0 Function: Type:Debug:
DateTime:2026-08-27 11:11:59.910:找到对应函数，进入执行                            File: Line:0 Function: Type:Debug:
DateTime:2026-08-27 11:12:00.414:"等待工装回复超时"                            File: Line:0 Function: Type:Debug:
DateTime:2026-08-27 11:12:00.414:"开始组帧"                            File: Line:0 Function: Type:Debug:
DateTime:2026-08-27 11:12:00.414:"组帧结束"                            File: Line:0 Function: Type:Debug:
DateTime:2026-08-27 11:12:00.414:"367.2Send:数据转发(设置-网络状态变更信息主动上报EB040505)：=>68 34 00 43 00 00 00 00 00 48 52 01 00 02 12 90 78 56 34 12 6B 8A E8 19 00 68 12 90 78 56 34 12 68 14 0D 38 38 37 1E 3B 33 33 33 44 44 44 44 36 86 16 AE 16"                            File: Line:0 Function: Type:Debug:
DateTime:2026-08-27 11:12:00.414:"槽位2透传:68120112016840000000000022600000010002013C0068340043000000000048520100021290785634126B8AE819006812907856341268140D3838371E3B33333344444444368616AE161016"                            File: Line:0 Function: Type:Debug:
DateTime:2026-08-27 11:12:00.414:"工装发送：68 12 01 12 01 68 40 00 00 00 00 00 22 60 00 00 01 00 02 01 3C 00 68 34 00 43 00 00 00 00 00 48 52 01 00 02 12 90 78 56 34 12 6B 8A E8 19 00 68 12 90 78 56 34 12 68 14 0D 38 38 37 1E 3B 33 33 33 44 44 44 44 36 86 16 AE 16 10 16"                            File: Line:0 Function: Type:Debug:
DateTime:2026-08-27 11:12:00.474:"工装接收：68 32 00 32 00 68 80 00 00 00 00 00 00 60 00 00 01 00 E1 16"                            File: Line:0 Function: Type:Debug:
DateTime:2026-08-27 11:12:00.474:"m_baRecvMsg:"                            File: Line:0 Function: Type:Debug:
DateTime:2026-08-27 11:12:00.474:"frameList.size():1"                            File: Line:0 Function: Type:Debug:
DateTime:2026-08-27 11:12:00.474:"进入报文解析"                            File: Line:0 Function: Type:Debug:
DateTime:2026-08-27 11:12:00.474:"68 32 00 32 00 68 80 00 00 00 00 00 00 60 00 00 01 00 E1 16"                            File: Line:0 Function: Type:Debug:
DateTime:2026-08-27 11:12:00.474:"解码完成，功能码: 1"                            File: Line:0 Function: Type:Debug:
DateTime:2026-08-27 11:12:00.474:"工装回复确认帧"                            File: Line:0 Function: Type:Debug:
DateTime:2026-08-27 11:12:00.583:"工装接收：68 CE 00 CE 00 68 80 00 00 00 00 00 22 60 00 00 01 00 02 24 00 68 24 00 80 00 00 00 00 00 48 52 01 00 02 12 90 78 56 34 12 0C 00 68 12 90 78 56 34 12 68 94 00 1A 16 29 16 1D 16"                            File: Line:0 Function: Type:Debug:
DateTime:2026-08-27 11:12:00.583:"m_baRecvMsg:"                            File: Line:0 Function: Type:Debug:
DateTime:2026-08-27 11:12:00.583:"frameList.size():1"                            File: Line:0 Function: Type:Debug:
DateTime:2026-08-27 11:12:00.583:"进入报文解析"                            File: Line:0 Function: Type:Debug:
DateTime:2026-08-27 11:12:00.584:"68 CE 00 CE 00 68 80 00 00 00 00 00 22 60 00 00 01 00 02 24 00 68 24 00 80 00 00 00 00 00 48 52 01 00 02 12 90 78 56 34 12 0C 00 68 12 90 78 56 34 12 68 94 00 1A 16 29 16 1D 16"                            File: Line:0 Function: Type:Debug:
DateTime:2026-08-27 11:12:00.584:"解码完成，功能码: 4"                            File: Line:0 Function: Type:Debug:
DateTime:2026-08-27 11:12:00.584:"工装接收到透传报文"                            File: Line:0 Function: Type:Debug:
DateTime:2026-08-27 11:12:00.584:"02240068240080000000000048520100021290785634120C00681290785634126894001A162916"                            File: Line:0 Function: Type:Debug:
DateTime:2026-08-27 11:12:00.584:"透传报文内容:68 24 00 80 00 00 00 00 00 48 52 01 00 02 12 90 78 56 34 12 0c 00 68 12 90 78 56 34 12 68 94 00 1a 16 29 16"                            File: Line:0 Function: Type:Debug:
DateTime:2026-08-27 11:12:03.505:"uTimeSecond_ms:30000"                            File: Line:0 Function: Type:Debug:
DateTime:2026-08-27 11:12:03.505:"查找结果: iret=0, wStart=0, dwOutLen=36, dwStreamLen=36, dwFindPos=0"                            File: Line:0 Function: Type:Debug:
DateTime:2026-08-27 11:12:03.505:"Receive:<= 68 24 00 80 00 00 00 00 00 48 52 01 00 02 12 90 78 56 34 12 0C 00 68 12 90 78 56 34 12 68 94 00 1A 16 29 16"                            File: Line:0 Function: Type:Debug:
DateTime:2026-08-27 11:12:03.505:"解析：功能码-AFN=52H,Fn=1："                            File: Line:0 Function: Type:Debug:
DateTime:2026-08-27 11:12:03.505:"透传回复内容：021290785634120C00681290785634126894001A16"                            File: Line:0 Function: Type:Debug:
DateTime:2026-08-27 11:12:03.505:"设置成功"                            File: Line:0 Function: Type:Debug:
DateTime:2026-08-27 11:12:03.505:dll输出信息: ""                            File: Line:0 Function: Type:Debug:
DateTime:2026-08-27 11:12:03.505:接口函数调用成功，返回的结果为 0                            File: Line:0 Function: Type:Debug:
DateTime:2026-08-27 11:12:03.505:"外部传入的para：0，返回的result：0,返回的pValRet：0"                            File: Line:0 Function: Type:Debug:
DateTime:2026-08-27 11:12:03.505:"执行接口函数CCO_AFN52_F1_EB040505_set完成"                            File: Line:0 Function: Type:Debug:
DateTime:2026-08-27 11:12:03.508:coorIndex 0                            File: Line:0 Function: Type:Debug:
DateTime:2026-08-27 11:12:03.508:当前流程结束                            File: Line:0 Function: Type:Debug:
DateTime:2026-08-27 11:12:03.508:退出connect函数                            File: Line:0 Function: Type:Debug:
DateTime:2026-08-27 11:12:03.508:"=========【Step86-数据转发--EB040505设置网络状态变更信息主动上报(默认)】结束=========="                            File: Line:0 Function: Type:Debug:
DateTime:2026-08-27 11:12:03.508:"-----------------------------"                            File: Line:0 Function: Type:Debug:
DateTime:2026-08-27 11:12:03.510:"=============执行【Step87-数据转发--EB040505查询网络状态变更信息主动上报(都上报)】==================="                            File: Line:0 Function: Type:Debug:
DateTime:2026-08-27 11:12:03.510:"执行接口函数CCO_AFN52_F1_EB040505_read"                            File: Line:0 Function: Type:Debug:
DateTime:2026-08-27 11:12:03.510:callWorkFunction: CCO_AFN52_F1_EB040505_read                            File: Line:0 Function: Type:Debug:
DateTime:2026-08-27 11:12:03.510:找到对应函数，进入执行                            File: Line:0 Function: Type:Debug:
DateTime:2026-08-27 11:12:04.015:"等待工装回复超时"                            File: Line:0 Function: Type:Debug:
DateTime:2026-08-27 11:12:04.015:"开始组帧"                            File: Line:0 Function: Type:Debug:
DateTime:2026-08-27 11:12:04.015:"组帧结束"                            File: Line:0 Function: Type:Debug:
DateTime:2026-08-27 11:12:04.015:"367.2Send:数据转发(查询-网络状态变更信息主动上报 EB040505)：=>68 2B 00 43 00 00 00 00 00 49 52 01 00 02 12 90 78 56 34 12 6B 8A E8 10 00 68 12 90 78 56 34 12 68 11 04 38 38 37 1E 60 16 5A 16"                            File: Line:0 Function: Type:Debug:
DateTime:2026-08-27 11:12:04.015:"槽位2透传:68EE00EE006840000000000022600000010002013C00682B0043000000000049520100021290785634126B8AE81000681290785634126811043838371E60165A165F16"                            File: Line:0 Function: Type:Debug:
DateTime:2026-08-27 11:12:04.015:"工装发送：68 EE 00 EE 00 68 40 00 00 00 00 00 22 60 00 00 01 00 02 01 3C 00 68 2B 00 43 00 00 00 00 00 49 52 01 00 02 12 90 78 56 34 12 6B 8A E8 10 00 68 12 90 78 56 34 12 68 11 04 38 38 37 1E 60 16 5A 16 5F 16"                            File: Line:0 Function: Type:Debug:
DateTime:2026-08-27 11:12:04.065:"工装接收：68 32 00 32 00 68 80 00 00 00 00 00 00 60 00 00 01 00 E1 16"                            File: Line:0 Function: Type:Debug:
DateTime:2026-08-27 11:12:04.065:"m_baRecvMsg:"                            File: Line:0 Function: Type:Debug:
DateTime:2026-08-27 11:12:04.065:"frameList.size():1"                            File: Line:0 Function: Type:Debug:
DateTime:2026-08-27 11:12:04.065:"进入报文解析"                            File: Line:0 Function: Type:Debug:
DateTime:2026-08-27 11:12:04.065:"68 32 00 32 00 68 80 00 00 00 00 00 00 60 00 00 01 00 E1 16"                            File: Line:0 Function: Type:Debug:
DateTime:2026-08-27 11:12:04.065:"解码完成，功能码: 1"                            File: Line:0 Function: Type:Debug:
DateTime:2026-08-27 11:12:04.065:"工装回复确认帧"                            File: Line:0 Function: Type:Debug:
DateTime:2026-08-27 11:12:04.120:"工装接收：68 E2 00 E2 00 68 80 00 00 00 00 00 22 60 00 00 01 00 02 29 00 68 29 00 80 00 00 00 00 00 49 52 01 00 02 12 90 78 56 34 12 11 00 68 12 90 78 56 34 12 68 91 05 38 38 37 1E 36 17 16 29 16 27 16"                            File: Line:0 Function: Type:Debug:
DateTime:2026-08-27 11:12:04.120:"m_baRecvMsg:"                            File: Line:0 Function: Type:Debug:
DateTime:2026-08-27 11:12:04.120:"frameList.size():1"                            File: Line:0 Function: Type:Debug:
DateTime:2026-08-27 11:12:04.120:"进入报文解析"                            File: Line:0 Function: Type:Debug:
DateTime:2026-08-27 11:12:04.120:"68 E2 00 E2 00 68 80 00 00 00 00 00 22 60 00 00 01 00 02 29 00 68 29 00 80 00 00 00 00 00 49 52 01 00 02 12 90 78 56 34 12 11 00 68 12 90 78 56 34 12 68 91 05 38 38 37 1E 36 17 16 29 16 27 16"                            File: Line:0 Function: Type:Debug:
DateTime:2026-08-27 11:12:04.120:"解码完成，功能码: 4"                            File: Line:0 Function: Type:Debug:
DateTime:2026-08-27 11:12:04.120:"工装接收到透传报文"                            File: Line:0 Function: Type:Debug:
DateTime:2026-08-27 11:12:04.120:"02290068290080000000000049520100021290785634121100681290785634126891053838371E3617162916"                            File: Line:0 Function: Type:Debug:
DateTime:2026-08-27 11:12:04.120:"透传报文内容:68 29 00 80 00 00 00 00 00 49 52 01 00 02 12 90 78 56 34 12 11 00 68 12 90 78 56 34 12 68 91 05 38 38 37 1e 36 17 16 29 16"                            File: Line:0 Function: Type:Debug:
DateTime:2026-08-27 11:12:07.042:"uTimeSecond_ms:30000"                            File: Line:0 Function: Type:Debug:
DateTime:2026-08-27 11:12:07.042:"查找结果: iret=0, wStart=0, dwOutLen=41, dwStreamLen=41, dwFindPos=0"                            File: Line:0 Function: Type:Debug:
DateTime:2026-08-27 11:12:07.042:"Receive:<= 68 29 00 80 00 00 00 00 00 49 52 01 00 02 12 90 78 56 34 12 11 00 68 12 90 78 56 34 12 68 91 05 38 38 37 1E 36 17 16 29 16"                            File: Line:0 Function: Type:Debug:
DateTime:2026-08-27 11:12:07.042:"解析：功能码-AFN=52H,Fn=1："                            File: Line:0 Function: Type:Debug:
DateTime:2026-08-27 11:12:07.042:"透传回复内容：021290785634121100681290785634126891053838371E361716"                            File: Line:0 Function: Type:Debug:
DateTime:2026-08-27 11:12:07.042:"DL/T645-2007协议 回复报文信息：控制码：91,数据标识：EB040505，数据域(需倒序解析)：03"                            File: Line:0 Function: Type:Debug:
DateTime:2026-08-27 11:12:07.042:"网络状态变更信息主动上报：入网上报,    网络状态变更信息主动上报：离网上报"                            File: Line:0 Function: Type:Debug:
DateTime:2026-08-27 11:12:07.042:dll输出信息: ""                            File: Line:0 Function: Type:Debug:
DateTime:2026-08-27 11:12:07.042:接口函数调用成功，返回的结果为 0                            File: Line:0 Function: Type:Debug:
DateTime:2026-08-27 11:12:07.042:"外部传入的para：0，返回的result：0,返回的pValRet：0"                            File: Line:0 Function: Type:Debug:
DateTime:2026-08-27 11:12:07.042:"执行接口函数CCO_AFN52_F1_EB040505_read完成"                            File: Line:0 Function: Type:Debug:
DateTime:2026-08-27 11:12:07.045:coorIndex 0                            File: Line:0 Function: Type:Debug:
DateTime:2026-08-27 11:12:07.045:当前流程结束                            File: Line:0 Function: Type:Debug:
DateTime:2026-08-27 11:12:07.045:退出connect函数                            File: Line:0 Function: Type:Debug:
DateTime:2026-08-27 11:12:07.045:"=========【Step87-数据转发--EB040505查询网络状态变更信息主动上报(都上报)】结束=========="                            File: Line:0 Function: Type:Debug:
DateTime:2026-08-27 11:12:07.045:"-----------------------------"                            File: Line:0 Function: Type:Debug:
DateTime:2026-08-27 11:12:07.047:"=============执行【Step88-数据转发--EB040601CCO任务队列情况读取】==================="                            File: Line:0 Function: Type:Debug:
DateTime:2026-08-27 11:12:07.048:"执行接口函数CCO_AFN52_F1_EB040601"                            File: Line:0 Function: Type:Debug:
DateTime:2026-08-27 11:12:07.048:callWorkFunction: CCO_AFN52_F1_EB040601                            File: Line:0 Function: Type:Debug:
DateTime:2026-08-27 11:12:07.048:找到对应函数，进入执行                            File: Line:0 Function: Type:Debug:
DateTime:2026-08-27 11:12:07.551:"等待工装回复超时"                            File: Line:0 Function: Type:Debug:
DateTime:2026-08-27 11:12:07.551:"开始组帧"                            File: Line:0 Function: Type:Debug:
DateTime:2026-08-27 11:12:07.551:"组帧结束"                            File: Line:0 Function: Type:Debug:
DateTime:2026-08-27 11:12:07.551:"367.2Send:数据转发(查询-CCO任务队列情况读取 EB040601)：=>68 2B 00 43 00 00 00 00 00 4A 52 01 00 02 12 90 78 56 34 12 6B 8A E8 10 00 68 12 90 78 56 34 12 68 11 04 34 39 37 1E 5D 16 55 16"                            File: Line:0 Function: Type:Debug:
DateTime:2026-08-27 11:12:07.551:"槽位2透传:68EE00EE006840000000000022600000010002013C00682B004300000000004A520100021290785634126B8AE81000681290785634126811043439371E5D1655165516"                            File: Line:0 Function: Type:Debug:
DateTime:2026-08-27 11:12:07.551:"工装发送：68 EE 00 EE 00 68 40 00 00 00 00 00 22 60 00 00 01 00 02 01 3C 00 68 2B 00 43 00 00 00 00 00 4A 52 01 00 02 12 90 78 56 34 12 6B 8A E8 10 00 68 12 90 78 56 34 12 68 11 04 34 39 37 1E 5D 16 55 16 55 16"                            File: Line:0 Function: Type:Debug:
DateTime:2026-08-27 11:12:07.601:"工装接收：68 32 00 32 00 68 80 00 00 00 00 00 00 60 00 00 01 00 E1 16"                            File: Line:0 Function: Type:Debug:
DateTime:2026-08-27 11:12:07.601:"m_baRecvMsg:"                            File: Line:0 Function: Type:Debug:
DateTime:2026-08-27 11:12:07.601:"frameList.size():1"                            File: Line:0 Function: Type:Debug:
DateTime:2026-08-27 11:12:07.601:"进入报文解析"                            File: Line:0 Function: Type:Debug:
DateTime:2026-08-27 11:12:07.601:"68 32 00 32 00 68 80 00 00 00 00 00 00 60 00 00 01 00 E1 16"                            File: Line:0 Function: Type:Debug:
DateTime:2026-08-27 11:12:07.601:"解码完成，功能码: 1"                            File: Line:0 Function: Type:Debug:
DateTime:2026-08-27 11:12:07.601:"工装回复确认帧"                            File: Line:0 Function: Type:Debug:
DateTime:2026-08-27 11:12:07.673:"工装接收：68 1E 01 1E 01 68 80 00 00 00 00 00 22 60 00 00 01 00 02 38 00 68 38 00 80 00 00 00 00 00 4A 52 01 00 02 12 90 78 56 34 12 20 00 68 12 90 78 56 34 12 68 91 14 34 39 37 1E 33 FB 33 33 33 33 33 33 33 47 33 33 33 33 33 33 F9 16 FD 16 ED 16"                            File: Line:0 Function: Type:Debug:
DateTime:2026-08-27 11:12:07.673:"m_baRecvMsg:"                            File: Line:0 Function: Type:Debug:
DateTime:2026-08-27 11:12:07.673:"frameList.size():1"                            File: Line:0 Function: Type:Debug:
DateTime:2026-08-27 11:12:07.673:"进入报文解析"                            File: Line:0 Function: Type:Debug:
DateTime:2026-08-27 11:12:07.673:"68 1E 01 1E 01 68 80 00 00 00 00 00 22 60 00 00 01 00 02 38 00 68 38 00 80 00 00 00 00 00 4A 52 01 00 02 12 90 78 56 34 12 20 00 68 12 90 78 56 34 12 68 91 14 34 39 37 1E 33 FB 33 33 33 33 33 33 33 47 33 33 33 33 33 33 F9 16 FD 16 ED 16"                            File: Line:0 Function: Type:Debug:
DateTime:2026-08-27 11:12:07.673:"解码完成，功能码: 4"                            File: Line:0 Function: Type:Debug:
DateTime:2026-08-27 11:12:07.673:"工装接收到透传报文"                            File: Line:0 Function: Type:Debug:
DateTime:2026-08-27 11:12:07.673:"0238006838008000000000004A520100021290785634122000681290785634126891143439371E33FB3333333333333347333333333333F916FD16"                            File: Line:0 Function: Type:Debug:
DateTime:2026-08-27 11:12:07.674:"透传报文内容:68 38 00 80 00 00 00 00 00 4a 52 01 00 02 12 90 78 56 34 12 20 00 68 12 90 78 56 34 12 68 91 14 34 39 37 1e 33 fb 33 33 33 33 33 33 33 47 33 33 33 33 33 33 f9 16 fd 16"                            File: Line:0 Function: Type:Debug:
DateTime:2026-08-27 11:12:10.595:"uTimeSecond_ms:30000"                            File: Line:0 Function: Type:Debug:
DateTime:2026-08-27 11:12:10.595:"查找结果: iret=0, wStart=0, dwOutLen=56, dwStreamLen=56, dwFindPos=0"                            File: Line:0 Function: Type:Debug:
DateTime:2026-08-27 11:12:10.595:"Receive:<= 68 38 00 80 00 00 00 00 00 4A 52 01 00 02 12 90 78 56 34 12 20 00 68 12 90 78 56 34 12 68 91 14 34 39 37 1E 33 FB 33 33 33 33 33 33 33 47 33 33 33 33 33 33 F9 16 FD 16"                            File: Line:0 Function: Type:Debug:
DateTime:2026-08-27 11:12:10.595:"解析：功能码-AFN=52H,Fn=1："                            File: Line:0 Function: Type:Debug:
DateTime:2026-08-27 11:12:10.595:"透传回复内容：021290785634122000681290785634126891143439371E33FB3333333333333347333333333333F916"                            File: Line:0 Function: Type:Debug:
DateTime:2026-08-27 11:12:10.595:"DL/T645-2007协议 回复报文信息：控制码：91,数据标识：EB040601，数据域(需倒序解析)：00C80000000000000014000000000000"                            File: Line:0 Function: Type:Debug:
DateTime:2026-08-27 11:12:10.595:"结果："                            File: Line:0 Function: Type:Debug:
DateTime:2026-08-27 11:12:10.595:"智能补采_支持的缓存容量：51200，智能补采_当前已使用的缓存容量：0，智能补采_当前补采队列任务条数：0,本地定时_支持的缓存容量：5120，本地定时_当前已使用的缓存容量：0，本地定时_当前补采队列任务条数：0"                            File: Line:0 Function: Type:Debug:
DateTime:2026-08-27 11:12:10.595:dll输出信息: ""                            File: Line:0 Function: Type:Debug:
DateTime:2026-08-27 11:12:10.595:接口函数调用成功，返回的结果为 0                            File: Line:0 Function: Type:Debug:
DateTime:2026-08-27 11:12:10.595:"外部传入的para：0，返回的result：0,返回的pValRet：0"                            File: Line:0 Function: Type:Debug:
DateTime:2026-08-27 11:12:10.595:"执行接口函数CCO_AFN52_F1_EB040601完成"                            File: Line:0 Function: Type:Debug:
DateTime:2026-08-27 11:12:10.598:coorIndex 0                            File: Line:0 Function: Type:Debug:
DateTime:2026-08-27 11:12:10.598:当前流程结束                            File: Line:0 Function: Type:Debug:
DateTime:2026-08-27 11:12:10.598:退出connect函数                            File: Line:0 Function: Type:Debug:
DateTime:2026-08-27 11:12:10.598:"=========【Step88-数据转发--EB040601CCO任务队列情况读取】结束=========="                            File: Line:0 Function: Type:Debug:
DateTime:2026-08-27 11:12:10.598:"-----------------------------"                            File: Line:0 Function: Type:Debug:
DateTime:2026-08-27 11:12:10.600:"=============执行【Step89-数据转发--EB040602清除CCO任务队列(02智能补采)】==================="                            File: Line:0 Function: Type:Debug:
DateTime:2026-08-27 11:12:10.600:"执行接口函数CCO_AFN52_F1_EB040602"                            File: Line:0 Function: Type:Debug:
DateTime:2026-08-27 11:12:10.600:callWorkFunction: CCO_AFN52_F1_EB040602                            File: Line:0 Function: Type:Debug:
DateTime:2026-08-27 11:12:10.601:找到对应函数，进入执行                            File: Line:0 Function: Type:Debug:
DateTime:2026-08-27 11:12:11.105:"等待工装回复超时"                            File: Line:0 Function: Type:Debug:
DateTime:2026-08-27 11:12:11.105:"开始组帧"                            File: Line:0 Function: Type:Debug:
DateTime:2026-08-27 11:12:11.105:"组帧结束"                            File: Line:0 Function: Type:Debug:
DateTime:2026-08-27 11:12:11.105:"367.2Send:数据转发(设置-清除CCO任务队列EB040602)：=>68 34 00 43 00 00 00 00 00 4B 52 01 00 02 12 90 78 56 34 12 6B 8A E8 19 00 68 12 90 78 56 34 12 68 14 0D 35 39 37 1E 3B 33 33 33 44 44 44 44 35 83 16 AB 16"                            File: Line:0 Function: Type:Debug:
DateTime:2026-08-27 11:12:11.105:"槽位2透传:68120112016840000000000022600000010002013C006834004300000000004B520100021290785634126B8AE819006812907856341268140D3539371E3B33333344444444358316AB160A16"                            File: Line:0 Function: Type:Debug:
DateTime:2026-08-27 11:12:11.105:"工装发送：68 12 01 12 01 68 40 00 00 00 00 00 22 60 00 00 01 00 02 01 3C 00 68 34 00 43 00 00 00 00 00 4B 52 01 00 02 12 90 78 56 34 12 6B 8A E8 19 00 68 12 90 78 56 34 12 68 14 0D 35 39 37 1E 3B 33 33 33 44 44 44 44 35 83 16 AB 16 0A 16"                            File: Line:0 Function: Type:Debug:
DateTime:2026-08-27 11:12:11.166:"工装接收：68 32 00 32 00 68 80 00 00 00 00 00 00 60 00 00 01 00 E1 16"                            File: Line:0 Function: Type:Debug:
DateTime:2026-08-27 11:12:11.166:"m_baRecvMsg:"                            File: Line:0 Function: Type:Debug:
DateTime:2026-08-27 11:12:11.166:"frameList.size():1"                            File: Line:0 Function: Type:Debug:
DateTime:2026-08-27 11:12:11.166:"进入报文解析"                            File: Line:0 Function: Type:Debug:
DateTime:2026-08-27 11:12:11.166:"68 32 00 32 00 68 80 00 00 00 00 00 00 60 00 00 01 00 E1 16"                            File: Line:0 Function: Type:Debug:
DateTime:2026-08-27 11:12:11.166:"解码完成，功能码: 1"                            File: Line:0 Function: Type:Debug:
DateTime:2026-08-27 11:12:11.166:"工装回复确认帧"                            File: Line:0 Function: Type:Debug:
DateTime:2026-08-27 11:12:11.219:"工装接收：68 CE 00 CE 00 68 80 00 00 00 00 00 22 60 00 00 01 00 02 24 00 68 24 00 80 00 00 00 00 00 4B 52 01 00 02 12 90 78 56 34 12 0C 00 68 12 90 78 56 34 12 68 94 00 1A 16 2C 16 23 16"                            File: Line:0 Function: Type:Debug:
DateTime:2026-08-27 11:12:11.219:"m_baRecvMsg:"                            File: Line:0 Function: Type:Debug:
DateTime:2026-08-27 11:12:11.219:"frameList.size():1"                            File: Line:0 Function: Type:Debug:
DateTime:2026-08-27 11:12:11.219:"进入报文解析"                            File: Line:0 Function: Type:Debug:
DateTime:2026-08-27 11:12:11.219:"68 CE 00 CE 00 68 80 00 00 00 00 00 22 60 00 00 01 00 02 24 00 68 24 00 80 00 00 00 00 00 4B 52 01 00 02 12 90 78 56 34 12 0C 00 68 12 90 78 56 34 12 68 94 00 1A 16 2C 16 23 16"                            File: Line:0 Function: Type:Debug:
DateTime:2026-08-27 11:12:11.219:"解码完成，功能码: 4"                            File: Line:0 Function: Type:Debug:
DateTime:2026-08-27 11:12:11.219:"工装接收到透传报文"                            File: Line:0 Function: Type:Debug:
DateTime:2026-08-27 11:12:11.219:"0224006824008000000000004B520100021290785634120C00681290785634126894001A162C16"                            File: Line:0 Function: Type:Debug:
DateTime:2026-08-27 11:12:11.219:"透传报文内容:68 24 00 80 00 00 00 00 00 4b 52 01 00 02 12 90 78 56 34 12 0c 00 68 12 90 78 56 34 12 68 94 00 1a 16 2c 16"                            File: Line:0 Function: Type:Debug:
DateTime:2026-08-27 11:12:14.140:"uTimeSecond_ms:30000"                            File: Line:0 Function: Type:Debug:
DateTime:2026-08-27 11:12:14.140:"查找结果: iret=0, wStart=0, dwOutLen=36, dwStreamLen=36, dwFindPos=0"                            File: Line:0 Function: Type:Debug:
DateTime:2026-08-27 11:12:14.140:"Receive:<= 68 24 00 80 00 00 00 00 00 4B 52 01 00 02 12 90 78 56 34 12 0C 00 68 12 90 78 56 34 12 68 94 00 1A 16 2C 16"                            File: Line:0 Function: Type:Debug:
DateTime:2026-08-27 11:12:14.140:"解析：功能码-AFN=52H,Fn=1："                            File: Line:0 Function: Type:Debug:
DateTime:2026-08-27 11:12:14.140:"透传回复内容：021290785634120C00681290785634126894001A16"                            File: Line:0 Function: Type:Debug:
DateTime:2026-08-27 11:12:14.140:"清除CCO任务队列成功"                            File: Line:0 Function: Type:Debug:
DateTime:2026-08-27 11:12:14.140:dll输出信息: ""                            File: Line:0 Function: Type:Debug:
DateTime:2026-08-27 11:12:14.140:接口函数调用成功，返回的结果为 0                            File: Line:0 Function: Type:Debug:
DateTime:2026-08-27 11:12:14.140:"外部传入的para：0，返回的result：0,返回的pValRet：0"                            File: Line:0 Function: Type:Debug:
DateTime:2026-08-27 11:12:14.140:"执行接口函数CCO_AFN52_F1_EB040602完成"                            File: Line:0 Function: Type:Debug:
DateTime:2026-08-27 11:12:14.143:coorIndex 0                            File: Line:0 Function: Type:Debug:
DateTime:2026-08-27 11:12:14.143:当前流程结束                            File: Line:0 Function: Type:Debug:
DateTime:2026-08-27 11:12:14.143:退出connect函数                            File: Line:0 Function: Type:Debug:
DateTime:2026-08-27 11:12:14.143:"=========【Step89-数据转发--EB040602清除CCO任务队列(02智能补采)】结束=========="                            File: Line:0 Function: Type:Debug:
DateTime:2026-08-27 11:12:14.143:"-----------------------------"                            File: Line:0 Function: Type:Debug:
DateTime:2026-08-27 11:12:14.145:"=============执行【Step90-数据转发--EB040602清除CCO任务队列(03本地定时)】==================="                            File: Line:0 Function: Type:Debug:
DateTime:2026-08-27 11:12:14.145:"执行接口函数CCO_AFN52_F1_EB040602"                            File: Line:0 Function: Type:Debug:
DateTime:2026-08-27 11:12:14.145:callWorkFunction: CCO_AFN52_F1_EB040602                            File: Line:0 Function: Type:Debug:
DateTime:2026-08-27 11:12:14.145:找到对应函数，进入执行                            File: Line:0 Function: Type:Debug:
DateTime:2026-08-27 11:12:14.648:"等待工装回复超时"                            File: Line:0 Function: Type:Debug:
DateTime:2026-08-27 11:12:14.648:"开始组帧"                            File: Line:0 Function: Type:Debug:
DateTime:2026-08-27 11:12:14.648:"组帧结束"                            File: Line:0 Function: Type:Debug:
DateTime:2026-08-27 11:12:14.648:"367.2Send:数据转发(设置-清除CCO任务队列EB040602)：=>68 34 00 43 00 00 00 00 00 4C 52 01 00 02 12 90 78 56 34 12 6B 8A E8 19 00 68 12 90 78 56 34 12 68 14 0D 35 39 37 1E 3B 33 33 33 44 44 44 44 36 84 16 AE 16"                            File: Line:0 Function: Type:Debug:
DateTime:2026-08-27 11:12:14.648:"槽位2透传:68120112016840000000000022600000010002013C006834004300000000004C520100021290785634126B8AE819006812907856341268140D3539371E3B33333344444444368416AE161016"                            File: Line:0 Function: Type:Debug:
DateTime:2026-08-27 11:12:14.648:"工装发送：68 12 01 12 01 68 40 00 00 00 00 00 22 60 00 00 01 00 02 01 3C 00 68 34 00 43 00 00 00 00 00 4C 52 01 00 02 12 90 78 56 34 12 6B 8A E8 19 00 68 12 90 78 56 34 12 68 14 0D 35 39 37 1E 3B 33 33 33 44 44 44 44 36 84 16 AE 16 10 16"                            File: Line:0 Function: Type:Debug:
DateTime:2026-08-27 11:12:14.709:"工装接收：68 32 00 32 00 68 80 00 00 00 00 00 00 60 00 00 01 00 E1 16"                            File: Line:0 Function: Type:Debug:
DateTime:2026-08-27 11:12:14.709:"m_baRecvMsg:"                            File: Line:0 Function: Type:Debug:
DateTime:2026-08-27 11:12:14.709:"frameList.size():1"                            File: Line:0 Function: Type:Debug:
DateTime:2026-08-27 11:12:14.709:"进入报文解析"                            File: Line:0 Function: Type:Debug:
DateTime:2026-08-27 11:12:14.709:"68 32 00 32 00 68 80 00 00 00 00 00 00 60 00 00 01 00 E1 16"                            File: Line:0 Function: Type:Debug:
DateTime:2026-08-27 11:12:14.709:"解码完成，功能码: 1"                            File: Line:0 Function: Type:Debug:
DateTime:2026-08-27 11:12:14.709:"工装回复确认帧"                            File: Line:0 Function: Type:Debug:
DateTime:2026-08-27 11:12:14.761:"工装接收：68 CE 00 CE 00 68 80 00 00 00 00 00 22 60 00 00 01 00 02 24 00 68 24 00 80 00 00 00 00 00 4C 52 01 00 02 12 90 78 56 34 12 0C 00 68 12 90 78 56 34 12 68 94 00 1A 16 2D 16 25 16"                            File: Line:0 Function: Type:Debug:
DateTime:2026-08-27 11:12:14.761:"m_baRecvMsg:"                            File: Line:0 Function: Type:Debug:
DateTime:2026-08-27 11:12:14.761:"frameList.size():1"                            File: Line:0 Function: Type:Debug:
DateTime:2026-08-27 11:12:14.761:"进入报文解析"                            File: Line:0 Function: Type:Debug:
DateTime:2026-08-27 11:12:14.761:"68 CE 00 CE 00 68 80 00 00 00 00 00 22 60 00 00 01 00 02 24 00 68 24 00 80 00 00 00 00 00 4C 52 01 00 02 12 90 78 56 34 12 0C 00 68 12 90 78 56 34 12 68 94 00 1A 16 2D 16 25 16"                            File: Line:0 Function: Type:Debug:
DateTime:2026-08-27 11:12:14.761:"解码完成，功能码: 4"                            File: Line:0 Function: Type:Debug:
DateTime:2026-08-27 11:12:14.761:"工装接收到透传报文"                            File: Line:0 Function: Type:Debug:
DateTime:2026-08-27 11:12:14.761:"0224006824008000000000004C520100021290785634120C00681290785634126894001A162D16"                            File: Line:0 Function: Type:Debug:
DateTime:2026-08-27 11:12:14.761:"透传报文内容:68 24 00 80 00 00 00 00 00 4c 52 01 00 02 12 90 78 56 34 12 0c 00 68 12 90 78 56 34 12 68 94 00 1a 16 2d 16"                            File: Line:0 Function: Type:Debug:
DateTime:2026-08-27 11:12:17.682:"uTimeSecond_ms:30000"                            File: Line:0 Function: Type:Debug:
DateTime:2026-08-27 11:12:17.682:"查找结果: iret=0, wStart=0, dwOutLen=36, dwStreamLen=36, dwFindPos=0"                            File: Line:0 Function: Type:Debug:
DateTime:2026-08-27 11:12:17.682:"Receive:<= 68 24 00 80 00 00 00 00 00 4C 52 01 00 02 12 90 78 56 34 12 0C 00 68 12 90 78 56 34 12 68 94 00 1A 16 2D 16"                            File: Line:0 Function: Type:Debug:
DateTime:2026-08-27 11:12:17.682:"解析：功能码-AFN=52H,Fn=1："                            File: Line:0 Function: Type:Debug:
DateTime:2026-08-27 11:12:17.682:"透传回复内容：021290785634120C00681290785634126894001A16"                            File: Line:0 Function: Type:Debug:
DateTime:2026-08-27 11:12:17.682:"清除CCO任务队列成功"                            File: Line:0 Function: Type:Debug:
DateTime:2026-08-27 11:12:17.682:dll输出信息: ""                            File: Line:0 Function: Type:Debug:
DateTime:2026-08-27 11:12:17.682:接口函数调用成功，返回的结果为 0                            File: Line:0 Function: Type:Debug:
DateTime:2026-08-27 11:12:17.682:"外部传入的para：0，返回的result：0,返回的pValRet：0"                            File: Line:0 Function: Type:Debug:
DateTime:2026-08-27 11:12:17.682:"执行接口函数CCO_AFN52_F1_EB040602完成"                            File: Line:0 Function: Type:Debug:
DateTime:2026-08-27 11:12:17.685:coorIndex 0                            File: Line:0 Function: Type:Debug:
DateTime:2026-08-27 11:12:17.685:当前流程结束                            File: Line:0 Function: Type:Debug:
DateTime:2026-08-27 11:12:17.685:退出connect函数                            File: Line:0 Function: Type:Debug:
DateTime:2026-08-27 11:12:17.685:"=========【Step90-数据转发--EB040602清除CCO任务队列(03本地定时)】结束=========="                            File: Line:0 Function: Type:Debug:
DateTime:2026-08-27 11:12:17.685:"-----------------------------"                            File: Line:0 Function: Type:Debug:
DateTime:2026-08-27 11:12:17.687:"=============执行【Step91-数据转发--EB040602清除CCO任务队列(FF智能补采及本地定时)】==================="                            File: Line:0 Function: Type:Debug:
DateTime:2026-08-27 11:12:17.687:"执行接口函数CCO_AFN52_F1_EB040602"                            File: Line:0 Function: Type:Debug:
DateTime:2026-08-27 11:12:17.687:callWorkFunction: CCO_AFN52_F1_EB040602                            File: Line:0 Function: Type:Debug:
DateTime:2026-08-27 11:12:17.687:找到对应函数，进入执行                            File: Line:0 Function: Type:Debug:
DateTime:2026-08-27 11:12:18.192:"等待工装回复超时"                            File: Line:0 Function: Type:Debug:
DateTime:2026-08-27 11:12:18.192:"开始组帧"                            File: Line:0 Function: Type:Debug:
DateTime:2026-08-27 11:12:18.192:"组帧结束"                            File: Line:0 Function: Type:Debug:
DateTime:2026-08-27 11:12:18.192:"367.2Send:数据转发(设置-清除CCO任务队列EB040602)：=>68 34 00 43 00 00 00 00 00 4D 52 01 00 02 12 90 78 56 34 12 6B 8A E8 19 00 68 12 90 78 56 34 12 68 14 0D 35 39 37 1E 3B 33 33 33 44 44 44 44 32 80 16 A7 16"                            File: Line:0 Function: Type:Debug:
DateTime:2026-08-27 11:12:18.192:"槽位2透传:68120112016840000000000022600000010002013C006834004300000000004D520100021290785634126B8AE819006812907856341268140D3539371E3B33333344444444328016A7160216"                            File: Line:0 Function: Type:Debug:
DateTime:2026-08-27 11:12:18.192:"工装发送：68 12 01 12 01 68 40 00 00 00 00 00 22 60 00 00 01 00 02 01 3C 00 68 34 00 43 00 00 00 00 00 4D 52 01 00 02 12 90 78 56 34 12 6B 8A E8 19 00 68 12 90 78 56 34 12 68 14 0D 35 39 37 1E 3B 33 33 33 44 44 44 44 32 80 16 A7 16 02 16"                            File: Line:0 Function: Type:Debug:
DateTime:2026-08-27 11:12:18.253:"工装接收：68 32 00 32 00 68 80 00 00 00 00 00 00 60 00 00 01 00 E1 16"                            File: Line:0 Function: Type:Debug:
DateTime:2026-08-27 11:12:18.253:"m_baRecvMsg:"                            File: Line:0 Function: Type:Debug:
DateTime:2026-08-27 11:12:18.253:"frameList.size():1"                            File: Line:0 Function: Type:Debug:
DateTime:2026-08-27 11:12:18.253:"进入报文解析"                            File: Line:0 Function: Type:Debug:
DateTime:2026-08-27 11:12:18.253:"68 32 00 32 00 68 80 00 00 00 00 00 00 60 00 00 01 00 E1 16"                            File: Line:0 Function: Type:Debug:
DateTime:2026-08-27 11:12:18.253:"解码完成，功能码: 1"                            File: Line:0 Function: Type:Debug:
DateTime:2026-08-27 11:12:18.253:"工装回复确认帧"                            File: Line:0 Function: Type:Debug:
DateTime:2026-08-27 11:12:18.304:"工装接收：68 CE 00 CE 00 68 80 00 00 00 00 00 22 60 00 00 01 00 02 24 00 68 24 00 80 00 00 00 00 00 4D 52 01 00 02 12 90 78 56 34 12 0C 00 68 12 90 78 56 34 12 68 94 00 1A 16 2E 16 27 16"                            File: Line:0 Function: Type:Debug:
DateTime:2026-08-27 11:12:18.304:"m_baRecvMsg:"                            File: Line:0 Function: Type:Debug:
DateTime:2026-08-27 11:12:18.304:"frameList.size():1"                            File: Line:0 Function: Type:Debug:
DateTime:2026-08-27 11:12:18.304:"进入报文解析"                            File: Line:0 Function: Type:Debug:
DateTime:2026-08-27 11:12:18.304:"68 CE 00 CE 00 68 80 00 00 00 00 00 22 60 00 00 01 00 02 24 00 68 24 00 80 00 00 00 00 00 4D 52 01 00 02 12 90 78 56 34 12 0C 00 68 12 90 78 56 34 12 68 94 00 1A 16 2E 16 27 16"                            File: Line:0 Function: Type:Debug:
DateTime:2026-08-27 11:12:18.304:"解码完成，功能码: 4"                            File: Line:0 Function: Type:Debug:
DateTime:2026-08-27 11:12:18.304:"工装接收到透传报文"                            File: Line:0 Function: Type:Debug:
DateTime:2026-08-27 11:12:18.304:"0224006824008000000000004D520100021290785634120C00681290785634126894001A162E16"                            File: Line:0 Function: Type:Debug:
DateTime:2026-08-27 11:12:18.304:"透传报文内容:68 24 00 80 00 00 00 00 00 4d 52 01 00 02 12 90 78 56 34 12 0c 00 68 12 90 78 56 34 12 68 94 00 1a 16 2e 16"                            File: Line:0 Function: Type:Debug:
DateTime:2026-08-27 11:12:21.225:"uTimeSecond_ms:30000"                            File: Line:0 Function: Type:Debug:
DateTime:2026-08-27 11:12:21.225:"查找结果: iret=0, wStart=0, dwOutLen=36, dwStreamLen=36, dwFindPos=0"                            File: Line:0 Function: Type:Debug:
DateTime:2026-08-27 11:12:21.225:"Receive:<= 68 24 00 80 00 00 00 00 00 4D 52 01 00 02 12 90 78 56 34 12 0C 00 68 12 90 78 56 34 12 68 94 00 1A 16 2E 16"                            File: Line:0 Function: Type:Debug:
DateTime:2026-08-27 11:12:21.225:"解析：功能码-AFN=52H,Fn=1："                            File: Line:0 Function: Type:Debug:
DateTime:2026-08-27 11:12:21.225:"透传回复内容：021290785634120C00681290785634126894001A16"                            File: Line:0 Function: Type:Debug:
DateTime:2026-08-27 11:12:21.225:"清除CCO任务队列成功"                            File: Line:0 Function: Type:Debug:
DateTime:2026-08-27 11:12:21.225:dll输出信息: ""                            File: Line:0 Function: Type:Debug:
DateTime:2026-08-27 11:12:21.225:接口函数调用成功，返回的结果为 0                            File: Line:0 Function: Type:Debug:
DateTime:2026-08-27 11:12:21.225:"外部传入的para：0，返回的result：0,返回的pValRet：0"                            File: Line:0 Function: Type:Debug:
DateTime:2026-08-27 11:12:21.225:"执行接口函数CCO_AFN52_F1_EB040602完成"                            File: Line:0 Function: Type:Debug:
DateTime:2026-08-27 11:12:21.228:coorIndex 0                            File: Line:0 Function: Type:Debug:
DateTime:2026-08-27 11:12:21.228:当前流程结束                            File: Line:0 Function: Type:Debug:
DateTime:2026-08-27 11:12:21.228:退出connect函数                            File: Line:0 Function: Type:Debug:
DateTime:2026-08-27 11:12:21.228:"=========【Step91-数据转发--EB040602清除CCO任务队列(FF智能补采及本地定时)】结束=========="                            File: Line:0 Function: Type:Debug:
DateTime:2026-08-27 11:12:21.228:"-----------------------------"                            File: Line:0 Function: Type:Debug:
DateTime:2026-08-27 11:12:21.230:"=============执行【Step92-数据转发--EB040603查询CCO智能补采运行参数(默认00不添加0事件方式)】==================="                            File: Line:0 Function: Type:Debug:
DateTime:2026-08-27 11:12:21.230:"执行接口函数CCO_AFN52_F1_EB040603_read"                            File: Line:0 Function: Type:Debug:
DateTime:2026-08-27 11:12:21.230:callWorkFunction: CCO_AFN52_F1_EB040603_read                            File: Line:0 Function: Type:Debug:
DateTime:2026-08-27 11:12:21.230:找到对应函数，进入执行                            File: Line:0 Function: Type:Debug:
DateTime:2026-08-27 11:12:21.734:"等待工装回复超时"                            File: Line:0 Function: Type:Debug:
DateTime:2026-08-27 11:12:21.734:"开始组帧"                            File: Line:0 Function: Type:Debug:
DateTime:2026-08-27 11:12:21.734:"组帧结束"                            File: Line:0 Function: Type:Debug:
DateTime:2026-08-27 11:12:21.734:"367.2Send:数据转发(查询-CCO任务队列_智能补采_运行参数 EB040603)：=>68 2B 00 43 00 00 00 00 00 4E 52 01 00 02 12 90 78 56 34 12 6B 8A E8 10 00 68 12 90 78 56 34 12 68 11 04 36 39 37 1E 5F 16 5D 16"                            File: Line:0 Function: Type:Debug:
DateTime:2026-08-27 11:12:21.734:"槽位2透传:68EE00EE006840000000000022600000010002013C00682B004300000000004E520100021290785634126B8AE81000681290785634126811043639371E5F165D166516"                            File: Line:0 Function: Type:Debug:
DateTime:2026-08-27 11:12:21.734:"工装发送：68 EE 00 EE 00 68 40 00 00 00 00 00 22 60 00 00 01 00 02 01 3C 00 68 2B 00 43 00 00 00 00 00 4E 52 01 00 02 12 90 78 56 34 12 6B 8A E8 10 00 68 12 90 78 56 34 12 68 11 04 36 39 37 1E 5F 16 5D 16 65 16"                            File: Line:0 Function: Type:Debug:
DateTime:2026-08-27 11:12:21.783:"工装接收：68 32 00 32 00 68 80 00 00 00 00 00 00 60 00 00 01 00 E1 16"                            File: Line:0 Function: Type:Debug:
DateTime:2026-08-27 11:12:21.783:"m_baRecvMsg:"                            File: Line:0 Function: Type:Debug:
DateTime:2026-08-27 11:12:21.783:"frameList.size():1"                            File: Line:0 Function: Type:Debug:
DateTime:2026-08-27 11:12:21.783:"进入报文解析"                            File: Line:0 Function: Type:Debug:
DateTime:2026-08-27 11:12:21.783:"68 32 00 32 00 68 80 00 00 00 00 00 00 60 00 00 01 00 E1 16"                            File: Line:0 Function: Type:Debug:
DateTime:2026-08-27 11:12:21.783:"解码完成，功能码: 1"                            File: Line:0 Function: Type:Debug:
DateTime:2026-08-27 11:12:21.783:"工装回复确认帧"                            File: Line:0 Function: Type:Debug:
DateTime:2026-08-27 11:12:21.838:"工装接收：68 E2 00 E2 00 68 80 00 00 00 00 00 22 60 00 00 01 00 02 29 00 68 29 00 80 00 00 00 00 00 4E 52 01 00 02 12 90 78 56 34 12 11 00 68 12 90 78 56 34 12 68 91 05 36 39 37 1E 33 13 16 26 16 21 16"                            File: Line:0 Function: Type:Debug:
DateTime:2026-08-27 11:12:21.838:"m_baRecvMsg:"                            File: Line:0 Function: Type:Debug:
DateTime:2026-08-27 11:12:21.838:"frameList.size():1"                            File: Line:0 Function: Type:Debug:
DateTime:2026-08-27 11:12:21.838:"进入报文解析"                            File: Line:0 Function: Type:Debug:
DateTime:2026-08-27 11:12:21.838:"68 E2 00 E2 00 68 80 00 00 00 00 00 22 60 00 00 01 00 02 29 00 68 29 00 80 00 00 00 00 00 4E 52 01 00 02 12 90 78 56 34 12 11 00 68 12 90 78 56 34 12 68 91 05 36 39 37 1E 33 13 16 26 16 21 16"                            File: Line:0 Function: Type:Debug:
DateTime:2026-08-27 11:12:21.838:"解码完成，功能码: 4"                            File: Line:0 Function: Type:Debug:
DateTime:2026-08-27 11:12:21.838:"工装接收到透传报文"                            File: Line:0 Function: Type:Debug:
DateTime:2026-08-27 11:12:21.838:"0229006829008000000000004E520100021290785634121100681290785634126891053639371E3313162616"                            File: Line:0 Function: Type:Debug:
DateTime:2026-08-27 11:12:21.838:"透传报文内容:68 29 00 80 00 00 00 00 00 4e 52 01 00 02 12 90 78 56 34 12 11 00 68 12 90 78 56 34 12 68 91 05 36 39 37 1e 33 13 16 26 16"                            File: Line:0 Function: Type:Debug:
DateTime:2026-08-27 11:12:24.759:"uTimeSecond_ms:30000"                            File: Line:0 Function: Type:Debug:
DateTime:2026-08-27 11:12:24.759:"查找结果: iret=0, wStart=0, dwOutLen=41, dwStreamLen=41, dwFindPos=0"                            File: Line:0 Function: Type:Debug:
DateTime:2026-08-27 11:12:24.759:"Receive:<= 68 29 00 80 00 00 00 00 00 4E 52 01 00 02 12 90 78 56 34 12 11 00 68 12 90 78 56 34 12 68 91 05 36 39 37 1E 33 13 16 26 16"                            File: Line:0 Function: Type:Debug:
DateTime:2026-08-27 11:12:24.759:"解析：功能码-AFN=52H,Fn=1："                            File: Line:0 Function: Type:Debug:
DateTime:2026-08-27 11:12:24.759:"透传回复内容：021290785634121100681290785634126891053639371E331316"                            File: Line:0 Function: Type:Debug:
DateTime:2026-08-27 11:12:24.759:"DL/T645-2007协议 回复报文信息：控制码：91,数据标识：EB040603，数据域(需倒序解析)：00"                            File: Line:0 Function: Type:Debug:
DateTime:2026-08-27 11:12:24.759:"新增STA是否添加到档案：0不添加（默认）；上报方式：0事件（默认）"                            File: Line:0 Function: Type:Debug:
DateTime:2026-08-27 11:12:24.759:dll输出信息: ""                            File: Line:0 Function: Type:Debug:
DateTime:2026-08-27 11:12:24.759:接口函数调用成功，返回的结果为 0                            File: Line:0 Function: Type:Debug:
DateTime:2026-08-27 11:12:24.759:"外部传入的para：0，返回的result：0,返回的pValRet：0"                            File: Line:0 Function: Type:Debug:
DateTime:2026-08-27 11:12:24.759:"执行接口函数CCO_AFN52_F1_EB040603_read完成"                            File: Line:0 Function: Type:Debug:
DateTime:2026-08-27 11:12:24.762:coorIndex 0                            File: Line:0 Function: Type:Debug:
DateTime:2026-08-27 11:12:24.762:当前流程结束                            File: Line:0 Function: Type:Debug:
DateTime:2026-08-27 11:12:24.762:退出connect函数                            File: Line:0 Function: Type:Debug:
DateTime:2026-08-27 11:12:24.762:"=========【Step92-数据转发--EB040603查询CCO智能补采运行参数(默认00不添加0事件方式)】结束=========="                            File: Line:0 Function: Type:Debug:
DateTime:2026-08-27 11:12:24.762:"-----------------------------"                            File: Line:0 Function: Type:Debug:
DateTime:2026-08-27 11:12:24.764:"=============执行【Step93-数据转发--EB040603设置CCO智能补采运行参数(设置01:1添加0事件方式)】==================="                            File: Line:0 Function: Type:Debug:
DateTime:2026-08-27 11:12:24.764:"执行接口函数CCO_AFN52_F1_EB040603_set"                            File: Line:0 Function: Type:Debug:
DateTime:2026-08-27 11:12:24.764:callWorkFunction: CCO_AFN52_F1_EB040603_set                            File: Line:0 Function: Type:Debug:
DateTime:2026-08-27 11:12:24.764:找到对应函数，进入执行                            File: Line:0 Function: Type:Debug:
DateTime:2026-08-27 11:12:25.269:"等待工装回复超时"                            File: Line:0 Function: Type:Debug:
DateTime:2026-08-27 11:12:25.269:"开始组帧"                            File: Line:0 Function: Type:Debug:
DateTime:2026-08-27 11:12:25.269:"组帧结束"                            File: Line:0 Function: Type:Debug:
DateTime:2026-08-27 11:12:25.269:"367.2Send:数据转发(设置-CCO任务队列_智能补采_运行参数EB040603)：=>68 34 00 43 00 00 00 00 00 4F 52 01 00 02 12 90 78 56 34 12 6B 8A E8 19 00 68 12 90 78 56 34 12 68 14 0D 36 39 37 1E 3B 33 33 33 44 44 44 44 34 83 16 AF 16"                            File: Line:0 Function: Type:Debug:
DateTime:2026-08-27 11:12:25.269:"槽位2透传:68120112016840000000000022600000010002013C006834004300000000004F520100021290785634126B8AE819006812907856341268140D3639371E3B33333344444444348316AF161216"                            File: Line:0 Function: Type:Debug:
DateTime:2026-08-27 11:12:25.269:"工装发送：68 12 01 12 01 68 40 00 00 00 00 00 22 60 00 00 01 00 02 01 3C 00 68 34 00 43 00 00 00 00 00 4F 52 01 00 02 12 90 78 56 34 12 6B 8A E8 19 00 68 12 90 78 56 34 12 68 14 0D 36 39 37 1E 3B 33 33 33 44 44 44 44 34 83 16 AF 16 12 16"                            File: Line:0 Function: Type:Debug:
DateTime:2026-08-27 11:12:25.330:"工装接收：68 32 00 32 00 68 80 00 00 00 00 00 00 60 00 00 01 00 E1 16"                            File: Line:0 Function: Type:Debug:
DateTime:2026-08-27 11:12:25.330:"m_baRecvMsg:"                            File: Line:0 Function: Type:Debug:
DateTime:2026-08-27 11:12:25.330:"frameList.size():1"                            File: Line:0 Function: Type:Debug:
DateTime:2026-08-27 11:12:25.330:"进入报文解析"                            File: Line:0 Function: Type:Debug:
DateTime:2026-08-27 11:12:25.330:"68 32 00 32 00 68 80 00 00 00 00 00 00 60 00 00 01 00 E1 16"                            File: Line:0 Function: Type:Debug:
DateTime:2026-08-27 11:12:25.330:"解码完成，功能码: 1"                            File: Line:0 Function: Type:Debug:
DateTime:2026-08-27 11:12:25.330:"工装回复确认帧"                            File: Line:0 Function: Type:Debug:
DateTime:2026-08-27 11:12:25.440:"工装接收：68 CE 00 CE 00 68 80 00 00 00 00 00 22 60 00 00 01 00 02 24 00 68 24 00 80 00 00 00 00 00 4F 52 01 00 02 12 90 78 56 34 12 0C 00 68 12 90 78 56 34 12 68 94 00 1A 16 30 16 2B 16"                            File: Line:0 Function: Type:Debug:
DateTime:2026-08-27 11:12:25.440:"m_baRecvMsg:"                            File: Line:0 Function: Type:Debug:
DateTime:2026-08-27 11:12:25.440:"frameList.size():1"                            File: Line:0 Function: Type:Debug:
DateTime:2026-08-27 11:12:25.440:"进入报文解析"                            File: Line:0 Function: Type:Debug:
DateTime:2026-08-27 11:12:25.440:"68 CE 00 CE 00 68 80 00 00 00 00 00 22 60 00 00 01 00 02 24 00 68 24 00 80 00 00 00 00 00 4F 52 01 00 02 12 90 78 56 34 12 0C 00 68 12 90 78 56 34 12 68 94 00 1A 16 30 16 2B 16"                            File: Line:0 Function: Type:Debug:
DateTime:2026-08-27 11:12:25.440:"解码完成，功能码: 4"                            File: Line:0 Function: Type:Debug:
DateTime:2026-08-27 11:12:25.441:"工装接收到透传报文"                            File: Line:0 Function: Type:Debug:
DateTime:2026-08-27 11:12:25.441:"0224006824008000000000004F520100021290785634120C00681290785634126894001A163016"                            File: Line:0 Function: Type:Debug:
DateTime:2026-08-27 11:12:25.441:"透传报文内容:68 24 00 80 00 00 00 00 00 4f 52 01 00 02 12 90 78 56 34 12 0c 00 68 12 90 78 56 34 12 68 94 00 1a 16 30 16"                            File: Line:0 Function: Type:Debug:
DateTime:2026-08-27 11:12:28.362:"uTimeSecond_ms:30000"                            File: Line:0 Function: Type:Debug:
DateTime:2026-08-27 11:12:28.362:"查找结果: iret=0, wStart=0, dwOutLen=36, dwStreamLen=36, dwFindPos=0"                            File: Line:0 Function: Type:Debug:
DateTime:2026-08-27 11:12:28.362:"Receive:<= 68 24 00 80 00 00 00 00 00 4F 52 01 00 02 12 90 78 56 34 12 0C 00 68 12 90 78 56 34 12 68 94 00 1A 16 30 16"                            File: Line:0 Function: Type:Debug:
DateTime:2026-08-27 11:12:28.362:"解析：功能码-AFN=52H,Fn=1："                            File: Line:0 Function: Type:Debug:
DateTime:2026-08-27 11:12:28.362:"透传回复内容：021290785634120C00681290785634126894001A16"                            File: Line:0 Function: Type:Debug:
DateTime:2026-08-27 11:12:28.362:"设置成功"                            File: Line:0 Function: Type:Debug:
DateTime:2026-08-27 11:12:28.362:dll输出信息: ""                            File: Line:0 Function: Type:Debug:
DateTime:2026-08-27 11:12:28.362:接口函数调用成功，返回的结果为 0                            File: Line:0 Function: Type:Debug:
DateTime:2026-08-27 11:12:28.362:"外部传入的para：0，返回的result：0,返回的pValRet：0"                            File: Line:0 Function: Type:Debug:
DateTime:2026-08-27 11:12:28.362:"执行接口函数CCO_AFN52_F1_EB040603_set完成"                            File: Line:0 Function: Type:Debug:
DateTime:2026-08-27 11:12:28.363:coorIndex 0                            File: Line:0 Function: Type:Debug:
DateTime:2026-08-27 11:12:28.363:当前流程结束                            File: Line:0 Function: Type:Debug:
DateTime:2026-08-27 11:12:28.363:退出connect函数                            File: Line:0 Function: Type:Debug:
DateTime:2026-08-27 11:12:28.363:"=========【Step93-数据转发--EB040603设置CCO智能补采运行参数(设置01:1添加0事件方式)】结束=========="                            File: Line:0 Function: Type:Debug:
DateTime:2026-08-27 11:12:28.363:"-----------------------------"                            File: Line:0 Function: Type:Debug:
DateTime:2026-08-27 11:12:28.363:"=============执行【Step94-数据转发--EB040603查询CCO智能补采运行参数(01:1添加0事件方式)】==================="                            File: Line:0 Function: Type:Debug:
DateTime:2026-08-27 11:12:28.363:"执行接口函数CCO_AFN52_F1_EB040603_read"                            File: Line:0 Function: Type:Debug:
DateTime:2026-08-27 11:12:28.363:callWorkFunction: CCO_AFN52_F1_EB040603_read                            File: Line:0 Function: Type:Debug:
DateTime:2026-08-27 11:12:28.363:找到对应函数，进入执行                            File: Line:0 Function: Type:Debug:
DateTime:2026-08-27 11:12:28.866:"等待工装回复超时"                            File: Line:0 Function: Type:Debug:
DateTime:2026-08-27 11:12:28.866:"开始组帧"                            File: Line:0 Function: Type:Debug:
DateTime:2026-08-27 11:12:28.866:"组帧结束"                            File: Line:0 Function: Type:Debug:
DateTime:2026-08-27 11:12:28.866:"367.2Send:数据转发(查询-CCO任务队列_智能补采_运行参数 EB040603)：=>68 2B 00 43 00 00 00 00 00 50 52 01 00 02 12 90 78 56 34 12 6B 8A E8 10 00 68 12 90 78 56 34 12 68 11 04 36 39 37 1E 5F 16 5F 16"                            File: Line:0 Function: Type:Debug:
DateTime:2026-08-27 11:12:28.866:"槽位2透传:68EE00EE006840000000000022600000010002013C00682B0043000000000050520100021290785634126B8AE81000681290785634126811043639371E5F165F166916"                            File: Line:0 Function: Type:Debug:
DateTime:2026-08-27 11:12:28.866:"工装发送：68 EE 00 EE 00 68 40 00 00 00 00 00 22 60 00 00 01 00 02 01 3C 00 68 2B 00 43 00 00 00 00 00 50 52 01 00 02 12 90 78 56 34 12 6B 8A E8 10 00 68 12 90 78 56 34 12 68 11 04 36 39 37 1E 5F 16 5F 16 69 16"                            File: Line:0 Function: Type:Debug:
DateTime:2026-08-27 11:12:28.916:"工装接收：68 32 00 32 00 68 80 00 00 00 00 00 00 60 00 00 01 00 E1 16"                            File: Line:0 Function: Type:Debug:
DateTime:2026-08-27 11:12:28.916:"m_baRecvMsg:"                            File: Line:0 Function: Type:Debug:
DateTime:2026-08-27 11:12:28.916:"frameList.size():1"                            File: Line:0 Function: Type:Debug:
DateTime:2026-08-27 11:12:28.916:"进入报文解析"                            File: Line:0 Function: Type:Debug:
DateTime:2026-08-27 11:12:28.916:"68 32 00 32 00 68 80 00 00 00 00 00 00 60 00 00 01 00 E1 16"                            File: Line:0 Function: Type:Debug:
DateTime:2026-08-27 11:12:28.916:"解码完成，功能码: 1"                            File: Line:0 Function: Type:Debug:
DateTime:2026-08-27 11:12:28.917:"工装回复确认帧"                            File: Line:0 Function: Type:Debug:
DateTime:2026-08-27 11:12:28.971:"工装接收：68 E2 00 E2 00 68 80 00 00 00 00 00 22 60 00 00 01 00 02 29 00 68 29 00 80 00 00 00 00 00 50 52 01 00 02 12 90 78 56 34 12 11 00 68 12 90 78 56 34 12 68 91 05 36 39 37 1E 34 14 16 2A 16 29 16"                            File: Line:0 Function: Type:Debug:
DateTime:2026-08-27 11:12:28.971:"m_baRecvMsg:"                            File: Line:0 Function: Type:Debug:
DateTime:2026-08-27 11:12:28.971:"frameList.size():1"                            File: Line:0 Function: Type:Debug:
DateTime:2026-08-27 11:12:28.971:"进入报文解析"                            File: Line:0 Function: Type:Debug:
DateTime:2026-08-27 11:12:28.971:"68 E2 00 E2 00 68 80 00 00 00 00 00 22 60 00 00 01 00 02 29 00 68 29 00 80 00 00 00 00 00 50 52 01 00 02 12 90 78 56 34 12 11 00 68 12 90 78 56 34 12 68 91 05 36 39 37 1E 34 14 16 2A 16 29 16"                            File: Line:0 Function: Type:Debug:
DateTime:2026-08-27 11:12:28.971:"解码完成，功能码: 4"                            File: Line:0 Function: Type:Debug:
DateTime:2026-08-27 11:12:28.971:"工装接收到透传报文"                            File: Line:0 Function: Type:Debug:
DateTime:2026-08-27 11:12:28.971:"02290068290080000000000050520100021290785634121100681290785634126891053639371E3414162A16"                            File: Line:0 Function: Type:Debug:
DateTime:2026-08-27 11:12:28.971:"透传报文内容:68 29 00 80 00 00 00 00 00 50 52 01 00 02 12 90 78 56 34 12 11 00 68 12 90 78 56 34 12 68 91 05 36 39 37 1e 34 14 16 2a 16"                            File: Line:0 Function: Type:Debug:
DateTime:2026-08-27 11:12:31.892:"uTimeSecond_ms:30000"                            File: Line:0 Function: Type:Debug:
DateTime:2026-08-27 11:12:31.892:"查找结果: iret=0, wStart=0, dwOutLen=41, dwStreamLen=41, dwFindPos=0"                            File: Line:0 Function: Type:Debug:
DateTime:2026-08-27 11:12:31.892:"Receive:<= 68 29 00 80 00 00 00 00 00 50 52 01 00 02 12 90 78 56 34 12 11 00 68 12 90 78 56 34 12 68 91 05 36 39 37 1E 34 14 16 2A 16"                            File: Line:0 Function: Type:Debug:
DateTime:2026-08-27 11:12:31.892:"解析：功能码-AFN=52H,Fn=1："                            File: Line:0 Function: Type:Debug:
DateTime:2026-08-27 11:12:31.892:"透传回复内容：021290785634121100681290785634126891053639371E341416"                            File: Line:0 Function: Type:Debug:
DateTime:2026-08-27 11:12:31.892:"DL/T645-2007协议 回复报文信息：控制码：91,数据标识：EB040603，数据域(需倒序解析)：01"                            File: Line:0 Function: Type:Debug:
DateTime:2026-08-27 11:12:31.892:"新增STA是否添加到档案：0不添加（默认）；上报方式：1：AFN=56H:F15方式"                            File: Line:0 Function: Type:Debug:
DateTime:2026-08-27 11:12:31.892:dll输出信息: ""                            File: Line:0 Function: Type:Debug:
DateTime:2026-08-27 11:12:31.892:接口函数调用成功，返回的结果为 0                            File: Line:0 Function: Type:Debug:
DateTime:2026-08-27 11:12:31.892:"外部传入的para：0，返回的result：0,返回的pValRet：0"                            File: Line:0 Function: Type:Debug:
DateTime:2026-08-27 11:12:31.892:"执行接口函数CCO_AFN52_F1_EB040603_read完成"                            File: Line:0 Function: Type:Debug:
DateTime:2026-08-27 11:12:31.895:coorIndex 0                            File: Line:0 Function: Type:Debug:
DateTime:2026-08-27 11:12:31.895:当前流程结束                            File: Line:0 Function: Type:Debug:
DateTime:2026-08-27 11:12:31.895:退出connect函数                            File: Line:0 Function: Type:Debug:
DateTime:2026-08-27 11:12:31.895:"=========【Step94-数据转发--EB040603查询CCO智能补采运行参数(01:1添加0事件方式)】结束=========="                            File: Line:0 Function: Type:Debug:
DateTime:2026-08-27 11:12:31.895:"-----------------------------"                            File: Line:0 Function: Type:Debug:
DateTime:2026-08-27 11:12:31.898:"=============执行【Step95-数据转发--EB040603设置CCO智能补采运行参数(设置02:0不添加56F15)】==================="                            File: Line:0 Function: Type:Debug:
DateTime:2026-08-27 11:12:31.898:"执行接口函数CCO_AFN52_F1_EB040603_set"                            File: Line:0 Function: Type:Debug:
DateTime:2026-08-27 11:12:31.898:callWorkFunction: CCO_AFN52_F1_EB040603_set                            File: Line:0 Function: Type:Debug:
DateTime:2026-08-27 11:12:31.898:找到对应函数，进入执行                            File: Line:0 Function: Type:Debug:
DateTime:2026-08-27 11:12:32.402:"等待工装回复超时"                            File: Line:0 Function: Type:Debug:
DateTime:2026-08-27 11:12:32.402:"开始组帧"                            File: Line:0 Function: Type:Debug:
DateTime:2026-08-27 11:12:32.402:"组帧结束"                            File: Line:0 Function: Type:Debug:
DateTime:2026-08-27 11:12:32.402:"367.2Send:数据转发(设置-CCO任务队列_智能补采_运行参数EB040603)：=>68 34 00 43 00 00 00 00 00 51 52 01 00 02 12 90 78 56 34 12 6B 8A E8 19 00 68 12 90 78 56 34 12 68 14 0D 36 39 37 1E 3B 33 33 33 44 44 44 44 35 84 16 B3 16"                            File: Line:0 Function: Type:Debug:
DateTime:2026-08-27 11:12:32.402:"槽位2透传:68120112016840000000000022600000010002013C0068340043000000000051520100021290785634126B8AE819006812907856341268140D3639371E3B33333344444444358416B3161A16"                            File: Line:0 Function: Type:Debug:
DateTime:2026-08-27 11:12:32.402:"工装发送：68 12 01 12 01 68 40 00 00 00 00 00 22 60 00 00 01 00 02 01 3C 00 68 34 00 43 00 00 00 00 00 51 52 01 00 02 12 90 78 56 34 12 6B 8A E8 19 00 68 12 90 78 56 34 12 68 14 0D 36 39 37 1E 3B 33 33 33 44 44 44 44 35 84 16 B3 16 1A 16"                            File: Line:0 Function: Type:Debug:
DateTime:2026-08-27 11:12:32.463:"工装接收：68 32 00 32 00 68 80 00 00 00 00 00 00 60 00 00 01 00 E1 16"                            File: Line:0 Function: Type:Debug:
DateTime:2026-08-27 11:12:32.463:"m_baRecvMsg:"                            File: Line:0 Function: Type:Debug:
DateTime:2026-08-27 11:12:32.463:"frameList.size():1"                            File: Line:0 Function: Type:Debug:
DateTime:2026-08-27 11:12:32.463:"进入报文解析"                            File: Line:0 Function: Type:Debug:
DateTime:2026-08-27 11:12:32.463:"68 32 00 32 00 68 80 00 00 00 00 00 00 60 00 00 01 00 E1 16"                            File: Line:0 Function: Type:Debug:
DateTime:2026-08-27 11:12:32.463:"解码完成，功能码: 1"                            File: Line:0 Function: Type:Debug:
DateTime:2026-08-27 11:12:32.463:"工装回复确认帧"                            File: Line:0 Function: Type:Debug:
DateTime:2026-08-27 11:12:32.572:"工装接收：68 CE 00 CE 00 68 80 00 00 00 00 00 22 60 00 00 01 00 02 24 00 68 24 00 80 00 00 00 00 00 51 52 01 00 02 12 90 78 56 34 12 0C 00 68 12 90 78 56 34 12 68 94 00 1A 16 32 16 2F 16"                            File: Line:0 Function: Type:Debug:
DateTime:2026-08-27 11:12:32.572:"m_baRecvMsg:"                            File: Line:0 Function: Type:Debug:
DateTime:2026-08-27 11:12:32.572:"frameList.size():1"                            File: Line:0 Function: Type:Debug:
DateTime:2026-08-27 11:12:32.572:"进入报文解析"                            File: Line:0 Function: Type:Debug:
DateTime:2026-08-27 11:12:32.572:"68 CE 00 CE 00 68 80 00 00 00 00 00 22 60 00 00 01 00 02 24 00 68 24 00 80 00 00 00 00 00 51 52 01 00 02 12 90 78 56 34 12 0C 00 68 12 90 78 56 34 12 68 94 00 1A 16 32 16 2F 16"                            File: Line:0 Function: Type:Debug:
DateTime:2026-08-27 11:12:32.572:"解码完成，功能码: 4"                            File: Line:0 Function: Type:Debug:
DateTime:2026-08-27 11:12:32.572:"工装接收到透传报文"                            File: Line:0 Function: Type:Debug:
DateTime:2026-08-27 11:12:32.572:"02240068240080000000000051520100021290785634120C00681290785634126894001A163216"                            File: Line:0 Function: Type:Debug:
DateTime:2026-08-27 11:12:32.572:"透传报文内容:68 24 00 80 00 00 00 00 00 51 52 01 00 02 12 90 78 56 34 12 0c 00 68 12 90 78 56 34 12 68 94 00 1a 16 32 16"                            File: Line:0 Function: Type:Debug:
DateTime:2026-08-27 11:12:35.494:"uTimeSecond_ms:30000"                            File: Line:0 Function: Type:Debug:
DateTime:2026-08-27 11:12:35.494:"查找结果: iret=0, wStart=0, dwOutLen=36, dwStreamLen=36, dwFindPos=0"                            File: Line:0 Function: Type:Debug:
DateTime:2026-08-27 11:12:35.494:"Receive:<= 68 24 00 80 00 00 00 00 00 51 52 01 00 02 12 90 78 56 34 12 0C 00 68 12 90 78 56 34 12 68 94 00 1A 16 32 16"                            File: Line:0 Function: Type:Debug:
DateTime:2026-08-27 11:12:35.494:"解析：功能码-AFN=52H,Fn=1："                            File: Line:0 Function: Type:Debug:
DateTime:2026-08-27 11:12:35.494:"透传回复内容：021290785634120C00681290785634126894001A16"                            File: Line:0 Function: Type:Debug:
DateTime:2026-08-27 11:12:35.494:"设置成功"                            File: Line:0 Function: Type:Debug:
DateTime:2026-08-27 11:12:35.494:dll输出信息: ""                            File: Line:0 Function: Type:Debug:
DateTime:2026-08-27 11:12:35.494:接口函数调用成功，返回的结果为 0                            File: Line:0 Function: Type:Debug:
DateTime:2026-08-27 11:12:35.494:"外部传入的para：0，返回的result：0,返回的pValRet：0"                            File: Line:0 Function: Type:Debug:
DateTime:2026-08-27 11:12:35.494:"执行接口函数CCO_AFN52_F1_EB040603_set完成"                            File: Line:0 Function: Type:Debug:
DateTime:2026-08-27 11:12:35.497:coorIndex 0                            File: Line:0 Function: Type:Debug:
DateTime:2026-08-27 11:12:35.497:当前流程结束                            File: Line:0 Function: Type:Debug:
DateTime:2026-08-27 11:12:35.497:退出connect函数                            File: Line:0 Function: Type:Debug:
DateTime:2026-08-27 11:12:35.497:"=========【Step95-数据转发--EB040603设置CCO智能补采运行参数(设置02:0不添加56F15)】结束=========="                            File: Line:0 Function: Type:Debug:
DateTime:2026-08-27 11:12:35.497:"-----------------------------"                            File: Line:0 Function: Type:Debug:
DateTime:2026-08-27 11:12:35.499:"=============执行【Step96-数据转发--EB040603查询CCO智能补采运行参数(02:0不添加56F15)】==================="                            File: Line:0 Function: Type:Debug:
DateTime:2026-08-27 11:12:35.499:"执行接口函数CCO_AFN52_F1_EB040603_read"                            File: Line:0 Function: Type:Debug:
DateTime:2026-08-27 11:12:35.499:callWorkFunction: CCO_AFN52_F1_EB040603_read                            File: Line:0 Function: Type:Debug:
DateTime:2026-08-27 11:12:35.499:找到对应函数，进入执行                            File: Line:0 Function: Type:Debug:
DateTime:2026-08-27 11:12:36.003:"等待工装回复超时"                            File: Line:0 Function: Type:Debug:
DateTime:2026-08-27 11:12:36.003:"开始组帧"                            File: Line:0 Function: Type:Debug:
DateTime:2026-08-27 11:12:36.003:"组帧结束"                            File: Line:0 Function: Type:Debug:
DateTime:2026-08-27 11:12:36.003:"367.2Send:数据转发(查询-CCO任务队列_智能补采_运行参数 EB040603)：=>68 2B 00 43 00 00 00 00 00 52 52 01 00 02 12 90 78 56 34 12 6B 8A E8 10 00 68 12 90 78 56 34 12 68 11 04 36 39 37 1E 5F 16 61 16"                            File: Line:0 Function: Type:Debug:
DateTime:2026-08-27 11:12:36.003:"槽位2透传:68EE00EE006840000000000022600000010002013C00682B0043000000000052520100021290785634126B8AE81000681290785634126811043639371E5F1661166D16"                            File: Line:0 Function: Type:Debug:
DateTime:2026-08-27 11:12:36.003:"工装发送：68 EE 00 EE 00 68 40 00 00 00 00 00 22 60 00 00 01 00 02 01 3C 00 68 2B 00 43 00 00 00 00 00 52 52 01 00 02 12 90 78 56 34 12 6B 8A E8 10 00 68 12 90 78 56 34 12 68 11 04 36 39 37 1E 5F 16 61 16 6D 16"                            File: Line:0 Function: Type:Debug:
DateTime:2026-08-27 11:12:36.053:"工装接收：68 32 00 32 00 68 80 00 00 00 00 00 00 60 00 00 01 00 E1 16"                            File: Line:0 Function: Type:Debug:
DateTime:2026-08-27 11:12:36.053:"m_baRecvMsg:"                            File: Line:0 Function: Type:Debug:
DateTime:2026-08-27 11:12:36.053:"frameList.size():1"                            File: Line:0 Function: Type:Debug:
DateTime:2026-08-27 11:12:36.053:"进入报文解析"                            File: Line:0 Function: Type:Debug:
DateTime:2026-08-27 11:12:36.053:"68 32 00 32 00 68 80 00 00 00 00 00 00 60 00 00 01 00 E1 16"                            File: Line:0 Function: Type:Debug:
DateTime:2026-08-27 11:12:36.053:"解码完成，功能码: 1"                            File: Line:0 Function: Type:Debug:
DateTime:2026-08-27 11:12:36.053:"工装回复确认帧"                            File: Line:0 Function: Type:Debug:
DateTime:2026-08-27 11:12:36.108:"工装接收：68 E2 00 E2 00 68 80 00 00 00 00 00 22 60 00 00 01 00 02 29 00 68 29 00 80 00 00 00 00 00 52 52 01 00 02 12 90 78 56 34 12 11 00 68 12 90 78 56 34 12 68 91 05 36 39 37 1E 35 15 16 2E 16 31 16"                            File: Line:0 Function: Type:Debug:
DateTime:2026-08-27 11:12:36.108:"m_baRecvMsg:"                            File: Line:0 Function: Type:Debug:
DateTime:2026-08-27 11:12:36.108:"frameList.size():1"                            File: Line:0 Function: Type:Debug:
DateTime:2026-08-27 11:12:36.108:"进入报文解析"                            File: Line:0 Function: Type:Debug:
DateTime:2026-08-27 11:12:36.108:"68 E2 00 E2 00 68 80 00 00 00 00 00 22 60 00 00 01 00 02 29 00 68 29 00 80 00 00 00 00 00 52 52 01 00 02 12 90 78 56 34 12 11 00 68 12 90 78 56 34 12 68 91 05 36 39 37 1E 35 15 16 2E 16 31 16"                            File: Line:0 Function: Type:Debug:
DateTime:2026-08-27 11:12:36.108:"解码完成，功能码: 4"                            File: Line:0 Function: Type:Debug:
DateTime:2026-08-27 11:12:36.108:"工装接收到透传报文"                            File: Line:0 Function: Type:Debug:
DateTime:2026-08-27 11:12:36.108:"02290068290080000000000052520100021290785634121100681290785634126891053639371E3515162E16"                            File: Line:0 Function: Type:Debug:
DateTime:2026-08-27 11:12:36.108:"透传报文内容:68 29 00 80 00 00 00 00 00 52 52 01 00 02 12 90 78 56 34 12 11 00 68 12 90 78 56 34 12 68 91 05 36 39 37 1e 35 15 16 2e 16"                            File: Line:0 Function: Type:Debug:
DateTime:2026-08-27 11:12:39.029:"uTimeSecond_ms:30000"                            File: Line:0 Function: Type:Debug:
DateTime:2026-08-27 11:12:39.029:"查找结果: iret=0, wStart=0, dwOutLen=41, dwStreamLen=41, dwFindPos=0"                            File: Line:0 Function: Type:Debug:
DateTime:2026-08-27 11:12:39.029:"Receive:<= 68 29 00 80 00 00 00 00 00 52 52 01 00 02 12 90 78 56 34 12 11 00 68 12 90 78 56 34 12 68 91 05 36 39 37 1E 35 15 16 2E 16"                            File: Line:0 Function: Type:Debug:
DateTime:2026-08-27 11:12:39.029:"解析：功能码-AFN=52H,Fn=1："                            File: Line:0 Function: Type:Debug:
DateTime:2026-08-27 11:12:39.029:"透传回复内容：021290785634121100681290785634126891053639371E351516"                            File: Line:0 Function: Type:Debug:
DateTime:2026-08-27 11:12:39.029:"DL/T645-2007协议 回复报文信息：控制码：91,数据标识：EB040603，数据域(需倒序解析)：02"                            File: Line:0 Function: Type:Debug:
DateTime:2026-08-27 11:12:39.029:"新增STA是否添加到档案：1：添加；上报方式：0事件（默认）"                            File: Line:0 Function: Type:Debug:
DateTime:2026-08-27 11:12:39.029:dll输出信息: ""                            File: Line:0 Function: Type:Debug:
DateTime:2026-08-27 11:12:39.029:接口函数调用成功，返回的结果为 0                            File: Line:0 Function: Type:Debug:
DateTime:2026-08-27 11:12:39.029:"外部传入的para：0，返回的result：0,返回的pValRet：0"                            File: Line:0 Function: Type:Debug:
DateTime:2026-08-27 11:12:39.029:"执行接口函数CCO_AFN52_F1_EB040603_read完成"                            File: Line:0 Function: Type:Debug:
DateTime:2026-08-27 11:12:39.032:coorIndex 0                            File: Line:0 Function: Type:Debug:
DateTime:2026-08-27 11:12:39.032:当前流程结束                            File: Line:0 Function: Type:Debug:
DateTime:2026-08-27 11:12:39.032:退出connect函数                            File: Line:0 Function: Type:Debug:
DateTime:2026-08-27 11:12:39.032:"=========【Step96-数据转发--EB040603查询CCO智能补采运行参数(02:0不添加56F15)】结束=========="                            File: Line:0 Function: Type:Debug:
DateTime:2026-08-27 11:12:39.032:"-----------------------------"                            File: Line:0 Function: Type:Debug:
DateTime:2026-08-27 11:12:39.034:"=============执行【Step97-数据转发--EB040603设置CCO智能补采运行参数(设置03:1添加56F15)】==================="                            File: Line:0 Function: Type:Debug:
DateTime:2026-08-27 11:12:39.034:"执行接口函数CCO_AFN52_F1_EB040603_set"                            File: Line:0 Function: Type:Debug:
DateTime:2026-08-27 11:12:39.034:callWorkFunction: CCO_AFN52_F1_EB040603_set                            File: Line:0 Function: Type:Debug:
DateTime:2026-08-27 11:12:39.035:找到对应函数，进入执行                            File: Line:0 Function: Type:Debug:
DateTime:2026-08-27 11:12:39.539:"等待工装回复超时"                            File: Line:0 Function: Type:Debug:
DateTime:2026-08-27 11:12:39.539:"开始组帧"                            File: Line:0 Function: Type:Debug:
DateTime:2026-08-27 11:12:39.539:"组帧结束"                            File: Line:0 Function: Type:Debug:
DateTime:2026-08-27 11:12:39.539:"367.2Send:数据转发(设置-CCO任务队列_智能补采_运行参数EB040603)：=>68 34 00 43 00 00 00 00 00 53 52 01 00 02 12 90 78 56 34 12 6B 8A E8 19 00 68 12 90 78 56 34 12 68 14 0D 36 39 37 1E 3B 33 33 33 44 44 44 44 36 85 16 B7 16"                            File: Line:0 Function: Type:Debug:
DateTime:2026-08-27 11:12:39.539:"槽位2透传:68120112016840000000000022600000010002013C0068340043000000000053520100021290785634126B8AE819006812907856341268140D3639371E3B33333344444444368516B7162216"                            File: Line:0 Function: Type:Debug:
DateTime:2026-08-27 11:12:39.539:"工装发送：68 12 01 12 01 68 40 00 00 00 00 00 22 60 00 00 01 00 02 01 3C 00 68 34 00 43 00 00 00 00 00 53 52 01 00 02 12 90 78 56 34 12 6B 8A E8 19 00 68 12 90 78 56 34 12 68 14 0D 36 39 37 1E 3B 33 33 33 44 44 44 44 36 85 16 B7 16 22 16"                            File: Line:0 Function: Type:Debug:
DateTime:2026-08-27 11:12:39.600:"工装接收：68 32 00 32 00 68 80 00 00 00 00 00 00 60 00 00 01 00 E1 16"                            File: Line:0 Function: Type:Debug:
DateTime:2026-08-27 11:12:39.600:"m_baRecvMsg:"                            File: Line:0 Function: Type:Debug:
DateTime:2026-08-27 11:12:39.600:"frameList.size():1"                            File: Line:0 Function: Type:Debug:
DateTime:2026-08-27 11:12:39.600:"进入报文解析"                            File: Line:0 Function: Type:Debug:
DateTime:2026-08-27 11:12:39.600:"68 32 00 32 00 68 80 00 00 00 00 00 00 60 00 00 01 00 E1 16"                            File: Line:0 Function: Type:Debug:
DateTime:2026-08-27 11:12:39.600:"解码完成，功能码: 1"                            File: Line:0 Function: Type:Debug:
DateTime:2026-08-27 11:12:39.600:"工装回复确认帧"                            File: Line:0 Function: Type:Debug:
DateTime:2026-08-27 11:12:39.708:"工装接收：68 CE 00 CE 00 68 80 00 00 00 00 00 22 60 00 00 01 00 02 24 00 68 24 00 80 00 00 00 00 00 53 52 01 00 02 12 90 78 56 34 12 0C 00 68 12 90 78 56 34 12 68 94 00 1A 16 34 16 33 16"                            File: Line:0 Function: Type:Debug:
DateTime:2026-08-27 11:12:39.708:"m_baRecvMsg:"                            File: Line:0 Function: Type:Debug:
DateTime:2026-08-27 11:12:39.708:"frameList.size():1"                            File: Line:0 Function: Type:Debug:
DateTime:2026-08-27 11:12:39.708:"进入报文解析"                            File: Line:0 Function: Type:Debug:
DateTime:2026-08-27 11:12:39.709:"68 CE 00 CE 00 68 80 00 00 00 00 00 22 60 00 00 01 00 02 24 00 68 24 00 80 00 00 00 00 00 53 52 01 00 02 12 90 78 56 34 12 0C 00 68 12 90 78 56 34 12 68 94 00 1A 16 34 16 33 16"                            File: Line:0 Function: Type:Debug:
DateTime:2026-08-27 11:12:39.709:"解码完成，功能码: 4"                            File: Line:0 Function: Type:Debug:
DateTime:2026-08-27 11:12:39.709:"工装接收到透传报文"                            File: Line:0 Function: Type:Debug:
DateTime:2026-08-27 11:12:39.709:"02240068240080000000000053520100021290785634120C00681290785634126894001A163416"                            File: Line:0 Function: Type:Debug:
DateTime:2026-08-27 11:12:39.709:"透传报文内容:68 24 00 80 00 00 00 00 00 53 52 01 00 02 12 90 78 56 34 12 0c 00 68 12 90 78 56 34 12 68 94 00 1a 16 34 16"                            File: Line:0 Function: Type:Debug:
DateTime:2026-08-27 11:12:42.631:"uTimeSecond_ms:30000"                            File: Line:0 Function: Type:Debug:
DateTime:2026-08-27 11:12:42.631:"查找结果: iret=0, wStart=0, dwOutLen=36, dwStreamLen=36, dwFindPos=0"                            File: Line:0 Function: Type:Debug:
DateTime:2026-08-27 11:12:42.631:"Receive:<= 68 24 00 80 00 00 00 00 00 53 52 01 00 02 12 90 78 56 34 12 0C 00 68 12 90 78 56 34 12 68 94 00 1A 16 34 16"                            File: Line:0 Function: Type:Debug:
DateTime:2026-08-27 11:12:42.631:"解析：功能码-AFN=52H,Fn=1："                            File: Line:0 Function: Type:Debug:
DateTime:2026-08-27 11:12:42.631:"透传回复内容：021290785634120C00681290785634126894001A16"                            File: Line:0 Function: Type:Debug:
DateTime:2026-08-27 11:12:42.631:"设置成功"                            File: Line:0 Function: Type:Debug:
DateTime:2026-08-27 11:12:42.631:dll输出信息: ""                            File: Line:0 Function: Type:Debug:
DateTime:2026-08-27 11:12:42.631:接口函数调用成功，返回的结果为 0                            File: Line:0 Function: Type:Debug:
DateTime:2026-08-27 11:12:42.631:"外部传入的para：0，返回的result：0,返回的pValRet：0"                            File: Line:0 Function: Type:Debug:
DateTime:2026-08-27 11:12:42.631:"执行接口函数CCO_AFN52_F1_EB040603_set完成"                            File: Line:0 Function: Type:Debug:
DateTime:2026-08-27 11:12:42.634:coorIndex 0                            File: Line:0 Function: Type:Debug:
DateTime:2026-08-27 11:12:42.634:当前流程结束                            File: Line:0 Function: Type:Debug:
DateTime:2026-08-27 11:12:42.634:退出connect函数                            File: Line:0 Function: Type:Debug:
DateTime:2026-08-27 11:12:42.634:"=========【Step97-数据转发--EB040603设置CCO智能补采运行参数(设置03:1添加56F15)】结束=========="                            File: Line:0 Function: Type:Debug:
DateTime:2026-08-27 11:12:42.634:"-----------------------------"                            File: Line:0 Function: Type:Debug:
DateTime:2026-08-27 11:12:42.636:"=============执行【Step98-数据转发--EB040603查询CCO智能补采运行参数(03:1添加56F15)】==================="                            File: Line:0 Function: Type:Debug:
DateTime:2026-08-27 11:12:42.636:"执行接口函数CCO_AFN52_F1_EB040603_read"                            File: Line:0 Function: Type:Debug:
DateTime:2026-08-27 11:12:42.636:callWorkFunction: CCO_AFN52_F1_EB040603_read                            File: Line:0 Function: Type:Debug:
DateTime:2026-08-27 11:12:42.636:找到对应函数，进入执行                            File: Line:0 Function: Type:Debug:
DateTime:2026-08-27 11:12:43.140:"等待工装回复超时"                            File: Line:0 Function: Type:Debug:
DateTime:2026-08-27 11:12:43.140:"开始组帧"                            File: Line:0 Function: Type:Debug:
DateTime:2026-08-27 11:12:43.140:"组帧结束"                            File: Line:0 Function: Type:Debug:
DateTime:2026-08-27 11:12:43.140:"367.2Send:数据转发(查询-CCO任务队列_智能补采_运行参数 EB040603)：=>68 2B 00 43 00 00 00 00 00 54 52 01 00 02 12 90 78 56 34 12 6B 8A E8 10 00 68 12 90 78 56 34 12 68 11 04 36 39 37 1E 5F 16 63 16"                            File: Line:0 Function: Type:Debug:
DateTime:2026-08-27 11:12:43.140:"槽位2透传:68EE00EE006840000000000022600000010002013C00682B0043000000000054520100021290785634126B8AE81000681290785634126811043639371E5F1663167116"                            File: Line:0 Function: Type:Debug:
DateTime:2026-08-27 11:12:43.140:"工装发送：68 EE 00 EE 00 68 40 00 00 00 00 00 22 60 00 00 01 00 02 01 3C 00 68 2B 00 43 00 00 00 00 00 54 52 01 00 02 12 90 78 56 34 12 6B 8A E8 10 00 68 12 90 78 56 34 12 68 11 04 36 39 37 1E 5F 16 63 16 71 16"                            File: Line:0 Function: Type:Debug:
DateTime:2026-08-27 11:12:43.190:"工装接收：68 32 00 32 00 68 80 00 00 00 00 00 00 60 00 00 01 00 E1 16"                            File: Line:0 Function: Type:Debug:
DateTime:2026-08-27 11:12:43.190:"m_baRecvMsg:"                            File: Line:0 Function: Type:Debug:
DateTime:2026-08-27 11:12:43.190:"frameList.size():1"                            File: Line:0 Function: Type:Debug:
DateTime:2026-08-27 11:12:43.190:"进入报文解析"                            File: Line:0 Function: Type:Debug:
DateTime:2026-08-27 11:12:43.190:"68 32 00 32 00 68 80 00 00 00 00 00 00 60 00 00 01 00 E1 16"                            File: Line:0 Function: Type:Debug:
DateTime:2026-08-27 11:12:43.190:"解码完成，功能码: 1"                            File: Line:0 Function: Type:Debug:
DateTime:2026-08-27 11:12:43.190:"工装回复确认帧"                            File: Line:0 Function: Type:Debug:
DateTime:2026-08-27 11:12:43.245:"工装接收：68 E2 00 E2 00 68 80 00 00 00 00 00 22 60 00 00 01 00 02 29 00 68 29 00 80 00 00 00 00 00 54 52 01 00 02 12 90 78 56 34 12 11 00 68 12 90 78 56 34 12 68 91 05 36 39 37 1E 36 16 16 32 16 39 16"                            File: Line:0 Function: Type:Debug:
DateTime:2026-08-27 11:12:43.245:"m_baRecvMsg:"                            File: Line:0 Function: Type:Debug:
DateTime:2026-08-27 11:12:43.245:"frameList.size():1"                            File: Line:0 Function: Type:Debug:
DateTime:2026-08-27 11:12:43.245:"进入报文解析"                            File: Line:0 Function: Type:Debug:
DateTime:2026-08-27 11:12:43.245:"68 E2 00 E2 00 68 80 00 00 00 00 00 22 60 00 00 01 00 02 29 00 68 29 00 80 00 00 00 00 00 54 52 01 00 02 12 90 78 56 34 12 11 00 68 12 90 78 56 34 12 68 91 05 36 39 37 1E 36 16 16 32 16 39 16"                            File: Line:0 Function: Type:Debug:
DateTime:2026-08-27 11:12:43.245:"解码完成，功能码: 4"                            File: Line:0 Function: Type:Debug:
DateTime:2026-08-27 11:12:43.245:"工装接收到透传报文"                            File: Line:0 Function: Type:Debug:
DateTime:2026-08-27 11:12:43.245:"02290068290080000000000054520100021290785634121100681290785634126891053639371E3616163216"                            File: Line:0 Function: Type:Debug:
DateTime:2026-08-27 11:12:43.245:"透传报文内容:68 29 00 80 00 00 00 00 00 54 52 01 00 02 12 90 78 56 34 12 11 00 68 12 90 78 56 34 12 68 91 05 36 39 37 1e 36 16 16 32 16"                            File: Line:0 Function: Type:Debug:
DateTime:2026-08-27 11:12:46.166:"uTimeSecond_ms:30000"                            File: Line:0 Function: Type:Debug:
DateTime:2026-08-27 11:12:46.166:"查找结果: iret=0, wStart=0, dwOutLen=41, dwStreamLen=41, dwFindPos=0"                            File: Line:0 Function: Type:Debug:
DateTime:2026-08-27 11:12:46.166:"Receive:<= 68 29 00 80 00 00 00 00 00 54 52 01 00 02 12 90 78 56 34 12 11 00 68 12 90 78 56 34 12 68 91 05 36 39 37 1E 36 16 16 32 16"                            File: Line:0 Function: Type:Debug:
DateTime:2026-08-27 11:12:46.166:"解析：功能码-AFN=52H,Fn=1："                            File: Line:0 Function: Type:Debug:
DateTime:2026-08-27 11:12:46.166:"透传回复内容：021290785634121100681290785634126891053639371E361616"                            File: Line:0 Function: Type:Debug:
DateTime:2026-08-27 11:12:46.166:"DL/T645-2007协议 回复报文信息：控制码：91,数据标识：EB040603，数据域(需倒序解析)：03"                            File: Line:0 Function: Type:Debug:
DateTime:2026-08-27 11:12:46.166:"新增STA是否添加到档案：1：添加；上报方式：1：AFN=56H:F15方式"                            File: Line:0 Function: Type:Debug:
DateTime:2026-08-27 11:12:46.166:dll输出信息: ""                            File: Line:0 Function: Type:Debug:
DateTime:2026-08-27 11:12:46.166:接口函数调用成功，返回的结果为 0                            File: Line:0 Function: Type:Debug:
DateTime:2026-08-27 11:12:46.166:"外部传入的para：0，返回的result：0,返回的pValRet：0"                            File: Line:0 Function: Type:Debug:
DateTime:2026-08-27 11:12:46.166:"执行接口函数CCO_AFN52_F1_EB040603_read完成"                            File: Line:0 Function: Type:Debug:
DateTime:2026-08-27 11:12:46.169:coorIndex 0                            File: Line:0 Function: Type:Debug:
DateTime:2026-08-27 11:12:46.169:当前流程结束                            File: Line:0 Function: Type:Debug:
DateTime:2026-08-27 11:12:46.169:退出connect函数                            File: Line:0 Function: Type:Debug:
DateTime:2026-08-27 11:12:46.169:"=========【Step98-数据转发--EB040603查询CCO智能补采运行参数(03:1添加56F15)】结束=========="                            File: Line:0 Function: Type:Debug:
DateTime:2026-08-27 11:12:46.170:"-----------------------------"                            File: Line:0 Function: Type:Debug:
DateTime:2026-08-27 11:12:46.171:"=============执行【Step99-数据转发--EB040604查询CCO本地定时运行参数(默认0：0不执行0事件方式)】==================="                            File: Line:0 Function: Type:Debug:
DateTime:2026-08-27 11:12:46.172:"执行接口函数CCO_AFN52_F1_EB040604_read"                            File: Line:0 Function: Type:Debug:
DateTime:2026-08-27 11:12:46.172:callWorkFunction: CCO_AFN52_F1_EB040604_read                            File: Line:0 Function: Type:Debug:
DateTime:2026-08-27 11:12:46.172:找到对应函数，进入执行                            File: Line:0 Function: Type:Debug:
DateTime:2026-08-27 11:12:46.676:"等待工装回复超时"                            File: Line:0 Function: Type:Debug:
DateTime:2026-08-27 11:12:46.676:"开始组帧"                            File: Line:0 Function: Type:Debug:
DateTime:2026-08-27 11:12:46.676:"组帧结束"                            File: Line:0 Function: Type:Debug:
DateTime:2026-08-27 11:12:46.676:"367.2Send:数据转发(查询-CCO任务队列_本地定时_运行参数 EB040604)：=>68 2B 00 43 00 00 00 00 00 55 52 01 00 02 12 90 78 56 34 12 6B 8A E8 10 00 68 12 90 78 56 34 12 68 11 04 37 39 37 1E 60 16 66 16"                            File: Line:0 Function: Type:Debug:
DateTime:2026-08-27 11:12:46.676:"槽位2透传:68EE00EE006840000000000022600000010002013C00682B0043000000000055520100021290785634126B8AE81000681290785634126811043739371E601666167716"                            File: Line:0 Function: Type:Debug:
DateTime:2026-08-27 11:12:46.676:"工装发送：68 EE 00 EE 00 68 40 00 00 00 00 00 22 60 00 00 01 00 02 01 3C 00 68 2B 00 43 00 00 00 00 00 55 52 01 00 02 12 90 78 56 34 12 6B 8A E8 10 00 68 12 90 78 56 34 12 68 11 04 37 39 37 1E 60 16 66 16 77 16"                            File: Line:0 Function: Type:Debug:
DateTime:2026-08-27 11:12:46.726:"工装接收：68 32 00 32 00 68 80 00 00 00 00 00 00 60 00 00 01 00 E1 16"                            File: Line:0 Function: Type:Debug:
DateTime:2026-08-27 11:12:46.726:"m_baRecvMsg:"                            File: Line:0 Function: Type:Debug:
DateTime:2026-08-27 11:12:46.726:"frameList.size():1"                            File: Line:0 Function: Type:Debug:
DateTime:2026-08-27 11:12:46.726:"进入报文解析"                            File: Line:0 Function: Type:Debug:
DateTime:2026-08-27 11:12:46.726:"68 32 00 32 00 68 80 00 00 00 00 00 00 60 00 00 01 00 E1 16"                            File: Line:0 Function: Type:Debug:
DateTime:2026-08-27 11:12:46.727:"解码完成，功能码: 1"                            File: Line:0 Function: Type:Debug:
DateTime:2026-08-27 11:12:46.727:"工装回复确认帧"                            File: Line:0 Function: Type:Debug:
DateTime:2026-08-27 11:12:46.782:"工装接收：68 E6 00 E6 00 68 80 00 00 00 00 00 22 60 00 00 01 00 02 2A 00 68 2A 00 80 00 00 00 00 00 55 52 01 00 02 12 90 78 56 34 12 12 00 68 12 90 78 56 34 12 68 91 06 37 39 37 1E D1 34 E7 16 D6 16 83 16"                            File: Line:0 Function: Type:Debug:
DateTime:2026-08-27 11:12:46.782:"m_baRecvMsg:"                            File: Line:0 Function: Type:Debug:
DateTime:2026-08-27 11:12:46.782:"frameList.size():1"                            File: Line:0 Function: Type:Debug:
DateTime:2026-08-27 11:12:46.782:"进入报文解析"                            File: Line:0 Function: Type:Debug:
DateTime:2026-08-27 11:12:46.782:"68 E6 00 E6 00 68 80 00 00 00 00 00 22 60 00 00 01 00 02 2A 00 68 2A 00 80 00 00 00 00 00 55 52 01 00 02 12 90 78 56 34 12 12 00 68 12 90 78 56 34 12 68 91 06 37 39 37 1E D1 34 E7 16 D6 16 83 16"                            File: Line:0 Function: Type:Debug:
DateTime:2026-08-27 11:12:46.782:"解码完成，功能码: 4"                            File: Line:0 Function: Type:Debug:
DateTime:2026-08-27 11:12:46.782:"工装接收到透传报文"                            File: Line:0 Function: Type:Debug:
DateTime:2026-08-27 11:12:46.782:"022A00682A0080000000000055520100021290785634121200681290785634126891063739371ED134E716D616"                            File: Line:0 Function: Type:Debug:
DateTime:2026-08-27 11:12:46.782:"透传报文内容:68 2a 00 80 00 00 00 00 00 55 52 01 00 02 12 90 78 56 34 12 12 00 68 12 90 78 56 34 12 68 91 06 37 39 37 1e d1 34 e7 16 d6 16"                            File: Line:0 Function: Type:Debug:
DateTime:2026-08-27 11:12:49.703:"uTimeSecond_ms:30000"                            File: Line:0 Function: Type:Debug:
DateTime:2026-08-27 11:12:49.703:"查找结果: iret=0, wStart=0, dwOutLen=42, dwStreamLen=42, dwFindPos=0"                            File: Line:0 Function: Type:Debug:
DateTime:2026-08-27 11:12:49.703:"Receive:<= 68 2A 00 80 00 00 00 00 00 55 52 01 00 02 12 90 78 56 34 12 12 00 68 12 90 78 56 34 12 68 91 06 37 39 37 1E D1 34 E7 16 D6 16"                            File: Line:0 Function: Type:Debug:
DateTime:2026-08-27 11:12:49.703:"解析：功能码-AFN=52H,Fn=1："                            File: Line:0 Function: Type:Debug:
DateTime:2026-08-27 11:12:49.703:"透传回复内容：021290785634121200681290785634126891063739371ED134E716"                            File: Line:0 Function: Type:Debug:
DateTime:2026-08-27 11:12:49.703:"DL/T645-2007协议 回复报文信息：控制码：91,数据标识：EB040604，数据域(需倒序解析)：9E01"                            File: Line:0 Function: Type:Debug:
DateTime:2026-08-27 11:12:49.703:"执行时间:30，单位：秒"                            File: Line:0 Function: Type:Debug:
DateTime:2026-08-27 11:12:49.703:"上报方式：1：(AFN=56H:F15方式)执行时间:30，单位：秒"                            File: Line:0 Function: Type:Debug:
DateTime:2026-08-27 11:12:49.703:dll输出信息: ""                            File: Line:0 Function: Type:Debug:
DateTime:2026-08-27 11:12:49.703:接口函数调用成功，返回的结果为 0                            File: Line:0 Function: Type:Debug:
DateTime:2026-08-27 11:12:49.703:"外部传入的para：0，返回的result：0,返回的pValRet：0"                            File: Line:0 Function: Type:Debug:
DateTime:2026-08-27 11:12:49.703:"执行接口函数CCO_AFN52_F1_EB040604_read完成"                            File: Line:0 Function: Type:Debug:
DateTime:2026-08-27 11:12:49.706:coorIndex 0                            File: Line:0 Function: Type:Debug:
DateTime:2026-08-27 11:12:49.706:当前流程结束                            File: Line:0 Function: Type:Debug:
DateTime:2026-08-27 11:12:49.706:退出connect函数                            File: Line:0 Function: Type:Debug:
DateTime:2026-08-27 11:12:49.706:"=========【Step99-数据转发--EB040604查询CCO本地定时运行参数(默认0：0不执行0事件方式)】结束=========="                            File: Line:0 Function: Type:Debug:
DateTime:2026-08-27 11:12:49.707:"-----------------------------"                            File: Line:0 Function: Type:Debug:
DateTime:2026-08-27 11:12:49.708:"=============执行【Step100-数据转发--EB040604设置CCO本地定时运行参数(设置30s；56F15方式)】==================="                            File: Line:0 Function: Type:Debug:
DateTime:2026-08-27 11:12:49.709:"执行接口函数CCO_AFN52_F1_EB040604_set"                            File: Line:0 Function: Type:Debug:
DateTime:2026-08-27 11:12:49.709:callWorkFunction: CCO_AFN52_F1_EB040604_set                            File: Line:0 Function: Type:Debug:
DateTime:2026-08-27 11:12:49.709:找到对应函数，进入执行                            File: Line:0 Function: Type:Debug:
DateTime:2026-08-27 11:12:49.709:bdata size: 2                            File: Line:0 Function: Type:Debug:
DateTime:2026-08-27 11:12:49.709:bdata hex: "019e"                            File: Line:0 Function: Type:Debug:
DateTime:2026-08-27 11:12:50.212:"等待工装回复超时"                            File: Line:0 Function: Type:Debug:
DateTime:2026-08-27 11:12:50.212:"开始组帧"                            File: Line:0 Function: Type:Debug:
DateTime:2026-08-27 11:12:50.212:"组帧结束"                            File: Line:0 Function: Type:Debug:
DateTime:2026-08-27 11:12:50.212:"367.2Send:数据转发(设置-CCO任务队列_本地定时_运行参数EB040604)：=>68 35 00 43 00 00 00 00 00 56 52 01 00 02 12 90 78 56 34 12 6B 8A E8 1A 00 68 12 90 78 56 34 12 68 14 0E 37 39 37 1E 3B 33 33 33 44 44 44 44 D1 34 56 16 5D 16"                            File: Line:0 Function: Type:Debug:
DateTime:2026-08-27 11:12:50.212:"槽位2透传:68160116016840000000000022600000010002013C0068350043000000000056520100021290785634126B8AE81A006812907856341268140E3739371E3B33333344444444D13456165D166F16"                            File: Line:0 Function: Type:Debug:
DateTime:2026-08-27 11:12:50.212:"工装发送：68 16 01 16 01 68 40 00 00 00 00 00 22 60 00 00 01 00 02 01 3C 00 68 35 00 43 00 00 00 00 00 56 52 01 00 02 12 90 78 56 34 12 6B 8A E8 1A 00 68 12 90 78 56 34 12 68 14 0E 37 39 37 1E 3B 33 33 33 44 44 44 44 D1 34 56 16 5D 16 6F 16"                            File: Line:0 Function: Type:Debug:
DateTime:2026-08-27 11:12:50.274:"工装接收：68 32 00 32 00 68 80 00 00 00 00 00 00 60 00 00 01 00 E1 16"                            File: Line:0 Function: Type:Debug:
DateTime:2026-08-27 11:12:50.274:"m_baRecvMsg:"                            File: Line:0 Function: Type:Debug:
DateTime:2026-08-27 11:12:50.274:"frameList.size():1"                            File: Line:0 Function: Type:Debug:
DateTime:2026-08-27 11:12:50.274:"进入报文解析"                            File: Line:0 Function: Type:Debug:
DateTime:2026-08-27 11:12:50.274:"68 32 00 32 00 68 80 00 00 00 00 00 00 60 00 00 01 00 E1 16"                            File: Line:0 Function: Type:Debug:
DateTime:2026-08-27 11:12:50.274:"解码完成，功能码: 1"                            File: Line:0 Function: Type:Debug:
DateTime:2026-08-27 11:12:50.274:"工装回复确认帧"                            File: Line:0 Function: Type:Debug:
DateTime:2026-08-27 11:12:50.383:"工装接收：68 CE 00 CE 00 68 80 00 00 00 00 00 22 60 00 00 01 00 02 24 00 68 24 00 80 00 00 00 00 00 56 52 01 00 02 12 90 78 56 34 12 0C 00 68 12 90 78 56 34 12 68 94 00 1A 16 37 16 39 16"                            File: Line:0 Function: Type:Debug:
DateTime:2026-08-27 11:12:50.383:"m_baRecvMsg:"                            File: Line:0 Function: Type:Debug:
DateTime:2026-08-27 11:12:50.383:"frameList.size():1"                            File: Line:0 Function: Type:Debug:
DateTime:2026-08-27 11:12:50.383:"进入报文解析"                            File: Line:0 Function: Type:Debug:
DateTime:2026-08-27 11:12:50.383:"68 CE 00 CE 00 68 80 00 00 00 00 00 22 60 00 00 01 00 02 24 00 68 24 00 80 00 00 00 00 00 56 52 01 00 02 12 90 78 56 34 12 0C 00 68 12 90 78 56 34 12 68 94 00 1A 16 37 16 39 16"                            File: Line:0 Function: Type:Debug:
DateTime:2026-08-27 11:12:50.383:"解码完成，功能码: 4"                            File: Line:0 Function: Type:Debug:
DateTime:2026-08-27 11:12:50.384:"工装接收到透传报文"                            File: Line:0 Function: Type:Debug:
DateTime:2026-08-27 11:12:50.384:"02240068240080000000000056520100021290785634120C00681290785634126894001A163716"                            File: Line:0 Function: Type:Debug:
DateTime:2026-08-27 11:12:50.384:"透传报文内容:68 24 00 80 00 00 00 00 00 56 52 01 00 02 12 90 78 56 34 12 0c 00 68 12 90 78 56 34 12 68 94 00 1a 16 37 16"                            File: Line:0 Function: Type:Debug:
DateTime:2026-08-27 11:12:52.986:"RocketMq上报工况(设备输出信息):{\"devSeatNo\":\"1\",\"machNo\":\"\",\"occurTime\":\"2026-08-27 11:12:52\",\"plantNo\":\"YL-101601\",\"realTimeValues\":[{\"outParaName\":\"volage\",\"outParaValue\":\"220V\"}],\"remarks\":\"null\"}"                            File: Line:0 Function: Type:Debug:
DateTime:2026-08-27 11:12:52.986:QAbstractSocket::waitForDisconnected() is not allowed in UnconnectedState                            File: Line:0 Function: Type:Warning:
DateTime:2026-08-27 11:12:53.305:"uTimeSecond_ms:30000"                            File: Line:0 Function: Type:Debug:
DateTime:2026-08-27 11:12:53.305:"查找结果: iret=0, wStart=0, dwOutLen=36, dwStreamLen=36, dwFindPos=0"                            File: Line:0 Function: Type:Debug:
DateTime:2026-08-27 11:12:53.305:"Receive:<= 68 24 00 80 00 00 00 00 00 56 52 01 00 02 12 90 78 56 34 12 0C 00 68 12 90 78 56 34 12 68 94 00 1A 16 37 16"                            File: Line:0 Function: Type:Debug:
DateTime:2026-08-27 11:12:53.305:"解析：功能码-AFN=52H,Fn=1："                            File: Line:0 Function: Type:Debug:
DateTime:2026-08-27 11:12:53.305:"透传回复内容：021290785634120C00681290785634126894001A16"                            File: Line:0 Function: Type:Debug:
DateTime:2026-08-27 11:12:53.305:"设置成功"                            File: Line:0 Function: Type:Debug:
DateTime:2026-08-27 11:12:53.305:dll输出信息: ""                            File: Line:0 Function: Type:Debug:
DateTime:2026-08-27 11:12:53.305:接口函数调用成功，返回的结果为 0                            File: Line:0 Function: Type:Debug:
DateTime:2026-08-27 11:12:53.305:"外部传入的para：0，返回的result：0,返回的pValRet：0"                            File: Line:0 Function: Type:Debug:
DateTime:2026-08-27 11:12:53.305:"执行接口函数CCO_AFN52_F1_EB040604_set完成"                            File: Line:0 Function: Type:Debug:
DateTime:2026-08-27 11:12:53.308:coorIndex 0                            File: Line:0 Function: Type:Debug:
DateTime:2026-08-27 11:12:53.308:当前流程结束                            File: Line:0 Function: Type:Debug:
DateTime:2026-08-27 11:12:53.308:退出connect函数                            File: Line:0 Function: Type:Debug:
DateTime:2026-08-27 11:12:53.308:"=========【Step100-数据转发--EB040604设置CCO本地定时运行参数(设置30s；56F15方式)】结束=========="                            File: Line:0 Function: Type:Debug:
DateTime:2026-08-27 11:12:53.308:"-----------------------------"                            File: Line:0 Function: Type:Debug:
DateTime:2026-08-27 11:12:53.310:"=============执行【Step101-数据转发--EB040604查询CCO本地定时运行参数(30s；56F15方式)】==================="                            File: Line:0 Function: Type:Debug:
DateTime:2026-08-27 11:12:53.310:"执行接口函数CCO_AFN52_F1_EB040604_read"                            File: Line:0 Function: Type:Debug:
DateTime:2026-08-27 11:12:53.310:callWorkFunction: CCO_AFN52_F1_EB040604_read                            File: Line:0 Function: Type:Debug:
DateTime:2026-08-27 11:12:53.311:找到对应函数，进入执行                            File: Line:0 Function: Type:Debug:
DateTime:2026-08-27 11:12:53.815:"等待工装回复超时"                            File: Line:0 Function: Type:Debug:
DateTime:2026-08-27 11:12:53.815:"开始组帧"                            File: Line:0 Function: Type:Debug:
DateTime:2026-08-27 11:12:53.815:"组帧结束"                            File: Line:0 Function: Type:Debug:
DateTime:2026-08-27 11:12:53.815:"367.2Send:数据转发(查询-CCO任务队列_本地定时_运行参数 EB040604)：=>68 2B 00 43 00 00 00 00 00 57 52 01 00 02 12 90 78 56 34 12 6B 8A E8 10 00 68 12 90 78 56 34 12 68 11 04 37 39 37 1E 60 16 68 16"                            File: Line:0 Function: Type:Debug:
DateTime:2026-08-27 11:12:53.815:"槽位2透传:68EE00EE006840000000000022600000010002013C00682B0043000000000057520100021290785634126B8AE81000681290785634126811043739371E601668167B16"                            File: Line:0 Function: Type:Debug:
DateTime:2026-08-27 11:12:53.815:"工装发送：68 EE 00 EE 00 68 40 00 00 00 00 00 22 60 00 00 01 00 02 01 3C 00 68 2B 00 43 00 00 00 00 00 57 52 01 00 02 12 90 78 56 34 12 6B 8A E8 10 00 68 12 90 78 56 34 12 68 11 04 37 39 37 1E 60 16 68 16 7B 16"                            File: Line:0 Function: Type:Debug:
DateTime:2026-08-27 11:12:53.865:"工装接收：68 32 00 32 00 68 80 00 00 00 00 00 00 60 00 00 01 00 E1 16"                            File: Line:0 Function: Type:Debug:
DateTime:2026-08-27 11:12:53.865:"m_baRecvMsg:"                            File: Line:0 Function: Type:Debug:
DateTime:2026-08-27 11:12:53.865:"frameList.size():1"                            File: Line:0 Function: Type:Debug:
DateTime:2026-08-27 11:12:53.865:"进入报文解析"                            File: Line:0 Function: Type:Debug:
DateTime:2026-08-27 11:12:53.865:"68 32 00 32 00 68 80 00 00 00 00 00 00 60 00 00 01 00 E1 16"                            File: Line:0 Function: Type:Debug:
DateTime:2026-08-27 11:12:53.865:"解码完成，功能码: 1"                            File: Line:0 Function: Type:Debug:
DateTime:2026-08-27 11:12:53.865:"工装回复确认帧"                            File: Line:0 Function: Type:Debug:
DateTime:2026-08-27 11:12:53.920:"工装接收：68 E6 00 E6 00 68 80 00 00 00 00 00 22 60 00 00 01 00 02 2A 00 68 2A 00 80 00 00 00 00 00 57 52 01 00 02 12 90 78 56 34 12 12 00 68 12 90 78 56 34 12 68 91 06 37 39 37 1E D1 34 E7 16 D8 16 87 16"                            File: Line:0 Function: Type:Debug:
DateTime:2026-08-27 11:12:53.920:"m_baRecvMsg:"                            File: Line:0 Function: Type:Debug:
DateTime:2026-08-27 11:12:53.920:"frameList.size():1"                            File: Line:0 Function: Type:Debug:
DateTime:2026-08-27 11:12:53.920:"进入报文解析"                            File: Line:0 Function: Type:Debug:
DateTime:2026-08-27 11:12:53.920:"68 E6 00 E6 00 68 80 00 00 00 00 00 22 60 00 00 01 00 02 2A 00 68 2A 00 80 00 00 00 00 00 57 52 01 00 02 12 90 78 56 34 12 12 00 68 12 90 78 56 34 12 68 91 06 37 39 37 1E D1 34 E7 16 D8 16 87 16"                            File: Line:0 Function: Type:Debug:
DateTime:2026-08-27 11:12:53.920:"解码完成，功能码: 4"                            File: Line:0 Function: Type:Debug:
DateTime:2026-08-27 11:12:53.920:"工装接收到透传报文"                            File: Line:0 Function: Type:Debug:
DateTime:2026-08-27 11:12:53.920:"022A00682A0080000000000057520100021290785634121200681290785634126891063739371ED134E716D816"                            File: Line:0 Function: Type:Debug:
DateTime:2026-08-27 11:12:53.920:"透传报文内容:68 2a 00 80 00 00 00 00 00 57 52 01 00 02 12 90 78 56 34 12 12 00 68 12 90 78 56 34 12 68 91 06 37 39 37 1e d1 34 e7 16 d8 16"                            File: Line:0 Function: Type:Debug:
DateTime:2026-08-27 11:12:56.842:"uTimeSecond_ms:30000"                            File: Line:0 Function: Type:Debug:
DateTime:2026-08-27 11:12:56.842:"查找结果: iret=0, wStart=0, dwOutLen=42, dwStreamLen=42, dwFindPos=0"                            File: Line:0 Function: Type:Debug:
DateTime:2026-08-27 11:12:56.842:"Receive:<= 68 2A 00 80 00 00 00 00 00 57 52 01 00 02 12 90 78 56 34 12 12 00 68 12 90 78 56 34 12 68 91 06 37 39 37 1E D1 34 E7 16 D8 16"                            File: Line:0 Function: Type:Debug:
DateTime:2026-08-27 11:12:56.842:"解析：功能码-AFN=52H,Fn=1："                            File: Line:0 Function: Type:Debug:
DateTime:2026-08-27 11:12:56.842:"透传回复内容：021290785634121200681290785634126891063739371ED134E716"                            File: Line:0 Function: Type:Debug:
DateTime:2026-08-27 11:12:56.842:"DL/T645-2007协议 回复报文信息：控制码：91,数据标识：EB040604，数据域(需倒序解析)：9E01"                            File: Line:0 Function: Type:Debug:
DateTime:2026-08-27 11:12:56.842:"执行时间:30，单位：秒"                            File: Line:0 Function: Type:Debug:
DateTime:2026-08-27 11:12:56.842:"上报方式：1：(AFN=56H:F15方式)执行时间:30，单位：秒"                            File: Line:0 Function: Type:Debug:
DateTime:2026-08-27 11:12:56.842:dll输出信息: ""                            File: Line:0 Function: Type:Debug:
DateTime:2026-08-27 11:12:56.842:接口函数调用成功，返回的结果为 0                            File: Line:0 Function: Type:Debug:
DateTime:2026-08-27 11:12:56.842:"外部传入的para：0，返回的result：0,返回的pValRet：0"                            File: Line:0 Function: Type:Debug:
DateTime:2026-08-27 11:12:56.842:"执行接口函数CCO_AFN52_F1_EB040604_read完成"                            File: Line:0 Function: Type:Debug:
DateTime:2026-08-27 11:12:56.845:coorIndex 0                            File: Line:0 Function: Type:Debug:
DateTime:2026-08-27 11:12:56.845:当前流程结束                            File: Line:0 Function: Type:Debug:
DateTime:2026-08-27 11:12:56.845:退出connect函数                            File: Line:0 Function: Type:Debug:
DateTime:2026-08-27 11:12:56.845:"=========【Step101-数据转发--EB040604查询CCO本地定时运行参数(30s；56F15方式)】结束=========="                            File: Line:0 Function: Type:Debug:
DateTime:2026-08-27 11:12:56.845:"-----------------------------"                            File: Line:0 Function: Type:Debug:
DateTime:2026-08-27 11:12:56.847:"=============执行【Step102-数据转发--EB040604设置CCO本地定时运行参数(设置60min；56F15方式)】==================="                            File: Line:0 Function: Type:Debug:
DateTime:2026-08-27 11:12:56.848:"执行接口函数CCO_AFN52_F1_EB040604_set"                            File: Line:0 Function: Type:Debug:
DateTime:2026-08-27 11:12:56.848:callWorkFunction: CCO_AFN52_F1_EB040604_set                            File: Line:0 Function: Type:Debug:
DateTime:2026-08-27 11:12:56.848:找到对应函数，进入执行                            File: Line:0 Function: Type:Debug:
DateTime:2026-08-27 11:12:56.848:bdata size: 2                            File: Line:0 Function: Type:Debug:
DateTime:2026-08-27 11:12:56.848:bdata hex: "013c"                            File: Line:0 Function: Type:Debug:
DateTime:2026-08-27 11:12:57.351:"等待工装回复超时"                            File: Line:0 Function: Type:Debug:
DateTime:2026-08-27 11:12:57.351:"开始组帧"                            File: Line:0 Function: Type:Debug:
DateTime:2026-08-27 11:12:57.351:"组帧结束"                            File: Line:0 Function: Type:Debug:
DateTime:2026-08-27 11:12:57.351:"367.2Send:数据转发(设置-CCO任务队列_本地定时_运行参数EB040604)：=>68 35 00 43 00 00 00 00 00 58 52 01 00 02 12 90 78 56 34 12 6B 8A E8 1A 00 68 12 90 78 56 34 12 68 14 0E 37 39 37 1E 3B 33 33 33 44 44 44 44 6F 34 F4 16 9B 16"                            File: Line:0 Function: Type:Debug:
DateTime:2026-08-27 11:12:57.351:"槽位2透传:68160116016840000000000022600000010002013C0068350043000000000058520100021290785634126B8AE81A006812907856341268140E3739371E3B333333444444446F34F4169B16EB16"                            File: Line:0 Function: Type:Debug:
DateTime:2026-08-27 11:12:57.351:"工装发送：68 16 01 16 01 68 40 00 00 00 00 00 22 60 00 00 01 00 02 01 3C 00 68 35 00 43 00 00 00 00 00 58 52 01 00 02 12 90 78 56 34 12 6B 8A E8 1A 00 68 12 90 78 56 34 12 68 14 0E 37 39 37 1E 3B 33 33 33 44 44 44 44 6F 34 F4 16 9B 16 EB 16"                            File: Line:0 Function: Type:Debug:
DateTime:2026-08-27 11:12:57.413:"工装接收：68 32 00 32 00 68 80 00 00 00 00 00 00 60 00 00 01 00 E1 16"                            File: Line:0 Function: Type:Debug:
DateTime:2026-08-27 11:12:57.413:"m_baRecvMsg:"                            File: Line:0 Function: Type:Debug:
DateTime:2026-08-27 11:12:57.413:"frameList.size():1"                            File: Line:0 Function: Type:Debug:
DateTime:2026-08-27 11:12:57.413:"进入报文解析"                            File: Line:0 Function: Type:Debug:
DateTime:2026-08-27 11:12:57.413:"68 32 00 32 00 68 80 00 00 00 00 00 00 60 00 00 01 00 E1 16"                            File: Line:0 Function: Type:Debug:
DateTime:2026-08-27 11:12:57.413:"解码完成，功能码: 1"                            File: Line:0 Function: Type:Debug:
DateTime:2026-08-27 11:12:57.413:"工装回复确认帧"                            File: Line:0 Function: Type:Debug:
DateTime:2026-08-27 11:12:57.519:"工装接收：68 CE 00 CE 00 68 80 00 00 00 00 00 22 60 00 00 01 00 02 24 00 68 24 00 80 00 00 00 00 00 58 52 01 00 02 12 90 78 56 34 12 0C 00 68 12 90 78 56 34 12 68 94 00 1A 16 39 16 3D 16"                            File: Line:0 Function: Type:Debug:
DateTime:2026-08-27 11:12:57.519:"m_baRecvMsg:"                            File: Line:0 Function: Type:Debug:
DateTime:2026-08-27 11:12:57.520:"frameList.size():1"                            File: Line:0 Function: Type:Debug:
DateTime:2026-08-27 11:12:57.520:"进入报文解析"                            File: Line:0 Function: Type:Debug:
DateTime:2026-08-27 11:12:57.520:"68 CE 00 CE 00 68 80 00 00 00 00 00 22 60 00 00 01 00 02 24 00 68 24 00 80 00 00 00 00 00 58 52 01 00 02 12 90 78 56 34 12 0C 00 68 12 90 78 56 34 12 68 94 00 1A 16 39 16 3D 16"                            File: Line:0 Function: Type:Debug:
DateTime:2026-08-27 11:12:57.520:"解码完成，功能码: 4"                            File: Line:0 Function: Type:Debug:
DateTime:2026-08-27 11:12:57.520:"工装接收到透传报文"                            File: Line:0 Function: Type:Debug:
DateTime:2026-08-27 11:12:57.520:"02240068240080000000000058520100021290785634120C00681290785634126894001A163916"                            File: Line:0 Function: Type:Debug:
DateTime:2026-08-27 11:12:57.520:"透传报文内容:68 24 00 80 00 00 00 00 00 58 52 01 00 02 12 90 78 56 34 12 0c 00 68 12 90 78 56 34 12 68 94 00 1a 16 39 16"                            File: Line:0 Function: Type:Debug:
DateTime:2026-08-27 11:13:00.441:"uTimeSecond_ms:30000"                            File: Line:0 Function: Type:Debug:
DateTime:2026-08-27 11:13:00.441:"查找结果: iret=0, wStart=0, dwOutLen=36, dwStreamLen=36, dwFindPos=0"                            File: Line:0 Function: Type:Debug:
DateTime:2026-08-27 11:13:00.441:"Receive:<= 68 24 00 80 00 00 00 00 00 58 52 01 00 02 12 90 78 56 34 12 0C 00 68 12 90 78 56 34 12 68 94 00 1A 16 39 16"                            File: Line:0 Function: Type:Debug:
DateTime:2026-08-27 11:13:00.441:"解析：功能码-AFN=52H,Fn=1："                            File: Line:0 Function: Type:Debug:
DateTime:2026-08-27 11:13:00.441:"透传回复内容：021290785634120C00681290785634126894001A16"                            File: Line:0 Function: Type:Debug:
DateTime:2026-08-27 11:13:00.441:"设置成功"                            File: Line:0 Function: Type:Debug:
DateTime:2026-08-27 11:13:00.441:dll输出信息: ""                            File: Line:0 Function: Type:Debug:
DateTime:2026-08-27 11:13:00.441:接口函数调用成功，返回的结果为 0                            File: Line:0 Function: Type:Debug:
DateTime:2026-08-27 11:13:00.441:"外部传入的para：0，返回的result：0,返回的pValRet：0"                            File: Line:0 Function: Type:Debug:
DateTime:2026-08-27 11:13:00.441:"执行接口函数CCO_AFN52_F1_EB040604_set完成"                            File: Line:0 Function: Type:Debug:
DateTime:2026-08-27 11:13:00.444:coorIndex 0                            File: Line:0 Function: Type:Debug:
DateTime:2026-08-27 11:13:00.444:当前流程结束                            File: Line:0 Function: Type:Debug:
DateTime:2026-08-27 11:13:00.444:退出connect函数                            File: Line:0 Function: Type:Debug:
DateTime:2026-08-27 11:13:00.444:"=========【Step102-数据转发--EB040604设置CCO本地定时运行参数(设置60min；56F15方式)】结束=========="                            File: Line:0 Function: Type:Debug:
DateTime:2026-08-27 11:13:00.444:"-----------------------------"                            File: Line:0 Function: Type:Debug:
DateTime:2026-08-27 11:13:00.446:"=============执行【Step103-数据转发--EB040604查询CCO本地定时运行参数(60min；56F15方式)】==================="                            File: Line:0 Function: Type:Debug:
DateTime:2026-08-27 11:13:00.446:"执行接口函数CCO_AFN52_F1_EB040604_read"                            File: Line:0 Function: Type:Debug:
DateTime:2026-08-27 11:13:00.446:callWorkFunction: CCO_AFN52_F1_EB040604_read                            File: Line:0 Function: Type:Debug:
DateTime:2026-08-27 11:13:00.447:找到对应函数，进入执行                            File: Line:0 Function: Type:Debug:
DateTime:2026-08-27 11:13:00.951:"等待工装回复超时"                            File: Line:0 Function: Type:Debug:
DateTime:2026-08-27 11:13:00.951:"开始组帧"                            File: Line:0 Function: Type:Debug:
DateTime:2026-08-27 11:13:00.951:"组帧结束"                            File: Line:0 Function: Type:Debug:
DateTime:2026-08-27 11:13:00.951:"367.2Send:数据转发(查询-CCO任务队列_本地定时_运行参数 EB040604)：=>68 2B 00 43 00 00 00 00 00 59 52 01 00 02 12 90 78 56 34 12 6B 8A E8 10 00 68 12 90 78 56 34 12 68 11 04 37 39 37 1E 60 16 6A 16"                            File: Line:0 Function: Type:Debug:
DateTime:2026-08-27 11:13:00.951:"槽位2透传:68EE00EE006840000000000022600000010002013C00682B0043000000000059520100021290785634126B8AE81000681290785634126811043739371E60166A167F16"                            File: Line:0 Function: Type:Debug:
DateTime:2026-08-27 11:13:00.951:"工装发送：68 EE 00 EE 00 68 40 00 00 00 00 00 22 60 00 00 01 00 02 01 3C 00 68 2B 00 43 00 00 00 00 00 59 52 01 00 02 12 90 78 56 34 12 6B 8A E8 10 00 68 12 90 78 56 34 12 68 11 04 37 39 37 1E 60 16 6A 16 7F 16"                            File: Line:0 Function: Type:Debug:
DateTime:2026-08-27 11:13:01.001:"工装接收：68 32 00 32 00 68 80 00 00 00 00 00 00 60 00 00 01 00 E1 16"                            File: Line:0 Function: Type:Debug:
DateTime:2026-08-27 11:13:01.001:"m_baRecvMsg:"                            File: Line:0 Function: Type:Debug:
DateTime:2026-08-27 11:13:01.001:"frameList.size():1"                            File: Line:0 Function: Type:Debug:
DateTime:2026-08-27 11:13:01.001:"进入报文解析"                            File: Line:0 Function: Type:Debug:
DateTime:2026-08-27 11:13:01.001:"68 32 00 32 00 68 80 00 00 00 00 00 00 60 00 00 01 00 E1 16"                            File: Line:0 Function: Type:Debug:
DateTime:2026-08-27 11:13:01.001:"解码完成，功能码: 1"                            File: Line:0 Function: Type:Debug:
DateTime:2026-08-27 11:13:01.001:"工装回复确认帧"                            File: Line:0 Function: Type:Debug:
DateTime:2026-08-27 11:13:01.056:"工装接收：68 E6 00 E6 00 68 80 00 00 00 00 00 22 60 00 00 01 00 02 2A 00 68 2A 00 80 00 00 00 00 00 59 52 01 00 02 12 90 78 56 34 12 12 00 68 12 90 78 56 34 12 68 91 06 37 39 37 1E 6F 34 85 16 16 16 03 16"                            File: Line:0 Function: Type:Debug:
DateTime:2026-08-27 11:13:01.056:"m_baRecvMsg:"                            File: Line:0 Function: Type:Debug:
DateTime:2026-08-27 11:13:01.056:"frameList.size():1"                            File: Line:0 Function: Type:Debug:
DateTime:2026-08-27 11:13:01.056:"进入报文解析"                            File: Line:0 Function: Type:Debug:
DateTime:2026-08-27 11:13:01.056:"68 E6 00 E6 00 68 80 00 00 00 00 00 22 60 00 00 01 00 02 2A 00 68 2A 00 80 00 00 00 00 00 59 52 01 00 02 12 90 78 56 34 12 12 00 68 12 90 78 56 34 12 68 91 06 37 39 37 1E 6F 34 85 16 16 16 03 16"                            File: Line:0 Function: Type:Debug:
DateTime:2026-08-27 11:13:01.056:"解码完成，功能码: 4"                            File: Line:0 Function: Type:Debug:
DateTime:2026-08-27 11:13:01.056:"工装接收到透传报文"                            File: Line:0 Function: Type:Debug:
DateTime:2026-08-27 11:13:01.056:"022A00682A0080000000000059520100021290785634121200681290785634126891063739371E6F3485161616"                            File: Line:0 Function: Type:Debug:
DateTime:2026-08-27 11:13:01.056:"透传报文内容:68 2a 00 80 00 00 00 00 00 59 52 01 00 02 12 90 78 56 34 12 12 00 68 12 90 78 56 34 12 68 91 06 37 39 37 1e 6f 34 85 16 16 16"                            File: Line:0 Function: Type:Debug:
DateTime:2026-08-27 11:13:03.978:"uTimeSecond_ms:30000"                            File: Line:0 Function: Type:Debug:
DateTime:2026-08-27 11:13:03.978:"查找结果: iret=0, wStart=0, dwOutLen=42, dwStreamLen=42, dwFindPos=0"                            File: Line:0 Function: Type:Debug:
DateTime:2026-08-27 11:13:03.978:"Receive:<= 68 2A 00 80 00 00 00 00 00 59 52 01 00 02 12 90 78 56 34 12 12 00 68 12 90 78 56 34 12 68 91 06 37 39 37 1E 6F 34 85 16 16 16"                            File: Line:0 Function: Type:Debug:
DateTime:2026-08-27 11:13:03.978:"解析：功能码-AFN=52H,Fn=1："                            File: Line:0 Function: Type:Debug:
DateTime:2026-08-27 11:13:03.978:"透传回复内容：021290785634121200681290785634126891063739371E6F348516"                            File: Line:0 Function: Type:Debug:
DateTime:2026-08-27 11:13:03.978:"DL/T645-2007协议 回复报文信息：控制码：91,数据标识：EB040604，数据域(需倒序解析)：3C01"                            File: Line:0 Function: Type:Debug:
DateTime:2026-08-27 11:13:03.978:"执行时间:60，单位：分钟"                            File: Line:0 Function: Type:Debug:
DateTime:2026-08-27 11:13:03.978:"上报方式：1：(AFN=56H:F15方式)执行时间:60，单位：分钟"                            File: Line:0 Function: Type:Debug:
DateTime:2026-08-27 11:13:03.978:dll输出信息: ""                            File: Line:0 Function: Type:Debug:
DateTime:2026-08-27 11:13:03.978:接口函数调用成功，返回的结果为 0                            File: Line:0 Function: Type:Debug:
DateTime:2026-08-27 11:13:03.978:"外部传入的para：0，返回的result：0,返回的pValRet：0"                            File: Line:0 Function: Type:Debug:
DateTime:2026-08-27 11:13:03.978:"执行接口函数CCO_AFN52_F1_EB040604_read完成"                            File: Line:0 Function: Type:Debug:
DateTime:2026-08-27 11:13:03.981:coorIndex 0                            File: Line:0 Function: Type:Debug:
DateTime:2026-08-27 11:13:03.981:当前流程结束                            File: Line:0 Function: Type:Debug:
DateTime:2026-08-27 11:13:03.981:退出connect函数                            File: Line:0 Function: Type:Debug:
DateTime:2026-08-27 11:13:03.981:"=========【Step103-数据转发--EB040604查询CCO本地定时运行参数(60min；56F15方式)】结束=========="                            File: Line:0 Function: Type:Debug:
DateTime:2026-08-27 11:13:03.982:"-----------------------------"                            File: Line:0 Function: Type:Debug:
DateTime:2026-08-27 11:13:03.983:"=============执行【Step104-数据转发--EB040604设置CCO本地定时运行参数(设置回默认)】==================="                            File: Line:0 Function: Type:Debug:
DateTime:2026-08-27 11:13:03.984:"执行接口函数CCO_AFN52_F1_EB040604_set"                            File: Line:0 Function: Type:Debug:
DateTime:2026-08-27 11:13:03.984:callWorkFunction: CCO_AFN52_F1_EB040604_set                            File: Line:0 Function: Type:Debug:
DateTime:2026-08-27 11:13:03.984:找到对应函数，进入执行                            File: Line:0 Function: Type:Debug:
DateTime:2026-08-27 11:13:03.984:bdata size: 2                            File: Line:0 Function: Type:Debug:
DateTime:2026-08-27 11:13:03.984:bdata hex: "0000"                            File: Line:0 Function: Type:Debug:
DateTime:2026-08-27 11:13:04.487:"等待工装回复超时"                            File: Line:0 Function: Type:Debug:
DateTime:2026-08-27 11:13:04.487:"开始组帧"                            File: Line:0 Function: Type:Debug:
DateTime:2026-08-27 11:13:04.487:"组帧结束"                            File: Line:0 Function: Type:Debug:
DateTime:2026-08-27 11:13:04.487:"367.2Send:数据转发(设置-CCO任务队列_本地定时_运行参数EB040604)：=>68 35 00 43 00 00 00 00 00 5A 52 01 00 02 12 90 78 56 34 12 6B 8A E8 1A 00 68 12 90 78 56 34 12 68 14 0E 37 39 37 1E 3B 33 33 33 44 44 44 44 33 33 B7 16 23 16"                            File: Line:0 Function: Type:Debug:
DateTime:2026-08-27 11:13:04.487:"槽位2透传:68160116016840000000000022600000010002013C006835004300000000005A520100021290785634126B8AE81A006812907856341268140E3739371E3B333333444444443333B7162316FB16"                            File: Line:0 Function: Type:Debug:
DateTime:2026-08-27 11:13:04.487:"工装发送：68 16 01 16 01 68 40 00 00 00 00 00 22 60 00 00 01 00 02 01 3C 00 68 35 00 43 00 00 00 00 00 5A 52 01 00 02 12 90 78 56 34 12 6B 8A E8 1A 00 68 12 90 78 56 34 12 68 14 0E 37 39 37 1E 3B 33 33 33 44 44 44 44 33 33 B7 16 23 16 FB 16"                            File: Line:0 Function: Type:Debug:
DateTime:2026-08-27 11:13:04.549:"工装接收：68 32 00 32 00 68 80 00 00 00 00 00 00 60 00 00 01 00 E1 16"                            File: Line:0 Function: Type:Debug:
DateTime:2026-08-27 11:13:04.549:"m_baRecvMsg:"                            File: Line:0 Function: Type:Debug:
DateTime:2026-08-27 11:13:04.549:"frameList.size():1"                            File: Line:0 Function: Type:Debug:
DateTime:2026-08-27 11:13:04.549:"进入报文解析"                            File: Line:0 Function: Type:Debug:
DateTime:2026-08-27 11:13:04.549:"68 32 00 32 00 68 80 00 00 00 00 00 00 60 00 00 01 00 E1 16"                            File: Line:0 Function: Type:Debug:
DateTime:2026-08-27 11:13:04.549:"解码完成，功能码: 1"                            File: Line:0 Function: Type:Debug:
DateTime:2026-08-27 11:13:04.549:"工装回复确认帧"                            File: Line:0 Function: Type:Debug:
DateTime:2026-08-27 11:13:04.660:"工装接收：68 CE 00 CE 00 68 80 00 00 00 00 00 22 60 00 00 01 00 02 24 00 68 24 00 80 00 00 00 00 00 5A 52 01 00 02 12 90 78 56 34 12 0C 00 68 12 90 78 56 34 12 68 94 00 1A 16 3B 16 41 16"                            File: Line:0 Function: Type:Debug:
DateTime:2026-08-27 11:13:04.660:"m_baRecvMsg:"                            File: Line:0 Function: Type:Debug:
DateTime:2026-08-27 11:13:04.660:"frameList.size():1"                            File: Line:0 Function: Type:Debug:
DateTime:2026-08-27 11:13:04.660:"进入报文解析"                            File: Line:0 Function: Type:Debug:
DateTime:2026-08-27 11:13:04.660:"68 CE 00 CE 00 68 80 00 00 00 00 00 22 60 00 00 01 00 02 24 00 68 24 00 80 00 00 00 00 00 5A 52 01 00 02 12 90 78 56 34 12 0C 00 68 12 90 78 56 34 12 68 94 00 1A 16 3B 16 41 16"                            File: Line:0 Function: Type:Debug:
DateTime:2026-08-27 11:13:04.660:"解码完成，功能码: 4"                            File: Line:0 Function: Type:Debug:
DateTime:2026-08-27 11:13:04.660:"工装接收到透传报文"                            File: Line:0 Function: Type:Debug:
DateTime:2026-08-27 11:13:04.660:"0224006824008000000000005A520100021290785634120C00681290785634126894001A163B16"                            File: Line:0 Function: Type:Debug:
DateTime:2026-08-27 11:13:04.660:"透传报文内容:68 24 00 80 00 00 00 00 00 5a 52 01 00 02 12 90 78 56 34 12 0c 00 68 12 90 78 56 34 12 68 94 00 1a 16 3b 16"                            File: Line:0 Function: Type:Debug:
DateTime:2026-08-27 11:13:07.581:"uTimeSecond_ms:30000"                            File: Line:0 Function: Type:Debug:
DateTime:2026-08-27 11:13:07.581:"查找结果: iret=0, wStart=0, dwOutLen=36, dwStreamLen=36, dwFindPos=0"                            File: Line:0 Function: Type:Debug:
DateTime:2026-08-27 11:13:07.581:"Receive:<= 68 24 00 80 00 00 00 00 00 5A 52 01 00 02 12 90 78 56 34 12 0C 00 68 12 90 78 56 34 12 68 94 00 1A 16 3B 16"                            File: Line:0 Function: Type:Debug:
DateTime:2026-08-27 11:13:07.581:"解析：功能码-AFN=52H,Fn=1："                            File: Line:0 Function: Type:Debug:
DateTime:2026-08-27 11:13:07.581:"透传回复内容：021290785634120C00681290785634126894001A16"                            File: Line:0 Function: Type:Debug:
DateTime:2026-08-27 11:13:07.581:"设置成功"                            File: Line:0 Function: Type:Debug:
DateTime:2026-08-27 11:13:07.581:dll输出信息: ""                            File: Line:0 Function: Type:Debug:
DateTime:2026-08-27 11:13:07.581:接口函数调用成功，返回的结果为 0                            File: Line:0 Function: Type:Debug:
DateTime:2026-08-27 11:13:07.581:"外部传入的para：0，返回的result：0,返回的pValRet：0"                            File: Line:0 Function: Type:Debug:
DateTime:2026-08-27 11:13:07.581:"执行接口函数CCO_AFN52_F1_EB040604_set完成"                            File: Line:0 Function: Type:Debug:
DateTime:2026-08-27 11:13:07.584:coorIndex 0                            File: Line:0 Function: Type:Debug:
DateTime:2026-08-27 11:13:07.584:当前流程结束                            File: Line:0 Function: Type:Debug:
DateTime:2026-08-27 11:13:07.584:退出connect函数                            File: Line:0 Function: Type:Debug:
DateTime:2026-08-27 11:13:07.584:"=========【Step104-数据转发--EB040604设置CCO本地定时运行参数(设置回默认)】结束=========="                            File: Line:0 Function: Type:Debug:
DateTime:2026-08-27 11:13:07.584:"-----------------------------"                            File: Line:0 Function: Type:Debug:
DateTime:2026-08-27 11:13:07.586:"=============执行【Step105-数据转发--EB040604查询CCO本地定时运行参数(默认0：0不执行0事件方式)】==================="                            File: Line:0 Function: Type:Debug:
DateTime:2026-08-27 11:13:07.586:"执行接口函数CCO_AFN52_F1_EB040604_read"                            File: Line:0 Function: Type:Debug:
DateTime:2026-08-27 11:13:07.586:callWorkFunction: CCO_AFN52_F1_EB040604_read                            File: Line:0 Function: Type:Debug:
DateTime:2026-08-27 11:13:07.586:找到对应函数，进入执行                            File: Line:0 Function: Type:Debug:
DateTime:2026-08-27 11:13:08.091:"等待工装回复超时"                            File: Line:0 Function: Type:Debug:
DateTime:2026-08-27 11:13:08.091:"开始组帧"                            File: Line:0 Function: Type:Debug:
DateTime:2026-08-27 11:13:08.091:"组帧结束"                            File: Line:0 Function: Type:Debug:
DateTime:2026-08-27 11:13:08.091:"367.2Send:数据转发(查询-CCO任务队列_本地定时_运行参数 EB040604)：=>68 2B 00 43 00 00 00 00 00 5B 52 01 00 02 12 90 78 56 34 12 6B 8A E8 10 00 68 12 90 78 56 34 12 68 11 04 37 39 37 1E 60 16 6C 16"                            File: Line:0 Function: Type:Debug:
DateTime:2026-08-27 11:13:08.091:"槽位2透传:68EE00EE006840000000000022600000010002013C00682B004300000000005B520100021290785634126B8AE81000681290785634126811043739371E60166C168316"                            File: Line:0 Function: Type:Debug:
DateTime:2026-08-27 11:13:08.091:"工装发送：68 EE 00 EE 00 68 40 00 00 00 00 00 22 60 00 00 01 00 02 01 3C 00 68 2B 00 43 00 00 00 00 00 5B 52 01 00 02 12 90 78 56 34 12 6B 8A E8 10 00 68 12 90 78 56 34 12 68 11 04 37 39 37 1E 60 16 6C 16 83 16"                            File: Line:0 Function: Type:Debug:
DateTime:2026-08-27 11:13:08.140:"工装接收：68 32 00 32 00 68 80 00 00 00 00 00 00 60 00 00 01 00 E1 16"                            File: Line:0 Function: Type:Debug:
DateTime:2026-08-27 11:13:08.140:"m_baRecvMsg:"                            File: Line:0 Function: Type:Debug:
DateTime:2026-08-27 11:13:08.140:"frameList.size():1"                            File: Line:0 Function: Type:Debug:
DateTime:2026-08-27 11:13:08.140:"进入报文解析"                            File: Line:0 Function: Type:Debug:
DateTime:2026-08-27 11:13:08.141:"68 32 00 32 00 68 80 00 00 00 00 00 00 60 00 00 01 00 E1 16"                            File: Line:0 Function: Type:Debug:
DateTime:2026-08-27 11:13:08.141:"解码完成，功能码: 1"                            File: Line:0 Function: Type:Debug:
DateTime:2026-08-27 11:13:08.141:"工装回复确认帧"                            File: Line:0 Function: Type:Debug:
DateTime:2026-08-27 11:13:08.197:"工装接收：68 E6 00 E6 00 68 80 00 00 00 00 00 22 60 00 00 01 00 02 2A 00 68 2A 00 80 00 00 00 00 00 5B 52 01 00 02 12 90 78 56 34 12 12 00 68 12 90 78 56 34 12 68 91 06 37 39 37 1E 33 33 48 16 9E 16 13 16"                            File: Line:0 Function: Type:Debug:
DateTime:2026-08-27 11:13:08.197:"m_baRecvMsg:"                            File: Line:0 Function: Type:Debug:
DateTime:2026-08-27 11:13:08.197:"frameList.size():1"                            File: Line:0 Function: Type:Debug:
DateTime:2026-08-27 11:13:08.197:"进入报文解析"                            File: Line:0 Function: Type:Debug:
DateTime:2026-08-27 11:13:08.197:"68 E6 00 E6 00 68 80 00 00 00 00 00 22 60 00 00 01 00 02 2A 00 68 2A 00 80 00 00 00 00 00 5B 52 01 00 02 12 90 78 56 34 12 12 00 68 12 90 78 56 34 12 68 91 06 37 39 37 1E 33 33 48 16 9E 16 13 16"                            File: Line:0 Function: Type:Debug:
DateTime:2026-08-27 11:13:08.197:"解码完成，功能码: 4"                            File: Line:0 Function: Type:Debug:
DateTime:2026-08-27 11:13:08.197:"工装接收到透传报文"                            File: Line:0 Function: Type:Debug:
DateTime:2026-08-27 11:13:08.197:"022A00682A008000000000005B520100021290785634121200681290785634126891063739371E333348169E16"                            File: Line:0 Function: Type:Debug:
DateTime:2026-08-27 11:13:08.197:"透传报文内容:68 2a 00 80 00 00 00 00 00 5b 52 01 00 02 12 90 78 56 34 12 12 00 68 12 90 78 56 34 12 68 91 06 37 39 37 1e 33 33 48 16 9e 16"                            File: Line:0 Function: Type:Debug:
DateTime:2026-08-27 11:13:11.118:"uTimeSecond_ms:30000"                            File: Line:0 Function: Type:Debug:
DateTime:2026-08-27 11:13:11.118:"查找结果: iret=0, wStart=0, dwOutLen=42, dwStreamLen=42, dwFindPos=0"                            File: Line:0 Function: Type:Debug:
DateTime:2026-08-27 11:13:11.118:"Receive:<= 68 2A 00 80 00 00 00 00 00 5B 52 01 00 02 12 90 78 56 34 12 12 00 68 12 90 78 56 34 12 68 91 06 37 39 37 1E 33 33 48 16 9E 16"                            File: Line:0 Function: Type:Debug:
DateTime:2026-08-27 11:13:11.118:"解析：功能码-AFN=52H,Fn=1："                            File: Line:0 Function: Type:Debug:
DateTime:2026-08-27 11:13:11.118:"透传回复内容：021290785634121200681290785634126891063739371E33334816"                            File: Line:0 Function: Type:Debug:
DateTime:2026-08-27 11:13:11.118:"DL/T645-2007协议 回复报文信息：控制码：91,数据标识：EB040604，数据域(需倒序解析)：0000"                            File: Line:0 Function: Type:Debug:
DateTime:2026-08-27 11:13:11.118:"执行时间:0，单位：分钟"                            File: Line:0 Function: Type:Debug:
DateTime:2026-08-27 11:13:11.118:"上报方式：0事件（默认）执行时间:0，单位：分钟"                            File: Line:0 Function: Type:Debug:
DateTime:2026-08-27 11:13:11.118:dll输出信息: ""                            File: Line:0 Function: Type:Debug:
DateTime:2026-08-27 11:13:11.118:接口函数调用成功，返回的结果为 0                            File: Line:0 Function: Type:Debug:
DateTime:2026-08-27 11:13:11.118:"外部传入的para：0，返回的result：0,返回的pValRet：0"                            File: Line:0 Function: Type:Debug:
DateTime:2026-08-27 11:13:11.118:"执行接口函数CCO_AFN52_F1_EB040604_read完成"                            File: Line:0 Function: Type:Debug:
DateTime:2026-08-27 11:13:11.121:coorIndex 0                            File: Line:0 Function: Type:Debug:
DateTime:2026-08-27 11:13:11.121:当前流程结束                            File: Line:0 Function: Type:Debug:
DateTime:2026-08-27 11:13:11.121:退出connect函数                            File: Line:0 Function: Type:Debug:
DateTime:2026-08-27 11:13:11.122:"=========【Step105-数据转发--EB040604查询CCO本地定时运行参数(默认0：0不执行0事件方式)】结束=========="                            File: Line:0 Function: Type:Debug:
DateTime:2026-08-27 11:13:11.122:"-----------------------------"                            File: Line:0 Function: Type:Debug:
DateTime:2026-08-27 11:13:11.123:"=============执行【Step106-数据转发--EB040605查询CCO并发抄表数管理(默认)】==================="                            File: Line:0 Function: Type:Debug:
DateTime:2026-08-27 11:13:11.124:"执行接口函数CCO_AFN52_F1_EB040605_read"                            File: Line:0 Function: Type:Debug:
DateTime:2026-08-27 11:13:11.124:callWorkFunction: CCO_AFN52_F1_EB040605_read                            File: Line:0 Function: Type:Debug:
DateTime:2026-08-27 11:13:11.124:找到对应函数，进入执行                            File: Line:0 Function: Type:Debug:
DateTime:2026-08-27 11:13:11.628:"等待工装回复超时"                            File: Line:0 Function: Type:Debug:
DateTime:2026-08-27 11:13:11.628:"开始组帧"                            File: Line:0 Function: Type:Debug:
DateTime:2026-08-27 11:13:11.628:"组帧结束"                            File: Line:0 Function: Type:Debug:
DateTime:2026-08-27 11:13:11.628:"367.2Send:数据转发(查询-CCO并发抄表数管理 EB040605)：=>68 2B 00 43 00 00 00 00 00 5C 52 01 00 02 12 90 78 56 34 12 6B 8A E8 10 00 68 12 90 78 56 34 12 68 11 04 38 39 37 1E 61 16 6F 16"                            File: Line:0 Function: Type:Debug:
DateTime:2026-08-27 11:13:11.628:"槽位2透传:68EE00EE006840000000000022600000010002013C00682B004300000000005C520100021290785634126B8AE81000681290785634126811043839371E61166F168916"                            File: Line:0 Function: Type:Debug:
DateTime:2026-08-27 11:13:11.628:"工装发送：68 EE 00 EE 00 68 40 00 00 00 00 00 22 60 00 00 01 00 02 01 3C 00 68 2B 00 43 00 00 00 00 00 5C 52 01 00 02 12 90 78 56 34 12 6B 8A E8 10 00 68 12 90 78 56 34 12 68 11 04 38 39 37 1E 61 16 6F 16 89 16"                            File: Line:0 Function: Type:Debug:
DateTime:2026-08-27 11:13:11.678:"工装接收：68 32 00 32 00 68 80 00 00 00 00 00 00 60 00 00 01 00 E1 16"                            File: Line:0 Function: Type:Debug:
DateTime:2026-08-27 11:13:11.678:"m_baRecvMsg:"                            File: Line:0 Function: Type:Debug:
DateTime:2026-08-27 11:13:11.678:"frameList.size():1"                            File: Line:0 Function: Type:Debug:
DateTime:2026-08-27 11:13:11.678:"进入报文解析"                            File: Line:0 Function: Type:Debug:
DateTime:2026-08-27 11:13:11.678:"68 32 00 32 00 68 80 00 00 00 00 00 00 60 00 00 01 00 E1 16"                            File: Line:0 Function: Type:Debug:
DateTime:2026-08-27 11:13:11.678:"解码完成，功能码: 1"                            File: Line:0 Function: Type:Debug:
DateTime:2026-08-27 11:13:11.678:"工装回复确认帧"                            File: Line:0 Function: Type:Debug:
DateTime:2026-08-27 11:13:11.735:"工装接收：68 EA 00 EA 00 68 80 00 00 00 00 00 22 60 00 00 01 00 02 2B 00 68 2B 00 80 00 00 00 00 00 5C 52 01 00 02 12 90 78 56 34 12 13 00 68 12 90 78 56 34 12 68 91 07 38 39 37 1E 51 43 43 BB 16 86 16 E5 16"                            File: Line:0 Function: Type:Debug:
DateTime:2026-08-27 11:13:11.735:"m_baRecvMsg:"                            File: Line:0 Function: Type:Debug:
DateTime:2026-08-27 11:13:11.735:"frameList.size():1"                            File: Line:0 Function: Type:Debug:
DateTime:2026-08-27 11:13:11.735:"进入报文解析"                            File: Line:0 Function: Type:Debug:
DateTime:2026-08-27 11:13:11.735:"68 EA 00 EA 00 68 80 00 00 00 00 00 22 60 00 00 01 00 02 2B 00 68 2B 00 80 00 00 00 00 00 5C 52 01 00 02 12 90 78 56 34 12 13 00 68 12 90 78 56 34 12 68 91 07 38 39 37 1E 51 43 43 BB 16 86 16 E5 16"                            File: Line:0 Function: Type:Debug:
DateTime:2026-08-27 11:13:11.735:"解码完成，功能码: 4"                            File: Line:0 Function: Type:Debug:
DateTime:2026-08-27 11:13:11.735:"工装接收到透传报文"                            File: Line:0 Function: Type:Debug:
DateTime:2026-08-27 11:13:11.736:"022B00682B008000000000005C520100021290785634121300681290785634126891073839371E514343BB168616"                            File: Line:0 Function: Type:Debug:
DateTime:2026-08-27 11:13:11.736:"透传报文内容:68 2b 00 80 00 00 00 00 00 5c 52 01 00 02 12 90 78 56 34 12 13 00 68 12 90 78 56 34 12 68 91 07 38 39 37 1e 51 43 43 bb 16 86 16"                            File: Line:0 Function: Type:Debug:
DateTime:2026-08-27 11:13:14.657:"uTimeSecond_ms:30000"                            File: Line:0 Function: Type:Debug:
DateTime:2026-08-27 11:13:14.657:"查找结果: iret=0, wStart=0, dwOutLen=43, dwStreamLen=43, dwFindPos=0"                            File: Line:0 Function: Type:Debug:
DateTime:2026-08-27 11:13:14.657:"Receive:<= 68 2B 00 80 00 00 00 00 00 5C 52 01 00 02 12 90 78 56 34 12 13 00 68 12 90 78 56 34 12 68 91 07 38 39 37 1E 51 43 43 BB 16 86 16"                            File: Line:0 Function: Type:Debug:
DateTime:2026-08-27 11:13:14.657:"解析：功能码-AFN=52H,Fn=1："                            File: Line:0 Function: Type:Debug:
DateTime:2026-08-27 11:13:14.657:"透传回复内容：021290785634121300681290785634126891073839371E514343BB16"                            File: Line:0 Function: Type:Debug:
DateTime:2026-08-27 11:13:14.657:"DL/T645-2007协议 回复报文信息：控制码：91,数据标识：EB040605，数据域(需倒序解析)：1E1010"                            File: Line:0 Function: Type:Debug:
DateTime:2026-08-27 11:13:14.657:"结果："                            File: Line:0 Function: Type:Debug:
DateTime:2026-08-27 11:13:14.657:"CCO支持的总并发抄表数：30，智能补采_并发抄表数：16，本地定时_并发抄表数：16"                            File: Line:0 Function: Type:Debug:
DateTime:2026-08-27 11:13:14.657:dll输出信息: ""                            File: Line:0 Function: Type:Debug:
DateTime:2026-08-27 11:13:14.657:接口函数调用成功，返回的结果为 0                            File: Line:0 Function: Type:Debug:
DateTime:2026-08-27 11:13:14.657:"外部传入的para：0，返回的result：0,返回的pValRet：0"                            File: Line:0 Function: Type:Debug:
DateTime:2026-08-27 11:13:14.657:"执行接口函数CCO_AFN52_F1_EB040605_read完成"                            File: Line:0 Function: Type:Debug:
DateTime:2026-08-27 11:13:14.660:coorIndex 0                            File: Line:0 Function: Type:Debug:
DateTime:2026-08-27 11:13:14.660:当前流程结束                            File: Line:0 Function: Type:Debug:
DateTime:2026-08-27 11:13:14.660:退出connect函数                            File: Line:0 Function: Type:Debug:
DateTime:2026-08-27 11:13:14.660:"=========【Step106-数据转发--EB040605查询CCO并发抄表数管理(默认)】结束=========="                            File: Line:0 Function: Type:Debug:
DateTime:2026-08-27 11:13:14.660:"-----------------------------"                            File: Line:0 Function: Type:Debug:
DateTime:2026-08-27 11:13:14.662:"=============执行【Step107-数据转发--EB040605设置CCO并发抄表数】==================="                            File: Line:0 Function: Type:Debug:
DateTime:2026-08-27 11:13:14.662:"执行接口函数CCO_AFN52_F1_EB040605_set"                            File: Line:0 Function: Type:Debug:
DateTime:2026-08-27 11:13:14.663:callWorkFunction: CCO_AFN52_F1_EB040605_set                            File: Line:0 Function: Type:Debug:
DateTime:2026-08-27 11:13:14.663:找到对应函数，进入执行                            File: Line:0 Function: Type:Debug:
DateTime:2026-08-27 11:13:15.179:"等待工装回复超时"                            File: Line:0 Function: Type:Debug:
DateTime:2026-08-27 11:13:15.179:"开始组帧"                            File: Line:0 Function: Type:Debug:
DateTime:2026-08-27 11:13:15.179:"组帧结束"                            File: Line:0 Function: Type:Debug:
DateTime:2026-08-27 11:13:15.179:"367.2Send:数据转发(设置-CCO并发抄表数管理EB040605)：=>68 36 00 43 00 00 00 00 00 5D 52 01 00 02 12 90 78 56 34 12 6B 8A E8 1B 00 68 12 90 78 56 34 12 68 14 0F 38 39 37 1E 3B 33 33 33 44 44 44 44 4C 43 34 16 16 E5 16"                            File: Line:0 Function: Type:Debug:
DateTime:2026-08-27 11:13:15.179:"槽位2透传:681A011A016840000000000022600000010002013C006836004300000000005D520100021290785634126B8AE81B006812907856341268140F3839371E3B333333444444444C43341616E5168016"                            File: Line:0 Function: Type:Debug:
DateTime:2026-08-27 11:13:15.179:"工装发送：68 1A 01 1A 01 68 40 00 00 00 00 00 22 60 00 00 01 00 02 01 3C 00 68 36 00 43 00 00 00 00 00 5D 52 01 00 02 12 90 78 56 34 12 6B 8A E8 1B 00 68 12 90 78 56 34 12 68 14 0F 38 39 37 1E 3B 33 33 33 44 44 44 44 4C 43 34 16 16 E5 16 80 16"                            File: Line:0 Function: Type:Debug:
DateTime:2026-08-27 11:13:15.241:"工装接收：68 32 00 32 00 68 80 00 00 00 00 00 00 60 00 00 01 00 E1 16"                            File: Line:0 Function: Type:Debug:
DateTime:2026-08-27 11:13:15.241:"m_baRecvMsg:"                            File: Line:0 Function: Type:Debug:
DateTime:2026-08-27 11:13:15.241:"frameList.size():1"                            File: Line:0 Function: Type:Debug:
DateTime:2026-08-27 11:13:15.241:"进入报文解析"                            File: Line:0 Function: Type:Debug:
DateTime:2026-08-27 11:13:15.241:"68 32 00 32 00 68 80 00 00 00 00 00 00 60 00 00 01 00 E1 16"                            File: Line:0 Function: Type:Debug:
DateTime:2026-08-27 11:13:15.241:"解码完成，功能码: 1"                            File: Line:0 Function: Type:Debug:
DateTime:2026-08-27 11:13:15.241:"工装回复确认帧"                            File: Line:0 Function: Type:Debug:
DateTime:2026-08-27 11:13:15.350:"工装接收：68 CE 00 CE 00 68 80 00 00 00 00 00 22 60 00 00 01 00 02 24 00 68 24 00 80 00 00 00 00 00 5D 52 01 00 02 12 90 78 56 34 12 0C 00 68 12 90 78 56 34 12 68 94 00 1A 16 3E 16 47 16"                            File: Line:0 Function: Type:Debug:
DateTime:2026-08-27 11:13:15.350:"m_baRecvMsg:"                            File: Line:0 Function: Type:Debug:
DateTime:2026-08-27 11:13:15.350:"frameList.size():1"                            File: Line:0 Function: Type:Debug:
DateTime:2026-08-27 11:13:15.351:"进入报文解析"                            File: Line:0 Function: Type:Debug:
DateTime:2026-08-27 11:13:15.351:"68 CE 00 CE 00 68 80 00 00 00 00 00 22 60 00 00 01 00 02 24 00 68 24 00 80 00 00 00 00 00 5D 52 01 00 02 12 90 78 56 34 12 0C 00 68 12 90 78 56 34 12 68 94 00 1A 16 3E 16 47 16"                            File: Line:0 Function: Type:Debug:
DateTime:2026-08-27 11:13:15.351:"解码完成，功能码: 4"                            File: Line:0 Function: Type:Debug:
DateTime:2026-08-27 11:13:15.351:"工装接收到透传报文"                            File: Line:0 Function: Type:Debug:
DateTime:2026-08-27 11:13:15.351:"0224006824008000000000005D520100021290785634120C00681290785634126894001A163E16"                            File: Line:0 Function: Type:Debug:
DateTime:2026-08-27 11:13:15.351:"透传报文内容:68 24 00 80 00 00 00 00 00 5d 52 01 00 02 12 90 78 56 34 12 0c 00 68 12 90 78 56 34 12 68 94 00 1a 16 3e 16"                            File: Line:0 Function: Type:Debug:
DateTime:2026-08-27 11:13:18.272:"uTimeSecond_ms:30000"                            File: Line:0 Function: Type:Debug:
DateTime:2026-08-27 11:13:18.272:"查找结果: iret=0, wStart=0, dwOutLen=36, dwStreamLen=36, dwFindPos=0"                            File: Line:0 Function: Type:Debug:
DateTime:2026-08-27 11:13:18.272:"Receive:<= 68 24 00 80 00 00 00 00 00 5D 52 01 00 02 12 90 78 56 34 12 0C 00 68 12 90 78 56 34 12 68 94 00 1A 16 3E 16"                            File: Line:0 Function: Type:Debug:
DateTime:2026-08-27 11:13:18.272:"解析：功能码-AFN=52H,Fn=1："                            File: Line:0 Function: Type:Debug:
DateTime:2026-08-27 11:13:18.272:"透传回复内容：021290785634120C00681290785634126894001A16"                            File: Line:0 Function: Type:Debug:
DateTime:2026-08-27 11:13:18.272:"设置成功"                            File: Line:0 Function: Type:Debug:
DateTime:2026-08-27 11:13:18.272:dll输出信息: ""                            File: Line:0 Function: Type:Debug:
DateTime:2026-08-27 11:13:18.272:接口函数调用成功，返回的结果为 0                            File: Line:0 Function: Type:Debug:
DateTime:2026-08-27 11:13:18.272:"外部传入的para：0，返回的result：0,返回的pValRet：0"                            File: Line:0 Function: Type:Debug:
DateTime:2026-08-27 11:13:18.272:"执行接口函数CCO_AFN52_F1_EB040605_set完成"                            File: Line:0 Function: Type:Debug:
DateTime:2026-08-27 11:13:18.275:coorIndex 0                            File: Line:0 Function: Type:Debug:
DateTime:2026-08-27 11:13:18.275:当前流程结束                            File: Line:0 Function: Type:Debug:
DateTime:2026-08-27 11:13:18.275:退出connect函数                            File: Line:0 Function: Type:Debug:
DateTime:2026-08-27 11:13:18.275:"=========【Step107-数据转发--EB040605设置CCO并发抄表数】结束=========="                            File: Line:0 Function: Type:Debug:
DateTime:2026-08-27 11:13:18.276:"-----------------------------"                            File: Line:0 Function: Type:Debug:
DateTime:2026-08-27 11:13:18.277:"=============执行【Step108-数据转发--EB040605查询CCO并发抄表数管理】==================="                            File: Line:0 Function: Type:Debug:
DateTime:2026-08-27 11:13:18.278:"执行接口函数CCO_AFN52_F1_EB040605_read"                            File: Line:0 Function: Type:Debug:
DateTime:2026-08-27 11:13:18.278:callWorkFunction: CCO_AFN52_F1_EB040605_read                            File: Line:0 Function: Type:Debug:
DateTime:2026-08-27 11:13:18.278:找到对应函数，进入执行                            File: Line:0 Function: Type:Debug:
DateTime:2026-08-27 11:13:18.782:"等待工装回复超时"                            File: Line:0 Function: Type:Debug:
DateTime:2026-08-27 11:13:18.782:"开始组帧"                            File: Line:0 Function: Type:Debug:
DateTime:2026-08-27 11:13:18.782:"组帧结束"                            File: Line:0 Function: Type:Debug:
DateTime:2026-08-27 11:13:18.782:"367.2Send:数据转发(查询-CCO并发抄表数管理 EB040605)：=>68 2B 00 43 00 00 00 00 00 5E 52 01 00 02 12 90 78 56 34 12 6B 8A E8 10 00 68 12 90 78 56 34 12 68 11 04 38 39 37 1E 61 16 71 16"                            File: Line:0 Function: Type:Debug:
DateTime:2026-08-27 11:13:18.782:"槽位2透传:68EE00EE006840000000000022600000010002013C00682B004300000000005E520100021290785634126B8AE81000681290785634126811043839371E611671168D16"                            File: Line:0 Function: Type:Debug:
DateTime:2026-08-27 11:13:18.782:"工装发送：68 EE 00 EE 00 68 40 00 00 00 00 00 22 60 00 00 01 00 02 01 3C 00 68 2B 00 43 00 00 00 00 00 5E 52 01 00 02 12 90 78 56 34 12 6B 8A E8 10 00 68 12 90 78 56 34 12 68 11 04 38 39 37 1E 61 16 71 16 8D 16"                            File: Line:0 Function: Type:Debug:
DateTime:2026-08-27 11:13:18.832:"工装接收：68 32 00 32 00 68 80 00 00 00 00 00 00 60 00 00 01 00 E1 16"                            File: Line:0 Function: Type:Debug:
DateTime:2026-08-27 11:13:18.832:"m_baRecvMsg:"                            File: Line:0 Function: Type:Debug:
DateTime:2026-08-27 11:13:18.832:"frameList.size():1"                            File: Line:0 Function: Type:Debug:
DateTime:2026-08-27 11:13:18.832:"进入报文解析"                            File: Line:0 Function: Type:Debug:
DateTime:2026-08-27 11:13:18.832:"68 32 00 32 00 68 80 00 00 00 00 00 00 60 00 00 01 00 E1 16"                            File: Line:0 Function: Type:Debug:
DateTime:2026-08-27 11:13:18.832:"解码完成，功能码: 1"                            File: Line:0 Function: Type:Debug:
DateTime:2026-08-27 11:13:18.832:"工装回复确认帧"                            File: Line:0 Function: Type:Debug:
DateTime:2026-08-27 11:13:18.889:"工装接收：68 EA 00 EA 00 68 80 00 00 00 00 00 22 60 00 00 01 00 02 2B 00 68 2B 00 80 00 00 00 00 00 5E 52 01 00 02 12 90 78 56 34 12 13 00 68 12 90 78 56 34 12 68 91 07 38 39 37 1E 51 43 34 AC 16 6A 16 AD 16"                            File: Line:0 Function: Type:Debug:
DateTime:2026-08-27 11:13:18.889:"m_baRecvMsg:"                            File: Line:0 Function: Type:Debug:
DateTime:2026-08-27 11:13:18.889:"frameList.size():1"                            File: Line:0 Function: Type:Debug:
DateTime:2026-08-27 11:13:18.889:"进入报文解析"                            File: Line:0 Function: Type:Debug:
DateTime:2026-08-27 11:13:18.889:"68 EA 00 EA 00 68 80 00 00 00 00 00 22 60 00 00 01 00 02 2B 00 68 2B 00 80 00 00 00 00 00 5E 52 01 00 02 12 90 78 56 34 12 13 00 68 12 90 78 56 34 12 68 91 07 38 39 37 1E 51 43 34 AC 16 6A 16 AD 16"                            File: Line:0 Function: Type:Debug:
DateTime:2026-08-27 11:13:18.889:"解码完成，功能码: 4"                            File: Line:0 Function: Type:Debug:
DateTime:2026-08-27 11:13:18.889:"工装接收到透传报文"                            File: Line:0 Function: Type:Debug:
DateTime:2026-08-27 11:13:18.889:"022B00682B008000000000005E520100021290785634121300681290785634126891073839371E514334AC166A16"                            File: Line:0 Function: Type:Debug:
DateTime:2026-08-27 11:13:18.889:"透传报文内容:68 2b 00 80 00 00 00 00 00 5e 52 01 00 02 12 90 78 56 34 12 13 00 68 12 90 78 56 34 12 68 91 07 38 39 37 1e 51 43 34 ac 16 6a 16"                            File: Line:0 Function: Type:Debug:
DateTime:2026-08-27 11:13:21.811:"uTimeSecond_ms:30000"                            File: Line:0 Function: Type:Debug:
DateTime:2026-08-27 11:13:21.811:"查找结果: iret=0, wStart=0, dwOutLen=43, dwStreamLen=43, dwFindPos=0"                            File: Line:0 Function: Type:Debug:
DateTime:2026-08-27 11:13:21.811:"Receive:<= 68 2B 00 80 00 00 00 00 00 5E 52 01 00 02 12 90 78 56 34 12 13 00 68 12 90 78 56 34 12 68 91 07 38 39 37 1E 51 43 34 AC 16 6A 16"                            File: Line:0 Function: Type:Debug:
DateTime:2026-08-27 11:13:21.811:"解析：功能码-AFN=52H,Fn=1："                            File: Line:0 Function: Type:Debug:
DateTime:2026-08-27 11:13:21.811:"透传回复内容：021290785634121300681290785634126891073839371E514334AC16"                            File: Line:0 Function: Type:Debug:
DateTime:2026-08-27 11:13:21.811:"DL/T645-2007协议 回复报文信息：控制码：91,数据标识：EB040605，数据域(需倒序解析)：1E1001"                            File: Line:0 Function: Type:Debug:
DateTime:2026-08-27 11:13:21.811:"结果："                            File: Line:0 Function: Type:Debug:
DateTime:2026-08-27 11:13:21.811:"CCO支持的总并发抄表数：30，智能补采_并发抄表数：16，本地定时_并发抄表数：1"                            File: Line:0 Function: Type:Debug:
DateTime:2026-08-27 11:13:21.811:dll输出信息: ""                            File: Line:0 Function: Type:Debug:
DateTime:2026-08-27 11:13:21.811:接口函数调用成功，返回的结果为 0                            File: Line:0 Function: Type:Debug:
DateTime:2026-08-27 11:13:21.811:"外部传入的para：0，返回的result：0,返回的pValRet：0"                            File: Line:0 Function: Type:Debug:
DateTime:2026-08-27 11:13:21.811:"执行接口函数CCO_AFN52_F1_EB040605_read完成"                            File: Line:0 Function: Type:Debug:
DateTime:2026-08-27 11:13:21.814:coorIndex 0                            File: Line:0 Function: Type:Debug:
DateTime:2026-08-27 11:13:21.814:当前流程结束                            File: Line:0 Function: Type:Debug:
DateTime:2026-08-27 11:13:21.814:退出connect函数                            File: Line:0 Function: Type:Debug:
DateTime:2026-08-27 11:13:21.814:"=========【Step108-数据转发--EB040605查询CCO并发抄表数管理】结束=========="                            File: Line:0 Function: Type:Debug:
DateTime:2026-08-27 11:13:21.815:"-----------------------------"                            File: Line:0 Function: Type:Debug:
DateTime:2026-08-27 11:13:21.816:"=============执行【Step109-数据转发--EB030307读取STA最近1个整分整秒后的首个过零时刻的NTB值】==================="                            File: Line:0 Function: Type:Debug:
DateTime:2026-08-27 11:13:21.817:"执行接口函数CCO_AFN52_F1_EB030307_698"                            File: Line:0 Function: Type:Debug:
DateTime:2026-08-27 11:13:21.817:callWorkFunction: CCO_AFN52_F1_EB030307_698                            File: Line:0 Function: Type:Debug:
DateTime:2026-08-27 11:13:21.817:找到对应函数，进入执行                            File: Line:0 Function: Type:Debug:
DateTime:2026-08-27 11:13:22.321:"等待工装回复超时"                            File: Line:0 Function: Type:Debug:
DateTime:2026-08-27 11:13:22.321:"开始组帧"                            File: Line:0 Function: Type:Debug:
DateTime:2026-08-27 11:13:22.321:"组帧结束"                            File: Line:0 Function: Type:Debug:
DateTime:2026-08-27 11:13:22.321:"367.2Send:数据转发(查询-通信模块最近1个整分整秒后的首个过零时刻的NTB值(EB030307))：=>68 40 00 43 00 00 00 00 00 5F 52 01 00 03 03 01 10 00 16 19 6B 8A E8 25 00 68 23 00 43 05 03 01 10 00 16 19 10 A9 AD 07 02 00 01 EB 03 03 07 09 09 1C 07 EA 08 1B 0B 0D 15 05 00 C7 95 16 A1 16"                            File: Line:0 Function: Type:Debug:
DateTime:2026-08-27 11:13:22.321:"槽位2透传:68420142016840000000000022600000010002013C006840004300000000005F520100030301100016196B8AE82500682300430503011000161910A9AD07020001EB03030709091C07EA081B0B0D150500C79516A1160216"                            File: Line:0 Function: Type:Debug:
DateTime:2026-08-27 11:13:22.321:"工装发送：68 42 01 42 01 68 40 00 00 00 00 00 22 60 00 00 01 00 02 01 3C 00 68 40 00 43 00 00 00 00 00 5F 52 01 00 03 03 01 10 00 16 19 6B 8A E8 25 00 68 23 00 43 05 03 01 10 00 16 19 10 A9 AD 07 02 00 01 EB 03 03 07 09 09 1C 07 EA 08 1B 0B 0D 15 05 00 C7 95 16 A1 16 02 16"                            File: Line:0 Function: Type:Debug:
DateTime:2026-08-27 11:13:22.395:"工装接收：68 32 00 32 00 68 80 00 00 00 00 00 00 60 00 00 01 00 E1 16"                            File: Line:0 Function: Type:Debug:
DateTime:2026-08-27 11:13:22.395:"m_baRecvMsg:"                            File: Line:0 Function: Type:Debug:
DateTime:2026-08-27 11:13:22.395:"frameList.size():1"                            File: Line:0 Function: Type:Debug:
DateTime:2026-08-27 11:13:22.395:"进入报文解析"                            File: Line:0 Function: Type:Debug:
DateTime:2026-08-27 11:13:22.395:"68 32 00 32 00 68 80 00 00 00 00 00 00 60 00 00 01 00 E1 16"                            File: Line:0 Function: Type:Debug:
DateTime:2026-08-27 11:13:22.395:"解码完成，功能码: 1"                            File: Line:0 Function: Type:Debug:
DateTime:2026-08-27 11:13:22.395:"工装回复确认帧"                            File: Line:0 Function: Type:Debug:
DateTime:2026-08-27 11:13:23.658:"工装接收：68 2E 02 2E 02 68 80 00 00 00 00 00 22 60 00 00 01 00 02 7C 00 68 7C 00 80 00 00 00 00 00 5F 52 01 00 03 03 01 10 00 16 19 64 00 68 62 00 C3 05 03 01 10 00 16 19 10 EA F1 87 02 00 01 EB 03 03 07 00 01 09 45 26 08 27 11 15 00 01 0F 05 00 00 00 00 00 00 00 00 00 00 00 00 00 00 00 00 00 00 00 00 00 00 00 00 00 00 00 00 00 00 00 00 00 00 00 00 00 00 00 00 00 00 00 00 00 00 00 00 00 00 00 00 00 00 00 00 00 00 00 00 00 00 9E 03 16 B4 16 E3 16"                            File: Line:0 Function: Type:Debug:
DateTime:2026-08-27 11:13:23.658:"m_baRecvMsg:"                            File: Line:0 Function: Type:Debug:
DateTime:2026-08-27 11:13:23.658:"frameList.size():1"                            File: Line:0 Function: Type:Debug:
DateTime:2026-08-27 11:13:23.658:"进入报文解析"                            File: Line:0 Function: Type:Debug:
DateTime:2026-08-27 11:13:23.658:"68 2E 02 2E 02 68 80 00 00 00 00 00 22 60 00 00 01 00 02 7C 00 68 7C 00 80 00 00 00 00 00 5F 52 01 00 03 03 01 10 00 16 19 64 00 68 62 00 C3 05 03 01 10 00 16 19 10 EA F1 87 02 00 01 EB 03 03 07 00 01 09 45 26 08 27 11 15 00 01 0F 05 00 00 00 00 00 00 00 00 00 00 00 00 00 00 00 00 00 00 00 00 00 00 00 00 00 00 00 00 00 00 00 00 00 00 00 00 00 00 00 00 00 00 00 00 00 00 00 00 00 00 00 00 00 00 00 00 00 00 00 00 00 00 9E 03 16 B4 16 E3 16"                            File: Line:0 Function: Type:Debug:
DateTime:2026-08-27 11:13:23.658:"解码完成，功能码: 4"                            File: Line:0 Function: Type:Debug:
DateTime:2026-08-27 11:13:23.658:"工装接收到透传报文"                            File: Line:0 Function: Type:Debug:
DateTime:2026-08-27 11:13:23.658:"027C00687C008000000000005F520100030301100016196400686200C30503011000161910EAF187020001EB03030700010945260827111500010F0500000000000000000000000000000000000000000000000000000000000000000000000000000000000000000000000000000000000000000000000000009E0316B416"                            File: Line:0 Function: Type:Debug:
DateTime:2026-08-27 11:13:23.658:"透传报文内容:68 7c 00 80 00 00 00 00 00 5f 52 01 00 03 03 01 10 00 16 19 64 00 68 62 00 c3 05 03 01 10 00 16 19 10 ea f1 87 02 00 01 eb 03 03 07 00 01 09 45 26 08 27 11 15 00 01 0f 05 00 00 00 00 00 00 00 00 00 00 00 00 00 00 00 00 00 00 00 00 00 00 00 00 00 00 00 00 00 00 00 00 00 00 00 00 00 00 00 00 00 00 00 00 00 00 00 00 00 00 00 00 00 00 00 00 00 00 00 00 00 00 9e 03 16 b4 16"                            File: Line:0 Function: Type:Debug:
DateTime:2026-08-27 11:13:25.371:"uTimeSecond_ms:30000"                            File: Line:0 Function: Type:Debug:
DateTime:2026-08-27 11:13:25.371:"查找结果: iret=0, wStart=0, dwOutLen=124, dwStreamLen=124, dwFindPos=0"                            File: Line:0 Function: Type:Debug:
DateTime:2026-08-27 11:13:25.371:"Receive:<= 68 7C 00 80 00 00 00 00 00 5F 52 01 00 03 03 01 10 00 16 19 64 00 68 62 00 C3 05 03 01 10 00 16 19 10 EA F1 87 02 00 01 EB 03 03 07 00 01 09 45 26 08 27 11 15 00 01 0F 05 00 00 00 00 00 00 00 00 00 00 00 00 00 00 00 00 00 00 00 00 00 00 00 00 00 00 00 00 00 00 00 00 00 00 00 00 00 00 00 00 00 00 00 00 00 00 00 00 00 00 00 00 00 00 00 00 00 00 00 00 00 00 9E 03 16 B4 16"                            File: Line:0 Function: Type:Debug:
DateTime:2026-08-27 11:13:25.371:"解析：功能码-AFN=52H,Fn=1："                            File: Line:0 Function: Type:Debug:
DateTime:2026-08-27 11:13:25.371:"透传回复内容：030301100016196400686200C30503011000161910EAF187020001EB03030700010945260827111500010F0500000000000000000000000000000000000000000000000000000000000000000000000000000000000000000000000000000000000000000000000000009E0316"                            File: Line:0 Function: Type:Debug:
DateTime:2026-08-27 11:13:25.371:"pInfoOut->user_data.data_val:01EB03030700010945260827111500010F050000000000000000000000000000000000000000000000000000000000000000000000000000000000000000000000000000000000000000000000000000"                            File: Line:0 Function: Type:Debug:
DateTime:2026-08-27 11:13:25.371:"回复698报文，OMD为eb030307"                            File: Line:0 Function: Type:Debug:
DateTime:2026-08-27 11:13:25.371:"第0个相线1的NTB值为00000000，相线2的NTB值为00000000,相线3的NTB值为00000000"                            File: Line:0 Function: Type:Debug:
DateTime:2026-08-27 11:13:25.371:"第1个相线1的NTB值为00000000，相线2的NTB值为00000000,相线3的NTB值为00000000"                            File: Line:0 Function: Type:Debug:
DateTime:2026-08-27 11:13:25.371:"第2个相线1的NTB值为00000000，相线2的NTB值为00000000,相线3的NTB值为00000000"                            File: Line:0 Function: Type:Debug:
DateTime:2026-08-27 11:13:25.371:"第3个相线1的NTB值为00000000，相线2的NTB值为00000000,相线3的NTB值为00000000"                            File: Line:0 Function: Type:Debug:
DateTime:2026-08-27 11:13:25.372:"第4个相线1的NTB值为00000000，相线2的NTB值为00000000,相线3的NTB值为00000000"                            File: Line:0 Function: Type:Debug:
DateTime:2026-08-27 11:13:25.372:dll输出信息: ""                            File: Line:0 Function: Type:Debug:
DateTime:2026-08-27 11:13:25.372:接口函数调用成功，返回的结果为 0                            File: Line:0 Function: Type:Debug:
DateTime:2026-08-27 11:13:25.372:"外部传入的para：0，返回的result：0,返回的pValRet：0"                            File: Line:0 Function: Type:Debug:
DateTime:2026-08-27 11:13:25.372:"执行接口函数CCO_AFN52_F1_EB030307_698完成"                            File: Line:0 Function: Type:Debug:
DateTime:2026-08-27 11:13:25.375:coorIndex 0                            File: Line:0 Function: Type:Debug:
DateTime:2026-08-27 11:13:25.375:当前流程结束                            File: Line:0 Function: Type:Debug:
DateTime:2026-08-27 11:13:25.375:退出connect函数                            File: Line:0 Function: Type:Debug:
DateTime:2026-08-27 11:13:25.375:"=========【Step109-数据转发--EB030307读取STA最近1个整分整秒后的首个过零时刻的NTB值】结束=========="                            File: Line:0 Function: Type:Debug:
DateTime:2026-08-27 11:13:25.375:"-----------------------------"                            File: Line:0 Function: Type:Debug:
DateTime:2026-08-27 11:13:25.377:"=============执行【Step110-数据转发--EB030308读取CCO过零NTB值数据更新周期和主动上报数据点数(回复15分，100点)】==================="                            File: Line:0 Function: Type:Debug:
DateTime:2026-08-27 11:13:25.377:"执行接口函数CCO_AFN52_F1_EB030308_read_698"                            File: Line:0 Function: Type:Debug:
DateTime:2026-08-27 11:13:25.377:callWorkFunction: CCO_AFN52_F1_EB030308_read_698                            File: Line:0 Function: Type:Debug:
DateTime:2026-08-27 11:13:25.377:找到对应函数，进入执行                            File: Line:0 Function: Type:Debug:
DateTime:2026-08-27 11:13:25.881:"等待工装回复超时"                            File: Line:0 Function: Type:Debug:
DateTime:2026-08-27 11:13:25.881:"开始组帧"                            File: Line:0 Function: Type:Debug:
DateTime:2026-08-27 11:13:25.881:"组帧结束"                            File: Line:0 Function: Type:Debug:
DateTime:2026-08-27 11:13:25.881:"367.2Send:数据转发(查询-过零NTB值数据更新周期和主动上报数据点数(EB030308))：=>68 36 00 43 00 00 00 00 00 60 52 01 00 02 12 90 78 56 34 12 6B 8A E8 1B 00 68 19 00 43 05 12 90 78 56 34 12 10 FF 77 07 02 01 01 EB 03 03 08 00 00 4E 70 16 83 16"                            File: Line:0 Function: Type:Debug:
DateTime:2026-08-27 11:13:25.881:"槽位2透传:681A011A016840000000000022600000010002013C0068360043000000000060520100021290785634126B8AE81B00681900430512907856341210FF7707020101EB03030800004E70168316BC16"                            File: Line:0 Function: Type:Debug:
DateTime:2026-08-27 11:13:25.881:"工装发送：68 1A 01 1A 01 68 40 00 00 00 00 00 22 60 00 00 01 00 02 01 3C 00 68 36 00 43 00 00 00 00 00 60 52 01 00 02 12 90 78 56 34 12 6B 8A E8 1B 00 68 19 00 43 05 12 90 78 56 34 12 10 FF 77 07 02 01 01 EB 03 03 08 00 00 4E 70 16 83 16 BC 16"                            File: Line:0 Function: Type:Debug:
DateTime:2026-08-27 11:13:25.944:"工装接收：68 32 00 32 00 68 80 00 00 00 00 00 00 60 00 00 01 00 E1 16"                            File: Line:0 Function: Type:Debug:
DateTime:2026-08-27 11:13:25.944:"m_baRecvMsg:"                            File: Line:0 Function: Type:Debug:
DateTime:2026-08-27 11:13:25.944:"frameList.size():1"                            File: Line:0 Function: Type:Debug:
DateTime:2026-08-27 11:13:25.944:"进入报文解析"                            File: Line:0 Function: Type:Debug:
DateTime:2026-08-27 11:13:25.944:"68 32 00 32 00 68 80 00 00 00 00 00 00 60 00 00 01 00 E1 16"                            File: Line:0 Function: Type:Debug:
DateTime:2026-08-27 11:13:25.944:"解码完成，功能码: 1"                            File: Line:0 Function: Type:Debug:
DateTime:2026-08-27 11:13:25.944:"工装回复确认帧"                            File: Line:0 Function: Type:Debug:
DateTime:2026-08-27 11:13:26.019:"工装接收：68 22 01 22 01 68 80 00 00 00 00 00 22 60 00 00 01 00 02 39 00 68 39 00 80 00 00 00 00 00 60 52 01 00 02 12 90 78 56 34 12 21 00 68 1F 00 C3 05 12 90 78 56 34 12 00 DE 56 87 02 00 01 EB 03 03 08 00 01 09 02 00 00 00 00 DE 2F 16 F7 16 E3 16"                            File: Line:0 Function: Type:Debug:
DateTime:2026-08-27 11:13:26.019:"m_baRecvMsg:"                            File: Line:0 Function: Type:Debug:
DateTime:2026-08-27 11:13:26.019:"frameList.size():1"                            File: Line:0 Function: Type:Debug:
DateTime:2026-08-27 11:13:26.019:"进入报文解析"                            File: Line:0 Function: Type:Debug:
DateTime:2026-08-27 11:13:26.019:"68 22 01 22 01 68 80 00 00 00 00 00 22 60 00 00 01 00 02 39 00 68 39 00 80 00 00 00 00 00 60 52 01 00 02 12 90 78 56 34 12 21 00 68 1F 00 C3 05 12 90 78 56 34 12 00 DE 56 87 02 00 01 EB 03 03 08 00 01 09 02 00 00 00 00 DE 2F 16 F7 16 E3 16"                            File: Line:0 Function: Type:Debug:
DateTime:2026-08-27 11:13:26.019:"解码完成，功能码: 4"                            File: Line:0 Function: Type:Debug:
DateTime:2026-08-27 11:13:26.019:"工装接收到透传报文"                            File: Line:0 Function: Type:Debug:
DateTime:2026-08-27 11:13:26.019:"02390068390080000000000060520100021290785634122100681F00C30512907856341200DE5687020001EB0303080001090200000000DE2F16F716"                            File: Line:0 Function: Type:Debug:
DateTime:2026-08-27 11:13:26.019:"透传报文内容:68 39 00 80 00 00 00 00 00 60 52 01 00 02 12 90 78 56 34 12 21 00 68 1f 00 c3 05 12 90 78 56 34 12 00 de 56 87 02 00 01 eb 03 03 08 00 01 09 02 00 00 00 00 de 2f 16 f7 16"                            File: Line:0 Function: Type:Debug:
DateTime:2026-08-27 11:13:28.940:"uTimeSecond_ms:30000"                            File: Line:0 Function: Type:Debug:
DateTime:2026-08-27 11:13:28.940:"查找结果: iret=0, wStart=0, dwOutLen=57, dwStreamLen=57, dwFindPos=0"                            File: Line:0 Function: Type:Debug:
DateTime:2026-08-27 11:13:28.940:"Receive:<= 68 39 00 80 00 00 00 00 00 60 52 01 00 02 12 90 78 56 34 12 21 00 68 1F 00 C3 05 12 90 78 56 34 12 00 DE 56 87 02 00 01 EB 03 03 08 00 01 09 02 00 00 00 00 DE 2F 16 F7 16"                            File: Line:0 Function: Type:Debug:
DateTime:2026-08-27 11:13:28.940:"解析：功能码-AFN=52H,Fn=1："                            File: Line:0 Function: Type:Debug:
DateTime:2026-08-27 11:13:28.940:"透传回复内容：021290785634122100681F00C30512907856341200DE5687020001EB0303080001090200000000DE2F16"                            File: Line:0 Function: Type:Debug:
DateTime:2026-08-27 11:13:28.940:"pInfoOut->user_data.data_val:01EB0303080001090200000000"                            File: Line:0 Function: Type:Debug:
DateTime:2026-08-27 11:13:28.940:"回复698报文，OMD为eb030308"                            File: Line:0 Function: Type:Debug:
DateTime:2026-08-27 11:13:28.940:"过零NTB值数据更新周期：0，主动上报数据点数：0"                            File: Line:0 Function: Type:Debug:
DateTime:2026-08-27 11:13:28.940:dll输出信息: ""                            File: Line:0 Function: Type:Debug:
DateTime:2026-08-27 11:13:28.940:接口函数调用成功，返回的结果为 0                            File: Line:0 Function: Type:Debug:
DateTime:2026-08-27 11:13:28.940:"外部传入的para：0，返回的result：0,返回的pValRet：0"                            File: Line:0 Function: Type:Debug:
DateTime:2026-08-27 11:13:28.940:"执行接口函数CCO_AFN52_F1_EB030308_read_698完成"                            File: Line:0 Function: Type:Debug:
DateTime:2026-08-27 11:13:28.943:coorIndex 0                            File: Line:0 Function: Type:Debug:
DateTime:2026-08-27 11:13:28.943:当前流程结束                            File: Line:0 Function: Type:Debug:
DateTime:2026-08-27 11:13:28.943:退出connect函数                            File: Line:0 Function: Type:Debug:
DateTime:2026-08-27 11:13:28.943:"=========【Step110-数据转发--EB030308读取CCO过零NTB值数据更新周期和主动上报数据点数(回复15分，100点)】结束=========="                            File: Line:0 Function: Type:Debug:
DateTime:2026-08-27 11:13:28.944:"-----------------------------"                            File: Line:0 Function: Type:Debug:
DateTime:2026-08-27 11:13:28.945:"=============执行【Step111-数据转发--EB030308设置CCO过零NTB值数据更新周期和主动上报数据点数(设置2分，5点)】==================="                            File: Line:0 Function: Type:Debug:
DateTime:2026-08-27 11:13:28.946:"执行接口函数CCO_AFN52_F1_EB030308_set_698"                            File: Line:0 Function: Type:Debug:
DateTime:2026-08-27 11:13:28.946:callWorkFunction: CCO_AFN52_F1_EB030308_set_698                            File: Line:0 Function: Type:Debug:
DateTime:2026-08-27 11:13:28.946:找到对应函数，进入执行                            File: Line:0 Function: Type:Debug:
DateTime:2026-08-27 11:13:29.449:"等待工装回复超时"                            File: Line:0 Function: Type:Debug:
DateTime:2026-08-27 11:13:29.449:"开始组帧"                            File: Line:0 Function: Type:Debug:
DateTime:2026-08-27 11:13:29.449:"组帧结束"                            File: Line:0 Function: Type:Debug:
DateTime:2026-08-27 11:13:29.449:"367.2Send:数据转发(设置-过零NTB值数据更新周期和主动上报数据点数EB030308)：=>68 41 00 43 00 00 00 00 00 61 52 01 00 02 12 90 78 56 34 12 6B 8A E8 26 00 68 24 00 43 05 12 90 78 56 34 12 10 5E 53 06 02 02 01 EB 03 03 08 09 0A 11 11 11 11 00 00 00 08 02 05 00 73 92 16 82 16"                            File: Line:0 Function: Type:Debug:
DateTime:2026-08-27 11:13:29.449:"槽位2透传:68460146016840000000000022600000010002013C0068410043000000000061520100021290785634126B8AE826006824004305129078563412105E5306020201EB030308090A11111111000000080205007392168216C516"                            File: Line:0 Function: Type:Debug:
DateTime:2026-08-27 11:13:29.449:"工装发送：68 46 01 46 01 68 40 00 00 00 00 00 22 60 00 00 01 00 02 01 3C 00 68 41 00 43 00 00 00 00 00 61 52 01 00 02 12 90 78 56 34 12 6B 8A E8 26 00 68 24 00 43 05 12 90 78 56 34 12 10 5E 53 06 02 02 01 EB 03 03 08 09 0A 11 11 11 11 00 00 00 08 02 05 00 73 92 16 82 16 C5 16"                            File: Line:0 Function: Type:Debug:
DateTime:2026-08-27 11:13:29.525:"工装接收：68 32 00 32 00 68 80 00 00 00 00 00 00 60 00 00 01 00 E1 16"                            File: Line:0 Function: Type:Debug:
DateTime:2026-08-27 11:13:29.525:"m_baRecvMsg:"                            File: Line:0 Function: Type:Debug:
DateTime:2026-08-27 11:13:29.525:"frameList.size():1"                            File: Line:0 Function: Type:Debug:
DateTime:2026-08-27 11:13:29.525:"进入报文解析"                            File: Line:0 Function: Type:Debug:
DateTime:2026-08-27 11:13:29.525:"68 32 00 32 00 68 80 00 00 00 00 00 00 60 00 00 01 00 E1 16"                            File: Line:0 Function: Type:Debug:
DateTime:2026-08-27 11:13:29.525:"解码完成，功能码: 1"                            File: Line:0 Function: Type:Debug:
DateTime:2026-08-27 11:13:29.525:"工装回复确认帧"                            File: Line:0 Function: Type:Debug:
DateTime:2026-08-27 11:13:29.656:"工装接收：68 0E 01 0E 01 68 80 00 00 00 00 00 22 60 00 00 01 00 02 34 00 68 34 00 80 00 00 00 00 00 61 52 01 00 02 12 90 78 56 34 12 1C 00 68 1A 00 C3 05 12 90 78 56 34 12 00 1A 5D 86 02 00 01 EB 03 03 08 00 00 00 05 D1 16 ED 16 C5 16"                            File: Line:0 Function: Type:Debug:
DateTime:2026-08-27 11:13:29.656:"m_baRecvMsg:"                            File: Line:0 Function: Type:Debug:
DateTime:2026-08-27 11:13:29.656:"frameList.size():1"                            File: Line:0 Function: Type:Debug:
DateTime:2026-08-27 11:13:29.656:"进入报文解析"                            File: Line:0 Function: Type:Debug:
DateTime:2026-08-27 11:13:29.656:"68 0E 01 0E 01 68 80 00 00 00 00 00 22 60 00 00 01 00 02 34 00 68 34 00 80 00 00 00 00 00 61 52 01 00 02 12 90 78 56 34 12 1C 00 68 1A 00 C3 05 12 90 78 56 34 12 00 1A 5D 86 02 00 01 EB 03 03 08 00 00 00 05 D1 16 ED 16 C5 16"                            File: Line:0 Function: Type:Debug:
DateTime:2026-08-27 11:13:29.656:"解码完成，功能码: 4"                            File: Line:0 Function: Type:Debug:
DateTime:2026-08-27 11:13:29.656:"工装接收到透传报文"                            File: Line:0 Function: Type:Debug:
DateTime:2026-08-27 11:13:29.656:"02340068340080000000000061520100021290785634121C00681A00C305129078563412001A5D86020001EB03030800000005D116ED16"                            File: Line:0 Function: Type:Debug:
DateTime:2026-08-27 11:13:29.656:"透传报文内容:68 34 00 80 00 00 00 00 00 61 52 01 00 02 12 90 78 56 34 12 1c 00 68 1a 00 c3 05 12 90 78 56 34 12 00 1a 5d 86 02 00 01 eb 03 03 08 00 00 00 05 d1 16 ed 16"                            File: Line:0 Function: Type:Debug:
DateTime:2026-08-27 11:13:32.476:"uTimeSecond_ms:30000"                            File: Line:0 Function: Type:Debug:
DateTime:2026-08-27 11:13:32.476:"查找结果: iret=0, wStart=0, dwOutLen=52, dwStreamLen=52, dwFindPos=0"                            File: Line:0 Function: Type:Debug:
DateTime:2026-08-27 11:13:32.476:"Receive:<= 68 34 00 80 00 00 00 00 00 61 52 01 00 02 12 90 78 56 34 12 1C 00 68 1A 00 C3 05 12 90 78 56 34 12 00 1A 5D 86 02 00 01 EB 03 03 08 00 00 00 05 D1 16 ED 16"                            File: Line:0 Function: Type:Debug:
DateTime:2026-08-27 11:13:32.476:"解析：功能码-AFN=52H,Fn=1："                            File: Line:0 Function: Type:Debug:
DateTime:2026-08-27 11:13:32.476:"透传回复内容：021290785634121C00681A00C305129078563412001A5D86020001EB03030800000005D116"                            File: Line:0 Function: Type:Debug:
DateTime:2026-08-27 11:13:32.476:"pInfoOut->user_data.data_val:01EB030308000000"                            File: Line:0 Function: Type:Debug:
DateTime:2026-08-27 11:13:32.476:"回复698报文，OMD为eb030308"                            File: Line:0 Function: Type:Debug:
DateTime:2026-08-27 11:13:32.476:"设置成功"                            File: Line:0 Function: Type:Debug:
DateTime:2026-08-27 11:13:32.476:dll输出信息: ""                            File: Line:0 Function: Type:Debug:
DateTime:2026-08-27 11:13:32.476:接口函数调用成功，返回的结果为 0                            File: Line:0 Function: Type:Debug:
DateTime:2026-08-27 11:13:32.476:"外部传入的para：0，返回的result：0,返回的pValRet：0"                            File: Line:0 Function: Type:Debug:
DateTime:2026-08-27 11:13:32.476:"执行接口函数CCO_AFN52_F1_EB030308_set_698完成"                            File: Line:0 Function: Type:Debug:
DateTime:2026-08-27 11:13:32.479:coorIndex 0                            File: Line:0 Function: Type:Debug:
DateTime:2026-08-27 11:13:32.479:当前流程结束                            File: Line:0 Function: Type:Debug:
DateTime:2026-08-27 11:13:32.480:退出connect函数                            File: Line:0 Function: Type:Debug:
DateTime:2026-08-27 11:13:32.480:"=========【Step111-数据转发--EB030308设置CCO过零NTB值数据更新周期和主动上报数据点数(设置2分，5点)】结束=========="                            File: Line:0 Function: Type:Debug:
DateTime:2026-08-27 11:13:32.480:"-----------------------------"                            File: Line:0 Function: Type:Debug:
DateTime:2026-08-27 11:13:32.482:"=============执行【Step112-数据转发--EB030308读取CCO过零NTB值数据更新周期和主动上报数据点数(回复2分，5点)】==================="                            File: Line:0 Function: Type:Debug:
DateTime:2026-08-27 11:13:32.483:"执行接口函数CCO_AFN52_F1_EB030308_read_698"                            File: Line:0 Function: Type:Debug:
DateTime:2026-08-27 11:13:32.483:callWorkFunction: CCO_AFN52_F1_EB030308_read_698                            File: Line:0 Function: Type:Debug:
DateTime:2026-08-27 11:13:32.483:找到对应函数，进入执行                            File: Line:0 Function: Type:Debug:
DateTime:2026-08-27 11:13:32.987:"等待工装回复超时"                            File: Line:0 Function: Type:Debug:
DateTime:2026-08-27 11:13:32.987:"开始组帧"                            File: Line:0 Function: Type:Debug:
DateTime:2026-08-27 11:13:32.987:"组帧结束"                            File: Line:0 Function: Type:Debug:
DateTime:2026-08-27 11:13:32.987:"367.2Send:数据转发(查询-过零NTB值数据更新周期和主动上报数据点数(EB030308))：=>68 36 00 43 00 00 00 00 00 62 52 01 00 02 12 90 78 56 34 12 6B 8A E8 1B 00 68 19 00 43 05 12 90 78 56 34 12 10 FF 77 07 02 03 01 EB 03 03 08 00 00 21 7B 16 65 16"                            File: Line:0 Function: Type:Debug:
DateTime:2026-08-27 11:13:32.987:"槽位2透传:681A011A016840000000000022600000010002013C0068360043000000000062520100021290785634126B8AE81B00681900430512907856341210FF7707020301EB0303080000217B1665168016"                            File: Line:0 Function: Type:Debug:
DateTime:2026-08-27 11:13:32.987:"工装发送：68 1A 01 1A 01 68 40 00 00 00 00 00 22 60 00 00 01 00 02 01 3C 00 68 36 00 43 00 00 00 00 00 62 52 01 00 02 12 90 78 56 34 12 6B 8A E8 1B 00 68 19 00 43 05 12 90 78 56 34 12 10 FF 77 07 02 03 01 EB 03 03 08 00 00 21 7B 16 65 16 80 16"                            File: Line:0 Function: Type:Debug:
DateTime:2026-08-27 11:13:33.050:"工装接收：68 32 00 32 00 68 80 00 00 00 00 00 00 60 00 00 01 00 E1 16"                            File: Line:0 Function: Type:Debug:
DateTime:2026-08-27 11:13:33.050:"m_baRecvMsg:"                            File: Line:0 Function: Type:Debug:
DateTime:2026-08-27 11:13:33.050:"frameList.size():1"                            File: Line:0 Function: Type:Debug:
DateTime:2026-08-27 11:13:33.050:"进入报文解析"                            File: Line:0 Function: Type:Debug:
DateTime:2026-08-27 11:13:33.050:"68 32 00 32 00 68 80 00 00 00 00 00 00 60 00 00 01 00 E1 16"                            File: Line:0 Function: Type:Debug:
DateTime:2026-08-27 11:13:33.050:"解码完成，功能码: 1"                            File: Line:0 Function: Type:Debug:
DateTime:2026-08-27 11:13:33.050:"工装回复确认帧"                            File: Line:0 Function: Type:Debug:
DateTime:2026-08-27 11:13:33.125:"工装接收：68 22 01 22 01 68 80 00 00 00 00 00 22 60 00 00 01 00 02 39 00 68 39 00 80 00 00 00 00 00 62 52 01 00 02 12 90 78 56 34 12 21 00 68 1F 00 C3 05 12 90 78 56 34 12 00 DE 56 87 02 00 01 EB 03 03 08 00 01 09 02 02 05 00 00 15 2F 16 37 16 63 16"                            File: Line:0 Function: Type:Debug:
DateTime:2026-08-27 11:13:33.125:"m_baRecvMsg:"                            File: Line:0 Function: Type:Debug:
DateTime:2026-08-27 11:13:33.125:"frameList.size():1"                            File: Line:0 Function: Type:Debug:
DateTime:2026-08-27 11:13:33.125:"进入报文解析"                            File: Line:0 Function: Type:Debug:
DateTime:2026-08-27 11:13:33.125:"68 22 01 22 01 68 80 00 00 00 00 00 22 60 00 00 01 00 02 39 00 68 39 00 80 00 00 00 00 00 62 52 01 00 02 12 90 78 56 34 12 21 00 68 1F 00 C3 05 12 90 78 56 34 12 00 DE 56 87 02 00 01 EB 03 03 08 00 01 09 02 02 05 00 00 15 2F 16 37 16 63 16"                            File: Line:0 Function: Type:Debug:
DateTime:2026-08-27 11:13:33.125:"解码完成，功能码: 4"                            File: Line:0 Function: Type:Debug:
DateTime:2026-08-27 11:13:33.125:"工装接收到透传报文"                            File: Line:0 Function: Type:Debug:
DateTime:2026-08-27 11:13:33.125:"02390068390080000000000062520100021290785634122100681F00C30512907856341200DE5687020001EB0303080001090202050000152F163716"                            File: Line:0 Function: Type:Debug:
DateTime:2026-08-27 11:13:33.125:"透传报文内容:68 39 00 80 00 00 00 00 00 62 52 01 00 02 12 90 78 56 34 12 21 00 68 1f 00 c3 05 12 90 78 56 34 12 00 de 56 87 02 00 01 eb 03 03 08 00 01 09 02 02 05 00 00 15 2f 16 37 16"                            File: Line:0 Function: Type:Debug:
DateTime:2026-08-27 11:13:36.046:"uTimeSecond_ms:30000"                            File: Line:0 Function: Type:Debug:
DateTime:2026-08-27 11:13:36.046:"查找结果: iret=0, wStart=0, dwOutLen=57, dwStreamLen=57, dwFindPos=0"                            File: Line:0 Function: Type:Debug:
DateTime:2026-08-27 11:13:36.046:"Receive:<= 68 39 00 80 00 00 00 00 00 62 52 01 00 02 12 90 78 56 34 12 21 00 68 1F 00 C3 05 12 90 78 56 34 12 00 DE 56 87 02 00 01 EB 03 03 08 00 01 09 02 02 05 00 00 15 2F 16 37 16"                            File: Line:0 Function: Type:Debug:
DateTime:2026-08-27 11:13:36.046:"解析：功能码-AFN=52H,Fn=1："                            File: Line:0 Function: Type:Debug:
DateTime:2026-08-27 11:13:36.046:"透传回复内容：021290785634122100681F00C30512907856341200DE5687020001EB0303080001090202050000152F16"                            File: Line:0 Function: Type:Debug:
DateTime:2026-08-27 11:13:36.046:"pInfoOut->user_data.data_val:01EB0303080001090202050000"                            File: Line:0 Function: Type:Debug:
DateTime:2026-08-27 11:13:36.046:"回复698报文，OMD为eb030308"                            File: Line:0 Function: Type:Debug:
DateTime:2026-08-27 11:13:36.046:"过零NTB值数据更新周期：2，主动上报数据点数：5"                            File: Line:0 Function: Type:Debug:
DateTime:2026-08-27 11:13:36.046:dll输出信息: ""                            File: Line:0 Function: Type:Debug:
DateTime:2026-08-27 11:13:36.046:接口函数调用成功，返回的结果为 0                            File: Line:0 Function: Type:Debug:
DateTime:2026-08-27 11:13:36.046:"外部传入的para：0，返回的result：0,返回的pValRet：0"                            File: Line:0 Function: Type:Debug:
DateTime:2026-08-27 11:13:36.046:"执行接口函数CCO_AFN52_F1_EB030308_read_698完成"                            File: Line:0 Function: Type:Debug:
DateTime:2026-08-27 11:13:36.049:coorIndex 0                            File: Line:0 Function: Type:Debug:
DateTime:2026-08-27 11:13:36.049:当前流程结束                            File: Line:0 Function: Type:Debug:
DateTime:2026-08-27 11:13:36.049:退出connect函数                            File: Line:0 Function: Type:Debug:
DateTime:2026-08-27 11:13:36.050:"=========【Step112-数据转发--EB030308读取CCO过零NTB值数据更新周期和主动上报数据点数(回复2分，5点)】结束=========="                            File: Line:0 Function: Type:Debug:
DateTime:2026-08-27 11:13:36.050:"-----------------------------"                            File: Line:0 Function: Type:Debug:
DateTime:2026-08-27 11:13:36.051:"=============执行【Step113-数据转发--EB030308设置CCO过零NTB值数据更新周期和主动上报数据点数(设回默认)】==================="                            File: Line:0 Function: Type:Debug:
DateTime:2026-08-27 11:13:36.052:"执行接口函数CCO_AFN52_F1_EB030308_set_698"                            File: Line:0 Function: Type:Debug:
DateTime:2026-08-27 11:13:36.052:callWorkFunction: CCO_AFN52_F1_EB030308_set_698                            File: Line:0 Function: Type:Debug:
DateTime:2026-08-27 11:13:36.052:找到对应函数，进入执行                            File: Line:0 Function: Type:Debug:
DateTime:2026-08-27 11:13:36.555:"等待工装回复超时"                            File: Line:0 Function: Type:Debug:
DateTime:2026-08-27 11:13:36.555:"开始组帧"                            File: Line:0 Function: Type:Debug:
DateTime:2026-08-27 11:13:36.555:"组帧结束"                            File: Line:0 Function: Type:Debug:
DateTime:2026-08-27 11:13:36.555:"367.2Send:数据转发(设置-过零NTB值数据更新周期和主动上报数据点数EB030308)：=>68 41 00 43 00 00 00 00 00 63 52 01 00 02 12 90 78 56 34 12 6B 8A E8 26 00 68 24 00 43 05 12 90 78 56 34 12 10 5E 53 06 02 04 01 EB 03 03 08 09 0A 11 11 11 11 00 00 00 08 0F 64 00 04 62 16 53 16"                            File: Line:0 Function: Type:Debug:
DateTime:2026-08-27 11:13:36.555:"槽位2透传:68460146016840000000000022600000010002013C0068410043000000000063520100021290785634126B8AE826006824004305129078563412105E5306020401EB030308090A11111111000000080F640004621653166716"                            File: Line:0 Function: Type:Debug:
DateTime:2026-08-27 11:13:36.555:"工装发送：68 46 01 46 01 68 40 00 00 00 00 00 22 60 00 00 01 00 02 01 3C 00 68 41 00 43 00 00 00 00 00 63 52 01 00 02 12 90 78 56 34 12 6B 8A E8 26 00 68 24 00 43 05 12 90 78 56 34 12 10 5E 53 06 02 04 01 EB 03 03 08 09 0A 11 11 11 11 00 00 00 08 0F 64 00 04 62 16 53 16 67 16"                            File: Line:0 Function: Type:Debug:
DateTime:2026-08-27 11:13:36.631:"工装接收：68 32 00 32 00 68 80 00 00 00 00 00 00 60 00 00 01 00 E1 16"                            File: Line:0 Function: Type:Debug:
DateTime:2026-08-27 11:13:36.631:"m_baRecvMsg:"                            File: Line:0 Function: Type:Debug:
DateTime:2026-08-27 11:13:36.631:"frameList.size():1"                            File: Line:0 Function: Type:Debug:
DateTime:2026-08-27 11:13:36.631:"进入报文解析"                            File: Line:0 Function: Type:Debug:
DateTime:2026-08-27 11:13:36.631:"68 32 00 32 00 68 80 00 00 00 00 00 00 60 00 00 01 00 E1 16"                            File: Line:0 Function: Type:Debug:
DateTime:2026-08-27 11:13:36.631:"解码完成，功能码: 1"                            File: Line:0 Function: Type:Debug:
DateTime:2026-08-27 11:13:36.631:"工装回复确认帧"                            File: Line:0 Function: Type:Debug:
DateTime:2026-08-27 11:13:36.759:"工装接收：68 0E 01 0E 01 68 80 00 00 00 00 00 22 60 00 00 01 00 02 34 00 68 34 00 80 00 00 00 00 00 63 52 01 00 02 12 90 78 56 34 12 1C 00 68 1A 00 C3 05 12 90 78 56 34 12 00 1A 5D 86 02 00 01 EB 03 03 08 00 00 00 05 D1 16 EF 16 C9 16"                            File: Line:0 Function: Type:Debug:
DateTime:2026-08-27 11:13:36.759:"m_baRecvMsg:"                            File: Line:0 Function: Type:Debug:
DateTime:2026-08-27 11:13:36.759:"frameList.size():1"                            File: Line:0 Function: Type:Debug:
DateTime:2026-08-27 11:13:36.760:"进入报文解析"                            File: Line:0 Function: Type:Debug:
DateTime:2026-08-27 11:13:36.760:"68 0E 01 0E 01 68 80 00 00 00 00 00 22 60 00 00 01 00 02 34 00 68 34 00 80 00 00 00 00 00 63 52 01 00 02 12 90 78 56 34 12 1C 00 68 1A 00 C3 05 12 90 78 56 34 12 00 1A 5D 86 02 00 01 EB 03 03 08 00 00 00 05 D1 16 EF 16 C9 16"                            File: Line:0 Function: Type:Debug:
DateTime:2026-08-27 11:13:36.760:"解码完成，功能码: 4"                            File: Line:0 Function: Type:Debug:
DateTime:2026-08-27 11:13:36.760:"工装接收到透传报文"                            File: Line:0 Function: Type:Debug:
DateTime:2026-08-27 11:13:36.760:"02340068340080000000000063520100021290785634121C00681A00C305129078563412001A5D86020001EB03030800000005D116EF16"                            File: Line:0 Function: Type:Debug:
DateTime:2026-08-27 11:13:36.760:"透传报文内容:68 34 00 80 00 00 00 00 00 63 52 01 00 02 12 90 78 56 34 12 1c 00 68 1a 00 c3 05 12 90 78 56 34 12 00 1a 5d 86 02 00 01 eb 03 03 08 00 00 00 05 d1 16 ef 16"                            File: Line:0 Function: Type:Debug:
DateTime:2026-08-27 11:13:39.580:"uTimeSecond_ms:30000"                            File: Line:0 Function: Type:Debug:
DateTime:2026-08-27 11:13:39.580:"查找结果: iret=0, wStart=0, dwOutLen=52, dwStreamLen=52, dwFindPos=0"                            File: Line:0 Function: Type:Debug:
DateTime:2026-08-27 11:13:39.580:"Receive:<= 68 34 00 80 00 00 00 00 00 63 52 01 00 02 12 90 78 56 34 12 1C 00 68 1A 00 C3 05 12 90 78 56 34 12 00 1A 5D 86 02 00 01 EB 03 03 08 00 00 00 05 D1 16 EF 16"                            File: Line:0 Function: Type:Debug:
DateTime:2026-08-27 11:13:39.580:"解析：功能码-AFN=52H,Fn=1："                            File: Line:0 Function: Type:Debug:
DateTime:2026-08-27 11:13:39.580:"透传回复内容：021290785634121C00681A00C305129078563412001A5D86020001EB03030800000005D116"                            File: Line:0 Function: Type:Debug:
DateTime:2026-08-27 11:13:39.580:"pInfoOut->user_data.data_val:01EB030308000000"                            File: Line:0 Function: Type:Debug:
DateTime:2026-08-27 11:13:39.580:"回复698报文，OMD为eb030308"                            File: Line:0 Function: Type:Debug:
DateTime:2026-08-27 11:13:39.580:"设置成功"                            File: Line:0 Function: Type:Debug:
DateTime:2026-08-27 11:13:39.580:dll输出信息: ""                            File: Line:0 Function: Type:Debug:
DateTime:2026-08-27 11:13:39.580:接口函数调用成功，返回的结果为 0                            File: Line:0 Function: Type:Debug:
DateTime:2026-08-27 11:13:39.580:"外部传入的para：0，返回的result：0,返回的pValRet：0"                            File: Line:0 Function: Type:Debug:
DateTime:2026-08-27 11:13:39.580:"执行接口函数CCO_AFN52_F1_EB030308_set_698完成"                            File: Line:0 Function: Type:Debug:
DateTime:2026-08-27 11:13:39.583:coorIndex 0                            File: Line:0 Function: Type:Debug:
DateTime:2026-08-27 11:13:39.583:当前流程结束                            File: Line:0 Function: Type:Debug:
DateTime:2026-08-27 11:13:39.583:退出connect函数                            File: Line:0 Function: Type:Debug:
DateTime:2026-08-27 11:13:39.583:"=========【Step113-数据转发--EB030308设置CCO过零NTB值数据更新周期和主动上报数据点数(设回默认)】结束=========="                            File: Line:0 Function: Type:Debug:
DateTime:2026-08-27 11:13:39.583:"-----------------------------"                            File: Line:0 Function: Type:Debug:
DateTime:2026-08-27 11:13:39.585:"=============执行【Step114-数据转发--EB030308读取CCO过零NTB值数据更新周期和主动上报数据点数(回复15分，100点)】==================="                            File: Line:0 Function: Type:Debug:
DateTime:2026-08-27 11:13:39.586:"执行接口函数CCO_AFN52_F1_EB030308_read_698"                            File: Line:0 Function: Type:Debug:
DateTime:2026-08-27 11:13:39.586:callWorkFunction: CCO_AFN52_F1_EB030308_read_698                            File: Line:0 Function: Type:Debug:
DateTime:2026-08-27 11:13:39.586:找到对应函数，进入执行                            File: Line:0 Function: Type:Debug:
DateTime:2026-08-27 11:13:40.090:"等待工装回复超时"                            File: Line:0 Function: Type:Debug:
DateTime:2026-08-27 11:13:40.090:"开始组帧"                            File: Line:0 Function: Type:Debug:
DateTime:2026-08-27 11:13:40.090:"组帧结束"                            File: Line:0 Function: Type:Debug:
DateTime:2026-08-27 11:13:40.090:"367.2Send:数据转发(查询-过零NTB值数据更新周期和主动上报数据点数(EB030308))：=>68 36 00 43 00 00 00 00 00 64 52 01 00 02 12 90 78 56 34 12 6B 8A E8 1B 00 68 19 00 43 05 12 90 78 56 34 12 10 FF 77 07 02 05 01 EB 03 03 08 00 00 90 66 16 C3 16"                            File: Line:0 Function: Type:Debug:
DateTime:2026-08-27 11:13:40.090:"槽位2透传:681A011A016840000000000022600000010002013C0068360043000000000064520100021290785634126B8AE81B00681900430512907856341210FF7707020501EB0303080000906616C3163C16"                            File: Line:0 Function: Type:Debug:
DateTime:2026-08-27 11:13:40.090:"工装发送：68 1A 01 1A 01 68 40 00 00 00 00 00 22 60 00 00 01 00 02 01 3C 00 68 36 00 43 00 00 00 00 00 64 52 01 00 02 12 90 78 56 34 12 6B 8A E8 1B 00 68 19 00 43 05 12 90 78 56 34 12 10 FF 77 07 02 05 01 EB 03 03 08 00 00 90 66 16 C3 16 3C 16"                            File: Line:0 Function: Type:Debug:
DateTime:2026-08-27 11:13:40.153:"工装接收：68 32 00 32 00 68 80 00 00 00 00 00 00 60 00 00 01 00 E1 16"                            File: Line:0 Function: Type:Debug:
DateTime:2026-08-27 11:13:40.153:"m_baRecvMsg:"                            File: Line:0 Function: Type:Debug:
DateTime:2026-08-27 11:13:40.153:"frameList.size():1"                            File: Line:0 Function: Type:Debug:
DateTime:2026-08-27 11:13:40.153:"进入报文解析"                            File: Line:0 Function: Type:Debug:
DateTime:2026-08-27 11:13:40.153:"68 32 00 32 00 68 80 00 00 00 00 00 00 60 00 00 01 00 E1 16"                            File: Line:0 Function: Type:Debug:
DateTime:2026-08-27 11:13:40.153:"解码完成，功能码: 1"                            File: Line:0 Function: Type:Debug:
DateTime:2026-08-27 11:13:40.153:"工装回复确认帧"                            File: Line:0 Function: Type:Debug:
DateTime:2026-08-27 11:13:40.227:"工装接收：68 22 01 22 01 68 80 00 00 00 00 00 22 60 00 00 01 00 02 39 00 68 39 00 80 00 00 00 00 00 64 52 01 00 02 12 90 78 56 34 12 21 00 68 1F 00 C3 05 12 90 78 56 34 12 00 DE 56 87 02 00 01 EB 03 03 08 00 01 09 02 0F 64 00 00 0B FB 16 67 16 C3 16"                            File: Line:0 Function: Type:Debug:
DateTime:2026-08-27 11:13:40.228:"m_baRecvMsg:"                            File: Line:0 Function: Type:Debug:
DateTime:2026-08-27 11:13:40.228:"frameList.size():1"                            File: Line:0 Function: Type:Debug:
DateTime:2026-08-27 11:13:40.228:"进入报文解析"                            File: Line:0 Function: Type:Debug:
DateTime:2026-08-27 11:13:40.228:"68 22 01 22 01 68 80 00 00 00 00 00 22 60 00 00 01 00 02 39 00 68 39 00 80 00 00 00 00 00 64 52 01 00 02 12 90 78 56 34 12 21 00 68 1F 00 C3 05 12 90 78 56 34 12 00 DE 56 87 02 00 01 EB 03 03 08 00 01 09 02 0F 64 00 00 0B FB 16 67 16 C3 16"                            File: Line:0 Function: Type:Debug:
DateTime:2026-08-27 11:13:40.228:"解码完成，功能码: 4"                            File: Line:0 Function: Type:Debug:
DateTime:2026-08-27 11:13:40.228:"工装接收到透传报文"                            File: Line:0 Function: Type:Debug:
DateTime:2026-08-27 11:13:40.228:"02390068390080000000000064520100021290785634122100681F00C30512907856341200DE5687020001EB030308000109020F6400000BFB166716"                            File: Line:0 Function: Type:Debug:
DateTime:2026-08-27 11:13:40.228:"透传报文内容:68 39 00 80 00 00 00 00 00 64 52 01 00 02 12 90 78 56 34 12 21 00 68 1f 00 c3 05 12 90 78 56 34 12 00 de 56 87 02 00 01 eb 03 03 08 00 01 09 02 0f 64 00 00 0b fb 16 67 16"                            File: Line:0 Function: Type:Debug:
DateTime:2026-08-27 11:13:43.149:"uTimeSecond_ms:30000"                            File: Line:0 Function: Type:Debug:
DateTime:2026-08-27 11:13:43.149:"查找结果: iret=0, wStart=0, dwOutLen=57, dwStreamLen=57, dwFindPos=0"                            File: Line:0 Function: Type:Debug:
DateTime:2026-08-27 11:13:43.149:"Receive:<= 68 39 00 80 00 00 00 00 00 64 52 01 00 02 12 90 78 56 34 12 21 00 68 1F 00 C3 05 12 90 78 56 34 12 00 DE 56 87 02 00 01 EB 03 03 08 00 01 09 02 0F 64 00 00 0B FB 16 67 16"                            File: Line:0 Function: Type:Debug:
DateTime:2026-08-27 11:13:43.149:"解析：功能码-AFN=52H,Fn=1："                            File: Line:0 Function: Type:Debug:
DateTime:2026-08-27 11:13:43.149:"透传回复内容：021290785634122100681F00C30512907856341200DE5687020001EB030308000109020F6400000BFB16"                            File: Line:0 Function: Type:Debug:
DateTime:2026-08-27 11:13:43.149:"pInfoOut->user_data.data_val:01EB030308000109020F640000"                            File: Line:0 Function: Type:Debug:
DateTime:2026-08-27 11:13:43.149:"回复698报文，OMD为eb030308"                            File: Line:0 Function: Type:Debug:
DateTime:2026-08-27 11:13:43.149:"过零NTB值数据更新周期：15，主动上报数据点数：100"                            File: Line:0 Function: Type:Debug:
DateTime:2026-08-27 11:13:43.149:dll输出信息: ""                            File: Line:0 Function: Type:Debug:
DateTime:2026-08-27 11:13:43.149:接口函数调用成功，返回的结果为 0                            File: Line:0 Function: Type:Debug:
DateTime:2026-08-27 11:13:43.149:"外部传入的para：0，返回的result：0,返回的pValRet：0"                            File: Line:0 Function: Type:Debug:
DateTime:2026-08-27 11:13:43.149:"执行接口函数CCO_AFN52_F1_EB030308_read_698完成"                            File: Line:0 Function: Type:Debug:
DateTime:2026-08-27 11:13:43.152:coorIndex 0                            File: Line:0 Function: Type:Debug:
DateTime:2026-08-27 11:13:43.152:当前流程结束                            File: Line:0 Function: Type:Debug:
DateTime:2026-08-27 11:13:43.152:退出connect函数                            File: Line:0 Function: Type:Debug:
DateTime:2026-08-27 11:13:43.153:"=========【Step114-数据转发--EB030308读取CCO过零NTB值数据更新周期和主动上报数据点数(回复15分，100点)】结束=========="                            File: Line:0 Function: Type:Debug:
DateTime:2026-08-27 11:13:43.153:"-----------------------------"                            File: Line:0 Function: Type:Debug:
DateTime:2026-08-27 11:13:43.154:"=============执行【Step115-数据转发--EB030311读取CCO温度】==================="                            File: Line:0 Function: Type:Debug:
DateTime:2026-08-27 11:13:43.155:"执行接口函数CCO_AFN52_F1_EB030311_read_698"                            File: Line:0 Function: Type:Debug:
DateTime:2026-08-27 11:13:43.155:callWorkFunction: CCO_AFN52_F1_EB030311_read_698                            File: Line:0 Function: Type:Debug:
DateTime:2026-08-27 11:13:43.155:找到对应函数，进入执行                            File: Line:0 Function: Type:Debug:
DateTime:2026-08-27 11:13:43.658:"等待工装回复超时"                            File: Line:0 Function: Type:Debug:
DateTime:2026-08-27 11:13:43.658:"开始组帧"                            File: Line:0 Function: Type:Debug:
DateTime:2026-08-27 11:13:43.658:"组帧结束"                            File: Line:0 Function: Type:Debug:
DateTime:2026-08-27 11:13:43.658:"367.2Send:数据转发(查询-环境温度(EB030311))：=>68 36 00 43 00 00 00 00 00 65 52 01 00 02 12 90 78 56 34 12 6B 8A E8 1B 00 68 19 00 43 05 12 90 78 56 34 12 10 FF 77 07 02 06 01 EB 03 03 11 00 00 CB F5 16 98 16"                            File: Line:0 Function: Type:Debug:
DateTime:2026-08-27 11:13:43.658:"槽位2透传:681A011A016840000000000022600000010002013C0068360043000000000065520100021290785634126B8AE81B00681900430512907856341210FF7707020601EB0303110000CBF5169816E616"                            File: Line:0 Function: Type:Debug:
DateTime:2026-08-27 11:13:43.658:"工装发送：68 1A 01 1A 01 68 40 00 00 00 00 00 22 60 00 00 01 00 02 01 3C 00 68 36 00 43 00 00 00 00 00 65 52 01 00 02 12 90 78 56 34 12 6B 8A E8 1B 00 68 19 00 43 05 12 90 78 56 34 12 10 FF 77 07 02 06 01 EB 03 03 11 00 00 CB F5 16 98 16 E6 16"                            File: Line:0 Function: Type:Debug:
DateTime:2026-08-27 11:13:43.721:"工装接收：68 32 00 32 00 68 80 00 00 00 00 00 00 60 00 00 01 00 E1 16"                            File: Line:0 Function: Type:Debug:
DateTime:2026-08-27 11:13:43.721:"m_baRecvMsg:"                            File: Line:0 Function: Type:Debug:
DateTime:2026-08-27 11:13:43.721:"frameList.size():1"                            File: Line:0 Function: Type:Debug:
DateTime:2026-08-27 11:13:43.721:"进入报文解析"                            File: Line:0 Function: Type:Debug:
DateTime:2026-08-27 11:13:43.721:"68 32 00 32 00 68 80 00 00 00 00 00 00 60 00 00 01 00 E1 16"                            File: Line:0 Function: Type:Debug:
DateTime:2026-08-27 11:13:43.721:"解码完成，功能码: 1"                            File: Line:0 Function: Type:Debug:
DateTime:2026-08-27 11:13:43.721:"工装回复确认帧"                            File: Line:0 Function: Type:Debug:
DateTime:2026-08-27 11:13:43.795:"工装接收：68 22 01 22 01 68 80 00 00 00 00 00 22 60 00 00 01 00 02 39 00 68 39 00 80 00 00 00 00 00 65 52 01 00 02 12 90 78 56 34 12 21 00 68 1F 00 C3 05 12 90 78 56 34 12 00 DE 56 87 02 00 01 EB 03 03 11 00 01 09 02 03 40 00 00 C6 C1 16 C2 16 79 16"                            File: Line:0 Function: Type:Debug:
DateTime:2026-08-27 11:13:43.796:"m_baRecvMsg:"                            File: Line:0 Function: Type:Debug:
DateTime:2026-08-27 11:13:43.796:"frameList.size():1"                            File: Line:0 Function: Type:Debug:
DateTime:2026-08-27 11:13:43.796:"进入报文解析"                            File: Line:0 Function: Type:Debug:
DateTime:2026-08-27 11:13:43.796:"68 22 01 22 01 68 80 00 00 00 00 00 22 60 00 00 01 00 02 39 00 68 39 00 80 00 00 00 00 00 65 52 01 00 02 12 90 78 56 34 12 21 00 68 1F 00 C3 05 12 90 78 56 34 12 00 DE 56 87 02 00 01 EB 03 03 11 00 01 09 02 03 40 00 00 C6 C1 16 C2 16 79 16"                            File: Line:0 Function: Type:Debug:
DateTime:2026-08-27 11:13:43.796:"解码完成，功能码: 4"                            File: Line:0 Function: Type:Debug:
DateTime:2026-08-27 11:13:43.796:"工装接收到透传报文"                            File: Line:0 Function: Type:Debug:
DateTime:2026-08-27 11:13:43.796:"02390068390080000000000065520100021290785634122100681F00C30512907856341200DE5687020001EB0303110001090203400000C6C116C216"                            File: Line:0 Function: Type:Debug:
DateTime:2026-08-27 11:13:43.796:"透传报文内容:68 39 00 80 00 00 00 00 00 65 52 01 00 02 12 90 78 56 34 12 21 00 68 1f 00 c3 05 12 90 78 56 34 12 00 de 56 87 02 00 01 eb 03 03 11 00 01 09 02 03 40 00 00 c6 c1 16 c2 16"                            File: Line:0 Function: Type:Debug:
DateTime:2026-08-27 11:13:46.717:"uTimeSecond_ms:30000"                            File: Line:0 Function: Type:Debug:
DateTime:2026-08-27 11:13:46.717:"查找结果: iret=0, wStart=0, dwOutLen=57, dwStreamLen=57, dwFindPos=0"                            File: Line:0 Function: Type:Debug:
DateTime:2026-08-27 11:13:46.717:"Receive:<= 68 39 00 80 00 00 00 00 00 65 52 01 00 02 12 90 78 56 34 12 21 00 68 1F 00 C3 05 12 90 78 56 34 12 00 DE 56 87 02 00 01 EB 03 03 11 00 01 09 02 03 40 00 00 C6 C1 16 C2 16"                            File: Line:0 Function: Type:Debug:
DateTime:2026-08-27 11:13:46.717:"解析：功能码-AFN=52H,Fn=1："                            File: Line:0 Function: Type:Debug:
DateTime:2026-08-27 11:13:46.717:"透传回复内容：021290785634122100681F00C30512907856341200DE5687020001EB0303110001090203400000C6C116"                            File: Line:0 Function: Type:Debug:
DateTime:2026-08-27 11:13:46.717:"pInfoOut->user_data.data_val:01EB0303110001090203400000"                            File: Line:0 Function: Type:Debug:
DateTime:2026-08-27 11:13:46.717:"回复698报文，OMD为eb030311"                            File: Line:0 Function: Type:Debug:
DateTime:2026-08-27 11:13:46.717:"环境温度为:34.0"                            File: Line:0 Function: Type:Debug:
DateTime:2026-08-27 11:13:46.717:dll输出信息: ""                            File: Line:0 Function: Type:Debug:
DateTime:2026-08-27 11:13:46.717:接口函数调用成功，返回的结果为 0                            File: Line:0 Function: Type:Debug:
DateTime:2026-08-27 11:13:46.717:"外部传入的para：0，返回的result：0,返回的pValRet：0"                            File: Line:0 Function: Type:Debug:
DateTime:2026-08-27 11:13:46.717:"执行接口函数CCO_AFN52_F1_EB030311_read_698完成"                            File: Line:0 Function: Type:Debug:
DateTime:2026-08-27 11:13:46.720:coorIndex 0                            File: Line:0 Function: Type:Debug:
DateTime:2026-08-27 11:13:46.720:当前流程结束                            File: Line:0 Function: Type:Debug:
DateTime:2026-08-27 11:13:46.720:退出connect函数                            File: Line:0 Function: Type:Debug:
DateTime:2026-08-27 11:13:46.721:"=========【Step115-数据转发--EB030311读取CCO温度】结束=========="                            File: Line:0 Function: Type:Debug:
DateTime:2026-08-27 11:13:46.721:"-----------------------------"                            File: Line:0 Function: Type:Debug:
DateTime:2026-08-27 11:13:46.722:"=============执行【Step116-数据转发--EB030312读取CCO响应超时时间(默认30)】==================="                            File: Line:0 Function: Type:Debug:
DateTime:2026-08-27 11:13:46.723:"执行接口函数CCO_AFN52_F1_EB030312_read_698"                            File: Line:0 Function: Type:Debug:
DateTime:2026-08-27 11:13:46.723:callWorkFunction: CCO_AFN52_F1_EB030312_read_698                            File: Line:0 Function: Type:Debug:
DateTime:2026-08-27 11:13:46.723:找到对应函数，进入执行                            File: Line:0 Function: Type:Debug:
DateTime:2026-08-27 11:13:47.227:"等待工装回复超时"                            File: Line:0 Function: Type:Debug:
DateTime:2026-08-27 11:13:47.227:"开始组帧"                            File: Line:0 Function: Type:Debug:
DateTime:2026-08-27 11:13:47.227:"组帧结束"                            File: Line:0 Function: Type:Debug:
DateTime:2026-08-27 11:13:47.227:"367.2Send:数据转发(查询-超时时间(EB030312))：=>68 36 00 43 00 00 00 00 00 66 52 01 00 02 12 90 78 56 34 12 6B 8A E8 1B 00 68 19 00 43 05 12 90 78 56 34 12 10 FF 77 07 02 07 01 EB 03 03 12 00 00 10 9B 16 86 16"                            File: Line:0 Function: Type:Debug:
DateTime:2026-08-27 11:13:47.227:"槽位2透传:681A011A016840000000000022600000010002013C0068360043000000000066520100021290785634126B8AE81B00681900430512907856341210FF7707020701EB0303120000109B168616C216"                            File: Line:0 Function: Type:Debug:
DateTime:2026-08-27 11:13:47.227:"工装发送：68 1A 01 1A 01 68 40 00 00 00 00 00 22 60 00 00 01 00 02 01 3C 00 68 36 00 43 00 00 00 00 00 66 52 01 00 02 12 90 78 56 34 12 6B 8A E8 1B 00 68 19 00 43 05 12 90 78 56 34 12 10 FF 77 07 02 07 01 EB 03 03 12 00 00 10 9B 16 86 16 C2 16"                            File: Line:0 Function: Type:Debug:
DateTime:2026-08-27 11:13:47.290:"工装接收：68 32 00 32 00 68 80 00 00 00 00 00 00 60 00 00 01 00 E1 16"                            File: Line:0 Function: Type:Debug:
DateTime:2026-08-27 11:13:47.290:"m_baRecvMsg:"                            File: Line:0 Function: Type:Debug:
DateTime:2026-08-27 11:13:47.290:"frameList.size():1"                            File: Line:0 Function: Type:Debug:
DateTime:2026-08-27 11:13:47.290:"进入报文解析"                            File: Line:0 Function: Type:Debug:
DateTime:2026-08-27 11:13:47.290:"68 32 00 32 00 68 80 00 00 00 00 00 00 60 00 00 01 00 E1 16"                            File: Line:0 Function: Type:Debug:
DateTime:2026-08-27 11:13:47.290:"解码完成，功能码: 1"                            File: Line:0 Function: Type:Debug:
DateTime:2026-08-27 11:13:47.290:"工装回复确认帧"                            File: Line:0 Function: Type:Debug:
DateTime:2026-08-27 11:13:47.364:"工装接收：68 1E 01 1E 01 68 80 00 00 00 00 00 22 60 00 00 01 00 02 38 00 68 38 00 80 00 00 00 00 00 66 52 01 00 02 12 90 78 56 34 12 20 00 68 1E 00 C3 05 12 90 78 56 34 12 00 4F 03 87 02 00 01 EB 03 03 12 00 01 09 01 1E 00 00 A1 AE 16 82 16 F7 16"                            File: Line:0 Function: Type:Debug:
DateTime:2026-08-27 11:13:47.364:"m_baRecvMsg:"                            File: Line:0 Function: Type:Debug:
DateTime:2026-08-27 11:13:47.364:"frameList.size():1"                            File: Line:0 Function: Type:Debug:
DateTime:2026-08-27 11:13:47.364:"进入报文解析"                            File: Line:0 Function: Type:Debug:
DateTime:2026-08-27 11:13:47.364:"68 1E 01 1E 01 68 80 00 00 00 00 00 22 60 00 00 01 00 02 38 00 68 38 00 80 00 00 00 00 00 66 52 01 00 02 12 90 78 56 34 12 20 00 68 1E 00 C3 05 12 90 78 56 34 12 00 4F 03 87 02 00 01 EB 03 03 12 00 01 09 01 1E 00 00 A1 AE 16 82 16 F7 16"                            File: Line:0 Function: Type:Debug:
DateTime:2026-08-27 11:13:47.364:"解码完成，功能码: 4"                            File: Line:0 Function: Type:Debug:
DateTime:2026-08-27 11:13:47.364:"工装接收到透传报文"                            File: Line:0 Function: Type:Debug:
DateTime:2026-08-27 11:13:47.364:"02380068380080000000000066520100021290785634122000681E00C305129078563412004F0387020001EB030312000109011E0000A1AE168216"                            File: Line:0 Function: Type:Debug:
DateTime:2026-08-27 11:13:47.364:"透传报文内容:68 38 00 80 00 00 00 00 00 66 52 01 00 02 12 90 78 56 34 12 20 00 68 1e 00 c3 05 12 90 78 56 34 12 00 4f 03 87 02 00 01 eb 03 03 12 00 01 09 01 1e 00 00 a1 ae 16 82 16"                            File: Line:0 Function: Type:Debug:
DateTime:2026-08-27 11:13:50.285:"uTimeSecond_ms:30000"                            File: Line:0 Function: Type:Debug:
DateTime:2026-08-27 11:13:50.285:"查找结果: iret=0, wStart=0, dwOutLen=56, dwStreamLen=56, dwFindPos=0"                            File: Line:0 Function: Type:Debug:
DateTime:2026-08-27 11:13:50.285:"Receive:<= 68 38 00 80 00 00 00 00 00 66 52 01 00 02 12 90 78 56 34 12 20 00 68 1E 00 C3 05 12 90 78 56 34 12 00 4F 03 87 02 00 01 EB 03 03 12 00 01 09 01 1E 00 00 A1 AE 16 82 16"                            File: Line:0 Function: Type:Debug:
DateTime:2026-08-27 11:13:50.285:"解析：功能码-AFN=52H,Fn=1："                            File: Line:0 Function: Type:Debug:
DateTime:2026-08-27 11:13:50.285:"透传回复内容：021290785634122000681E00C305129078563412004F0387020001EB030312000109011E0000A1AE16"                            File: Line:0 Function: Type:Debug:
DateTime:2026-08-27 11:13:50.285:"pInfoOut->user_data.data_val:01EB030312000109011E0000"                            File: Line:0 Function: Type:Debug:
DateTime:2026-08-27 11:13:50.285:"回复698报文，OMD为eb030312"                            File: Line:0 Function: Type:Debug:
DateTime:2026-08-27 11:13:50.285:QString::arg: Argument missing: "CCO响应超时时间为:" , 30                            File: Line:0 Function: Type:Warning:
DateTime:2026-08-27 11:13:50.285:"CCO响应超时时间为:"                            File: Line:0 Function: Type:Debug:
DateTime:2026-08-27 11:13:50.285:dll输出信息: ""                            File: Line:0 Function: Type:Debug:
DateTime:2026-08-27 11:13:50.285:接口函数调用成功，返回的结果为 0                            File: Line:0 Function: Type:Debug:
DateTime:2026-08-27 11:13:50.285:"外部传入的para：0，返回的result：0,返回的pValRet：0"                            File: Line:0 Function: Type:Debug:
DateTime:2026-08-27 11:13:50.285:"执行接口函数CCO_AFN52_F1_EB030312_read_698完成"                            File: Line:0 Function: Type:Debug:
DateTime:2026-08-27 11:13:50.288:coorIndex 0                            File: Line:0 Function: Type:Debug:
DateTime:2026-08-27 11:13:50.288:当前流程结束                            File: Line:0 Function: Type:Debug:
DateTime:2026-08-27 11:13:50.288:退出connect函数                            File: Line:0 Function: Type:Debug:
DateTime:2026-08-27 11:13:50.289:"=========【Step116-数据转发--EB030312读取CCO响应超时时间(默认30)】结束=========="                            File: Line:0 Function: Type:Debug:
DateTime:2026-08-27 11:13:50.289:"-----------------------------"                            File: Line:0 Function: Type:Debug:
DateTime:2026-08-27 11:13:50.291:"=============执行【Step117-数据转发--EB030312设置CCO响应超时时间(设置50)】==================="                            File: Line:0 Function: Type:Debug:
DateTime:2026-08-27 11:13:50.291:"执行接口函数CCO_AFN52_F1_EB030312_set_698"                            File: Line:0 Function: Type:Debug:
DateTime:2026-08-27 11:13:50.291:callWorkFunction: CCO_AFN52_F1_EB030312_set_698                            File: Line:0 Function: Type:Debug:
DateTime:2026-08-27 11:13:50.291:找到对应函数，进入执行                            File: Line:0 Function: Type:Debug:
DateTime:2026-08-27 11:13:50.794:"等待工装回复超时"                            File: Line:0 Function: Type:Debug:
DateTime:2026-08-27 11:13:50.794:"开始组帧"                            File: Line:0 Function: Type:Debug:
DateTime:2026-08-27 11:13:50.794:"组帧结束"                            File: Line:0 Function: Type:Debug:
DateTime:2026-08-27 11:13:50.794:"367.2Send:数据转发(设置-CCO超时响应时间EB030312))：=>68 40 00 43 00 00 00 00 00 67 52 01 00 02 12 90 78 56 34 12 6B 8A E8 25 00 68 23 00 43 05 12 90 78 56 34 12 10 B8 F3 06 02 08 01 EB 03 03 12 09 09 11 11 11 11 00 00 00 08 32 00 BF 60 16 D4 16"                            File: Line:0 Function: Type:Debug:
DateTime:2026-08-27 11:13:50.794:"槽位2透传:68420142016840000000000022600000010002013C0068400043000000000067520100021290785634126B8AE82500682300430512907856341210B8F306020801EB030312090911111111000000083200BF6016D4166816"                            File: Line:0 Function: Type:Debug:
DateTime:2026-08-27 11:13:50.794:"工装发送：68 42 01 42 01 68 40 00 00 00 00 00 22 60 00 00 01 00 02 01 3C 00 68 40 00 43 00 00 00 00 00 67 52 01 00 02 12 90 78 56 34 12 6B 8A E8 25 00 68 23 00 43 05 12 90 78 56 34 12 10 B8 F3 06 02 08 01 EB 03 03 12 09 09 11 11 11 11 00 00 00 08 32 00 BF 60 16 D4 16 68 16"                            File: Line:0 Function: Type:Debug:
DateTime:2026-08-27 11:13:50.868:"工装接收：68 32 00 32 00 68 80 00 00 00 00 00 00 60 00 00 01 00 E1 16"                            File: Line:0 Function: Type:Debug:
DateTime:2026-08-27 11:13:50.869:"m_baRecvMsg:"                            File: Line:0 Function: Type:Debug:
DateTime:2026-08-27 11:13:50.869:"frameList.size():1"                            File: Line:0 Function: Type:Debug:
DateTime:2026-08-27 11:13:50.869:"进入报文解析"                            File: Line:0 Function: Type:Debug:
DateTime:2026-08-27 11:13:50.869:"68 32 00 32 00 68 80 00 00 00 00 00 00 60 00 00 01 00 E1 16"                            File: Line:0 Function: Type:Debug:
DateTime:2026-08-27 11:13:50.869:"解码完成，功能码: 1"                            File: Line:0 Function: Type:Debug:
DateTime:2026-08-27 11:13:50.869:"工装回复确认帧"                            File: Line:0 Function: Type:Debug:
DateTime:2026-08-27 11:13:50.999:"工装接收：68 0E 01 0E 01 68 80 00 00 00 00 00 22 60 00 00 01 00 02 34 00 68 34 00 80 00 00 00 00 00 67 52 01 00 02 12 90 78 56 34 12 1C 00 68 1A 00 C3 05 12 90 78 56 34 12 00 1A 5D 86 02 00 01 EB 03 03 12 00 00 00 0A CE 16 FF 16 E9 16"                            File: Line:0 Function: Type:Debug:
DateTime:2026-08-27 11:13:50.999:"m_baRecvMsg:"                            File: Line:0 Function: Type:Debug:
DateTime:2026-08-27 11:13:50.999:"frameList.size():1"                            File: Line:0 Function: Type:Debug:
DateTime:2026-08-27 11:13:50.999:"进入报文解析"                            File: Line:0 Function: Type:Debug:
DateTime:2026-08-27 11:13:50.999:"68 0E 01 0E 01 68 80 00 00 00 00 00 22 60 00 00 01 00 02 34 00 68 34 00 80 00 00 00 00 00 67 52 01 00 02 12 90 78 56 34 12 1C 00 68 1A 00 C3 05 12 90 78 56 34 12 00 1A 5D 86 02 00 01 EB 03 03 12 00 00 00 0A CE 16 FF 16 E9 16"                            File: Line:0 Function: Type:Debug:
DateTime:2026-08-27 11:13:50.999:"解码完成，功能码: 4"                            File: Line:0 Function: Type:Debug:
DateTime:2026-08-27 11:13:50.999:"工装接收到透传报文"                            File: Line:0 Function: Type:Debug:
DateTime:2026-08-27 11:13:50.999:"02340068340080000000000067520100021290785634121C00681A00C305129078563412001A5D86020001EB0303120000000ACE16FF16"                            File: Line:0 Function: Type:Debug:
DateTime:2026-08-27 11:13:50.999:"透传报文内容:68 34 00 80 00 00 00 00 00 67 52 01 00 02 12 90 78 56 34 12 1c 00 68 1a 00 c3 05 12 90 78 56 34 12 00 1a 5d 86 02 00 01 eb 03 03 12 00 00 00 0a ce 16 ff 16"                            File: Line:0 Function: Type:Debug:
DateTime:2026-08-27 11:13:53.819:"uTimeSecond_ms:30000"                            File: Line:0 Function: Type:Debug:
DateTime:2026-08-27 11:13:53.819:"查找结果: iret=0, wStart=0, dwOutLen=52, dwStreamLen=52, dwFindPos=0"                            File: Line:0 Function: Type:Debug:
DateTime:2026-08-27 11:13:53.819:"Receive:<= 68 34 00 80 00 00 00 00 00 67 52 01 00 02 12 90 78 56 34 12 1C 00 68 1A 00 C3 05 12 90 78 56 34 12 00 1A 5D 86 02 00 01 EB 03 03 12 00 00 00 0A CE 16 FF 16"                            File: Line:0 Function: Type:Debug:
DateTime:2026-08-27 11:13:53.819:"解析：功能码-AFN=52H,Fn=1："                            File: Line:0 Function: Type:Debug:
DateTime:2026-08-27 11:13:53.819:"透传回复内容：021290785634121C00681A00C305129078563412001A5D86020001EB0303120000000ACE16"                            File: Line:0 Function: Type:Debug:
DateTime:2026-08-27 11:13:53.819:"pInfoOut->user_data.data_val:01EB030312000000"                            File: Line:0 Function: Type:Debug:
DateTime:2026-08-27 11:13:53.819:"回复698报文，OMD为eb030312"                            File: Line:0 Function: Type:Debug:
DateTime:2026-08-27 11:13:53.819:"设置成功"                            File: Line:0 Function: Type:Debug:
DateTime:2026-08-27 11:13:53.819:dll输出信息: ""                            File: Line:0 Function: Type:Debug:
DateTime:2026-08-27 11:13:53.819:接口函数调用成功，返回的结果为 0                            File: Line:0 Function: Type:Debug:
DateTime:2026-08-27 11:13:53.819:"外部传入的para：0，返回的result：0,返回的pValRet：0"                            File: Line:0 Function: Type:Debug:
DateTime:2026-08-27 11:13:53.819:"执行接口函数CCO_AFN52_F1_EB030312_set_698完成"                            File: Line:0 Function: Type:Debug:
DateTime:2026-08-27 11:13:53.822:coorIndex 0                            File: Line:0 Function: Type:Debug:
DateTime:2026-08-27 11:13:53.822:当前流程结束                            File: Line:0 Function: Type:Debug:
DateTime:2026-08-27 11:13:53.822:退出connect函数                            File: Line:0 Function: Type:Debug:
DateTime:2026-08-27 11:13:53.822:"=========【Step117-数据转发--EB030312设置CCO响应超时时间(设置50)】结束=========="                            File: Line:0 Function: Type:Debug:
DateTime:2026-08-27 11:13:53.822:"-----------------------------"                            File: Line:0 Function: Type:Debug:
DateTime:2026-08-27 11:13:53.824:"=============执行【Step118-数据转发--EB030312读取CCO响应超时时间(回复50)】==================="                            File: Line:0 Function: Type:Debug:
DateTime:2026-08-27 11:13:53.824:"执行接口函数CCO_AFN52_F1_EB030312_read_698"                            File: Line:0 Function: Type:Debug:
DateTime:2026-08-27 11:13:53.825:callWorkFunction: CCO_AFN52_F1_EB030312_read_698                            File: Line:0 Function: Type:Debug:
DateTime:2026-08-27 11:13:53.825:找到对应函数，进入执行                            File: Line:0 Function: Type:Debug:
DateTime:2026-08-27 11:13:54.329:"等待工装回复超时"                            File: Line:0 Function: Type:Debug:
DateTime:2026-08-27 11:13:54.329:"开始组帧"                            File: Line:0 Function: Type:Debug:
DateTime:2026-08-27 11:13:54.329:"组帧结束"                            File: Line:0 Function: Type:Debug:
DateTime:2026-08-27 11:13:54.329:"367.2Send:数据转发(查询-超时时间(EB030312))：=>68 36 00 43 00 00 00 00 00 68 52 01 00 02 12 90 78 56 34 12 6B 8A E8 1B 00 68 19 00 43 05 12 90 78 56 34 12 10 FF 77 07 02 09 01 EB 03 03 12 00 00 1D AB 16 A7 16"                            File: Line:0 Function: Type:Debug:
DateTime:2026-08-27 11:13:54.329:"槽位2透传:681A011A016840000000000022600000010002013C0068360043000000000068520100021290785634126B8AE81B00681900430512907856341210FF7707020901EB03031200001DAB16A7160416"                            File: Line:0 Function: Type:Debug:
DateTime:2026-08-27 11:13:54.329:"工装发送：68 1A 01 1A 01 68 40 00 00 00 00 00 22 60 00 00 01 00 02 01 3C 00 68 36 00 43 00 00 00 00 00 68 52 01 00 02 12 90 78 56 34 12 6B 8A E8 1B 00 68 19 00 43 05 12 90 78 56 34 12 10 FF 77 07 02 09 01 EB 03 03 12 00 00 1D AB 16 A7 16 04 16"                            File: Line:0 Function: Type:Debug:
DateTime:2026-08-27 11:13:54.392:"工装接收：68 32 00 32 00 68 80 00 00 00 00 00 00 60 00 00 01 00 E1 16"                            File: Line:0 Function: Type:Debug:
DateTime:2026-08-27 11:13:54.392:"m_baRecvMsg:"                            File: Line:0 Function: Type:Debug:
DateTime:2026-08-27 11:13:54.392:"frameList.size():1"                            File: Line:0 Function: Type:Debug:
DateTime:2026-08-27 11:13:54.392:"进入报文解析"                            File: Line:0 Function: Type:Debug:
DateTime:2026-08-27 11:13:54.392:"68 32 00 32 00 68 80 00 00 00 00 00 00 60 00 00 01 00 E1 16"                            File: Line:0 Function: Type:Debug:
DateTime:2026-08-27 11:13:54.392:"解码完成，功能码: 1"                            File: Line:0 Function: Type:Debug:
DateTime:2026-08-27 11:13:54.392:"工装回复确认帧"                            File: Line:0 Function: Type:Debug:
DateTime:2026-08-27 11:13:54.466:"工装接收：68 1E 01 1E 01 68 80 00 00 00 00 00 22 60 00 00 01 00 02 38 00 68 38 00 80 00 00 00 00 00 68 52 01 00 02 12 90 78 56 34 12 20 00 68 1E 00 C3 05 12 90 78 56 34 12 00 4F 03 87 02 00 01 EB 03 03 12 00 01 09 01 32 00 00 39 08 16 8A 16 07 16"                            File: Line:0 Function: Type:Debug:
DateTime:2026-08-27 11:13:54.466:"m_baRecvMsg:"                            File: Line:0 Function: Type:Debug:
DateTime:2026-08-27 11:13:54.466:"frameList.size():1"                            File: Line:0 Function: Type:Debug:
DateTime:2026-08-27 11:13:54.466:"进入报文解析"                            File: Line:0 Function: Type:Debug:
DateTime:2026-08-27 11:13:54.466:"68 1E 01 1E 01 68 80 00 00 00 00 00 22 60 00 00 01 00 02 38 00 68 38 00 80 00 00 00 00 00 68 52 01 00 02 12 90 78 56 34 12 20 00 68 1E 00 C3 05 12 90 78 56 34 12 00 4F 03 87 02 00 01 EB 03 03 12 00 01 09 01 32 00 00 39 08 16 8A 16 07 16"                            File: Line:0 Function: Type:Debug:
DateTime:2026-08-27 11:13:54.466:"解码完成，功能码: 4"                            File: Line:0 Function: Type:Debug:
DateTime:2026-08-27 11:13:54.466:"工装接收到透传报文"                            File: Line:0 Function: Type:Debug:
DateTime:2026-08-27 11:13:54.466:"02380068380080000000000068520100021290785634122000681E00C305129078563412004F0387020001EB030312000109013200003908168A16"                            File: Line:0 Function: Type:Debug:
DateTime:2026-08-27 11:13:54.466:"透传报文内容:68 38 00 80 00 00 00 00 00 68 52 01 00 02 12 90 78 56 34 12 20 00 68 1e 00 c3 05 12 90 78 56 34 12 00 4f 03 87 02 00 01 eb 03 03 12 00 01 09 01 32 00 00 39 08 16 8a 16"                            File: Line:0 Function: Type:Debug:
DateTime:2026-08-27 11:13:57.387:"uTimeSecond_ms:30000"                            File: Line:0 Function: Type:Debug:
DateTime:2026-08-27 11:13:57.387:"查找结果: iret=0, wStart=0, dwOutLen=56, dwStreamLen=56, dwFindPos=0"                            File: Line:0 Function: Type:Debug:
DateTime:2026-08-27 11:13:57.387:"Receive:<= 68 38 00 80 00 00 00 00 00 68 52 01 00 02 12 90 78 56 34 12 20 00 68 1E 00 C3 05 12 90 78 56 34 12 00 4F 03 87 02 00 01 EB 03 03 12 00 01 09 01 32 00 00 39 08 16 8A 16"                            File: Line:0 Function: Type:Debug:
DateTime:2026-08-27 11:13:57.387:"解析：功能码-AFN=52H,Fn=1："                            File: Line:0 Function: Type:Debug:
DateTime:2026-08-27 11:13:57.387:"透传回复内容：021290785634122000681E00C305129078563412004F0387020001EB03031200010901320000390816"                            File: Line:0 Function: Type:Debug:
DateTime:2026-08-27 11:13:57.387:"pInfoOut->user_data.data_val:01EB03031200010901320000"                            File: Line:0 Function: Type:Debug:
DateTime:2026-08-27 11:13:57.387:"回复698报文，OMD为eb030312"                            File: Line:0 Function: Type:Debug:
DateTime:2026-08-27 11:13:57.387:QString::arg: Argument missing: "CCO响应超时时间为:" , 50                            File: Line:0 Function: Type:Warning:
DateTime:2026-08-27 11:13:57.387:"CCO响应超时时间为:"                            File: Line:0 Function: Type:Debug:
DateTime:2026-08-27 11:13:57.387:dll输出信息: ""                            File: Line:0 Function: Type:Debug:
DateTime:2026-08-27 11:13:57.387:接口函数调用成功，返回的结果为 0                            File: Line:0 Function: Type:Debug:
DateTime:2026-08-27 11:13:57.387:"外部传入的para：0，返回的result：0,返回的pValRet：0"                            File: Line:0 Function: Type:Debug:
DateTime:2026-08-27 11:13:57.387:"执行接口函数CCO_AFN52_F1_EB030312_read_698完成"                            File: Line:0 Function: Type:Debug:
DateTime:2026-08-27 11:13:57.390:coorIndex 0                            File: Line:0 Function: Type:Debug:
DateTime:2026-08-27 11:13:57.390:当前流程结束                            File: Line:0 Function: Type:Debug:
DateTime:2026-08-27 11:13:57.390:退出connect函数                            File: Line:0 Function: Type:Debug:
DateTime:2026-08-27 11:13:57.390:"=========【Step118-数据转发--EB030312读取CCO响应超时时间(回复50)】结束=========="                            File: Line:0 Function: Type:Debug:
DateTime:2026-08-27 11:13:57.390:"-----------------------------"                            File: Line:0 Function: Type:Debug:
DateTime:2026-08-27 11:13:57.392:"=============执行【Step119-数据转发--EB030312设置CCO响应超时时间(设置30)】==================="                            File: Line:0 Function: Type:Debug:
DateTime:2026-08-27 11:13:57.392:"执行接口函数CCO_AFN52_F1_EB030312_set_698"                            File: Line:0 Function: Type:Debug:
DateTime:2026-08-27 11:13:57.392:callWorkFunction: CCO_AFN52_F1_EB030312_set_698                            File: Line:0 Function: Type:Debug:
DateTime:2026-08-27 11:13:57.392:找到对应函数，进入执行                            File: Line:0 Function: Type:Debug:
DateTime:2026-08-27 11:13:57.895:"等待工装回复超时"                            File: Line:0 Function: Type:Debug:
DateTime:2026-08-27 11:13:57.895:"开始组帧"                            File: Line:0 Function: Type:Debug:
DateTime:2026-08-27 11:13:57.895:"组帧结束"                            File: Line:0 Function: Type:Debug:
DateTime:2026-08-27 11:13:57.895:"367.2Send:数据转发(设置-CCO超时响应时间EB030312))：=>68 40 00 43 00 00 00 00 00 69 52 01 00 02 12 90 78 56 34 12 6B 8A E8 25 00 68 23 00 43 05 12 90 78 56 34 12 10 B8 F3 06 02 0A 01 EB 03 03 12 09 09 11 11 11 11 00 00 00 08 1E 00 F3 13 16 AB 16"                            File: Line:0 Function: Type:Debug:
DateTime:2026-08-27 11:13:57.895:"槽位2透传:68420142016840000000000022600000010002013C0068400043000000000069520100021290785634126B8AE82500682300430512907856341210B8F306020A01EB030312090911111111000000081E00F31316AB161616"                            File: Line:0 Function: Type:Debug:
DateTime:2026-08-27 11:13:57.895:"工装发送：68 42 01 42 01 68 40 00 00 00 00 00 22 60 00 00 01 00 02 01 3C 00 68 40 00 43 00 00 00 00 00 69 52 01 00 02 12 90 78 56 34 12 6B 8A E8 25 00 68 23 00 43 05 12 90 78 56 34 12 10 B8 F3 06 02 0A 01 EB 03 03 12 09 09 11 11 11 11 00 00 00 08 1E 00 F3 13 16 AB 16 16 16"                            File: Line:0 Function: Type:Debug:
DateTime:2026-08-27 11:13:57.969:"工装接收：68 32 00 32 00 68 80 00 00 00 00 00 00 60 00 00 01 00 E1 16"                            File: Line:0 Function: Type:Debug:
DateTime:2026-08-27 11:13:57.970:"m_baRecvMsg:"                            File: Line:0 Function: Type:Debug:
DateTime:2026-08-27 11:13:57.970:"frameList.size():1"                            File: Line:0 Function: Type:Debug:
DateTime:2026-08-27 11:13:57.970:"进入报文解析"                            File: Line:0 Function: Type:Debug:
DateTime:2026-08-27 11:13:57.970:"68 32 00 32 00 68 80 00 00 00 00 00 00 60 00 00 01 00 E1 16"                            File: Line:0 Function: Type:Debug:
DateTime:2026-08-27 11:13:57.970:"解码完成，功能码: 1"                            File: Line:0 Function: Type:Debug:
DateTime:2026-08-27 11:13:57.970:"工装回复确认帧"                            File: Line:0 Function: Type:Debug:
DateTime:2026-08-27 11:13:58.099:"工装接收：68 0E 01 0E 01 68 80 00 00 00 00 00 22 60 00 00 01 00 02 34 00 68 34 00 80 00 00 00 00 00 69 52 01 00 02 12 90 78 56 34 12 1C 00 68 1A 00 C3 05 12 90 78 56 34 12 00 1A 5D 86 02 00 01 EB 03 03 12 00 00 00 0A CE 16 01 16 ED 16"                            File: Line:0 Function: Type:Debug:
DateTime:2026-08-27 11:13:58.099:"m_baRecvMsg:"                            File: Line:0 Function: Type:Debug:
DateTime:2026-08-27 11:13:58.099:"frameList.size():1"                            File: Line:0 Function: Type:Debug:
DateTime:2026-08-27 11:13:58.099:"进入报文解析"                            File: Line:0 Function: Type:Debug:
DateTime:2026-08-27 11:13:58.099:"68 0E 01 0E 01 68 80 00 00 00 00 00 22 60 00 00 01 00 02 34 00 68 34 00 80 00 00 00 00 00 69 52 01 00 02 12 90 78 56 34 12 1C 00 68 1A 00 C3 05 12 90 78 56 34 12 00 1A 5D 86 02 00 01 EB 03 03 12 00 00 00 0A CE 16 01 16 ED 16"                            File: Line:0 Function: Type:Debug:
DateTime:2026-08-27 11:13:58.099:"解码完成，功能码: 4"                            File: Line:0 Function: Type:Debug:
DateTime:2026-08-27 11:13:58.099:"工装接收到透传报文"                            File: Line:0 Function: Type:Debug:
DateTime:2026-08-27 11:13:58.099:"02340068340080000000000069520100021290785634121C00681A00C305129078563412001A5D86020001EB0303120000000ACE160116"                            File: Line:0 Function: Type:Debug:
DateTime:2026-08-27 11:13:58.099:"透传报文内容:68 34 00 80 00 00 00 00 00 69 52 01 00 02 12 90 78 56 34 12 1c 00 68 1a 00 c3 05 12 90 78 56 34 12 00 1a 5d 86 02 00 01 eb 03 03 12 00 00 00 0a ce 16 01 16"                            File: Line:0 Function: Type:Debug:
DateTime:2026-08-27 11:14:00.919:"uTimeSecond_ms:30000"                            File: Line:0 Function: Type:Debug:
DateTime:2026-08-27 11:14:00.919:"查找结果: iret=0, wStart=0, dwOutLen=52, dwStreamLen=52, dwFindPos=0"                            File: Line:0 Function: Type:Debug:
DateTime:2026-08-27 11:14:00.919:"Receive:<= 68 34 00 80 00 00 00 00 00 69 52 01 00 02 12 90 78 56 34 12 1C 00 68 1A 00 C3 05 12 90 78 56 34 12 00 1A 5D 86 02 00 01 EB 03 03 12 00 00 00 0A CE 16 01 16"                            File: Line:0 Function: Type:Debug:
DateTime:2026-08-27 11:14:00.919:"解析：功能码-AFN=52H,Fn=1："                            File: Line:0 Function: Type:Debug:
DateTime:2026-08-27 11:14:00.919:"透传回复内容：021290785634121C00681A00C305129078563412001A5D86020001EB0303120000000ACE16"                            File: Line:0 Function: Type:Debug:
DateTime:2026-08-27 11:14:00.919:"pInfoOut->user_data.data_val:01EB030312000000"                            File: Line:0 Function: Type:Debug:
DateTime:2026-08-27 11:14:00.919:"回复698报文，OMD为eb030312"                            File: Line:0 Function: Type:Debug:
DateTime:2026-08-27 11:14:00.919:"设置成功"                            File: Line:0 Function: Type:Debug:
DateTime:2026-08-27 11:14:00.919:dll输出信息: ""                            File: Line:0 Function: Type:Debug:
DateTime:2026-08-27 11:14:00.919:接口函数调用成功，返回的结果为 0                            File: Line:0 Function: Type:Debug:
DateTime:2026-08-27 11:14:00.919:"外部传入的para：0，返回的result：0,返回的pValRet：0"                            File: Line:0 Function: Type:Debug:
DateTime:2026-08-27 11:14:00.919:"执行接口函数CCO_AFN52_F1_EB030312_set_698完成"                            File: Line:0 Function: Type:Debug:
DateTime:2026-08-27 11:14:00.922:coorIndex 0                            File: Line:0 Function: Type:Debug:
DateTime:2026-08-27 11:14:00.922:当前流程结束                            File: Line:0 Function: Type:Debug:
DateTime:2026-08-27 11:14:00.922:退出connect函数                            File: Line:0 Function: Type:Debug:
DateTime:2026-08-27 11:14:00.922:"=========【Step119-数据转发--EB030312设置CCO响应超时时间(设置30)】结束=========="                            File: Line:0 Function: Type:Debug:
DateTime:2026-08-27 11:14:00.922:"-----------------------------"                            File: Line:0 Function: Type:Debug:
DateTime:2026-08-27 11:14:00.924:"=============执行【Step120-数据转发--EB030312读取CCO响应超时时间(默认30)】==================="                            File: Line:0 Function: Type:Debug:
DateTime:2026-08-27 11:14:00.925:"执行接口函数CCO_AFN52_F1_EB030312_read_698"                            File: Line:0 Function: Type:Debug:
DateTime:2026-08-27 11:14:00.925:callWorkFunction: CCO_AFN52_F1_EB030312_read_698                            File: Line:0 Function: Type:Debug:
DateTime:2026-08-27 11:14:00.925:找到对应函数，进入执行                            File: Line:0 Function: Type:Debug:
DateTime:2026-08-27 11:14:01.429:"等待工装回复超时"                            File: Line:0 Function: Type:Debug:
DateTime:2026-08-27 11:14:01.429:"开始组帧"                            File: Line:0 Function: Type:Debug:
DateTime:2026-08-27 11:14:01.429:"组帧结束"                            File: Line:0 Function: Type:Debug:
DateTime:2026-08-27 11:14:01.429:"367.2Send:数据转发(查询-超时时间(EB030312))：=>68 36 00 43 00 00 00 00 00 6A 52 01 00 02 12 90 78 56 34 12 6B 8A E8 1B 00 68 19 00 43 05 12 90 78 56 34 12 10 FF 77 07 02 0B 01 EB 03 03 12 00 00 72 A0 16 F5 16"                            File: Line:0 Function: Type:Debug:
DateTime:2026-08-27 11:14:01.429:"槽位2透传:681A011A016840000000000022600000010002013C006836004300000000006A520100021290785634126B8AE81B00681900430512907856341210FF7707020B01EB030312000072A016F516A016"                            File: Line:0 Function: Type:Debug:
DateTime:2026-08-27 11:14:01.429:"工装发送：68 1A 01 1A 01 68 40 00 00 00 00 00 22 60 00 00 01 00 02 01 3C 00 68 36 00 43 00 00 00 00 00 6A 52 01 00 02 12 90 78 56 34 12 6B 8A E8 1B 00 68 19 00 43 05 12 90 78 56 34 12 10 FF 77 07 02 0B 01 EB 03 03 12 00 00 72 A0 16 F5 16 A0 16"                            File: Line:0 Function: Type:Debug:
DateTime:2026-08-27 11:14:01.492:"工装接收：68 32 00 32 00 68 80 00 00 00 00 00 00 60 00 00 01 00 E1 16"                            File: Line:0 Function: Type:Debug:
DateTime:2026-08-27 11:14:01.492:"m_baRecvMsg:"                            File: Line:0 Function: Type:Debug:
DateTime:2026-08-27 11:14:01.492:"frameList.size():1"                            File: Line:0 Function: Type:Debug:
DateTime:2026-08-27 11:14:01.492:"进入报文解析"                            File: Line:0 Function: Type:Debug:
DateTime:2026-08-27 11:14:01.492:"68 32 00 32 00 68 80 00 00 00 00 00 00 60 00 00 01 00 E1 16"                            File: Line:0 Function: Type:Debug:
DateTime:2026-08-27 11:14:01.492:"解码完成，功能码: 1"                            File: Line:0 Function: Type:Debug:
DateTime:2026-08-27 11:14:01.492:"工装回复确认帧"                            File: Line:0 Function: Type:Debug:
DateTime:2026-08-27 11:14:01.565:"工装接收：68 1E 01 1E 01 68 80 00 00 00 00 00 22 60 00 00 01 00 02 38 00 68 38 00 80 00 00 00 00 00 6A 52 01 00 02 12 90 78 56 34 12 20 00 68 1E 00 C3 05 12 90 78 56 34 12 00 4F 03 87 02 00 01 EB 03 03 12 00 01 09 01 1E 00 00 A1 AE 16 86 16 FF 16"                            File: Line:0 Function: Type:Debug:
DateTime:2026-08-27 11:14:01.565:"m_baRecvMsg:"                            File: Line:0 Function: Type:Debug:
DateTime:2026-08-27 11:14:01.565:"frameList.size():1"                            File: Line:0 Function: Type:Debug:
DateTime:2026-08-27 11:14:01.565:"进入报文解析"                            File: Line:0 Function: Type:Debug:
DateTime:2026-08-27 11:14:01.565:"68 1E 01 1E 01 68 80 00 00 00 00 00 22 60 00 00 01 00 02 38 00 68 38 00 80 00 00 00 00 00 6A 52 01 00 02 12 90 78 56 34 12 20 00 68 1E 00 C3 05 12 90 78 56 34 12 00 4F 03 87 02 00 01 EB 03 03 12 00 01 09 01 1E 00 00 A1 AE 16 86 16 FF 16"                            File: Line:0 Function: Type:Debug:
DateTime:2026-08-27 11:14:01.565:"解码完成，功能码: 4"                            File: Line:0 Function: Type:Debug:
DateTime:2026-08-27 11:14:01.565:"工装接收到透传报文"                            File: Line:0 Function: Type:Debug:
DateTime:2026-08-27 11:14:01.566:"0238006838008000000000006A520100021290785634122000681E00C305129078563412004F0387020001EB030312000109011E0000A1AE168616"                            File: Line:0 Function: Type:Debug:
DateTime:2026-08-27 11:14:01.566:"透传报文内容:68 38 00 80 00 00 00 00 00 6a 52 01 00 02 12 90 78 56 34 12 20 00 68 1e 00 c3 05 12 90 78 56 34 12 00 4f 03 87 02 00 01 eb 03 03 12 00 01 09 01 1e 00 00 a1 ae 16 86 16"                            File: Line:0 Function: Type:Debug:
DateTime:2026-08-27 11:14:04.487:"uTimeSecond_ms:30000"                            File: Line:0 Function: Type:Debug:
DateTime:2026-08-27 11:14:04.487:"查找结果: iret=0, wStart=0, dwOutLen=56, dwStreamLen=56, dwFindPos=0"                            File: Line:0 Function: Type:Debug:
DateTime:2026-08-27 11:14:04.487:"Receive:<= 68 38 00 80 00 00 00 00 00 6A 52 01 00 02 12 90 78 56 34 12 20 00 68 1E 00 C3 05 12 90 78 56 34 12 00 4F 03 87 02 00 01 EB 03 03 12 00 01 09 01 1E 00 00 A1 AE 16 86 16"                            File: Line:0 Function: Type:Debug:
DateTime:2026-08-27 11:14:04.487:"解析：功能码-AFN=52H,Fn=1："                            File: Line:0 Function: Type:Debug:
DateTime:2026-08-27 11:14:04.487:"透传回复内容：021290785634122000681E00C305129078563412004F0387020001EB030312000109011E0000A1AE16"                            File: Line:0 Function: Type:Debug:
DateTime:2026-08-27 11:14:04.487:"pInfoOut->user_data.data_val:01EB030312000109011E0000"                            File: Line:0 Function: Type:Debug:
DateTime:2026-08-27 11:14:04.487:"回复698报文，OMD为eb030312"                            File: Line:0 Function: Type:Debug:
DateTime:2026-08-27 11:14:04.487:QString::arg: Argument missing: "CCO响应超时时间为:" , 30                            File: Line:0 Function: Type:Warning:
DateTime:2026-08-27 11:14:04.487:"CCO响应超时时间为:"                            File: Line:0 Function: Type:Debug:
DateTime:2026-08-27 11:14:04.487:dll输出信息: ""                            File: Line:0 Function: Type:Debug:
DateTime:2026-08-27 11:14:04.487:接口函数调用成功，返回的结果为 0                            File: Line:0 Function: Type:Debug:
DateTime:2026-08-27 11:14:04.487:"外部传入的para：0，返回的result：0,返回的pValRet：0"                            File: Line:0 Function: Type:Debug:
DateTime:2026-08-27 11:14:04.487:"执行接口函数CCO_AFN52_F1_EB030312_read_698完成"                            File: Line:0 Function: Type:Debug:
DateTime:2026-08-27 11:14:04.490:coorIndex 0                            File: Line:0 Function: Type:Debug:
DateTime:2026-08-27 11:14:04.490:当前流程结束                            File: Line:0 Function: Type:Debug:
DateTime:2026-08-27 11:14:04.490:退出connect函数                            File: Line:0 Function: Type:Debug:
DateTime:2026-08-27 11:14:04.490:"=========【Step120-数据转发--EB030312读取CCO响应超时时间(默认30)】结束=========="                            File: Line:0 Function: Type:Debug:
DateTime:2026-08-27 11:14:04.491:"-----------------------------"                            File: Line:0 Function: Type:Debug:
DateTime:2026-08-27 11:14:04.492:"=============执行【Step121-数据转发--EB55XXXX367.2功能映射】==================="                            File: Line:0 Function: Type:Debug:
DateTime:2026-08-27 11:14:04.492:"执行接口函数CCO_AFN52_F1_EB55XXXX_698"                            File: Line:0 Function: Type:Debug:
DateTime:2026-08-27 11:14:04.492:callWorkFunction: CCO_AFN52_F1_EB55XXXX_698                            File: Line:0 Function: Type:Debug:
DateTime:2026-08-27 11:14:04.492:找到对应函数，进入执行                            File: Line:0 Function: Type:Debug:
DateTime:2026-08-27 11:14:04.492:"sDI:EB550301"                            File: Line:0 Function: Type:Debug:
DateTime:2026-08-27 11:14:04.492:"组织映射数据域"                            File: Line:0 Function: Type:Debug:
DateTime:2026-08-27 11:14:04.492:"映射数据域组织完成"                            File: Line:0 Function: Type:Debug:
DateTime:2026-08-27 11:14:04.995:"等待工装回复超时"                            File: Line:0 Function: Type:Debug:
DateTime:2026-08-27 11:14:04.995:"开始组帧"                            File: Line:0 Function: Type:Debug:
DateTime:2026-08-27 11:14:04.995:"组帧结束"                            File: Line:0 Function: Type:Debug:
DateTime:2026-08-27 11:14:04.995:"367.2Send:数据转发(376.2功能映射--DI1:3-DI0:1-EB550301)：=>68 36 00 43 00 00 00 00 00 6B 52 01 00 02 12 90 78 56 34 12 6B 8A E8 1B 00 68 19 00 43 05 12 90 78 56 34 12 10 FF 77 07 02 0C 01 EB 55 03 01 00 00 77 18 16 B5 16"                            File: Line:0 Function: Type:Debug:
DateTime:2026-08-27 11:14:04.995:"槽位2透传:681A011A016840000000000022600000010002013C006836004300000000006B520100021290785634126B8AE81B00681900430512907856341210FF7707020C01EB5503010000771816B5162016"                            File: Line:0 Function: Type:Debug:
DateTime:2026-08-27 11:14:04.995:"工装发送：68 1A 01 1A 01 68 40 00 00 00 00 00 22 60 00 00 01 00 02 01 3C 00 68 36 00 43 00 00 00 00 00 6B 52 01 00 02 12 90 78 56 34 12 6B 8A E8 1B 00 68 19 00 43 05 12 90 78 56 34 12 10 FF 77 07 02 0C 01 EB 55 03 01 00 00 77 18 16 B5 16 20 16"                            File: Line:0 Function: Type:Debug:
DateTime:2026-08-27 11:14:05.058:"工装接收：68 32 00 32 00 68 80 00 00 00 00 00 00 60 00 00 01 00 E1 16"                            File: Line:0 Function: Type:Debug:
DateTime:2026-08-27 11:14:05.058:"m_baRecvMsg:"                            File: Line:0 Function: Type:Debug:
DateTime:2026-08-27 11:14:05.058:"frameList.size():1"                            File: Line:0 Function: Type:Debug:
DateTime:2026-08-27 11:14:05.058:"进入报文解析"                            File: Line:0 Function: Type:Debug:
DateTime:2026-08-27 11:14:05.058:"68 32 00 32 00 68 80 00 00 00 00 00 00 60 00 00 01 00 E1 16"                            File: Line:0 Function: Type:Debug:
DateTime:2026-08-27 11:14:05.058:"解码完成，功能码: 1"                            File: Line:0 Function: Type:Debug:
DateTime:2026-08-27 11:14:05.058:"工装回复确认帧"                            File: Line:0 Function: Type:Debug:
DateTime:2026-08-27 11:14:05.141:"工装接收：68 3E 01 3E 01 68 80 00 00 00 00 00 22 60 00 00 01 00 02 40 00 68 40 00 80 00 00 00 00 00 6B 52 01 00 02 12 90 78 56 34 12 28 00 68 26 00 C3 05 12 90 78 56 34 12 00 2A 2C 87 02 00 01 EB 55 03 01 00 01 09 09 58 53 34 30 05 08 26 01 40 00 00 19 9E 16 B1 16 65 16"                            File: Line:0 Function: Type:Debug:
DateTime:2026-08-27 11:14:05.141:"m_baRecvMsg:"                            File: Line:0 Function: Type:Debug:
DateTime:2026-08-27 11:14:05.141:"frameList.size():1"                            File: Line:0 Function: Type:Debug:
DateTime:2026-08-27 11:14:05.141:"进入报文解析"                            File: Line:0 Function: Type:Debug:
DateTime:2026-08-27 11:14:05.141:"68 3E 01 3E 01 68 80 00 00 00 00 00 22 60 00 00 01 00 02 40 00 68 40 00 80 00 00 00 00 00 6B 52 01 00 02 12 90 78 56 34 12 28 00 68 26 00 C3 05 12 90 78 56 34 12 00 2A 2C 87 02 00 01 EB 55 03 01 00 01 09 09 58 53 34 30 05 08 26 01 40 00 00 19 9E 16 B1 16 65 16"                            File: Line:0 Function: Type:Debug:
DateTime:2026-08-27 11:14:05.141:"解码完成，功能码: 4"                            File: Line:0 Function: Type:Debug:
DateTime:2026-08-27 11:14:05.141:"工装接收到透传报文"                            File: Line:0 Function: Type:Debug:
DateTime:2026-08-27 11:14:05.141:"0240006840008000000000006B520100021290785634122800682600C305129078563412002A2C87020001EB550301000109095853343005082601400000199E16B116"                            File: Line:0 Function: Type:Debug:
DateTime:2026-08-27 11:14:05.141:"透传报文内容:68 40 00 80 00 00 00 00 00 6b 52 01 00 02 12 90 78 56 34 12 28 00 68 26 00 c3 05 12 90 78 56 34 12 00 2a 2c 87 02 00 01 eb 55 03 01 00 01 09 09 58 53 34 30 05 08 26 01 40 00 00 19 9e 16 b1 16"                            File: Line:0 Function: Type:Debug:
DateTime:2026-08-27 11:14:08.062:"uTimeSecond_ms:30000"                            File: Line:0 Function: Type:Debug:
DateTime:2026-08-27 11:14:08.062:"查找结果: iret=0, wStart=0, dwOutLen=64, dwStreamLen=64, dwFindPos=0"                            File: Line:0 Function: Type:Debug:
DateTime:2026-08-27 11:14:08.062:"Receive:<= 68 40 00 80 00 00 00 00 00 6B 52 01 00 02 12 90 78 56 34 12 28 00 68 26 00 C3 05 12 90 78 56 34 12 00 2A 2C 87 02 00 01 EB 55 03 01 00 01 09 09 58 53 34 30 05 08 26 01 40 00 00 19 9E 16 B1 16"                            File: Line:0 Function: Type:Debug:
DateTime:2026-08-27 11:14:08.062:"解析：功能码-AFN=52H,Fn=1："                            File: Line:0 Function: Type:Debug:
DateTime:2026-08-27 11:14:08.074:"透传回复内容：021290785634122800682600C305129078563412002A2C87020001EB550301000109095853343005082601400000199E16"                            File: Line:0 Function: Type:Debug:
DateTime:2026-08-27 11:14:08.074:"698数据域报文：01EB550301000109095853343005082601400000"                            File: Line:0 Function: Type:Debug:
DateTime:2026-08-27 11:14:08.074:"回复698报文，OMD为EB550301"                            File: Line:0 Function: Type:Debug:
DateTime:2026-08-27 11:14:08.074:"解析返回的映射数据报文"                            File: Line:0 Function: Type:Debug:
DateTime:2026-08-27 11:14:08.075:"映射数据标识EB550301"                            File: Line:0 Function: Type:Debug:
DateTime:2026-08-27 11:14:08.075:"厂商代码：SX，芯片代码：04，版本日期：260805，版本：4001"                            File: Line:0 Function: Type:Debug:
DateTime:2026-08-27 11:14:08.176:dll输出信息: ""                            File: Line:0 Function: Type:Debug:
DateTime:2026-08-27 11:14:08.176:接口函数调用成功，返回的结果为 0                            File: Line:0 Function: Type:Debug:
DateTime:2026-08-27 11:14:08.176:"外部传入的para：0，返回的result：0,返回的pValRet：0"                            File: Line:0 Function: Type:Debug:
DateTime:2026-08-27 11:14:08.176:"执行接口函数CCO_AFN52_F1_EB55XXXX_698完成"                            File: Line:0 Function: Type:Debug:
DateTime:2026-08-27 11:14:08.179:coorIndex 0                            File: Line:0 Function: Type:Debug:
DateTime:2026-08-27 11:14:08.179:当前流程结束                            File: Line:0 Function: Type:Debug:
DateTime:2026-08-27 11:14:08.179:退出connect函数                            File: Line:0 Function: Type:Debug:
DateTime:2026-08-27 11:14:08.179:"=========【Step121-数据转发--EB55XXXX367.2功能映射】结束=========="                            File: Line:0 Function: Type:Debug:
DateTime:2026-08-27 11:14:08.179:"-----------------------------"                            File: Line:0 Function: Type:Debug:
DateTime:2026-08-27 11:14:08.181:"=============执行【测试结束EB031101清空从节点档案】==================="                            File: Line:0 Function: Type:Debug:
DateTime:2026-08-27 11:14:08.182:"执行接口函数CCO_AFN52_F1_EB031101_set"                            File: Line:0 Function: Type:Debug:
DateTime:2026-08-27 11:14:08.182:callWorkFunction: CCO_AFN52_F1_EB031101_set                            File: Line:0 Function: Type:Debug:
DateTime:2026-08-27 11:14:08.182:找到对应函数，进入执行                            File: Line:0 Function: Type:Debug:
DateTime:2026-08-27 11:14:08.686:"等待工装回复超时"                            File: Line:0 Function: Type:Debug:
DateTime:2026-08-27 11:14:08.686:"开始组帧"                            File: Line:0 Function: Type:Debug:
DateTime:2026-08-27 11:14:08.686:"组帧结束"                            File: Line:0 Function: Type:Debug:
DateTime:2026-08-27 11:14:08.686:"367.2Send:数据转发(设置-从节点档案清单管理-删除表,EB031101)：=>68 59 00 43 00 00 00 00 00 6C 52 01 00 02 12 90 78 56 34 12 6B 8A E8 3E 00 68 12 90 78 56 34 12 68 14 32 34 44 36 1E 3B 33 33 33 44 44 44 44 33 39 36 34 43 33 49 4C 37 34 43 33 49 4C 38 34 43 33 49 4C 39 34 43 33 49 4C 3A 34 43 33 49 4C 3B 34 43 33 49 4C B5 16 55 16"                            File: Line:0 Function: Type:Debug:
DateTime:2026-08-27 11:14:08.686:"槽位2透传:68A601A6016840000000000022600000010002013C006859004300000000006C520100021290785634126B8AE83E00681290785634126814323444361E3B33333344444444333936344333494C37344333494C38344333494C39344333494C3A344333494C3B344333494CB51655168316"                            File: Line:0 Function: Type:Debug:
DateTime:2026-08-27 11:14:08.686:"工装发送：68 A6 01 A6 01 68 40 00 00 00 00 00 22 60 00 00 01 00 02 01 3C 00 68 59 00 43 00 00 00 00 00 6C 52 01 00 02 12 90 78 56 34 12 6B 8A E8 3E 00 68 12 90 78 56 34 12 68 14 32 34 44 36 1E 3B 33 33 33 44 44 44 44 33 39 36 34 43 33 49 4C 37 34 43 33 49 4C 38 34 43 33 49 4C 39 34 43 33 49 4C 3A 34 43 33 49 4C 3B 34 43 33 49 4C B5 16 55 16 83 16"                            File: Line:0 Function: Type:Debug:
DateTime:2026-08-27 11:14:08.789:"工装接收：68 32 00 32 00 68 80 00 00 00 00 00 00 60 00 00 01 00 E1 16"                            File: Line:0 Function: Type:Debug:
DateTime:2026-08-27 11:14:08.789:"m_baRecvMsg:"                            File: Line:0 Function: Type:Debug:
DateTime:2026-08-27 11:14:08.789:"frameList.size():1"                            File: Line:0 Function: Type:Debug:
DateTime:2026-08-27 11:14:08.789:"进入报文解析"                            File: Line:0 Function: Type:Debug:
DateTime:2026-08-27 11:14:08.789:"68 32 00 32 00 68 80 00 00 00 00 00 00 60 00 00 01 00 E1 16"                            File: Line:0 Function: Type:Debug:
DateTime:2026-08-27 11:14:08.789:"解码完成，功能码: 1"                            File: Line:0 Function: Type:Debug:
DateTime:2026-08-27 11:14:08.789:"工装回复确认帧"                            File: Line:0 Function: Type:Debug:
DateTime:2026-08-27 11:14:08.844:"工装接收：68 CE 00 CE 00 68 80 00 00 00 00 00 22 60 00 00 01 00 02 24 00 68 24 00 80 00 00 00 00 00 6C 52 01 00 02 12 90 78 56 34 12 0C 00 68 12 90 78 56 34 12 68 94 00 1A 16 4D 16 65 16"                            File: Line:0 Function: Type:Debug:
DateTime:2026-08-27 11:14:08.844:"m_baRecvMsg:"                            File: Line:0 Function: Type:Debug:
DateTime:2026-08-27 11:14:08.844:"frameList.size():1"                            File: Line:0 Function: Type:Debug:
DateTime:2026-08-27 11:14:08.844:"进入报文解析"                            File: Line:0 Function: Type:Debug:
DateTime:2026-08-27 11:14:08.844:"68 CE 00 CE 00 68 80 00 00 00 00 00 22 60 00 00 01 00 02 24 00 68 24 00 80 00 00 00 00 00 6C 52 01 00 02 12 90 78 56 34 12 0C 00 68 12 90 78 56 34 12 68 94 00 1A 16 4D 16 65 16"                            File: Line:0 Function: Type:Debug:
DateTime:2026-08-27 11:14:08.844:"解码完成，功能码: 4"                            File: Line:0 Function: Type:Debug:
DateTime:2026-08-27 11:14:08.844:"工装接收到透传报文"                            File: Line:0 Function: Type:Debug:
DateTime:2026-08-27 11:14:08.844:"0224006824008000000000006C520100021290785634120C00681290785634126894001A164D16"                            File: Line:0 Function: Type:Debug:
DateTime:2026-08-27 11:14:08.844:"透传报文内容:68 24 00 80 00 00 00 00 00 6c 52 01 00 02 12 90 78 56 34 12 0c 00 68 12 90 78 56 34 12 68 94 00 1a 16 4d 16"                            File: Line:0 Function: Type:Debug:
DateTime:2026-08-27 11:14:11.765:"uTimeSecond_ms:30000"                            File: Line:0 Function: Type:Debug:
DateTime:2026-08-27 11:14:11.765:"查找结果: iret=0, wStart=0, dwOutLen=36, dwStreamLen=36, dwFindPos=0"                            File: Line:0 Function: Type:Debug:
DateTime:2026-08-27 11:14:11.765:"Receive:<= 68 24 00 80 00 00 00 00 00 6C 52 01 00 02 12 90 78 56 34 12 0C 00 68 12 90 78 56 34 12 68 94 00 1A 16 4D 16"                            File: Line:0 Function: Type:Debug:
DateTime:2026-08-27 11:14:11.765:"解析：功能码-AFN=52H,Fn=1："                            File: Line:0 Function: Type:Debug:
DateTime:2026-08-27 11:14:11.765:"透传回复内容：021290785634120C00681290785634126894001A16"                            File: Line:0 Function: Type:Debug:
DateTime:2026-08-27 11:14:11.765:"设置成功,成功数量：6"                            File: Line:0 Function: Type:Debug:
DateTime:2026-08-27 11:14:11.786:"删除表总数量：6 全部成功 "                            File: Line:0 Function: Type:Debug:
DateTime:2026-08-27 11:14:11.786:dll输出信息: ""                            File: Line:0 Function: Type:Debug:
DateTime:2026-08-27 11:14:11.786:接口函数调用成功，返回的结果为 0                            File: Line:0 Function: Type:Debug:
DateTime:2026-08-27 11:14:11.786:"外部传入的para：0，返回的result：0,返回的pValRet：0"                            File: Line:0 Function: Type:Debug:
DateTime:2026-08-27 11:14:11.786:"执行接口函数CCO_AFN52_F1_EB031101_set完成"                            File: Line:0 Function: Type:Debug:
DateTime:2026-08-27 11:14:11.788:coorIndex 0                            File: Line:0 Function: Type:Debug:
DateTime:2026-08-27 11:14:11.788:当前流程结束                            File: Line:0 Function: Type:Debug:
DateTime:2026-08-27 11:14:11.788:退出connect函数                            File: Line:0 Function: Type:Debug:
DateTime:2026-08-27 11:14:11.788:"=========【测试结束EB031101清空从节点档案】结束=========="                            File: Line:0 Function: Type:Debug:
DateTime:2026-08-27 11:14:11.788:"-----------------------------"                            File: Line:0 Function: Type:Debug:
DateTime:2026-08-27 11:14:11.790:"=============执行【测试槽位透传关闭】==================="                            File: Line:0 Function: Type:Debug:
DateTime:2026-08-27 11:14:11.790:"执行接口函数SimuCorn_close_transport"                            File: Line:0 Function: Type:Debug:
DateTime:2026-08-27 11:14:11.790:callWorkFunction: SimuCorn_close_transport                            File: Line:0 Function: Type:Debug:
DateTime:2026-08-27 11:14:11.790:找到对应函数，进入执行                            File: Line:0 Function: Type:Debug:
DateTime:2026-08-27 11:14:11.790:"工装发送：68 42 00 42 00 68 40 00 00 00 00 00 22 60 00 00 01 00 02 00 3C 00 01 16"                            File: Line:0 Function: Type:Debug:
DateTime:2026-08-27 11:14:11.791:"工装接收：68 32 00 32 00 68 80 00 00 00 00 00 00 60 00 00 01 00 E1 16"                            File: Line:0 Function: Type:Debug:
DateTime:2026-08-27 11:14:11.791:"m_baRecvMsg:"                            File: Line:0 Function: Type:Debug:
DateTime:2026-08-27 11:14:11.791:"frameList.size():1"                            File: Line:0 Function: Type:Debug:
DateTime:2026-08-27 11:14:11.791:"进入报文解析"                            File: Line:0 Function: Type:Debug:
DateTime:2026-08-27 11:14:11.791:"68 32 00 32 00 68 80 00 00 00 00 00 00 60 00 00 01 00 E1 16"                            File: Line:0 Function: Type:Debug:
DateTime:2026-08-27 11:14:11.791:"解码完成，功能码: 1"                            File: Line:0 Function: Type:Debug:
DateTime:2026-08-27 11:14:11.791:"工装回复确认帧"                            File: Line:0 Function: Type:Debug:
DateTime:2026-08-27 11:14:11.791:"全部槽位关闭透传成功"                            File: Line:0 Function: Type:Debug:
DateTime:2026-08-27 11:14:11.892:dll输出信息: ""                            File: Line:0 Function: Type:Debug:
DateTime:2026-08-27 11:14:11.892:接口函数调用成功，返回的结果为 0                            File: Line:0 Function: Type:Debug:
DateTime:2026-08-27 11:14:11.892:"外部传入的para：0，返回的result：0,返回的pValRet：0"                            File: Line:0 Function: Type:Debug:
DateTime:2026-08-27 11:14:11.892:"执行接口函数SimuCorn_close_transport完成"                            File: Line:0 Function: Type:Debug:
DateTime:2026-08-27 11:14:11.894:coorIndex 0                            File: Line:0 Function: Type:Debug:
DateTime:2026-08-27 11:14:11.894:当前流程结束                            File: Line:0 Function: Type:Debug:
DateTime:2026-08-27 11:14:11.894:退出connect函数                            File: Line:0 Function: Type:Debug:
DateTime:2026-08-27 11:14:11.894:"=========【测试槽位透传关闭】结束=========="                            File: Line:0 Function: Type:Debug:
DateTime:2026-08-27 11:14:11.894:"-----------------------------"                            File: Line:0 Function: Type:Debug:
DateTime:2026-08-27 11:14:11.896:"=============执行【测试槽位下电】==================="                            File: Line:0 Function: Type:Debug:
DateTime:2026-08-27 11:14:11.896:"执行接口函数SimuCorn_power_off"                            File: Line:0 Function: Type:Debug:
DateTime:2026-08-27 11:14:11.896:callWorkFunction: SimuCorn_power_off                            File: Line:0 Function: Type:Debug:
DateTime:2026-08-27 11:14:11.896:找到对应函数，进入执行                            File: Line:0 Function: Type:Debug:
DateTime:2026-08-27 11:14:11.896:"工装发送：68 3E 00 3E 00 68 40 00 00 00 00 00 21 60 00 00 02 00 01 02 00 C6 16"                            File: Line:0 Function: Type:Debug:
DateTime:2026-08-27 11:14:11.897:"工装接收：68 32 00 32 00 68 80 00 00 00 00 00 00 60 00 00 01 00 E1 16"                            File: Line:0 Function: Type:Debug:
DateTime:2026-08-27 11:14:11.897:"m_baRecvMsg:"                            File: Line:0 Function: Type:Debug:
DateTime:2026-08-27 11:14:11.897:"frameList.size():1"                            File: Line:0 Function: Type:Debug:
DateTime:2026-08-27 11:14:11.897:"进入报文解析"                            File: Line:0 Function: Type:Debug:
DateTime:2026-08-27 11:14:11.897:"68 32 00 32 00 68 80 00 00 00 00 00 00 60 00 00 01 00 E1 16"                            File: Line:0 Function: Type:Debug:
DateTime:2026-08-27 11:14:11.897:"解码完成，功能码: 1"                            File: Line:0 Function: Type:Debug:
DateTime:2026-08-27 11:14:11.897:"工装回复确认帧"                            File: Line:0 Function: Type:Debug:
DateTime:2026-08-27 11:14:11.897:"工装发送：68 3E 00 3E 00 68 40 00 00 00 00 00 21 60 00 00 02 00 02 02 00 C7 16"                            File: Line:0 Function: Type:Debug:
DateTime:2026-08-27 11:14:11.898:"工装接收：68 32 00 32 00 68 80 00 00 00 00 00 00 60 00 00 01 00 E1 16"                            File: Line:0 Function: Type:Debug:
DateTime:2026-08-27 11:14:11.898:"m_baRecvMsg:"                            File: Line:0 Function: Type:Debug:
DateTime:2026-08-27 11:14:11.898:"frameList.size():1"                            File: Line:0 Function: Type:Debug:
DateTime:2026-08-27 11:14:11.898:"进入报文解析"                            File: Line:0 Function: Type:Debug:
DateTime:2026-08-27 11:14:11.898:"68 32 00 32 00 68 80 00 00 00 00 00 00 60 00 00 01 00 E1 16"                            File: Line:0 Function: Type:Debug:
DateTime:2026-08-27 11:14:11.898:"解码完成，功能码: 1"                            File: Line:0 Function: Type:Debug:
DateTime:2026-08-27 11:14:11.898:"工装回复确认帧"                            File: Line:0 Function: Type:Debug:
DateTime:2026-08-27 11:14:11.898:"工装发送：68 3E 00 3E 00 68 40 00 00 00 00 00 21 60 00 00 02 00 03 02 00 C8 16"                            File: Line:0 Function: Type:Debug:
DateTime:2026-08-27 11:14:11.898:"工装接收：68 32 00 32 00 68 80 00 00 00 00 00 00 60 00 00 01 00 E1 16"                            File: Line:0 Function: Type:Debug:
DateTime:2026-08-27 11:14:11.898:"m_baRecvMsg:"                            File: Line:0 Function: Type:Debug:
DateTime:2026-08-27 11:14:11.898:"frameList.size():1"                            File: Line:0 Function: Type:Debug:
DateTime:2026-08-27 11:14:11.898:"进入报文解析"                            File: Line:0 Function: Type:Debug:
DateTime:2026-08-27 11:14:11.898:"68 32 00 32 00 68 80 00 00 00 00 00 00 60 00 00 01 00 E1 16"                            File: Line:0 Function: Type:Debug:
DateTime:2026-08-27 11:14:11.898:"解码完成，功能码: 1"                            File: Line:0 Function: Type:Debug:
DateTime:2026-08-27 11:14:11.898:"工装回复确认帧"                            File: Line:0 Function: Type:Debug:
DateTime:2026-08-27 11:14:11.898:"工装发送：68 3E 00 3E 00 68 40 00 00 00 00 00 21 60 00 00 02 00 04 02 00 C9 16"                            File: Line:0 Function: Type:Debug:
DateTime:2026-08-27 11:14:11.899:"工装接收：68 32 00 32 00 68 80 00 00 00 00 00 00 60 00 00 01 00 E1 16"                            File: Line:0 Function: Type:Debug:
DateTime:2026-08-27 11:14:11.899:"m_baRecvMsg:"                            File: Line:0 Function: Type:Debug:
DateTime:2026-08-27 11:14:11.899:"frameList.size():1"                            File: Line:0 Function: Type:Debug:
DateTime:2026-08-27 11:14:11.899:"进入报文解析"                            File: Line:0 Function: Type:Debug:
DateTime:2026-08-27 11:14:11.899:"68 32 00 32 00 68 80 00 00 00 00 00 00 60 00 00 01 00 E1 16"                            File: Line:0 Function: Type:Debug:
DateTime:2026-08-27 11:14:11.899:"解码完成，功能码: 1"                            File: Line:0 Function: Type:Debug:
DateTime:2026-08-27 11:14:11.899:"工装回复确认帧"                            File: Line:0 Function: Type:Debug:
DateTime:2026-08-27 11:14:11.899:"工装发送：68 3E 00 3E 00 68 40 00 00 00 00 00 21 60 00 00 02 00 05 02 00 CA 16"                            File: Line:0 Function: Type:Debug:
DateTime:2026-08-27 11:14:11.900:"工装接收：68 32 00 32 00 68 80 00 00 00 00 00 00 60 00 00 01 00 E1 16"                            File: Line:0 Function: Type:Debug:
DateTime:2026-08-27 11:14:11.900:"m_baRecvMsg:"                            File: Line:0 Function: Type:Debug:
DateTime:2026-08-27 11:14:11.900:"frameList.size():1"                            File: Line:0 Function: Type:Debug:
DateTime:2026-08-27 11:14:11.900:"进入报文解析"                            File: Line:0 Function: Type:Debug:
DateTime:2026-08-27 11:14:11.900:"68 32 00 32 00 68 80 00 00 00 00 00 00 60 00 00 01 00 E1 16"                            File: Line:0 Function: Type:Debug:
DateTime:2026-08-27 11:14:11.900:"解码完成，功能码: 1"                            File: Line:0 Function: Type:Debug:
DateTime:2026-08-27 11:14:11.900:"工装回复确认帧"                            File: Line:0 Function: Type:Debug:
DateTime:2026-08-27 11:14:11.900:"工装发送：68 3E 00 3E 00 68 40 00 00 00 00 00 21 60 00 00 02 00 06 02 00 CB 16"                            File: Line:0 Function: Type:Debug:
DateTime:2026-08-27 11:14:11.900:"工装接收：68 32 00 32 00 68 80 00 00 00 00 00 00 60 00 00 01 00 E1 16"                            File: Line:0 Function: Type:Debug:
DateTime:2026-08-27 11:14:11.900:"m_baRecvMsg:"                            File: Line:0 Function: Type:Debug:
DateTime:2026-08-27 11:14:11.900:"frameList.size():1"                            File: Line:0 Function: Type:Debug:
DateTime:2026-08-27 11:14:11.900:"进入报文解析"                            File: Line:0 Function: Type:Debug:
DateTime:2026-08-27 11:14:11.900:"68 32 00 32 00 68 80 00 00 00 00 00 00 60 00 00 01 00 E1 16"                            File: Line:0 Function: Type:Debug:
DateTime:2026-08-27 11:14:11.900:"解码完成，功能码: 1"                            File: Line:0 Function: Type:Debug:
DateTime:2026-08-27 11:14:11.900:"工装回复确认帧"                            File: Line:0 Function: Type:Debug:
DateTime:2026-08-27 11:14:11.901:"工装发送：68 3E 00 3E 00 68 40 00 00 00 00 00 21 60 00 00 02 00 07 02 00 CC 16"                            File: Line:0 Function: Type:Debug:
DateTime:2026-08-27 11:14:11.901:"工装接收：68 32 00 32 00 68 80 00 00 00 00 00 00 60 00 00 01 00 E1 16"                            File: Line:0 Function: Type:Debug:
DateTime:2026-08-27 11:14:11.901:"m_baRecvMsg:"                            File: Line:0 Function: Type:Debug:
DateTime:2026-08-27 11:14:11.901:"frameList.size():1"                            File: Line:0 Function: Type:Debug:
DateTime:2026-08-27 11:14:11.901:"进入报文解析"                            File: Line:0 Function: Type:Debug:
DateTime:2026-08-27 11:14:11.901:"68 32 00 32 00 68 80 00 00 00 00 00 00 60 00 00 01 00 E1 16"                            File: Line:0 Function: Type:Debug:
DateTime:2026-08-27 11:14:11.901:"解码完成，功能码: 1"                            File: Line:0 Function: Type:Debug:
DateTime:2026-08-27 11:14:11.901:"工装回复确认帧"                            File: Line:0 Function: Type:Debug:
DateTime:2026-08-27 11:14:11.901:"工装发送：68 3E 00 3E 00 68 40 00 00 00 00 00 21 60 00 00 02 00 08 02 00 CD 16"                            File: Line:0 Function: Type:Debug:
DateTime:2026-08-27 11:14:11.902:"工装接收：68 32 00 32 00 68 80 00 00 00 00 00 00 60 00 00 01 00 E1 16"                            File: Line:0 Function: Type:Debug:
DateTime:2026-08-27 11:14:11.902:"m_baRecvMsg:"                            File: Line:0 Function: Type:Debug:
DateTime:2026-08-27 11:14:11.902:"frameList.size():1"                            File: Line:0 Function: Type:Debug:
DateTime:2026-08-27 11:14:11.902:"进入报文解析"                            File: Line:0 Function: Type:Debug:
DateTime:2026-08-27 11:14:11.902:"68 32 00 32 00 68 80 00 00 00 00 00 00 60 00 00 01 00 E1 16"                            File: Line:0 Function: Type:Debug:
DateTime:2026-08-27 11:14:11.902:"解码完成，功能码: 1"                            File: Line:0 Function: Type:Debug:
DateTime:2026-08-27 11:14:11.902:"工装回复确认帧"                            File: Line:0 Function: Type:Debug:
DateTime:2026-08-27 11:14:11.902:"所有槽位下电成功"                            File: Line:0 Function: Type:Debug:
DateTime:2026-08-27 11:14:12.003:dll输出信息: ""                            File: Line:0 Function: Type:Debug:
DateTime:2026-08-27 11:14:12.003:接口函数调用成功，返回的结果为 0                            File: Line:0 Function: Type:Debug:
DateTime:2026-08-27 11:14:12.003:"外部传入的para：0，返回的result：0,返回的pValRet：0"                            File: Line:0 Function: Type:Debug:
DateTime:2026-08-27 11:14:12.003:"执行接口函数SimuCorn_power_off完成"                            File: Line:0 Function: Type:Debug:
DateTime:2026-08-27 11:14:12.005:coorIndex 0                            File: Line:0 Function: Type:Debug:
DateTime:2026-08-27 11:14:12.005:当前流程结束                            File: Line:0 Function: Type:Debug:
DateTime:2026-08-27 11:14:12.005:退出connect函数                            File: Line:0 Function: Type:Debug:
DateTime:2026-08-27 11:14:12.005:"=========【测试槽位下电】结束=========="                            File: Line:0 Function: Type:Debug:
DateTime:2026-08-27 11:14:12.005:"-----------------------------"                            File: Line:0 Function: Type:Debug:
DateTime:2026-08-27 11:14:12.007:"=============执行【三相功率源关源】==================="                            File: Line:0 Function: Type:Debug:
DateTime:2026-08-27 11:14:12.007:"--发送:A1 01 04 DC 07 00 E3"                            File: Line:0 Function: Type:Debug:
DateTime:2026-08-27 11:14:12.107:三相功率源关源成功                            File: Line:0 Function: Type:Debug:
DateTime:2026-08-27 11:14:12.107:"=========【三相功率源关源】结束=========="                            File: Line:0 Function: Type:Debug:
DateTime:2026-08-27 11:14:12.107:"-----------------------------"                            File: Line:0 Function: Type:Debug:
DateTime:2026-08-27 11:14:12.109:"=============执行【关闭应用串口】==================="                            File: Line:0 Function: Type:Debug:
DateTime:2026-08-27 11:14:12.109:"执行接口函数ini_SimuCorn_Connect_Close"                            File: Line:0 Function: Type:Debug:
DateTime:2026-08-27 11:14:12.109:callWorkFunction: ini_SimuCorn_Connect_Close                            File: Line:0 Function: Type:Debug:
DateTime:2026-08-27 11:14:12.109:找到对应函数，进入执行                            File: Line:0 Function: Type:Debug:
DateTime:2026-08-27 11:14:12.110:"工装板连接关闭"                            File: Line:0 Function: Type:Debug:
DateTime:2026-08-27 11:14:12.211:dll输出信息: ""                            File: Line:0 Function: Type:Debug:
DateTime:2026-08-27 11:14:12.211:接口函数调用成功，返回的结果为 0                            File: Line:0 Function: Type:Debug:
DateTime:2026-08-27 11:14:12.211:"外部传入的para：0，返回的result：0,返回的pValRet：0"                            File: Line:0 Function: Type:Debug:
DateTime:2026-08-27 11:14:12.211:"执行接口函数ini_SimuCorn_Connect_Close完成"                            File: Line:0 Function: Type:Debug:
DateTime:2026-08-27 11:14:12.213:coorIndex 0                            File: Line:0 Function: Type:Debug:
DateTime:2026-08-27 11:14:12.213:当前流程结束                            File: Line:0 Function: Type:Debug:
DateTime:2026-08-27 11:14:12.213:退出connect函数                            File: Line:0 Function: Type:Debug:
DateTime:2026-08-27 11:14:12.213:"=========【关闭应用串口】结束=========="                            File: Line:0 Function: Type:Debug:
DateTime:2026-08-27 11:14:12.213:"-----------------------------"                            File: Line:0 Function: Type:Debug:
DateTime:2026-08-27 11:14:12.215:工作结束,开始存储本地数据                            File: Line:0 Function: Type:Debug:
DateTime:2026-08-27 11:14:12.239:三相功率源串口关闭成功                            File: Line:0 Function: Type:Debug:
DateTime:2026-08-27 11:14:12.239:高低温箱串口关闭成功                            File: Line:0 Function: Type:Debug:
DateTime:2026-08-27 11:14:12.245:"保存测试结果成功"                            File: Line:0 Function: Type:Debug:
DateTime:2026-08-27 11:14:12.246:"=============执行【关闭测试项日志】==================="                            File: Line:0 Function: Type:Debug:
====== 测试项结束: 扩展协议数据转发检测 ======
时间: 2026-08-27 11:14:12

