====== 测试项开始: 智能补采检测 ======
时间: 2026-08-28 17:41:22
DateTime:2026-08-28 17:41:22.307:"=========【开启测试项日志】结束=========="                            File: Line:0 Function: Type:Debug:
DateTime:2026-08-28 17:41:22.307:"-----------------------------"                            File: Line:0 Function: Type:Debug:
DateTime:2026-08-28 17:41:22.308:"=============执行【Step1-应用串口初始化】==================="                            File: Line:0 Function: Type:Debug:
DateTime:2026-08-28 17:41:22.308:"执行接口函数ini_SimuCorn_Connect"                            File: Line:0 Function: Type:Debug:
DateTime:2026-08-28 17:41:22.308:callWorkFunction: ini_SimuCorn_Connect                            File: Line:0 Function: Type:Debug:
DateTime:2026-08-28 17:41:22.308:找到对应函数，进入执行                            File: Line:0 Function: Type:Debug:
DateTime:2026-08-28 17:41:22.309:"全部工装板连接成功"                            File: Line:0 Function: Type:Debug:
DateTime:2026-08-28 17:41:22.411:dll输出信息: ""                            File: Line:0 Function: Type:Debug:
DateTime:2026-08-28 17:41:22.411:接口函数调用成功，返回的结果为 0                            File: Line:0 Function: Type:Debug:
DateTime:2026-08-28 17:41:22.411:"外部传入的para：0，返回的result：0,返回的pValRet：0"                            File: Line:0 Function: Type:Debug:
DateTime:2026-08-28 17:41:22.411:"执行接口函数ini_SimuCorn_Connect完成"                            File: Line:0 Function: Type:Debug:
DateTime:2026-08-28 17:41:22.412:coorIndex 0                            File: Line:0 Function: Type:Debug:
DateTime:2026-08-28 17:41:22.412:当前流程结束                            File: Line:0 Function: Type:Debug:
DateTime:2026-08-28 17:41:22.412:退出connect函数                            File: Line:0 Function: Type:Debug:
DateTime:2026-08-28 17:41:22.412:"=========【Step1-应用串口初始化】结束=========="                            File: Line:0 Function: Type:Debug:
DateTime:2026-08-28 17:41:22.412:"-----------------------------"                            File: Line:0 Function: Type:Debug:
DateTime:2026-08-28 17:41:22.413:"=============执行【初始化工装参数】==================="                            File: Line:0 Function: Type:Debug:
DateTime:2026-08-28 17:41:22.413:"执行接口函数ini_SimuCorn_Para"                            File: Line:0 Function: Type:Debug:
DateTime:2026-08-28 17:41:22.413:callWorkFunction: ini_SimuCorn_Para                            File: Line:0 Function: Type:Debug:
DateTime:2026-08-28 17:41:22.413:找到对应函数，进入执行                            File: Line:0 Function: Type:Debug:
DateTime:2026-08-28 17:41:22.413:"工装板参数初始化完成"                            File: Line:0 Function: Type:Debug:
DateTime:2026-08-28 17:41:22.514:dll输出信息: ""                            File: Line:0 Function: Type:Debug:
DateTime:2026-08-28 17:41:22.514:接口函数调用成功，返回的结果为 0                            File: Line:0 Function: Type:Debug:
DateTime:2026-08-28 17:41:22.514:"外部传入的para：0，返回的result：0,返回的pValRet：0"                            File: Line:0 Function: Type:Debug:
DateTime:2026-08-28 17:41:22.514:"执行接口函数ini_SimuCorn_Para完成"                            File: Line:0 Function: Type:Debug:
DateTime:2026-08-28 17:41:22.514:coorIndex 0                            File: Line:0 Function: Type:Debug:
DateTime:2026-08-28 17:41:22.514:当前流程结束                            File: Line:0 Function: Type:Debug:
DateTime:2026-08-28 17:41:22.514:退出connect函数                            File: Line:0 Function: Type:Debug:
DateTime:2026-08-28 17:41:22.514:"=========【初始化工装参数】结束=========="                            File: Line:0 Function: Type:Debug:
DateTime:2026-08-28 17:41:22.514:"-----------------------------"                            File: Line:0 Function: Type:Debug:
DateTime:2026-08-28 17:41:22.516:"=============执行【测试槽位设置波特率】==================="                            File: Line:0 Function: Type:Debug:
DateTime:2026-08-28 17:41:22.516:"执行接口函数SimuCorn_set_baudrate"                            File: Line:0 Function: Type:Debug:
DateTime:2026-08-28 17:41:22.516:callWorkFunction: SimuCorn_set_baudrate                            File: Line:0 Function: Type:Debug:
DateTime:2026-08-28 17:41:22.516:找到对应函数，进入执行                            File: Line:0 Function: Type:Debug:
DateTime:2026-08-28 17:41:22.516:"工装发送：68 3A 00 3A 00 68 40 00 00 00 00 00 22 60 00 00 08 00 02 02 CE 16"                            File: Line:0 Function: Type:Debug:
DateTime:2026-08-28 17:41:22.517:"工装接收：68 32 00 32 00 68 80 00 00 00 00 00 00 60 00 00 01 00 E1 16"                            File: Line:0 Function: Type:Debug:
DateTime:2026-08-28 17:41:22.517:"m_baRecvMsg:"                            File: Line:0 Function: Type:Debug:
DateTime:2026-08-28 17:41:22.517:"frameList.size():1"                            File: Line:0 Function: Type:Debug:
DateTime:2026-08-28 17:41:22.517:"进入报文解析"                            File: Line:0 Function: Type:Debug:
DateTime:2026-08-28 17:41:22.517:"68 32 00 32 00 68 80 00 00 00 00 00 00 60 00 00 01 00 E1 16"                            File: Line:0 Function: Type:Debug:
DateTime:2026-08-28 17:41:22.517:"解码完成，功能码: 1"                            File: Line:0 Function: Type:Debug:
DateTime:2026-08-28 17:41:22.517:"工装回复确认帧"                            File: Line:0 Function: Type:Debug:
DateTime:2026-08-28 17:41:22.517:"全部槽位设置波特率成功"                            File: Line:0 Function: Type:Debug:
DateTime:2026-08-28 17:41:22.618:dll输出信息: ""                            File: Line:0 Function: Type:Debug:
DateTime:2026-08-28 17:41:22.618:接口函数调用成功，返回的结果为 0                            File: Line:0 Function: Type:Debug:
DateTime:2026-08-28 17:41:22.618:"外部传入的para：0，返回的result：0,返回的pValRet：0"                            File: Line:0 Function: Type:Debug:
DateTime:2026-08-28 17:41:22.618:"执行接口函数SimuCorn_set_baudrate完成"                            File: Line:0 Function: Type:Debug:
DateTime:2026-08-28 17:41:22.618:coorIndex 0                            File: Line:0 Function: Type:Debug:
DateTime:2026-08-28 17:41:22.618:当前流程结束                            File: Line:0 Function: Type:Debug:
DateTime:2026-08-28 17:41:22.618:退出connect函数                            File: Line:0 Function: Type:Debug:
DateTime:2026-08-28 17:41:22.618:"=========【测试槽位设置波特率】结束=========="                            File: Line:0 Function: Type:Debug:
DateTime:2026-08-28 17:41:22.619:"-----------------------------"                            File: Line:0 Function: Type:Debug:
DateTime:2026-08-28 17:41:22.619:"=============执行【设置表类型】==================="                            File: Line:0 Function: Type:Debug:
DateTime:2026-08-28 17:41:22.619:"执行接口函数SimuCorn_set_meter_type"                            File: Line:0 Function: Type:Debug:
DateTime:2026-08-28 17:41:22.619:callWorkFunction: SimuCorn_set_meter_type                            File: Line:0 Function: Type:Debug:
DateTime:2026-08-28 17:41:22.619:找到对应函数，进入执行                            File: Line:0 Function: Type:Debug:
DateTime:2026-08-28 17:41:22.619:"工装发送：68 3A 00 3A 00 68 40 00 00 00 00 00 22 60 00 00 10 00 06 02 DA 16"                            File: Line:0 Function: Type:Debug:
DateTime:2026-08-28 17:41:22.620:"工装接收：68 32 00 32 00 68 80 00 00 00 00 00 00 60 00 00 01 00 E1 16"                            File: Line:0 Function: Type:Debug:
DateTime:2026-08-28 17:41:22.620:"m_baRecvMsg:"                            File: Line:0 Function: Type:Debug:
DateTime:2026-08-28 17:41:22.620:"frameList.size():1"                            File: Line:0 Function: Type:Debug:
DateTime:2026-08-28 17:41:22.620:"进入报文解析"                            File: Line:0 Function: Type:Debug:
DateTime:2026-08-28 17:41:22.620:"68 32 00 32 00 68 80 00 00 00 00 00 00 60 00 00 01 00 E1 16"                            File: Line:0 Function: Type:Debug:
DateTime:2026-08-28 17:41:22.620:"解码完成，功能码: 1"                            File: Line:0 Function: Type:Debug:
DateTime:2026-08-28 17:41:22.620:"工装回复确认帧"                            File: Line:0 Function: Type:Debug:
DateTime:2026-08-28 17:41:22.620:"工装发送：68 3A 00 3A 00 68 40 00 00 00 00 00 22 60 00 00 10 00 07 02 DB 16"                            File: Line:0 Function: Type:Debug:
DateTime:2026-08-28 17:41:22.621:"工装接收：68 32 00 32 00 68 80 00 00 00 00 00 00 60 00 00 01 00 E1 16"                            File: Line:0 Function: Type:Debug:
DateTime:2026-08-28 17:41:22.621:"m_baRecvMsg:"                            File: Line:0 Function: Type:Debug:
DateTime:2026-08-28 17:41:22.621:"frameList.size():1"                            File: Line:0 Function: Type:Debug:
DateTime:2026-08-28 17:41:22.621:"进入报文解析"                            File: Line:0 Function: Type:Debug:
DateTime:2026-08-28 17:41:22.621:"68 32 00 32 00 68 80 00 00 00 00 00 00 60 00 00 01 00 E1 16"                            File: Line:0 Function: Type:Debug:
DateTime:2026-08-28 17:41:22.621:"解码完成，功能码: 1"                            File: Line:0 Function: Type:Debug:
DateTime:2026-08-28 17:41:22.621:"工装回复确认帧"                            File: Line:0 Function: Type:Debug:
DateTime:2026-08-28 17:41:22.621:"工装发送：68 3A 00 3A 00 68 40 00 00 00 00 00 22 60 00 00 10 00 08 02 DC 16"                            File: Line:0 Function: Type:Debug:
DateTime:2026-08-28 17:41:22.621:"工装接收：68 32 00 32 00 68 80 00 00 00 00 00 00 60 00 00 01 00 E1 16"                            File: Line:0 Function: Type:Debug:
DateTime:2026-08-28 17:41:22.621:"m_baRecvMsg:"                            File: Line:0 Function: Type:Debug:
DateTime:2026-08-28 17:41:22.622:"frameList.size():1"                            File: Line:0 Function: Type:Debug:
DateTime:2026-08-28 17:41:22.622:"进入报文解析"                            File: Line:0 Function: Type:Debug:
DateTime:2026-08-28 17:41:22.622:"68 32 00 32 00 68 80 00 00 00 00 00 00 60 00 00 01 00 E1 16"                            File: Line:0 Function: Type:Debug:
DateTime:2026-08-28 17:41:22.622:"解码完成，功能码: 1"                            File: Line:0 Function: Type:Debug:
DateTime:2026-08-28 17:41:22.622:"工装回复确认帧"                            File: Line:0 Function: Type:Debug:
DateTime:2026-08-28 17:41:22.622:"全部槽位设置表类型成功"                            File: Line:0 Function: Type:Debug:
DateTime:2026-08-28 17:41:22.722:dll输出信息: ""                            File: Line:0 Function: Type:Debug:
DateTime:2026-08-28 17:41:22.722:接口函数调用成功，返回的结果为 0                            File: Line:0 Function: Type:Debug:
DateTime:2026-08-28 17:41:22.722:"外部传入的para：0，返回的result：0,返回的pValRet：0"                            File: Line:0 Function: Type:Debug:
DateTime:2026-08-28 17:41:22.722:"执行接口函数SimuCorn_set_meter_type完成"                            File: Line:0 Function: Type:Debug:
DateTime:2026-08-28 17:41:22.722:coorIndex 0                            File: Line:0 Function: Type:Debug:
DateTime:2026-08-28 17:41:22.722:当前流程结束                            File: Line:0 Function: Type:Debug:
DateTime:2026-08-28 17:41:22.722:退出connect函数                            File: Line:0 Function: Type:Debug:
DateTime:2026-08-28 17:41:22.722:"=========【设置表类型】结束=========="                            File: Line:0 Function: Type:Debug:
DateTime:2026-08-28 17:41:22.723:"-----------------------------"                            File: Line:0 Function: Type:Debug:
DateTime:2026-08-28 17:41:22.723:"=============执行【测试槽位开启透传】==================="                            File: Line:0 Function: Type:Debug:
DateTime:2026-08-28 17:41:22.723:"执行接口函数SimuCorn_open_transport"                            File: Line:0 Function: Type:Debug:
DateTime:2026-08-28 17:41:22.723:callWorkFunction: SimuCorn_open_transport                            File: Line:0 Function: Type:Debug:
DateTime:2026-08-28 17:41:22.723:找到对应函数，进入执行                            File: Line:0 Function: Type:Debug:
DateTime:2026-08-28 17:41:22.723:"工装发送：68 42 00 42 00 68 40 00 00 00 00 00 22 60 00 00 01 00 02 01 3C 00 02 16"                            File: Line:0 Function: Type:Debug:
DateTime:2026-08-28 17:41:22.724:"工装接收：68 32 00 32 00 68 80 00 00 00 00 00 00 60 00 00 01 00 E1 16"                            File: Line:0 Function: Type:Debug:
DateTime:2026-08-28 17:41:22.724:"m_baRecvMsg:"                            File: Line:0 Function: Type:Debug:
DateTime:2026-08-28 17:41:22.724:"frameList.size():1"                            File: Line:0 Function: Type:Debug:
DateTime:2026-08-28 17:41:22.724:"进入报文解析"                            File: Line:0 Function: Type:Debug:
DateTime:2026-08-28 17:41:22.724:"68 32 00 32 00 68 80 00 00 00 00 00 00 60 00 00 01 00 E1 16"                            File: Line:0 Function: Type:Debug:
DateTime:2026-08-28 17:41:22.724:"解码完成，功能码: 1"                            File: Line:0 Function: Type:Debug:
DateTime:2026-08-28 17:41:22.724:"工装回复确认帧"                            File: Line:0 Function: Type:Debug:
DateTime:2026-08-28 17:41:22.724:"全部槽位开启透传成功"                            File: Line:0 Function: Type:Debug:
DateTime:2026-08-28 17:41:22.825:dll输出信息: ""                            File: Line:0 Function: Type:Debug:
DateTime:2026-08-28 17:41:22.825:接口函数调用成功，返回的结果为 0                            File: Line:0 Function: Type:Debug:
DateTime:2026-08-28 17:41:22.825:"外部传入的para：0，返回的result：0,返回的pValRet：0"                            File: Line:0 Function: Type:Debug:
DateTime:2026-08-28 17:41:22.825:"执行接口函数SimuCorn_open_transport完成"                            File: Line:0 Function: Type:Debug:
DateTime:2026-08-28 17:41:22.825:coorIndex 0                            File: Line:0 Function: Type:Debug:
DateTime:2026-08-28 17:41:22.825:当前流程结束                            File: Line:0 Function: Type:Debug:
DateTime:2026-08-28 17:41:22.825:退出connect函数                            File: Line:0 Function: Type:Debug:
DateTime:2026-08-28 17:41:22.825:"=========【测试槽位开启透传】结束=========="                            File: Line:0 Function: Type:Debug:
DateTime:2026-08-28 17:41:22.826:"-----------------------------"                            File: Line:0 Function: Type:Debug:
DateTime:2026-08-28 17:41:22.827:"=============执行【测试槽位透传关闭】==================="                            File: Line:0 Function: Type:Debug:
DateTime:2026-08-28 17:41:22.827:"执行接口函数SimuCorn_close_transport"                            File: Line:0 Function: Type:Debug:
DateTime:2026-08-28 17:41:22.827:callWorkFunction: SimuCorn_close_transport                            File: Line:0 Function: Type:Debug:
DateTime:2026-08-28 17:41:22.827:找到对应函数，进入执行                            File: Line:0 Function: Type:Debug:
DateTime:2026-08-28 17:41:22.827:"工装发送：68 42 00 42 00 68 40 00 00 00 00 00 22 60 00 00 01 00 03 00 3C 00 02 16"                            File: Line:0 Function: Type:Debug:
DateTime:2026-08-28 17:41:22.828:"工装接收：68 32 00 32 00 68 80 00 00 00 00 00 00 60 00 00 01 00 E1 16"                            File: Line:0 Function: Type:Debug:
DateTime:2026-08-28 17:41:22.828:"m_baRecvMsg:"                            File: Line:0 Function: Type:Debug:
DateTime:2026-08-28 17:41:22.828:"frameList.size():1"                            File: Line:0 Function: Type:Debug:
DateTime:2026-08-28 17:41:22.828:"进入报文解析"                            File: Line:0 Function: Type:Debug:
DateTime:2026-08-28 17:41:22.828:"68 32 00 32 00 68 80 00 00 00 00 00 00 60 00 00 01 00 E1 16"                            File: Line:0 Function: Type:Debug:
DateTime:2026-08-28 17:41:22.828:"解码完成，功能码: 1"                            File: Line:0 Function: Type:Debug:
DateTime:2026-08-28 17:41:22.828:"工装回复确认帧"                            File: Line:0 Function: Type:Debug:
DateTime:2026-08-28 17:41:22.828:"工装发送：68 42 00 42 00 68 40 00 00 00 00 00 22 60 00 00 01 00 04 00 3C 00 03 16"                            File: Line:0 Function: Type:Debug:
DateTime:2026-08-28 17:41:22.828:"工装接收：68 32 00 32 00 68 80 00 00 00 00 00 00 60 00 00 01 00 E1 16"                            File: Line:0 Function: Type:Debug:
DateTime:2026-08-28 17:41:22.828:"m_baRecvMsg:"                            File: Line:0 Function: Type:Debug:
DateTime:2026-08-28 17:41:22.829:"frameList.size():1"                            File: Line:0 Function: Type:Debug:
DateTime:2026-08-28 17:41:22.829:"进入报文解析"                            File: Line:0 Function: Type:Debug:
DateTime:2026-08-28 17:41:22.829:"68 32 00 32 00 68 80 00 00 00 00 00 00 60 00 00 01 00 E1 16"                            File: Line:0 Function: Type:Debug:
DateTime:2026-08-28 17:41:22.829:"解码完成，功能码: 1"                            File: Line:0 Function: Type:Debug:
DateTime:2026-08-28 17:41:22.829:"工装回复确认帧"                            File: Line:0 Function: Type:Debug:
DateTime:2026-08-28 17:41:22.829:"工装发送：68 42 00 42 00 68 40 00 00 00 00 00 22 60 00 00 01 00 05 00 3C 00 04 16"                            File: Line:0 Function: Type:Debug:
DateTime:2026-08-28 17:41:22.829:"工装接收：68 32 00 32 00 68 80 00 00 00 00 00 00 60 00 00 01 00 E1 16"                            File: Line:0 Function: Type:Debug:
DateTime:2026-08-28 17:41:22.829:"m_baRecvMsg:"                            File: Line:0 Function: Type:Debug:
DateTime:2026-08-28 17:41:22.829:"frameList.size():1"                            File: Line:0 Function: Type:Debug:
DateTime:2026-08-28 17:41:22.829:"进入报文解析"                            File: Line:0 Function: Type:Debug:
DateTime:2026-08-28 17:41:22.829:"68 32 00 32 00 68 80 00 00 00 00 00 00 60 00 00 01 00 E1 16"                            File: Line:0 Function: Type:Debug:
DateTime:2026-08-28 17:41:22.829:"解码完成，功能码: 1"                            File: Line:0 Function: Type:Debug:
DateTime:2026-08-28 17:41:22.829:"工装回复确认帧"                            File: Line:0 Function: Type:Debug:
DateTime:2026-08-28 17:41:22.829:"工装发送：68 42 00 42 00 68 40 00 00 00 00 00 22 60 00 00 01 00 06 00 3C 00 05 16"                            File: Line:0 Function: Type:Debug:
DateTime:2026-08-28 17:41:22.830:"工装接收：68 32 00 32 00 68 80 00 00 00 00 00 00 60 00 00 01 00 E1 16"                            File: Line:0 Function: Type:Debug:
DateTime:2026-08-28 17:41:22.830:"m_baRecvMsg:"                            File: Line:0 Function: Type:Debug:
DateTime:2026-08-28 17:41:22.830:"frameList.size():1"                            File: Line:0 Function: Type:Debug:
DateTime:2026-08-28 17:41:22.830:"进入报文解析"                            File: Line:0 Function: Type:Debug:
DateTime:2026-08-28 17:41:22.830:"68 32 00 32 00 68 80 00 00 00 00 00 00 60 00 00 01 00 E1 16"                            File: Line:0 Function: Type:Debug:
DateTime:2026-08-28 17:41:22.830:"解码完成，功能码: 1"                            File: Line:0 Function: Type:Debug:
DateTime:2026-08-28 17:41:22.830:"工装回复确认帧"                            File: Line:0 Function: Type:Debug:
DateTime:2026-08-28 17:41:22.830:"工装发送：68 42 00 42 00 68 40 00 00 00 00 00 22 60 00 00 01 00 07 00 3C 00 06 16"                            File: Line:0 Function: Type:Debug:
DateTime:2026-08-28 17:41:22.831:"工装接收：68 32 00 32 00 68 80 00 00 00 00 00 00 60 00 00 01 00 E1 16"                            File: Line:0 Function: Type:Debug:
DateTime:2026-08-28 17:41:22.831:"m_baRecvMsg:"                            File: Line:0 Function: Type:Debug:
DateTime:2026-08-28 17:41:22.831:"frameList.size():1"                            File: Line:0 Function: Type:Debug:
DateTime:2026-08-28 17:41:22.831:"进入报文解析"                            File: Line:0 Function: Type:Debug:
DateTime:2026-08-28 17:41:22.831:"68 32 00 32 00 68 80 00 00 00 00 00 00 60 00 00 01 00 E1 16"                            File: Line:0 Function: Type:Debug:
DateTime:2026-08-28 17:41:22.831:"解码完成，功能码: 1"                            File: Line:0 Function: Type:Debug:
DateTime:2026-08-28 17:41:22.831:"工装回复确认帧"                            File: Line:0 Function: Type:Debug:
DateTime:2026-08-28 17:41:22.831:"工装发送：68 42 00 42 00 68 40 00 00 00 00 00 22 60 00 00 01 00 08 00 3C 00 07 16"                            File: Line:0 Function: Type:Debug:
DateTime:2026-08-28 17:41:22.831:"工装接收：68 32 00 32 00 68 80 00 00 00 00 00 00 60 00 00 01 00 E1 16"                            File: Line:0 Function: Type:Debug:
DateTime:2026-08-28 17:41:22.831:"m_baRecvMsg:"                            File: Line:0 Function: Type:Debug:
DateTime:2026-08-28 17:41:22.831:"frameList.size():1"                            File: Line:0 Function: Type:Debug:
DateTime:2026-08-28 17:41:22.831:"进入报文解析"                            File: Line:0 Function: Type:Debug:
DateTime:2026-08-28 17:41:22.831:"68 32 00 32 00 68 80 00 00 00 00 00 00 60 00 00 01 00 E1 16"                            File: Line:0 Function: Type:Debug:
DateTime:2026-08-28 17:41:22.832:"解码完成，功能码: 1"                            File: Line:0 Function: Type:Debug:
DateTime:2026-08-28 17:41:22.832:"工装回复确认帧"                            File: Line:0 Function: Type:Debug:
DateTime:2026-08-28 17:41:22.832:"全部槽位关闭透传成功"                            File: Line:0 Function: Type:Debug:
DateTime:2026-08-28 17:41:22.933:dll输出信息: ""                            File: Line:0 Function: Type:Debug:
DateTime:2026-08-28 17:41:22.933:接口函数调用成功，返回的结果为 0                            File: Line:0 Function: Type:Debug:
DateTime:2026-08-28 17:41:22.933:"外部传入的para：0，返回的result：0,返回的pValRet：0"                            File: Line:0 Function: Type:Debug:
DateTime:2026-08-28 17:41:22.933:"执行接口函数SimuCorn_close_transport完成"                            File: Line:0 Function: Type:Debug:
DateTime:2026-08-28 17:41:22.933:coorIndex 0                            File: Line:0 Function: Type:Debug:
DateTime:2026-08-28 17:41:22.933:当前流程结束                            File: Line:0 Function: Type:Debug:
DateTime:2026-08-28 17:41:22.933:退出connect函数                            File: Line:0 Function: Type:Debug:
DateTime:2026-08-28 17:41:22.933:"=========【测试槽位透传关闭】结束=========="                            File: Line:0 Function: Type:Debug:
DateTime:2026-08-28 17:41:22.933:"-----------------------------"                            File: Line:0 Function: Type:Debug:
DateTime:2026-08-28 17:41:22.934:"=============执行【测试槽位上电】==================="                            File: Line:0 Function: Type:Debug:
DateTime:2026-08-28 17:41:22.934:"执行接口函数SimuCorn_power_on"                            File: Line:0 Function: Type:Debug:
DateTime:2026-08-28 17:41:22.934:callWorkFunction: SimuCorn_power_on                            File: Line:0 Function: Type:Debug:
DateTime:2026-08-28 17:41:22.934:找到对应函数，进入执行                            File: Line:0 Function: Type:Debug:
DateTime:2026-08-28 17:41:22.934:"工装发送：68 3E 00 3E 00 68 40 00 00 00 00 00 21 60 00 00 02 00 02 02 01 C8 16"                            File: Line:0 Function: Type:Debug:
DateTime:2026-08-28 17:41:22.935:"工装接收：68 32 00 32 00 68 80 00 00 00 00 00 00 60 00 00 01 00 E1 16"                            File: Line:0 Function: Type:Debug:
DateTime:2026-08-28 17:41:22.935:"m_baRecvMsg:"                            File: Line:0 Function: Type:Debug:
DateTime:2026-08-28 17:41:22.935:"frameList.size():1"                            File: Line:0 Function: Type:Debug:
DateTime:2026-08-28 17:41:22.935:"进入报文解析"                            File: Line:0 Function: Type:Debug:
DateTime:2026-08-28 17:41:22.935:"68 32 00 32 00 68 80 00 00 00 00 00 00 60 00 00 01 00 E1 16"                            File: Line:0 Function: Type:Debug:
DateTime:2026-08-28 17:41:22.935:"解码完成，功能码: 1"                            File: Line:0 Function: Type:Debug:
DateTime:2026-08-28 17:41:22.935:"工装回复确认帧"                            File: Line:0 Function: Type:Debug:
DateTime:2026-08-28 17:41:22.935:"工装发送：68 3E 00 3E 00 68 40 00 00 00 00 00 21 60 00 00 02 00 03 02 01 C9 16"                            File: Line:0 Function: Type:Debug:
DateTime:2026-08-28 17:41:22.935:"工装接收：68 32 00 32 00 68 80 00 00 00 00 00 00 60 00 00 01 00 E1 16"                            File: Line:0 Function: Type:Debug:
DateTime:2026-08-28 17:41:22.935:"m_baRecvMsg:"                            File: Line:0 Function: Type:Debug:
DateTime:2026-08-28 17:41:22.935:"frameList.size():1"                            File: Line:0 Function: Type:Debug:
DateTime:2026-08-28 17:41:22.935:"进入报文解析"                            File: Line:0 Function: Type:Debug:
DateTime:2026-08-28 17:41:22.935:"68 32 00 32 00 68 80 00 00 00 00 00 00 60 00 00 01 00 E1 16"                            File: Line:0 Function: Type:Debug:
DateTime:2026-08-28 17:41:22.936:"解码完成，功能码: 1"                            File: Line:0 Function: Type:Debug:
DateTime:2026-08-28 17:41:22.936:"工装回复确认帧"                            File: Line:0 Function: Type:Debug:
DateTime:2026-08-28 17:41:22.936:"工装发送：68 3E 00 3E 00 68 40 00 00 00 00 00 21 60 00 00 02 00 04 02 01 CA 16"                            File: Line:0 Function: Type:Debug:
DateTime:2026-08-28 17:41:22.936:"工装接收：68 32 00 32 00 68 80 00 00 00 00 00 00 60 00 00 01 00 E1 16"                            File: Line:0 Function: Type:Debug:
DateTime:2026-08-28 17:41:22.936:"m_baRecvMsg:"                            File: Line:0 Function: Type:Debug:
DateTime:2026-08-28 17:41:22.936:"frameList.size():1"                            File: Line:0 Function: Type:Debug:
DateTime:2026-08-28 17:41:22.936:"进入报文解析"                            File: Line:0 Function: Type:Debug:
DateTime:2026-08-28 17:41:22.936:"68 32 00 32 00 68 80 00 00 00 00 00 00 60 00 00 01 00 E1 16"                            File: Line:0 Function: Type:Debug:
DateTime:2026-08-28 17:41:22.936:"解码完成，功能码: 1"                            File: Line:0 Function: Type:Debug:
DateTime:2026-08-28 17:41:22.936:"工装回复确认帧"                            File: Line:0 Function: Type:Debug:
DateTime:2026-08-28 17:41:22.936:"工装发送：68 3E 00 3E 00 68 40 00 00 00 00 00 21 60 00 00 02 00 05 02 01 CB 16"                            File: Line:0 Function: Type:Debug:
DateTime:2026-08-28 17:41:22.937:"工装接收：68 32 00 32 00 68 80 00 00 00 00 00 00 60 00 00 01 00 E1 16"                            File: Line:0 Function: Type:Debug:
DateTime:2026-08-28 17:41:22.937:"m_baRecvMsg:"                            File: Line:0 Function: Type:Debug:
DateTime:2026-08-28 17:41:22.937:"frameList.size():1"                            File: Line:0 Function: Type:Debug:
DateTime:2026-08-28 17:41:22.937:"进入报文解析"                            File: Line:0 Function: Type:Debug:
DateTime:2026-08-28 17:41:22.937:"68 32 00 32 00 68 80 00 00 00 00 00 00 60 00 00 01 00 E1 16"                            File: Line:0 Function: Type:Debug:
DateTime:2026-08-28 17:41:22.937:"解码完成，功能码: 1"                            File: Line:0 Function: Type:Debug:
DateTime:2026-08-28 17:41:22.937:"工装回复确认帧"                            File: Line:0 Function: Type:Debug:
DateTime:2026-08-28 17:41:22.937:"工装发送：68 3E 00 3E 00 68 40 00 00 00 00 00 21 60 00 00 02 00 06 02 01 CC 16"                            File: Line:0 Function: Type:Debug:
DateTime:2026-08-28 17:41:22.938:"工装接收：68 32 00 32 00 68 80 00 00 00 00 00 00 60 00 00 01 00 E1 16"                            File: Line:0 Function: Type:Debug:
DateTime:2026-08-28 17:41:22.938:"m_baRecvMsg:"                            File: Line:0 Function: Type:Debug:
DateTime:2026-08-28 17:41:22.938:"frameList.size():1"                            File: Line:0 Function: Type:Debug:
DateTime:2026-08-28 17:41:22.938:"进入报文解析"                            File: Line:0 Function: Type:Debug:
DateTime:2026-08-28 17:41:22.938:"68 32 00 32 00 68 80 00 00 00 00 00 00 60 00 00 01 00 E1 16"                            File: Line:0 Function: Type:Debug:
DateTime:2026-08-28 17:41:22.938:"解码完成，功能码: 1"                            File: Line:0 Function: Type:Debug:
DateTime:2026-08-28 17:41:22.938:"工装回复确认帧"                            File: Line:0 Function: Type:Debug:
DateTime:2026-08-28 17:41:22.938:"工装发送：68 3E 00 3E 00 68 40 00 00 00 00 00 21 60 00 00 02 00 07 02 01 CD 16"                            File: Line:0 Function: Type:Debug:
DateTime:2026-08-28 17:41:22.938:"工装接收：68 32 00 32 00 68 80 00 00 00 00 00 00 60 00 00 01 00 E1 16"                            File: Line:0 Function: Type:Debug:
DateTime:2026-08-28 17:41:22.938:"m_baRecvMsg:"                            File: Line:0 Function: Type:Debug:
DateTime:2026-08-28 17:41:22.938:"frameList.size():1"                            File: Line:0 Function: Type:Debug:
DateTime:2026-08-28 17:41:22.938:"进入报文解析"                            File: Line:0 Function: Type:Debug:
DateTime:2026-08-28 17:41:22.938:"68 32 00 32 00 68 80 00 00 00 00 00 00 60 00 00 01 00 E1 16"                            File: Line:0 Function: Type:Debug:
DateTime:2026-08-28 17:41:22.938:"解码完成，功能码: 1"                            File: Line:0 Function: Type:Debug:
DateTime:2026-08-28 17:41:22.938:"工装回复确认帧"                            File: Line:0 Function: Type:Debug:
DateTime:2026-08-28 17:41:22.939:"工装发送：68 3E 00 3E 00 68 40 00 00 00 00 00 21 60 00 00 02 00 08 02 01 CE 16"                            File: Line:0 Function: Type:Debug:
DateTime:2026-08-28 17:41:22.939:"工装接收：68 32 00 32 00 68 80 00 00 00 00 00 00 60 00 00 01 00 E1 16"                            File: Line:0 Function: Type:Debug:
DateTime:2026-08-28 17:41:22.939:"m_baRecvMsg:"                            File: Line:0 Function: Type:Debug:
DateTime:2026-08-28 17:41:22.939:"frameList.size():1"                            File: Line:0 Function: Type:Debug:
DateTime:2026-08-28 17:41:22.939:"进入报文解析"                            File: Line:0 Function: Type:Debug:
DateTime:2026-08-28 17:41:22.939:"68 32 00 32 00 68 80 00 00 00 00 00 00 60 00 00 01 00 E1 16"                            File: Line:0 Function: Type:Debug:
DateTime:2026-08-28 17:41:22.939:"解码完成，功能码: 1"                            File: Line:0 Function: Type:Debug:
DateTime:2026-08-28 17:41:22.939:"工装回复确认帧"                            File: Line:0 Function: Type:Debug:
DateTime:2026-08-28 17:41:22.939:"所有槽位上电成功"                            File: Line:0 Function: Type:Debug:
DateTime:2026-08-28 17:41:23.040:dll输出信息: ""                            File: Line:0 Function: Type:Debug:
DateTime:2026-08-28 17:41:23.040:接口函数调用成功，返回的结果为 0                            File: Line:0 Function: Type:Debug:
DateTime:2026-08-28 17:41:23.040:"外部传入的para：0，返回的result：0,返回的pValRet：0"                            File: Line:0 Function: Type:Debug:
DateTime:2026-08-28 17:41:23.040:"执行接口函数SimuCorn_power_on完成"                            File: Line:0 Function: Type:Debug:
DateTime:2026-08-28 17:41:23.040:coorIndex 0                            File: Line:0 Function: Type:Debug:
DateTime:2026-08-28 17:41:23.040:当前流程结束                            File: Line:0 Function: Type:Debug:
DateTime:2026-08-28 17:41:23.040:退出connect函数                            File: Line:0 Function: Type:Debug:
DateTime:2026-08-28 17:41:23.041:"=========【测试槽位上电】结束=========="                            File: Line:0 Function: Type:Debug:
DateTime:2026-08-28 17:41:23.041:"-----------------------------"                            File: Line:0 Function: Type:Debug:
DateTime:2026-08-28 17:41:23.042:"=============执行【设置强电通路闭合(槽位5,6)】==================="                            File: Line:0 Function: Type:Debug:
DateTime:2026-08-28 17:41:23.042:"执行接口函数SimuCorn_get_set_simu_relay"                            File: Line:0 Function: Type:Debug:
DateTime:2026-08-28 17:41:23.042:callWorkFunction: SimuCorn_get_set_simu_relay                            File: Line:0 Function: Type:Debug:
DateTime:2026-08-28 17:41:23.042:找到对应函数，进入执行                            File: Line:0 Function: Type:Debug:
DateTime:2026-08-28 17:41:23.042:"工装发送：68 42 00 42 00 68 40 00 00 00 00 00 22 60 00 00 20 00 01 02 03 04 EC 16"                            File: Line:0 Function: Type:Debug:
DateTime:2026-08-28 17:41:23.043:"工装接收：68 32 00 32 00 68 80 00 00 00 00 00 00 60 00 00 01 00 E1 16"                            File: Line:0 Function: Type:Debug:
DateTime:2026-08-28 17:41:23.043:"m_baRecvMsg:"                            File: Line:0 Function: Type:Debug:
DateTime:2026-08-28 17:41:23.043:"frameList.size():1"                            File: Line:0 Function: Type:Debug:
DateTime:2026-08-28 17:41:23.043:"进入报文解析"                            File: Line:0 Function: Type:Debug:
DateTime:2026-08-28 17:41:23.043:"68 32 00 32 00 68 80 00 00 00 00 00 00 60 00 00 01 00 E1 16"                            File: Line:0 Function: Type:Debug:
DateTime:2026-08-28 17:41:23.043:"解码完成，功能码: 1"                            File: Line:0 Function: Type:Debug:
DateTime:2026-08-28 17:41:23.043:"工装回复确认帧"                            File: Line:0 Function: Type:Debug:
DateTime:2026-08-28 17:41:23.043:"设置强电通路成功"                            File: Line:0 Function: Type:Debug:
DateTime:2026-08-28 17:41:23.145:dll输出信息: ""                            File: Line:0 Function: Type:Debug:
DateTime:2026-08-28 17:41:23.145:接口函数调用成功，返回的结果为 0                            File: Line:0 Function: Type:Debug:
DateTime:2026-08-28 17:41:23.145:"外部传入的para：0，返回的result：0,返回的pValRet：0"                            File: Line:0 Function: Type:Debug:
DateTime:2026-08-28 17:41:23.145:"执行接口函数SimuCorn_get_set_simu_relay完成"                            File: Line:0 Function: Type:Debug:
DateTime:2026-08-28 17:41:23.145:coorIndex 0                            File: Line:0 Function: Type:Debug:
DateTime:2026-08-28 17:41:23.145:当前流程结束                            File: Line:0 Function: Type:Debug:
DateTime:2026-08-28 17:41:23.145:退出connect函数                            File: Line:0 Function: Type:Debug:
DateTime:2026-08-28 17:41:23.146:"=========【设置强电通路闭合(槽位5,6)】结束=========="                            File: Line:0 Function: Type:Debug:
DateTime:2026-08-28 17:41:23.146:"-----------------------------"                            File: Line:0 Function: Type:Debug:
DateTime:2026-08-28 17:41:23.146:"=============执行【设置强电通路闭合(槽位7,8)】==================="                            File: Line:0 Function: Type:Debug:
DateTime:2026-08-28 17:41:23.146:"执行接口函数SimuCorn_get_set_simu_relay"                            File: Line:0 Function: Type:Debug:
DateTime:2026-08-28 17:41:23.146:callWorkFunction: SimuCorn_get_set_simu_relay                            File: Line:0 Function: Type:Debug:
DateTime:2026-08-28 17:41:23.146:找到对应函数，进入执行                            File: Line:0 Function: Type:Debug:
DateTime:2026-08-28 17:41:23.146:"工装发送：68 42 00 42 00 68 40 00 00 00 00 00 22 60 00 00 20 00 11 12 13 14 2C 16"                            File: Line:0 Function: Type:Debug:
DateTime:2026-08-28 17:41:23.152:"工装接收：68 32 00 32 00 68 80 00 00 00 00 00 00 60 00 00 01 00 E1 16"                            File: Line:0 Function: Type:Debug:
DateTime:2026-08-28 17:41:23.152:"m_baRecvMsg:"                            File: Line:0 Function: Type:Debug:
DateTime:2026-08-28 17:41:23.153:"frameList.size():1"                            File: Line:0 Function: Type:Debug:
DateTime:2026-08-28 17:41:23.153:"进入报文解析"                            File: Line:0 Function: Type:Debug:
DateTime:2026-08-28 17:41:23.153:"68 32 00 32 00 68 80 00 00 00 00 00 00 60 00 00 01 00 E1 16"                            File: Line:0 Function: Type:Debug:
DateTime:2026-08-28 17:41:23.153:"解码完成，功能码: 1"                            File: Line:0 Function: Type:Debug:
DateTime:2026-08-28 17:41:23.153:"工装回复确认帧"                            File: Line:0 Function: Type:Debug:
DateTime:2026-08-28 17:41:23.153:"设置强电通路成功"                            File: Line:0 Function: Type:Debug:
DateTime:2026-08-28 17:41:23.254:dll输出信息: ""                            File: Line:0 Function: Type:Debug:
DateTime:2026-08-28 17:41:23.254:接口函数调用成功，返回的结果为 0                            File: Line:0 Function: Type:Debug:
DateTime:2026-08-28 17:41:23.254:"外部传入的para：0，返回的result：0,返回的pValRet：0"                            File: Line:0 Function: Type:Debug:
DateTime:2026-08-28 17:41:23.254:"执行接口函数SimuCorn_get_set_simu_relay完成"                            File: Line:0 Function: Type:Debug:
DateTime:2026-08-28 17:41:23.254:coorIndex 0                            File: Line:0 Function: Type:Debug:
DateTime:2026-08-28 17:41:23.254:当前流程结束                            File: Line:0 Function: Type:Debug:
DateTime:2026-08-28 17:41:23.254:退出connect函数                            File: Line:0 Function: Type:Debug:
DateTime:2026-08-28 17:41:23.254:"=========【设置强电通路闭合(槽位7,8)】结束=========="                            File: Line:0 Function: Type:Debug:
DateTime:2026-08-28 17:41:23.254:"-----------------------------"                            File: Line:0 Function: Type:Debug:
DateTime:2026-08-28 17:41:23.254:"=============执行【执行延时】==================="                            File: Line:0 Function: Type:Debug:
DateTime:2026-08-28 17:41:23.254:"执行接口函数Func_Delay"                            File: Line:0 Function: Type:Debug:
DateTime:2026-08-28 17:41:23.254:callWorkFunction: Func_Delay                            File: Line:0 Function: Type:Debug:
DateTime:2026-08-28 17:41:23.254:找到对应函数，进入执行                            File: Line:0 Function: Type:Debug:
DateTime:2026-08-28 17:41:23.254:"延时时间为5s"                            File: Line:0 Function: Type:Debug:
DateTime:2026-08-28 17:41:23.254:"uTimeSecond_ms:5000"                            File: Line:0 Function: Type:Debug:
DateTime:2026-08-28 17:41:26.276:"等待工装回复超时"                            File: Line:0 Function: Type:Debug:
DateTime:2026-08-28 17:41:29.298:"等待工装回复超时"                            File: Line:0 Function: Type:Debug:
DateTime:2026-08-28 17:41:29.298:"延时时间到"                            File: Line:0 Function: Type:Debug:
DateTime:2026-08-28 17:41:29.398:dll输出信息: ""                            File: Line:0 Function: Type:Debug:
DateTime:2026-08-28 17:41:29.398:接口函数调用成功，返回的结果为 0                            File: Line:0 Function: Type:Debug:
DateTime:2026-08-28 17:41:29.398:"外部传入的para：0，返回的result：0,返回的pValRet：0"                            File: Line:0 Function: Type:Debug:
DateTime:2026-08-28 17:41:29.398:"执行接口函数Func_Delay完成"                            File: Line:0 Function: Type:Debug:
DateTime:2026-08-28 17:41:29.398:coorIndex 0                            File: Line:0 Function: Type:Debug:
DateTime:2026-08-28 17:41:29.398:当前流程结束                            File: Line:0 Function: Type:Debug:
DateTime:2026-08-28 17:41:29.398:退出connect函数                            File: Line:0 Function: Type:Debug:
DateTime:2026-08-28 17:41:29.398:"=========【执行延时】结束=========="                            File: Line:0 Function: Type:Debug:
DateTime:2026-08-28 17:41:29.399:"-----------------------------"                            File: Line:0 Function: Type:Debug:
DateTime:2026-08-28 17:41:29.400:"=============执行【Step2-设置主节点地址】==================="                            File: Line:0 Function: Type:Debug:
DateTime:2026-08-28 17:41:29.400:"执行接口函数CCO_AFN55_F1"                            File: Line:0 Function: Type:Debug:
DateTime:2026-08-28 17:41:29.400:callWorkFunction: CCO_AFN55_F1                            File: Line:0 Function: Type:Debug:
DateTime:2026-08-28 17:41:29.400:找到对应函数，进入执行                            File: Line:0 Function: Type:Debug:
DateTime:2026-08-28 17:41:29.904:"等待工装回复超时"                            File: Line:0 Function: Type:Debug:
DateTime:2026-08-28 17:41:29.904:"开始组帧"                            File: Line:0 Function: Type:Debug:
DateTime:2026-08-28 17:41:29.904:"组帧结束"                            File: Line:0 Function: Type:Debug:
DateTime:2026-08-28 17:41:29.904:"367.2Send:设置主节点地址(55H-F1)：=>68 15 00 43 00 00 00 00 00 48 55 01 00 12 90 78 56 34 12 97 16"                            File: Line:0 Function: Type:Debug:
DateTime:2026-08-28 17:41:29.904:"槽位2透传:68960096006840000000000022600000010002013C00681500430000000000485501001290785634129716C316"                            File: Line:0 Function: Type:Debug:
DateTime:2026-08-28 17:41:29.904:"工装发送：68 96 00 96 00 68 40 00 00 00 00 00 22 60 00 00 01 00 02 01 3C 00 68 15 00 43 00 00 00 00 00 48 55 01 00 12 90 78 56 34 12 97 16 C3 16"                            File: Line:0 Function: Type:Debug:
DateTime:2026-08-28 17:41:29.929:"工装接收：68 32 00 32 00 68 80 00 00 00 00 00 00 60 00 00 01 00 E1 16"                            File: Line:0 Function: Type:Debug:
DateTime:2026-08-28 17:41:29.929:"m_baRecvMsg:"                            File: Line:0 Function: Type:Debug:
DateTime:2026-08-28 17:41:29.929:"frameList.size():1"                            File: Line:0 Function: Type:Debug:
DateTime:2026-08-28 17:41:29.929:"进入报文解析"                            File: Line:0 Function: Type:Debug:
DateTime:2026-08-28 17:41:29.929:"68 32 00 32 00 68 80 00 00 00 00 00 00 60 00 00 01 00 E1 16"                            File: Line:0 Function: Type:Debug:
DateTime:2026-08-28 17:41:29.929:"解码完成，功能码: 1"                            File: Line:0 Function: Type:Debug:
DateTime:2026-08-28 17:41:29.929:"工装回复确认帧"                            File: Line:0 Function: Type:Debug:
DateTime:2026-08-28 17:41:30.242:"工装接收：68 7A 00 7A 00 68 80 00 00 00 00 00 22 60 00 00 01 00 02 0F 00 68 0F 00 80 00 00 00 00 00 48 50 01 00 19 16 D3 16"                            File: Line:0 Function: Type:Debug:
DateTime:2026-08-28 17:41:30.242:"m_baRecvMsg:"                            File: Line:0 Function: Type:Debug:
DateTime:2026-08-28 17:41:30.242:"frameList.size():1"                            File: Line:0 Function: Type:Debug:
DateTime:2026-08-28 17:41:30.242:"进入报文解析"                            File: Line:0 Function: Type:Debug:
DateTime:2026-08-28 17:41:30.242:"68 7A 00 7A 00 68 80 00 00 00 00 00 22 60 00 00 01 00 02 0F 00 68 0F 00 80 00 00 00 00 00 48 50 01 00 19 16 D3 16"                            File: Line:0 Function: Type:Debug:
DateTime:2026-08-28 17:41:30.242:"解码完成，功能码: 4"                            File: Line:0 Function: Type:Debug:
DateTime:2026-08-28 17:41:30.242:"工装接收到透传报文"                            File: Line:0 Function: Type:Debug:
DateTime:2026-08-28 17:41:30.242:"020F00680F00800000000000485001001916"                            File: Line:0 Function: Type:Debug:
DateTime:2026-08-28 17:41:30.242:"透传报文内容:68 0f 00 80 00 00 00 00 00 48 50 01 00 19 16"                            File: Line:0 Function: Type:Debug:
DateTime:2026-08-28 17:41:32.962:"uTimeSecond_ms:5000"                            File: Line:0 Function: Type:Debug:
DateTime:2026-08-28 17:41:32.962:"查找结果: iret=0, wStart=0, dwOutLen=15, dwStreamLen=15, dwFindPos=0"                            File: Line:0 Function: Type:Debug:
DateTime:2026-08-28 17:41:32.962:"Receive:<= 68 0F 00 80 00 00 00 00 00 48 50 01 00 19 16"                            File: Line:0 Function: Type:Debug:
DateTime:2026-08-28 17:41:32.962:"解析：功能码-AFN=50H,Fn=1："                            File: Line:0 Function: Type:Debug:
DateTime:2026-08-28 17:41:32.962:"设置主节点地址成功"                            File: Line:0 Function: Type:Debug:
DateTime:2026-08-28 17:41:32.962:dll输出信息: ""                            File: Line:0 Function: Type:Debug:
DateTime:2026-08-28 17:41:32.962:接口函数调用成功，返回的结果为 0                            File: Line:0 Function: Type:Debug:
DateTime:2026-08-28 17:41:32.962:"外部传入的para：0，返回的result：0,返回的pValRet：0"                            File: Line:0 Function: Type:Debug:
DateTime:2026-08-28 17:41:32.962:"执行接口函数CCO_AFN55_F1完成"                            File: Line:0 Function: Type:Debug:
DateTime:2026-08-28 17:41:32.963:coorIndex 0                            File: Line:0 Function: Type:Debug:
DateTime:2026-08-28 17:41:32.963:当前流程结束                            File: Line:0 Function: Type:Debug:
DateTime:2026-08-28 17:41:32.963:退出connect函数                            File: Line:0 Function: Type:Debug:
DateTime:2026-08-28 17:41:32.963:"=========【Step2-设置主节点地址】结束=========="                            File: Line:0 Function: Type:Debug:
DateTime:2026-08-28 17:41:32.964:"-----------------------------"                            File: Line:0 Function: Type:Debug:
DateTime:2026-08-28 17:41:32.964:"=============执行【Step3-硬件初始化】==================="                            File: Line:0 Function: Type:Debug:
DateTime:2026-08-28 17:41:32.964:"执行接口函数CCO_AFN51_F1"                            File: Line:0 Function: Type:Debug:
DateTime:2026-08-28 17:41:32.964:callWorkFunction: CCO_AFN51_F1                            File: Line:0 Function: Type:Debug:
DateTime:2026-08-28 17:41:32.964:找到对应函数，进入执行                            File: Line:0 Function: Type:Debug:
DateTime:2026-08-28 17:41:33.468:"等待工装回复超时"                            File: Line:0 Function: Type:Debug:
DateTime:2026-08-28 17:41:33.468:"开始组帧"                            File: Line:0 Function: Type:Debug:
DateTime:2026-08-28 17:41:33.468:"组帧结束"                            File: Line:0 Function: Type:Debug:
DateTime:2026-08-28 17:41:33.468:"367.2Send:硬件初始化(51H-F1)：=>68 0F 00 43 00 00 00 00 00 49 51 01 00 DE 16"                            File: Line:0 Function: Type:Debug:
DateTime:2026-08-28 17:41:33.468:"槽位2透传:687E007E006840000000000022600000010002013C00680F0043000000000049510100DE164B16"                            File: Line:0 Function: Type:Debug:
DateTime:2026-08-28 17:41:33.468:"工装发送：68 7E 00 7E 00 68 40 00 00 00 00 00 22 60 00 00 01 00 02 01 3C 00 68 0F 00 43 00 00 00 00 00 49 51 01 00 DE 16 4B 16"                            File: Line:0 Function: Type:Debug:
DateTime:2026-08-28 17:41:33.486:"工装接收：68 32 00 32 00 68 80 00 00 00 00 00 00 60 00 00 01 00 E1 16"                            File: Line:0 Function: Type:Debug:
DateTime:2026-08-28 17:41:33.486:"m_baRecvMsg:"                            File: Line:0 Function: Type:Debug:
DateTime:2026-08-28 17:41:33.486:"frameList.size():1"                            File: Line:0 Function: Type:Debug:
DateTime:2026-08-28 17:41:33.486:"进入报文解析"                            File: Line:0 Function: Type:Debug:
DateTime:2026-08-28 17:41:33.486:"68 32 00 32 00 68 80 00 00 00 00 00 00 60 00 00 01 00 E1 16"                            File: Line:0 Function: Type:Debug:
DateTime:2026-08-28 17:41:33.486:"解码完成，功能码: 1"                            File: Line:0 Function: Type:Debug:
DateTime:2026-08-28 17:41:33.486:"工装回复确认帧"                            File: Line:0 Function: Type:Debug:
DateTime:2026-08-28 17:41:33.539:"工装接收：68 7A 00 7A 00 68 80 00 00 00 00 00 22 60 00 00 01 00 02 0F 00 68 0F 00 80 00 00 00 00 00 49 50 01 00 1A 16 D5 16"                            File: Line:0 Function: Type:Debug:
DateTime:2026-08-28 17:41:33.539:"m_baRecvMsg:"                            File: Line:0 Function: Type:Debug:
DateTime:2026-08-28 17:41:33.539:"frameList.size():1"                            File: Line:0 Function: Type:Debug:
DateTime:2026-08-28 17:41:33.539:"进入报文解析"                            File: Line:0 Function: Type:Debug:
DateTime:2026-08-28 17:41:33.539:"68 7A 00 7A 00 68 80 00 00 00 00 00 22 60 00 00 01 00 02 0F 00 68 0F 00 80 00 00 00 00 00 49 50 01 00 1A 16 D5 16"                            File: Line:0 Function: Type:Debug:
DateTime:2026-08-28 17:41:33.539:"解码完成，功能码: 4"                            File: Line:0 Function: Type:Debug:
DateTime:2026-08-28 17:41:33.539:"工装接收到透传报文"                            File: Line:0 Function: Type:Debug:
DateTime:2026-08-28 17:41:33.539:"020F00680F00800000000000495001001A16"                            File: Line:0 Function: Type:Debug:
DateTime:2026-08-28 17:41:33.539:"透传报文内容:68 0f 00 80 00 00 00 00 00 49 50 01 00 1a 16"                            File: Line:0 Function: Type:Debug:
DateTime:2026-08-28 17:41:36.561:"uTimeSecond_ms:5000"                            File: Line:0 Function: Type:Debug:
DateTime:2026-08-28 17:41:36.561:"查找结果: iret=0, wStart=0, dwOutLen=15, dwStreamLen=15, dwFindPos=0"                            File: Line:0 Function: Type:Debug:
DateTime:2026-08-28 17:41:36.561:"Receive:<= 68 0F 00 80 00 00 00 00 00 49 50 01 00 1A 16"                            File: Line:0 Function: Type:Debug:
DateTime:2026-08-28 17:41:36.561:"解析：功能码-AFN=50H,Fn=1："                            File: Line:0 Function: Type:Debug:
DateTime:2026-08-28 17:41:36.561:"硬件初始化成功"                            File: Line:0 Function: Type:Debug:
DateTime:2026-08-28 17:41:36.561:dll输出信息: ""                            File: Line:0 Function: Type:Debug:
DateTime:2026-08-28 17:41:36.561:接口函数调用成功，返回的结果为 0                            File: Line:0 Function: Type:Debug:
DateTime:2026-08-28 17:41:36.561:"外部传入的para：0，返回的result：0,返回的pValRet：0"                            File: Line:0 Function: Type:Debug:
DateTime:2026-08-28 17:41:36.561:"执行接口函数CCO_AFN51_F1完成"                            File: Line:0 Function: Type:Debug:
DateTime:2026-08-28 17:41:36.562:coorIndex 0                            File: Line:0 Function: Type:Debug:
DateTime:2026-08-28 17:41:36.562:当前流程结束                            File: Line:0 Function: Type:Debug:
DateTime:2026-08-28 17:41:36.563:退出connect函数                            File: Line:0 Function: Type:Debug:
DateTime:2026-08-28 17:41:36.563:"=========【Step3-硬件初始化】结束=========="                            File: Line:0 Function: Type:Debug:
DateTime:2026-08-28 17:41:36.563:"-----------------------------"                            File: Line:0 Function: Type:Debug:
DateTime:2026-08-28 17:41:36.563:"=============执行【执行延时】==================="                            File: Line:0 Function: Type:Debug:
DateTime:2026-08-28 17:41:36.563:"执行接口函数Func_Delay"                            File: Line:0 Function: Type:Debug:
DateTime:2026-08-28 17:41:36.563:callWorkFunction: Func_Delay                            File: Line:0 Function: Type:Debug:
DateTime:2026-08-28 17:41:36.563:找到对应函数，进入执行                            File: Line:0 Function: Type:Debug:
DateTime:2026-08-28 17:41:36.563:"延时时间为5s"                            File: Line:0 Function: Type:Debug:
DateTime:2026-08-28 17:41:36.563:"uTimeSecond_ms:5000"                            File: Line:0 Function: Type:Debug:
DateTime:2026-08-28 17:41:39.585:"等待工装回复超时"                            File: Line:0 Function: Type:Debug:
DateTime:2026-08-28 17:41:42.607:"等待工装回复超时"                            File: Line:0 Function: Type:Debug:
DateTime:2026-08-28 17:41:42.607:"延时时间到"                            File: Line:0 Function: Type:Debug:
DateTime:2026-08-28 17:41:42.708:dll输出信息: ""                            File: Line:0 Function: Type:Debug:
DateTime:2026-08-28 17:41:42.708:接口函数调用成功，返回的结果为 0                            File: Line:0 Function: Type:Debug:
DateTime:2026-08-28 17:41:42.708:"外部传入的para：0，返回的result：0,返回的pValRet：0"                            File: Line:0 Function: Type:Debug:
DateTime:2026-08-28 17:41:42.708:"执行接口函数Func_Delay完成"                            File: Line:0 Function: Type:Debug:
DateTime:2026-08-28 17:41:42.708:coorIndex 0                            File: Line:0 Function: Type:Debug:
DateTime:2026-08-28 17:41:42.708:当前流程结束                            File: Line:0 Function: Type:Debug:
DateTime:2026-08-28 17:41:42.708:退出connect函数                            File: Line:0 Function: Type:Debug:
DateTime:2026-08-28 17:41:42.708:"=========【执行延时】结束=========="                            File: Line:0 Function: Type:Debug:
DateTime:2026-08-28 17:41:42.709:"-----------------------------"                            File: Line:0 Function: Type:Debug:
DateTime:2026-08-28 17:41:42.710:"=============执行【Step4-<645协议设置读取>】==================="                            File: Line:0 Function: Type:Debug:
DateTime:2026-08-28 17:41:42.710:"执行接口函数OnTestMessage"                            File: Line:0 Function: Type:Debug:
DateTime:2026-08-28 17:41:42.710:callWorkFunction: OnTestMessage                            File: Line:0 Function: Type:Debug:
DateTime:2026-08-28 17:41:42.710:找到对应函数，进入执行                            File: Line:0 Function: Type:Debug:
DateTime:2026-08-28 17:41:42.710:""                            File: Line:0 Function: Type:Debug:
DateTime:2026-08-28 17:41:42.811:dll输出信息: ""                            File: Line:0 Function: Type:Debug:
DateTime:2026-08-28 17:41:42.811:接口函数调用成功，返回的结果为 0                            File: Line:0 Function: Type:Debug:
DateTime:2026-08-28 17:41:42.811:"外部传入的para：0，返回的result：0,返回的pValRet：0"                            File: Line:0 Function: Type:Debug:
DateTime:2026-08-28 17:41:42.811:"执行接口函数OnTestMessage完成"                            File: Line:0 Function: Type:Debug:
DateTime:2026-08-28 17:41:42.812:coorIndex 0                            File: Line:0 Function: Type:Debug:
DateTime:2026-08-28 17:41:42.812:当前流程结束                            File: Line:0 Function: Type:Debug:
DateTime:2026-08-28 17:41:42.812:退出connect函数                            File: Line:0 Function: Type:Debug:
DateTime:2026-08-28 17:41:42.812:"=========【Step4-<645协议设置读取>】结束=========="                            File: Line:0 Function: Type:Debug:
DateTime:2026-08-28 17:41:42.812:"-----------------------------"                            File: Line:0 Function: Type:Debug:
DateTime:2026-08-28 17:41:42.812:"=============执行【Step5-参数区初始化】==================="                            File: Line:0 Function: Type:Debug:
DateTime:2026-08-28 17:41:42.813:"执行接口函数CCO_AFN51_F2"                            File: Line:0 Function: Type:Debug:
DateTime:2026-08-28 17:41:42.813:callWorkFunction: CCO_AFN51_F2                            File: Line:0 Function: Type:Debug:
DateTime:2026-08-28 17:41:42.813:找到对应函数，进入执行                            File: Line:0 Function: Type:Debug:
DateTime:2026-08-28 17:41:43.316:"等待工装回复超时"                            File: Line:0 Function: Type:Debug:
DateTime:2026-08-28 17:41:43.316:"开始组帧"                            File: Line:0 Function: Type:Debug:
DateTime:2026-08-28 17:41:43.316:"组帧结束"                            File: Line:0 Function: Type:Debug:
DateTime:2026-08-28 17:41:43.316:"367.2Send:参数初始化(51H-F2)：=>68 0F 00 43 00 00 00 00 00 4A 51 02 00 E0 16"                            File: Line:0 Function: Type:Debug:
DateTime:2026-08-28 17:41:43.316:"槽位2透传:687E007E006840000000000022600000010002013C00680F004300000000004A510200E0164F16"                            File: Line:0 Function: Type:Debug:
DateTime:2026-08-28 17:41:43.316:"工装发送：68 7E 00 7E 00 68 40 00 00 00 00 00 22 60 00 00 01 00 02 01 3C 00 68 0F 00 43 00 00 00 00 00 4A 51 02 00 E0 16 4F 16"                            File: Line:0 Function: Type:Debug:
DateTime:2026-08-28 17:41:43.334:"工装接收：68 32 00 32 00 68 80 00 00 00 00 00 00 60 00 00 01 00 E1 16"                            File: Line:0 Function: Type:Debug:
DateTime:2026-08-28 17:41:43.334:"m_baRecvMsg:"                            File: Line:0 Function: Type:Debug:
DateTime:2026-08-28 17:41:43.334:"frameList.size():1"                            File: Line:0 Function: Type:Debug:
DateTime:2026-08-28 17:41:43.334:"进入报文解析"                            File: Line:0 Function: Type:Debug:
DateTime:2026-08-28 17:41:43.334:"68 32 00 32 00 68 80 00 00 00 00 00 00 60 00 00 01 00 E1 16"                            File: Line:0 Function: Type:Debug:
DateTime:2026-08-28 17:41:43.334:"解码完成，功能码: 1"                            File: Line:0 Function: Type:Debug:
DateTime:2026-08-28 17:41:43.334:"工装回复确认帧"                            File: Line:0 Function: Type:Debug:
DateTime:2026-08-28 17:41:43.383:"工装接收：68 7A 00 7A 00 68 80 00 00 00 00 00 22 60 00 00 01 00 02 0F 00 68 0F 00 80 00 00 00 00 00 4A 50 01 00 1B 16 D7 16"                            File: Line:0 Function: Type:Debug:
DateTime:2026-08-28 17:41:43.383:"m_baRecvMsg:"                            File: Line:0 Function: Type:Debug:
DateTime:2026-08-28 17:41:43.383:"frameList.size():1"                            File: Line:0 Function: Type:Debug:
DateTime:2026-08-28 17:41:43.383:"进入报文解析"                            File: Line:0 Function: Type:Debug:
DateTime:2026-08-28 17:41:43.383:"68 7A 00 7A 00 68 80 00 00 00 00 00 22 60 00 00 01 00 02 0F 00 68 0F 00 80 00 00 00 00 00 4A 50 01 00 1B 16 D7 16"                            File: Line:0 Function: Type:Debug:
DateTime:2026-08-28 17:41:43.383:"解码完成，功能码: 4"                            File: Line:0 Function: Type:Debug:
DateTime:2026-08-28 17:41:43.383:"工装接收到透传报文"                            File: Line:0 Function: Type:Debug:
DateTime:2026-08-28 17:41:43.383:"020F00680F008000000000004A5001001B16"                            File: Line:0 Function: Type:Debug:
DateTime:2026-08-28 17:41:43.383:"透传报文内容:68 0f 00 80 00 00 00 00 00 4a 50 01 00 1b 16"                            File: Line:0 Function: Type:Debug:
DateTime:2026-08-28 17:41:46.405:"uTimeSecond_ms:20000"                            File: Line:0 Function: Type:Debug:
DateTime:2026-08-28 17:41:46.405:"查找结果: iret=0, wStart=0, dwOutLen=15, dwStreamLen=15, dwFindPos=0"                            File: Line:0 Function: Type:Debug:
DateTime:2026-08-28 17:41:46.405:"Receive:<= 68 0F 00 80 00 00 00 00 00 4A 50 01 00 1B 16"                            File: Line:0 Function: Type:Debug:
DateTime:2026-08-28 17:41:46.405:"解析：功能码-AFN=50H,Fn=1："                            File: Line:0 Function: Type:Debug:
DateTime:2026-08-28 17:41:46.405:"参数区初始化成功"                            File: Line:0 Function: Type:Debug:
DateTime:2026-08-28 17:41:46.405:dll输出信息: ""                            File: Line:0 Function: Type:Debug:
DateTime:2026-08-28 17:41:46.405:接口函数调用成功，返回的结果为 0                            File: Line:0 Function: Type:Debug:
DateTime:2026-08-28 17:41:46.405:"外部传入的para：0，返回的result：0,返回的pValRet：0"                            File: Line:0 Function: Type:Debug:
DateTime:2026-08-28 17:41:46.405:"执行接口函数CCO_AFN51_F2完成"                            File: Line:0 Function: Type:Debug:
DateTime:2026-08-28 17:41:46.406:coorIndex 0                            File: Line:0 Function: Type:Debug:
DateTime:2026-08-28 17:41:46.406:当前流程结束                            File: Line:0 Function: Type:Debug:
DateTime:2026-08-28 17:41:46.406:退出connect函数                            File: Line:0 Function: Type:Debug:
DateTime:2026-08-28 17:41:46.406:"=========【Step5-参数区初始化】结束=========="                            File: Line:0 Function: Type:Debug:
DateTime:2026-08-28 17:41:46.407:"-----------------------------"                            File: Line:0 Function: Type:Debug:
DateTime:2026-08-28 17:41:46.407:"=============执行【执行延时】==================="                            File: Line:0 Function: Type:Debug:
DateTime:2026-08-28 17:41:46.407:"执行接口函数Func_Delay"                            File: Line:0 Function: Type:Debug:
DateTime:2026-08-28 17:41:46.407:callWorkFunction: Func_Delay                            File: Line:0 Function: Type:Debug:
DateTime:2026-08-28 17:41:46.407:找到对应函数，进入执行                            File: Line:0 Function: Type:Debug:
DateTime:2026-08-28 17:41:46.407:"延时时间为5s"                            File: Line:0 Function: Type:Debug:
DateTime:2026-08-28 17:41:46.407:"uTimeSecond_ms:5000"                            File: Line:0 Function: Type:Debug:
DateTime:2026-08-28 17:41:49.429:"等待工装回复超时"                            File: Line:0 Function: Type:Debug:
DateTime:2026-08-28 17:41:52.451:"等待工装回复超时"                            File: Line:0 Function: Type:Debug:
DateTime:2026-08-28 17:41:52.451:"延时时间到"                            File: Line:0 Function: Type:Debug:
DateTime:2026-08-28 17:41:52.552:dll输出信息: ""                            File: Line:0 Function: Type:Debug:
DateTime:2026-08-28 17:41:52.552:接口函数调用成功，返回的结果为 0                            File: Line:0 Function: Type:Debug:
DateTime:2026-08-28 17:41:52.552:"外部传入的para：0，返回的result：0,返回的pValRet：0"                            File: Line:0 Function: Type:Debug:
DateTime:2026-08-28 17:41:52.552:"执行接口函数Func_Delay完成"                            File: Line:0 Function: Type:Debug:
DateTime:2026-08-28 17:41:52.552:coorIndex 0                            File: Line:0 Function: Type:Debug:
DateTime:2026-08-28 17:41:52.552:当前流程结束                            File: Line:0 Function: Type:Debug:
DateTime:2026-08-28 17:41:52.552:退出connect函数                            File: Line:0 Function: Type:Debug:
DateTime:2026-08-28 17:41:52.552:"=========【执行延时】结束=========="                            File: Line:0 Function: Type:Debug:
DateTime:2026-08-28 17:41:52.553:"-----------------------------"                            File: Line:0 Function: Type:Debug:
DateTime:2026-08-28 17:41:52.554:"=============执行【Step6-数据区初始化】==================="                            File: Line:0 Function: Type:Debug:
DateTime:2026-08-28 17:41:52.554:"执行接口函数CCO_AFN51_F3"                            File: Line:0 Function: Type:Debug:
DateTime:2026-08-28 17:41:52.554:callWorkFunction: CCO_AFN51_F3                            File: Line:0 Function: Type:Debug:
DateTime:2026-08-28 17:41:52.554:找到对应函数，进入执行                            File: Line:0 Function: Type:Debug:
DateTime:2026-08-28 17:41:53.057:"等待工装回复超时"                            File: Line:0 Function: Type:Debug:
DateTime:2026-08-28 17:41:53.057:"开始组帧"                            File: Line:0 Function: Type:Debug:
DateTime:2026-08-28 17:41:53.057:"组帧结束"                            File: Line:0 Function: Type:Debug:
DateTime:2026-08-28 17:41:53.057:"367.2Send:数据区初始化(51H-F3)：=>68 0F 00 43 00 00 00 00 00 4B 51 04 00 E3 16"                            File: Line:0 Function: Type:Debug:
DateTime:2026-08-28 17:41:53.057:"槽位2透传:687E007E006840000000000022600000010002013C00680F004300000000004B510400E3165516"                            File: Line:0 Function: Type:Debug:
DateTime:2026-08-28 17:41:53.057:"工装发送：68 7E 00 7E 00 68 40 00 00 00 00 00 22 60 00 00 01 00 02 01 3C 00 68 0F 00 43 00 00 00 00 00 4B 51 04 00 E3 16 55 16"                            File: Line:0 Function: Type:Debug:
DateTime:2026-08-28 17:41:53.075:"工装接收：68 32 00 32 00 68 80 00 00 00 00 00 00 60 00 00 01 00 E1 16"                            File: Line:0 Function: Type:Debug:
DateTime:2026-08-28 17:41:53.075:"m_baRecvMsg:"                            File: Line:0 Function: Type:Debug:
DateTime:2026-08-28 17:41:53.075:"frameList.size():1"                            File: Line:0 Function: Type:Debug:
DateTime:2026-08-28 17:41:53.075:"进入报文解析"                            File: Line:0 Function: Type:Debug:
DateTime:2026-08-28 17:41:53.075:"68 32 00 32 00 68 80 00 00 00 00 00 00 60 00 00 01 00 E1 16"                            File: Line:0 Function: Type:Debug:
DateTime:2026-08-28 17:41:53.075:"解码完成，功能码: 1"                            File: Line:0 Function: Type:Debug:
DateTime:2026-08-28 17:41:53.075:"工装回复确认帧"                            File: Line:0 Function: Type:Debug:
DateTime:2026-08-28 17:41:53.201:"工装接收：68 7A 00 7A 00 68 80 00 00 00 00 00 22 60 00 00 01 00 02 0F 00 68 0F 00 80 00 00 00 00 00 4B 50 01 00 1C 16 D9 16"                            File: Line:0 Function: Type:Debug:
DateTime:2026-08-28 17:41:53.201:"m_baRecvMsg:"                            File: Line:0 Function: Type:Debug:
DateTime:2026-08-28 17:41:53.201:"frameList.size():1"                            File: Line:0 Function: Type:Debug:
DateTime:2026-08-28 17:41:53.201:"进入报文解析"                            File: Line:0 Function: Type:Debug:
DateTime:2026-08-28 17:41:53.201:"68 7A 00 7A 00 68 80 00 00 00 00 00 22 60 00 00 01 00 02 0F 00 68 0F 00 80 00 00 00 00 00 4B 50 01 00 1C 16 D9 16"                            File: Line:0 Function: Type:Debug:
DateTime:2026-08-28 17:41:53.201:"解码完成，功能码: 4"                            File: Line:0 Function: Type:Debug:
DateTime:2026-08-28 17:41:53.201:"工装接收到透传报文"                            File: Line:0 Function: Type:Debug:
DateTime:2026-08-28 17:41:53.201:"020F00680F008000000000004B5001001C16"                            File: Line:0 Function: Type:Debug:
DateTime:2026-08-28 17:41:53.201:"透传报文内容:68 0f 00 80 00 00 00 00 00 4b 50 01 00 1c 16"                            File: Line:0 Function: Type:Debug:
DateTime:2026-08-28 17:41:56.122:"uTimeSecond_ms:5000"                            File: Line:0 Function: Type:Debug:
DateTime:2026-08-28 17:41:56.122:"查找结果: iret=0, wStart=0, dwOutLen=15, dwStreamLen=15, dwFindPos=0"                            File: Line:0 Function: Type:Debug:
DateTime:2026-08-28 17:41:56.122:"Receive:<= 68 0F 00 80 00 00 00 00 00 4B 50 01 00 1C 16"                            File: Line:0 Function: Type:Debug:
DateTime:2026-08-28 17:41:56.122:"解析：功能码-AFN=50H,Fn=1："                            File: Line:0 Function: Type:Debug:
DateTime:2026-08-28 17:41:56.122:"数据区初始化"                            File: Line:0 Function: Type:Debug:
DateTime:2026-08-28 17:41:56.122:dll输出信息: ""                            File: Line:0 Function: Type:Debug:
DateTime:2026-08-28 17:41:56.122:接口函数调用成功，返回的结果为 0                            File: Line:0 Function: Type:Debug:
DateTime:2026-08-28 17:41:56.122:"外部传入的para：0，返回的result：0,返回的pValRet：0"                            File: Line:0 Function: Type:Debug:
DateTime:2026-08-28 17:41:56.122:"执行接口函数CCO_AFN51_F3完成"                            File: Line:0 Function: Type:Debug:
DateTime:2026-08-28 17:41:56.123:coorIndex 0                            File: Line:0 Function: Type:Debug:
DateTime:2026-08-28 17:41:56.123:当前流程结束                            File: Line:0 Function: Type:Debug:
DateTime:2026-08-28 17:41:56.123:退出connect函数                            File: Line:0 Function: Type:Debug:
DateTime:2026-08-28 17:41:56.124:"=========【Step6-数据区初始化】结束=========="                            File: Line:0 Function: Type:Debug:
DateTime:2026-08-28 17:41:56.124:"-----------------------------"                            File: Line:0 Function: Type:Debug:
DateTime:2026-08-28 17:41:56.124:"=============执行【执行延时】==================="                            File: Line:0 Function: Type:Debug:
DateTime:2026-08-28 17:41:56.124:"执行接口函数Func_Delay"                            File: Line:0 Function: Type:Debug:
DateTime:2026-08-28 17:41:56.124:callWorkFunction: Func_Delay                            File: Line:0 Function: Type:Debug:
DateTime:2026-08-28 17:41:56.124:找到对应函数，进入执行                            File: Line:0 Function: Type:Debug:
DateTime:2026-08-28 17:41:56.124:"延时时间为5s"                            File: Line:0 Function: Type:Debug:
DateTime:2026-08-28 17:41:56.124:"uTimeSecond_ms:5000"                            File: Line:0 Function: Type:Debug:
DateTime:2026-08-28 17:41:59.146:"等待工装回复超时"                            File: Line:0 Function: Type:Debug:
DateTime:2026-08-28 17:42:02.168:"等待工装回复超时"                            File: Line:0 Function: Type:Debug:
DateTime:2026-08-28 17:42:02.168:"延时时间到"                            File: Line:0 Function: Type:Debug:
DateTime:2026-08-28 17:42:02.269:dll输出信息: ""                            File: Line:0 Function: Type:Debug:
DateTime:2026-08-28 17:42:02.269:接口函数调用成功，返回的结果为 0                            File: Line:0 Function: Type:Debug:
DateTime:2026-08-28 17:42:02.269:"外部传入的para：0，返回的result：0,返回的pValRet：0"                            File: Line:0 Function: Type:Debug:
DateTime:2026-08-28 17:42:02.269:"执行接口函数Func_Delay完成"                            File: Line:0 Function: Type:Debug:
DateTime:2026-08-28 17:42:02.269:coorIndex 0                            File: Line:0 Function: Type:Debug:
DateTime:2026-08-28 17:42:02.269:当前流程结束                            File: Line:0 Function: Type:Debug:
DateTime:2026-08-28 17:42:02.269:退出connect函数                            File: Line:0 Function: Type:Debug:
DateTime:2026-08-28 17:42:02.270:"=========【执行延时】结束=========="                            File: Line:0 Function: Type:Debug:
DateTime:2026-08-28 17:42:02.270:"-----------------------------"                            File: Line:0 Function: Type:Debug:
DateTime:2026-08-28 17:42:02.270:"=============执行【Step7-预告抄读对象】==================="                            File: Line:0 Function: Type:Debug:
DateTime:2026-08-28 17:42:02.270:"执行接口函数CCO_AFN55_F9"                            File: Line:0 Function: Type:Debug:
DateTime:2026-08-28 17:42:02.270:callWorkFunction: CCO_AFN55_F9                            File: Line:0 Function: Type:Debug:
DateTime:2026-08-28 17:42:02.270:找到对应函数，进入执行                            File: Line:0 Function: Type:Debug:
DateTime:2026-08-28 17:42:02.773:"等待工装回复超时"                            File: Line:0 Function: Type:Debug:
DateTime:2026-08-28 17:42:02.773:"开始组帧"                            File: Line:0 Function: Type:Debug:
DateTime:2026-08-28 17:42:02.773:"组帧结束"                            File: Line:0 Function: Type:Debug:
DateTime:2026-08-28 17:42:02.773:"367.2Send:预告抄读对象(55H-F9)：=>68 1B 00 43 00 00 00 00 00 4C 55 01 01 01 00 00 01 00 03 03 01 10 00 16 19 2E 16"                            File: Line:0 Function: Type:Debug:
DateTime:2026-08-28 17:42:02.773:"槽位2透传:68AE00AE006840000000000022600000010002013C00681B004300000000004C5501010100000100030301100016192E16F716"                            File: Line:0 Function: Type:Debug:
DateTime:2026-08-28 17:42:02.773:"工装发送：68 AE 00 AE 00 68 40 00 00 00 00 00 22 60 00 00 01 00 02 01 3C 00 68 1B 00 43 00 00 00 00 00 4C 55 01 01 01 00 00 01 00 03 03 01 10 00 16 19 2E 16 F7 16"                            File: Line:0 Function: Type:Debug:
DateTime:2026-08-28 17:42:02.805:"工装接收：68 32 00 32 00 68 80 00 00 00 00 00 00 60 00 00 01 00 E1 16"                            File: Line:0 Function: Type:Debug:
DateTime:2026-08-28 17:42:02.805:"m_baRecvMsg:"                            File: Line:0 Function: Type:Debug:
DateTime:2026-08-28 17:42:02.805:"frameList.size():1"                            File: Line:0 Function: Type:Debug:
DateTime:2026-08-28 17:42:02.805:"进入报文解析"                            File: Line:0 Function: Type:Debug:
DateTime:2026-08-28 17:42:02.805:"68 32 00 32 00 68 80 00 00 00 00 00 00 60 00 00 01 00 E1 16"                            File: Line:0 Function: Type:Debug:
DateTime:2026-08-28 17:42:02.805:"解码完成，功能码: 1"                            File: Line:0 Function: Type:Debug:
DateTime:2026-08-28 17:42:02.805:"工装回复确认帧"                            File: Line:0 Function: Type:Debug:
DateTime:2026-08-28 17:42:02.853:"工装接收：68 7A 00 7A 00 68 80 00 00 00 00 00 22 60 00 00 01 00 02 0F 00 68 0F 00 80 00 00 00 00 00 4C 50 01 00 1D 16 DB 16"                            File: Line:0 Function: Type:Debug:
DateTime:2026-08-28 17:42:02.853:"m_baRecvMsg:"                            File: Line:0 Function: Type:Debug:
DateTime:2026-08-28 17:42:02.853:"frameList.size():1"                            File: Line:0 Function: Type:Debug:
DateTime:2026-08-28 17:42:02.853:"进入报文解析"                            File: Line:0 Function: Type:Debug:
DateTime:2026-08-28 17:42:02.853:"68 7A 00 7A 00 68 80 00 00 00 00 00 22 60 00 00 01 00 02 0F 00 68 0F 00 80 00 00 00 00 00 4C 50 01 00 1D 16 DB 16"                            File: Line:0 Function: Type:Debug:
DateTime:2026-08-28 17:42:02.853:"解码完成，功能码: 4"                            File: Line:0 Function: Type:Debug:
DateTime:2026-08-28 17:42:02.853:"工装接收到透传报文"                            File: Line:0 Function: Type:Debug:
DateTime:2026-08-28 17:42:02.853:"020F00680F008000000000004C5001001D16"                            File: Line:0 Function: Type:Debug:
DateTime:2026-08-28 17:42:02.853:"透传报文内容:68 0f 00 80 00 00 00 00 00 4c 50 01 00 1d 16"                            File: Line:0 Function: Type:Debug:
DateTime:2026-08-28 17:42:05.774:"uTimeSecond_ms:5000"                            File: Line:0 Function: Type:Debug:
DateTime:2026-08-28 17:42:05.774:"查找结果: iret=0, wStart=0, dwOutLen=15, dwStreamLen=15, dwFindPos=0"                            File: Line:0 Function: Type:Debug:
DateTime:2026-08-28 17:42:05.774:"Receive:<= 68 0F 00 80 00 00 00 00 00 4C 50 01 00 1D 16"                            File: Line:0 Function: Type:Debug:
DateTime:2026-08-28 17:42:05.774:"解析：功能码-AFN=50H,Fn=1："                            File: Line:0 Function: Type:Debug:
DateTime:2026-08-28 17:42:05.774:"预告抄读对象成功"                            File: Line:0 Function: Type:Debug:
DateTime:2026-08-28 17:42:05.774:"成功数量：1"                            File: Line:0 Function: Type:Debug:
DateTime:2026-08-28 17:42:05.795:"预告抄读对象总数量：1 全部成功 "                            File: Line:0 Function: Type:Debug:
DateTime:2026-08-28 17:42:05.795:dll输出信息: ""                            File: Line:0 Function: Type:Debug:
DateTime:2026-08-28 17:42:05.795:接口函数调用成功，返回的结果为 0                            File: Line:0 Function: Type:Debug:
DateTime:2026-08-28 17:42:05.795:"外部传入的para：0，返回的result：0,返回的pValRet：0"                            File: Line:0 Function: Type:Debug:
DateTime:2026-08-28 17:42:05.795:"执行接口函数CCO_AFN55_F9完成"                            File: Line:0 Function: Type:Debug:
DateTime:2026-08-28 17:42:05.796:coorIndex 0                            File: Line:0 Function: Type:Debug:
DateTime:2026-08-28 17:42:05.796:当前流程结束                            File: Line:0 Function: Type:Debug:
DateTime:2026-08-28 17:42:05.796:退出connect函数                            File: Line:0 Function: Type:Debug:
DateTime:2026-08-28 17:42:05.796:"=========【Step7-预告抄读对象】结束=========="                            File: Line:0 Function: Type:Debug:
DateTime:2026-08-28 17:42:05.796:"-----------------------------"                            File: Line:0 Function: Type:Debug:
DateTime:2026-08-28 17:42:05.800:"=============执行【Step8-组网测试】==================="                            File: Line:0 Function: Type:Debug:
DateTime:2026-08-28 17:42:05.800:"执行接口函数CCO_Func_FormNetWork"                            File: Line:0 Function: Type:Debug:
DateTime:2026-08-28 17:42:05.800:callWorkFunction: CCO_Func_FormNetWork                            File: Line:0 Function: Type:Debug:
DateTime:2026-08-28 17:42:05.800:找到对应函数，进入执行                            File: Line:0 Function: Type:Debug:
DateTime:2026-08-28 17:42:05.800:"addrs191600100103"                            File: Line:0 Function: Type:Debug:
DateTime:2026-08-28 17:42:05.800:"地址数量1"                            File: Line:0 Function: Type:Debug:
DateTime:2026-08-28 17:42:05.800:"传入的addrs数量1"                            File: Line:0 Function: Type:Debug:
DateTime:2026-08-28 17:42:05.800:"QString::fromLatin1(addrs[0])\u0019\u0016"                            File: Line:0 Function: Type:Debug:
DateTime:2026-08-28 17:42:06.304:"等待工装回复超时"                            File: Line:0 Function: Type:Debug:
DateTime:2026-08-28 17:42:06.304:"开始组帧"                            File: Line:0 Function: Type:Debug:
DateTime:2026-08-28 17:42:06.304:"组帧结束"                            File: Line:0 Function: Type:Debug:
DateTime:2026-08-28 17:42:06.304:"367.2Send:查询网络拓扑,节点起始序号:1：=>68 12 00 41 00 00 00 00 00 4D 10 10 02 01 00 0A BB 16"                            File: Line:0 Function: Type:Debug:
DateTime:2026-08-28 17:42:06.304:"槽位2透传:688A008A006840000000000022600000010002013C006812004100000000004D10100201000ABB160816"                            File: Line:0 Function: Type:Debug:
DateTime:2026-08-28 17:42:06.304:"工装发送：68 8A 00 8A 00 68 40 00 00 00 00 00 22 60 00 00 01 00 02 01 3C 00 68 12 00 41 00 00 00 00 00 4D 10 10 02 01 00 0A BB 16 08 16"                            File: Line:0 Function: Type:Debug:
DateTime:2026-08-28 17:42:06.325:"工装接收：68 32 00 32 00 68 80 00 00 00 00 00 00 60 00 00 01 00 E1 16"                            File: Line:0 Function: Type:Debug:
DateTime:2026-08-28 17:42:06.325:"m_baRecvMsg:"                            File: Line:0 Function: Type:Debug:
DateTime:2026-08-28 17:42:06.325:"frameList.size():1"                            File: Line:0 Function: Type:Debug:
DateTime:2026-08-28 17:42:06.326:"进入报文解析"                            File: Line:0 Function: Type:Debug:
DateTime:2026-08-28 17:42:06.326:"68 32 00 32 00 68 80 00 00 00 00 00 00 60 00 00 01 00 E1 16"                            File: Line:0 Function: Type:Debug:
DateTime:2026-08-28 17:42:06.326:"解码完成，功能码: 1"                            File: Line:0 Function: Type:Debug:
DateTime:2026-08-28 17:42:06.326:"工装回复确认帧"                            File: Line:0 Function: Type:Debug:
DateTime:2026-08-28 17:42:06.378:"工装接收：68 BA 00 BA 00 68 80 00 00 00 00 00 22 60 00 00 01 00 02 1F 00 68 1F 00 83 00 00 00 00 00 4D 10 10 02 01 00 01 00 01 12 90 78 56 34 12 01 00 00 00 40 EC 16 99 16"                            File: Line:0 Function: Type:Debug:
DateTime:2026-08-28 17:42:06.378:"m_baRecvMsg:"                            File: Line:0 Function: Type:Debug:
DateTime:2026-08-28 17:42:06.378:"frameList.size():1"                            File: Line:0 Function: Type:Debug:
DateTime:2026-08-28 17:42:06.378:"进入报文解析"                            File: Line:0 Function: Type:Debug:
DateTime:2026-08-28 17:42:06.378:"68 BA 00 BA 00 68 80 00 00 00 00 00 22 60 00 00 01 00 02 1F 00 68 1F 00 83 00 00 00 00 00 4D 10 10 02 01 00 01 00 01 12 90 78 56 34 12 01 00 00 00 40 EC 16 99 16"                            File: Line:0 Function: Type:Debug:
DateTime:2026-08-28 17:42:06.378:"解码完成，功能码: 4"                            File: Line:0 Function: Type:Debug:
DateTime:2026-08-28 17:42:06.378:"工装接收到透传报文"                            File: Line:0 Function: Type:Debug:
DateTime:2026-08-28 17:42:06.378:"021F00681F008300000000004D10100201000100011290785634120100000040EC16"                            File: Line:0 Function: Type:Debug:
DateTime:2026-08-28 17:42:06.378:"透传报文内容:68 1f 00 83 00 00 00 00 00 4d 10 10 02 01 00 01 00 01 12 90 78 56 34 12 01 00 00 00 40 ec 16"                            File: Line:0 Function: Type:Debug:
DateTime:2026-08-28 17:42:09.400:"uTimeSecond_ms:5000"                            File: Line:0 Function: Type:Debug:
DateTime:2026-08-28 17:42:09.400:"查找结果: iret=0, wStart=0, dwOutLen=31, dwStreamLen=31, dwFindPos=0"                            File: Line:0 Function: Type:Debug:
DateTime:2026-08-28 17:42:09.400:"Receive:<= 68 1F 00 83 00 00 00 00 00 4D 10 10 02 01 00 01 00 01 12 90 78 56 34 12 01 00 00 00 40 EC 16"                            File: Line:0 Function: Type:Debug:
DateTime:2026-08-28 17:42:09.400:"解析：功能码-AFN=10H,Fn=21："                            File: Line:0 Function: Type:Debug:
DateTime:2026-08-28 17:42:09.400:"从节点总数量：1, 节点起始序号：1, 本次应答的从节点数量：1"                            File: Line:0 Function: Type:Debug:
DateTime:2026-08-28 17:42:09.400:"节点1信息：地址:123456789012, 节点标识:1, 代理节点标识:0, 节点层级:0, 节点角色:主节点（CCO）"                            File: Line:0 Function: Type:Debug:
DateTime:2026-08-28 17:42:09.400:"nAddr123456789012ptAddr191600100103"                            File: Line:0 Function: Type:Debug:
DateTime:2026-08-28 17:42:09.411:"当前还有1个节点未入网."                            File: Line:0 Function: Type:Debug:
DateTime:2026-08-28 17:42:14.915:"等待工装回复超时"                            File: Line:0 Function: Type:Debug:
DateTime:2026-08-28 17:42:14.915:"开始组帧"                            File: Line:0 Function: Type:Debug:
DateTime:2026-08-28 17:42:14.915:"组帧结束"                            File: Line:0 Function: Type:Debug:
DateTime:2026-08-28 17:42:14.915:"367.2Send:查询网络拓扑,节点起始序号:1：=>68 12 00 41 00 00 00 00 00 4E 10 10 02 01 00 0A BC 16"                            File: Line:0 Function: Type:Debug:
DateTime:2026-08-28 17:42:14.915:"槽位2透传:688A008A006840000000000022600000010002013C006812004100000000004E10100201000ABC160A16"                            File: Line:0 Function: Type:Debug:
DateTime:2026-08-28 17:42:14.915:"工装发送：68 8A 00 8A 00 68 40 00 00 00 00 00 22 60 00 00 01 00 02 01 3C 00 68 12 00 41 00 00 00 00 00 4E 10 10 02 01 00 0A BC 16 0A 16"                            File: Line:0 Function: Type:Debug:
DateTime:2026-08-28 17:42:14.936:"工装接收：68 32 00 32 00 68 80 00 00 00 00 00 00 60 00 00 01 00 E1 16"                            File: Line:0 Function: Type:Debug:
DateTime:2026-08-28 17:42:14.936:"m_baRecvMsg:"                            File: Line:0 Function: Type:Debug:
DateTime:2026-08-28 17:42:14.936:"frameList.size():1"                            File: Line:0 Function: Type:Debug:
DateTime:2026-08-28 17:42:14.936:"进入报文解析"                            File: Line:0 Function: Type:Debug:
DateTime:2026-08-28 17:42:14.937:"68 32 00 32 00 68 80 00 00 00 00 00 00 60 00 00 01 00 E1 16"                            File: Line:0 Function: Type:Debug:
DateTime:2026-08-28 17:42:14.937:"解码完成，功能码: 1"                            File: Line:0 Function: Type:Debug:
DateTime:2026-08-28 17:42:14.937:"工装回复确认帧"                            File: Line:0 Function: Type:Debug:
DateTime:2026-08-28 17:42:14.991:"工装接收：68 BA 00 BA 00 68 80 00 00 00 00 00 22 60 00 00 01 00 02 1F 00 68 1F 00 83 00 00 00 00 00 4E 10 10 02 01 00 01 00 01 12 90 78 56 34 12 01 00 00 00 40 ED 16 9B 16"                            File: Line:0 Function: Type:Debug:
DateTime:2026-08-28 17:42:14.991:"m_baRecvMsg:"                            File: Line:0 Function: Type:Debug:
DateTime:2026-08-28 17:42:14.991:"frameList.size():1"                            File: Line:0 Function: Type:Debug:
DateTime:2026-08-28 17:42:14.991:"进入报文解析"                            File: Line:0 Function: Type:Debug:
DateTime:2026-08-28 17:42:14.991:"68 BA 00 BA 00 68 80 00 00 00 00 00 22 60 00 00 01 00 02 1F 00 68 1F 00 83 00 00 00 00 00 4E 10 10 02 01 00 01 00 01 12 90 78 56 34 12 01 00 00 00 40 ED 16 9B 16"                            File: Line:0 Function: Type:Debug:
DateTime:2026-08-28 17:42:14.991:"解码完成，功能码: 4"                            File: Line:0 Function: Type:Debug:
DateTime:2026-08-28 17:42:14.991:"工装接收到透传报文"                            File: Line:0 Function: Type:Debug:
DateTime:2026-08-28 17:42:14.991:"021F00681F008300000000004E10100201000100011290785634120100000040ED16"                            File: Line:0 Function: Type:Debug:
DateTime:2026-08-28 17:42:14.991:"透传报文内容:68 1f 00 83 00 00 00 00 00 4e 10 10 02 01 00 01 00 01 12 90 78 56 34 12 01 00 00 00 40 ed 16"                            File: Line:0 Function: Type:Debug:
DateTime:2026-08-28 17:42:18.013:"uTimeSecond_ms:5000"                            File: Line:0 Function: Type:Debug:
DateTime:2026-08-28 17:42:18.013:"查找结果: iret=0, wStart=0, dwOutLen=31, dwStreamLen=31, dwFindPos=0"                            File: Line:0 Function: Type:Debug:
DateTime:2026-08-28 17:42:18.013:"Receive:<= 68 1F 00 83 00 00 00 00 00 4E 10 10 02 01 00 01 00 01 12 90 78 56 34 12 01 00 00 00 40 ED 16"                            File: Line:0 Function: Type:Debug:
DateTime:2026-08-28 17:42:18.013:"解析：功能码-AFN=10H,Fn=21："                            File: Line:0 Function: Type:Debug:
DateTime:2026-08-28 17:42:18.013:"从节点总数量：1, 节点起始序号：1, 本次应答的从节点数量：1"                            File: Line:0 Function: Type:Debug:
DateTime:2026-08-28 17:42:18.013:"节点1信息：地址:123456789012, 节点标识:1, 代理节点标识:0, 节点层级:0, 节点角色:主节点（CCO）"                            File: Line:0 Function: Type:Debug:
DateTime:2026-08-28 17:42:18.013:"nAddr123456789012ptAddr191600100103"                            File: Line:0 Function: Type:Debug:
DateTime:2026-08-28 17:42:18.023:"当前还有1个节点未入网."                            File: Line:0 Function: Type:Debug:
DateTime:2026-08-28 17:42:23.528:"等待工装回复超时"                            File: Line:0 Function: Type:Debug:
DateTime:2026-08-28 17:42:23.528:"开始组帧"                            File: Line:0 Function: Type:Debug:
DateTime:2026-08-28 17:42:23.528:"组帧结束"                            File: Line:0 Function: Type:Debug:
DateTime:2026-08-28 17:42:23.528:"367.2Send:查询网络拓扑,节点起始序号:1：=>68 12 00 41 00 00 00 00 00 4F 10 10 02 01 00 0A BD 16"                            File: Line:0 Function: Type:Debug:
DateTime:2026-08-28 17:42:23.528:"槽位2透传:688A008A006840000000000022600000010002013C006812004100000000004F10100201000ABD160C16"                            File: Line:0 Function: Type:Debug:
DateTime:2026-08-28 17:42:23.528:"工装发送：68 8A 00 8A 00 68 40 00 00 00 00 00 22 60 00 00 01 00 02 01 3C 00 68 12 00 41 00 00 00 00 00 4F 10 10 02 01 00 0A BD 16 0C 16"                            File: Line:0 Function: Type:Debug:
DateTime:2026-08-28 17:42:23.549:"工装接收：68 32 00 32 00 68 80 00 00 00 00 00 00 60 00 00 01 00 E1 16"                            File: Line:0 Function: Type:Debug:
DateTime:2026-08-28 17:42:23.549:"m_baRecvMsg:"                            File: Line:0 Function: Type:Debug:
DateTime:2026-08-28 17:42:23.549:"frameList.size():1"                            File: Line:0 Function: Type:Debug:
DateTime:2026-08-28 17:42:23.550:"进入报文解析"                            File: Line:0 Function: Type:Debug:
DateTime:2026-08-28 17:42:23.550:"68 32 00 32 00 68 80 00 00 00 00 00 00 60 00 00 01 00 E1 16"                            File: Line:0 Function: Type:Debug:
DateTime:2026-08-28 17:42:23.550:"解码完成，功能码: 1"                            File: Line:0 Function: Type:Debug:
DateTime:2026-08-28 17:42:23.550:"工装回复确认帧"                            File: Line:0 Function: Type:Debug:
DateTime:2026-08-28 17:42:23.604:"工装接收：68 BA 00 BA 00 68 80 00 00 00 00 00 22 60 00 00 01 00 02 1F 00 68 1F 00 83 00 00 00 00 00 4F 10 10 02 01 00 01 00 01 12 90 78 56 34 12 01 00 00 00 40 EE 16 9D 16"                            File: Line:0 Function: Type:Debug:
DateTime:2026-08-28 17:42:23.604:"m_baRecvMsg:"                            File: Line:0 Function: Type:Debug:
DateTime:2026-08-28 17:42:23.604:"frameList.size():1"                            File: Line:0 Function: Type:Debug:
DateTime:2026-08-28 17:42:23.604:"进入报文解析"                            File: Line:0 Function: Type:Debug:
DateTime:2026-08-28 17:42:23.604:"68 BA 00 BA 00 68 80 00 00 00 00 00 22 60 00 00 01 00 02 1F 00 68 1F 00 83 00 00 00 00 00 4F 10 10 02 01 00 01 00 01 12 90 78 56 34 12 01 00 00 00 40 EE 16 9D 16"                            File: Line:0 Function: Type:Debug:
DateTime:2026-08-28 17:42:23.604:"解码完成，功能码: 4"                            File: Line:0 Function: Type:Debug:
DateTime:2026-08-28 17:42:23.604:"工装接收到透传报文"                            File: Line:0 Function: Type:Debug:
DateTime:2026-08-28 17:42:23.604:"021F00681F008300000000004F10100201000100011290785634120100000040EE16"                            File: Line:0 Function: Type:Debug:
DateTime:2026-08-28 17:42:23.604:"透传报文内容:68 1f 00 83 00 00 00 00 00 4f 10 10 02 01 00 01 00 01 12 90 78 56 34 12 01 00 00 00 40 ee 16"                            File: Line:0 Function: Type:Debug:
DateTime:2026-08-28 17:42:26.625:"uTimeSecond_ms:5000"                            File: Line:0 Function: Type:Debug:
DateTime:2026-08-28 17:42:26.625:"查找结果: iret=0, wStart=0, dwOutLen=31, dwStreamLen=31, dwFindPos=0"                            File: Line:0 Function: Type:Debug:
DateTime:2026-08-28 17:42:26.625:"Receive:<= 68 1F 00 83 00 00 00 00 00 4F 10 10 02 01 00 01 00 01 12 90 78 56 34 12 01 00 00 00 40 EE 16"                            File: Line:0 Function: Type:Debug:
DateTime:2026-08-28 17:42:26.625:"解析：功能码-AFN=10H,Fn=21："                            File: Line:0 Function: Type:Debug:
DateTime:2026-08-28 17:42:26.625:"从节点总数量：1, 节点起始序号：1, 本次应答的从节点数量：1"                            File: Line:0 Function: Type:Debug:
DateTime:2026-08-28 17:42:26.625:"节点1信息：地址:123456789012, 节点标识:1, 代理节点标识:0, 节点层级:0, 节点角色:主节点（CCO）"                            File: Line:0 Function: Type:Debug:
DateTime:2026-08-28 17:42:26.625:"nAddr123456789012ptAddr191600100103"                            File: Line:0 Function: Type:Debug:
DateTime:2026-08-28 17:42:26.636:"当前还有1个节点未入网."                            File: Line:0 Function: Type:Debug:
DateTime:2026-08-28 17:42:32.141:"等待工装回复超时"                            File: Line:0 Function: Type:Debug:
DateTime:2026-08-28 17:42:32.141:"开始组帧"                            File: Line:0 Function: Type:Debug:
DateTime:2026-08-28 17:42:32.141:"组帧结束"                            File: Line:0 Function: Type:Debug:
DateTime:2026-08-28 17:42:32.141:"367.2Send:查询网络拓扑,节点起始序号:1：=>68 12 00 41 00 00 00 00 00 50 10 10 02 01 00 0A BE 16"                            File: Line:0 Function: Type:Debug:
DateTime:2026-08-28 17:42:32.141:"槽位2透传:688A008A006840000000000022600000010002013C006812004100000000005010100201000ABE160E16"                            File: Line:0 Function: Type:Debug:
DateTime:2026-08-28 17:42:32.141:"工装发送：68 8A 00 8A 00 68 40 00 00 00 00 00 22 60 00 00 01 00 02 01 3C 00 68 12 00 41 00 00 00 00 00 50 10 10 02 01 00 0A BE 16 0E 16"                            File: Line:0 Function: Type:Debug:
DateTime:2026-08-28 17:42:32.162:"工装接收：68 32 00 32 00 68 80 00 00 00 00 00 00 60 00 00 01 00 E1 16"                            File: Line:0 Function: Type:Debug:
DateTime:2026-08-28 17:42:32.162:"m_baRecvMsg:"                            File: Line:0 Function: Type:Debug:
DateTime:2026-08-28 17:42:32.162:"frameList.size():1"                            File: Line:0 Function: Type:Debug:
DateTime:2026-08-28 17:42:32.163:"进入报文解析"                            File: Line:0 Function: Type:Debug:
DateTime:2026-08-28 17:42:32.163:"68 32 00 32 00 68 80 00 00 00 00 00 00 60 00 00 01 00 E1 16"                            File: Line:0 Function: Type:Debug:
DateTime:2026-08-28 17:42:32.163:"解码完成，功能码: 1"                            File: Line:0 Function: Type:Debug:
DateTime:2026-08-28 17:42:32.163:"工装回复确认帧"                            File: Line:0 Function: Type:Debug:
DateTime:2026-08-28 17:42:32.213:"工装接收：68 BA 00 BA 00 68 80 00 00 00 00 00 22 60 00 00 01 00 02 1F 00 68 1F 00 83 00 00 00 00 00 50 10 10 02 01 00 01 00 01 12 90 78 56 34 12 01 00 00 00 40 EF 16 9F 16"                            File: Line:0 Function: Type:Debug:
DateTime:2026-08-28 17:42:32.213:"m_baRecvMsg:"                            File: Line:0 Function: Type:Debug:
DateTime:2026-08-28 17:42:32.213:"frameList.size():1"                            File: Line:0 Function: Type:Debug:
DateTime:2026-08-28 17:42:32.213:"进入报文解析"                            File: Line:0 Function: Type:Debug:
DateTime:2026-08-28 17:42:32.213:"68 BA 00 BA 00 68 80 00 00 00 00 00 22 60 00 00 01 00 02 1F 00 68 1F 00 83 00 00 00 00 00 50 10 10 02 01 00 01 00 01 12 90 78 56 34 12 01 00 00 00 40 EF 16 9F 16"                            File: Line:0 Function: Type:Debug:
DateTime:2026-08-28 17:42:32.213:"解码完成，功能码: 4"                            File: Line:0 Function: Type:Debug:
DateTime:2026-08-28 17:42:32.213:"工装接收到透传报文"                            File: Line:0 Function: Type:Debug:
DateTime:2026-08-28 17:42:32.213:"021F00681F008300000000005010100201000100011290785634120100000040EF16"                            File: Line:0 Function: Type:Debug:
DateTime:2026-08-28 17:42:32.213:"透传报文内容:68 1f 00 83 00 00 00 00 00 50 10 10 02 01 00 01 00 01 12 90 78 56 34 12 01 00 00 00 40 ef 16"                            File: Line:0 Function: Type:Debug:
DateTime:2026-08-28 17:42:35.234:"uTimeSecond_ms:5000"                            File: Line:0 Function: Type:Debug:
DateTime:2026-08-28 17:42:35.234:"查找结果: iret=0, wStart=0, dwOutLen=31, dwStreamLen=31, dwFindPos=0"                            File: Line:0 Function: Type:Debug:
DateTime:2026-08-28 17:42:35.234:"Receive:<= 68 1F 00 83 00 00 00 00 00 50 10 10 02 01 00 01 00 01 12 90 78 56 34 12 01 00 00 00 40 EF 16"                            File: Line:0 Function: Type:Debug:
DateTime:2026-08-28 17:42:35.234:"解析：功能码-AFN=10H,Fn=21："                            File: Line:0 Function: Type:Debug:
DateTime:2026-08-28 17:42:35.234:"从节点总数量：1, 节点起始序号：1, 本次应答的从节点数量：1"                            File: Line:0 Function: Type:Debug:
DateTime:2026-08-28 17:42:35.234:"节点1信息：地址:123456789012, 节点标识:1, 代理节点标识:0, 节点层级:0, 节点角色:主节点（CCO）"                            File: Line:0 Function: Type:Debug:
DateTime:2026-08-28 17:42:35.234:"nAddr123456789012ptAddr191600100103"                            File: Line:0 Function: Type:Debug:
DateTime:2026-08-28 17:42:35.245:"当前还有1个节点未入网."                            File: Line:0 Function: Type:Debug:
DateTime:2026-08-28 17:42:40.246:"工装接收：68 9A 00 9A 00 68 80 00 00 00 00 00 22 60 00 00 01 00 02 17 00 68 17 00 C3 00 00 00 00 00 01 14 08 01 95 08 00 01 00 01 01 00 81 16 B3 16 68 9A 00 9A 00 68 80 00 00 00 00 00 22 60 00 00 01 00 02 17 00 68 17 00 C3 00 00 00 00 00 02 14 08 01 95 08 02 01 00 01 01 00 84 16 B9 16"                            File: Line:0 Function: Type:Debug:
DateTime:2026-08-28 17:42:40.246:"m_baRecvMsg:"                            File: Line:0 Function: Type:Debug:
DateTime:2026-08-28 17:42:40.246:"ameList.size():"                            File: Line:0 Function: Type:Debug:
DateTime:2026-08-28 17:42:40.246:"进入报文解析"                            File: Line:0 Function: Type:Debug:
DateTime:2026-08-28 17:42:40.246:"68 9A 00 9A 00 68 80 00 00 00 00 00 22 60 00 00 01 00 02 17 00 68 17 00 C3 00 00 00 00 00 01 14 08 01 95 08 00 01 00 01 01 00 81 16 B3 16"                            File: Line:0 Function: Type:Debug:
DateTime:2026-08-28 17:42:40.246:"解码完成，功能码: 4"                            File: Line:0 Function: Type:Debug:
DateTime:2026-08-28 17:42:40.246:"工装回复透传报文"                            File: Line:0 Function: Type:Debug:
DateTime:2026-08-28 17:42:40.246:"021700681700C300000000000114080195080001000101008116"                            File: Line:0 Function: Type:Debug:
DateTime:2026-08-28 17:42:40.246:"内容:68 17 00 c3 00 00 00 00 00 01 14 08 01 95 08 00 01 00 01 01 00 81 16"                            File: Line:0 Function: Type:Debug:
DateTime:2026-08-28 17:42:40.246:"进入报文解析"                            File: Line:0 Function: Type:Debug:
DateTime:2026-08-28 17:42:40.246:"68 9A 00 9A 00 68 80 00 00 00 00 00 22 60 00 00 01 00 02 17 00 68 17 00 C3 00 00 00 00 00 02 14 08 01 95 08 02 01 00 01 01 00 84 16 B9 16"                            File: Line:0 Function: Type:Debug:
DateTime:2026-08-28 17:42:40.246:"解码完成，功能码: 4"                            File: Line:0 Function: Type:Debug:
DateTime:2026-08-28 17:42:40.247:"工装回复透传报文"                            File: Line:0 Function: Type:Debug:
DateTime:2026-08-28 17:42:40.247:"021700681700C300000000000214080195080201000101008416"                            File: Line:0 Function: Type:Debug:
DateTime:2026-08-28 17:42:40.247:"内容:68 17 00 c3 00 00 00 00 00 02 14 08 01 95 08 02 01 00 01 01 00 84 16"                            File: Line:0 Function: Type:Debug:
DateTime:2026-08-28 17:42:40.543:"工装接收：68 7A 00 7A 00 68 80 00 00 00 00 00 22 60 00 00 01 00 02 0F 00 68 0F 00 C3 00 00 00 00 00 03 14 02 00 DC 16 59 16"                            File: Line:0 Function: Type:Debug:
DateTime:2026-08-28 17:42:40.543:"m_baRecvMsg:"                            File: Line:0 Function: Type:Debug:
DateTime:2026-08-28 17:42:40.543:"rameList.size():"                            File: Line:0 Function: Type:Debug:
DateTime:2026-08-28 17:42:40.543:"进入报文解析"                            File: Line:0 Function: Type:Debug:
DateTime:2026-08-28 17:42:40.543:"68 7A 00 7A 00 68 80 00 00 00 00 00 22 60 00 00 01 00 02 0F 00 68 0F 00 C3 00 00 00 00 00 03 14 02 00 DC 16 59 16"                            File: Line:0 Function: Type:Debug:
DateTime:2026-08-28 17:42:40.543:"解码完成，功能码: 4"                            File: Line:0 Function: Type:Debug:
DateTime:2026-08-28 17:42:40.543:"工装回复透传报文"                            File: Line:0 Function: Type:Debug:
DateTime:2026-08-28 17:42:40.544:"020F00680F00C3000000000003140200DC16"                            File: Line:0 Function: Type:Debug:
DateTime:2026-08-28 17:42:40.544:"内容:68 0f 00 c3 00 00 00 00 00 03 14 02 00 dc 16"                            File: Line:0 Function: Type:Debug:
DateTime:2026-08-28 17:42:40.846:"等待工装回复超时"                            File: Line:0 Function: Type:Debug:
DateTime:2026-08-28 17:42:40.846:"开始组帧"                            File: Line:0 Function: Type:Debug:
DateTime:2026-08-28 17:42:40.846:"组帧结束"                            File: Line:0 Function: Type:Debug:
DateTime:2026-08-28 17:42:40.846:"367.2Send:查询网络拓扑,节点起始序号:1：=>68 12 00 41 00 00 00 00 00 51 10 10 02 01 00 0A BF 16"                            File: Line:0 Function: Type:Debug:
DateTime:2026-08-28 17:42:40.846:"槽位2透传:688A008A006840000000000022600000010002013C006812004100000000005110100201000ABF161016"                            File: Line:0 Function: Type:Debug:
DateTime:2026-08-28 17:42:40.846:"工装发送：68 8A 00 8A 00 68 40 00 00 00 00 00 22 60 00 00 01 00 02 01 3C 00 68 12 00 41 00 00 00 00 00 51 10 10 02 01 00 0A BF 16 10 16"                            File: Line:0 Function: Type:Debug:
DateTime:2026-08-28 17:42:40.867:"工装接收：68 32 00 32 00 68 80 00 00 00 00 00 00 60 00 00 01 00 E1 16"                            File: Line:0 Function: Type:Debug:
DateTime:2026-08-28 17:42:40.867:"m_baRecvMsg:"                            File: Line:0 Function: Type:Debug:
DateTime:2026-08-28 17:42:40.867:"frameList.size():1"                            File: Line:0 Function: Type:Debug:
DateTime:2026-08-28 17:42:40.867:"进入报文解析"                            File: Line:0 Function: Type:Debug:
DateTime:2026-08-28 17:42:40.868:"68 32 00 32 00 68 80 00 00 00 00 00 00 60 00 00 01 00 E1 16"                            File: Line:0 Function: Type:Debug:
DateTime:2026-08-28 17:42:40.868:"解码完成，功能码: 1"                            File: Line:0 Function: Type:Debug:
DateTime:2026-08-28 17:42:40.868:"工装回复确认帧"                            File: Line:0 Function: Type:Debug:
DateTime:2026-08-28 17:42:40.916:"工装接收：68 BA 00 BA 00 68 80 00 00 00 00 00 22 60 00 00 01 00 02 1F 00 68 1F 00 83 00 00 00 00 00 51 10 10 02 01 00 01 00 01 12 90 78 56 34 12 01 00 00 00 40 F0 16 A1 16"                            File: Line:0 Function: Type:Debug:
DateTime:2026-08-28 17:42:40.916:"m_baRecvMsg:"                            File: Line:0 Function: Type:Debug:
DateTime:2026-08-28 17:42:40.916:"frameList.size():1"                            File: Line:0 Function: Type:Debug:
DateTime:2026-08-28 17:42:40.916:"进入报文解析"                            File: Line:0 Function: Type:Debug:
DateTime:2026-08-28 17:42:40.916:"68 BA 00 BA 00 68 80 00 00 00 00 00 22 60 00 00 01 00 02 1F 00 68 1F 00 83 00 00 00 00 00 51 10 10 02 01 00 01 00 01 12 90 78 56 34 12 01 00 00 00 40 F0 16 A1 16"                            File: Line:0 Function: Type:Debug:
DateTime:2026-08-28 17:42:40.916:"解码完成，功能码: 4"                            File: Line:0 Function: Type:Debug:
DateTime:2026-08-28 17:42:40.916:"工装接收到透传报文"                            File: Line:0 Function: Type:Debug:
DateTime:2026-08-28 17:42:40.916:"021F00681F008300000000005110100201000100011290785634120100000040F016"                            File: Line:0 Function: Type:Debug:
DateTime:2026-08-28 17:42:40.916:"透传报文内容:68 1f 00 83 00 00 00 00 00 51 10 10 02 01 00 01 00 01 12 90 78 56 34 12 01 00 00 00 40 f0 16"                            File: Line:0 Function: Type:Debug:
DateTime:2026-08-28 17:42:43.938:"uTimeSecond_ms:5000"                            File: Line:0 Function: Type:Debug:
DateTime:2026-08-28 17:42:43.938:"查找结果: iret=0, wStart=0, dwOutLen=31, dwStreamLen=31, dwFindPos=0"                            File: Line:0 Function: Type:Debug:
DateTime:2026-08-28 17:42:43.938:"Receive:<= 68 1F 00 83 00 00 00 00 00 51 10 10 02 01 00 01 00 01 12 90 78 56 34 12 01 00 00 00 40 F0 16"                            File: Line:0 Function: Type:Debug:
DateTime:2026-08-28 17:42:43.938:"解析：功能码-AFN=10H,Fn=21："                            File: Line:0 Function: Type:Debug:
DateTime:2026-08-28 17:42:43.938:"从节点总数量：1, 节点起始序号：1, 本次应答的从节点数量：1"                            File: Line:0 Function: Type:Debug:
DateTime:2026-08-28 17:42:43.938:"节点1信息：地址:123456789012, 节点标识:1, 代理节点标识:0, 节点层级:0, 节点角色:主节点（CCO）"                            File: Line:0 Function: Type:Debug:
DateTime:2026-08-28 17:42:43.938:"nAddr123456789012ptAddr191600100103"                            File: Line:0 Function: Type:Debug:
DateTime:2026-08-28 17:42:43.949:"当前还有1个节点未入网."                            File: Line:0 Function: Type:Debug:
DateTime:2026-08-28 17:42:49.453:"等待工装回复超时"                            File: Line:0 Function: Type:Debug:
DateTime:2026-08-28 17:42:49.453:"开始组帧"                            File: Line:0 Function: Type:Debug:
DateTime:2026-08-28 17:42:49.453:"组帧结束"                            File: Line:0 Function: Type:Debug:
DateTime:2026-08-28 17:42:49.453:"367.2Send:查询网络拓扑,节点起始序号:1：=>68 12 00 41 00 00 00 00 00 52 10 10 02 01 00 0A C0 16"                            File: Line:0 Function: Type:Debug:
DateTime:2026-08-28 17:42:49.453:"槽位2透传:688A008A006840000000000022600000010002013C006812004100000000005210100201000AC0161216"                            File: Line:0 Function: Type:Debug:
DateTime:2026-08-28 17:42:49.453:"工装发送：68 8A 00 8A 00 68 40 00 00 00 00 00 22 60 00 00 01 00 02 01 3C 00 68 12 00 41 00 00 00 00 00 52 10 10 02 01 00 0A C0 16 12 16"                            File: Line:0 Function: Type:Debug:
DateTime:2026-08-28 17:42:49.474:"工装接收：68 32 00 32 00 68 80 00 00 00 00 00 00 60 00 00 01 00 E1 16"                            File: Line:0 Function: Type:Debug:
DateTime:2026-08-28 17:42:49.474:"m_baRecvMsg:"                            File: Line:0 Function: Type:Debug:
DateTime:2026-08-28 17:42:49.474:"frameList.size():1"                            File: Line:0 Function: Type:Debug:
DateTime:2026-08-28 17:42:49.474:"进入报文解析"                            File: Line:0 Function: Type:Debug:
DateTime:2026-08-28 17:42:49.475:"68 32 00 32 00 68 80 00 00 00 00 00 00 60 00 00 01 00 E1 16"                            File: Line:0 Function: Type:Debug:
DateTime:2026-08-28 17:42:49.475:"解码完成，功能码: 1"                            File: Line:0 Function: Type:Debug:
DateTime:2026-08-28 17:42:49.475:"工装回复确认帧"                            File: Line:0 Function: Type:Debug:
DateTime:2026-08-28 17:42:49.518:"工装接收：68 BA 00 BA 00 68 80 00 00 00 00 00 22 60 00 00 01 00 02 1F 00 68 1F 00 83 00 00 00 00 00 52 10 10 02 01 00 01 00 01 12 90 78 56 34 12 01 00 00 00 40 F1 16 A3 16"                            File: Line:0 Function: Type:Debug:
DateTime:2026-08-28 17:42:49.518:"m_baRecvMsg:"                            File: Line:0 Function: Type:Debug:
DateTime:2026-08-28 17:42:49.518:"frameList.size():1"                            File: Line:0 Function: Type:Debug:
DateTime:2026-08-28 17:42:49.518:"进入报文解析"                            File: Line:0 Function: Type:Debug:
DateTime:2026-08-28 17:42:49.518:"68 BA 00 BA 00 68 80 00 00 00 00 00 22 60 00 00 01 00 02 1F 00 68 1F 00 83 00 00 00 00 00 52 10 10 02 01 00 01 00 01 12 90 78 56 34 12 01 00 00 00 40 F1 16 A3 16"                            File: Line:0 Function: Type:Debug:
DateTime:2026-08-28 17:42:49.518:"解码完成，功能码: 4"                            File: Line:0 Function: Type:Debug:
DateTime:2026-08-28 17:42:49.518:"工装接收到透传报文"                            File: Line:0 Function: Type:Debug:
DateTime:2026-08-28 17:42:49.518:"021F00681F008300000000005210100201000100011290785634120100000040F116"                            File: Line:0 Function: Type:Debug:
DateTime:2026-08-28 17:42:49.518:"透传报文内容:68 1f 00 83 00 00 00 00 00 52 10 10 02 01 00 01 00 01 12 90 78 56 34 12 01 00 00 00 40 f1 16"                            File: Line:0 Function: Type:Debug:
DateTime:2026-08-28 17:42:52.540:"uTimeSecond_ms:5000"                            File: Line:0 Function: Type:Debug:
DateTime:2026-08-28 17:42:52.540:"查找结果: iret=0, wStart=0, dwOutLen=31, dwStreamLen=31, dwFindPos=0"                            File: Line:0 Function: Type:Debug:
DateTime:2026-08-28 17:42:52.540:"Receive:<= 68 1F 00 83 00 00 00 00 00 52 10 10 02 01 00 01 00 01 12 90 78 56 34 12 01 00 00 00 40 F1 16"                            File: Line:0 Function: Type:Debug:
DateTime:2026-08-28 17:42:52.540:"解析：功能码-AFN=10H,Fn=21："                            File: Line:0 Function: Type:Debug:
DateTime:2026-08-28 17:42:52.540:"从节点总数量：1, 节点起始序号：1, 本次应答的从节点数量：1"                            File: Line:0 Function: Type:Debug:
DateTime:2026-08-28 17:42:52.540:"节点1信息：地址:123456789012, 节点标识:1, 代理节点标识:0, 节点层级:0, 节点角色:主节点（CCO）"                            File: Line:0 Function: Type:Debug:
DateTime:2026-08-28 17:42:52.540:"nAddr123456789012ptAddr191600100103"                            File: Line:0 Function: Type:Debug:
DateTime:2026-08-28 17:42:52.551:"当前还有1个节点未入网."                            File: Line:0 Function: Type:Debug:
DateTime:2026-08-28 17:42:58.055:"等待工装回复超时"                            File: Line:0 Function: Type:Debug:
DateTime:2026-08-28 17:42:58.055:"开始组帧"                            File: Line:0 Function: Type:Debug:
DateTime:2026-08-28 17:42:58.055:"组帧结束"                            File: Line:0 Function: Type:Debug:
DateTime:2026-08-28 17:42:58.055:"367.2Send:查询网络拓扑,节点起始序号:1：=>68 12 00 41 00 00 00 00 00 53 10 10 02 01 00 0A C1 16"                            File: Line:0 Function: Type:Debug:
DateTime:2026-08-28 17:42:58.055:"槽位2透传:688A008A006840000000000022600000010002013C006812004100000000005310100201000AC1161416"                            File: Line:0 Function: Type:Debug:
DateTime:2026-08-28 17:42:58.055:"工装发送：68 8A 00 8A 00 68 40 00 00 00 00 00 22 60 00 00 01 00 02 01 3C 00 68 12 00 41 00 00 00 00 00 53 10 10 02 01 00 0A C1 16 14 16"                            File: Line:0 Function: Type:Debug:
DateTime:2026-08-28 17:42:58.076:"工装接收：68 32 00 32 00 68 80 00 00 00 00 00 00 60 00 00 01 00 E1 16"                            File: Line:0 Function: Type:Debug:
DateTime:2026-08-28 17:42:58.076:"m_baRecvMsg:"                            File: Line:0 Function: Type:Debug:
DateTime:2026-08-28 17:42:58.077:"frameList.size():1"                            File: Line:0 Function: Type:Debug:
DateTime:2026-08-28 17:42:58.077:"进入报文解析"                            File: Line:0 Function: Type:Debug:
DateTime:2026-08-28 17:42:58.077:"68 32 00 32 00 68 80 00 00 00 00 00 00 60 00 00 01 00 E1 16"                            File: Line:0 Function: Type:Debug:
DateTime:2026-08-28 17:42:58.077:"解码完成，功能码: 1"                            File: Line:0 Function: Type:Debug:
DateTime:2026-08-28 17:42:58.077:"工装回复确认帧"                            File: Line:0 Function: Type:Debug:
DateTime:2026-08-28 17:42:58.121:"工装接收：68 BA 00 BA 00 68 80 00 00 00 00 00 22 60 00 00 01 00 02 1F 00 68 1F 00 83 00 00 00 00 00 53 10 10 02 01 00 01 00 01 12 90 78 56 34 12 01 00 00 00 40 F2 16 A5 16"                            File: Line:0 Function: Type:Debug:
DateTime:2026-08-28 17:42:58.121:"m_baRecvMsg:"                            File: Line:0 Function: Type:Debug:
DateTime:2026-08-28 17:42:58.121:"frameList.size():1"                            File: Line:0 Function: Type:Debug:
DateTime:2026-08-28 17:42:58.121:"进入报文解析"                            File: Line:0 Function: Type:Debug:
DateTime:2026-08-28 17:42:58.121:"68 BA 00 BA 00 68 80 00 00 00 00 00 22 60 00 00 01 00 02 1F 00 68 1F 00 83 00 00 00 00 00 53 10 10 02 01 00 01 00 01 12 90 78 56 34 12 01 00 00 00 40 F2 16 A5 16"                            File: Line:0 Function: Type:Debug:
DateTime:2026-08-28 17:42:58.121:"解码完成，功能码: 4"                            File: Line:0 Function: Type:Debug:
DateTime:2026-08-28 17:42:58.121:"工装接收到透传报文"                            File: Line:0 Function: Type:Debug:
DateTime:2026-08-28 17:42:58.121:"021F00681F008300000000005310100201000100011290785634120100000040F216"                            File: Line:0 Function: Type:Debug:
DateTime:2026-08-28 17:42:58.121:"透传报文内容:68 1f 00 83 00 00 00 00 00 53 10 10 02 01 00 01 00 01 12 90 78 56 34 12 01 00 00 00 40 f2 16"                            File: Line:0 Function: Type:Debug:
DateTime:2026-08-28 17:43:01.143:"uTimeSecond_ms:5000"                            File: Line:0 Function: Type:Debug:
DateTime:2026-08-28 17:43:01.143:"查找结果: iret=0, wStart=0, dwOutLen=31, dwStreamLen=31, dwFindPos=0"                            File: Line:0 Function: Type:Debug:
DateTime:2026-08-28 17:43:01.143:"Receive:<= 68 1F 00 83 00 00 00 00 00 53 10 10 02 01 00 01 00 01 12 90 78 56 34 12 01 00 00 00 40 F2 16"                            File: Line:0 Function: Type:Debug:
DateTime:2026-08-28 17:43:01.143:"解析：功能码-AFN=10H,Fn=21："                            File: Line:0 Function: Type:Debug:
DateTime:2026-08-28 17:43:01.143:"从节点总数量：1, 节点起始序号：1, 本次应答的从节点数量：1"                            File: Line:0 Function: Type:Debug:
DateTime:2026-08-28 17:43:01.143:"节点1信息：地址:123456789012, 节点标识:1, 代理节点标识:0, 节点层级:0, 节点角色:主节点（CCO）"                            File: Line:0 Function: Type:Debug:
DateTime:2026-08-28 17:43:01.143:"nAddr123456789012ptAddr191600100103"                            File: Line:0 Function: Type:Debug:
DateTime:2026-08-28 17:43:01.154:"当前还有1个节点未入网."                            File: Line:0 Function: Type:Debug:
DateTime:2026-08-28 17:43:06.658:"等待工装回复超时"                            File: Line:0 Function: Type:Debug:
DateTime:2026-08-28 17:43:06.658:"开始组帧"                            File: Line:0 Function: Type:Debug:
DateTime:2026-08-28 17:43:06.658:"组帧结束"                            File: Line:0 Function: Type:Debug:
DateTime:2026-08-28 17:43:06.658:"367.2Send:查询网络拓扑,节点起始序号:1：=>68 12 00 41 00 00 00 00 00 54 10 10 02 01 00 0A C2 16"                            File: Line:0 Function: Type:Debug:
DateTime:2026-08-28 17:43:06.658:"槽位2透传:688A008A006840000000000022600000010002013C006812004100000000005410100201000AC2161616"                            File: Line:0 Function: Type:Debug:
DateTime:2026-08-28 17:43:06.658:"工装发送：68 8A 00 8A 00 68 40 00 00 00 00 00 22 60 00 00 01 00 02 01 3C 00 68 12 00 41 00 00 00 00 00 54 10 10 02 01 00 0A C2 16 16 16"                            File: Line:0 Function: Type:Debug:
DateTime:2026-08-28 17:43:06.679:"工装接收：68 32 00 32 00 68 80 00 00 00 00 00 00 60 00 00 01 00 E1 16"                            File: Line:0 Function: Type:Debug:
DateTime:2026-08-28 17:43:06.680:"m_baRecvMsg:"                            File: Line:0 Function: Type:Debug:
DateTime:2026-08-28 17:43:06.680:"frameList.size():1"                            File: Line:0 Function: Type:Debug:
DateTime:2026-08-28 17:43:06.680:"进入报文解析"                            File: Line:0 Function: Type:Debug:
DateTime:2026-08-28 17:43:06.680:"68 32 00 32 00 68 80 00 00 00 00 00 00 60 00 00 01 00 E1 16"                            File: Line:0 Function: Type:Debug:
DateTime:2026-08-28 17:43:06.680:"解码完成，功能码: 1"                            File: Line:0 Function: Type:Debug:
DateTime:2026-08-28 17:43:06.680:"工装回复确认帧"                            File: Line:0 Function: Type:Debug:
DateTime:2026-08-28 17:43:06.734:"工装接收：68 BA 00 BA 00 68 80 00 00 00 00 00 22 60 00 00 01 00 02 1F 00 68 1F 00 83 00 00 00 00 00 54 10 10 02 01 00 01 00 01 12 90 78 56 34 12 01 00 00 00 40 F3 16 A7 16"                            File: Line:0 Function: Type:Debug:
DateTime:2026-08-28 17:43:06.734:"m_baRecvMsg:"                            File: Line:0 Function: Type:Debug:
DateTime:2026-08-28 17:43:06.734:"frameList.size():1"                            File: Line:0 Function: Type:Debug:
DateTime:2026-08-28 17:43:06.734:"进入报文解析"                            File: Line:0 Function: Type:Debug:
DateTime:2026-08-28 17:43:06.734:"68 BA 00 BA 00 68 80 00 00 00 00 00 22 60 00 00 01 00 02 1F 00 68 1F 00 83 00 00 00 00 00 54 10 10 02 01 00 01 00 01 12 90 78 56 34 12 01 00 00 00 40 F3 16 A7 16"                            File: Line:0 Function: Type:Debug:
DateTime:2026-08-28 17:43:06.734:"解码完成，功能码: 4"                            File: Line:0 Function: Type:Debug:
DateTime:2026-08-28 17:43:06.734:"工装接收到透传报文"                            File: Line:0 Function: Type:Debug:
DateTime:2026-08-28 17:43:06.734:"021F00681F008300000000005410100201000100011290785634120100000040F316"                            File: Line:0 Function: Type:Debug:
DateTime:2026-08-28 17:43:06.734:"透传报文内容:68 1f 00 83 00 00 00 00 00 54 10 10 02 01 00 01 00 01 12 90 78 56 34 12 01 00 00 00 40 f3 16"                            File: Line:0 Function: Type:Debug:
DateTime:2026-08-28 17:43:09.756:"uTimeSecond_ms:5000"                            File: Line:0 Function: Type:Debug:
DateTime:2026-08-28 17:43:09.756:"查找结果: iret=0, wStart=0, dwOutLen=31, dwStreamLen=31, dwFindPos=0"                            File: Line:0 Function: Type:Debug:
DateTime:2026-08-28 17:43:09.756:"Receive:<= 68 1F 00 83 00 00 00 00 00 54 10 10 02 01 00 01 00 01 12 90 78 56 34 12 01 00 00 00 40 F3 16"                            File: Line:0 Function: Type:Debug:
DateTime:2026-08-28 17:43:09.756:"解析：功能码-AFN=10H,Fn=21："                            File: Line:0 Function: Type:Debug:
DateTime:2026-08-28 17:43:09.756:"从节点总数量：1, 节点起始序号：1, 本次应答的从节点数量：1"                            File: Line:0 Function: Type:Debug:
DateTime:2026-08-28 17:43:09.756:"节点1信息：地址:123456789012, 节点标识:1, 代理节点标识:0, 节点层级:0, 节点角色:主节点（CCO）"                            File: Line:0 Function: Type:Debug:
DateTime:2026-08-28 17:43:09.756:"nAddr123456789012ptAddr191600100103"                            File: Line:0 Function: Type:Debug:
DateTime:2026-08-28 17:43:09.767:"当前还有1个节点未入网."                            File: Line:0 Function: Type:Debug:
DateTime:2026-08-28 17:43:15.271:"等待工装回复超时"                            File: Line:0 Function: Type:Debug:
DateTime:2026-08-28 17:43:15.271:"开始组帧"                            File: Line:0 Function: Type:Debug:
DateTime:2026-08-28 17:43:15.271:"组帧结束"                            File: Line:0 Function: Type:Debug:
DateTime:2026-08-28 17:43:15.271:"367.2Send:查询网络拓扑,节点起始序号:1：=>68 12 00 41 00 00 00 00 00 55 10 10 02 01 00 0A C3 16"                            File: Line:0 Function: Type:Debug:
DateTime:2026-08-28 17:43:15.271:"槽位2透传:688A008A006840000000000022600000010002013C006812004100000000005510100201000AC3161816"                            File: Line:0 Function: Type:Debug:
DateTime:2026-08-28 17:43:15.271:"工装发送：68 8A 00 8A 00 68 40 00 00 00 00 00 22 60 00 00 01 00 02 01 3C 00 68 12 00 41 00 00 00 00 00 55 10 10 02 01 00 0A C3 16 18 16"                            File: Line:0 Function: Type:Debug:
DateTime:2026-08-28 17:43:15.292:"工装接收：68 32 00 32 00 68 80 00 00 00 00 00 00 60 00 00 01 00 E1 16"                            File: Line:0 Function: Type:Debug:
DateTime:2026-08-28 17:43:15.292:"m_baRecvMsg:"                            File: Line:0 Function: Type:Debug:
DateTime:2026-08-28 17:43:15.292:"frameList.size():1"                            File: Line:0 Function: Type:Debug:
DateTime:2026-08-28 17:43:15.292:"进入报文解析"                            File: Line:0 Function: Type:Debug:
DateTime:2026-08-28 17:43:15.293:"68 32 00 32 00 68 80 00 00 00 00 00 00 60 00 00 01 00 E1 16"                            File: Line:0 Function: Type:Debug:
DateTime:2026-08-28 17:43:15.293:"解码完成，功能码: 1"                            File: Line:0 Function: Type:Debug:
DateTime:2026-08-28 17:43:15.293:"工装回复确认帧"                            File: Line:0 Function: Type:Debug:
DateTime:2026-08-28 17:43:15.347:"工装接收：68 E6 00 E6 00 68 80 00 00 00 00 00 22 60 00 00 01 00 02 2A 00 68 2A 00 83 00 00 00 00 00 55 10 10 02 02 00 01 00 02 12 90 78 56 34 12 01 00 00 00 40 03 01 10 00 16 19 02 00 01 00 11 4D 16 71 16"                            File: Line:0 Function: Type:Debug:
DateTime:2026-08-28 17:43:15.347:"m_baRecvMsg:"                            File: Line:0 Function: Type:Debug:
DateTime:2026-08-28 17:43:15.347:"frameList.size():1"                            File: Line:0 Function: Type:Debug:
DateTime:2026-08-28 17:43:15.347:"进入报文解析"                            File: Line:0 Function: Type:Debug:
DateTime:2026-08-28 17:43:15.347:"68 E6 00 E6 00 68 80 00 00 00 00 00 22 60 00 00 01 00 02 2A 00 68 2A 00 83 00 00 00 00 00 55 10 10 02 02 00 01 00 02 12 90 78 56 34 12 01 00 00 00 40 03 01 10 00 16 19 02 00 01 00 11 4D 16 71 16"                            File: Line:0 Function: Type:Debug:
DateTime:2026-08-28 17:43:15.347:"解码完成，功能码: 4"                            File: Line:0 Function: Type:Debug:
DateTime:2026-08-28 17:43:15.347:"工装接收到透传报文"                            File: Line:0 Function: Type:Debug:
DateTime:2026-08-28 17:43:15.347:"022A00682A00830000000000551010020200010002129078563412010000004003011000161902000100114D16"                            File: Line:0 Function: Type:Debug:
DateTime:2026-08-28 17:43:15.347:"透传报文内容:68 2a 00 83 00 00 00 00 00 55 10 10 02 02 00 01 00 02 12 90 78 56 34 12 01 00 00 00 40 03 01 10 00 16 19 02 00 01 00 11 4d 16"                            File: Line:0 Function: Type:Debug:
DateTime:2026-08-28 17:43:18.369:"uTimeSecond_ms:5000"                            File: Line:0 Function: Type:Debug:
DateTime:2026-08-28 17:43:18.369:"查找结果: iret=0, wStart=0, dwOutLen=42, dwStreamLen=42, dwFindPos=0"                            File: Line:0 Function: Type:Debug:
DateTime:2026-08-28 17:43:18.369:"Receive:<= 68 2A 00 83 00 00 00 00 00 55 10 10 02 02 00 01 00 02 12 90 78 56 34 12 01 00 00 00 40 03 01 10 00 16 19 02 00 01 00 11 4D 16"                            File: Line:0 Function: Type:Debug:
DateTime:2026-08-28 17:43:18.369:"解析：功能码-AFN=10H,Fn=21："                            File: Line:0 Function: Type:Debug:
DateTime:2026-08-28 17:43:18.369:"从节点总数量：2, 节点起始序号：1, 本次应答的从节点数量：2"                            File: Line:0 Function: Type:Debug:
DateTime:2026-08-28 17:43:18.369:"节点1信息：地址:123456789012, 节点标识:1, 代理节点标识:0, 节点层级:0, 节点角色:主节点（CCO）"                            File: Line:0 Function: Type:Debug:
DateTime:2026-08-28 17:43:18.369:"nAddr123456789012ptAddr191600100103"                            File: Line:0 Function: Type:Debug:
DateTime:2026-08-28 17:43:18.369:"节点2信息：地址:191600100103, 节点标识:2, 代理节点标识:1, 节点层级:1, 节点角色:末梢节点（STA）"                            File: Line:0 Function: Type:Debug:
DateTime:2026-08-28 17:43:18.369:"nAddr191600100103ptAddr191600100103"                            File: Line:0 Function: Type:Debug:
DateTime:2026-08-28 17:43:18.370:"入网成功数量：1，总数量：1"                            File: Line:0 Function: Type:Debug:
DateTime:2026-08-28 17:43:18.381:"全部节点入网成功，总数量：1, 成功率：100%"                            File: Line:0 Function: Type:Debug:
DateTime:2026-08-28 17:44:18.382:"节点入网成功率：100%，总数量：1，成功数量：1，失败数量：0"                            File: Line:0 Function: Type:Debug:
DateTime:2026-08-28 17:44:18.482:dll输出信息: ""                            File: Line:0 Function: Type:Debug:
DateTime:2026-08-28 17:44:18.482:接口函数调用成功，返回的结果为 0                            File: Line:0 Function: Type:Debug:
DateTime:2026-08-28 17:44:18.482:"外部传入的para：0，返回的result：0,返回的pValRet：0"                            File: Line:0 Function: Type:Debug:
DateTime:2026-08-28 17:44:18.482:"执行接口函数CCO_Func_FormNetWork完成"                            File: Line:0 Function: Type:Debug:
DateTime:2026-08-28 17:44:18.483:coorIndex 0                            File: Line:0 Function: Type:Debug:
DateTime:2026-08-28 17:44:18.483:当前流程结束                            File: Line:0 Function: Type:Debug:
DateTime:2026-08-28 17:44:18.483:退出connect函数                            File: Line:0 Function: Type:Debug:
DateTime:2026-08-28 17:44:18.483:"=========【Step8-组网测试】结束=========="                            File: Line:0 Function: Type:Debug:
DateTime:2026-08-28 17:44:18.483:"-----------------------------"                            File: Line:0 Function: Type:Debug:
DateTime:2026-08-28 17:44:18.484:"=============执行【执行延时】==================="                            File: Line:0 Function: Type:Debug:
DateTime:2026-08-28 17:44:18.484:"执行接口函数Func_Delay"                            File: Line:0 Function: Type:Debug:
DateTime:2026-08-28 17:44:18.484:callWorkFunction: Func_Delay                            File: Line:0 Function: Type:Debug:
DateTime:2026-08-28 17:44:18.484:找到对应函数，进入执行                            File: Line:0 Function: Type:Debug:
DateTime:2026-08-28 17:44:18.484:"延时时间为60s"                            File: Line:0 Function: Type:Debug:
DateTime:2026-08-28 17:44:18.484:"uTimeSecond_ms:60000"                            File: Line:0 Function: Type:Debug:
DateTime:2026-08-28 17:44:21.506:"等待工装回复超时"                            File: Line:0 Function: Type:Debug:
DateTime:2026-08-28 17:44:24.528:"等待工装回复超时"                            File: Line:0 Function: Type:Debug:
DateTime:2026-08-28 17:44:27.550:"等待工装回复超时"                            File: Line:0 Function: Type:Debug:
DateTime:2026-08-28 17:44:30.572:"等待工装回复超时"                            File: Line:0 Function: Type:Debug:
DateTime:2026-08-28 17:44:33.594:"等待工装回复超时"                            File: Line:0 Function: Type:Debug:
DateTime:2026-08-28 17:44:36.616:"等待工装回复超时"                            File: Line:0 Function: Type:Debug:
DateTime:2026-08-28 17:44:39.638:"等待工装回复超时"                            File: Line:0 Function: Type:Debug:
DateTime:2026-08-28 17:44:42.660:"等待工装回复超时"                            File: Line:0 Function: Type:Debug:
DateTime:2026-08-28 17:44:45.682:"等待工装回复超时"                            File: Line:0 Function: Type:Debug:
DateTime:2026-08-28 17:44:48.704:"等待工装回复超时"                            File: Line:0 Function: Type:Debug:
DateTime:2026-08-28 17:44:51.726:"等待工装回复超时"                            File: Line:0 Function: Type:Debug:
DateTime:2026-08-28 17:44:54.747:"等待工装回复超时"                            File: Line:0 Function: Type:Debug:
DateTime:2026-08-28 17:44:57.769:"等待工装回复超时"                            File: Line:0 Function: Type:Debug:
DateTime:2026-08-28 17:45:00.539:"工装接收：68 7A 00 7A 00 68 80 00 00 00 00 00 22 60 00 00 01 00 02 0F 00 68 0F 00 C3 00 00 00 00 00 04 14 02 00 DD 16 5B 16 68 7A 00 7A 00 68 80 00 00 00 00 00 22 60 00 00 01 00 02 0F 00 68 0F 00 C3 00 00 00 00 00 05 14 02 00 DE 16 5D 16"                            File: Line:0 Function: Type:Debug:
DateTime:2026-08-28 17:45:00.539:"m_baRecvMsg:"                            File: Line:0 Function: Type:Debug:
DateTime:2026-08-28 17:45:00.539:"ameList.size():"                            File: Line:0 Function: Type:Debug:
DateTime:2026-08-28 17:45:00.539:"进入报文解析"                            File: Line:0 Function: Type:Debug:
DateTime:2026-08-28 17:45:00.539:"68 7A 00 7A 00 68 80 00 00 00 00 00 22 60 00 00 01 00 02 0F 00 68 0F 00 C3 00 00 00 00 00 04 14 02 00 DD 16 5B 16"                            File: Line:0 Function: Type:Debug:
DateTime:2026-08-28 17:45:00.539:"解码完成，功能码: 4"                            File: Line:0 Function: Type:Debug:
DateTime:2026-08-28 17:45:00.539:"工装回复透传报文"                            File: Line:0 Function: Type:Debug:
DateTime:2026-08-28 17:45:00.539:"020F00680F00C3000000000004140200DD16"                            File: Line:0 Function: Type:Debug:
DateTime:2026-08-28 17:45:00.539:"内容:68 0f 00 c3 00 00 00 00 00 04 14 02 00 dd 16"                            File: Line:0 Function: Type:Debug:
DateTime:2026-08-28 17:45:00.539:"进入报文解析"                            File: Line:0 Function: Type:Debug:
DateTime:2026-08-28 17:45:00.539:"68 7A 00 7A 00 68 80 00 00 00 00 00 22 60 00 00 01 00 02 0F 00 68 0F 00 C3 00 00 00 00 00 05 14 02 00 DE 16 5D 16"                            File: Line:0 Function: Type:Debug:
DateTime:2026-08-28 17:45:00.539:"解码完成，功能码: 4"                            File: Line:0 Function: Type:Debug:
DateTime:2026-08-28 17:45:00.539:"工装回复透传报文"                            File: Line:0 Function: Type:Debug:
DateTime:2026-08-28 17:45:00.539:"020F00680F00C3000000000005140200DE16"                            File: Line:0 Function: Type:Debug:
DateTime:2026-08-28 17:45:00.539:"内容:68 0f 00 c3 00 00 00 00 00 05 14 02 00 de 16"                            File: Line:0 Function: Type:Debug:
DateTime:2026-08-28 17:45:00.841:"等待工装回复超时"                            File: Line:0 Function: Type:Debug:
DateTime:2026-08-28 17:45:00.841:"查找结果: iret=0, wStart=0, dwOutLen=15, dwStreamLen=30, dwFindPos=0"                            File: Line:0 Function: Type:Debug:
DateTime:2026-08-28 17:45:00.841:"Receive:<= 68 0F 00 C3 00 00 00 00 00 04 14 02 00 DD 16"                            File: Line:0 Function: Type:Debug:
DateTime:2026-08-28 17:45:00.841:"解析：功能码-AFN=14H,Fn=2："                            File: Line:0 Function: Type:Debug:
DateTime:2026-08-28 17:45:00.841:"Send(回复路由请求集中器时钟)：=> 68 15 00 03 00 00 00 00 00 04 14 02 00 00 45 17 28 08 26 CF 16"                            File: Line:0 Function: Type:Debug:
DateTime:2026-08-28 17:45:00.841:"槽位2透传:68960096006840000000000022600000010002013C0068150003000000000004140200004517280826CF163316"                            File: Line:0 Function: Type:Debug:
DateTime:2026-08-28 17:45:00.841:"工装发送：68 96 00 96 00 68 40 00 00 00 00 00 22 60 00 00 01 00 02 01 3C 00 68 15 00 03 00 00 00 00 00 04 14 02 00 00 45 17 28 08 26 CF 16 33 16"                            File: Line:0 Function: Type:Debug:
DateTime:2026-08-28 17:45:00.841:"查找结果: iret=0, wStart=0, dwOutLen=15, dwStreamLen=15, dwFindPos=15"                            File: Line:0 Function: Type:Debug:
DateTime:2026-08-28 17:45:00.841:"Receive:<= 68 0F 00 C3 00 00 00 00 00 05 14 02 00 DE 16"                            File: Line:0 Function: Type:Debug:
DateTime:2026-08-28 17:45:00.841:"解析：功能码-AFN=14H,Fn=2："                            File: Line:0 Function: Type:Debug:
DateTime:2026-08-28 17:45:00.841:"Send(回复路由请求集中器时钟)：=> 68 15 00 03 00 00 00 00 00 05 14 02 00 00 45 17 28 08 26 D0 16"                            File: Line:0 Function: Type:Debug:
DateTime:2026-08-28 17:45:00.841:"槽位2透传:68960096006840000000000022600000010002013C0068150003000000000005140200004517280826D0163516"                            File: Line:0 Function: Type:Debug:
DateTime:2026-08-28 17:45:00.841:"工装发送：68 96 00 96 00 68 40 00 00 00 00 00 22 60 00 00 01 00 02 01 3C 00 68 15 00 03 00 00 00 00 00 05 14 02 00 00 45 17 28 08 26 D0 16 35 16"                            File: Line:0 Function: Type:Debug:
DateTime:2026-08-28 17:45:00.866:"工装接收：68 32 00 32 00 68 80 00 00 00 00 00 00 60 00 00 01 00 E1 16"                            File: Line:0 Function: Type:Debug:
DateTime:2026-08-28 17:45:00.866:"m_baRecvMsg:"                            File: Line:0 Function: Type:Debug:
DateTime:2026-08-28 17:45:00.866:"rameList.size():"                            File: Line:0 Function: Type:Debug:
DateTime:2026-08-28 17:45:00.866:"进入报文解析"                            File: Line:0 Function: Type:Debug:
DateTime:2026-08-28 17:45:00.866:"68 32 00 32 00 68 80 00 00 00 00 00 00 60 00 00 01 00 E1 16"                            File: Line:0 Function: Type:Debug:
DateTime:2026-08-28 17:45:00.866:"解码完成，功能码: 1"                            File: Line:0 Function: Type:Debug:
DateTime:2026-08-28 17:45:00.866:"工装回复确认帧"                            File: Line:0 Function: Type:Debug:
DateTime:2026-08-28 17:45:00.890:"工装接收：68 32 00 32 00 68 80 00 00 00 00 00 00 60 00 00 01 00 E1 16"                            File: Line:0 Function: Type:Debug:
DateTime:2026-08-28 17:45:00.891:"m_baRecvMsg:"                            File: Line:0 Function: Type:Debug:
DateTime:2026-08-28 17:45:00.891:"rameList.size():"                            File: Line:0 Function: Type:Debug:
DateTime:2026-08-28 17:45:00.891:"进入报文解析"                            File: Line:0 Function: Type:Debug:
DateTime:2026-08-28 17:45:00.891:"68 32 00 32 00 68 80 00 00 00 00 00 00 60 00 00 01 00 E1 16"                            File: Line:0 Function: Type:Debug:
DateTime:2026-08-28 17:45:00.891:"解码完成，功能码: 1"                            File: Line:0 Function: Type:Debug:
DateTime:2026-08-28 17:45:00.891:"工装回复确认帧"                            File: Line:0 Function: Type:Debug:
DateTime:2026-08-28 17:45:06.935:"等待工装回复超时"                            File: Line:0 Function: Type:Debug:
DateTime:2026-08-28 17:45:09.957:"等待工装回复超时"                            File: Line:0 Function: Type:Debug:
DateTime:2026-08-28 17:45:12.979:"等待工装回复超时"                            File: Line:0 Function: Type:Debug:
DateTime:2026-08-28 17:45:16.001:"等待工装回复超时"                            File: Line:0 Function: Type:Debug:
DateTime:2026-08-28 17:45:19.023:"等待工装回复超时"                            File: Line:0 Function: Type:Debug:
DateTime:2026-08-28 17:45:19.023:"延时时间到"                            File: Line:0 Function: Type:Debug:
DateTime:2026-08-28 17:45:19.123:dll输出信息: ""                            File: Line:0 Function: Type:Debug:
DateTime:2026-08-28 17:45:19.123:接口函数调用成功，返回的结果为 0                            File: Line:0 Function: Type:Debug:
DateTime:2026-08-28 17:45:19.123:"外部传入的para：0，返回的result：0,返回的pValRet：0"                            File: Line:0 Function: Type:Debug:
DateTime:2026-08-28 17:45:19.123:"执行接口函数Func_Delay完成"                            File: Line:0 Function: Type:Debug:
DateTime:2026-08-28 17:45:19.123:coorIndex 0                            File: Line:0 Function: Type:Debug:
DateTime:2026-08-28 17:45:19.123:当前流程结束                            File: Line:0 Function: Type:Debug:
DateTime:2026-08-28 17:45:19.123:退出connect函数                            File: Line:0 Function: Type:Debug:
DateTime:2026-08-28 17:45:19.123:"=========【执行延时】结束=========="                            File: Line:0 Function: Type:Debug:
DateTime:2026-08-28 17:45:19.124:"-----------------------------"                            File: Line:0 Function: Type:Debug:
DateTime:2026-08-28 17:45:19.124:"=============执行【EB040603查询CCO智能补采运行参数(默认00不添加;事件方式)】==================="                            File: Line:0 Function: Type:Debug:
DateTime:2026-08-28 17:45:19.124:"执行接口函数CCO_AFN52_F1_EB040603_set"                            File: Line:0 Function: Type:Debug:
DateTime:2026-08-28 17:45:19.124:callWorkFunction: CCO_AFN52_F1_EB040603_set                            File: Line:0 Function: Type:Debug:
DateTime:2026-08-28 17:45:19.124:找到对应函数，进入执行                            File: Line:0 Function: Type:Debug:
DateTime:2026-08-28 17:45:19.628:"等待工装回复超时"                            File: Line:0 Function: Type:Debug:
DateTime:2026-08-28 17:45:19.628:"开始组帧"                            File: Line:0 Function: Type:Debug:
DateTime:2026-08-28 17:45:19.628:"组帧结束"                            File: Line:0 Function: Type:Debug:
DateTime:2026-08-28 17:45:19.628:"367.2Send:数据转发(设置-CCO任务队列_智能补采_运行参数EB040603)：=>68 34 00 43 00 00 00 00 00 56 52 01 00 02 12 90 78 56 34 12 6B 8A E8 19 00 68 12 90 78 56 34 12 68 14 0D 36 39 37 1E 3B 33 33 33 44 44 44 44 33 82 16 B4 16"                            File: Line:0 Function: Type:Debug:
DateTime:2026-08-28 17:45:19.628:"槽位2透传:68120112016840000000000022600000010002013C0068340043000000000056520100021290785634126B8AE819006812907856341268140D3639371E3B33333344444444338216B4161C16"                            File: Line:0 Function: Type:Debug:
DateTime:2026-08-28 17:45:19.628:"工装发送：68 12 01 12 01 68 40 00 00 00 00 00 22 60 00 00 01 00 02 01 3C 00 68 34 00 43 00 00 00 00 00 56 52 01 00 02 12 90 78 56 34 12 6B 8A E8 19 00 68 12 90 78 56 34 12 68 14 0D 36 39 37 1E 3B 33 33 33 44 44 44 44 33 82 16 B4 16 1C 16"                            File: Line:0 Function: Type:Debug:
DateTime:2026-08-28 17:45:19.689:"工装接收：68 32 00 32 00 68 80 00 00 00 00 00 00 60 00 00 01 00 E1 16"                            File: Line:0 Function: Type:Debug:
DateTime:2026-08-28 17:45:19.689:"m_baRecvMsg:"                            File: Line:0 Function: Type:Debug:
DateTime:2026-08-28 17:45:19.689:"frameList.size():1"                            File: Line:0 Function: Type:Debug:
DateTime:2026-08-28 17:45:19.689:"进入报文解析"                            File: Line:0 Function: Type:Debug:
DateTime:2026-08-28 17:45:19.689:"68 32 00 32 00 68 80 00 00 00 00 00 00 60 00 00 01 00 E1 16"                            File: Line:0 Function: Type:Debug:
DateTime:2026-08-28 17:45:19.689:"解码完成，功能码: 1"                            File: Line:0 Function: Type:Debug:
DateTime:2026-08-28 17:45:19.689:"工装回复确认帧"                            File: Line:0 Function: Type:Debug:
DateTime:2026-08-28 17:45:19.797:"工装接收：68 CE 00 CE 00 68 80 00 00 00 00 00 22 60 00 00 01 00 02 24 00 68 24 00 80 00 00 00 00 00 56 52 01 00 02 12 90 78 56 34 12 0C 00 68 12 90 78 56 34 12 68 94 00 1A 16 37 16 39 16"                            File: Line:0 Function: Type:Debug:
DateTime:2026-08-28 17:45:19.797:"m_baRecvMsg:"                            File: Line:0 Function: Type:Debug:
DateTime:2026-08-28 17:45:19.797:"frameList.size():1"                            File: Line:0 Function: Type:Debug:
DateTime:2026-08-28 17:45:19.797:"进入报文解析"                            File: Line:0 Function: Type:Debug:
DateTime:2026-08-28 17:45:19.797:"68 CE 00 CE 00 68 80 00 00 00 00 00 22 60 00 00 01 00 02 24 00 68 24 00 80 00 00 00 00 00 56 52 01 00 02 12 90 78 56 34 12 0C 00 68 12 90 78 56 34 12 68 94 00 1A 16 37 16 39 16"                            File: Line:0 Function: Type:Debug:
DateTime:2026-08-28 17:45:19.797:"解码完成，功能码: 4"                            File: Line:0 Function: Type:Debug:
DateTime:2026-08-28 17:45:19.797:"工装接收到透传报文"                            File: Line:0 Function: Type:Debug:
DateTime:2026-08-28 17:45:19.797:"02240068240080000000000056520100021290785634120C00681290785634126894001A163716"                            File: Line:0 Function: Type:Debug:
DateTime:2026-08-28 17:45:19.797:"透传报文内容:68 24 00 80 00 00 00 00 00 56 52 01 00 02 12 90 78 56 34 12 0c 00 68 12 90 78 56 34 12 68 94 00 1a 16 37 16"                            File: Line:0 Function: Type:Debug:
DateTime:2026-08-28 17:45:22.719:"uTimeSecond_ms:30000"                            File: Line:0 Function: Type:Debug:
DateTime:2026-08-28 17:45:22.719:"查找结果: iret=0, wStart=0, dwOutLen=36, dwStreamLen=36, dwFindPos=0"                            File: Line:0 Function: Type:Debug:
DateTime:2026-08-28 17:45:22.719:"Receive:<= 68 24 00 80 00 00 00 00 00 56 52 01 00 02 12 90 78 56 34 12 0C 00 68 12 90 78 56 34 12 68 94 00 1A 16 37 16"                            File: Line:0 Function: Type:Debug:
DateTime:2026-08-28 17:45:22.719:"解析：功能码-AFN=52H,Fn=1："                            File: Line:0 Function: Type:Debug:
DateTime:2026-08-28 17:45:22.719:"透传回复内容：021290785634120C00681290785634126894001A16"                            File: Line:0 Function: Type:Debug:
DateTime:2026-08-28 17:45:22.719:"设置成功"                            File: Line:0 Function: Type:Debug:
DateTime:2026-08-28 17:45:22.719:dll输出信息: ""                            File: Line:0 Function: Type:Debug:
DateTime:2026-08-28 17:45:22.719:接口函数调用成功，返回的结果为 0                            File: Line:0 Function: Type:Debug:
DateTime:2026-08-28 17:45:22.719:"外部传入的para：0，返回的result：0,返回的pValRet：0"                            File: Line:0 Function: Type:Debug:
DateTime:2026-08-28 17:45:22.719:"执行接口函数CCO_AFN52_F1_EB040603_set完成"                            File: Line:0 Function: Type:Debug:
DateTime:2026-08-28 17:45:22.720:coorIndex 0                            File: Line:0 Function: Type:Debug:
DateTime:2026-08-28 17:45:22.720:当前流程结束                            File: Line:0 Function: Type:Debug:
DateTime:2026-08-28 17:45:22.720:退出connect函数                            File: Line:0 Function: Type:Debug:
DateTime:2026-08-28 17:45:22.720:"=========【EB040603查询CCO智能补采运行参数(默认00不添加;事件方式)】结束=========="                            File: Line:0 Function: Type:Debug:
DateTime:2026-08-28 17:45:22.720:"-----------------------------"                            File: Line:0 Function: Type:Debug:
DateTime:2026-08-28 17:45:22.721:"=============执行【EB040501设置默认方式主动上报】==================="                            File: Line:0 Function: Type:Debug:
DateTime:2026-08-28 17:45:22.722:"执行接口函数CCO_AFN52_F1_EB040501_set"                            File: Line:0 Function: Type:Debug:
DateTime:2026-08-28 17:45:22.722:callWorkFunction: CCO_AFN52_F1_EB040501_set                            File: Line:0 Function: Type:Debug:
DateTime:2026-08-28 17:45:22.722:找到对应函数，进入执行                            File: Line:0 Function: Type:Debug:
DateTime:2026-08-28 17:45:23.225:"等待工装回复超时"                            File: Line:0 Function: Type:Debug:
DateTime:2026-08-28 17:45:23.225:"开始组帧"                            File: Line:0 Function: Type:Debug:
DateTime:2026-08-28 17:45:23.225:"组帧结束"                            File: Line:0 Function: Type:Debug:
DateTime:2026-08-28 17:45:23.225:"367.2Send:数据转发(设置-存量CCO加工处理的事件主动上报方式EB040503)：=>68 34 00 43 00 00 00 00 00 57 52 01 00 02 12 90 78 56 34 12 6B 8A E8 19 00 68 12 90 78 56 34 12 68 14 0D 34 38 37 1E 3B 33 33 33 44 44 44 44 33 7F 16 AF 16"                            File: Line:0 Function: Type:Debug:
DateTime:2026-08-28 17:45:23.225:"槽位2透传:68120112016840000000000022600000010002013C0068340043000000000057520100021290785634126B8AE819006812907856341268140D3438371E3B33333344444444337F16AF161216"                            File: Line:0 Function: Type:Debug:
DateTime:2026-08-28 17:45:23.225:"工装发送：68 12 01 12 01 68 40 00 00 00 00 00 22 60 00 00 01 00 02 01 3C 00 68 34 00 43 00 00 00 00 00 57 52 01 00 02 12 90 78 56 34 12 6B 8A E8 19 00 68 12 90 78 56 34 12 68 14 0D 34 38 37 1E 3B 33 33 33 44 44 44 44 33 7F 16 AF 16 12 16"                            File: Line:0 Function: Type:Debug:
DateTime:2026-08-28 17:45:23.286:"工装接收：68 32 00 32 00 68 80 00 00 00 00 00 00 60 00 00 01 00 E1 16"                            File: Line:0 Function: Type:Debug:
DateTime:2026-08-28 17:45:23.286:"m_baRecvMsg:"                            File: Line:0 Function: Type:Debug:
DateTime:2026-08-28 17:45:23.286:"frameList.size():1"                            File: Line:0 Function: Type:Debug:
DateTime:2026-08-28 17:45:23.286:"进入报文解析"                            File: Line:0 Function: Type:Debug:
DateTime:2026-08-28 17:45:23.286:"68 32 00 32 00 68 80 00 00 00 00 00 00 60 00 00 01 00 E1 16"                            File: Line:0 Function: Type:Debug:
DateTime:2026-08-28 17:45:23.286:"解码完成，功能码: 1"                            File: Line:0 Function: Type:Debug:
DateTime:2026-08-28 17:45:23.286:"工装回复确认帧"                            File: Line:0 Function: Type:Debug:
DateTime:2026-08-28 17:45:23.392:"工装接收：68 CE 00 CE 00 68 80 00 00 00 00 00 22 60 00 00 01 00 02 24 00 68 24 00 80 00 00 00 00 00 57 52 01 00 02 12 90 78 56 34 12 0C 00 68 12 90 78 56 34 12 68 94 00 1A 16 38 16 3B 16"                            File: Line:0 Function: Type:Debug:
DateTime:2026-08-28 17:45:23.392:"m_baRecvMsg:"                            File: Line:0 Function: Type:Debug:
DateTime:2026-08-28 17:45:23.392:"frameList.size():1"                            File: Line:0 Function: Type:Debug:
DateTime:2026-08-28 17:45:23.392:"进入报文解析"                            File: Line:0 Function: Type:Debug:
DateTime:2026-08-28 17:45:23.392:"68 CE 00 CE 00 68 80 00 00 00 00 00 22 60 00 00 01 00 02 24 00 68 24 00 80 00 00 00 00 00 57 52 01 00 02 12 90 78 56 34 12 0C 00 68 12 90 78 56 34 12 68 94 00 1A 16 38 16 3B 16"                            File: Line:0 Function: Type:Debug:
DateTime:2026-08-28 17:45:23.392:"解码完成，功能码: 4"                            File: Line:0 Function: Type:Debug:
DateTime:2026-08-28 17:45:23.392:"工装接收到透传报文"                            File: Line:0 Function: Type:Debug:
DateTime:2026-08-28 17:45:23.392:"02240068240080000000000057520100021290785634120C00681290785634126894001A163816"                            File: Line:0 Function: Type:Debug:
DateTime:2026-08-28 17:45:23.392:"透传报文内容:68 24 00 80 00 00 00 00 00 57 52 01 00 02 12 90 78 56 34 12 0c 00 68 12 90 78 56 34 12 68 94 00 1a 16 38 16"                            File: Line:0 Function: Type:Debug:
DateTime:2026-08-28 17:45:26.313:"uTimeSecond_ms:30000"                            File: Line:0 Function: Type:Debug:
DateTime:2026-08-28 17:45:26.313:"查找结果: iret=0, wStart=0, dwOutLen=36, dwStreamLen=36, dwFindPos=0"                            File: Line:0 Function: Type:Debug:
DateTime:2026-08-28 17:45:26.313:"Receive:<= 68 24 00 80 00 00 00 00 00 57 52 01 00 02 12 90 78 56 34 12 0C 00 68 12 90 78 56 34 12 68 94 00 1A 16 38 16"                            File: Line:0 Function: Type:Debug:
DateTime:2026-08-28 17:45:26.313:"解析：功能码-AFN=52H,Fn=1："                            File: Line:0 Function: Type:Debug:
DateTime:2026-08-28 17:45:26.313:"透传回复内容：021290785634120C00681290785634126894001A16"                            File: Line:0 Function: Type:Debug:
DateTime:2026-08-28 17:45:26.313:"设置成功"                            File: Line:0 Function: Type:Debug:
DateTime:2026-08-28 17:45:26.313:dll输出信息: ""                            File: Line:0 Function: Type:Debug:
DateTime:2026-08-28 17:45:26.313:接口函数调用成功，返回的结果为 0                            File: Line:0 Function: Type:Debug:
DateTime:2026-08-28 17:45:26.313:"外部传入的para：0，返回的result：0,返回的pValRet：0"                            File: Line:0 Function: Type:Debug:
DateTime:2026-08-28 17:45:26.313:"执行接口函数CCO_AFN52_F1_EB040501_set完成"                            File: Line:0 Function: Type:Debug:
DateTime:2026-08-28 17:45:26.314:coorIndex 0                            File: Line:0 Function: Type:Debug:
DateTime:2026-08-28 17:45:26.314:当前流程结束                            File: Line:0 Function: Type:Debug:
DateTime:2026-08-28 17:45:26.314:退出connect函数                            File: Line:0 Function: Type:Debug:
DateTime:2026-08-28 17:45:26.314:"=========【EB040501设置默认方式主动上报】结束=========="                            File: Line:0 Function: Type:Debug:
DateTime:2026-08-28 17:45:26.314:"-----------------------------"                            File: Line:0 Function: Type:Debug:
DateTime:2026-08-28 17:45:26.314:"=============执行【Step9-正常情况智能补采测试MT_1】==================="                            File: Line:0 Function: Type:Debug:
DateTime:2026-08-28 17:45:26.315:"执行接口函数CCO_AFN52_F2_multi_DT"                            File: Line:0 Function: Type:Debug:
DateTime:2026-08-28 17:45:26.315:callWorkFunction: CCO_AFN52_F2_multi_DT                            File: Line:0 Function: Type:Debug:
DateTime:2026-08-28 17:45:26.315:找到对应函数，进入执行                            File: Line:0 Function: Type:Debug:
DateTime:2026-08-28 17:45:26.315:"我跑到这啦111"                            File: Line:0 Function: Type:Debug:
DateTime:2026-08-28 17:45:26.315:"DT_List.size():1"                            File: Line:0 Function: Type:Debug:
DateTime:2026-08-28 17:45:26.315:"baDi:3030303130303030"                            File: Line:0 Function: Type:Debug:
DateTime:2026-08-28 17:45:26.315:"我跑到这啦222"                            File: Line:0 Function: Type:Debug:
DateTime:2026-08-28 17:45:26.315:"我跑到这啦333"                            File: Line:0 Function: Type:Debug:
DateTime:2026-08-28 17:45:26.315:结果: 0x "00000100"                            File: Line:0 Function: Type:Debug:
DateTime:2026-08-28 17:45:26.315:"我跑到这啦444"                            File: Line:0 Function: Type:Debug:
DateTime:2026-08-28 17:45:26.315:"我跑到这啦555"                            File: Line:0 Function: Type:Debug:
DateTime:2026-08-28 17:45:26.819:"等待工装回复超时"                            File: Line:0 Function: Type:Debug:
DateTime:2026-08-28 17:45:26.819:"Send:智能补采(52H-F2)：=>68 2E 00 43 00 00 00 00 00 58 52 02 00 01 00 03 00 03 03 01 10 00 16 19 02 00 10 00 68 03 01 10 00 16 19 68 11 04 33 33 34 33 F5 16 4B 16"                            File: Line:0 Function: Type:Debug:
DateTime:2026-08-28 17:45:26.819:"槽位2透传:68FA00FA006840000000000022600000010002013C00682E00430000000000585202000100030003030110001619020010006803011000161968110433333433F5164B164416"                            File: Line:0 Function: Type:Debug:
DateTime:2026-08-28 17:45:26.819:"工装发送：68 FA 00 FA 00 68 40 00 00 00 00 00 22 60 00 00 01 00 02 01 3C 00 68 2E 00 43 00 00 00 00 00 58 52 02 00 01 00 03 00 03 03 01 10 00 16 19 02 00 10 00 68 03 01 10 00 16 19 68 11 04 33 33 34 33 F5 16 4B 16 44 16"                            File: Line:0 Function: Type:Debug:
DateTime:2026-08-28 17:45:26.819:"uTimeSecond_ms:5000"                            File: Line:0 Function: Type:Debug:
DateTime:2026-08-28 17:45:26.873:"工装接收：68 32 00 32 00 68 80 00 00 00 00 00 00 60 00 00 01 00 E1 16"                            File: Line:0 Function: Type:Debug:
DateTime:2026-08-28 17:45:26.873:"m_baRecvMsg:"                            File: Line:0 Function: Type:Debug:
DateTime:2026-08-28 17:45:26.873:"rameList.size():"                            File: Line:0 Function: Type:Debug:
DateTime:2026-08-28 17:45:26.873:"进入报文解析"                            File: Line:0 Function: Type:Debug:
DateTime:2026-08-28 17:45:26.873:"68 32 00 32 00 68 80 00 00 00 00 00 00 60 00 00 01 00 E1 16"                            File: Line:0 Function: Type:Debug:
DateTime:2026-08-28 17:45:26.873:"解码完成，功能码: 1"                            File: Line:0 Function: Type:Debug:
DateTime:2026-08-28 17:45:26.873:"工装回复确认帧"                            File: Line:0 Function: Type:Debug:
DateTime:2026-08-28 17:45:26.928:"工装接收：68 E2 00 E2 00 68 80 00 00 00 00 00 22 60 00 00 01 00 02 29 00 68 29 00 80 00 00 00 00 00 58 52 02 00 01 00 03 00 03 03 01 10 00 16 19 02 0C 00 68 03 01 10 00 16 19 68 94 00 A7 16 E8 16 A5 16"                            File: Line:0 Function: Type:Debug:
DateTime:2026-08-28 17:45:26.928:"m_baRecvMsg:"                            File: Line:0 Function: Type:Debug:
DateTime:2026-08-28 17:45:26.928:"rameList.size():"                            File: Line:0 Function: Type:Debug:
DateTime:2026-08-28 17:45:26.928:"进入报文解析"                            File: Line:0 Function: Type:Debug:
DateTime:2026-08-28 17:45:26.928:"68 E2 00 E2 00 68 80 00 00 00 00 00 22 60 00 00 01 00 02 29 00 68 29 00 80 00 00 00 00 00 58 52 02 00 01 00 03 00 03 03 01 10 00 16 19 02 0C 00 68 03 01 10 00 16 19 68 94 00 A7 16 E8 16 A5 16"                            File: Line:0 Function: Type:Debug:
DateTime:2026-08-28 17:45:26.928:"解码完成，功能码: 4"                            File: Line:0 Function: Type:Debug:
DateTime:2026-08-28 17:45:26.928:"工装回复透传报文"                            File: Line:0 Function: Type:Debug:
DateTime:2026-08-28 17:45:26.928:"022900682900800000000000585202000100030003030110001619020C0068030110001619689400A716E816"                            File: Line:0 Function: Type:Debug:
DateTime:2026-08-28 17:45:26.928:"内容:68 29 00 80 00 00 00 00 00 58 52 02 00 01 00 03 00 03 03 01 10 00 16 19 02 0c 00 68 03 01 10 00 16 19 68 94 00 a7 16 e8 16"                            File: Line:0 Function: Type:Debug:
DateTime:2026-08-28 17:45:27.198:"工装接收：68 EA 00 EA 00 68 80 00 00 00 00 00 22 60 00 00 01 00 02 2B 00 68 2B 00 C0 00 00 00 00 00 08 56 02 00 03 03 01 10 00 16 19 14 68 03 01 10 00 16 19 68 91 08 33 33 34 33 3C 33 33 33 4E 16 2C 16 31 16"                            File: Line:0 Function: Type:Debug:
DateTime:2026-08-28 17:45:27.198:"m_baRecvMsg:"                            File: Line:0 Function: Type:Debug:
DateTime:2026-08-28 17:45:27.198:"rameList.size():"                            File: Line:0 Function: Type:Debug:
DateTime:2026-08-28 17:45:27.198:"进入报文解析"                            File: Line:0 Function: Type:Debug:
DateTime:2026-08-28 17:45:27.198:"68 EA 00 EA 00 68 80 00 00 00 00 00 22 60 00 00 01 00 02 2B 00 68 2B 00 C0 00 00 00 00 00 08 56 02 00 03 03 01 10 00 16 19 14 68 03 01 10 00 16 19 68 91 08 33 33 34 33 3C 33 33 33 4E 16 2C 16 31 16"                            File: Line:0 Function: Type:Debug:
DateTime:2026-08-28 17:45:27.198:"解码完成，功能码: 4"                            File: Line:0 Function: Type:Debug:
DateTime:2026-08-28 17:45:27.198:"工装回复透传报文"                            File: Line:0 Function: Type:Debug:
DateTime:2026-08-28 17:45:27.198:"022B00682B00C0000000000008560200030301100016191468030110001619689108333334333C3333334E162C16"                            File: Line:0 Function: Type:Debug:
DateTime:2026-08-28 17:45:27.198:"内容:68 2b 00 c0 00 00 00 00 00 08 56 02 00 03 03 01 10 00 16 19 14 68 03 01 10 00 16 19 68 91 08 33 33 34 33 3c 33 33 33 4e 16 2c 16"                            File: Line:0 Function: Type:Debug:
DateTime:2026-08-28 17:45:29.917:"查找结果: iret=0, wStart=0, dwOutLen=41, dwStreamLen=84, dwFindPos=0"                            File: Line:0 Function: Type:Debug:
DateTime:2026-08-28 17:45:29.917:"Receive:<= 68 29 00 80 00 00 00 00 00 58 52 02 00 01 00 03 00 03 03 01 10 00 16 19 02 0C 00 68 03 01 10 00 16 19 68 94 00 A7 16 E8 16"                            File: Line:0 Function: Type:Debug:
DateTime:2026-08-28 17:45:29.917:"解析：功能码-AFN=52H,Fn=2："                            File: Line:0 Function: Type:Debug:
DateTime:2026-08-28 17:45:29.917:"查找结果: iret=0, wStart=0, dwOutLen=43, dwStreamLen=43, dwFindPos=41"                            File: Line:0 Function: Type:Debug:
DateTime:2026-08-28 17:45:29.917:"Receive:<= 68 2B 00 C0 00 00 00 00 00 08 56 02 00 03 03 01 10 00 16 19 14 68 03 01 10 00 16 19 68 91 08 33 33 34 33 3C 33 33 33 4E 16 2C 16"                            File: Line:0 Function: Type:Debug:
DateTime:2026-08-28 17:45:29.917:"解析：功能码-AFN=56H,Fn=2："                            File: Line:0 Function: Type:Debug:
DateTime:2026-08-28 17:45:29.917:"任务方案号：1"                            File: Line:0 Function: Type:Debug:
DateTime:2026-08-28 17:45:29.917:"具体任务序号：3"                            File: Line:0 Function: Type:Debug:
DateTime:2026-08-28 17:45:29.917:"通信对象类型：电能表"                            File: Line:0 Function: Type:Debug:
DateTime:2026-08-28 17:45:29.917:"通信对象地址：030110001619"                            File: Line:0 Function: Type:Debug:
DateTime:2026-08-28 17:45:29.917:"规约类型：2"                            File: Line:0 Function: Type:Debug:
DateTime:2026-08-28 17:45:29.917:"返回内容报文长度：12"                            File: Line:0 Function: Type:Debug:
DateTime:2026-08-28 17:45:29.917:"返回报文内容：68030110001619689400A716"                            File: Line:0 Function: Type:Debug:
DateTime:2026-08-28 17:45:29.917:"收到确认帧"                            File: Line:0 Function: Type:Debug:
DateTime:2026-08-28 17:45:29.917:"Send(确认)：=> 68 0F 00 43 00 00 00 00 00 08 50 01 00 9C 16"                            File: Line:0 Function: Type:Debug:
DateTime:2026-08-28 17:45:29.917:"槽位2透传:687E007E006840000000000022600000010002013C00680F00430000000000085001009C16C716"                            File: Line:0 Function: Type:Debug:
DateTime:2026-08-28 17:45:29.917:"工装发送：68 7E 00 7E 00 68 40 00 00 00 00 00 22 60 00 00 01 00 02 01 3C 00 68 0F 00 43 00 00 00 00 00 08 50 01 00 9C 16 C7 16"                            File: Line:0 Function: Type:Debug:
DateTime:2026-08-28 17:45:30.019:"t56F2Data.pFrame:68030110001619689108333334333C3333334E16"                            File: Line:0 Function: Type:Debug:
DateTime:2026-08-28 17:45:30.019:"645报文信息：控制码：91,数据：0000010009000000"                            File: Line:0 Function: Type:Debug:
DateTime:2026-08-28 17:45:30.019:"DL/T645-2007协议报文信息：控制码：91,数据标识：00010000，数据：00000009"                            File: Line:0 Function: Type:Debug:
DateTime:2026-08-28 17:45:30.019:dll输出信息: ""                            File: Line:0 Function: Type:Debug:
DateTime:2026-08-28 17:45:30.019:接口函数调用成功，返回的结果为 0                            File: Line:0 Function: Type:Debug:
DateTime:2026-08-28 17:45:30.019:"外部传入的para：0，返回的result：0,返回的pValRet：0"                            File: Line:0 Function: Type:Debug:
DateTime:2026-08-28 17:45:30.019:"执行接口函数CCO_AFN52_F2_multi_DT完成"                            File: Line:0 Function: Type:Debug:
DateTime:2026-08-28 17:45:30.020:coorIndex 0                            File: Line:0 Function: Type:Debug:
DateTime:2026-08-28 17:45:30.020:当前流程结束                            File: Line:0 Function: Type:Debug:
DateTime:2026-08-28 17:45:30.020:退出connect函数                            File: Line:0 Function: Type:Debug:
DateTime:2026-08-28 17:45:30.021:"=========【Step9-正常情况智能补采测试MT_1】结束=========="                            File: Line:0 Function: Type:Debug:
DateTime:2026-08-28 17:45:30.021:"-----------------------------"                            File: Line:0 Function: Type:Debug:
DateTime:2026-08-28 17:45:30.024:"=============执行【Step10-数据转发--EB040603查询CCO智能补采运行参数(默认00不添加;事件方式)】==================="                            File: Line:0 Function: Type:Debug:
DateTime:2026-08-28 17:45:30.024:"执行接口函数CCO_AFN52_F1_EB040603_read"                            File: Line:0 Function: Type:Debug:
DateTime:2026-08-28 17:45:30.024:callWorkFunction: CCO_AFN52_F1_EB040603_read                            File: Line:0 Function: Type:Debug:
DateTime:2026-08-28 17:45:30.024:找到对应函数，进入执行                            File: Line:0 Function: Type:Debug:
DateTime:2026-08-28 17:45:30.541:"等待工装回复超时"                            File: Line:0 Function: Type:Debug:
DateTime:2026-08-28 17:45:30.541:"开始组帧"                            File: Line:0 Function: Type:Debug:
DateTime:2026-08-28 17:45:30.541:"组帧结束"                            File: Line:0 Function: Type:Debug:
DateTime:2026-08-28 17:45:30.541:"367.2Send:数据转发(查询-CCO任务队列_智能补采_运行参数 EB040603)：=>68 2B 00 43 00 00 00 00 00 59 52 01 00 02 12 90 78 56 34 12 6B 8A E8 10 00 68 12 90 78 56 34 12 68 11 04 36 39 37 1E 5F 16 68 16"                            File: Line:0 Function: Type:Debug:
DateTime:2026-08-28 17:45:30.541:"槽位2透传:68EE00EE006840000000000022600000010002013C00682B0043000000000059520100021290785634126B8AE81000681290785634126811043639371E5F1668167B16"                            File: Line:0 Function: Type:Debug:
DateTime:2026-08-28 17:45:30.541:"工装发送：68 EE 00 EE 00 68 40 00 00 00 00 00 22 60 00 00 01 00 02 01 3C 00 68 2B 00 43 00 00 00 00 00 59 52 01 00 02 12 90 78 56 34 12 6B 8A E8 10 00 68 12 90 78 56 34 12 68 11 04 36 39 37 1E 5F 16 68 16 7B 16"                            File: Line:0 Function: Type:Debug:
DateTime:2026-08-28 17:45:30.591:"工装接收：68 32 00 32 00 68 80 00 00 00 00 00 00 60 00 00 01 00 E1 16 68 32 00 32 00 68 80 00 00 00 00 00 00 60 00 00 01 00 E1 16"                            File: Line:0 Function: Type:Debug:
DateTime:2026-08-28 17:45:30.591:"m_baRecvMsg:"                            File: Line:0 Function: Type:Debug:
DateTime:2026-08-28 17:45:30.591:"frameList.size():2"                            File: Line:0 Function: Type:Debug:
DateTime:2026-08-28 17:45:30.591:"进入报文解析"                            File: Line:0 Function: Type:Debug:
DateTime:2026-08-28 17:45:30.591:"68 32 00 32 00 68 80 00 00 00 00 00 00 60 00 00 01 00 E1 16"                            File: Line:0 Function: Type:Debug:
DateTime:2026-08-28 17:45:30.591:"解码完成，功能码: 1"                            File: Line:0 Function: Type:Debug:
DateTime:2026-08-28 17:45:30.591:"工装回复确认帧"                            File: Line:0 Function: Type:Debug:
DateTime:2026-08-28 17:45:30.591:"进入报文解析"                            File: Line:0 Function: Type:Debug:
DateTime:2026-08-28 17:45:30.591:"68 32 00 32 00 68 80 00 00 00 00 00 00 60 00 00 01 00 E1 16"                            File: Line:0 Function: Type:Debug:
DateTime:2026-08-28 17:45:30.591:"解码完成，功能码: 1"                            File: Line:0 Function: Type:Debug:
DateTime:2026-08-28 17:45:30.591:"工装回复确认帧"                            File: Line:0 Function: Type:Debug:
DateTime:2026-08-28 17:45:30.644:"工装接收：68 E2 00 E2 00 68 80 00 00 00 00 00 22 60 00 00 01 00 02 29 00 68 29 00 80 00 00 00 00 00 59 52 01 00 02 12 90 78 56 34 12 11 00 68 12 90 78 56 34 12 68 91 05 36 39 37 1E 33 13 16 31 16 37 16"                            File: Line:0 Function: Type:Debug:
DateTime:2026-08-28 17:45:30.644:"m_baRecvMsg:"                            File: Line:0 Function: Type:Debug:
DateTime:2026-08-28 17:45:30.645:"frameList.size():1"                            File: Line:0 Function: Type:Debug:
DateTime:2026-08-28 17:45:30.645:"进入报文解析"                            File: Line:0 Function: Type:Debug:
DateTime:2026-08-28 17:45:30.645:"68 E2 00 E2 00 68 80 00 00 00 00 00 22 60 00 00 01 00 02 29 00 68 29 00 80 00 00 00 00 00 59 52 01 00 02 12 90 78 56 34 12 11 00 68 12 90 78 56 34 12 68 91 05 36 39 37 1E 33 13 16 31 16 37 16"                            File: Line:0 Function: Type:Debug:
DateTime:2026-08-28 17:45:30.645:"解码完成，功能码: 4"                            File: Line:0 Function: Type:Debug:
DateTime:2026-08-28 17:45:30.645:"工装接收到透传报文"                            File: Line:0 Function: Type:Debug:
DateTime:2026-08-28 17:45:30.645:"02290068290080000000000059520100021290785634121100681290785634126891053639371E3313163116"                            File: Line:0 Function: Type:Debug:
DateTime:2026-08-28 17:45:30.645:"透传报文内容:68 29 00 80 00 00 00 00 00 59 52 01 00 02 12 90 78 56 34 12 11 00 68 12 90 78 56 34 12 68 91 05 36 39 37 1e 33 13 16 31 16"                            File: Line:0 Function: Type:Debug:
DateTime:2026-08-28 17:45:33.567:"uTimeSecond_ms:30000"                            File: Line:0 Function: Type:Debug:
DateTime:2026-08-28 17:45:33.567:"查找结果: iret=0, wStart=0, dwOutLen=41, dwStreamLen=41, dwFindPos=0"                            File: Line:0 Function: Type:Debug:
DateTime:2026-08-28 17:45:33.567:"Receive:<= 68 29 00 80 00 00 00 00 00 59 52 01 00 02 12 90 78 56 34 12 11 00 68 12 90 78 56 34 12 68 91 05 36 39 37 1E 33 13 16 31 16"                            File: Line:0 Function: Type:Debug:
DateTime:2026-08-28 17:45:33.567:"解析：功能码-AFN=52H,Fn=1："                            File: Line:0 Function: Type:Debug:
DateTime:2026-08-28 17:45:33.567:"透传回复内容：021290785634121100681290785634126891053639371E331316"                            File: Line:0 Function: Type:Debug:
DateTime:2026-08-28 17:45:33.567:"DL/T645-2007协议 回复报文信息：控制码：91,数据标识：EB040603，数据域(需倒序解析)：00"                            File: Line:0 Function: Type:Debug:
DateTime:2026-08-28 17:45:33.567:"新增STA是否添加到档案：0不添加（默认）；上报方式：0事件（默认）"                            File: Line:0 Function: Type:Debug:
DateTime:2026-08-28 17:45:33.567:dll输出信息: ""                            File: Line:0 Function: Type:Debug:
DateTime:2026-08-28 17:45:33.567:接口函数调用成功，返回的结果为 0                            File: Line:0 Function: Type:Debug:
DateTime:2026-08-28 17:45:33.567:"外部传入的para：0，返回的result：0,返回的pValRet：0"                            File: Line:0 Function: Type:Debug:
DateTime:2026-08-28 17:45:33.567:"执行接口函数CCO_AFN52_F1_EB040603_read完成"                            File: Line:0 Function: Type:Debug:
DateTime:2026-08-28 17:45:33.568:coorIndex 0                            File: Line:0 Function: Type:Debug:
DateTime:2026-08-28 17:45:33.569:当前流程结束                            File: Line:0 Function: Type:Debug:
DateTime:2026-08-28 17:45:33.569:退出connect函数                            File: Line:0 Function: Type:Debug:
DateTime:2026-08-28 17:45:33.569:"=========【Step10-数据转发--EB040603查询CCO智能补采运行参数(默认00不添加;事件方式)】结束=========="                            File: Line:0 Function: Type:Debug:
DateTime:2026-08-28 17:45:33.569:"-----------------------------"                            File: Line:0 Function: Type:Debug:
DateTime:2026-08-28 17:45:33.569:"=============执行【Step11-添加档案外的智能补采报文(上报方式事件方式)(回复否认)】==================="                            File: Line:0 Function: Type:Debug:
DateTime:2026-08-28 17:45:33.569:"执行接口函数CCO_AFN52_F2"                            File: Line:0 Function: Type:Debug:
DateTime:2026-08-28 17:45:33.569:callWorkFunction: CCO_AFN52_F2                            File: Line:0 Function: Type:Debug:
DateTime:2026-08-28 17:45:33.569:找到对应函数，进入执行                            File: Line:0 Function: Type:Debug:
DateTime:2026-08-28 17:45:34.073:"等待工装回复超时"                            File: Line:0 Function: Type:Debug:
DateTime:2026-08-28 17:45:34.073:"开始组帧"                            File: Line:0 Function: Type:Debug:
DateTime:2026-08-28 17:45:34.073:"组帧结束"                            File: Line:0 Function: Type:Debug:
DateTime:2026-08-28 17:45:34.073:"367.2Send:智能补采(52H-F2)：=>68 2E 00 43 00 00 00 00 00 5A 52 02 00 01 00 03 00 03 04 01 10 00 16 19 02 00 10 00 68 04 01 10 00 16 19 68 11 04 33 33 34 33 F6 16 50 16"                            File: Line:0 Function: Type:Debug:
DateTime:2026-08-28 17:45:34.073:"槽位2透传:68FA00FA006840000000000022600000010002013C00682E004300000000005A5202000100030003040110001619020010006804011000161968110433333433F61650164E16"                            File: Line:0 Function: Type:Debug:
DateTime:2026-08-28 17:45:34.073:"工装发送：68 FA 00 FA 00 68 40 00 00 00 00 00 22 60 00 00 01 00 02 01 3C 00 68 2E 00 43 00 00 00 00 00 5A 52 02 00 01 00 03 00 03 04 01 10 00 16 19 02 00 10 00 68 04 01 10 00 16 19 68 11 04 33 33 34 33 F6 16 50 16 4E 16"                            File: Line:0 Function: Type:Debug:
DateTime:2026-08-28 17:45:34.127:"工装接收：68 32 00 32 00 68 80 00 00 00 00 00 00 60 00 00 01 00 E1 16"                            File: Line:0 Function: Type:Debug:
DateTime:2026-08-28 17:45:34.127:"m_baRecvMsg:"                            File: Line:0 Function: Type:Debug:
DateTime:2026-08-28 17:45:34.127:"frameList.size():1"                            File: Line:0 Function: Type:Debug:
DateTime:2026-08-28 17:45:34.127:"进入报文解析"                            File: Line:0 Function: Type:Debug:
DateTime:2026-08-28 17:45:34.127:"68 32 00 32 00 68 80 00 00 00 00 00 00 60 00 00 01 00 E1 16"                            File: Line:0 Function: Type:Debug:
DateTime:2026-08-28 17:45:34.127:"解码完成，功能码: 1"                            File: Line:0 Function: Type:Debug:
DateTime:2026-08-28 17:45:34.127:"工装回复确认帧"                            File: Line:0 Function: Type:Debug:
DateTime:2026-08-28 17:45:34.178:"工装接收：68 7E 00 7E 00 68 80 00 00 00 00 00 22 60 00 00 01 00 02 10 00 68 10 00 80 00 00 00 00 00 5A 50 02 00 01 2D 16 FD 16"                            File: Line:0 Function: Type:Debug:
DateTime:2026-08-28 17:45:34.178:"m_baRecvMsg:"                            File: Line:0 Function: Type:Debug:
DateTime:2026-08-28 17:45:34.178:"frameList.size():1"                            File: Line:0 Function: Type:Debug:
DateTime:2026-08-28 17:45:34.178:"进入报文解析"                            File: Line:0 Function: Type:Debug:
DateTime:2026-08-28 17:45:34.178:"68 7E 00 7E 00 68 80 00 00 00 00 00 22 60 00 00 01 00 02 10 00 68 10 00 80 00 00 00 00 00 5A 50 02 00 01 2D 16 FD 16"                            File: Line:0 Function: Type:Debug:
DateTime:2026-08-28 17:45:34.178:"解码完成，功能码: 4"                            File: Line:0 Function: Type:Debug:
DateTime:2026-08-28 17:45:34.178:"工装接收到透传报文"                            File: Line:0 Function: Type:Debug:
DateTime:2026-08-28 17:45:34.178:"0210006810008000000000005A500200012D16"                            File: Line:0 Function: Type:Debug:
DateTime:2026-08-28 17:45:34.178:"透传报文内容:68 10 00 80 00 00 00 00 00 5a 50 02 00 01 2d 16"                            File: Line:0 Function: Type:Debug:
DateTime:2026-08-28 17:45:37.099:"uTimeSecond_ms:30000"                            File: Line:0 Function: Type:Debug:
DateTime:2026-08-28 17:45:37.099:"Receive:<= 68 10 00 80 00 00 00 00 00 5A 50 02 00 01 2D 16"                            File: Line:0 Function: Type:Debug:
DateTime:2026-08-28 17:45:37.099:"解析：功能码-AFN=50H,Fn=2："                            File: Line:0 Function: Type:Debug:
DateTime:2026-08-28 17:45:37.099:"收到否认报文，结束等待"                            File: Line:0 Function: Type:Debug:
DateTime:2026-08-28 17:45:37.099:"否认类型: [1][无效数据单元]."                            File: Line:0 Function: Type:Debug:
DateTime:2026-08-28 17:45:40.121:"等待工装回复超时"                            File: Line:0 Function: Type:Debug:
DateTime:2026-08-28 17:45:43.143:"等待工装回复超时"                            File: Line:0 Function: Type:Debug:
DateTime:2026-08-28 17:45:46.165:"等待工装回复超时"                            File: Line:0 Function: Type:Debug:
DateTime:2026-08-28 17:45:49.187:"等待工装回复超时"                            File: Line:0 Function: Type:Debug:
DateTime:2026-08-28 17:45:52.209:"等待工装回复超时"                            File: Line:0 Function: Type:Debug:
DateTime:2026-08-28 17:45:55.231:"等待工装回复超时"                            File: Line:0 Function: Type:Debug:
DateTime:2026-08-28 17:45:58.253:"等待工装回复超时"                            File: Line:0 Function: Type:Debug:
DateTime:2026-08-28 17:46:01.275:"等待工装回复超时"                            File: Line:0 Function: Type:Debug:
DateTime:2026-08-28 17:46:04.296:"等待工装回复超时"                            File: Line:0 Function: Type:Debug:
DateTime:2026-08-28 17:46:07.318:"等待工装回复超时"                            File: Line:0 Function: Type:Debug:
DateTime:2026-08-28 17:46:07.318:"路由回复否认:否认类型: [1][无效数据单元]."                            File: Line:0 Function: Type:Debug:
DateTime:2026-08-28 17:46:07.318:dll输出信息: ""                            File: Line:0 Function: Type:Debug:
DateTime:2026-08-28 17:46:07.318:接口函数调用成功，返回的结果为 0                            File: Line:0 Function: Type:Debug:
DateTime:2026-08-28 17:46:07.318:"外部传入的para：1，返回的result：0,返回的pValRet：1"                            File: Line:0 Function: Type:Debug:
DateTime:2026-08-28 17:46:07.318:"执行接口函数CCO_AFN52_F2完成"                            File: Line:0 Function: Type:Debug:
DateTime:2026-08-28 17:46:07.319:coorIndex 0                            File: Line:0 Function: Type:Debug:
DateTime:2026-08-28 17:46:07.319:当前流程结束                            File: Line:0 Function: Type:Debug:
DateTime:2026-08-28 17:46:07.319:退出connect函数                            File: Line:0 Function: Type:Debug:
DateTime:2026-08-28 17:46:07.319:"=========【Step11-添加档案外的智能补采报文(上报方式事件方式)(回复否认)】结束=========="                            File: Line:0 Function: Type:Debug:
DateTime:2026-08-28 17:46:07.320:"-----------------------------"                            File: Line:0 Function: Type:Debug:
DateTime:2026-08-28 17:46:07.320:"=============执行【Step12-查询从节点数量】==================="                            File: Line:0 Function: Type:Debug:
DateTime:2026-08-28 17:46:07.320:"执行接口函数CCO_AFN10_F1"                            File: Line:0 Function: Type:Debug:
DateTime:2026-08-28 17:46:07.320:callWorkFunction: CCO_AFN10_F1                            File: Line:0 Function: Type:Debug:
DateTime:2026-08-28 17:46:07.320:找到对应函数，进入执行                            File: Line:0 Function: Type:Debug:
DateTime:2026-08-28 17:46:07.824:"等待工装回复超时"                            File: Line:0 Function: Type:Debug:
DateTime:2026-08-28 17:46:07.824:"开始组帧"                            File: Line:0 Function: Type:Debug:
DateTime:2026-08-28 17:46:07.824:"组帧结束"                            File: Line:0 Function: Type:Debug:
DateTime:2026-08-28 17:46:07.824:"367.2Send:查询从节点数量(10H-F1)：=>68 0F 00 41 00 00 00 00 00 5B 10 01 00 AD 16"                            File: Line:0 Function: Type:Debug:
DateTime:2026-08-28 17:46:07.824:"槽位2透传:687E007E006840000000000022600000010002013C00680F004100000000005B100100AD16E916"                            File: Line:0 Function: Type:Debug:
DateTime:2026-08-28 17:46:07.824:"工装发送：68 7E 00 7E 00 68 40 00 00 00 00 00 22 60 00 00 01 00 02 01 3C 00 68 0F 00 41 00 00 00 00 00 5B 10 01 00 AD 16 E9 16"                            File: Line:0 Function: Type:Debug:
DateTime:2026-08-28 17:46:07.842:"工装接收：68 32 00 32 00 68 80 00 00 00 00 00 00 60 00 00 01 00 E1 16"                            File: Line:0 Function: Type:Debug:
DateTime:2026-08-28 17:46:07.842:"m_baRecvMsg:"                            File: Line:0 Function: Type:Debug:
DateTime:2026-08-28 17:46:07.842:"frameList.size():1"                            File: Line:0 Function: Type:Debug:
DateTime:2026-08-28 17:46:07.842:"进入报文解析"                            File: Line:0 Function: Type:Debug:
DateTime:2026-08-28 17:46:07.842:"68 32 00 32 00 68 80 00 00 00 00 00 00 60 00 00 01 00 E1 16"                            File: Line:0 Function: Type:Debug:
DateTime:2026-08-28 17:46:07.842:"解码完成，功能码: 1"                            File: Line:0 Function: Type:Debug:
DateTime:2026-08-28 17:46:07.842:"工装回复确认帧"                            File: Line:0 Function: Type:Debug:
DateTime:2026-08-28 17:46:07.896:"工装接收：68 8A 00 8A 00 68 80 00 00 00 00 00 22 60 00 00 01 00 02 13 00 68 13 00 83 00 00 00 00 00 5B 10 01 00 01 00 F8 07 EF 16 87 16"                            File: Line:0 Function: Type:Debug:
DateTime:2026-08-28 17:46:07.896:"m_baRecvMsg:"                            File: Line:0 Function: Type:Debug:
DateTime:2026-08-28 17:46:07.896:"frameList.size():1"                            File: Line:0 Function: Type:Debug:
DateTime:2026-08-28 17:46:07.896:"进入报文解析"                            File: Line:0 Function: Type:Debug:
DateTime:2026-08-28 17:46:07.896:"68 8A 00 8A 00 68 80 00 00 00 00 00 22 60 00 00 01 00 02 13 00 68 13 00 83 00 00 00 00 00 5B 10 01 00 01 00 F8 07 EF 16 87 16"                            File: Line:0 Function: Type:Debug:
DateTime:2026-08-28 17:46:07.896:"解码完成，功能码: 4"                            File: Line:0 Function: Type:Debug:
DateTime:2026-08-28 17:46:07.896:"工装接收到透传报文"                            File: Line:0 Function: Type:Debug:
DateTime:2026-08-28 17:46:07.896:"0213006813008300000000005B1001000100F807EF16"                            File: Line:0 Function: Type:Debug:
DateTime:2026-08-28 17:46:07.896:"透传报文内容:68 13 00 83 00 00 00 00 00 5b 10 01 00 01 00 f8 07 ef 16"                            File: Line:0 Function: Type:Debug:
DateTime:2026-08-28 17:46:10.918:"uTimeSecond_ms:5000"                            File: Line:0 Function: Type:Debug:
DateTime:2026-08-28 17:46:10.918:"查找结果: iret=0, wStart=0, dwOutLen=19, dwStreamLen=19, dwFindPos=0"                            File: Line:0 Function: Type:Debug:
DateTime:2026-08-28 17:46:10.918:"Receive:<= 68 13 00 83 00 00 00 00 00 5B 10 01 00 01 00 F8 07 EF 16"                            File: Line:0 Function: Type:Debug:
DateTime:2026-08-28 17:46:10.918:"解析：功能码-AFN=10H,Fn=1："                            File: Line:0 Function: Type:Debug:
DateTime:2026-08-28 17:46:10.918:"从节点数量：1,最大支持节点数：2040."                            File: Line:0 Function: Type:Debug:
DateTime:2026-08-28 17:46:10.918:dll输出信息: ""                            File: Line:0 Function: Type:Debug:
DateTime:2026-08-28 17:46:10.918:接口函数调用成功，返回的结果为 0                            File: Line:0 Function: Type:Debug:
DateTime:2026-08-28 17:46:10.918:"外部传入的para：0，返回的result：0,返回的pValRet：0"                            File: Line:0 Function: Type:Debug:
DateTime:2026-08-28 17:46:10.918:"执行接口函数CCO_AFN10_F1完成"                            File: Line:0 Function: Type:Debug:
DateTime:2026-08-28 17:46:10.919:coorIndex 0                            File: Line:0 Function: Type:Debug:
DateTime:2026-08-28 17:46:10.919:当前流程结束                            File: Line:0 Function: Type:Debug:
DateTime:2026-08-28 17:46:10.919:退出connect函数                            File: Line:0 Function: Type:Debug:
DateTime:2026-08-28 17:46:10.920:"=========【Step12-查询从节点数量】结束=========="                            File: Line:0 Function: Type:Debug:
DateTime:2026-08-28 17:46:10.920:"-----------------------------"                            File: Line:0 Function: Type:Debug:
DateTime:2026-08-28 17:46:10.921:"=============执行【Step13-数据转发--EB040603设置CCO智能补采运行参数(设置01:1添加0事件方式)】==================="                            File: Line:0 Function: Type:Debug:
DateTime:2026-08-28 17:46:10.921:"执行接口函数CCO_AFN52_F1_EB040603_set"                            File: Line:0 Function: Type:Debug:
DateTime:2026-08-28 17:46:10.921:callWorkFunction: CCO_AFN52_F1_EB040603_set                            File: Line:0 Function: Type:Debug:
DateTime:2026-08-28 17:46:10.921:找到对应函数，进入执行                            File: Line:0 Function: Type:Debug:
DateTime:2026-08-28 17:46:11.424:"等待工装回复超时"                            File: Line:0 Function: Type:Debug:
DateTime:2026-08-28 17:46:11.424:"开始组帧"                            File: Line:0 Function: Type:Debug:
DateTime:2026-08-28 17:46:11.424:"组帧结束"                            File: Line:0 Function: Type:Debug:
DateTime:2026-08-28 17:46:11.424:"367.2Send:数据转发(设置-CCO任务队列_智能补采_运行参数EB040603)：=>68 34 00 43 00 00 00 00 00 5C 52 01 00 02 12 90 78 56 34 12 6B 8A E8 19 00 68 12 90 78 56 34 12 68 14 0D 36 39 37 1E 3B 33 33 33 44 44 44 44 34 83 16 BC 16"                            File: Line:0 Function: Type:Debug:
DateTime:2026-08-28 17:46:11.424:"槽位2透传:68120112016840000000000022600000010002013C006834004300000000005C520100021290785634126B8AE819006812907856341268140D3639371E3B33333344444444348316BC162C16"                            File: Line:0 Function: Type:Debug:
DateTime:2026-08-28 17:46:11.424:"工装发送：68 12 01 12 01 68 40 00 00 00 00 00 22 60 00 00 01 00 02 01 3C 00 68 34 00 43 00 00 00 00 00 5C 52 01 00 02 12 90 78 56 34 12 6B 8A E8 19 00 68 12 90 78 56 34 12 68 14 0D 36 39 37 1E 3B 33 33 33 44 44 44 44 34 83 16 BC 16 2C 16"                            File: Line:0 Function: Type:Debug:
DateTime:2026-08-28 17:46:11.484:"工装接收：68 32 00 32 00 68 80 00 00 00 00 00 00 60 00 00 01 00 E1 16"                            File: Line:0 Function: Type:Debug:
DateTime:2026-08-28 17:46:11.484:"m_baRecvMsg:"                            File: Line:0 Function: Type:Debug:
DateTime:2026-08-28 17:46:11.484:"frameList.size():1"                            File: Line:0 Function: Type:Debug:
DateTime:2026-08-28 17:46:11.484:"进入报文解析"                            File: Line:0 Function: Type:Debug:
DateTime:2026-08-28 17:46:11.484:"68 32 00 32 00 68 80 00 00 00 00 00 00 60 00 00 01 00 E1 16"                            File: Line:0 Function: Type:Debug:
DateTime:2026-08-28 17:46:11.484:"解码完成，功能码: 1"                            File: Line:0 Function: Type:Debug:
DateTime:2026-08-28 17:46:11.485:"工装回复确认帧"                            File: Line:0 Function: Type:Debug:
DateTime:2026-08-28 17:46:11.593:"工装接收：68 CE 00 CE 00 68 80 00 00 00 00 00 22 60 00 00 01 00 02 24 00 68 24 00 80 00 00 00 00 00 5C 52 01 00 02 12 90 78 56 34 12 0C 00 68 12 90 78 56 34 12 68 94 00 1A 16 3D 16 45 16"                            File: Line:0 Function: Type:Debug:
DateTime:2026-08-28 17:46:11.593:"m_baRecvMsg:"                            File: Line:0 Function: Type:Debug:
DateTime:2026-08-28 17:46:11.593:"frameList.size():1"                            File: Line:0 Function: Type:Debug:
DateTime:2026-08-28 17:46:11.593:"进入报文解析"                            File: Line:0 Function: Type:Debug:
DateTime:2026-08-28 17:46:11.593:"68 CE 00 CE 00 68 80 00 00 00 00 00 22 60 00 00 01 00 02 24 00 68 24 00 80 00 00 00 00 00 5C 52 01 00 02 12 90 78 56 34 12 0C 00 68 12 90 78 56 34 12 68 94 00 1A 16 3D 16 45 16"                            File: Line:0 Function: Type:Debug:
DateTime:2026-08-28 17:46:11.593:"解码完成，功能码: 4"                            File: Line:0 Function: Type:Debug:
DateTime:2026-08-28 17:46:11.593:"工装接收到透传报文"                            File: Line:0 Function: Type:Debug:
DateTime:2026-08-28 17:46:11.593:"0224006824008000000000005C520100021290785634120C00681290785634126894001A163D16"                            File: Line:0 Function: Type:Debug:
DateTime:2026-08-28 17:46:11.594:"透传报文内容:68 24 00 80 00 00 00 00 00 5c 52 01 00 02 12 90 78 56 34 12 0c 00 68 12 90 78 56 34 12 68 94 00 1a 16 3d 16"                            File: Line:0 Function: Type:Debug:
DateTime:2026-08-28 17:46:14.515:"uTimeSecond_ms:30000"                            File: Line:0 Function: Type:Debug:
DateTime:2026-08-28 17:46:14.515:"查找结果: iret=0, wStart=0, dwOutLen=36, dwStreamLen=36, dwFindPos=0"                            File: Line:0 Function: Type:Debug:
DateTime:2026-08-28 17:46:14.515:"Receive:<= 68 24 00 80 00 00 00 00 00 5C 52 01 00 02 12 90 78 56 34 12 0C 00 68 12 90 78 56 34 12 68 94 00 1A 16 3D 16"                            File: Line:0 Function: Type:Debug:
DateTime:2026-08-28 17:46:14.515:"解析：功能码-AFN=52H,Fn=1："                            File: Line:0 Function: Type:Debug:
DateTime:2026-08-28 17:46:14.515:"透传回复内容：021290785634120C00681290785634126894001A16"                            File: Line:0 Function: Type:Debug:
DateTime:2026-08-28 17:46:14.515:"设置成功"                            File: Line:0 Function: Type:Debug:
DateTime:2026-08-28 17:46:14.515:dll输出信息: ""                            File: Line:0 Function: Type:Debug:
DateTime:2026-08-28 17:46:14.515:接口函数调用成功，返回的结果为 0                            File: Line:0 Function: Type:Debug:
DateTime:2026-08-28 17:46:14.515:"外部传入的para：0，返回的result：0,返回的pValRet：0"                            File: Line:0 Function: Type:Debug:
DateTime:2026-08-28 17:46:14.515:"执行接口函数CCO_AFN52_F1_EB040603_set完成"                            File: Line:0 Function: Type:Debug:
DateTime:2026-08-28 17:46:14.517:coorIndex 0                            File: Line:0 Function: Type:Debug:
DateTime:2026-08-28 17:46:14.517:当前流程结束                            File: Line:0 Function: Type:Debug:
DateTime:2026-08-28 17:46:14.517:退出connect函数                            File: Line:0 Function: Type:Debug:
DateTime:2026-08-28 17:46:14.517:"=========【Step13-数据转发--EB040603设置CCO智能补采运行参数(设置01:1添加0事件方式)】结束=========="                            File: Line:0 Function: Type:Debug:
DateTime:2026-08-28 17:46:14.517:"-----------------------------"                            File: Line:0 Function: Type:Debug:
DateTime:2026-08-28 17:46:14.517:"=============执行【Step14-数据转发--EB040603查询CCO智能补采运行参数(01:1添加0事件方式)】==================="                            File: Line:0 Function: Type:Debug:
DateTime:2026-08-28 17:46:14.517:"执行接口函数CCO_AFN52_F1_EB040603_read"                            File: Line:0 Function: Type:Debug:
DateTime:2026-08-28 17:46:14.517:callWorkFunction: CCO_AFN52_F1_EB040603_read                            File: Line:0 Function: Type:Debug:
DateTime:2026-08-28 17:46:14.517:找到对应函数，进入执行                            File: Line:0 Function: Type:Debug:
DateTime:2026-08-28 17:46:15.022:"等待工装回复超时"                            File: Line:0 Function: Type:Debug:
DateTime:2026-08-28 17:46:15.022:"开始组帧"                            File: Line:0 Function: Type:Debug:
DateTime:2026-08-28 17:46:15.022:"组帧结束"                            File: Line:0 Function: Type:Debug:
DateTime:2026-08-28 17:46:15.022:"367.2Send:数据转发(查询-CCO任务队列_智能补采_运行参数 EB040603)：=>68 2B 00 43 00 00 00 00 00 5D 52 01 00 02 12 90 78 56 34 12 6B 8A E8 10 00 68 12 90 78 56 34 12 68 11 04 36 39 37 1E 5F 16 6C 16"                            File: Line:0 Function: Type:Debug:
DateTime:2026-08-28 17:46:15.022:"槽位2透传:68EE00EE006840000000000022600000010002013C00682B004300000000005D520100021290785634126B8AE81000681290785634126811043639371E5F166C168316"                            File: Line:0 Function: Type:Debug:
DateTime:2026-08-28 17:46:15.022:"工装发送：68 EE 00 EE 00 68 40 00 00 00 00 00 22 60 00 00 01 00 02 01 3C 00 68 2B 00 43 00 00 00 00 00 5D 52 01 00 02 12 90 78 56 34 12 6B 8A E8 10 00 68 12 90 78 56 34 12 68 11 04 36 39 37 1E 5F 16 6C 16 83 16"                            File: Line:0 Function: Type:Debug:
DateTime:2026-08-28 17:46:15.072:"工装接收：68 32 00 32 00 68 80 00 00 00 00 00 00 60 00 00 01 00 E1 16"                            File: Line:0 Function: Type:Debug:
DateTime:2026-08-28 17:46:15.072:"m_baRecvMsg:"                            File: Line:0 Function: Type:Debug:
DateTime:2026-08-28 17:46:15.072:"frameList.size():1"                            File: Line:0 Function: Type:Debug:
DateTime:2026-08-28 17:46:15.072:"进入报文解析"                            File: Line:0 Function: Type:Debug:
DateTime:2026-08-28 17:46:15.072:"68 32 00 32 00 68 80 00 00 00 00 00 00 60 00 00 01 00 E1 16"                            File: Line:0 Function: Type:Debug:
DateTime:2026-08-28 17:46:15.072:"解码完成，功能码: 1"                            File: Line:0 Function: Type:Debug:
DateTime:2026-08-28 17:46:15.072:"工装回复确认帧"                            File: Line:0 Function: Type:Debug:
DateTime:2026-08-28 17:46:15.127:"工装接收：68 E2 00 E2 00 68 80 00 00 00 00 00 22 60 00 00 01 00 02 29 00 68 29 00 80 00 00 00 00 00 5D 52 01 00 02 12 90 78 56 34 12 11 00 68 12 90 78 56 34 12 68 91 05 36 39 37 1E 34 14 16 37 16 43 16"                            File: Line:0 Function: Type:Debug:
DateTime:2026-08-28 17:46:15.127:"m_baRecvMsg:"                            File: Line:0 Function: Type:Debug:
DateTime:2026-08-28 17:46:15.127:"frameList.size():1"                            File: Line:0 Function: Type:Debug:
DateTime:2026-08-28 17:46:15.127:"进入报文解析"                            File: Line:0 Function: Type:Debug:
DateTime:2026-08-28 17:46:15.127:"68 E2 00 E2 00 68 80 00 00 00 00 00 22 60 00 00 01 00 02 29 00 68 29 00 80 00 00 00 00 00 5D 52 01 00 02 12 90 78 56 34 12 11 00 68 12 90 78 56 34 12 68 91 05 36 39 37 1E 34 14 16 37 16 43 16"                            File: Line:0 Function: Type:Debug:
DateTime:2026-08-28 17:46:15.127:"解码完成，功能码: 4"                            File: Line:0 Function: Type:Debug:
DateTime:2026-08-28 17:46:15.127:"工装接收到透传报文"                            File: Line:0 Function: Type:Debug:
DateTime:2026-08-28 17:46:15.127:"0229006829008000000000005D520100021290785634121100681290785634126891053639371E3414163716"                            File: Line:0 Function: Type:Debug:
DateTime:2026-08-28 17:46:15.127:"透传报文内容:68 29 00 80 00 00 00 00 00 5d 52 01 00 02 12 90 78 56 34 12 11 00 68 12 90 78 56 34 12 68 91 05 36 39 37 1e 34 14 16 37 16"                            File: Line:0 Function: Type:Debug:
DateTime:2026-08-28 17:46:18.048:"uTimeSecond_ms:30000"                            File: Line:0 Function: Type:Debug:
DateTime:2026-08-28 17:46:18.048:"查找结果: iret=0, wStart=0, dwOutLen=41, dwStreamLen=41, dwFindPos=0"                            File: Line:0 Function: Type:Debug:
DateTime:2026-08-28 17:46:18.048:"Receive:<= 68 29 00 80 00 00 00 00 00 5D 52 01 00 02 12 90 78 56 34 12 11 00 68 12 90 78 56 34 12 68 91 05 36 39 37 1E 34 14 16 37 16"                            File: Line:0 Function: Type:Debug:
DateTime:2026-08-28 17:46:18.048:"解析：功能码-AFN=52H,Fn=1："                            File: Line:0 Function: Type:Debug:
DateTime:2026-08-28 17:46:18.048:"透传回复内容：021290785634121100681290785634126891053639371E341416"                            File: Line:0 Function: Type:Debug:
DateTime:2026-08-28 17:46:18.048:"DL/T645-2007协议 回复报文信息：控制码：91,数据标识：EB040603，数据域(需倒序解析)：01"                            File: Line:0 Function: Type:Debug:
DateTime:2026-08-28 17:46:18.048:"新增STA是否添加到档案：0不添加（默认）；上报方式：1：AFN=56H:F15方式"                            File: Line:0 Function: Type:Debug:
DateTime:2026-08-28 17:46:18.048:dll输出信息: ""                            File: Line:0 Function: Type:Debug:
DateTime:2026-08-28 17:46:18.048:接口函数调用成功，返回的结果为 0                            File: Line:0 Function: Type:Debug:
DateTime:2026-08-28 17:46:18.048:"外部传入的para：0，返回的result：0,返回的pValRet：0"                            File: Line:0 Function: Type:Debug:
DateTime:2026-08-28 17:46:18.048:"执行接口函数CCO_AFN52_F1_EB040603_read完成"                            File: Line:0 Function: Type:Debug:
DateTime:2026-08-28 17:46:18.049:coorIndex 0                            File: Line:0 Function: Type:Debug:
DateTime:2026-08-28 17:46:18.050:当前流程结束                            File: Line:0 Function: Type:Debug:
DateTime:2026-08-28 17:46:18.050:退出connect函数                            File: Line:0 Function: Type:Debug:
DateTime:2026-08-28 17:46:18.050:"=========【Step14-数据转发--EB040603查询CCO智能补采运行参数(01:1添加0事件方式)】结束=========="                            File: Line:0 Function: Type:Debug:
DateTime:2026-08-28 17:46:18.050:"-----------------------------"                            File: Line:0 Function: Type:Debug:
DateTime:2026-08-28 17:46:18.050:"=============执行【Step15-添加档案外的智能补采报文(上报方式事件方式)】==================="                            File: Line:0 Function: Type:Debug:
DateTime:2026-08-28 17:46:18.050:"执行接口函数CCO_AFN52_F2"                            File: Line:0 Function: Type:Debug:
DateTime:2026-08-28 17:46:18.050:callWorkFunction: CCO_AFN52_F2                            File: Line:0 Function: Type:Debug:
DateTime:2026-08-28 17:46:18.050:找到对应函数，进入执行                            File: Line:0 Function: Type:Debug:
DateTime:2026-08-28 17:46:18.554:"等待工装回复超时"                            File: Line:0 Function: Type:Debug:
DateTime:2026-08-28 17:46:18.554:"开始组帧"                            File: Line:0 Function: Type:Debug:
DateTime:2026-08-28 17:46:18.554:"组帧结束"                            File: Line:0 Function: Type:Debug:
DateTime:2026-08-28 17:46:18.554:"367.2Send:智能补采(52H-F2)：=>68 2E 00 43 00 00 00 00 00 5E 52 02 00 01 00 03 00 03 04 01 10 00 16 19 02 00 10 00 68 04 01 10 00 16 19 68 11 04 33 33 34 33 F6 16 54 16"                            File: Line:0 Function: Type:Debug:
DateTime:2026-08-28 17:46:18.554:"槽位2透传:68FA00FA006840000000000022600000010002013C00682E004300000000005E5202000100030003040110001619020010006804011000161968110433333433F61654165616"                            File: Line:0 Function: Type:Debug:
DateTime:2026-08-28 17:46:18.554:"工装发送：68 FA 00 FA 00 68 40 00 00 00 00 00 22 60 00 00 01 00 02 01 3C 00 68 2E 00 43 00 00 00 00 00 5E 52 02 00 01 00 03 00 03 04 01 10 00 16 19 02 00 10 00 68 04 01 10 00 16 19 68 11 04 33 33 34 33 F6 16 54 16 56 16"                            File: Line:0 Function: Type:Debug:
DateTime:2026-08-28 17:46:18.608:"工装接收：68 32 00 32 00 68 80 00 00 00 00 00 00 60 00 00 01 00 E1 16"                            File: Line:0 Function: Type:Debug:
DateTime:2026-08-28 17:46:18.608:"m_baRecvMsg:"                            File: Line:0 Function: Type:Debug:
DateTime:2026-08-28 17:46:18.608:"frameList.size():1"                            File: Line:0 Function: Type:Debug:
DateTime:2026-08-28 17:46:18.608:"进入报文解析"                            File: Line:0 Function: Type:Debug:
DateTime:2026-08-28 17:46:18.608:"68 32 00 32 00 68 80 00 00 00 00 00 00 60 00 00 01 00 E1 16"                            File: Line:0 Function: Type:Debug:
DateTime:2026-08-28 17:46:18.608:"解码完成，功能码: 1"                            File: Line:0 Function: Type:Debug:
DateTime:2026-08-28 17:46:18.608:"工装回复确认帧"                            File: Line:0 Function: Type:Debug:
DateTime:2026-08-28 17:46:18.665:"工装接收：68 E2 00 E2 00 68 80 00 00 00 00 00 22 60 00 00 01 00 02 29 00 68 29 00 80 00 00 00 00 00 5E 52 02 00 01 00 03 00 03 04 01 10 00 16 19 02 0C 00 68 04 01 10 00 16 19 68 94 00 A8 16 F1 16 B7 16"                            File: Line:0 Function: Type:Debug:
DateTime:2026-08-28 17:46:18.665:"m_baRecvMsg:"                            File: Line:0 Function: Type:Debug:
DateTime:2026-08-28 17:46:18.665:"frameList.size():1"                            File: Line:0 Function: Type:Debug:
DateTime:2026-08-28 17:46:18.665:"进入报文解析"                            File: Line:0 Function: Type:Debug:
DateTime:2026-08-28 17:46:18.665:"68 E2 00 E2 00 68 80 00 00 00 00 00 22 60 00 00 01 00 02 29 00 68 29 00 80 00 00 00 00 00 5E 52 02 00 01 00 03 00 03 04 01 10 00 16 19 02 0C 00 68 04 01 10 00 16 19 68 94 00 A8 16 F1 16 B7 16"                            File: Line:0 Function: Type:Debug:
DateTime:2026-08-28 17:46:18.665:"解码完成，功能码: 4"                            File: Line:0 Function: Type:Debug:
DateTime:2026-08-28 17:46:18.665:"工装接收到透传报文"                            File: Line:0 Function: Type:Debug:
DateTime:2026-08-28 17:46:18.665:"0229006829008000000000005E5202000100030003040110001619020C0068040110001619689400A816F116"                            File: Line:0 Function: Type:Debug:
DateTime:2026-08-28 17:46:18.665:"透传报文内容:68 29 00 80 00 00 00 00 00 5e 52 02 00 01 00 03 00 03 04 01 10 00 16 19 02 0c 00 68 04 01 10 00 16 19 68 94 00 a8 16 f1 16"                            File: Line:0 Function: Type:Debug:
DateTime:2026-08-28 17:46:21.586:"uTimeSecond_ms:30000"                            File: Line:0 Function: Type:Debug:
DateTime:2026-08-28 17:46:21.586:"Receive:<= 68 29 00 80 00 00 00 00 00 5E 52 02 00 01 00 03 00 03 04 01 10 00 16 19 02 0C 00 68 04 01 10 00 16 19 68 94 00 A8 16 F1 16"                            File: Line:0 Function: Type:Debug:
DateTime:2026-08-28 17:46:21.586:"解析：功能码-AFN=52H,Fn=2："                            File: Line:0 Function: Type:Debug:
DateTime:2026-08-28 17:46:21.586:"任务方案号：1"                            File: Line:0 Function: Type:Debug:
DateTime:2026-08-28 17:46:21.586:"具体任务序号：3"                            File: Line:0 Function: Type:Debug:
DateTime:2026-08-28 17:46:21.586:"通信对象类型：电能表"                            File: Line:0 Function: Type:Debug:
DateTime:2026-08-28 17:46:21.586:"通信对象地址：040110001619"                            File: Line:0 Function: Type:Debug:
DateTime:2026-08-28 17:46:21.586:"规约类型：2"                            File: Line:0 Function: Type:Debug:
DateTime:2026-08-28 17:46:21.586:"返回内容报文长度：12"                            File: Line:0 Function: Type:Debug:
DateTime:2026-08-28 17:46:21.586:"返回报文内容：68040110001619689400A816"                            File: Line:0 Function: Type:Debug:
DateTime:2026-08-28 17:46:21.586:"收到确认帧"                            File: Line:0 Function: Type:Debug:
DateTime:2026-08-28 17:46:21.586:dll输出信息: ""                            File: Line:0 Function: Type:Debug:
DateTime:2026-08-28 17:46:21.586:接口函数调用成功，返回的结果为 0                            File: Line:0 Function: Type:Debug:
DateTime:2026-08-28 17:46:21.586:"外部传入的para：0，返回的result：0,返回的pValRet：0"                            File: Line:0 Function: Type:Debug:
DateTime:2026-08-28 17:46:21.586:"执行接口函数CCO_AFN52_F2完成"                            File: Line:0 Function: Type:Debug:
DateTime:2026-08-28 17:46:21.588:coorIndex 0                            File: Line:0 Function: Type:Debug:
DateTime:2026-08-28 17:46:21.588:当前流程结束                            File: Line:0 Function: Type:Debug:
DateTime:2026-08-28 17:46:21.588:退出connect函数                            File: Line:0 Function: Type:Debug:
DateTime:2026-08-28 17:46:21.588:"=========【Step15-添加档案外的智能补采报文(上报方式事件方式)】结束=========="                            File: Line:0 Function: Type:Debug:
DateTime:2026-08-28 17:46:21.588:"-----------------------------"                            File: Line:0 Function: Type:Debug:
DateTime:2026-08-28 17:46:21.589:"=============执行【Step16-查询从节点数量】==================="                            File: Line:0 Function: Type:Debug:
DateTime:2026-08-28 17:46:21.589:"执行接口函数CCO_AFN10_F1"                            File: Line:0 Function: Type:Debug:
DateTime:2026-08-28 17:46:21.589:callWorkFunction: CCO_AFN10_F1                            File: Line:0 Function: Type:Debug:
DateTime:2026-08-28 17:46:21.589:找到对应函数，进入执行                            File: Line:0 Function: Type:Debug:
DateTime:2026-08-28 17:46:22.093:"等待工装回复超时"                            File: Line:0 Function: Type:Debug:
DateTime:2026-08-28 17:46:22.093:"开始组帧"                            File: Line:0 Function: Type:Debug:
DateTime:2026-08-28 17:46:22.093:"组帧结束"                            File: Line:0 Function: Type:Debug:
DateTime:2026-08-28 17:46:22.093:"367.2Send:查询从节点数量(10H-F1)：=>68 0F 00 41 00 00 00 00 00 5F 10 01 00 B1 16"                            File: Line:0 Function: Type:Debug:
DateTime:2026-08-28 17:46:22.093:"槽位2透传:687E007E006840000000000022600000010002013C00680F004100000000005F100100B116F116"                            File: Line:0 Function: Type:Debug:
DateTime:2026-08-28 17:46:22.093:"工装发送：68 7E 00 7E 00 68 40 00 00 00 00 00 22 60 00 00 01 00 02 01 3C 00 68 0F 00 41 00 00 00 00 00 5F 10 01 00 B1 16 F1 16"                            File: Line:0 Function: Type:Debug:
DateTime:2026-08-28 17:46:22.111:"工装接收：68 32 00 32 00 68 80 00 00 00 00 00 00 60 00 00 01 00 E1 16"                            File: Line:0 Function: Type:Debug:
DateTime:2026-08-28 17:46:22.111:"m_baRecvMsg:"                            File: Line:0 Function: Type:Debug:
DateTime:2026-08-28 17:46:22.111:"frameList.size():1"                            File: Line:0 Function: Type:Debug:
DateTime:2026-08-28 17:46:22.111:"进入报文解析"                            File: Line:0 Function: Type:Debug:
DateTime:2026-08-28 17:46:22.111:"68 32 00 32 00 68 80 00 00 00 00 00 00 60 00 00 01 00 E1 16"                            File: Line:0 Function: Type:Debug:
DateTime:2026-08-28 17:46:22.111:"解码完成，功能码: 1"                            File: Line:0 Function: Type:Debug:
DateTime:2026-08-28 17:46:22.111:"工装回复确认帧"                            File: Line:0 Function: Type:Debug:
DateTime:2026-08-28 17:46:22.162:"工装接收：68 8A 00 8A 00 68 80 00 00 00 00 00 22 60 00 00 01 00 02 13 00 68 13 00 83 00 00 00 00 00 5F 10 01 00 02 00 F8 07 F4 16 91 16"                            File: Line:0 Function: Type:Debug:
DateTime:2026-08-28 17:46:22.162:"m_baRecvMsg:"                            File: Line:0 Function: Type:Debug:
DateTime:2026-08-28 17:46:22.162:"frameList.size():1"                            File: Line:0 Function: Type:Debug:
DateTime:2026-08-28 17:46:22.162:"进入报文解析"                            File: Line:0 Function: Type:Debug:
DateTime:2026-08-28 17:46:22.162:"68 8A 00 8A 00 68 80 00 00 00 00 00 22 60 00 00 01 00 02 13 00 68 13 00 83 00 00 00 00 00 5F 10 01 00 02 00 F8 07 F4 16 91 16"                            File: Line:0 Function: Type:Debug:
DateTime:2026-08-28 17:46:22.162:"解码完成，功能码: 4"                            File: Line:0 Function: Type:Debug:
DateTime:2026-08-28 17:46:22.162:"工装接收到透传报文"                            File: Line:0 Function: Type:Debug:
DateTime:2026-08-28 17:46:22.162:"0213006813008300000000005F1001000200F807F416"                            File: Line:0 Function: Type:Debug:
DateTime:2026-08-28 17:46:22.162:"透传报文内容:68 13 00 83 00 00 00 00 00 5f 10 01 00 02 00 f8 07 f4 16"                            File: Line:0 Function: Type:Debug:
DateTime:2026-08-28 17:46:25.184:"uTimeSecond_ms:5000"                            File: Line:0 Function: Type:Debug:
DateTime:2026-08-28 17:46:25.184:"查找结果: iret=0, wStart=0, dwOutLen=19, dwStreamLen=19, dwFindPos=0"                            File: Line:0 Function: Type:Debug:
DateTime:2026-08-28 17:46:25.184:"Receive:<= 68 13 00 83 00 00 00 00 00 5F 10 01 00 02 00 F8 07 F4 16"                            File: Line:0 Function: Type:Debug:
DateTime:2026-08-28 17:46:25.184:"解析：功能码-AFN=10H,Fn=1："                            File: Line:0 Function: Type:Debug:
DateTime:2026-08-28 17:46:25.184:"从节点数量：2,最大支持节点数：2040."                            File: Line:0 Function: Type:Debug:
DateTime:2026-08-28 17:46:25.184:dll输出信息: ""                            File: Line:0 Function: Type:Debug:
DateTime:2026-08-28 17:46:25.184:接口函数调用成功，返回的结果为 0                            File: Line:0 Function: Type:Debug:
DateTime:2026-08-28 17:46:25.184:"外部传入的para：0，返回的result：0,返回的pValRet：0"                            File: Line:0 Function: Type:Debug:
DateTime:2026-08-28 17:46:25.184:"执行接口函数CCO_AFN10_F1完成"                            File: Line:0 Function: Type:Debug:
DateTime:2026-08-28 17:46:25.185:coorIndex 0                            File: Line:0 Function: Type:Debug:
DateTime:2026-08-28 17:46:25.185:当前流程结束                            File: Line:0 Function: Type:Debug:
DateTime:2026-08-28 17:46:25.185:退出connect函数                            File: Line:0 Function: Type:Debug:
DateTime:2026-08-28 17:46:25.186:"=========【Step16-查询从节点数量】结束=========="                            File: Line:0 Function: Type:Debug:
DateTime:2026-08-28 17:46:25.186:"-----------------------------"                            File: Line:0 Function: Type:Debug:
DateTime:2026-08-28 17:46:25.186:"=============执行【Step17-添加档案内的智能补采报文(上报方式事件方式)】==================="                            File: Line:0 Function: Type:Debug:
DateTime:2026-08-28 17:46:25.186:"执行接口函数CCO_AFN52_F2_multi_DT"                            File: Line:0 Function: Type:Debug:
DateTime:2026-08-28 17:46:25.186:callWorkFunction: CCO_AFN52_F2_multi_DT                            File: Line:0 Function: Type:Debug:
DateTime:2026-08-28 17:46:25.186:找到对应函数，进入执行                            File: Line:0 Function: Type:Debug:
DateTime:2026-08-28 17:46:25.186:"我跑到这啦111"                            File: Line:0 Function: Type:Debug:
DateTime:2026-08-28 17:46:25.186:"DT_List.size():1"                            File: Line:0 Function: Type:Debug:
DateTime:2026-08-28 17:46:25.186:"baDi:3030303130303030"                            File: Line:0 Function: Type:Debug:
DateTime:2026-08-28 17:46:25.186:"我跑到这啦222"                            File: Line:0 Function: Type:Debug:
DateTime:2026-08-28 17:46:25.187:"我跑到这啦333"                            File: Line:0 Function: Type:Debug:
DateTime:2026-08-28 17:46:25.187:结果: 0x "00000100"                            File: Line:0 Function: Type:Debug:
DateTime:2026-08-28 17:46:25.187:"我跑到这啦444"                            File: Line:0 Function: Type:Debug:
DateTime:2026-08-28 17:46:25.187:"我跑到这啦555"                            File: Line:0 Function: Type:Debug:
DateTime:2026-08-28 17:46:25.690:"等待工装回复超时"                            File: Line:0 Function: Type:Debug:
DateTime:2026-08-28 17:46:25.690:"Send:智能补采(52H-F2)：=>68 2E 00 43 00 00 00 00 00 60 52 02 00 01 00 03 00 03 03 01 10 00 16 19 02 00 10 00 68 03 01 10 00 16 19 68 11 04 33 33 34 33 F5 16 53 16"                            File: Line:0 Function: Type:Debug:
DateTime:2026-08-28 17:46:25.690:"槽位2透传:68FA00FA006840000000000022600000010002013C00682E00430000000000605202000100030003030110001619020010006803011000161968110433333433F51653165416"                            File: Line:0 Function: Type:Debug:
DateTime:2026-08-28 17:46:25.690:"工装发送：68 FA 00 FA 00 68 40 00 00 00 00 00 22 60 00 00 01 00 02 01 3C 00 68 2E 00 43 00 00 00 00 00 60 52 02 00 01 00 03 00 03 03 01 10 00 16 19 02 00 10 00 68 03 01 10 00 16 19 68 11 04 33 33 34 33 F5 16 53 16 54 16"                            File: Line:0 Function: Type:Debug:
DateTime:2026-08-28 17:46:25.690:"uTimeSecond_ms:5000"                            File: Line:0 Function: Type:Debug:
DateTime:2026-08-28 17:46:25.744:"工装接收：68 32 00 32 00 68 80 00 00 00 00 00 00 60 00 00 01 00 E1 16"                            File: Line:0 Function: Type:Debug:
DateTime:2026-08-28 17:46:25.744:"m_baRecvMsg:"                            File: Line:0 Function: Type:Debug:
DateTime:2026-08-28 17:46:25.744:"rameList.size():"                            File: Line:0 Function: Type:Debug:
DateTime:2026-08-28 17:46:25.744:"进入报文解析"                            File: Line:0 Function: Type:Debug:
DateTime:2026-08-28 17:46:25.744:"68 32 00 32 00 68 80 00 00 00 00 00 00 60 00 00 01 00 E1 16"                            File: Line:0 Function: Type:Debug:
DateTime:2026-08-28 17:46:25.744:"解码完成，功能码: 1"                            File: Line:0 Function: Type:Debug:
DateTime:2026-08-28 17:46:25.744:"工装回复确认帧"                            File: Line:0 Function: Type:Debug:
DateTime:2026-08-28 17:46:25.800:"工装接收：68 E2 00 E2 00 68 80 00 00 00 00 00 22 60 00 00 01 00 02 29 00 68 29 00 80 00 00 00 00 00 60 52 02 00 01 00 03 00 03 03 01 10 00 16 19 02 0C 00 68 03 01 10 00 16 19 68 94 00 A7 16 F0 16 B5 16"                            File: Line:0 Function: Type:Debug:
DateTime:2026-08-28 17:46:25.800:"m_baRecvMsg:"                            File: Line:0 Function: Type:Debug:
DateTime:2026-08-28 17:46:25.800:"rameList.size():"                            File: Line:0 Function: Type:Debug:
DateTime:2026-08-28 17:46:25.801:"进入报文解析"                            File: Line:0 Function: Type:Debug:
DateTime:2026-08-28 17:46:25.801:"68 E2 00 E2 00 68 80 00 00 00 00 00 22 60 00 00 01 00 02 29 00 68 29 00 80 00 00 00 00 00 60 52 02 00 01 00 03 00 03 03 01 10 00 16 19 02 0C 00 68 03 01 10 00 16 19 68 94 00 A7 16 F0 16 B5 16"                            File: Line:0 Function: Type:Debug:
DateTime:2026-08-28 17:46:25.801:"解码完成，功能码: 4"                            File: Line:0 Function: Type:Debug:
DateTime:2026-08-28 17:46:25.801:"工装回复透传报文"                            File: Line:0 Function: Type:Debug:
DateTime:2026-08-28 17:46:25.801:"022900682900800000000000605202000100030003030110001619020C0068030110001619689400A716F016"                            File: Line:0 Function: Type:Debug:
DateTime:2026-08-28 17:46:25.801:"内容:68 29 00 80 00 00 00 00 00 60 52 02 00 01 00 03 00 03 03 01 10 00 16 19 02 0c 00 68 03 01 10 00 16 19 68 94 00 a7 16 f0 16"                            File: Line:0 Function: Type:Debug:
DateTime:2026-08-28 17:46:26.053:"工装接收：68 EA 00 EA 00 68 80 00 00 00 00 00 22 60 00 00 01 00 02 2B 00 68 2B 00 C0 00 00 00 00 00 09 56 02 00 03 03 01 10 00 16 19 14 68 03 01 10 00 16 19 68 91 08 33 33 34 33 43 33 33 33 55 16 3B 16 4F 16"                            File: Line:0 Function: Type:Debug:
DateTime:2026-08-28 17:46:26.053:"m_baRecvMsg:"                            File: Line:0 Function: Type:Debug:
DateTime:2026-08-28 17:46:26.053:"rameList.size():"                            File: Line:0 Function: Type:Debug:
DateTime:2026-08-28 17:46:26.053:"进入报文解析"                            File: Line:0 Function: Type:Debug:
DateTime:2026-08-28 17:46:26.053:"68 EA 00 EA 00 68 80 00 00 00 00 00 22 60 00 00 01 00 02 2B 00 68 2B 00 C0 00 00 00 00 00 09 56 02 00 03 03 01 10 00 16 19 14 68 03 01 10 00 16 19 68 91 08 33 33 34 33 43 33 33 33 55 16 3B 16 4F 16"                            File: Line:0 Function: Type:Debug:
DateTime:2026-08-28 17:46:26.053:"解码完成，功能码: 4"                            File: Line:0 Function: Type:Debug:
DateTime:2026-08-28 17:46:26.053:"工装回复透传报文"                            File: Line:0 Function: Type:Debug:
DateTime:2026-08-28 17:46:26.053:"022B00682B00C0000000000009560200030301100016191468030110001619689108333334334333333355163B16"                            File: Line:0 Function: Type:Debug:
DateTime:2026-08-28 17:46:26.053:"内容:68 2b 00 c0 00 00 00 00 00 09 56 02 00 03 03 01 10 00 16 19 14 68 03 01 10 00 16 19 68 91 08 33 33 34 33 43 33 33 33 55 16 3b 16"                            File: Line:0 Function: Type:Debug:
DateTime:2026-08-28 17:46:28.773:"查找结果: iret=0, wStart=0, dwOutLen=41, dwStreamLen=84, dwFindPos=0"                            File: Line:0 Function: Type:Debug:
DateTime:2026-08-28 17:46:28.773:"Receive:<= 68 29 00 80 00 00 00 00 00 60 52 02 00 01 00 03 00 03 03 01 10 00 16 19 02 0C 00 68 03 01 10 00 16 19 68 94 00 A7 16 F0 16"                            File: Line:0 Function: Type:Debug:
DateTime:2026-08-28 17:46:28.773:"解析：功能码-AFN=52H,Fn=2："                            File: Line:0 Function: Type:Debug:
DateTime:2026-08-28 17:46:28.773:"查找结果: iret=0, wStart=0, dwOutLen=43, dwStreamLen=43, dwFindPos=41"                            File: Line:0 Function: Type:Debug:
DateTime:2026-08-28 17:46:28.773:"Receive:<= 68 2B 00 C0 00 00 00 00 00 09 56 02 00 03 03 01 10 00 16 19 14 68 03 01 10 00 16 19 68 91 08 33 33 34 33 43 33 33 33 55 16 3B 16"                            File: Line:0 Function: Type:Debug:
DateTime:2026-08-28 17:46:28.773:"解析：功能码-AFN=56H,Fn=2："                            File: Line:0 Function: Type:Debug:
DateTime:2026-08-28 17:46:28.773:"任务方案号：1"                            File: Line:0 Function: Type:Debug:
DateTime:2026-08-28 17:46:28.773:"具体任务序号：3"                            File: Line:0 Function: Type:Debug:
DateTime:2026-08-28 17:46:28.773:"通信对象类型：电能表"                            File: Line:0 Function: Type:Debug:
DateTime:2026-08-28 17:46:28.773:"通信对象地址：030110001619"                            File: Line:0 Function: Type:Debug:
DateTime:2026-08-28 17:46:28.773:"规约类型：2"                            File: Line:0 Function: Type:Debug:
DateTime:2026-08-28 17:46:28.773:"返回内容报文长度：12"                            File: Line:0 Function: Type:Debug:
DateTime:2026-08-28 17:46:28.773:"返回报文内容：68030110001619689400A716"                            File: Line:0 Function: Type:Debug:
DateTime:2026-08-28 17:46:28.773:"收到确认帧"                            File: Line:0 Function: Type:Debug:
DateTime:2026-08-28 17:46:28.773:"Send(确认)：=> 68 0F 00 43 00 00 00 00 00 09 50 01 00 9D 16"                            File: Line:0 Function: Type:Debug:
DateTime:2026-08-28 17:46:28.773:"槽位2透传:687E007E006840000000000022600000010002013C00680F00430000000000095001009D16C916"                            File: Line:0 Function: Type:Debug:
DateTime:2026-08-28 17:46:28.773:"工装发送：68 7E 00 7E 00 68 40 00 00 00 00 00 22 60 00 00 01 00 02 01 3C 00 68 0F 00 43 00 00 00 00 00 09 50 01 00 9D 16 C9 16"                            File: Line:0 Function: Type:Debug:
DateTime:2026-08-28 17:46:28.875:"t56F2Data.pFrame:6803011000161968910833333433433333335516"                            File: Line:0 Function: Type:Debug:
DateTime:2026-08-28 17:46:28.875:"645报文信息：控制码：91,数据：0000010010000000"                            File: Line:0 Function: Type:Debug:
DateTime:2026-08-28 17:46:28.875:"DL/T645-2007协议报文信息：控制码：91,数据标识：00010000，数据：00000010"                            File: Line:0 Function: Type:Debug:
DateTime:2026-08-28 17:46:28.875:dll输出信息: ""                            File: Line:0 Function: Type:Debug:
DateTime:2026-08-28 17:46:28.875:接口函数调用成功，返回的结果为 0                            File: Line:0 Function: Type:Debug:
DateTime:2026-08-28 17:46:28.875:"外部传入的para：0，返回的result：0,返回的pValRet：0"                            File: Line:0 Function: Type:Debug:
DateTime:2026-08-28 17:46:28.875:"执行接口函数CCO_AFN52_F2_multi_DT完成"                            File: Line:0 Function: Type:Debug:
DateTime:2026-08-28 17:46:28.876:coorIndex 0                            File: Line:0 Function: Type:Debug:
DateTime:2026-08-28 17:46:28.876:当前流程结束                            File: Line:0 Function: Type:Debug:
DateTime:2026-08-28 17:46:28.876:退出connect函数                            File: Line:0 Function: Type:Debug:
DateTime:2026-08-28 17:46:28.876:"=========【Step17-添加档案内的智能补采报文(上报方式事件方式)】结束=========="                            File: Line:0 Function: Type:Debug:
DateTime:2026-08-28 17:46:28.877:"-----------------------------"                            File: Line:0 Function: Type:Debug:
DateTime:2026-08-28 17:46:28.877:"=============执行【Step18-数据转发--EB040603设置CCO智能补采运行参数(设置02:0不添加56F15)】==================="                            File: Line:0 Function: Type:Debug:
DateTime:2026-08-28 17:46:28.877:"执行接口函数CCO_AFN52_F1_EB040603_set"                            File: Line:0 Function: Type:Debug:
DateTime:2026-08-28 17:46:28.877:callWorkFunction: CCO_AFN52_F1_EB040603_set                            File: Line:0 Function: Type:Debug:
DateTime:2026-08-28 17:46:28.877:找到对应函数，进入执行                            File: Line:0 Function: Type:Debug:
DateTime:2026-08-28 17:46:29.380:"等待工装回复超时"                            File: Line:0 Function: Type:Debug:
DateTime:2026-08-28 17:46:29.380:"开始组帧"                            File: Line:0 Function: Type:Debug:
DateTime:2026-08-28 17:46:29.380:"组帧结束"                            File: Line:0 Function: Type:Debug:
DateTime:2026-08-28 17:46:29.380:"367.2Send:数据转发(设置-CCO任务队列_智能补采_运行参数EB040603)：=>68 34 00 43 00 00 00 00 00 61 52 01 00 02 12 90 78 56 34 12 6B 8A E8 19 00 68 12 90 78 56 34 12 68 14 0D 36 39 37 1E 3B 33 33 33 44 44 44 44 35 84 16 C3 16"                            File: Line:0 Function: Type:Debug:
DateTime:2026-08-28 17:46:29.380:"槽位2透传:68120112016840000000000022600000010002013C0068340043000000000061520100021290785634126B8AE819006812907856341268140D3639371E3B33333344444444358416C3163A16"                            File: Line:0 Function: Type:Debug:
DateTime:2026-08-28 17:46:29.380:"工装发送：68 12 01 12 01 68 40 00 00 00 00 00 22 60 00 00 01 00 02 01 3C 00 68 34 00 43 00 00 00 00 00 61 52 01 00 02 12 90 78 56 34 12 6B 8A E8 19 00 68 12 90 78 56 34 12 68 14 0D 36 39 37 1E 3B 33 33 33 44 44 44 44 35 84 16 C3 16 3A 16"                            File: Line:0 Function: Type:Debug:
DateTime:2026-08-28 17:46:29.441:"工装接收：68 32 00 32 00 68 80 00 00 00 00 00 00 60 00 00 01 00 E1 16 68 32 00 32 00 68 80 00 00 00 00 00 00 60 00 00 01 00 E1 16"                            File: Line:0 Function: Type:Debug:
DateTime:2026-08-28 17:46:29.441:"m_baRecvMsg:"                            File: Line:0 Function: Type:Debug:
DateTime:2026-08-28 17:46:29.441:"frameList.size():2"                            File: Line:0 Function: Type:Debug:
DateTime:2026-08-28 17:46:29.441:"进入报文解析"                            File: Line:0 Function: Type:Debug:
DateTime:2026-08-28 17:46:29.441:"68 32 00 32 00 68 80 00 00 00 00 00 00 60 00 00 01 00 E1 16"                            File: Line:0 Function: Type:Debug:
DateTime:2026-08-28 17:46:29.441:"解码完成，功能码: 1"                            File: Line:0 Function: Type:Debug:
DateTime:2026-08-28 17:46:29.441:"工装回复确认帧"                            File: Line:0 Function: Type:Debug:
DateTime:2026-08-28 17:46:29.441:"进入报文解析"                            File: Line:0 Function: Type:Debug:
DateTime:2026-08-28 17:46:29.441:"68 32 00 32 00 68 80 00 00 00 00 00 00 60 00 00 01 00 E1 16"                            File: Line:0 Function: Type:Debug:
DateTime:2026-08-28 17:46:29.441:"解码完成，功能码: 1"                            File: Line:0 Function: Type:Debug:
DateTime:2026-08-28 17:46:29.441:"工装回复确认帧"                            File: Line:0 Function: Type:Debug:
DateTime:2026-08-28 17:46:29.550:"工装接收：68 CE 00 CE 00 68 80 00 00 00 00 00 22 60 00 00 01 00 02 24 00 68 24 00 80 00 00 00 00 00 61 52 01 00 02 12 90 78 56 34 12 0C 00 68 12 90 78 56 34 12 68 94 00 1A 16 42 16 4F 16"                            File: Line:0 Function: Type:Debug:
DateTime:2026-08-28 17:46:29.550:"m_baRecvMsg:"                            File: Line:0 Function: Type:Debug:
DateTime:2026-08-28 17:46:29.550:"frameList.size():1"                            File: Line:0 Function: Type:Debug:
DateTime:2026-08-28 17:46:29.551:"进入报文解析"                            File: Line:0 Function: Type:Debug:
DateTime:2026-08-28 17:46:29.551:"68 CE 00 CE 00 68 80 00 00 00 00 00 22 60 00 00 01 00 02 24 00 68 24 00 80 00 00 00 00 00 61 52 01 00 02 12 90 78 56 34 12 0C 00 68 12 90 78 56 34 12 68 94 00 1A 16 42 16 4F 16"                            File: Line:0 Function: Type:Debug:
DateTime:2026-08-28 17:46:29.551:"解码完成，功能码: 4"                            File: Line:0 Function: Type:Debug:
DateTime:2026-08-28 17:46:29.551:"工装接收到透传报文"                            File: Line:0 Function: Type:Debug:
DateTime:2026-08-28 17:46:29.551:"02240068240080000000000061520100021290785634120C00681290785634126894001A164216"                            File: Line:0 Function: Type:Debug:
DateTime:2026-08-28 17:46:29.551:"透传报文内容:68 24 00 80 00 00 00 00 00 61 52 01 00 02 12 90 78 56 34 12 0c 00 68 12 90 78 56 34 12 68 94 00 1a 16 42 16"                            File: Line:0 Function: Type:Debug:
DateTime:2026-08-28 17:46:32.472:"uTimeSecond_ms:30000"                            File: Line:0 Function: Type:Debug:
DateTime:2026-08-28 17:46:32.472:"查找结果: iret=0, wStart=0, dwOutLen=36, dwStreamLen=36, dwFindPos=0"                            File: Line:0 Function: Type:Debug:
DateTime:2026-08-28 17:46:32.472:"Receive:<= 68 24 00 80 00 00 00 00 00 61 52 01 00 02 12 90 78 56 34 12 0C 00 68 12 90 78 56 34 12 68 94 00 1A 16 42 16"                            File: Line:0 Function: Type:Debug:
DateTime:2026-08-28 17:46:32.472:"解析：功能码-AFN=52H,Fn=1："                            File: Line:0 Function: Type:Debug:
DateTime:2026-08-28 17:46:32.472:"透传回复内容：021290785634120C00681290785634126894001A16"                            File: Line:0 Function: Type:Debug:
DateTime:2026-08-28 17:46:32.472:"设置成功"                            File: Line:0 Function: Type:Debug:
DateTime:2026-08-28 17:46:32.472:dll输出信息: ""                            File: Line:0 Function: Type:Debug:
DateTime:2026-08-28 17:46:32.472:接口函数调用成功，返回的结果为 0                            File: Line:0 Function: Type:Debug:
DateTime:2026-08-28 17:46:32.472:"外部传入的para：0，返回的result：0,返回的pValRet：0"                            File: Line:0 Function: Type:Debug:
DateTime:2026-08-28 17:46:32.472:"执行接口函数CCO_AFN52_F1_EB040603_set完成"                            File: Line:0 Function: Type:Debug:
DateTime:2026-08-28 17:46:32.474:coorIndex 0                            File: Line:0 Function: Type:Debug:
DateTime:2026-08-28 17:46:32.474:当前流程结束                            File: Line:0 Function: Type:Debug:
DateTime:2026-08-28 17:46:32.474:退出connect函数                            File: Line:0 Function: Type:Debug:
DateTime:2026-08-28 17:46:32.474:"=========【Step18-数据转发--EB040603设置CCO智能补采运行参数(设置02:0不添加56F15)】结束=========="                            File: Line:0 Function: Type:Debug:
DateTime:2026-08-28 17:46:32.474:"-----------------------------"                            File: Line:0 Function: Type:Debug:
DateTime:2026-08-28 17:46:32.475:"=============执行【Step19-数据转发--EB040603查询CCO智能补采运行参数(02:0不添加56F15)】==================="                            File: Line:0 Function: Type:Debug:
DateTime:2026-08-28 17:46:32.475:"执行接口函数CCO_AFN52_F1_EB040603_read"                            File: Line:0 Function: Type:Debug:
DateTime:2026-08-28 17:46:32.475:callWorkFunction: CCO_AFN52_F1_EB040603_read                            File: Line:0 Function: Type:Debug:
DateTime:2026-08-28 17:46:32.475:找到对应函数，进入执行                            File: Line:0 Function: Type:Debug:
DateTime:2026-08-28 17:46:32.979:"等待工装回复超时"                            File: Line:0 Function: Type:Debug:
DateTime:2026-08-28 17:46:32.979:"开始组帧"                            File: Line:0 Function: Type:Debug:
DateTime:2026-08-28 17:46:32.979:"组帧结束"                            File: Line:0 Function: Type:Debug:
DateTime:2026-08-28 17:46:32.979:"367.2Send:数据转发(查询-CCO任务队列_智能补采_运行参数 EB040603)：=>68 2B 00 43 00 00 00 00 00 62 52 01 00 02 12 90 78 56 34 12 6B 8A E8 10 00 68 12 90 78 56 34 12 68 11 04 36 39 37 1E 5F 16 71 16"                            File: Line:0 Function: Type:Debug:
DateTime:2026-08-28 17:46:32.979:"槽位2透传:68EE00EE006840000000000022600000010002013C00682B0043000000000062520100021290785634126B8AE81000681290785634126811043639371E5F1671168D16"                            File: Line:0 Function: Type:Debug:
DateTime:2026-08-28 17:46:32.979:"工装发送：68 EE 00 EE 00 68 40 00 00 00 00 00 22 60 00 00 01 00 02 01 3C 00 68 2B 00 43 00 00 00 00 00 62 52 01 00 02 12 90 78 56 34 12 6B 8A E8 10 00 68 12 90 78 56 34 12 68 11 04 36 39 37 1E 5F 16 71 16 8D 16"                            File: Line:0 Function: Type:Debug:
DateTime:2026-08-28 17:46:33.029:"工装接收：68 32 00 32 00 68 80 00 00 00 00 00 00 60 00 00 01 00 E1 16"                            File: Line:0 Function: Type:Debug:
DateTime:2026-08-28 17:46:33.029:"m_baRecvMsg:"                            File: Line:0 Function: Type:Debug:
DateTime:2026-08-28 17:46:33.029:"frameList.size():1"                            File: Line:0 Function: Type:Debug:
DateTime:2026-08-28 17:46:33.029:"进入报文解析"                            File: Line:0 Function: Type:Debug:
DateTime:2026-08-28 17:46:33.029:"68 32 00 32 00 68 80 00 00 00 00 00 00 60 00 00 01 00 E1 16"                            File: Line:0 Function: Type:Debug:
DateTime:2026-08-28 17:46:33.030:"解码完成，功能码: 1"                            File: Line:0 Function: Type:Debug:
DateTime:2026-08-28 17:46:33.030:"工装回复确认帧"                            File: Line:0 Function: Type:Debug:
DateTime:2026-08-28 17:46:33.084:"工装接收：68 E2 00 E2 00 68 80 00 00 00 00 00 22 60 00 00 01 00 02 29 00 68 29 00 80 00 00 00 00 00 62 52 01 00 02 12 90 78 56 34 12 11 00 68 12 90 78 56 34 12 68 91 05 36 39 37 1E 35 15 16 3E 16 51 16"                            File: Line:0 Function: Type:Debug:
DateTime:2026-08-28 17:46:33.084:"m_baRecvMsg:"                            File: Line:0 Function: Type:Debug:
DateTime:2026-08-28 17:46:33.084:"frameList.size():1"                            File: Line:0 Function: Type:Debug:
DateTime:2026-08-28 17:46:33.084:"进入报文解析"                            File: Line:0 Function: Type:Debug:
DateTime:2026-08-28 17:46:33.084:"68 E2 00 E2 00 68 80 00 00 00 00 00 22 60 00 00 01 00 02 29 00 68 29 00 80 00 00 00 00 00 62 52 01 00 02 12 90 78 56 34 12 11 00 68 12 90 78 56 34 12 68 91 05 36 39 37 1E 35 15 16 3E 16 51 16"                            File: Line:0 Function: Type:Debug:
DateTime:2026-08-28 17:46:33.084:"解码完成，功能码: 4"                            File: Line:0 Function: Type:Debug:
DateTime:2026-08-28 17:46:33.084:"工装接收到透传报文"                            File: Line:0 Function: Type:Debug:
DateTime:2026-08-28 17:46:33.084:"02290068290080000000000062520100021290785634121100681290785634126891053639371E3515163E16"                            File: Line:0 Function: Type:Debug:
DateTime:2026-08-28 17:46:33.084:"透传报文内容:68 29 00 80 00 00 00 00 00 62 52 01 00 02 12 90 78 56 34 12 11 00 68 12 90 78 56 34 12 68 91 05 36 39 37 1e 35 15 16 3e 16"                            File: Line:0 Function: Type:Debug:
DateTime:2026-08-28 17:46:36.005:"uTimeSecond_ms:30000"                            File: Line:0 Function: Type:Debug:
DateTime:2026-08-28 17:46:36.005:"查找结果: iret=0, wStart=0, dwOutLen=41, dwStreamLen=41, dwFindPos=0"                            File: Line:0 Function: Type:Debug:
DateTime:2026-08-28 17:46:36.005:"Receive:<= 68 29 00 80 00 00 00 00 00 62 52 01 00 02 12 90 78 56 34 12 11 00 68 12 90 78 56 34 12 68 91 05 36 39 37 1E 35 15 16 3E 16"                            File: Line:0 Function: Type:Debug:
DateTime:2026-08-28 17:46:36.005:"解析：功能码-AFN=52H,Fn=1："                            File: Line:0 Function: Type:Debug:
DateTime:2026-08-28 17:46:36.005:"透传回复内容：021290785634121100681290785634126891053639371E351516"                            File: Line:0 Function: Type:Debug:
DateTime:2026-08-28 17:46:36.005:"DL/T645-2007协议 回复报文信息：控制码：91,数据标识：EB040603，数据域(需倒序解析)：02"                            File: Line:0 Function: Type:Debug:
DateTime:2026-08-28 17:46:36.005:"新增STA是否添加到档案：1：添加；上报方式：0事件（默认）"                            File: Line:0 Function: Type:Debug:
DateTime:2026-08-28 17:46:36.005:dll输出信息: ""                            File: Line:0 Function: Type:Debug:
DateTime:2026-08-28 17:46:36.005:接口函数调用成功，返回的结果为 0                            File: Line:0 Function: Type:Debug:
DateTime:2026-08-28 17:46:36.005:"外部传入的para：0，返回的result：0,返回的pValRet：0"                            File: Line:0 Function: Type:Debug:
DateTime:2026-08-28 17:46:36.005:"执行接口函数CCO_AFN52_F1_EB040603_read完成"                            File: Line:0 Function: Type:Debug:
DateTime:2026-08-28 17:46:36.006:coorIndex 0                            File: Line:0 Function: Type:Debug:
DateTime:2026-08-28 17:46:36.006:当前流程结束                            File: Line:0 Function: Type:Debug:
DateTime:2026-08-28 17:46:36.006:退出connect函数                            File: Line:0 Function: Type:Debug:
DateTime:2026-08-28 17:46:36.007:"=========【Step19-数据转发--EB040603查询CCO智能补采运行参数(02:0不添加56F15)】结束=========="                            File: Line:0 Function: Type:Debug:
DateTime:2026-08-28 17:46:36.007:"-----------------------------"                            File: Line:0 Function: Type:Debug:
DateTime:2026-08-28 17:46:36.007:"=============执行【Step20-添加档案外的智能补采报文(上报方式56F15)(回复否认)】==================="                            File: Line:0 Function: Type:Debug:
DateTime:2026-08-28 17:46:36.007:"执行接口函数CCO_AFN52_F2"                            File: Line:0 Function: Type:Debug:
DateTime:2026-08-28 17:46:36.007:callWorkFunction: CCO_AFN52_F2                            File: Line:0 Function: Type:Debug:
DateTime:2026-08-28 17:46:36.007:找到对应函数，进入执行                            File: Line:0 Function: Type:Debug:
DateTime:2026-08-28 17:46:36.510:"等待工装回复超时"                            File: Line:0 Function: Type:Debug:
DateTime:2026-08-28 17:46:36.510:"开始组帧"                            File: Line:0 Function: Type:Debug:
DateTime:2026-08-28 17:46:36.510:"组帧结束"                            File: Line:0 Function: Type:Debug:
DateTime:2026-08-28 17:46:36.510:"367.2Send:智能补采(52H-F2)：=>68 2E 00 43 00 00 00 00 00 63 52 02 00 01 00 03 00 03 05 01 10 00 16 19 02 00 10 00 68 05 01 10 00 16 19 68 11 04 33 33 34 33 F7 16 5C 16"                            File: Line:0 Function: Type:Debug:
DateTime:2026-08-28 17:46:36.510:"槽位2透传:68FA00FA006840000000000022600000010002013C00682E00430000000000635202000100030003050110001619020010006805011000161968110433333433F7165C166616"                            File: Line:0 Function: Type:Debug:
DateTime:2026-08-28 17:46:36.510:"工装发送：68 FA 00 FA 00 68 40 00 00 00 00 00 22 60 00 00 01 00 02 01 3C 00 68 2E 00 43 00 00 00 00 00 63 52 02 00 01 00 03 00 03 05 01 10 00 16 19 02 00 10 00 68 05 01 10 00 16 19 68 11 04 33 33 34 33 F7 16 5C 16 66 16"                            File: Line:0 Function: Type:Debug:
DateTime:2026-08-28 17:46:36.564:"工装接收：68 32 00 32 00 68 80 00 00 00 00 00 00 60 00 00 01 00 E1 16"                            File: Line:0 Function: Type:Debug:
DateTime:2026-08-28 17:46:36.564:"m_baRecvMsg:"                            File: Line:0 Function: Type:Debug:
DateTime:2026-08-28 17:46:36.564:"frameList.size():1"                            File: Line:0 Function: Type:Debug:
DateTime:2026-08-28 17:46:36.564:"进入报文解析"                            File: Line:0 Function: Type:Debug:
DateTime:2026-08-28 17:46:36.564:"68 32 00 32 00 68 80 00 00 00 00 00 00 60 00 00 01 00 E1 16"                            File: Line:0 Function: Type:Debug:
DateTime:2026-08-28 17:46:36.564:"解码完成，功能码: 1"                            File: Line:0 Function: Type:Debug:
DateTime:2026-08-28 17:46:36.564:"工装回复确认帧"                            File: Line:0 Function: Type:Debug:
DateTime:2026-08-28 17:46:36.605:"工装接收：68 7E 00 7E 00 68 80 00 00 00 00 00 22 60 00 00 01 00 02 10 00 68 10 00 80 00 00 00 00 00 63 50 02 00 01 36 16 0F 16"                            File: Line:0 Function: Type:Debug:
DateTime:2026-08-28 17:46:36.605:"m_baRecvMsg:"                            File: Line:0 Function: Type:Debug:
DateTime:2026-08-28 17:46:36.605:"frameList.size():1"                            File: Line:0 Function: Type:Debug:
DateTime:2026-08-28 17:46:36.605:"进入报文解析"                            File: Line:0 Function: Type:Debug:
DateTime:2026-08-28 17:46:36.605:"68 7E 00 7E 00 68 80 00 00 00 00 00 22 60 00 00 01 00 02 10 00 68 10 00 80 00 00 00 00 00 63 50 02 00 01 36 16 0F 16"                            File: Line:0 Function: Type:Debug:
DateTime:2026-08-28 17:46:36.605:"解码完成，功能码: 4"                            File: Line:0 Function: Type:Debug:
DateTime:2026-08-28 17:46:36.605:"工装接收到透传报文"                            File: Line:0 Function: Type:Debug:
DateTime:2026-08-28 17:46:36.605:"02100068100080000000000063500200013616"                            File: Line:0 Function: Type:Debug:
DateTime:2026-08-28 17:46:36.605:"透传报文内容:68 10 00 80 00 00 00 00 00 63 50 02 00 01 36 16"                            File: Line:0 Function: Type:Debug:
DateTime:2026-08-28 17:46:39.526:"uTimeSecond_ms:30000"                            File: Line:0 Function: Type:Debug:
DateTime:2026-08-28 17:46:39.526:"Receive:<= 68 10 00 80 00 00 00 00 00 63 50 02 00 01 36 16"                            File: Line:0 Function: Type:Debug:
DateTime:2026-08-28 17:46:39.526:"解析：功能码-AFN=50H,Fn=2："                            File: Line:0 Function: Type:Debug:
DateTime:2026-08-28 17:46:39.526:"收到否认报文，结束等待"                            File: Line:0 Function: Type:Debug:
DateTime:2026-08-28 17:46:39.526:"否认类型: [1][无效数据单元]."                            File: Line:0 Function: Type:Debug:
DateTime:2026-08-28 17:46:42.548:"等待工装回复超时"                            File: Line:0 Function: Type:Debug:
DateTime:2026-08-28 17:46:45.570:"等待工装回复超时"                            File: Line:0 Function: Type:Debug:
DateTime:2026-08-28 17:46:48.592:"等待工装回复超时"                            File: Line:0 Function: Type:Debug:
DateTime:2026-08-28 17:46:51.614:"等待工装回复超时"                            File: Line:0 Function: Type:Debug:
DateTime:2026-08-28 17:46:54.636:"等待工装回复超时"                            File: Line:0 Function: Type:Debug:
DateTime:2026-08-28 17:46:57.658:"等待工装回复超时"                            File: Line:0 Function: Type:Debug:
DateTime:2026-08-28 17:47:00.680:"等待工装回复超时"                            File: Line:0 Function: Type:Debug:
DateTime:2026-08-28 17:47:03.702:"等待工装回复超时"                            File: Line:0 Function: Type:Debug:
DateTime:2026-08-28 17:47:06.724:"等待工装回复超时"                            File: Line:0 Function: Type:Debug:
DateTime:2026-08-28 17:47:09.746:"等待工装回复超时"                            File: Line:0 Function: Type:Debug:
DateTime:2026-08-28 17:47:09.746:"路由回复否认:否认类型: [1][无效数据单元]."                            File: Line:0 Function: Type:Debug:
DateTime:2026-08-28 17:47:09.746:dll输出信息: ""                            File: Line:0 Function: Type:Debug:
DateTime:2026-08-28 17:47:09.746:接口函数调用成功，返回的结果为 0                            File: Line:0 Function: Type:Debug:
DateTime:2026-08-28 17:47:09.746:"外部传入的para：1，返回的result：0,返回的pValRet：1"                            File: Line:0 Function: Type:Debug:
DateTime:2026-08-28 17:47:09.746:"执行接口函数CCO_AFN52_F2完成"                            File: Line:0 Function: Type:Debug:
DateTime:2026-08-28 17:47:09.747:coorIndex 0                            File: Line:0 Function: Type:Debug:
DateTime:2026-08-28 17:47:09.747:当前流程结束                            File: Line:0 Function: Type:Debug:
DateTime:2026-08-28 17:47:09.747:退出connect函数                            File: Line:0 Function: Type:Debug:
DateTime:2026-08-28 17:47:09.748:"=========【Step20-添加档案外的智能补采报文(上报方式56F15)(回复否认)】结束=========="                            File: Line:0 Function: Type:Debug:
DateTime:2026-08-28 17:47:09.748:"-----------------------------"                            File: Line:0 Function: Type:Debug:
DateTime:2026-08-28 17:47:09.748:"=============执行【Step21-查询从节点数量】==================="                            File: Line:0 Function: Type:Debug:
DateTime:2026-08-28 17:47:09.748:"执行接口函数CCO_AFN10_F1"                            File: Line:0 Function: Type:Debug:
DateTime:2026-08-28 17:47:09.748:callWorkFunction: CCO_AFN10_F1                            File: Line:0 Function: Type:Debug:
DateTime:2026-08-28 17:47:09.748:找到对应函数，进入执行                            File: Line:0 Function: Type:Debug:
DateTime:2026-08-28 17:47:10.251:"等待工装回复超时"                            File: Line:0 Function: Type:Debug:
DateTime:2026-08-28 17:47:10.251:"开始组帧"                            File: Line:0 Function: Type:Debug:
DateTime:2026-08-28 17:47:10.251:"组帧结束"                            File: Line:0 Function: Type:Debug:
DateTime:2026-08-28 17:47:10.251:"367.2Send:查询从节点数量(10H-F1)：=>68 0F 00 41 00 00 00 00 00 64 10 01 00 B6 16"                            File: Line:0 Function: Type:Debug:
DateTime:2026-08-28 17:47:10.251:"槽位2透传:687E007E006840000000000022600000010002013C00680F0041000000000064100100B616FB16"                            File: Line:0 Function: Type:Debug:
DateTime:2026-08-28 17:47:10.251:"工装发送：68 7E 00 7E 00 68 40 00 00 00 00 00 22 60 00 00 01 00 02 01 3C 00 68 0F 00 41 00 00 00 00 00 64 10 01 00 B6 16 FB 16"                            File: Line:0 Function: Type:Debug:
DateTime:2026-08-28 17:47:10.269:"工装接收：68 32 00 32 00 68 80 00 00 00 00 00 00 60 00 00 01 00 E1 16"                            File: Line:0 Function: Type:Debug:
DateTime:2026-08-28 17:47:10.269:"m_baRecvMsg:"                            File: Line:0 Function: Type:Debug:
DateTime:2026-08-28 17:47:10.269:"frameList.size():1"                            File: Line:0 Function: Type:Debug:
DateTime:2026-08-28 17:47:10.269:"进入报文解析"                            File: Line:0 Function: Type:Debug:
DateTime:2026-08-28 17:47:10.269:"68 32 00 32 00 68 80 00 00 00 00 00 00 60 00 00 01 00 E1 16"                            File: Line:0 Function: Type:Debug:
DateTime:2026-08-28 17:47:10.269:"解码完成，功能码: 1"                            File: Line:0 Function: Type:Debug:
DateTime:2026-08-28 17:47:10.269:"工装回复确认帧"                            File: Line:0 Function: Type:Debug:
DateTime:2026-08-28 17:47:10.324:"工装接收：68 8A 00 8A 00 68 80 00 00 00 00 00 22 60 00 00 01 00 02 13 00 68 13 00 83 00 00 00 00 00 64 10 01 00 02 00 F8 07 F9 16 9B 16"                            File: Line:0 Function: Type:Debug:
DateTime:2026-08-28 17:47:10.324:"m_baRecvMsg:"                            File: Line:0 Function: Type:Debug:
DateTime:2026-08-28 17:47:10.324:"frameList.size():1"                            File: Line:0 Function: Type:Debug:
DateTime:2026-08-28 17:47:10.324:"进入报文解析"                            File: Line:0 Function: Type:Debug:
DateTime:2026-08-28 17:47:10.324:"68 8A 00 8A 00 68 80 00 00 00 00 00 22 60 00 00 01 00 02 13 00 68 13 00 83 00 00 00 00 00 64 10 01 00 02 00 F8 07 F9 16 9B 16"                            File: Line:0 Function: Type:Debug:
DateTime:2026-08-28 17:47:10.324:"解码完成，功能码: 4"                            File: Line:0 Function: Type:Debug:
DateTime:2026-08-28 17:47:10.324:"工装接收到透传报文"                            File: Line:0 Function: Type:Debug:
DateTime:2026-08-28 17:47:10.324:"021300681300830000000000641001000200F807F916"                            File: Line:0 Function: Type:Debug:
DateTime:2026-08-28 17:47:10.324:"透传报文内容:68 13 00 83 00 00 00 00 00 64 10 01 00 02 00 f8 07 f9 16"                            File: Line:0 Function: Type:Debug:
DateTime:2026-08-28 17:47:13.346:"uTimeSecond_ms:5000"                            File: Line:0 Function: Type:Debug:
DateTime:2026-08-28 17:47:13.346:"查找结果: iret=0, wStart=0, dwOutLen=19, dwStreamLen=19, dwFindPos=0"                            File: Line:0 Function: Type:Debug:
DateTime:2026-08-28 17:47:13.346:"Receive:<= 68 13 00 83 00 00 00 00 00 64 10 01 00 02 00 F8 07 F9 16"                            File: Line:0 Function: Type:Debug:
DateTime:2026-08-28 17:47:13.346:"解析：功能码-AFN=10H,Fn=1："                            File: Line:0 Function: Type:Debug:
DateTime:2026-08-28 17:47:13.346:"从节点数量：2,最大支持节点数：2040."                            File: Line:0 Function: Type:Debug:
DateTime:2026-08-28 17:47:13.346:dll输出信息: ""                            File: Line:0 Function: Type:Debug:
DateTime:2026-08-28 17:47:13.346:接口函数调用成功，返回的结果为 0                            File: Line:0 Function: Type:Debug:
DateTime:2026-08-28 17:47:13.346:"外部传入的para：0，返回的result：0,返回的pValRet：0"                            File: Line:0 Function: Type:Debug:
DateTime:2026-08-28 17:47:13.346:"执行接口函数CCO_AFN10_F1完成"                            File: Line:0 Function: Type:Debug:
DateTime:2026-08-28 17:47:13.348:coorIndex 0                            File: Line:0 Function: Type:Debug:
DateTime:2026-08-28 17:47:13.348:当前流程结束                            File: Line:0 Function: Type:Debug:
DateTime:2026-08-28 17:47:13.348:退出connect函数                            File: Line:0 Function: Type:Debug:
DateTime:2026-08-28 17:47:13.348:"=========【Step21-查询从节点数量】结束=========="                            File: Line:0 Function: Type:Debug:
DateTime:2026-08-28 17:47:13.348:"-----------------------------"                            File: Line:0 Function: Type:Debug:
DateTime:2026-08-28 17:47:13.349:"=============执行【Step22-添加档案内的智能补采报文(上报方式56F15)】==================="                            File: Line:0 Function: Type:Debug:
DateTime:2026-08-28 17:47:13.349:"执行接口函数CCO_AFN52_F2_multi_DT_56F15"                            File: Line:0 Function: Type:Debug:
DateTime:2026-08-28 17:47:13.349:callWorkFunction: CCO_AFN52_F2_multi_DT_56F15                            File: Line:0 Function: Type:Debug:
DateTime:2026-08-28 17:47:13.349:找到对应函数，进入执行                            File: Line:0 Function: Type:Debug:
DateTime:2026-08-28 17:47:13.349:"我跑到这啦111"                            File: Line:0 Function: Type:Debug:
DateTime:2026-08-28 17:47:13.349:"DT_List.size():1"                            File: Line:0 Function: Type:Debug:
DateTime:2026-08-28 17:47:13.349:"baDi:3030303130303030"                            File: Line:0 Function: Type:Debug:
DateTime:2026-08-28 17:47:13.349:"我跑到这啦222"                            File: Line:0 Function: Type:Debug:
DateTime:2026-08-28 17:47:13.350:"我跑到这啦333"                            File: Line:0 Function: Type:Debug:
DateTime:2026-08-28 17:47:13.350:结果: 0x "00000100"                            File: Line:0 Function: Type:Debug:
DateTime:2026-08-28 17:47:13.350:"我跑到这啦444"                            File: Line:0 Function: Type:Debug:
DateTime:2026-08-28 17:47:13.350:"我跑到这啦555"                            File: Line:0 Function: Type:Debug:
DateTime:2026-08-28 17:47:13.854:"等待工装回复超时"                            File: Line:0 Function: Type:Debug:
DateTime:2026-08-28 17:47:13.854:"Send:智能补采(52H-F2)：=>68 2E 00 43 00 00 00 00 00 65 52 02 00 01 00 03 00 03 03 01 10 00 16 19 02 00 10 00 68 03 01 10 00 16 19 68 11 04 33 33 34 33 F5 16 58 16"                            File: Line:0 Function: Type:Debug:
DateTime:2026-08-28 17:47:13.854:"槽位2透传:68FA00FA006840000000000022600000010002013C00682E00430000000000655202000100030003030110001619020010006803011000161968110433333433F51658165E16"                            File: Line:0 Function: Type:Debug:
DateTime:2026-08-28 17:47:13.854:"工装发送：68 FA 00 FA 00 68 40 00 00 00 00 00 22 60 00 00 01 00 02 01 3C 00 68 2E 00 43 00 00 00 00 00 65 52 02 00 01 00 03 00 03 03 01 10 00 16 19 02 00 10 00 68 03 01 10 00 16 19 68 11 04 33 33 34 33 F5 16 58 16 5E 16"                            File: Line:0 Function: Type:Debug:
DateTime:2026-08-28 17:47:13.854:"uTimeSecond_ms:5000"                            File: Line:0 Function: Type:Debug:
DateTime:2026-08-28 17:47:13.907:"工装接收：68 32 00 32 00 68 80 00 00 00 00 00 00 60 00 00 01 00 E1 16"                            File: Line:0 Function: Type:Debug:
DateTime:2026-08-28 17:47:13.907:"m_baRecvMsg:"                            File: Line:0 Function: Type:Debug:
DateTime:2026-08-28 17:47:13.907:"rameList.size():"                            File: Line:0 Function: Type:Debug:
DateTime:2026-08-28 17:47:13.907:"进入报文解析"                            File: Line:0 Function: Type:Debug:
DateTime:2026-08-28 17:47:13.907:"68 32 00 32 00 68 80 00 00 00 00 00 00 60 00 00 01 00 E1 16"                            File: Line:0 Function: Type:Debug:
DateTime:2026-08-28 17:47:13.907:"解码完成，功能码: 1"                            File: Line:0 Function: Type:Debug:
DateTime:2026-08-28 17:47:13.907:"工装回复确认帧"                            File: Line:0 Function: Type:Debug:
DateTime:2026-08-28 17:47:13.963:"工装接收：68 E2 00 E2 00 68 80 00 00 00 00 00 22 60 00 00 01 00 02 29 00 68 29 00 80 00 00 00 00 00 65 52 02 00 01 00 03 00 03 03 01 10 00 16 19 02 0C 00 68 03 01 10 00 16 19 68 94 00 A7 16 F5 16 BF 16"                            File: Line:0 Function: Type:Debug:
DateTime:2026-08-28 17:47:13.963:"m_baRecvMsg:"                            File: Line:0 Function: Type:Debug:
DateTime:2026-08-28 17:47:13.963:"rameList.size():"                            File: Line:0 Function: Type:Debug:
DateTime:2026-08-28 17:47:13.963:"进入报文解析"                            File: Line:0 Function: Type:Debug:
DateTime:2026-08-28 17:47:13.963:"68 E2 00 E2 00 68 80 00 00 00 00 00 22 60 00 00 01 00 02 29 00 68 29 00 80 00 00 00 00 00 65 52 02 00 01 00 03 00 03 03 01 10 00 16 19 02 0C 00 68 03 01 10 00 16 19 68 94 00 A7 16 F5 16 BF 16"                            File: Line:0 Function: Type:Debug:
DateTime:2026-08-28 17:47:13.963:"解码完成，功能码: 4"                            File: Line:0 Function: Type:Debug:
DateTime:2026-08-28 17:47:13.963:"工装回复透传报文"                            File: Line:0 Function: Type:Debug:
DateTime:2026-08-28 17:47:13.964:"022900682900800000000000655202000100030003030110001619020C0068030110001619689400A716F516"                            File: Line:0 Function: Type:Debug:
DateTime:2026-08-28 17:47:13.964:"内容:68 29 00 80 00 00 00 00 00 65 52 02 00 01 00 03 00 03 03 01 10 00 16 19 02 0c 00 68 03 01 10 00 16 19 68 94 00 a7 16 f5 16"                            File: Line:0 Function: Type:Debug:
DateTime:2026-08-28 17:47:14.224:"工装接收：68 02 01 02 01 68 80 00 00 00 00 00 22 60 00 00 01 00 02 31 00 68 31 00 C0 00 00 00 00 00 0A 56 40 01 01 00 03 00 03 04 01 10 00 16 19 02 14 00 68 04 01 10 00 16 19 68 91 08 33 33 34 33 44 33 33 33 57 16 86 16 F1 16"                            File: Line:0 Function: Type:Debug:
DateTime:2026-08-28 17:47:14.224:"m_baRecvMsg:"                            File: Line:0 Function: Type:Debug:
DateTime:2026-08-28 17:47:14.224:"rameList.size():"                            File: Line:0 Function: Type:Debug:
DateTime:2026-08-28 17:47:14.224:"进入报文解析"                            File: Line:0 Function: Type:Debug:
DateTime:2026-08-28 17:47:14.224:"68 02 01 02 01 68 80 00 00 00 00 00 22 60 00 00 01 00 02 31 00 68 31 00 C0 00 00 00 00 00 0A 56 40 01 01 00 03 00 03 04 01 10 00 16 19 02 14 00 68 04 01 10 00 16 19 68 91 08 33 33 34 33 44 33 33 33 57 16 86 16 F1 16"                            File: Line:0 Function: Type:Debug:
DateTime:2026-08-28 17:47:14.224:"解码完成，功能码: 4"                            File: Line:0 Function: Type:Debug:
DateTime:2026-08-28 17:47:14.224:"工装回复透传报文"                            File: Line:0 Function: Type:Debug:
DateTime:2026-08-28 17:47:14.224:"023100683100C000000000000A564001010003000304011000161902140068040110001619689108333334334433333357168616"                            File: Line:0 Function: Type:Debug:
DateTime:2026-08-28 17:47:14.224:"内容:68 31 00 c0 00 00 00 00 00 0a 56 40 01 01 00 03 00 03 04 01 10 00 16 19 02 14 00 68 04 01 10 00 16 19 68 91 08 33 33 34 33 44 33 33 33 57 16 86 16"                            File: Line:0 Function: Type:Debug:
DateTime:2026-08-28 17:47:14.495:"工装接收：68 02 01 02 01 68 80 00 00 00 00 00 22 60 00 00 01 00 02 31 00 68 31 00 C0 00 00 00 00 00 0B 56 40 01 01 00 03 00 03 03 01 10 00 16 19 02 14 00 68 03 01 10 00 16 19 68 91 08 33 33 34 33 45 33 33 33 57 16 86 16 F1 16"                            File: Line:0 Function: Type:Debug:
DateTime:2026-08-28 17:47:14.495:"m_baRecvMsg:"                            File: Line:0 Function: Type:Debug:
DateTime:2026-08-28 17:47:14.495:"rameList.size():"                            File: Line:0 Function: Type:Debug:
DateTime:2026-08-28 17:47:14.495:"进入报文解析"                            File: Line:0 Function: Type:Debug:
DateTime:2026-08-28 17:47:14.495:"68 02 01 02 01 68 80 00 00 00 00 00 22 60 00 00 01 00 02 31 00 68 31 00 C0 00 00 00 00 00 0B 56 40 01 01 00 03 00 03 03 01 10 00 16 19 02 14 00 68 03 01 10 00 16 19 68 91 08 33 33 34 33 45 33 33 33 57 16 86 16 F1 16"                            File: Line:0 Function: Type:Debug:
DateTime:2026-08-28 17:47:14.495:"解码完成，功能码: 4"                            File: Line:0 Function: Type:Debug:
DateTime:2026-08-28 17:47:14.495:"工装回复透传报文"                            File: Line:0 Function: Type:Debug:
DateTime:2026-08-28 17:47:14.495:"023100683100C000000000000B564001010003000303011000161902140068030110001619689108333334334533333357168616"                            File: Line:0 Function: Type:Debug:
DateTime:2026-08-28 17:47:14.495:"内容:68 31 00 c0 00 00 00 00 00 0b 56 40 01 01 00 03 00 03 03 01 10 00 16 19 02 14 00 68 03 01 10 00 16 19 68 91 08 33 33 34 33 45 33 33 33 57 16 86 16"                            File: Line:0 Function: Type:Debug:
DateTime:2026-08-28 17:47:16.912:"查找结果: iret=0, wStart=0, dwOutLen=41, dwStreamLen=139, dwFindPos=0"                            File: Line:0 Function: Type:Debug:
DateTime:2026-08-28 17:47:16.912:"Receive:<= 68 29 00 80 00 00 00 00 00 65 52 02 00 01 00 03 00 03 03 01 10 00 16 19 02 0C 00 68 03 01 10 00 16 19 68 94 00 A7 16 F5 16"                            File: Line:0 Function: Type:Debug:
DateTime:2026-08-28 17:47:16.912:"解析：功能码-AFN=52H,Fn=2："                            File: Line:0 Function: Type:Debug:
DateTime:2026-08-28 17:47:16.912:"查找结果: iret=0, wStart=0, dwOutLen=49, dwStreamLen=98, dwFindPos=41"                            File: Line:0 Function: Type:Debug:
DateTime:2026-08-28 17:47:16.912:"Receive:<= 68 31 00 C0 00 00 00 00 00 0A 56 40 01 01 00 03 00 03 04 01 10 00 16 19 02 14 00 68 04 01 10 00 16 19 68 91 08 33 33 34 33 44 33 33 33 57 16 86 16"                            File: Line:0 Function: Type:Debug:
DateTime:2026-08-28 17:47:16.912:"解析：功能码-AFN=56H,Fn=15："                            File: Line:0 Function: Type:Debug:
DateTime:2026-08-28 17:47:16.912:"查找结果: iret=0, wStart=0, dwOutLen=49, dwStreamLen=49, dwFindPos=90"                            File: Line:0 Function: Type:Debug:
DateTime:2026-08-28 17:47:16.912:"Receive:<= 68 31 00 C0 00 00 00 00 00 0B 56 40 01 01 00 03 00 03 03 01 10 00 16 19 02 14 00 68 03 01 10 00 16 19 68 91 08 33 33 34 33 45 33 33 33 57 16 86 16"                            File: Line:0 Function: Type:Debug:
DateTime:2026-08-28 17:47:16.912:"解析：功能码-AFN=56H,Fn=15："                            File: Line:0 Function: Type:Debug:
DateTime:2026-08-28 17:47:16.913:"任务方案号：1"                            File: Line:0 Function: Type:Debug:
DateTime:2026-08-28 17:47:16.913:"具体任务序号：3"                            File: Line:0 Function: Type:Debug:
DateTime:2026-08-28 17:47:16.913:"通信对象类型：电能表"                            File: Line:0 Function: Type:Debug:
DateTime:2026-08-28 17:47:16.913:"通信对象地址：030110001619"                            File: Line:0 Function: Type:Debug:
DateTime:2026-08-28 17:47:16.913:"规约类型：2"                            File: Line:0 Function: Type:Debug:
DateTime:2026-08-28 17:47:16.913:"返回内容报文长度：12"                            File: Line:0 Function: Type:Debug:
DateTime:2026-08-28 17:47:16.913:"返回报文内容：68030110001619689400A716"                            File: Line:0 Function: Type:Debug:
DateTime:2026-08-28 17:47:16.913:"收到确认帧"                            File: Line:0 Function: Type:Debug:
DateTime:2026-08-28 17:47:16.913:"Send(确认)：=> 68 0F 00 43 00 00 00 00 00 0A 50 01 00 9E 16"                            File: Line:0 Function: Type:Debug:
DateTime:2026-08-28 17:47:16.913:"槽位2透传:687E007E006840000000000022600000010002013C00680F004300000000000A5001009E16CB16"                            File: Line:0 Function: Type:Debug:
DateTime:2026-08-28 17:47:16.913:"工装发送：68 7E 00 7E 00 68 40 00 00 00 00 00 22 60 00 00 01 00 02 01 3C 00 68 0F 00 43 00 00 00 00 00 0A 50 01 00 9E 16 CB 16"                            File: Line:0 Function: Type:Debug:
DateTime:2026-08-28 17:47:17.015:"任务方案号：1"                            File: Line:0 Function: Type:Debug:
DateTime:2026-08-28 17:47:17.015:"具体任务序号：3"                            File: Line:0 Function: Type:Debug:
DateTime:2026-08-28 17:47:17.015:"通信对象类型：电能表"                            File: Line:0 Function: Type:Debug:
DateTime:2026-08-28 17:47:17.015:"通信对象地址：040110001619"                            File: Line:0 Function: Type:Debug:
DateTime:2026-08-28 17:47:17.015:"规约类型：2"                            File: Line:0 Function: Type:Debug:
DateTime:2026-08-28 17:47:17.015:"返回内容报文长度：20"                            File: Line:0 Function: Type:Debug:
DateTime:2026-08-28 17:47:17.015:"返回报文内容：6804011000161968910833333433443333335716"                            File: Line:0 Function: Type:Debug:
DateTime:2026-08-28 17:47:17.015:"645报文信息：控制码：91,数据：0000010011000000"                            File: Line:0 Function: Type:Debug:
DateTime:2026-08-28 17:47:17.015:"DL/T645-2007协议报文信息：控制码：91,数据标识：00010000，数据：00000011"                            File: Line:0 Function: Type:Debug:
DateTime:2026-08-28 17:47:17.015:"收到正确上报报文"                            File: Line:0 Function: Type:Debug:
DateTime:2026-08-28 17:47:17.015:dll输出信息: ""                            File: Line:0 Function: Type:Debug:
DateTime:2026-08-28 17:47:17.015:接口函数调用成功，返回的结果为 0                            File: Line:0 Function: Type:Debug:
DateTime:2026-08-28 17:47:17.015:"外部传入的para：0，返回的result：0,返回的pValRet：0"                            File: Line:0 Function: Type:Debug:
DateTime:2026-08-28 17:47:17.016:"执行接口函数CCO_AFN52_F2_multi_DT_56F15完成"                            File: Line:0 Function: Type:Debug:
DateTime:2026-08-28 17:47:17.017:coorIndex 0                            File: Line:0 Function: Type:Debug:
DateTime:2026-08-28 17:47:17.017:当前流程结束                            File: Line:0 Function: Type:Debug:
DateTime:2026-08-28 17:47:17.017:退出connect函数                            File: Line:0 Function: Type:Debug:
DateTime:2026-08-28 17:47:17.017:"=========【Step22-添加档案内的智能补采报文(上报方式56F15)】结束=========="                            File: Line:0 Function: Type:Debug:
DateTime:2026-08-28 17:47:17.017:"-----------------------------"                            File: Line:0 Function: Type:Debug:
DateTime:2026-08-28 17:47:17.018:"=============执行【Step23-数据转发--EB040603设置CCO智能补采运行参数(设置03:1添加56F15)】==================="                            File: Line:0 Function: Type:Debug:
DateTime:2026-08-28 17:47:17.018:"执行接口函数CCO_AFN52_F1_EB040603_set"                            File: Line:0 Function: Type:Debug:
DateTime:2026-08-28 17:47:17.018:callWorkFunction: CCO_AFN52_F1_EB040603_set                            File: Line:0 Function: Type:Debug:
DateTime:2026-08-28 17:47:17.018:找到对应函数，进入执行                            File: Line:0 Function: Type:Debug:
DateTime:2026-08-28 17:47:17.522:"等待工装回复超时"                            File: Line:0 Function: Type:Debug:
DateTime:2026-08-28 17:47:17.522:"开始组帧"                            File: Line:0 Function: Type:Debug:
DateTime:2026-08-28 17:47:17.522:"组帧结束"                            File: Line:0 Function: Type:Debug:
DateTime:2026-08-28 17:47:17.522:"367.2Send:数据转发(设置-CCO任务队列_智能补采_运行参数EB040603)：=>68 34 00 43 00 00 00 00 00 66 52 01 00 02 12 90 78 56 34 12 6B 8A E8 19 00 68 12 90 78 56 34 12 68 14 0D 36 39 37 1E 3B 33 33 33 44 44 44 44 36 85 16 CA 16"                            File: Line:0 Function: Type:Debug:
DateTime:2026-08-28 17:47:17.522:"槽位2透传:68120112016840000000000022600000010002013C0068340043000000000066520100021290785634126B8AE819006812907856341268140D3639371E3B33333344444444368516CA164816"                            File: Line:0 Function: Type:Debug:
DateTime:2026-08-28 17:47:17.522:"工装发送：68 12 01 12 01 68 40 00 00 00 00 00 22 60 00 00 01 00 02 01 3C 00 68 34 00 43 00 00 00 00 00 66 52 01 00 02 12 90 78 56 34 12 6B 8A E8 19 00 68 12 90 78 56 34 12 68 14 0D 36 39 37 1E 3B 33 33 33 44 44 44 44 36 85 16 CA 16 48 16"                            File: Line:0 Function: Type:Debug:
DateTime:2026-08-28 17:47:17.583:"工装接收：68 32 00 32 00 68 80 00 00 00 00 00 00 60 00 00 01 00 E1 16 68 32 00 32 00 68 80 00 00 00 00 00 00 60 00 00 01 00 E1 16"                            File: Line:0 Function: Type:Debug:
DateTime:2026-08-28 17:47:17.583:"m_baRecvMsg:"                            File: Line:0 Function: Type:Debug:
DateTime:2026-08-28 17:47:17.583:"frameList.size():2"                            File: Line:0 Function: Type:Debug:
DateTime:2026-08-28 17:47:17.583:"进入报文解析"                            File: Line:0 Function: Type:Debug:
DateTime:2026-08-28 17:47:17.583:"68 32 00 32 00 68 80 00 00 00 00 00 00 60 00 00 01 00 E1 16"                            File: Line:0 Function: Type:Debug:
DateTime:2026-08-28 17:47:17.584:"解码完成，功能码: 1"                            File: Line:0 Function: Type:Debug:
DateTime:2026-08-28 17:47:17.584:"工装回复确认帧"                            File: Line:0 Function: Type:Debug:
DateTime:2026-08-28 17:47:17.584:"进入报文解析"                            File: Line:0 Function: Type:Debug:
DateTime:2026-08-28 17:47:17.584:"68 32 00 32 00 68 80 00 00 00 00 00 00 60 00 00 01 00 E1 16"                            File: Line:0 Function: Type:Debug:
DateTime:2026-08-28 17:47:17.584:"解码完成，功能码: 1"                            File: Line:0 Function: Type:Debug:
DateTime:2026-08-28 17:47:17.584:"工装回复确认帧"                            File: Line:0 Function: Type:Debug:
DateTime:2026-08-28 17:47:17.692:"工装接收：68 CE 00 CE 00 68 80 00 00 00 00 00 22 60 00 00 01 00 02 24 00 68 24 00 80 00 00 00 00 00 66 52 01 00 02 12 90 78 56 34 12 0C 00 68 12 90 78 56 34 12 68 94 00 1A 16 47 16 59 16"                            File: Line:0 Function: Type:Debug:
DateTime:2026-08-28 17:47:17.692:"m_baRecvMsg:"                            File: Line:0 Function: Type:Debug:
DateTime:2026-08-28 17:47:17.693:"frameList.size():1"                            File: Line:0 Function: Type:Debug:
DateTime:2026-08-28 17:47:17.693:"进入报文解析"                            File: Line:0 Function: Type:Debug:
DateTime:2026-08-28 17:47:17.693:"68 CE 00 CE 00 68 80 00 00 00 00 00 22 60 00 00 01 00 02 24 00 68 24 00 80 00 00 00 00 00 66 52 01 00 02 12 90 78 56 34 12 0C 00 68 12 90 78 56 34 12 68 94 00 1A 16 47 16 59 16"                            File: Line:0 Function: Type:Debug:
DateTime:2026-08-28 17:47:17.693:"解码完成，功能码: 4"                            File: Line:0 Function: Type:Debug:
DateTime:2026-08-28 17:47:17.693:"工装接收到透传报文"                            File: Line:0 Function: Type:Debug:
DateTime:2026-08-28 17:47:17.693:"02240068240080000000000066520100021290785634120C00681290785634126894001A164716"                            File: Line:0 Function: Type:Debug:
DateTime:2026-08-28 17:47:17.693:"透传报文内容:68 24 00 80 00 00 00 00 00 66 52 01 00 02 12 90 78 56 34 12 0c 00 68 12 90 78 56 34 12 68 94 00 1a 16 47 16"                            File: Line:0 Function: Type:Debug:
DateTime:2026-08-28 17:47:20.615:"uTimeSecond_ms:30000"                            File: Line:0 Function: Type:Debug:
DateTime:2026-08-28 17:47:20.615:"查找结果: iret=0, wStart=0, dwOutLen=36, dwStreamLen=36, dwFindPos=0"                            File: Line:0 Function: Type:Debug:
DateTime:2026-08-28 17:47:20.615:"Receive:<= 68 24 00 80 00 00 00 00 00 66 52 01 00 02 12 90 78 56 34 12 0C 00 68 12 90 78 56 34 12 68 94 00 1A 16 47 16"                            File: Line:0 Function: Type:Debug:
DateTime:2026-08-28 17:47:20.616:"解析：功能码-AFN=52H,Fn=1："                            File: Line:0 Function: Type:Debug:
DateTime:2026-08-28 17:47:20.616:"透传回复内容：021290785634120C00681290785634126894001A16"                            File: Line:0 Function: Type:Debug:
DateTime:2026-08-28 17:47:20.616:"设置成功"                            File: Line:0 Function: Type:Debug:
DateTime:2026-08-28 17:47:20.616:dll输出信息: ""                            File: Line:0 Function: Type:Debug:
DateTime:2026-08-28 17:47:20.616:接口函数调用成功，返回的结果为 0                            File: Line:0 Function: Type:Debug:
DateTime:2026-08-28 17:47:20.616:"外部传入的para：0，返回的result：0,返回的pValRet：0"                            File: Line:0 Function: Type:Debug:
DateTime:2026-08-28 17:47:20.616:"执行接口函数CCO_AFN52_F1_EB040603_set完成"                            File: Line:0 Function: Type:Debug:
DateTime:2026-08-28 17:47:20.618:coorIndex 0                            File: Line:0 Function: Type:Debug:
DateTime:2026-08-28 17:47:20.618:当前流程结束                            File: Line:0 Function: Type:Debug:
DateTime:2026-08-28 17:47:20.618:退出connect函数                            File: Line:0 Function: Type:Debug:
DateTime:2026-08-28 17:47:20.618:"=========【Step23-数据转发--EB040603设置CCO智能补采运行参数(设置03:1添加56F15)】结束=========="                            File: Line:0 Function: Type:Debug:
DateTime:2026-08-28 17:47:20.618:"-----------------------------"                            File: Line:0 Function: Type:Debug:
DateTime:2026-08-28 17:47:20.618:"=============执行【Step24-数据转发--EB040603查询CCO智能补采运行参数(03:1添加56F15)】==================="                            File: Line:0 Function: Type:Debug:
DateTime:2026-08-28 17:47:20.618:"执行接口函数CCO_AFN52_F1_EB040603_read"                            File: Line:0 Function: Type:Debug:
DateTime:2026-08-28 17:47:20.619:callWorkFunction: CCO_AFN52_F1_EB040603_read                            File: Line:0 Function: Type:Debug:
DateTime:2026-08-28 17:47:20.619:找到对应函数，进入执行                            File: Line:0 Function: Type:Debug:
DateTime:2026-08-28 17:47:21.123:"等待工装回复超时"                            File: Line:0 Function: Type:Debug:
DateTime:2026-08-28 17:47:21.123:"开始组帧"                            File: Line:0 Function: Type:Debug:
DateTime:2026-08-28 17:47:21.123:"组帧结束"                            File: Line:0 Function: Type:Debug:
DateTime:2026-08-28 17:47:21.123:"367.2Send:数据转发(查询-CCO任务队列_智能补采_运行参数 EB040603)：=>68 2B 00 43 00 00 00 00 00 67 52 01 00 02 12 90 78 56 34 12 6B 8A E8 10 00 68 12 90 78 56 34 12 68 11 04 36 39 37 1E 5F 16 76 16"                            File: Line:0 Function: Type:Debug:
DateTime:2026-08-28 17:47:21.123:"槽位2透传:68EE00EE006840000000000022600000010002013C00682B0043000000000067520100021290785634126B8AE81000681290785634126811043639371E5F1676169716"                            File: Line:0 Function: Type:Debug:
DateTime:2026-08-28 17:47:21.123:"工装发送：68 EE 00 EE 00 68 40 00 00 00 00 00 22 60 00 00 01 00 02 01 3C 00 68 2B 00 43 00 00 00 00 00 67 52 01 00 02 12 90 78 56 34 12 6B 8A E8 10 00 68 12 90 78 56 34 12 68 11 04 36 39 37 1E 5F 16 76 16 97 16"                            File: Line:0 Function: Type:Debug:
DateTime:2026-08-28 17:47:21.173:"工装接收：68 32 00 32 00 68 80 00 00 00 00 00 00 60 00 00 01 00 E1 16"                            File: Line:0 Function: Type:Debug:
DateTime:2026-08-28 17:47:21.173:"m_baRecvMsg:"                            File: Line:0 Function: Type:Debug:
DateTime:2026-08-28 17:47:21.173:"frameList.size():1"                            File: Line:0 Function: Type:Debug:
DateTime:2026-08-28 17:47:21.173:"进入报文解析"                            File: Line:0 Function: Type:Debug:
DateTime:2026-08-28 17:47:21.173:"68 32 00 32 00 68 80 00 00 00 00 00 00 60 00 00 01 00 E1 16"                            File: Line:0 Function: Type:Debug:
DateTime:2026-08-28 17:47:21.173:"解码完成，功能码: 1"                            File: Line:0 Function: Type:Debug:
DateTime:2026-08-28 17:47:21.173:"工装回复确认帧"                            File: Line:0 Function: Type:Debug:
DateTime:2026-08-28 17:47:21.228:"工装接收：68 E2 00 E2 00 68 80 00 00 00 00 00 22 60 00 00 01 00 02 29 00 68 29 00 80 00 00 00 00 00 67 52 01 00 02 12 90 78 56 34 12 11 00 68 12 90 78 56 34 12 68 91 05 36 39 37 1E 36 16 16 45 16 5F 16"                            File: Line:0 Function: Type:Debug:
DateTime:2026-08-28 17:47:21.228:"m_baRecvMsg:"                            File: Line:0 Function: Type:Debug:
DateTime:2026-08-28 17:47:21.228:"frameList.size():1"                            File: Line:0 Function: Type:Debug:
DateTime:2026-08-28 17:47:21.228:"进入报文解析"                            File: Line:0 Function: Type:Debug:
DateTime:2026-08-28 17:47:21.228:"68 E2 00 E2 00 68 80 00 00 00 00 00 22 60 00 00 01 00 02 29 00 68 29 00 80 00 00 00 00 00 67 52 01 00 02 12 90 78 56 34 12 11 00 68 12 90 78 56 34 12 68 91 05 36 39 37 1E 36 16 16 45 16 5F 16"                            File: Line:0 Function: Type:Debug:
DateTime:2026-08-28 17:47:21.228:"解码完成，功能码: 4"                            File: Line:0 Function: Type:Debug:
DateTime:2026-08-28 17:47:21.228:"工装接收到透传报文"                            File: Line:0 Function: Type:Debug:
DateTime:2026-08-28 17:47:21.228:"02290068290080000000000067520100021290785634121100681290785634126891053639371E3616164516"                            File: Line:0 Function: Type:Debug:
DateTime:2026-08-28 17:47:21.228:"透传报文内容:68 29 00 80 00 00 00 00 00 67 52 01 00 02 12 90 78 56 34 12 11 00 68 12 90 78 56 34 12 68 91 05 36 39 37 1e 36 16 16 45 16"                            File: Line:0 Function: Type:Debug:
DateTime:2026-08-28 17:47:24.149:"uTimeSecond_ms:30000"                            File: Line:0 Function: Type:Debug:
DateTime:2026-08-28 17:47:24.149:"查找结果: iret=0, wStart=0, dwOutLen=41, dwStreamLen=41, dwFindPos=0"                            File: Line:0 Function: Type:Debug:
DateTime:2026-08-28 17:47:24.149:"Receive:<= 68 29 00 80 00 00 00 00 00 67 52 01 00 02 12 90 78 56 34 12 11 00 68 12 90 78 56 34 12 68 91 05 36 39 37 1E 36 16 16 45 16"                            File: Line:0 Function: Type:Debug:
DateTime:2026-08-28 17:47:24.149:"解析：功能码-AFN=52H,Fn=1："                            File: Line:0 Function: Type:Debug:
DateTime:2026-08-28 17:47:24.149:"透传回复内容：021290785634121100681290785634126891053639371E361616"                            File: Line:0 Function: Type:Debug:
DateTime:2026-08-28 17:47:24.149:"DL/T645-2007协议 回复报文信息：控制码：91,数据标识：EB040603，数据域(需倒序解析)：03"                            File: Line:0 Function: Type:Debug:
DateTime:2026-08-28 17:47:24.149:"新增STA是否添加到档案：1：添加；上报方式：1：AFN=56H:F15方式"                            File: Line:0 Function: Type:Debug:
DateTime:2026-08-28 17:47:24.149:dll输出信息: ""                            File: Line:0 Function: Type:Debug:
DateTime:2026-08-28 17:47:24.149:接口函数调用成功，返回的结果为 0                            File: Line:0 Function: Type:Debug:
DateTime:2026-08-28 17:47:24.149:"外部传入的para：0，返回的result：0,返回的pValRet：0"                            File: Line:0 Function: Type:Debug:
DateTime:2026-08-28 17:47:24.149:"执行接口函数CCO_AFN52_F1_EB040603_read完成"                            File: Line:0 Function: Type:Debug:
DateTime:2026-08-28 17:47:24.151:coorIndex 0                            File: Line:0 Function: Type:Debug:
DateTime:2026-08-28 17:47:24.151:当前流程结束                            File: Line:0 Function: Type:Debug:
DateTime:2026-08-28 17:47:24.151:退出connect函数                            File: Line:0 Function: Type:Debug:
DateTime:2026-08-28 17:47:24.151:"=========【Step24-数据转发--EB040603查询CCO智能补采运行参数(03:1添加56F15)】结束=========="                            File: Line:0 Function: Type:Debug:
DateTime:2026-08-28 17:47:24.151:"-----------------------------"                            File: Line:0 Function: Type:Debug:
DateTime:2026-08-28 17:47:24.152:"=============执行【Step25-添加档案外的智能补采报文(上报方式56F15)】==================="                            File: Line:0 Function: Type:Debug:
DateTime:2026-08-28 17:47:24.153:"执行接口函数CCO_AFN52_F2"                            File: Line:0 Function: Type:Debug:
DateTime:2026-08-28 17:47:24.153:callWorkFunction: CCO_AFN52_F2                            File: Line:0 Function: Type:Debug:
DateTime:2026-08-28 17:47:24.153:找到对应函数，进入执行                            File: Line:0 Function: Type:Debug:
DateTime:2026-08-28 17:47:24.657:"等待工装回复超时"                            File: Line:0 Function: Type:Debug:
DateTime:2026-08-28 17:47:24.657:"开始组帧"                            File: Line:0 Function: Type:Debug:
DateTime:2026-08-28 17:47:24.657:"组帧结束"                            File: Line:0 Function: Type:Debug:
DateTime:2026-08-28 17:47:24.657:"367.2Send:智能补采(52H-F2)：=>68 2E 00 43 00 00 00 00 00 68 52 02 00 01 00 03 00 03 05 01 10 00 16 19 02 00 10 00 68 05 01 10 00 16 19 68 11 04 33 33 34 33 F7 16 61 16"                            File: Line:0 Function: Type:Debug:
DateTime:2026-08-28 17:47:24.657:"槽位2透传:68FA00FA006840000000000022600000010002013C00682E00430000000000685202000100030003050110001619020010006805011000161968110433333433F71661167016"                            File: Line:0 Function: Type:Debug:
DateTime:2026-08-28 17:47:24.657:"工装发送：68 FA 00 FA 00 68 40 00 00 00 00 00 22 60 00 00 01 00 02 01 3C 00 68 2E 00 43 00 00 00 00 00 68 52 02 00 01 00 03 00 03 05 01 10 00 16 19 02 00 10 00 68 05 01 10 00 16 19 68 11 04 33 33 34 33 F7 16 61 16 70 16"                            File: Line:0 Function: Type:Debug:
DateTime:2026-08-28 17:47:24.711:"工装接收：68 32 00 32 00 68 80 00 00 00 00 00 00 60 00 00 01 00 E1 16"                            File: Line:0 Function: Type:Debug:
DateTime:2026-08-28 17:47:24.711:"m_baRecvMsg:"                            File: Line:0 Function: Type:Debug:
DateTime:2026-08-28 17:47:24.711:"frameList.size():1"                            File: Line:0 Function: Type:Debug:
DateTime:2026-08-28 17:47:24.711:"进入报文解析"                            File: Line:0 Function: Type:Debug:
DateTime:2026-08-28 17:47:24.711:"68 32 00 32 00 68 80 00 00 00 00 00 00 60 00 00 01 00 E1 16"                            File: Line:0 Function: Type:Debug:
DateTime:2026-08-28 17:47:24.711:"解码完成，功能码: 1"                            File: Line:0 Function: Type:Debug:
DateTime:2026-08-28 17:47:24.711:"工装回复确认帧"                            File: Line:0 Function: Type:Debug:
DateTime:2026-08-28 17:47:24.767:"工装接收：68 E2 00 E2 00 68 80 00 00 00 00 00 22 60 00 00 01 00 02 29 00 68 29 00 80 00 00 00 00 00 68 52 02 00 01 00 03 00 03 05 01 10 00 16 19 02 0C 00 68 05 01 10 00 16 19 68 94 00 A9 16 FE 16 D1 16"                            File: Line:0 Function: Type:Debug:
DateTime:2026-08-28 17:47:24.767:"m_baRecvMsg:"                            File: Line:0 Function: Type:Debug:
DateTime:2026-08-28 17:47:24.767:"frameList.size():1"                            File: Line:0 Function: Type:Debug:
DateTime:2026-08-28 17:47:24.767:"进入报文解析"                            File: Line:0 Function: Type:Debug:
DateTime:2026-08-28 17:47:24.767:"68 E2 00 E2 00 68 80 00 00 00 00 00 22 60 00 00 01 00 02 29 00 68 29 00 80 00 00 00 00 00 68 52 02 00 01 00 03 00 03 05 01 10 00 16 19 02 0C 00 68 05 01 10 00 16 19 68 94 00 A9 16 FE 16 D1 16"                            File: Line:0 Function: Type:Debug:
DateTime:2026-08-28 17:47:24.767:"解码完成，功能码: 4"                            File: Line:0 Function: Type:Debug:
DateTime:2026-08-28 17:47:24.768:"工装接收到透传报文"                            File: Line:0 Function: Type:Debug:
DateTime:2026-08-28 17:47:24.768:"022900682900800000000000685202000100030003050110001619020C0068050110001619689400A916FE16"                            File: Line:0 Function: Type:Debug:
DateTime:2026-08-28 17:47:24.768:"透传报文内容:68 29 00 80 00 00 00 00 00 68 52 02 00 01 00 03 00 03 05 01 10 00 16 19 02 0c 00 68 05 01 10 00 16 19 68 94 00 a9 16 fe 16"                            File: Line:0 Function: Type:Debug:
DateTime:2026-08-28 17:47:26.514:"工装接收：68 7A 00 7A 00 68 80 00 00 00 00 00 22 60 00 00 01 00 02 0F 00 68 0F 00 C3 00 00 00 00 00 0C 14 02 00 E5 16 6B 16"                            File: Line:0 Function: Type:Debug:
DateTime:2026-08-28 17:47:26.514:"m_baRecvMsg:"                            File: Line:0 Function: Type:Debug:
DateTime:2026-08-28 17:47:26.514:"frameList.size():1"                            File: Line:0 Function: Type:Debug:
DateTime:2026-08-28 17:47:26.514:"进入报文解析"                            File: Line:0 Function: Type:Debug:
DateTime:2026-08-28 17:47:26.514:"68 7A 00 7A 00 68 80 00 00 00 00 00 22 60 00 00 01 00 02 0F 00 68 0F 00 C3 00 00 00 00 00 0C 14 02 00 E5 16 6B 16"                            File: Line:0 Function: Type:Debug:
DateTime:2026-08-28 17:47:26.514:"解码完成，功能码: 4"                            File: Line:0 Function: Type:Debug:
DateTime:2026-08-28 17:47:26.514:"工装接收到透传报文"                            File: Line:0 Function: Type:Debug:
DateTime:2026-08-28 17:47:26.514:"020F00680F00C300000000000C140200E516"                            File: Line:0 Function: Type:Debug:
DateTime:2026-08-28 17:47:26.514:"透传报文内容:68 0f 00 c3 00 00 00 00 00 0c 14 02 00 e5 16"                            File: Line:0 Function: Type:Debug:
DateTime:2026-08-28 17:47:27.722:"uTimeSecond_ms:30000"                            File: Line:0 Function: Type:Debug:
DateTime:2026-08-28 17:47:27.722:"Receive:<= 68 29 00 80 00 00 00 00 00 68 52 02 00 01 00 03 00 03 05 01 10 00 16 19 02 0C 00 68 05 01 10 00 16 19 68 94 00 A9 16 FE 16"                            File: Line:0 Function: Type:Debug:
DateTime:2026-08-28 17:47:27.722:"解析：功能码-AFN=52H,Fn=2："                            File: Line:0 Function: Type:Debug:
DateTime:2026-08-28 17:47:27.722:"Receive:<= 68 0F 00 C3 00 00 00 00 00 0C 14 02 00 E5 16"                            File: Line:0 Function: Type:Debug:
DateTime:2026-08-28 17:47:27.722:"解析：功能码-AFN=14H,Fn=2："                            File: Line:0 Function: Type:Debug:
DateTime:2026-08-28 17:47:27.722:"Send(回复路由请求集中器时钟)：=> 68 15 00 03 00 00 00 00 00 0C 14 02 00 27 47 17 28 08 26 00 16"                            File: Line:0 Function: Type:Debug:
DateTime:2026-08-28 17:47:27.722:"槽位2透传:68960096006840000000000022600000010002013C006815000300000000000C14020027471728082600169516"                            File: Line:0 Function: Type:Debug:
DateTime:2026-08-28 17:47:27.722:"工装发送：68 96 00 96 00 68 40 00 00 00 00 00 22 60 00 00 01 00 02 01 3C 00 68 15 00 03 00 00 00 00 00 0C 14 02 00 27 47 17 28 08 26 00 16 95 16"                            File: Line:0 Function: Type:Debug:
DateTime:2026-08-28 17:47:27.722:"收到错误报文"                            File: Line:0 Function: Type:Debug:
DateTime:2026-08-28 17:47:27.722:dll输出信息: ""                            File: Line:0 Function: Type:Debug:
DateTime:2026-08-28 17:47:27.722:接口函数调用成功，返回的结果为 0                            File: Line:0 Function: Type:Debug:
DateTime:2026-08-28 17:47:27.722:"外部传入的para：0，返回的result：0,返回的pValRet：1"                            File: Line:0 Function: Type:Debug:
DateTime:2026-08-28 17:47:27.722:返回结果不满足预期值                            File: Line:0 Function: Type:Debug:
DateTime:2026-08-28 17:47:27.724:coorIndex 0                            File: Line:0 Function: Type:Debug:
DateTime:2026-08-28 17:47:27.724:当前流程结束                            File: Line:0 Function: Type:Debug:
DateTime:2026-08-28 17:47:27.724:退出connect函数                            File: Line:0 Function: Type:Debug:
DateTime:2026-08-28 17:47:27.724:"=========【Step25-添加档案外的智能补采报文(上报方式56F15)】结束=========="                            File: Line:0 Function: Type:Debug:
DateTime:2026-08-28 17:47:27.724:"-----------------------------"                            File: Line:0 Function: Type:Debug:
DateTime:2026-08-28 17:47:27.725:"=============执行【Step26-查询从节点数量】==================="                            File: Line:0 Function: Type:Debug:
DateTime:2026-08-28 17:47:27.725:"执行接口函数CCO_AFN10_F1"                            File: Line:0 Function: Type:Debug:
DateTime:2026-08-28 17:47:27.725:callWorkFunction: CCO_AFN10_F1                            File: Line:0 Function: Type:Debug:
DateTime:2026-08-28 17:47:27.725:找到对应函数，进入执行                            File: Line:0 Function: Type:Debug:
DateTime:2026-08-28 17:47:27.747:"工装接收：68 32 00 32 00 68 80 00 00 00 00 00 00 60 00 00 01 00 E1 16"                            File: Line:0 Function: Type:Debug:
DateTime:2026-08-28 17:47:27.747:"m_baRecvMsg:"                            File: Line:0 Function: Type:Debug:
DateTime:2026-08-28 17:47:27.747:"rameList.size():"                            File: Line:0 Function: Type:Debug:
DateTime:2026-08-28 17:47:27.747:"进入报文解析"                            File: Line:0 Function: Type:Debug:
DateTime:2026-08-28 17:47:27.747:"68 32 00 32 00 68 80 00 00 00 00 00 00 60 00 00 01 00 E1 16"                            File: Line:0 Function: Type:Debug:
DateTime:2026-08-28 17:47:27.747:"解码完成，功能码: 1"                            File: Line:0 Function: Type:Debug:
DateTime:2026-08-28 17:47:27.747:"工装回复确认帧"                            File: Line:0 Function: Type:Debug:
DateTime:2026-08-28 17:47:28.755:"等待工装回复超时"                            File: Line:0 Function: Type:Debug:
DateTime:2026-08-28 17:47:28.755:"开始组帧"                            File: Line:0 Function: Type:Debug:
DateTime:2026-08-28 17:47:28.755:"组帧结束"                            File: Line:0 Function: Type:Debug:
DateTime:2026-08-28 17:47:28.755:"367.2Send:查询从节点数量(10H-F1)：=>68 0F 00 41 00 00 00 00 00 69 10 01 00 BB 16"                            File: Line:0 Function: Type:Debug:
DateTime:2026-08-28 17:47:28.755:"槽位2透传:687E007E006840000000000022600000010002013C00680F0041000000000069100100BB160516"                            File: Line:0 Function: Type:Debug:
DateTime:2026-08-28 17:47:28.755:"工装发送：68 7E 00 7E 00 68 40 00 00 00 00 00 22 60 00 00 01 00 02 01 3C 00 68 0F 00 41 00 00 00 00 00 69 10 01 00 BB 16 05 16"                            File: Line:0 Function: Type:Debug:
DateTime:2026-08-28 17:47:28.773:"工装接收：68 32 00 32 00 68 80 00 00 00 00 00 00 60 00 00 01 00 E1 16"                            File: Line:0 Function: Type:Debug:
DateTime:2026-08-28 17:47:28.773:"m_baRecvMsg:"                            File: Line:0 Function: Type:Debug:
DateTime:2026-08-28 17:47:28.773:"frameList.size():1"                            File: Line:0 Function: Type:Debug:
DateTime:2026-08-28 17:47:28.773:"进入报文解析"                            File: Line:0 Function: Type:Debug:
DateTime:2026-08-28 17:47:28.773:"68 32 00 32 00 68 80 00 00 00 00 00 00 60 00 00 01 00 E1 16"                            File: Line:0 Function: Type:Debug:
DateTime:2026-08-28 17:47:28.773:"解码完成，功能码: 1"                            File: Line:0 Function: Type:Debug:
DateTime:2026-08-28 17:47:28.773:"工装回复确认帧"                            File: Line:0 Function: Type:Debug:
DateTime:2026-08-28 17:47:28.822:"工装接收：68 8A 00 8A 00 68 80 00 00 00 00 00 22 60 00 00 01 00 02 13 00 68 13 00 83 00 00 00 00 00 69 10 01 00 03 00 F8 07 FF 16 A7 16"                            File: Line:0 Function: Type:Debug:
DateTime:2026-08-28 17:47:28.822:"m_baRecvMsg:"                            File: Line:0 Function: Type:Debug:
DateTime:2026-08-28 17:47:28.822:"frameList.size():1"                            File: Line:0 Function: Type:Debug:
DateTime:2026-08-28 17:47:28.822:"进入报文解析"                            File: Line:0 Function: Type:Debug:
DateTime:2026-08-28 17:47:28.822:"68 8A 00 8A 00 68 80 00 00 00 00 00 22 60 00 00 01 00 02 13 00 68 13 00 83 00 00 00 00 00 69 10 01 00 03 00 F8 07 FF 16 A7 16"                            File: Line:0 Function: Type:Debug:
DateTime:2026-08-28 17:47:28.822:"解码完成，功能码: 4"                            File: Line:0 Function: Type:Debug:
DateTime:2026-08-28 17:47:28.822:"工装接收到透传报文"                            File: Line:0 Function: Type:Debug:
DateTime:2026-08-28 17:47:28.822:"021300681300830000000000691001000300F807FF16"                            File: Line:0 Function: Type:Debug:
DateTime:2026-08-28 17:47:28.822:"透传报文内容:68 13 00 83 00 00 00 00 00 69 10 01 00 03 00 f8 07 ff 16"                            File: Line:0 Function: Type:Debug:
DateTime:2026-08-28 17:47:31.843:"uTimeSecond_ms:5000"                            File: Line:0 Function: Type:Debug:
DateTime:2026-08-28 17:47:31.843:"查找结果: iret=0, wStart=0, dwOutLen=19, dwStreamLen=19, dwFindPos=0"                            File: Line:0 Function: Type:Debug:
DateTime:2026-08-28 17:47:31.843:"Receive:<= 68 13 00 83 00 00 00 00 00 69 10 01 00 03 00 F8 07 FF 16"                            File: Line:0 Function: Type:Debug:
DateTime:2026-08-28 17:47:31.843:"解析：功能码-AFN=10H,Fn=1："                            File: Line:0 Function: Type:Debug:
DateTime:2026-08-28 17:47:31.843:"从节点数量：3,最大支持节点数：2040."                            File: Line:0 Function: Type:Debug:
DateTime:2026-08-28 17:47:31.843:dll输出信息: ""                            File: Line:0 Function: Type:Debug:
DateTime:2026-08-28 17:47:31.843:接口函数调用成功，返回的结果为 0                            File: Line:0 Function: Type:Debug:
DateTime:2026-08-28 17:47:31.843:"外部传入的para：0，返回的result：0,返回的pValRet：0"                            File: Line:0 Function: Type:Debug:
DateTime:2026-08-28 17:47:31.843:"执行接口函数CCO_AFN10_F1完成"                            File: Line:0 Function: Type:Debug:
DateTime:2026-08-28 17:47:31.845:coorIndex 0                            File: Line:0 Function: Type:Debug:
DateTime:2026-08-28 17:47:31.845:当前流程结束                            File: Line:0 Function: Type:Debug:
DateTime:2026-08-28 17:47:31.845:退出connect函数                            File: Line:0 Function: Type:Debug:
DateTime:2026-08-28 17:47:31.845:"=========【Step26-查询从节点数量】结束=========="                            File: Line:0 Function: Type:Debug:
DateTime:2026-08-28 17:47:31.845:"-----------------------------"                            File: Line:0 Function: Type:Debug:
DateTime:2026-08-28 17:47:31.846:"=============执行【Step27-添加档案内的智能补采报文(上报方式56F15)】==================="                            File: Line:0 Function: Type:Debug:
DateTime:2026-08-28 17:47:31.846:"执行接口函数CCO_AFN52_F2_multi_DT_56F15"                            File: Line:0 Function: Type:Debug:
DateTime:2026-08-28 17:47:31.846:callWorkFunction: CCO_AFN52_F2_multi_DT_56F15                            File: Line:0 Function: Type:Debug:
DateTime:2026-08-28 17:47:31.846:找到对应函数，进入执行                            File: Line:0 Function: Type:Debug:
DateTime:2026-08-28 17:47:31.846:"我跑到这啦111"                            File: Line:0 Function: Type:Debug:
DateTime:2026-08-28 17:47:31.847:"DT_List.size():1"                            File: Line:0 Function: Type:Debug:
DateTime:2026-08-28 17:47:31.847:"baDi:3030303130303030"                            File: Line:0 Function: Type:Debug:
DateTime:2026-08-28 17:47:31.847:"我跑到这啦222"                            File: Line:0 Function: Type:Debug:
DateTime:2026-08-28 17:47:31.847:"我跑到这啦333"                            File: Line:0 Function: Type:Debug:
DateTime:2026-08-28 17:47:31.847:结果: 0x "00000100"                            File: Line:0 Function: Type:Debug:
DateTime:2026-08-28 17:47:31.847:"我跑到这啦444"                            File: Line:0 Function: Type:Debug:
DateTime:2026-08-28 17:47:31.847:"我跑到这啦555"                            File: Line:0 Function: Type:Debug:
DateTime:2026-08-28 17:47:32.351:"等待工装回复超时"                            File: Line:0 Function: Type:Debug:
DateTime:2026-08-28 17:47:32.351:"Send:智能补采(52H-F2)：=>68 2E 00 43 00 00 00 00 00 6A 52 02 00 01 00 03 00 03 03 01 10 00 16 19 02 00 10 00 68 03 01 10 00 16 19 68 11 04 33 33 34 33 F5 16 5D 16"                            File: Line:0 Function: Type:Debug:
DateTime:2026-08-28 17:47:32.351:"槽位2透传:68FA00FA006840000000000022600000010002013C00682E004300000000006A5202000100030003030110001619020010006803011000161968110433333433F5165D166816"                            File: Line:0 Function: Type:Debug:
DateTime:2026-08-28 17:47:32.351:"工装发送：68 FA 00 FA 00 68 40 00 00 00 00 00 22 60 00 00 01 00 02 01 3C 00 68 2E 00 43 00 00 00 00 00 6A 52 02 00 01 00 03 00 03 03 01 10 00 16 19 02 00 10 00 68 03 01 10 00 16 19 68 11 04 33 33 34 33 F5 16 5D 16 68 16"                            File: Line:0 Function: Type:Debug:
DateTime:2026-08-28 17:47:32.351:"uTimeSecond_ms:5000"                            File: Line:0 Function: Type:Debug:
DateTime:2026-08-28 17:47:32.405:"工装接收：68 32 00 32 00 68 80 00 00 00 00 00 00 60 00 00 01 00 E1 16"                            File: Line:0 Function: Type:Debug:
DateTime:2026-08-28 17:47:32.405:"m_baRecvMsg:"                            File: Line:0 Function: Type:Debug:
DateTime:2026-08-28 17:47:32.405:"rameList.size():"                            File: Line:0 Function: Type:Debug:
DateTime:2026-08-28 17:47:32.405:"进入报文解析"                            File: Line:0 Function: Type:Debug:
DateTime:2026-08-28 17:47:32.405:"68 32 00 32 00 68 80 00 00 00 00 00 00 60 00 00 01 00 E1 16"                            File: Line:0 Function: Type:Debug:
DateTime:2026-08-28 17:47:32.405:"解码完成，功能码: 1"                            File: Line:0 Function: Type:Debug:
DateTime:2026-08-28 17:47:32.405:"工装回复确认帧"                            File: Line:0 Function: Type:Debug:
DateTime:2026-08-28 17:47:32.461:"工装接收：68 E2 00 E2 00 68 80 00 00 00 00 00 22 60 00 00 01 00 02 29 00 68 29 00 80 00 00 00 00 00 6A 52 02 00 01 00 03 00 03 03 01 10 00 16 19 02 0C 00 68 03 01 10 00 16 19 68 94 00 A7 16 FA 16 C9 16"                            File: Line:0 Function: Type:Debug:
DateTime:2026-08-28 17:47:32.461:"m_baRecvMsg:"                            File: Line:0 Function: Type:Debug:
DateTime:2026-08-28 17:47:32.461:"rameList.size():"                            File: Line:0 Function: Type:Debug:
DateTime:2026-08-28 17:47:32.461:"进入报文解析"                            File: Line:0 Function: Type:Debug:
DateTime:2026-08-28 17:47:32.461:"68 E2 00 E2 00 68 80 00 00 00 00 00 22 60 00 00 01 00 02 29 00 68 29 00 80 00 00 00 00 00 6A 52 02 00 01 00 03 00 03 03 01 10 00 16 19 02 0C 00 68 03 01 10 00 16 19 68 94 00 A7 16 FA 16 C9 16"                            File: Line:0 Function: Type:Debug:
DateTime:2026-08-28 17:47:32.461:"解码完成，功能码: 4"                            File: Line:0 Function: Type:Debug:
DateTime:2026-08-28 17:47:32.461:"工装回复透传报文"                            File: Line:0 Function: Type:Debug:
DateTime:2026-08-28 17:47:32.461:"0229006829008000000000006A5202000100030003030110001619020C0068030110001619689400A716FA16"                            File: Line:0 Function: Type:Debug:
DateTime:2026-08-28 17:47:32.461:"内容:68 29 00 80 00 00 00 00 00 6a 52 02 00 01 00 03 00 03 03 01 10 00 16 19 02 0c 00 68 03 01 10 00 16 19 68 94 00 a7 16 fa 16"                            File: Line:0 Function: Type:Debug:
DateTime:2026-08-28 17:47:33.034:"工装接收：68 02 01 02 01 68 80 00 00 00 00 00 22 60 00 00 01 00 02 31 00 68 31 00 C0 00 00 00 00 00 0E 56 40 01 01 00 03 00 03 03 01 10 00 16 19 02 14 00 68 03 01 10 00 16 19 68 91 08 33 33 34 33 47 33 33 33 59 16 8D 16 FF 16"                            File: Line:0 Function: Type:Debug:
DateTime:2026-08-28 17:47:33.034:"m_baRecvMsg:"                            File: Line:0 Function: Type:Debug:
DateTime:2026-08-28 17:47:33.034:"rameList.size():"                            File: Line:0 Function: Type:Debug:
DateTime:2026-08-28 17:47:33.034:"进入报文解析"                            File: Line:0 Function: Type:Debug:
DateTime:2026-08-28 17:47:33.034:"68 02 01 02 01 68 80 00 00 00 00 00 22 60 00 00 01 00 02 31 00 68 31 00 C0 00 00 00 00 00 0E 56 40 01 01 00 03 00 03 03 01 10 00 16 19 02 14 00 68 03 01 10 00 16 19 68 91 08 33 33 34 33 47 33 33 33 59 16 8D 16 FF 16"                            File: Line:0 Function: Type:Debug:
DateTime:2026-08-28 17:47:33.034:"解码完成，功能码: 4"                            File: Line:0 Function: Type:Debug:
DateTime:2026-08-28 17:47:33.034:"工装回复透传报文"                            File: Line:0 Function: Type:Debug:
DateTime:2026-08-28 17:47:33.034:"023100683100C000000000000E564001010003000303011000161902140068030110001619689108333334334733333359168D16"                            File: Line:0 Function: Type:Debug:
DateTime:2026-08-28 17:47:33.034:"内容:68 31 00 c0 00 00 00 00 00 0e 56 40 01 01 00 03 00 03 03 01 10 00 16 19 02 14 00 68 03 01 10 00 16 19 68 91 08 33 33 34 33 47 33 33 33 59 16 8d 16"                            File: Line:0 Function: Type:Debug:
DateTime:2026-08-28 17:47:35.452:"查找结果: iret=0, wStart=0, dwOutLen=41, dwStreamLen=90, dwFindPos=0"                            File: Line:0 Function: Type:Debug:
DateTime:2026-08-28 17:47:35.452:"Receive:<= 68 29 00 80 00 00 00 00 00 6A 52 02 00 01 00 03 00 03 03 01 10 00 16 19 02 0C 00 68 03 01 10 00 16 19 68 94 00 A7 16 FA 16"                            File: Line:0 Function: Type:Debug:
DateTime:2026-08-28 17:47:35.452:"解析：功能码-AFN=52H,Fn=2："                            File: Line:0 Function: Type:Debug:
DateTime:2026-08-28 17:47:35.452:"查找结果: iret=0, wStart=0, dwOutLen=49, dwStreamLen=49, dwFindPos=41"                            File: Line:0 Function: Type:Debug:
DateTime:2026-08-28 17:47:35.452:"Receive:<= 68 31 00 C0 00 00 00 00 00 0E 56 40 01 01 00 03 00 03 03 01 10 00 16 19 02 14 00 68 03 01 10 00 16 19 68 91 08 33 33 34 33 47 33 33 33 59 16 8D 16"                            File: Line:0 Function: Type:Debug:
DateTime:2026-08-28 17:47:35.452:"解析：功能码-AFN=56H,Fn=15："                            File: Line:0 Function: Type:Debug:
DateTime:2026-08-28 17:47:35.452:"任务方案号：1"                            File: Line:0 Function: Type:Debug:
DateTime:2026-08-28 17:47:35.452:"具体任务序号：3"                            File: Line:0 Function: Type:Debug:
DateTime:2026-08-28 17:47:35.452:"通信对象类型：电能表"                            File: Line:0 Function: Type:Debug:
DateTime:2026-08-28 17:47:35.452:"通信对象地址：030110001619"                            File: Line:0 Function: Type:Debug:
DateTime:2026-08-28 17:47:35.452:"规约类型：2"                            File: Line:0 Function: Type:Debug:
DateTime:2026-08-28 17:47:35.452:"返回内容报文长度：12"                            File: Line:0 Function: Type:Debug:
DateTime:2026-08-28 17:47:35.452:"返回报文内容：68030110001619689400A716"                            File: Line:0 Function: Type:Debug:
DateTime:2026-08-28 17:47:35.452:"收到确认帧"                            File: Line:0 Function: Type:Debug:
DateTime:2026-08-28 17:47:35.452:"Send(确认)：=> 68 0F 00 43 00 00 00 00 00 0E 50 01 00 A2 16"                            File: Line:0 Function: Type:Debug:
DateTime:2026-08-28 17:47:35.452:"槽位2透传:687E007E006840000000000022600000010002013C00680F004300000000000E500100A216D316"                            File: Line:0 Function: Type:Debug:
DateTime:2026-08-28 17:47:35.452:"工装发送：68 7E 00 7E 00 68 40 00 00 00 00 00 22 60 00 00 01 00 02 01 3C 00 68 0F 00 43 00 00 00 00 00 0E 50 01 00 A2 16 D3 16"                            File: Line:0 Function: Type:Debug:
DateTime:2026-08-28 17:47:35.554:"任务方案号：1"                            File: Line:0 Function: Type:Debug:
DateTime:2026-08-28 17:47:35.554:"具体任务序号：3"                            File: Line:0 Function: Type:Debug:
DateTime:2026-08-28 17:47:35.554:"通信对象类型：电能表"                            File: Line:0 Function: Type:Debug:
DateTime:2026-08-28 17:47:35.554:"通信对象地址：030110001619"                            File: Line:0 Function: Type:Debug:
DateTime:2026-08-28 17:47:35.554:"规约类型：2"                            File: Line:0 Function: Type:Debug:
DateTime:2026-08-28 17:47:35.554:"返回内容报文长度：20"                            File: Line:0 Function: Type:Debug:
DateTime:2026-08-28 17:47:35.554:"返回报文内容：6803011000161968910833333433473333335916"                            File: Line:0 Function: Type:Debug:
DateTime:2026-08-28 17:47:35.554:"645报文信息：控制码：91,数据：0000010014000000"                            File: Line:0 Function: Type:Debug:
DateTime:2026-08-28 17:47:35.554:"DL/T645-2007协议报文信息：控制码：91,数据标识：00010000，数据：00000014"                            File: Line:0 Function: Type:Debug:
DateTime:2026-08-28 17:47:35.554:"收到正确上报报文"                            File: Line:0 Function: Type:Debug:
DateTime:2026-08-28 17:47:35.554:dll输出信息: ""                            File: Line:0 Function: Type:Debug:
DateTime:2026-08-28 17:47:35.554:接口函数调用成功，返回的结果为 0                            File: Line:0 Function: Type:Debug:
DateTime:2026-08-28 17:47:35.554:"外部传入的para：0，返回的result：0,返回的pValRet：0"                            File: Line:0 Function: Type:Debug:
DateTime:2026-08-28 17:47:35.554:"执行接口函数CCO_AFN52_F2_multi_DT_56F15完成"                            File: Line:0 Function: Type:Debug:
DateTime:2026-08-28 17:47:35.556:coorIndex 0                            File: Line:0 Function: Type:Debug:
DateTime:2026-08-28 17:47:35.556:当前流程结束                            File: Line:0 Function: Type:Debug:
DateTime:2026-08-28 17:47:35.556:退出connect函数                            File: Line:0 Function: Type:Debug:
DateTime:2026-08-28 17:47:35.556:"=========【Step27-添加档案内的智能补采报文(上报方式56F15)】结束=========="                            File: Line:0 Function: Type:Debug:
DateTime:2026-08-28 17:47:35.556:"-----------------------------"                            File: Line:0 Function: Type:Debug:
DateTime:2026-08-28 17:47:35.556:"=============执行【Step28-数据转发--EB040603设置CCO智能补采运行参数(设置00:默认)】==================="                            File: Line:0 Function: Type:Debug:
DateTime:2026-08-28 17:47:35.557:"执行接口函数CCO_AFN52_F1_EB040603_set"                            File: Line:0 Function: Type:Debug:
DateTime:2026-08-28 17:47:35.557:callWorkFunction: CCO_AFN52_F1_EB040603_set                            File: Line:0 Function: Type:Debug:
DateTime:2026-08-28 17:47:35.557:找到对应函数，进入执行                            File: Line:0 Function: Type:Debug:
DateTime:2026-08-28 17:47:36.060:"等待工装回复超时"                            File: Line:0 Function: Type:Debug:
DateTime:2026-08-28 17:47:36.060:"开始组帧"                            File: Line:0 Function: Type:Debug:
DateTime:2026-08-28 17:47:36.060:"组帧结束"                            File: Line:0 Function: Type:Debug:
DateTime:2026-08-28 17:47:36.060:"367.2Send:数据转发(设置-CCO任务队列_智能补采_运行参数EB040603)：=>68 34 00 43 00 00 00 00 00 6B 52 01 00 02 12 90 78 56 34 12 6B 8A E8 19 00 68 12 90 78 56 34 12 68 14 0D 36 39 37 1E 3B 33 33 33 44 44 44 44 33 82 16 C9 16"                            File: Line:0 Function: Type:Debug:
DateTime:2026-08-28 17:47:36.060:"槽位2透传:68120112016840000000000022600000010002013C006834004300000000006B520100021290785634126B8AE819006812907856341268140D3639371E3B33333344444444338216C9164616"                            File: Line:0 Function: Type:Debug:
DateTime:2026-08-28 17:47:36.060:"工装发送：68 12 01 12 01 68 40 00 00 00 00 00 22 60 00 00 01 00 02 01 3C 00 68 34 00 43 00 00 00 00 00 6B 52 01 00 02 12 90 78 56 34 12 6B 8A E8 19 00 68 12 90 78 56 34 12 68 14 0D 36 39 37 1E 3B 33 33 33 44 44 44 44 33 82 16 C9 16 46 16"                            File: Line:0 Function: Type:Debug:
DateTime:2026-08-28 17:47:36.121:"工装接收：68 32 00 32 00 68 80 00 00 00 00 00 00 60 00 00 01 00 E1 16 68 32 00 32 00 68 80 00 00 00 00 00 00 60 00 00 01 00 E1 16"                            File: Line:0 Function: Type:Debug:
DateTime:2026-08-28 17:47:36.121:"m_baRecvMsg:"                            File: Line:0 Function: Type:Debug:
DateTime:2026-08-28 17:47:36.121:"frameList.size():2"                            File: Line:0 Function: Type:Debug:
DateTime:2026-08-28 17:47:36.121:"进入报文解析"                            File: Line:0 Function: Type:Debug:
DateTime:2026-08-28 17:47:36.121:"68 32 00 32 00 68 80 00 00 00 00 00 00 60 00 00 01 00 E1 16"                            File: Line:0 Function: Type:Debug:
DateTime:2026-08-28 17:47:36.121:"解码完成，功能码: 1"                            File: Line:0 Function: Type:Debug:
DateTime:2026-08-28 17:47:36.121:"工装回复确认帧"                            File: Line:0 Function: Type:Debug:
DateTime:2026-08-28 17:47:36.121:"进入报文解析"                            File: Line:0 Function: Type:Debug:
DateTime:2026-08-28 17:47:36.121:"68 32 00 32 00 68 80 00 00 00 00 00 00 60 00 00 01 00 E1 16"                            File: Line:0 Function: Type:Debug:
DateTime:2026-08-28 17:47:36.121:"解码完成，功能码: 1"                            File: Line:0 Function: Type:Debug:
DateTime:2026-08-28 17:47:36.121:"工装回复确认帧"                            File: Line:0 Function: Type:Debug:
DateTime:2026-08-28 17:47:36.229:"工装接收：68 CE 00 CE 00 68 80 00 00 00 00 00 22 60 00 00 01 00 02 24 00 68 24 00 80 00 00 00 00 00 6B 52 01 00 02 12 90 78 56 34 12 0C 00 68 12 90 78 56 34 12 68 94 00 1A 16 4C 16 63 16"                            File: Line:0 Function: Type:Debug:
DateTime:2026-08-28 17:47:36.229:"m_baRecvMsg:"                            File: Line:0 Function: Type:Debug:
DateTime:2026-08-28 17:47:36.229:"frameList.size():1"                            File: Line:0 Function: Type:Debug:
DateTime:2026-08-28 17:47:36.229:"进入报文解析"                            File: Line:0 Function: Type:Debug:
DateTime:2026-08-28 17:47:36.229:"68 CE 00 CE 00 68 80 00 00 00 00 00 22 60 00 00 01 00 02 24 00 68 24 00 80 00 00 00 00 00 6B 52 01 00 02 12 90 78 56 34 12 0C 00 68 12 90 78 56 34 12 68 94 00 1A 16 4C 16 63 16"                            File: Line:0 Function: Type:Debug:
DateTime:2026-08-28 17:47:36.229:"解码完成，功能码: 4"                            File: Line:0 Function: Type:Debug:
DateTime:2026-08-28 17:47:36.229:"工装接收到透传报文"                            File: Line:0 Function: Type:Debug:
DateTime:2026-08-28 17:47:36.229:"0224006824008000000000006B520100021290785634120C00681290785634126894001A164C16"                            File: Line:0 Function: Type:Debug:
DateTime:2026-08-28 17:47:36.229:"透传报文内容:68 24 00 80 00 00 00 00 00 6b 52 01 00 02 12 90 78 56 34 12 0c 00 68 12 90 78 56 34 12 68 94 00 1a 16 4c 16"                            File: Line:0 Function: Type:Debug:
DateTime:2026-08-28 17:47:39.150:"uTimeSecond_ms:30000"                            File: Line:0 Function: Type:Debug:
DateTime:2026-08-28 17:47:39.150:"查找结果: iret=0, wStart=0, dwOutLen=36, dwStreamLen=36, dwFindPos=0"                            File: Line:0 Function: Type:Debug:
DateTime:2026-08-28 17:47:39.150:"Receive:<= 68 24 00 80 00 00 00 00 00 6B 52 01 00 02 12 90 78 56 34 12 0C 00 68 12 90 78 56 34 12 68 94 00 1A 16 4C 16"                            File: Line:0 Function: Type:Debug:
DateTime:2026-08-28 17:47:39.150:"解析：功能码-AFN=52H,Fn=1："                            File: Line:0 Function: Type:Debug:
DateTime:2026-08-28 17:47:39.150:"透传回复内容：021290785634120C00681290785634126894001A16"                            File: Line:0 Function: Type:Debug:
DateTime:2026-08-28 17:47:39.150:"设置成功"                            File: Line:0 Function: Type:Debug:
DateTime:2026-08-28 17:47:39.150:dll输出信息: ""                            File: Line:0 Function: Type:Debug:
DateTime:2026-08-28 17:47:39.150:接口函数调用成功，返回的结果为 0                            File: Line:0 Function: Type:Debug:
DateTime:2026-08-28 17:47:39.150:"外部传入的para：0，返回的result：0,返回的pValRet：0"                            File: Line:0 Function: Type:Debug:
DateTime:2026-08-28 17:47:39.150:"执行接口函数CCO_AFN52_F1_EB040603_set完成"                            File: Line:0 Function: Type:Debug:
DateTime:2026-08-28 17:47:39.152:coorIndex 0                            File: Line:0 Function: Type:Debug:
DateTime:2026-08-28 17:47:39.152:当前流程结束                            File: Line:0 Function: Type:Debug:
DateTime:2026-08-28 17:47:39.152:退出connect函数                            File: Line:0 Function: Type:Debug:
DateTime:2026-08-28 17:47:39.152:"=========【Step28-数据转发--EB040603设置CCO智能补采运行参数(设置00:默认)】结束=========="                            File: Line:0 Function: Type:Debug:
DateTime:2026-08-28 17:47:39.152:"-----------------------------"                            File: Line:0 Function: Type:Debug:
DateTime:2026-08-28 17:47:39.152:"=============执行【Step29-数据转发--EB040603查询CCO智能补采运行参数(00:默认)】==================="                            File: Line:0 Function: Type:Debug:
DateTime:2026-08-28 17:47:39.153:"执行接口函数CCO_AFN52_F1_EB040603_read"                            File: Line:0 Function: Type:Debug:
DateTime:2026-08-28 17:47:39.153:callWorkFunction: CCO_AFN52_F1_EB040603_read                            File: Line:0 Function: Type:Debug:
DateTime:2026-08-28 17:47:39.153:找到对应函数，进入执行                            File: Line:0 Function: Type:Debug:
DateTime:2026-08-28 17:47:39.657:"等待工装回复超时"                            File: Line:0 Function: Type:Debug:
DateTime:2026-08-28 17:47:39.657:"开始组帧"                            File: Line:0 Function: Type:Debug:
DateTime:2026-08-28 17:47:39.657:"组帧结束"                            File: Line:0 Function: Type:Debug:
DateTime:2026-08-28 17:47:39.657:"367.2Send:数据转发(查询-CCO任务队列_智能补采_运行参数 EB040603)：=>68 2B 00 43 00 00 00 00 00 6C 52 01 00 02 12 90 78 56 34 12 6B 8A E8 10 00 68 12 90 78 56 34 12 68 11 04 36 39 37 1E 5F 16 7B 16"                            File: Line:0 Function: Type:Debug:
DateTime:2026-08-28 17:47:39.657:"槽位2透传:68EE00EE006840000000000022600000010002013C00682B004300000000006C520100021290785634126B8AE81000681290785634126811043639371E5F167B16A116"                            File: Line:0 Function: Type:Debug:
DateTime:2026-08-28 17:47:39.657:"工装发送：68 EE 00 EE 00 68 40 00 00 00 00 00 22 60 00 00 01 00 02 01 3C 00 68 2B 00 43 00 00 00 00 00 6C 52 01 00 02 12 90 78 56 34 12 6B 8A E8 10 00 68 12 90 78 56 34 12 68 11 04 36 39 37 1E 5F 16 7B 16 A1 16"                            File: Line:0 Function: Type:Debug:
DateTime:2026-08-28 17:47:39.706:"工装接收：68 32 00 32 00 68 80 00 00 00 00 00 00 60 00 00 01 00 E1 16"                            File: Line:0 Function: Type:Debug:
DateTime:2026-08-28 17:47:39.706:"m_baRecvMsg:"                            File: Line:0 Function: Type:Debug:
DateTime:2026-08-28 17:47:39.706:"frameList.size():1"                            File: Line:0 Function: Type:Debug:
DateTime:2026-08-28 17:47:39.706:"进入报文解析"                            File: Line:0 Function: Type:Debug:
DateTime:2026-08-28 17:47:39.706:"68 32 00 32 00 68 80 00 00 00 00 00 00 60 00 00 01 00 E1 16"                            File: Line:0 Function: Type:Debug:
DateTime:2026-08-28 17:47:39.706:"解码完成，功能码: 1"                            File: Line:0 Function: Type:Debug:
DateTime:2026-08-28 17:47:39.706:"工装回复确认帧"                            File: Line:0 Function: Type:Debug:
DateTime:2026-08-28 17:47:39.761:"工装接收：68 E2 00 E2 00 68 80 00 00 00 00 00 22 60 00 00 01 00 02 29 00 68 29 00 80 00 00 00 00 00 6C 52 01 00 02 12 90 78 56 34 12 11 00 68 12 90 78 56 34 12 68 91 05 36 39 37 1E 33 13 16 44 16 5D 16"                            File: Line:0 Function: Type:Debug:
DateTime:2026-08-28 17:47:39.761:"m_baRecvMsg:"                            File: Line:0 Function: Type:Debug:
DateTime:2026-08-28 17:47:39.761:"frameList.size():1"                            File: Line:0 Function: Type:Debug:
DateTime:2026-08-28 17:47:39.761:"进入报文解析"                            File: Line:0 Function: Type:Debug:
DateTime:2026-08-28 17:47:39.761:"68 E2 00 E2 00 68 80 00 00 00 00 00 22 60 00 00 01 00 02 29 00 68 29 00 80 00 00 00 00 00 6C 52 01 00 02 12 90 78 56 34 12 11 00 68 12 90 78 56 34 12 68 91 05 36 39 37 1E 33 13 16 44 16 5D 16"                            File: Line:0 Function: Type:Debug:
DateTime:2026-08-28 17:47:39.761:"解码完成，功能码: 4"                            File: Line:0 Function: Type:Debug:
DateTime:2026-08-28 17:47:39.761:"工装接收到透传报文"                            File: Line:0 Function: Type:Debug:
DateTime:2026-08-28 17:47:39.761:"0229006829008000000000006C520100021290785634121100681290785634126891053639371E3313164416"                            File: Line:0 Function: Type:Debug:
DateTime:2026-08-28 17:47:39.761:"透传报文内容:68 29 00 80 00 00 00 00 00 6c 52 01 00 02 12 90 78 56 34 12 11 00 68 12 90 78 56 34 12 68 91 05 36 39 37 1e 33 13 16 44 16"                            File: Line:0 Function: Type:Debug:
DateTime:2026-08-28 17:47:42.682:"uTimeSecond_ms:30000"                            File: Line:0 Function: Type:Debug:
DateTime:2026-08-28 17:47:42.682:"查找结果: iret=0, wStart=0, dwOutLen=41, dwStreamLen=41, dwFindPos=0"                            File: Line:0 Function: Type:Debug:
DateTime:2026-08-28 17:47:42.682:"Receive:<= 68 29 00 80 00 00 00 00 00 6C 52 01 00 02 12 90 78 56 34 12 11 00 68 12 90 78 56 34 12 68 91 05 36 39 37 1E 33 13 16 44 16"                            File: Line:0 Function: Type:Debug:
DateTime:2026-08-28 17:47:42.682:"解析：功能码-AFN=52H,Fn=1："                            File: Line:0 Function: Type:Debug:
DateTime:2026-08-28 17:47:42.682:"透传回复内容：021290785634121100681290785634126891053639371E331316"                            File: Line:0 Function: Type:Debug:
DateTime:2026-08-28 17:47:42.682:"DL/T645-2007协议 回复报文信息：控制码：91,数据标识：EB040603，数据域(需倒序解析)：00"                            File: Line:0 Function: Type:Debug:
DateTime:2026-08-28 17:47:42.682:"新增STA是否添加到档案：0不添加（默认）；上报方式：0事件（默认）"                            File: Line:0 Function: Type:Debug:
DateTime:2026-08-28 17:47:42.682:dll输出信息: ""                            File: Line:0 Function: Type:Debug:
DateTime:2026-08-28 17:47:42.682:接口函数调用成功，返回的结果为 0                            File: Line:0 Function: Type:Debug:
DateTime:2026-08-28 17:47:42.682:"外部传入的para：0，返回的result：0,返回的pValRet：0"                            File: Line:0 Function: Type:Debug:
DateTime:2026-08-28 17:47:42.682:"执行接口函数CCO_AFN52_F1_EB040603_read完成"                            File: Line:0 Function: Type:Debug:
DateTime:2026-08-28 17:47:42.684:coorIndex 0                            File: Line:0 Function: Type:Debug:
DateTime:2026-08-28 17:47:42.684:当前流程结束                            File: Line:0 Function: Type:Debug:
DateTime:2026-08-28 17:47:42.684:退出connect函数                            File: Line:0 Function: Type:Debug:
DateTime:2026-08-28 17:47:42.684:"=========【Step29-数据转发--EB040603查询CCO智能补采运行参数(00:默认)】结束=========="                            File: Line:0 Function: Type:Debug:
DateTime:2026-08-28 17:47:42.684:"-----------------------------"                            File: Line:0 Function: Type:Debug:
DateTime:2026-08-28 17:47:42.685:"=============执行【Step30-数据转发--EB040602清除CCO任务队列(02智能补采)】==================="                            File: Line:0 Function: Type:Debug:
DateTime:2026-08-28 17:47:42.686:"执行接口函数CCO_AFN52_F1_EB040602"                            File: Line:0 Function: Type:Debug:
DateTime:2026-08-28 17:47:42.686:callWorkFunction: CCO_AFN52_F1_EB040602                            File: Line:0 Function: Type:Debug:
DateTime:2026-08-28 17:47:42.686:找到对应函数，进入执行                            File: Line:0 Function: Type:Debug:
DateTime:2026-08-28 17:47:43.190:"等待工装回复超时"                            File: Line:0 Function: Type:Debug:
DateTime:2026-08-28 17:47:43.190:"开始组帧"                            File: Line:0 Function: Type:Debug:
DateTime:2026-08-28 17:47:43.190:"组帧结束"                            File: Line:0 Function: Type:Debug:
DateTime:2026-08-28 17:47:43.190:"367.2Send:数据转发(设置-清除CCO任务队列EB040602)：=>68 34 00 43 00 00 00 00 00 6D 52 01 00 02 12 90 78 56 34 12 6B 8A E8 19 00 68 12 90 78 56 34 12 68 14 0D 35 39 37 1E 3B 33 33 33 44 44 44 44 35 83 16 CD 16"                            File: Line:0 Function: Type:Debug:
DateTime:2026-08-28 17:47:43.190:"槽位2透传:68120112016840000000000022600000010002013C006834004300000000006D520100021290785634126B8AE819006812907856341268140D3539371E3B33333344444444358316CD164E16"                            File: Line:0 Function: Type:Debug:
DateTime:2026-08-28 17:47:43.190:"工装发送：68 12 01 12 01 68 40 00 00 00 00 00 22 60 00 00 01 00 02 01 3C 00 68 34 00 43 00 00 00 00 00 6D 52 01 00 02 12 90 78 56 34 12 6B 8A E8 19 00 68 12 90 78 56 34 12 68 14 0D 35 39 37 1E 3B 33 33 33 44 44 44 44 35 83 16 CD 16 4E 16"                            File: Line:0 Function: Type:Debug:
DateTime:2026-08-28 17:47:43.251:"工装接收：68 32 00 32 00 68 80 00 00 00 00 00 00 60 00 00 01 00 E1 16"                            File: Line:0 Function: Type:Debug:
DateTime:2026-08-28 17:47:43.251:"m_baRecvMsg:"                            File: Line:0 Function: Type:Debug:
DateTime:2026-08-28 17:47:43.251:"frameList.size():1"                            File: Line:0 Function: Type:Debug:
DateTime:2026-08-28 17:47:43.251:"进入报文解析"                            File: Line:0 Function: Type:Debug:
DateTime:2026-08-28 17:47:43.251:"68 32 00 32 00 68 80 00 00 00 00 00 00 60 00 00 01 00 E1 16"                            File: Line:0 Function: Type:Debug:
DateTime:2026-08-28 17:47:43.251:"解码完成，功能码: 1"                            File: Line:0 Function: Type:Debug:
DateTime:2026-08-28 17:47:43.251:"工装回复确认帧"                            File: Line:0 Function: Type:Debug:
DateTime:2026-08-28 17:47:43.306:"工装接收：68 CE 00 CE 00 68 80 00 00 00 00 00 22 60 00 00 01 00 02 24 00 68 24 00 80 00 00 00 00 00 6D 52 01 00 02 12 90 78 56 34 12 0C 00 68 12 90 78 56 34 12 68 94 00 1A 16 4E 16 67 16"                            File: Line:0 Function: Type:Debug:
DateTime:2026-08-28 17:47:43.306:"m_baRecvMsg:"                            File: Line:0 Function: Type:Debug:
DateTime:2026-08-28 17:47:43.306:"frameList.size():1"                            File: Line:0 Function: Type:Debug:
DateTime:2026-08-28 17:47:43.306:"进入报文解析"                            File: Line:0 Function: Type:Debug:
DateTime:2026-08-28 17:47:43.306:"68 CE 00 CE 00 68 80 00 00 00 00 00 22 60 00 00 01 00 02 24 00 68 24 00 80 00 00 00 00 00 6D 52 01 00 02 12 90 78 56 34 12 0C 00 68 12 90 78 56 34 12 68 94 00 1A 16 4E 16 67 16"                            File: Line:0 Function: Type:Debug:
DateTime:2026-08-28 17:47:43.306:"解码完成，功能码: 4"                            File: Line:0 Function: Type:Debug:
DateTime:2026-08-28 17:47:43.306:"工装接收到透传报文"                            File: Line:0 Function: Type:Debug:
DateTime:2026-08-28 17:47:43.306:"0224006824008000000000006D520100021290785634120C00681290785634126894001A164E16"                            File: Line:0 Function: Type:Debug:
DateTime:2026-08-28 17:47:43.306:"透传报文内容:68 24 00 80 00 00 00 00 00 6d 52 01 00 02 12 90 78 56 34 12 0c 00 68 12 90 78 56 34 12 68 94 00 1a 16 4e 16"                            File: Line:0 Function: Type:Debug:
DateTime:2026-08-28 17:47:46.227:"uTimeSecond_ms:30000"                            File: Line:0 Function: Type:Debug:
DateTime:2026-08-28 17:47:46.227:"查找结果: iret=0, wStart=0, dwOutLen=36, dwStreamLen=36, dwFindPos=0"                            File: Line:0 Function: Type:Debug:
DateTime:2026-08-28 17:47:46.227:"Receive:<= 68 24 00 80 00 00 00 00 00 6D 52 01 00 02 12 90 78 56 34 12 0C 00 68 12 90 78 56 34 12 68 94 00 1A 16 4E 16"                            File: Line:0 Function: Type:Debug:
DateTime:2026-08-28 17:47:46.227:"解析：功能码-AFN=52H,Fn=1："                            File: Line:0 Function: Type:Debug:
DateTime:2026-08-28 17:47:46.227:"透传回复内容：021290785634120C00681290785634126894001A16"                            File: Line:0 Function: Type:Debug:
DateTime:2026-08-28 17:47:46.227:"清除CCO任务队列成功"                            File: Line:0 Function: Type:Debug:
DateTime:2026-08-28 17:47:46.227:dll输出信息: ""                            File: Line:0 Function: Type:Debug:
DateTime:2026-08-28 17:47:46.227:接口函数调用成功，返回的结果为 0                            File: Line:0 Function: Type:Debug:
DateTime:2026-08-28 17:47:46.227:"外部传入的para：0，返回的result：0,返回的pValRet：0"                            File: Line:0 Function: Type:Debug:
DateTime:2026-08-28 17:47:46.227:"执行接口函数CCO_AFN52_F1_EB040602完成"                            File: Line:0 Function: Type:Debug:
DateTime:2026-08-28 17:47:46.229:coorIndex 0                            File: Line:0 Function: Type:Debug:
DateTime:2026-08-28 17:47:46.229:当前流程结束                            File: Line:0 Function: Type:Debug:
DateTime:2026-08-28 17:47:46.229:退出connect函数                            File: Line:0 Function: Type:Debug:
DateTime:2026-08-28 17:47:46.229:"=========【Step30-数据转发--EB040602清除CCO任务队列(02智能补采)】结束=========="                            File: Line:0 Function: Type:Debug:
DateTime:2026-08-28 17:47:46.229:"-----------------------------"                            File: Line:0 Function: Type:Debug:
DateTime:2026-08-28 17:47:46.229:"=============执行【Step31-<698协议设置读取>】==================="                            File: Line:0 Function: Type:Debug:
DateTime:2026-08-28 17:47:46.230:"执行接口函数OnTestMessage"                            File: Line:0 Function: Type:Debug:
DateTime:2026-08-28 17:47:46.230:callWorkFunction: OnTestMessage                            File: Line:0 Function: Type:Debug:
DateTime:2026-08-28 17:47:46.230:找到对应函数，进入执行                            File: Line:0 Function: Type:Debug:
DateTime:2026-08-28 17:47:46.230:""                            File: Line:0 Function: Type:Debug:
DateTime:2026-08-28 17:47:46.331:dll输出信息: ""                            File: Line:0 Function: Type:Debug:
DateTime:2026-08-28 17:47:46.331:接口函数调用成功，返回的结果为 0                            File: Line:0 Function: Type:Debug:
DateTime:2026-08-28 17:47:46.331:"外部传入的para：0，返回的result：0,返回的pValRet：0"                            File: Line:0 Function: Type:Debug:
DateTime:2026-08-28 17:47:46.331:"执行接口函数OnTestMessage完成"                            File: Line:0 Function: Type:Debug:
DateTime:2026-08-28 17:47:46.332:coorIndex 0                            File: Line:0 Function: Type:Debug:
DateTime:2026-08-28 17:47:46.332:当前流程结束                            File: Line:0 Function: Type:Debug:
DateTime:2026-08-28 17:47:46.332:退出connect函数                            File: Line:0 Function: Type:Debug:
DateTime:2026-08-28 17:47:46.332:"=========【Step31-<698协议设置读取>】结束=========="                            File: Line:0 Function: Type:Debug:
DateTime:2026-08-28 17:47:46.332:"-----------------------------"                            File: Line:0 Function: Type:Debug:
DateTime:2026-08-28 17:47:46.333:"=============执行【Step32-参数区初始化】==================="                            File: Line:0 Function: Type:Debug:
DateTime:2026-08-28 17:47:46.333:"执行接口函数CCO_AFN51_F2"                            File: Line:0 Function: Type:Debug:
DateTime:2026-08-28 17:47:46.333:callWorkFunction: CCO_AFN51_F2                            File: Line:0 Function: Type:Debug:
DateTime:2026-08-28 17:47:46.333:找到对应函数，进入执行                            File: Line:0 Function: Type:Debug:
DateTime:2026-08-28 17:47:46.836:"等待工装回复超时"                            File: Line:0 Function: Type:Debug:
DateTime:2026-08-28 17:47:46.836:"开始组帧"                            File: Line:0 Function: Type:Debug:
DateTime:2026-08-28 17:47:46.836:"组帧结束"                            File: Line:0 Function: Type:Debug:
DateTime:2026-08-28 17:47:46.836:"367.2Send:参数初始化(51H-F2)：=>68 0F 00 43 00 00 00 00 00 6E 51 02 00 04 16"                            File: Line:0 Function: Type:Debug:
DateTime:2026-08-28 17:47:46.836:"槽位2透传:687E007E006840000000000022600000010002013C00680F004300000000006E51020004169716"                            File: Line:0 Function: Type:Debug:
DateTime:2026-08-28 17:47:46.836:"工装发送：68 7E 00 7E 00 68 40 00 00 00 00 00 22 60 00 00 01 00 02 01 3C 00 68 0F 00 43 00 00 00 00 00 6E 51 02 00 04 16 97 16"                            File: Line:0 Function: Type:Debug:
DateTime:2026-08-28 17:47:46.854:"工装接收：68 32 00 32 00 68 80 00 00 00 00 00 00 60 00 00 01 00 E1 16"                            File: Line:0 Function: Type:Debug:
DateTime:2026-08-28 17:47:46.854:"m_baRecvMsg:"                            File: Line:0 Function: Type:Debug:
DateTime:2026-08-28 17:47:46.854:"frameList.size():1"                            File: Line:0 Function: Type:Debug:
DateTime:2026-08-28 17:47:46.854:"进入报文解析"                            File: Line:0 Function: Type:Debug:
DateTime:2026-08-28 17:47:46.854:"68 32 00 32 00 68 80 00 00 00 00 00 00 60 00 00 01 00 E1 16"                            File: Line:0 Function: Type:Debug:
DateTime:2026-08-28 17:47:46.854:"解码完成，功能码: 1"                            File: Line:0 Function: Type:Debug:
DateTime:2026-08-28 17:47:46.854:"工装回复确认帧"                            File: Line:0 Function: Type:Debug:
DateTime:2026-08-28 17:47:46.905:"工装接收：68 7A 00 7A 00 68 80 00 00 00 00 00 22 60 00 00 01 00 02 0F 00 68 0F 00 80 00 00 00 00 00 6E 50 01 00 3F 16 1F 16"                            File: Line:0 Function: Type:Debug:
DateTime:2026-08-28 17:47:46.905:"m_baRecvMsg:"                            File: Line:0 Function: Type:Debug:
DateTime:2026-08-28 17:47:46.905:"frameList.size():1"                            File: Line:0 Function: Type:Debug:
DateTime:2026-08-28 17:47:46.905:"进入报文解析"                            File: Line:0 Function: Type:Debug:
DateTime:2026-08-28 17:47:46.905:"68 7A 00 7A 00 68 80 00 00 00 00 00 22 60 00 00 01 00 02 0F 00 68 0F 00 80 00 00 00 00 00 6E 50 01 00 3F 16 1F 16"                            File: Line:0 Function: Type:Debug:
DateTime:2026-08-28 17:47:46.905:"解码完成，功能码: 4"                            File: Line:0 Function: Type:Debug:
DateTime:2026-08-28 17:47:46.905:"工装接收到透传报文"                            File: Line:0 Function: Type:Debug:
DateTime:2026-08-28 17:47:46.905:"020F00680F008000000000006E5001003F16"                            File: Line:0 Function: Type:Debug:
DateTime:2026-08-28 17:47:46.905:"透传报文内容:68 0f 00 80 00 00 00 00 00 6e 50 01 00 3f 16"                            File: Line:0 Function: Type:Debug:
DateTime:2026-08-28 17:47:49.927:"uTimeSecond_ms:20000"                            File: Line:0 Function: Type:Debug:
DateTime:2026-08-28 17:47:49.927:"查找结果: iret=0, wStart=0, dwOutLen=15, dwStreamLen=15, dwFindPos=0"                            File: Line:0 Function: Type:Debug:
DateTime:2026-08-28 17:47:49.927:"Receive:<= 68 0F 00 80 00 00 00 00 00 6E 50 01 00 3F 16"                            File: Line:0 Function: Type:Debug:
DateTime:2026-08-28 17:47:49.927:"解析：功能码-AFN=50H,Fn=1："                            File: Line:0 Function: Type:Debug:
DateTime:2026-08-28 17:47:49.927:"参数区初始化成功"                            File: Line:0 Function: Type:Debug:
DateTime:2026-08-28 17:47:49.927:dll输出信息: ""                            File: Line:0 Function: Type:Debug:
DateTime:2026-08-28 17:47:49.927:接口函数调用成功，返回的结果为 0                            File: Line:0 Function: Type:Debug:
DateTime:2026-08-28 17:47:49.927:"外部传入的para：0，返回的result：0,返回的pValRet：0"                            File: Line:0 Function: Type:Debug:
DateTime:2026-08-28 17:47:49.927:"执行接口函数CCO_AFN51_F2完成"                            File: Line:0 Function: Type:Debug:
DateTime:2026-08-28 17:47:49.929:coorIndex 0                            File: Line:0 Function: Type:Debug:
DateTime:2026-08-28 17:47:49.929:当前流程结束                            File: Line:0 Function: Type:Debug:
DateTime:2026-08-28 17:47:49.929:退出connect函数                            File: Line:0 Function: Type:Debug:
DateTime:2026-08-28 17:47:49.929:"=========【Step32-参数区初始化】结束=========="                            File: Line:0 Function: Type:Debug:
DateTime:2026-08-28 17:47:49.929:"-----------------------------"                            File: Line:0 Function: Type:Debug:
DateTime:2026-08-28 17:47:49.930:"=============执行【执行延时】==================="                            File: Line:0 Function: Type:Debug:
DateTime:2026-08-28 17:47:49.930:"执行接口函数Func_Delay"                            File: Line:0 Function: Type:Debug:
DateTime:2026-08-28 17:47:49.930:callWorkFunction: Func_Delay                            File: Line:0 Function: Type:Debug:
DateTime:2026-08-28 17:47:49.930:找到对应函数，进入执行                            File: Line:0 Function: Type:Debug:
DateTime:2026-08-28 17:47:49.930:"延时时间为5s"                            File: Line:0 Function: Type:Debug:
DateTime:2026-08-28 17:47:49.930:"uTimeSecond_ms:5000"                            File: Line:0 Function: Type:Debug:
DateTime:2026-08-28 17:47:52.952:"等待工装回复超时"                            File: Line:0 Function: Type:Debug:
DateTime:2026-08-28 17:47:55.974:"等待工装回复超时"                            File: Line:0 Function: Type:Debug:
DateTime:2026-08-28 17:47:55.974:"延时时间到"                            File: Line:0 Function: Type:Debug:
DateTime:2026-08-28 17:47:56.075:dll输出信息: ""                            File: Line:0 Function: Type:Debug:
DateTime:2026-08-28 17:47:56.075:接口函数调用成功，返回的结果为 0                            File: Line:0 Function: Type:Debug:
DateTime:2026-08-28 17:47:56.075:"外部传入的para：0，返回的result：0,返回的pValRet：0"                            File: Line:0 Function: Type:Debug:
DateTime:2026-08-28 17:47:56.075:"执行接口函数Func_Delay完成"                            File: Line:0 Function: Type:Debug:
DateTime:2026-08-28 17:47:56.075:coorIndex 0                            File: Line:0 Function: Type:Debug:
DateTime:2026-08-28 17:47:56.075:当前流程结束                            File: Line:0 Function: Type:Debug:
DateTime:2026-08-28 17:47:56.075:退出connect函数                            File: Line:0 Function: Type:Debug:
DateTime:2026-08-28 17:47:56.076:"=========【执行延时】结束=========="                            File: Line:0 Function: Type:Debug:
DateTime:2026-08-28 17:47:56.076:"-----------------------------"                            File: Line:0 Function: Type:Debug:
DateTime:2026-08-28 17:47:56.076:"=============执行【Step33-数据区初始化】==================="                            File: Line:0 Function: Type:Debug:
DateTime:2026-08-28 17:47:56.076:"执行接口函数CCO_AFN51_F3"                            File: Line:0 Function: Type:Debug:
DateTime:2026-08-28 17:47:56.076:callWorkFunction: CCO_AFN51_F3                            File: Line:0 Function: Type:Debug:
DateTime:2026-08-28 17:47:56.076:找到对应函数，进入执行                            File: Line:0 Function: Type:Debug:
DateTime:2026-08-28 17:47:56.579:"等待工装回复超时"                            File: Line:0 Function: Type:Debug:
DateTime:2026-08-28 17:47:56.579:"开始组帧"                            File: Line:0 Function: Type:Debug:
DateTime:2026-08-28 17:47:56.579:"组帧结束"                            File: Line:0 Function: Type:Debug:
DateTime:2026-08-28 17:47:56.579:"367.2Send:数据区初始化(51H-F3)：=>68 0F 00 43 00 00 00 00 00 6F 51 04 00 07 16"                            File: Line:0 Function: Type:Debug:
DateTime:2026-08-28 17:47:56.579:"槽位2透传:687E007E006840000000000022600000010002013C00680F004300000000006F51040007169D16"                            File: Line:0 Function: Type:Debug:
DateTime:2026-08-28 17:47:56.579:"工装发送：68 7E 00 7E 00 68 40 00 00 00 00 00 22 60 00 00 01 00 02 01 3C 00 68 0F 00 43 00 00 00 00 00 6F 51 04 00 07 16 9D 16"                            File: Line:0 Function: Type:Debug:
DateTime:2026-08-28 17:47:56.597:"工装接收：68 32 00 32 00 68 80 00 00 00 00 00 00 60 00 00 01 00 E1 16"                            File: Line:0 Function: Type:Debug:
DateTime:2026-08-28 17:47:56.597:"m_baRecvMsg:"                            File: Line:0 Function: Type:Debug:
DateTime:2026-08-28 17:47:56.597:"frameList.size():1"                            File: Line:0 Function: Type:Debug:
DateTime:2026-08-28 17:47:56.597:"进入报文解析"                            File: Line:0 Function: Type:Debug:
DateTime:2026-08-28 17:47:56.597:"68 32 00 32 00 68 80 00 00 00 00 00 00 60 00 00 01 00 E1 16"                            File: Line:0 Function: Type:Debug:
DateTime:2026-08-28 17:47:56.597:"解码完成，功能码: 1"                            File: Line:0 Function: Type:Debug:
DateTime:2026-08-28 17:47:56.597:"工装回复确认帧"                            File: Line:0 Function: Type:Debug:
DateTime:2026-08-28 17:47:56.718:"工装接收：68 7A 00 7A 00 68 80 00 00 00 00 00 22 60 00 00 01 00 02 0F 00 68 0F 00 80 00 00 00 00 00 6F 50 01 00 40 16 21 16"                            File: Line:0 Function: Type:Debug:
DateTime:2026-08-28 17:47:56.719:"m_baRecvMsg:"                            File: Line:0 Function: Type:Debug:
DateTime:2026-08-28 17:47:56.719:"frameList.size():1"                            File: Line:0 Function: Type:Debug:
DateTime:2026-08-28 17:47:56.719:"进入报文解析"                            File: Line:0 Function: Type:Debug:
DateTime:2026-08-28 17:47:56.719:"68 7A 00 7A 00 68 80 00 00 00 00 00 22 60 00 00 01 00 02 0F 00 68 0F 00 80 00 00 00 00 00 6F 50 01 00 40 16 21 16"                            File: Line:0 Function: Type:Debug:
DateTime:2026-08-28 17:47:56.719:"解码完成，功能码: 4"                            File: Line:0 Function: Type:Debug:
DateTime:2026-08-28 17:47:56.719:"工装接收到透传报文"                            File: Line:0 Function: Type:Debug:
DateTime:2026-08-28 17:47:56.719:"020F00680F008000000000006F5001004016"                            File: Line:0 Function: Type:Debug:
DateTime:2026-08-28 17:47:56.719:"透传报文内容:68 0f 00 80 00 00 00 00 00 6f 50 01 00 40 16"                            File: Line:0 Function: Type:Debug:
DateTime:2026-08-28 17:47:59.640:"uTimeSecond_ms:5000"                            File: Line:0 Function: Type:Debug:
DateTime:2026-08-28 17:47:59.640:"查找结果: iret=0, wStart=0, dwOutLen=15, dwStreamLen=15, dwFindPos=0"                            File: Line:0 Function: Type:Debug:
DateTime:2026-08-28 17:47:59.640:"Receive:<= 68 0F 00 80 00 00 00 00 00 6F 50 01 00 40 16"                            File: Line:0 Function: Type:Debug:
DateTime:2026-08-28 17:47:59.640:"解析：功能码-AFN=50H,Fn=1："                            File: Line:0 Function: Type:Debug:
DateTime:2026-08-28 17:47:59.640:"数据区初始化"                            File: Line:0 Function: Type:Debug:
DateTime:2026-08-28 17:47:59.640:dll输出信息: ""                            File: Line:0 Function: Type:Debug:
DateTime:2026-08-28 17:47:59.640:接口函数调用成功，返回的结果为 0                            File: Line:0 Function: Type:Debug:
DateTime:2026-08-28 17:47:59.640:"外部传入的para：0，返回的result：0,返回的pValRet：0"                            File: Line:0 Function: Type:Debug:
DateTime:2026-08-28 17:47:59.640:"执行接口函数CCO_AFN51_F3完成"                            File: Line:0 Function: Type:Debug:
DateTime:2026-08-28 17:47:59.642:coorIndex 0                            File: Line:0 Function: Type:Debug:
DateTime:2026-08-28 17:47:59.642:当前流程结束                            File: Line:0 Function: Type:Debug:
DateTime:2026-08-28 17:47:59.642:退出connect函数                            File: Line:0 Function: Type:Debug:
DateTime:2026-08-28 17:47:59.642:"=========【Step33-数据区初始化】结束=========="                            File: Line:0 Function: Type:Debug:
DateTime:2026-08-28 17:47:59.642:"-----------------------------"                            File: Line:0 Function: Type:Debug:
DateTime:2026-08-28 17:47:59.642:"=============执行【执行延时】==================="                            File: Line:0 Function: Type:Debug:
DateTime:2026-08-28 17:47:59.643:"执行接口函数Func_Delay"                            File: Line:0 Function: Type:Debug:
DateTime:2026-08-28 17:47:59.643:callWorkFunction: Func_Delay                            File: Line:0 Function: Type:Debug:
DateTime:2026-08-28 17:47:59.643:找到对应函数，进入执行                            File: Line:0 Function: Type:Debug:
DateTime:2026-08-28 17:47:59.643:"延时时间为5s"                            File: Line:0 Function: Type:Debug:
DateTime:2026-08-28 17:47:59.643:"uTimeSecond_ms:5000"                            File: Line:0 Function: Type:Debug:
DateTime:2026-08-28 17:48:02.665:"等待工装回复超时"                            File: Line:0 Function: Type:Debug:
DateTime:2026-08-28 17:48:05.687:"等待工装回复超时"                            File: Line:0 Function: Type:Debug:
DateTime:2026-08-28 17:48:05.687:"延时时间到"                            File: Line:0 Function: Type:Debug:
DateTime:2026-08-28 17:48:05.788:dll输出信息: ""                            File: Line:0 Function: Type:Debug:
DateTime:2026-08-28 17:48:05.788:接口函数调用成功，返回的结果为 0                            File: Line:0 Function: Type:Debug:
DateTime:2026-08-28 17:48:05.788:"外部传入的para：0，返回的result：0,返回的pValRet：0"                            File: Line:0 Function: Type:Debug:
DateTime:2026-08-28 17:48:05.788:"执行接口函数Func_Delay完成"                            File: Line:0 Function: Type:Debug:
DateTime:2026-08-28 17:48:05.788:coorIndex 0                            File: Line:0 Function: Type:Debug:
DateTime:2026-08-28 17:48:05.788:当前流程结束                            File: Line:0 Function: Type:Debug:
DateTime:2026-08-28 17:48:05.788:退出connect函数                            File: Line:0 Function: Type:Debug:
DateTime:2026-08-28 17:48:05.789:"=========【执行延时】结束=========="                            File: Line:0 Function: Type:Debug:
DateTime:2026-08-28 17:48:05.789:"-----------------------------"                            File: Line:0 Function: Type:Debug:
DateTime:2026-08-28 17:48:05.790:"=============执行【Step34-预告抄读对象1只】==================="                            File: Line:0 Function: Type:Debug:
DateTime:2026-08-28 17:48:05.790:"执行接口函数CCO_AFN55_F9"                            File: Line:0 Function: Type:Debug:
DateTime:2026-08-28 17:48:05.790:callWorkFunction: CCO_AFN55_F9                            File: Line:0 Function: Type:Debug:
DateTime:2026-08-28 17:48:05.790:找到对应函数，进入执行                            File: Line:0 Function: Type:Debug:
DateTime:2026-08-28 17:48:06.293:"等待工装回复超时"                            File: Line:0 Function: Type:Debug:
DateTime:2026-08-28 17:48:06.293:"开始组帧"                            File: Line:0 Function: Type:Debug:
DateTime:2026-08-28 17:48:06.293:"组帧结束"                            File: Line:0 Function: Type:Debug:
DateTime:2026-08-28 17:48:06.293:"367.2Send:预告抄读对象(55H-F9)：=>68 1B 00 43 00 00 00 00 00 70 55 01 01 01 00 00 01 00 03 06 01 10 00 16 19 55 16"                            File: Line:0 Function: Type:Debug:
DateTime:2026-08-28 17:48:06.293:"槽位2透传:68AE00AE006840000000000022600000010002013C00681B004300000000007055010101000001000306011000161955164516"                            File: Line:0 Function: Type:Debug:
DateTime:2026-08-28 17:48:06.293:"工装发送：68 AE 00 AE 00 68 40 00 00 00 00 00 22 60 00 00 01 00 02 01 3C 00 68 1B 00 43 00 00 00 00 00 70 55 01 01 01 00 00 01 00 03 06 01 10 00 16 19 55 16 45 16"                            File: Line:0 Function: Type:Debug:
DateTime:2026-08-28 17:48:06.325:"工装接收：68 32 00 32 00 68 80 00 00 00 00 00 00 60 00 00 01 00 E1 16"                            File: Line:0 Function: Type:Debug:
DateTime:2026-08-28 17:48:06.325:"m_baRecvMsg:"                            File: Line:0 Function: Type:Debug:
DateTime:2026-08-28 17:48:06.325:"frameList.size():1"                            File: Line:0 Function: Type:Debug:
DateTime:2026-08-28 17:48:06.325:"进入报文解析"                            File: Line:0 Function: Type:Debug:
DateTime:2026-08-28 17:48:06.325:"68 32 00 32 00 68 80 00 00 00 00 00 00 60 00 00 01 00 E1 16"                            File: Line:0 Function: Type:Debug:
DateTime:2026-08-28 17:48:06.325:"解码完成，功能码: 1"                            File: Line:0 Function: Type:Debug:
DateTime:2026-08-28 17:48:06.325:"工装回复确认帧"                            File: Line:0 Function: Type:Debug:
DateTime:2026-08-28 17:48:06.371:"工装接收：68 7A 00 7A 00 68 80 00 00 00 00 00 22 60 00 00 01 00 02 0F 00 68 0F 00 80 00 00 00 00 00 70 50 01 00 41 16 23 16"                            File: Line:0 Function: Type:Debug:
DateTime:2026-08-28 17:48:06.371:"m_baRecvMsg:"                            File: Line:0 Function: Type:Debug:
DateTime:2026-08-28 17:48:06.371:"frameList.size():1"                            File: Line:0 Function: Type:Debug:
DateTime:2026-08-28 17:48:06.371:"进入报文解析"                            File: Line:0 Function: Type:Debug:
DateTime:2026-08-28 17:48:06.371:"68 7A 00 7A 00 68 80 00 00 00 00 00 22 60 00 00 01 00 02 0F 00 68 0F 00 80 00 00 00 00 00 70 50 01 00 41 16 23 16"                            File: Line:0 Function: Type:Debug:
DateTime:2026-08-28 17:48:06.371:"解码完成，功能码: 4"                            File: Line:0 Function: Type:Debug:
DateTime:2026-08-28 17:48:06.371:"工装接收到透传报文"                            File: Line:0 Function: Type:Debug:
DateTime:2026-08-28 17:48:06.371:"020F00680F00800000000000705001004116"                            File: Line:0 Function: Type:Debug:
DateTime:2026-08-28 17:48:06.371:"透传报文内容:68 0f 00 80 00 00 00 00 00 70 50 01 00 41 16"                            File: Line:0 Function: Type:Debug:
DateTime:2026-08-28 17:48:09.393:"uTimeSecond_ms:5000"                            File: Line:0 Function: Type:Debug:
DateTime:2026-08-28 17:48:09.393:"查找结果: iret=0, wStart=0, dwOutLen=15, dwStreamLen=15, dwFindPos=0"                            File: Line:0 Function: Type:Debug:
DateTime:2026-08-28 17:48:09.393:"Receive:<= 68 0F 00 80 00 00 00 00 00 70 50 01 00 41 16"                            File: Line:0 Function: Type:Debug:
DateTime:2026-08-28 17:48:09.393:"解析：功能码-AFN=50H,Fn=1："                            File: Line:0 Function: Type:Debug:
DateTime:2026-08-28 17:48:09.393:"预告抄读对象成功"                            File: Line:0 Function: Type:Debug:
DateTime:2026-08-28 17:48:09.393:"成功数量：1"                            File: Line:0 Function: Type:Debug:
DateTime:2026-08-28 17:48:09.414:"预告抄读对象总数量：1 全部成功 "                            File: Line:0 Function: Type:Debug:
DateTime:2026-08-28 17:48:09.414:dll输出信息: ""                            File: Line:0 Function: Type:Debug:
DateTime:2026-08-28 17:48:09.414:接口函数调用成功，返回的结果为 0                            File: Line:0 Function: Type:Debug:
DateTime:2026-08-28 17:48:09.414:"外部传入的para：0，返回的result：0,返回的pValRet：0"                            File: Line:0 Function: Type:Debug:
DateTime:2026-08-28 17:48:09.414:"执行接口函数CCO_AFN55_F9完成"                            File: Line:0 Function: Type:Debug:
DateTime:2026-08-28 17:48:09.416:coorIndex 0                            File: Line:0 Function: Type:Debug:
DateTime:2026-08-28 17:48:09.416:当前流程结束                            File: Line:0 Function: Type:Debug:
DateTime:2026-08-28 17:48:09.416:退出connect函数                            File: Line:0 Function: Type:Debug:
DateTime:2026-08-28 17:48:09.416:"=========【Step34-预告抄读对象1只】结束=========="                            File: Line:0 Function: Type:Debug:
DateTime:2026-08-28 17:48:09.416:"-----------------------------"                            File: Line:0 Function: Type:Debug:
DateTime:2026-08-28 17:48:09.416:"=============执行【Step35-组网测试】==================="                            File: Line:0 Function: Type:Debug:
DateTime:2026-08-28 17:48:09.417:"执行接口函数CCO_Func_FormNetWork"                            File: Line:0 Function: Type:Debug:
DateTime:2026-08-28 17:48:09.417:callWorkFunction: CCO_Func_FormNetWork                            File: Line:0 Function: Type:Debug:
DateTime:2026-08-28 17:48:09.417:找到对应函数，进入执行                            File: Line:0 Function: Type:Debug:
DateTime:2026-08-28 17:48:09.417:"addrs191600100106"                            File: Line:0 Function: Type:Debug:
DateTime:2026-08-28 17:48:09.417:"地址数量1"                            File: Line:0 Function: Type:Debug:
DateTime:2026-08-28 17:48:09.417:"传入的addrs数量1"                            File: Line:0 Function: Type:Debug:
DateTime:2026-08-28 17:48:09.417:"QString::fromLatin1(addrs[0])\u0019\u0016"                            File: Line:0 Function: Type:Debug:
DateTime:2026-08-28 17:48:09.921:"等待工装回复超时"                            File: Line:0 Function: Type:Debug:
DateTime:2026-08-28 17:48:09.921:"开始组帧"                            File: Line:0 Function: Type:Debug:
DateTime:2026-08-28 17:48:09.921:"组帧结束"                            File: Line:0 Function: Type:Debug:
DateTime:2026-08-28 17:48:09.921:"367.2Send:查询网络拓扑,节点起始序号:1：=>68 12 00 41 00 00 00 00 00 71 10 10 02 01 00 0A DF 16"                            File: Line:0 Function: Type:Debug:
DateTime:2026-08-28 17:48:09.921:"槽位2透传:688A008A006840000000000022600000010002013C006812004100000000007110100201000ADF165016"                            File: Line:0 Function: Type:Debug:
DateTime:2026-08-28 17:48:09.921:"工装发送：68 8A 00 8A 00 68 40 00 00 00 00 00 22 60 00 00 01 00 02 01 3C 00 68 12 00 41 00 00 00 00 00 71 10 10 02 01 00 0A DF 16 50 16"                            File: Line:0 Function: Type:Debug:
DateTime:2026-08-28 17:48:09.942:"工装接收：68 32 00 32 00 68 80 00 00 00 00 00 00 60 00 00 01 00 E1 16"                            File: Line:0 Function: Type:Debug:
DateTime:2026-08-28 17:48:09.942:"m_baRecvMsg:"                            File: Line:0 Function: Type:Debug:
DateTime:2026-08-28 17:48:09.942:"frameList.size():1"                            File: Line:0 Function: Type:Debug:
DateTime:2026-08-28 17:48:09.942:"进入报文解析"                            File: Line:0 Function: Type:Debug:
DateTime:2026-08-28 17:48:09.942:"68 32 00 32 00 68 80 00 00 00 00 00 00 60 00 00 01 00 E1 16"                            File: Line:0 Function: Type:Debug:
DateTime:2026-08-28 17:48:09.943:"解码完成，功能码: 1"                            File: Line:0 Function: Type:Debug:
DateTime:2026-08-28 17:48:09.943:"工装回复确认帧"                            File: Line:0 Function: Type:Debug:
DateTime:2026-08-28 17:48:10.009:"工装接收：68 12 01 12 01 68 80 00 00 00 00 00 22 60 00 00 01 00 02 35 00 68 35 00 83 00 00 00 00 00 71 10 10 02 03 00 01 00 03 12 90 78 56 34 12 01 00 00 00 40 03 01 10 00 16 19 02 00 01 00 11 04 01 10 00 16 19 03 00 01 00 11 C4 16 75 16"                            File: Line:0 Function: Type:Debug:
DateTime:2026-08-28 17:48:10.009:"m_baRecvMsg:"                            File: Line:0 Function: Type:Debug:
DateTime:2026-08-28 17:48:10.009:"frameList.size():1"                            File: Line:0 Function: Type:Debug:
DateTime:2026-08-28 17:48:10.009:"进入报文解析"                            File: Line:0 Function: Type:Debug:
DateTime:2026-08-28 17:48:10.009:"68 12 01 12 01 68 80 00 00 00 00 00 22 60 00 00 01 00 02 35 00 68 35 00 83 00 00 00 00 00 71 10 10 02 03 00 01 00 03 12 90 78 56 34 12 01 00 00 00 40 03 01 10 00 16 19 02 00 01 00 11 04 01 10 00 16 19 03 00 01 00 11 C4 16 75 16"                            File: Line:0 Function: Type:Debug:
DateTime:2026-08-28 17:48:10.009:"解码完成，功能码: 4"                            File: Line:0 Function: Type:Debug:
DateTime:2026-08-28 17:48:10.009:"工装接收到透传报文"                            File: Line:0 Function: Type:Debug:
DateTime:2026-08-28 17:48:10.009:"023500683500830000000000711010020300010003129078563412010000004003011000161902000100110401100016190300010011C416"                            File: Line:0 Function: Type:Debug:
DateTime:2026-08-28 17:48:10.009:"透传报文内容:68 35 00 83 00 00 00 00 00 71 10 10 02 03 00 01 00 03 12 90 78 56 34 12 01 00 00 00 40 03 01 10 00 16 19 02 00 01 00 11 04 01 10 00 16 19 03 00 01 00 11 c4 16"                            File: Line:0 Function: Type:Debug:
DateTime:2026-08-28 17:48:12.931:"uTimeSecond_ms:5000"                            File: Line:0 Function: Type:Debug:
DateTime:2026-08-28 17:48:12.931:"查找结果: iret=0, wStart=0, dwOutLen=53, dwStreamLen=53, dwFindPos=0"                            File: Line:0 Function: Type:Debug:
DateTime:2026-08-28 17:48:12.931:"Receive:<= 68 35 00 83 00 00 00 00 00 71 10 10 02 03 00 01 00 03 12 90 78 56 34 12 01 00 00 00 40 03 01 10 00 16 19 02 00 01 00 11 04 01 10 00 16 19 03 00 01 00 11 C4 16"                            File: Line:0 Function: Type:Debug:
DateTime:2026-08-28 17:48:12.931:"解析：功能码-AFN=10H,Fn=21："                            File: Line:0 Function: Type:Debug:
DateTime:2026-08-28 17:48:12.931:"从节点总数量：3, 节点起始序号：1, 本次应答的从节点数量：3"                            File: Line:0 Function: Type:Debug:
DateTime:2026-08-28 17:48:12.931:"节点1信息：地址:123456789012, 节点标识:1, 代理节点标识:0, 节点层级:0, 节点角色:主节点（CCO）"                            File: Line:0 Function: Type:Debug:
DateTime:2026-08-28 17:48:12.931:"nAddr123456789012ptAddr191600100106"                            File: Line:0 Function: Type:Debug:
DateTime:2026-08-28 17:48:12.931:"节点2信息：地址:191600100103, 节点标识:2, 代理节点标识:1, 节点层级:1, 节点角色:末梢节点（STA）"                            File: Line:0 Function: Type:Debug:
DateTime:2026-08-28 17:48:12.931:"nAddr191600100103ptAddr191600100106"                            File: Line:0 Function: Type:Debug:
DateTime:2026-08-28 17:48:12.931:"节点3信息：地址:191600100104, 节点标识:3, 代理节点标识:1, 节点层级:1, 节点角色:末梢节点（STA）"                            File: Line:0 Function: Type:Debug:
DateTime:2026-08-28 17:48:12.931:"nAddr191600100104ptAddr191600100106"                            File: Line:0 Function: Type:Debug:
DateTime:2026-08-28 17:48:12.942:"当前还有1个节点未入网."                            File: Line:0 Function: Type:Debug:
DateTime:2026-08-28 17:48:18.446:"等待工装回复超时"                            File: Line:0 Function: Type:Debug:
DateTime:2026-08-28 17:48:18.446:"开始组帧"                            File: Line:0 Function: Type:Debug:
DateTime:2026-08-28 17:48:18.446:"组帧结束"                            File: Line:0 Function: Type:Debug:
DateTime:2026-08-28 17:48:18.446:"367.2Send:查询网络拓扑,节点起始序号:1：=>68 12 00 41 00 00 00 00 00 72 10 10 02 01 00 0A E0 16"                            File: Line:0 Function: Type:Debug:
DateTime:2026-08-28 17:48:18.446:"槽位2透传:688A008A006840000000000022600000010002013C006812004100000000007210100201000AE0165216"                            File: Line:0 Function: Type:Debug:
DateTime:2026-08-28 17:48:18.446:"工装发送：68 8A 00 8A 00 68 40 00 00 00 00 00 22 60 00 00 01 00 02 01 3C 00 68 12 00 41 00 00 00 00 00 72 10 10 02 01 00 0A E0 16 52 16"                            File: Line:0 Function: Type:Debug:
DateTime:2026-08-28 17:48:18.467:"工装接收：68 32 00 32 00 68 80 00 00 00 00 00 00 60 00 00 01 00 E1 16"                            File: Line:0 Function: Type:Debug:
DateTime:2026-08-28 17:48:18.467:"m_baRecvMsg:"                            File: Line:0 Function: Type:Debug:
DateTime:2026-08-28 17:48:18.468:"frameList.size():1"                            File: Line:0 Function: Type:Debug:
DateTime:2026-08-28 17:48:18.468:"进入报文解析"                            File: Line:0 Function: Type:Debug:
DateTime:2026-08-28 17:48:18.468:"68 32 00 32 00 68 80 00 00 00 00 00 00 60 00 00 01 00 E1 16"                            File: Line:0 Function: Type:Debug:
DateTime:2026-08-28 17:48:18.468:"解码完成，功能码: 1"                            File: Line:0 Function: Type:Debug:
DateTime:2026-08-28 17:48:18.468:"工装回复确认帧"                            File: Line:0 Function: Type:Debug:
DateTime:2026-08-28 17:48:18.511:"工装接收：68 BA 00 BA 00 68 80 00 00 00 00 00 22 60 00 00 01 00 02 1F 00 68 1F 00 83 00 00 00 00 00 72 10 10 02 01 00 01 00 01 12 90 78 56 34 12 01 00 00 00 40 11 16 E3 16"                            File: Line:0 Function: Type:Debug:
DateTime:2026-08-28 17:48:18.511:"m_baRecvMsg:"                            File: Line:0 Function: Type:Debug:
DateTime:2026-08-28 17:48:18.511:"frameList.size():1"                            File: Line:0 Function: Type:Debug:
DateTime:2026-08-28 17:48:18.511:"进入报文解析"                            File: Line:0 Function: Type:Debug:
DateTime:2026-08-28 17:48:18.511:"68 BA 00 BA 00 68 80 00 00 00 00 00 22 60 00 00 01 00 02 1F 00 68 1F 00 83 00 00 00 00 00 72 10 10 02 01 00 01 00 01 12 90 78 56 34 12 01 00 00 00 40 11 16 E3 16"                            File: Line:0 Function: Type:Debug:
DateTime:2026-08-28 17:48:18.511:"解码完成，功能码: 4"                            File: Line:0 Function: Type:Debug:
DateTime:2026-08-28 17:48:18.511:"工装接收到透传报文"                            File: Line:0 Function: Type:Debug:
DateTime:2026-08-28 17:48:18.511:"021F00681F0083000000000072101002010001000112907856341201000000401116"                            File: Line:0 Function: Type:Debug:
DateTime:2026-08-28 17:48:18.511:"透传报文内容:68 1f 00 83 00 00 00 00 00 72 10 10 02 01 00 01 00 01 12 90 78 56 34 12 01 00 00 00 40 11 16"                            File: Line:0 Function: Type:Debug:
DateTime:2026-08-28 17:48:21.533:"uTimeSecond_ms:5000"                            File: Line:0 Function: Type:Debug:
DateTime:2026-08-28 17:48:21.533:"查找结果: iret=0, wStart=0, dwOutLen=31, dwStreamLen=31, dwFindPos=0"                            File: Line:0 Function: Type:Debug:
DateTime:2026-08-28 17:48:21.533:"Receive:<= 68 1F 00 83 00 00 00 00 00 72 10 10 02 01 00 01 00 01 12 90 78 56 34 12 01 00 00 00 40 11 16"                            File: Line:0 Function: Type:Debug:
DateTime:2026-08-28 17:48:21.533:"解析：功能码-AFN=10H,Fn=21："                            File: Line:0 Function: Type:Debug:
DateTime:2026-08-28 17:48:21.533:"从节点总数量：1, 节点起始序号：1, 本次应答的从节点数量：1"                            File: Line:0 Function: Type:Debug:
DateTime:2026-08-28 17:48:21.533:"节点1信息：地址:123456789012, 节点标识:1, 代理节点标识:0, 节点层级:0, 节点角色:主节点（CCO）"                            File: Line:0 Function: Type:Debug:
DateTime:2026-08-28 17:48:21.533:"nAddr123456789012ptAddr191600100106"                            File: Line:0 Function: Type:Debug:
DateTime:2026-08-28 17:48:21.544:"当前还有1个节点未入网."                            File: Line:0 Function: Type:Debug:
DateTime:2026-08-28 17:48:26.544:"工装接收：68 12 01 12 01 68 80 00 00 00 00 00 22 60 00 00 01 00 02 35 00 68 35 00 C0 00 00 00 00 00 0F 56 02 00 01 12 90 78 56 34 12 1E 68 12 90 78 56 34 12 68 81 12 39 38 37 1E 35 35 37 34 43 33 49 4C 36 34 43 33 49 4C 34 16 7A 16 E1 16"                            File: Line:0 Function: Type:Debug:
DateTime:2026-08-28 17:48:26.544:"m_baRecvMsg:"                            File: Line:0 Function: Type:Debug:
DateTime:2026-08-28 17:48:26.544:"rameList.size():"                            File: Line:0 Function: Type:Debug:
DateTime:2026-08-28 17:48:26.544:"进入报文解析"                            File: Line:0 Function: Type:Debug:
DateTime:2026-08-28 17:48:26.544:"68 12 01 12 01 68 80 00 00 00 00 00 22 60 00 00 01 00 02 35 00 68 35 00 C0 00 00 00 00 00 0F 56 02 00 01 12 90 78 56 34 12 1E 68 12 90 78 56 34 12 68 81 12 39 38 37 1E 35 35 37 34 43 33 49 4C 36 34 43 33 49 4C 34 16 7A 16 E1 16"                            File: Line:0 Function: Type:Debug:
DateTime:2026-08-28 17:48:26.544:"解码完成，功能码: 4"                            File: Line:0 Function: Type:Debug:
DateTime:2026-08-28 17:48:26.544:"工装回复透传报文"                            File: Line:0 Function: Type:Debug:
DateTime:2026-08-28 17:48:26.544:"023500683500C000000000000F560200011290785634121E681290785634126881123938371E353537344333494C36344333494C34167A16"                            File: Line:0 Function: Type:Debug:
DateTime:2026-08-28 17:48:26.544:"内容:68 35 00 c0 00 00 00 00 00 0f 56 02 00 01 12 90 78 56 34 12 1e 68 12 90 78 56 34 12 68 81 12 39 38 37 1e 35 35 37 34 43 33 49 4c 36 34 43 33 49 4c 34 16 7a 16"                            File: Line:0 Function: Type:Debug:
DateTime:2026-08-28 17:48:27.048:"等待工装回复超时"                            File: Line:0 Function: Type:Debug:
DateTime:2026-08-28 17:48:27.048:"开始组帧"                            File: Line:0 Function: Type:Debug:
DateTime:2026-08-28 17:48:27.048:"组帧结束"                            File: Line:0 Function: Type:Debug:
DateTime:2026-08-28 17:48:27.048:"367.2Send:查询网络拓扑,节点起始序号:1：=>68 12 00 41 00 00 00 00 00 73 10 10 02 01 00 0A E1 16"                            File: Line:0 Function: Type:Debug:
DateTime:2026-08-28 17:48:27.048:"槽位2透传:688A008A006840000000000022600000010002013C006812004100000000007310100201000AE1165416"                            File: Line:0 Function: Type:Debug:
DateTime:2026-08-28 17:48:27.048:"工装发送：68 8A 00 8A 00 68 40 00 00 00 00 00 22 60 00 00 01 00 02 01 3C 00 68 12 00 41 00 00 00 00 00 73 10 10 02 01 00 0A E1 16 54 16"                            File: Line:0 Function: Type:Debug:
DateTime:2026-08-28 17:48:27.069:"工装接收：68 32 00 32 00 68 80 00 00 00 00 00 00 60 00 00 01 00 E1 16"                            File: Line:0 Function: Type:Debug:
DateTime:2026-08-28 17:48:27.069:"m_baRecvMsg:"                            File: Line:0 Function: Type:Debug:
DateTime:2026-08-28 17:48:27.069:"frameList.size():1"                            File: Line:0 Function: Type:Debug:
DateTime:2026-08-28 17:48:27.069:"进入报文解析"                            File: Line:0 Function: Type:Debug:
DateTime:2026-08-28 17:48:27.069:"68 32 00 32 00 68 80 00 00 00 00 00 00 60 00 00 01 00 E1 16"                            File: Line:0 Function: Type:Debug:
DateTime:2026-08-28 17:48:27.069:"解码完成，功能码: 1"                            File: Line:0 Function: Type:Debug:
DateTime:2026-08-28 17:48:27.069:"工装回复确认帧"                            File: Line:0 Function: Type:Debug:
DateTime:2026-08-28 17:48:27.112:"工装接收：68 BA 00 BA 00 68 80 00 00 00 00 00 22 60 00 00 01 00 02 1F 00 68 1F 00 83 00 00 00 00 00 73 10 10 02 01 00 01 00 01 12 90 78 56 34 12 01 00 00 00 40 12 16 E5 16"                            File: Line:0 Function: Type:Debug:
DateTime:2026-08-28 17:48:27.112:"m_baRecvMsg:"                            File: Line:0 Function: Type:Debug:
DateTime:2026-08-28 17:48:27.112:"frameList.size():1"                            File: Line:0 Function: Type:Debug:
DateTime:2026-08-28 17:48:27.112:"进入报文解析"                            File: Line:0 Function: Type:Debug:
DateTime:2026-08-28 17:48:27.112:"68 BA 00 BA 00 68 80 00 00 00 00 00 22 60 00 00 01 00 02 1F 00 68 1F 00 83 00 00 00 00 00 73 10 10 02 01 00 01 00 01 12 90 78 56 34 12 01 00 00 00 40 12 16 E5 16"                            File: Line:0 Function: Type:Debug:
DateTime:2026-08-28 17:48:27.112:"解码完成，功能码: 4"                            File: Line:0 Function: Type:Debug:
DateTime:2026-08-28 17:48:27.112:"工装接收到透传报文"                            File: Line:0 Function: Type:Debug:
DateTime:2026-08-28 17:48:27.112:"021F00681F0083000000000073101002010001000112907856341201000000401216"                            File: Line:0 Function: Type:Debug:
DateTime:2026-08-28 17:48:27.112:"透传报文内容:68 1f 00 83 00 00 00 00 00 73 10 10 02 01 00 01 00 01 12 90 78 56 34 12 01 00 00 00 40 12 16"                            File: Line:0 Function: Type:Debug:
DateTime:2026-08-28 17:48:30.134:"uTimeSecond_ms:5000"                            File: Line:0 Function: Type:Debug:
DateTime:2026-08-28 17:48:30.134:"查找结果: iret=0, wStart=0, dwOutLen=31, dwStreamLen=31, dwFindPos=0"                            File: Line:0 Function: Type:Debug:
DateTime:2026-08-28 17:48:30.134:"Receive:<= 68 1F 00 83 00 00 00 00 00 73 10 10 02 01 00 01 00 01 12 90 78 56 34 12 01 00 00 00 40 12 16"                            File: Line:0 Function: Type:Debug:
DateTime:2026-08-28 17:48:30.134:"解析：功能码-AFN=10H,Fn=21："                            File: Line:0 Function: Type:Debug:
DateTime:2026-08-28 17:48:30.134:"从节点总数量：1, 节点起始序号：1, 本次应答的从节点数量：1"                            File: Line:0 Function: Type:Debug:
DateTime:2026-08-28 17:48:30.134:"节点1信息：地址:123456789012, 节点标识:1, 代理节点标识:0, 节点层级:0, 节点角色:主节点（CCO）"                            File: Line:0 Function: Type:Debug:
DateTime:2026-08-28 17:48:30.134:"nAddr123456789012ptAddr191600100106"                            File: Line:0 Function: Type:Debug:
DateTime:2026-08-28 17:48:30.145:"当前还有1个节点未入网."                            File: Line:0 Function: Type:Debug:
DateTime:2026-08-28 17:48:35.145:"工装接收：68 12 01 12 01 68 80 00 00 00 00 00 22 60 00 00 01 00 02 35 00 68 35 00 C0 00 00 00 00 00 0F 56 02 00 01 12 90 78 56 34 12 1E 68 12 90 78 56 34 12 68 81 12 39 38 37 1E 35 35 37 34 43 33 49 4C 36 34 43 33 49 4C 34 16 7A 16 E1 16"                            File: Line:0 Function: Type:Debug:
DateTime:2026-08-28 17:48:35.145:"m_baRecvMsg:"                            File: Line:0 Function: Type:Debug:
DateTime:2026-08-28 17:48:35.145:"rameList.size():"                            File: Line:0 Function: Type:Debug:
DateTime:2026-08-28 17:48:35.145:"进入报文解析"                            File: Line:0 Function: Type:Debug:
DateTime:2026-08-28 17:48:35.145:"68 12 01 12 01 68 80 00 00 00 00 00 22 60 00 00 01 00 02 35 00 68 35 00 C0 00 00 00 00 00 0F 56 02 00 01 12 90 78 56 34 12 1E 68 12 90 78 56 34 12 68 81 12 39 38 37 1E 35 35 37 34 43 33 49 4C 36 34 43 33 49 4C 34 16 7A 16 E1 16"                            File: Line:0 Function: Type:Debug:
DateTime:2026-08-28 17:48:35.145:"解码完成，功能码: 4"                            File: Line:0 Function: Type:Debug:
DateTime:2026-08-28 17:48:35.145:"工装回复透传报文"                            File: Line:0 Function: Type:Debug:
DateTime:2026-08-28 17:48:35.145:"023500683500C000000000000F560200011290785634121E681290785634126881123938371E353537344333494C36344333494C34167A16"                            File: Line:0 Function: Type:Debug:
DateTime:2026-08-28 17:48:35.145:"内容:68 35 00 c0 00 00 00 00 00 0f 56 02 00 01 12 90 78 56 34 12 1e 68 12 90 78 56 34 12 68 81 12 39 38 37 1e 35 35 37 34 43 33 49 4c 36 34 43 33 49 4c 34 16 7a 16"                            File: Line:0 Function: Type:Debug:
DateTime:2026-08-28 17:48:35.649:"等待工装回复超时"                            File: Line:0 Function: Type:Debug:
DateTime:2026-08-28 17:48:35.649:"开始组帧"                            File: Line:0 Function: Type:Debug:
DateTime:2026-08-28 17:48:35.649:"组帧结束"                            File: Line:0 Function: Type:Debug:
DateTime:2026-08-28 17:48:35.649:"367.2Send:查询网络拓扑,节点起始序号:1：=>68 12 00 41 00 00 00 00 00 74 10 10 02 01 00 0A E2 16"                            File: Line:0 Function: Type:Debug:
DateTime:2026-08-28 17:48:35.649:"槽位2透传:688A008A006840000000000022600000010002013C006812004100000000007410100201000AE2165616"                            File: Line:0 Function: Type:Debug:
DateTime:2026-08-28 17:48:35.649:"工装发送：68 8A 00 8A 00 68 40 00 00 00 00 00 22 60 00 00 01 00 02 01 3C 00 68 12 00 41 00 00 00 00 00 74 10 10 02 01 00 0A E2 16 56 16"                            File: Line:0 Function: Type:Debug:
DateTime:2026-08-28 17:48:35.670:"工装接收：68 32 00 32 00 68 80 00 00 00 00 00 00 60 00 00 01 00 E1 16"                            File: Line:0 Function: Type:Debug:
DateTime:2026-08-28 17:48:35.670:"m_baRecvMsg:"                            File: Line:0 Function: Type:Debug:
DateTime:2026-08-28 17:48:35.670:"frameList.size():1"                            File: Line:0 Function: Type:Debug:
DateTime:2026-08-28 17:48:35.670:"进入报文解析"                            File: Line:0 Function: Type:Debug:
DateTime:2026-08-28 17:48:35.671:"68 32 00 32 00 68 80 00 00 00 00 00 00 60 00 00 01 00 E1 16"                            File: Line:0 Function: Type:Debug:
DateTime:2026-08-28 17:48:35.671:"解码完成，功能码: 1"                            File: Line:0 Function: Type:Debug:
DateTime:2026-08-28 17:48:35.671:"工装回复确认帧"                            File: Line:0 Function: Type:Debug:
DateTime:2026-08-28 17:48:35.725:"工装接收：68 E6 00 E6 00 68 80 00 00 00 00 00 22 60 00 00 01 00 02 2A 00 68 2A 00 83 00 00 00 00 00 74 10 10 02 02 00 01 00 02 12 90 78 56 34 12 01 00 00 00 40 06 01 10 00 16 19 02 00 01 00 11 6F 16 B5 16"                            File: Line:0 Function: Type:Debug:
DateTime:2026-08-28 17:48:35.725:"m_baRecvMsg:"                            File: Line:0 Function: Type:Debug:
DateTime:2026-08-28 17:48:35.725:"frameList.size():1"                            File: Line:0 Function: Type:Debug:
DateTime:2026-08-28 17:48:35.725:"进入报文解析"                            File: Line:0 Function: Type:Debug:
DateTime:2026-08-28 17:48:35.725:"68 E6 00 E6 00 68 80 00 00 00 00 00 22 60 00 00 01 00 02 2A 00 68 2A 00 83 00 00 00 00 00 74 10 10 02 02 00 01 00 02 12 90 78 56 34 12 01 00 00 00 40 06 01 10 00 16 19 02 00 01 00 11 6F 16 B5 16"                            File: Line:0 Function: Type:Debug:
DateTime:2026-08-28 17:48:35.725:"解码完成，功能码: 4"                            File: Line:0 Function: Type:Debug:
DateTime:2026-08-28 17:48:35.725:"工装接收到透传报文"                            File: Line:0 Function: Type:Debug:
DateTime:2026-08-28 17:48:35.725:"022A00682A00830000000000741010020200010002129078563412010000004006011000161902000100116F16"                            File: Line:0 Function: Type:Debug:
DateTime:2026-08-28 17:48:35.725:"透传报文内容:68 2a 00 83 00 00 00 00 00 74 10 10 02 02 00 01 00 02 12 90 78 56 34 12 01 00 00 00 40 06 01 10 00 16 19 02 00 01 00 11 6f 16"                            File: Line:0 Function: Type:Debug:
DateTime:2026-08-28 17:48:38.747:"uTimeSecond_ms:5000"                            File: Line:0 Function: Type:Debug:
DateTime:2026-08-28 17:48:38.747:"查找结果: iret=0, wStart=0, dwOutLen=42, dwStreamLen=42, dwFindPos=0"                            File: Line:0 Function: Type:Debug:
DateTime:2026-08-28 17:48:38.747:"Receive:<= 68 2A 00 83 00 00 00 00 00 74 10 10 02 02 00 01 00 02 12 90 78 56 34 12 01 00 00 00 40 06 01 10 00 16 19 02 00 01 00 11 6F 16"                            File: Line:0 Function: Type:Debug:
DateTime:2026-08-28 17:48:38.747:"解析：功能码-AFN=10H,Fn=21："                            File: Line:0 Function: Type:Debug:
DateTime:2026-08-28 17:48:38.747:"从节点总数量：2, 节点起始序号：1, 本次应答的从节点数量：2"                            File: Line:0 Function: Type:Debug:
DateTime:2026-08-28 17:48:38.747:"节点1信息：地址:123456789012, 节点标识:1, 代理节点标识:0, 节点层级:0, 节点角色:主节点（CCO）"                            File: Line:0 Function: Type:Debug:
DateTime:2026-08-28 17:48:38.747:"nAddr123456789012ptAddr191600100106"                            File: Line:0 Function: Type:Debug:
DateTime:2026-08-28 17:48:38.747:"节点2信息：地址:191600100106, 节点标识:2, 代理节点标识:1, 节点层级:1, 节点角色:末梢节点（STA）"                            File: Line:0 Function: Type:Debug:
DateTime:2026-08-28 17:48:38.747:"nAddr191600100106ptAddr191600100106"                            File: Line:0 Function: Type:Debug:
DateTime:2026-08-28 17:48:38.747:"入网成功数量：1，总数量：1"                            File: Line:0 Function: Type:Debug:
DateTime:2026-08-28 17:48:38.758:"全部节点入网成功，总数量：1, 成功率：100%"                            File: Line:0 Function: Type:Debug:
DateTime:2026-08-28 17:49:38.758:"节点入网成功率：100%，总数量：1，成功数量：1，失败数量：0"                            File: Line:0 Function: Type:Debug:
DateTime:2026-08-28 17:49:38.859:dll输出信息: ""                            File: Line:0 Function: Type:Debug:
DateTime:2026-08-28 17:49:38.859:接口函数调用成功，返回的结果为 0                            File: Line:0 Function: Type:Debug:
DateTime:2026-08-28 17:49:38.859:"外部传入的para：0，返回的result：0,返回的pValRet：0"                            File: Line:0 Function: Type:Debug:
DateTime:2026-08-28 17:49:38.859:"执行接口函数CCO_Func_FormNetWork完成"                            File: Line:0 Function: Type:Debug:
DateTime:2026-08-28 17:49:38.860:coorIndex 0                            File: Line:0 Function: Type:Debug:
DateTime:2026-08-28 17:49:38.861:当前流程结束                            File: Line:0 Function: Type:Debug:
DateTime:2026-08-28 17:49:38.861:退出connect函数                            File: Line:0 Function: Type:Debug:
DateTime:2026-08-28 17:49:38.861:"=========【Step35-组网测试】结束=========="                            File: Line:0 Function: Type:Debug:
DateTime:2026-08-28 17:49:38.861:"-----------------------------"                            File: Line:0 Function: Type:Debug:
DateTime:2026-08-28 17:49:38.861:"=============执行【Step36-正常情况智能补采测试MT_1】==================="                            File: Line:0 Function: Type:Debug:
DateTime:2026-08-28 17:49:38.861:"执行接口函数CCO_AFN52_F2_multi_DT"                            File: Line:0 Function: Type:Debug:
DateTime:2026-08-28 17:49:38.861:callWorkFunction: CCO_AFN52_F2_multi_DT                            File: Line:0 Function: Type:Debug:
DateTime:2026-08-28 17:49:38.861:找到对应函数，进入执行                            File: Line:0 Function: Type:Debug:
DateTime:2026-08-28 17:49:38.862:"我跑到这啦111"                            File: Line:0 Function: Type:Debug:
DateTime:2026-08-28 17:49:38.862:"DT_List.size():1"                            File: Line:0 Function: Type:Debug:
DateTime:2026-08-28 17:49:38.862:"baDi:3230303430323030"                            File: Line:0 Function: Type:Debug:
DateTime:2026-08-28 17:49:38.862:"我跑到这啦222"                            File: Line:0 Function: Type:Debug:
DateTime:2026-08-28 17:49:38.862:Generated frame length: 25                            File: Line:0 Function: Type:Debug:
DateTime:2026-08-28 17:49:38.862:Frame data: "6817004305060110001619109090050100200402000009cc16"                            File: Line:0 Function: Type:Debug:
DateTime:2026-08-28 17:49:38.862:"我跑到这啦444"                            File: Line:0 Function: Type:Debug:
DateTime:2026-08-28 17:49:38.862:"我跑到这啦555"                            File: Line:0 Function: Type:Debug:
DateTime:2026-08-28 17:49:39.365:"等待工装回复超时"                            File: Line:0 Function: Type:Debug:
DateTime:2026-08-28 17:49:39.365:"Send:智能补采(52H-F2)：=>68 37 00 43 00 00 00 00 00 75 52 02 00 01 00 03 00 03 06 01 10 00 16 19 03 00 19 00 68 17 00 43 05 06 01 10 00 16 19 10 90 90 05 01 00 20 04 02 00 00 09 CC 16 C9 16"                            File: Line:0 Function: Type:Debug:
DateTime:2026-08-28 17:49:39.365:"槽位2透传:681E011E016840000000000022600000010002013C00683700430000000000755202000100030003060110001619030019006817004305060110001619109090050100200402000009CC16C9164916"                            File: Line:0 Function: Type:Debug:
DateTime:2026-08-28 17:49:39.365:"工装发送：68 1E 01 1E 01 68 40 00 00 00 00 00 22 60 00 00 01 00 02 01 3C 00 68 37 00 43 00 00 00 00 00 75 52 02 00 01 00 03 00 03 06 01 10 00 16 19 03 00 19 00 68 17 00 43 05 06 01 10 00 16 19 10 90 90 05 01 00 20 04 02 00 00 09 CC 16 C9 16 49 16"                            File: Line:0 Function: Type:Debug:
DateTime:2026-08-28 17:49:39.365:"uTimeSecond_ms:5000"                            File: Line:0 Function: Type:Debug:
DateTime:2026-08-28 17:49:39.429:"工装接收：68 12 01 12 01 68 80 00 00 00 00 00 22 60 00 00 01 00 02 35 00 68 35 00 C0 00 00 00 00 00 0F 56 02 00 01 12 90 78 56 34 12 1E 68 12 90 78 56 34 12 68 81 12 39 38 37 1E 35 35 37 34 43 33 49 4C 36 34 43 33 49 4C 34 16 7A 16 E1 16 68 32 00 32 00 68 80 00 00 00 00 00 00 60 00 00 01 00 E1 16"                            File: Line:0 Function: Type:Debug:
DateTime:2026-08-28 17:49:39.429:"m_baRecvMsg:"                            File: Line:0 Function: Type:Debug:
DateTime:2026-08-28 17:49:39.429:"ameList.size():"                            File: Line:0 Function: Type:Debug:
DateTime:2026-08-28 17:49:39.429:"进入报文解析"                            File: Line:0 Function: Type:Debug:
DateTime:2026-08-28 17:49:39.429:"68 12 01 12 01 68 80 00 00 00 00 00 22 60 00 00 01 00 02 35 00 68 35 00 C0 00 00 00 00 00 0F 56 02 00 01 12 90 78 56 34 12 1E 68 12 90 78 56 34 12 68 81 12 39 38 37 1E 35 35 37 34 43 33 49 4C 36 34 43 33 49 4C 34 16 7A 16 E1 16"                            File: Line:0 Function: Type:Debug:
DateTime:2026-08-28 17:49:39.429:"解码完成，功能码: 4"                            File: Line:0 Function: Type:Debug:
DateTime:2026-08-28 17:49:39.429:"工装回复透传报文"                            File: Line:0 Function: Type:Debug:
DateTime:2026-08-28 17:49:39.430:"023500683500C000000000000F560200011290785634121E681290785634126881123938371E353537344333494C36344333494C34167A16"                            File: Line:0 Function: Type:Debug:
DateTime:2026-08-28 17:49:39.430:"内容:68 35 00 c0 00 00 00 00 00 0f 56 02 00 01 12 90 78 56 34 12 1e 68 12 90 78 56 34 12 68 81 12 39 38 37 1e 35 35 37 34 43 33 49 4c 36 34 43 33 49 4c 34 16 7a 16"                            File: Line:0 Function: Type:Debug:
DateTime:2026-08-28 17:49:39.430:"进入报文解析"                            File: Line:0 Function: Type:Debug:
DateTime:2026-08-28 17:49:39.430:"68 32 00 32 00 68 80 00 00 00 00 00 00 60 00 00 01 00 E1 16"                            File: Line:0 Function: Type:Debug:
DateTime:2026-08-28 17:49:39.430:"解码完成，功能码: 1"                            File: Line:0 Function: Type:Debug:
DateTime:2026-08-28 17:49:39.430:"工装回复确认帧"                            File: Line:0 Function: Type:Debug:
DateTime:2026-08-28 17:49:39.485:"工装接收：68 E2 00 E2 00 68 80 00 00 00 00 00 22 60 00 00 01 00 02 29 00 68 29 00 80 00 00 00 00 00 75 52 02 00 01 00 03 00 03 06 01 10 00 16 19 03 0C 00 68 06 01 10 00 16 19 68 94 00 AA 16 0F 16 F3 16"                            File: Line:0 Function: Type:Debug:
DateTime:2026-08-28 17:49:39.486:"m_baRecvMsg:"                            File: Line:0 Function: Type:Debug:
DateTime:2026-08-28 17:49:39.486:"rameList.size():"                            File: Line:0 Function: Type:Debug:
DateTime:2026-08-28 17:49:39.486:"进入报文解析"                            File: Line:0 Function: Type:Debug:
DateTime:2026-08-28 17:49:39.486:"68 E2 00 E2 00 68 80 00 00 00 00 00 22 60 00 00 01 00 02 29 00 68 29 00 80 00 00 00 00 00 75 52 02 00 01 00 03 00 03 06 01 10 00 16 19 03 0C 00 68 06 01 10 00 16 19 68 94 00 AA 16 0F 16 F3 16"                            File: Line:0 Function: Type:Debug:
DateTime:2026-08-28 17:49:39.486:"解码完成，功能码: 4"                            File: Line:0 Function: Type:Debug:
DateTime:2026-08-28 17:49:39.486:"工装回复透传报文"                            File: Line:0 Function: Type:Debug:
DateTime:2026-08-28 17:49:39.486:"022900682900800000000000755202000100030003060110001619030C0068060110001619689400AA160F16"                            File: Line:0 Function: Type:Debug:
DateTime:2026-08-28 17:49:39.486:"内容:68 29 00 80 00 00 00 00 00 75 52 02 00 01 00 03 00 03 06 01 10 00 16 19 03 0c 00 68 06 01 10 00 16 19 68 94 00 aa 16 0f 16"                            File: Line:0 Function: Type:Debug:
DateTime:2026-08-28 17:49:42.407:"查找结果: iret=0, wStart=0, dwOutLen=53, dwStreamLen=94, dwFindPos=0"                            File: Line:0 Function: Type:Debug:
DateTime:2026-08-28 17:49:42.407:"Receive:<= 68 35 00 C0 00 00 00 00 00 0F 56 02 00 01 12 90 78 56 34 12 1E 68 12 90 78 56 34 12 68 81 12 39 38 37 1E 35 35 37 34 43 33 49 4C 36 34 43 33 49 4C 34 16 7A 16"                            File: Line:0 Function: Type:Debug:
DateTime:2026-08-28 17:49:42.407:"解析：功能码-AFN=56H,Fn=2："                            File: Line:0 Function: Type:Debug:
DateTime:2026-08-28 17:49:42.407:"查找结果: iret=0, wStart=0, dwOutLen=41, dwStreamLen=41, dwFindPos=53"                            File: Line:0 Function: Type:Debug:
DateTime:2026-08-28 17:49:42.407:"Receive:<= 68 29 00 80 00 00 00 00 00 75 52 02 00 01 00 03 00 03 06 01 10 00 16 19 03 0C 00 68 06 01 10 00 16 19 68 94 00 AA 16 0F 16"                            File: Line:0 Function: Type:Debug:
DateTime:2026-08-28 17:49:42.407:"解析：功能码-AFN=52H,Fn=2："                            File: Line:0 Function: Type:Debug:
DateTime:2026-08-28 17:49:42.407:"非目标帧上报"                            File: Line:0 Function: Type:Debug:
DateTime:2026-08-28 17:49:42.407:"Send(确认)：=> 68 0F 00 43 00 00 00 00 00 0F 50 01 00 A3 16"                            File: Line:0 Function: Type:Debug:
DateTime:2026-08-28 17:49:42.407:"槽位2透传:687E007E006840000000000022600000010002013C00680F004300000000000F500100A316D516"                            File: Line:0 Function: Type:Debug:
DateTime:2026-08-28 17:49:42.407:"工装发送：68 7E 00 7E 00 68 40 00 00 00 00 00 22 60 00 00 01 00 02 01 3C 00 68 0F 00 43 00 00 00 00 00 0F 50 01 00 A3 16 D5 16"                            File: Line:0 Function: Type:Debug:
DateTime:2026-08-28 17:49:42.509:"任务方案号：1"                            File: Line:0 Function: Type:Debug:
DateTime:2026-08-28 17:49:42.509:"具体任务序号：3"                            File: Line:0 Function: Type:Debug:
DateTime:2026-08-28 17:49:42.509:"通信对象类型：电能表"                            File: Line:0 Function: Type:Debug:
DateTime:2026-08-28 17:49:42.509:"通信对象地址：060110001619"                            File: Line:0 Function: Type:Debug:
DateTime:2026-08-28 17:49:42.509:"规约类型：3"                            File: Line:0 Function: Type:Debug:
DateTime:2026-08-28 17:49:42.509:"返回内容报文长度：12"                            File: Line:0 Function: Type:Debug:
DateTime:2026-08-28 17:49:42.509:"返回报文内容：68060110001619689400AA16"                            File: Line:0 Function: Type:Debug:
DateTime:2026-08-28 17:49:42.509:"收到确认帧"                            File: Line:0 Function: Type:Debug:
DateTime:2026-08-28 17:49:42.509:"uTimeSecond_ms:10000"                            File: Line:0 Function: Type:Debug:
DateTime:2026-08-28 17:49:42.509:"工装接收：68 32 00 32 00 68 80 00 00 00 00 00 00 60 00 00 01 00 E1 16"                            File: Line:0 Function: Type:Debug:
DateTime:2026-08-28 17:49:42.509:"m_baRecvMsg:"                            File: Line:0 Function: Type:Debug:
DateTime:2026-08-28 17:49:42.509:"rameList.size():"                            File: Line:0 Function: Type:Debug:
DateTime:2026-08-28 17:49:42.509:"进入报文解析"                            File: Line:0 Function: Type:Debug:
DateTime:2026-08-28 17:49:42.509:"68 32 00 32 00 68 80 00 00 00 00 00 00 60 00 00 01 00 E1 16"                            File: Line:0 Function: Type:Debug:
DateTime:2026-08-28 17:49:42.509:"解码完成，功能码: 1"                            File: Line:0 Function: Type:Debug:
DateTime:2026-08-28 17:49:42.509:"工装回复确认帧"                            File: Line:0 Function: Type:Debug:
DateTime:2026-08-28 17:49:48.553:"等待工装回复超时"                            File: Line:0 Function: Type:Debug:
DateTime:2026-08-28 17:49:51.575:"等待工装回复超时"                            File: Line:0 Function: Type:Debug:
DateTime:2026-08-28 17:49:54.597:"等待工装回复超时"                            File: Line:0 Function: Type:Debug:
DateTime:2026-08-28 17:49:54.597:"未收到主动上报数据帧"                            File: Line:0 Function: Type:Debug:
DateTime:2026-08-28 17:49:54.597:dll输出信息: ""                            File: Line:0 Function: Type:Debug:
DateTime:2026-08-28 17:49:54.597:接口函数调用成功，返回的结果为 -1                            File: Line:0 Function: Type:Debug:
DateTime:2026-08-28 17:49:54.597:"外部传入的para：0，返回的result：-1,返回的pValRet：1"                            File: Line:0 Function: Type:Debug:
DateTime:2026-08-28 17:49:54.597:返回结果不满足预期值                            File: Line:0 Function: Type:Debug:
DateTime:2026-08-28 17:49:54.598:coorIndex 0                            File: Line:0 Function: Type:Debug:
DateTime:2026-08-28 17:49:54.599:当前流程结束                            File: Line:0 Function: Type:Debug:
DateTime:2026-08-28 17:49:54.599:退出connect函数                            File: Line:0 Function: Type:Debug:
DateTime:2026-08-28 17:49:54.599:"=========【Step36-正常情况智能补采测试MT_1】结束=========="                            File: Line:0 Function: Type:Debug:
DateTime:2026-08-28 17:49:54.599:"-----------------------------"                            File: Line:0 Function: Type:Debug:
DateTime:2026-08-28 17:49:54.601:"=============执行【Step37-数据转发--EB040603查询CCO智能补采运行参数(默认00不添加事件方式)】==================="                            File: Line:0 Function: Type:Debug:
DateTime:2026-08-28 17:49:54.601:"执行接口函数CCO_AFN52_F1_EB040603_read_698"                            File: Line:0 Function: Type:Debug:
DateTime:2026-08-28 17:49:54.601:callWorkFunction: CCO_AFN52_F1_EB040603_read_698                            File: Line:0 Function: Type:Debug:
DateTime:2026-08-28 17:49:54.601:找到对应函数，进入执行                            File: Line:0 Function: Type:Debug:
DateTime:2026-08-28 17:49:55.104:"等待工装回复超时"                            File: Line:0 Function: Type:Debug:
DateTime:2026-08-28 17:49:55.104:"开始组帧"                            File: Line:0 Function: Type:Debug:
DateTime:2026-08-28 17:49:55.104:"组帧结束"                            File: Line:0 Function: Type:Debug:
DateTime:2026-08-28 17:49:55.104:"367.2Send:数据转发(查询-CCO任务队列_智能补采_运行参数 EB040603)：=>68 36 00 43 00 00 00 00 00 76 52 01 00 02 12 90 78 56 34 12 6B 8A E8 1B 00 68 19 00 43 05 12 90 78 56 34 12 10 FF 77 07 02 01 01 EB 04 06 03 00 00 63 07 16 44 16"                            File: Line:0 Function: Type:Debug:
DateTime:2026-08-28 17:49:55.104:"槽位2透传:681A011A016840000000000022600000010002013C0068360043000000000076520100021290785634126B8AE81B00681900430512907856341210FF7707020101EB040603000063071644163E16"                            File: Line:0 Function: Type:Debug:
DateTime:2026-08-28 17:49:55.104:"工装发送：68 1A 01 1A 01 68 40 00 00 00 00 00 22 60 00 00 01 00 02 01 3C 00 68 36 00 43 00 00 00 00 00 76 52 01 00 02 12 90 78 56 34 12 6B 8A E8 1B 00 68 19 00 43 05 12 90 78 56 34 12 10 FF 77 07 02 01 01 EB 04 06 03 00 00 63 07 16 44 16 3E 16"                            File: Line:0 Function: Type:Debug:
DateTime:2026-08-28 17:49:55.167:"工装接收：68 32 00 32 00 68 80 00 00 00 00 00 00 60 00 00 01 00 E1 16"                            File: Line:0 Function: Type:Debug:
DateTime:2026-08-28 17:49:55.167:"m_baRecvMsg:"                            File: Line:0 Function: Type:Debug:
DateTime:2026-08-28 17:49:55.167:"frameList.size():1"                            File: Line:0 Function: Type:Debug:
DateTime:2026-08-28 17:49:55.167:"进入报文解析"                            File: Line:0 Function: Type:Debug:
DateTime:2026-08-28 17:49:55.167:"68 32 00 32 00 68 80 00 00 00 00 00 00 60 00 00 01 00 E1 16"                            File: Line:0 Function: Type:Debug:
DateTime:2026-08-28 17:49:55.167:"解码完成，功能码: 1"                            File: Line:0 Function: Type:Debug:
DateTime:2026-08-28 17:49:55.167:"工装回复确认帧"                            File: Line:0 Function: Type:Debug:
DateTime:2026-08-28 17:49:55.241:"工装接收：68 1E 01 1E 01 68 80 00 00 00 00 00 22 60 00 00 01 00 02 38 00 68 38 00 80 00 00 00 00 00 76 52 01 00 02 12 90 78 56 34 12 20 00 68 1E 00 C3 05 12 90 78 56 34 12 00 4F 03 87 02 00 01 EB 04 06 03 00 01 09 01 00 00 00 05 57 16 76 16 DF 16"                            File: Line:0 Function: Type:Debug:
DateTime:2026-08-28 17:49:55.241:"m_baRecvMsg:"                            File: Line:0 Function: Type:Debug:
DateTime:2026-08-28 17:49:55.241:"frameList.size():1"                            File: Line:0 Function: Type:Debug:
DateTime:2026-08-28 17:49:55.241:"进入报文解析"                            File: Line:0 Function: Type:Debug:
DateTime:2026-08-28 17:49:55.241:"68 1E 01 1E 01 68 80 00 00 00 00 00 22 60 00 00 01 00 02 38 00 68 38 00 80 00 00 00 00 00 76 52 01 00 02 12 90 78 56 34 12 20 00 68 1E 00 C3 05 12 90 78 56 34 12 00 4F 03 87 02 00 01 EB 04 06 03 00 01 09 01 00 00 00 05 57 16 76 16 DF 16"                            File: Line:0 Function: Type:Debug:
DateTime:2026-08-28 17:49:55.241:"解码完成，功能码: 4"                            File: Line:0 Function: Type:Debug:
DateTime:2026-08-28 17:49:55.241:"工装接收到透传报文"                            File: Line:0 Function: Type:Debug:
DateTime:2026-08-28 17:49:55.241:"02380068380080000000000076520100021290785634122000681E00C305129078563412004F0387020001EB040603000109010000000557167616"                            File: Line:0 Function: Type:Debug:
DateTime:2026-08-28 17:49:55.241:"透传报文内容:68 38 00 80 00 00 00 00 00 76 52 01 00 02 12 90 78 56 34 12 20 00 68 1e 00 c3 05 12 90 78 56 34 12 00 4f 03 87 02 00 01 eb 04 06 03 00 01 09 01 00 00 00 05 57 16 76 16"                            File: Line:0 Function: Type:Debug:
DateTime:2026-08-28 17:49:55.590:"工装接收：68 9E 00 9E 00 68 80 00 00 00 00 00 22 60 00 00 01 00 02 18 00 68 18 00 C0 00 00 00 00 00 10 56 02 00 03 06 01 10 00 16 19 01 0B 7D 16 AD 16"                            File: Line:0 Function: Type:Debug:
DateTime:2026-08-28 17:49:55.590:"m_baRecvMsg:"                            File: Line:0 Function: Type:Debug:
DateTime:2026-08-28 17:49:55.590:"frameList.size():1"                            File: Line:0 Function: Type:Debug:
DateTime:2026-08-28 17:49:55.590:"进入报文解析"                            File: Line:0 Function: Type:Debug:
DateTime:2026-08-28 17:49:55.590:"68 9E 00 9E 00 68 80 00 00 00 00 00 22 60 00 00 01 00 02 18 00 68 18 00 C0 00 00 00 00 00 10 56 02 00 03 06 01 10 00 16 19 01 0B 7D 16 AD 16"                            File: Line:0 Function: Type:Debug:
DateTime:2026-08-28 17:49:55.590:"解码完成，功能码: 4"                            File: Line:0 Function: Type:Debug:
DateTime:2026-08-28 17:49:55.590:"工装接收到透传报文"                            File: Line:0 Function: Type:Debug:
DateTime:2026-08-28 17:49:55.590:"021800681800C000000000001056020003060110001619010B7D16"                            File: Line:0 Function: Type:Debug:
DateTime:2026-08-28 17:49:55.590:"透传报文内容:68 18 00 c0 00 00 00 00 00 10 56 02 00 03 06 01 10 00 16 19 01 0b 7d 16"                            File: Line:0 Function: Type:Debug:
DateTime:2026-08-28 17:49:58.108:"uTimeSecond_ms:30000"                            File: Line:0 Function: Type:Debug:
DateTime:2026-08-28 17:49:58.108:"查找结果: iret=0, wStart=0, dwOutLen=56, dwStreamLen=80, dwFindPos=0"                            File: Line:0 Function: Type:Debug:
DateTime:2026-08-28 17:49:58.108:"Receive:<= 68 38 00 80 00 00 00 00 00 76 52 01 00 02 12 90 78 56 34 12 20 00 68 1E 00 C3 05 12 90 78 56 34 12 00 4F 03 87 02 00 01 EB 04 06 03 00 01 09 01 00 00 00 05 57 16 76 16"                            File: Line:0 Function: Type:Debug:
DateTime:2026-08-28 17:49:58.108:"解析：功能码-AFN=52H,Fn=1："                            File: Line:0 Function: Type:Debug:
DateTime:2026-08-28 17:49:58.108:"查找结果: iret=0, wStart=0, dwOutLen=24, dwStreamLen=24, dwFindPos=56"                            File: Line:0 Function: Type:Debug:
DateTime:2026-08-28 17:49:58.108:"Receive:<= 68 18 00 C0 00 00 00 00 00 10 56 02 00 03 06 01 10 00 16 19 01 0B 7D 16"                            File: Line:0 Function: Type:Debug:
DateTime:2026-08-28 17:49:58.108:"解析：功能码-AFN=56H,Fn=2："                            File: Line:0 Function: Type:Debug:
DateTime:2026-08-28 17:49:58.108:"AFN或者Fn与预判不一致"                            File: Line:0 Function: Type:Debug:
DateTime:2026-08-28 17:49:58.108:"Send(确认)：=> 68 0F 00 43 00 00 00 00 00 10 50 01 00 A4 16"                            File: Line:0 Function: Type:Debug:
DateTime:2026-08-28 17:49:58.108:"槽位2透传:687E007E006840000000000022600000010002013C00680F0043000000000010500100A416D716"                            File: Line:0 Function: Type:Debug:
DateTime:2026-08-28 17:49:58.108:"工装发送：68 7E 00 7E 00 68 40 00 00 00 00 00 22 60 00 00 01 00 02 01 3C 00 68 0F 00 43 00 00 00 00 00 10 50 01 00 A4 16 D7 16"                            File: Line:0 Function: Type:Debug:
DateTime:2026-08-28 17:49:58.109:"透传回复内容：021290785634122000681E00C305129078563412004F0387020001EB04060300010901000000055716"                            File: Line:0 Function: Type:Debug:
DateTime:2026-08-28 17:49:58.109:"pInfoOut->user_data.data_val:01EB04060300010901000000"                            File: Line:0 Function: Type:Debug:
DateTime:2026-08-28 17:49:58.109:"回复698报文，OMD为eb040603"                            File: Line:0 Function: Type:Debug:
DateTime:2026-08-28 17:49:58.109:"新增STA是否添加到档案：0不添加（默认）；上报方式：0事件（默认）"                            File: Line:0 Function: Type:Debug:
DateTime:2026-08-28 17:49:58.109:dll输出信息: ""                            File: Line:0 Function: Type:Debug:
DateTime:2026-08-28 17:49:58.109:接口函数调用成功，返回的结果为 0                            File: Line:0 Function: Type:Debug:
DateTime:2026-08-28 17:49:58.109:"外部传入的para：0，返回的result：0,返回的pValRet：0"                            File: Line:0 Function: Type:Debug:
DateTime:2026-08-28 17:49:58.109:"执行接口函数CCO_AFN52_F1_EB040603_read_698完成"                            File: Line:0 Function: Type:Debug:
DateTime:2026-08-28 17:49:58.111:coorIndex 0                            File: Line:0 Function: Type:Debug:
DateTime:2026-08-28 17:49:58.111:当前流程结束                            File: Line:0 Function: Type:Debug:
DateTime:2026-08-28 17:49:58.111:退出connect函数                            File: Line:0 Function: Type:Debug:
DateTime:2026-08-28 17:49:58.111:"=========【Step37-数据转发--EB040603查询CCO智能补采运行参数(默认00不添加事件方式)】结束=========="                            File: Line:0 Function: Type:Debug:
DateTime:2026-08-28 17:49:58.111:"-----------------------------"                            File: Line:0 Function: Type:Debug:
DateTime:2026-08-28 17:49:58.112:"=============执行【Step38-添加档案外的智能补采报文(上报方式事件方式)(回复否认)】==================="                            File: Line:0 Function: Type:Debug:
DateTime:2026-08-28 17:49:58.112:"执行接口函数CCO_AFN52_F2"                            File: Line:0 Function: Type:Debug:
DateTime:2026-08-28 17:49:58.112:callWorkFunction: CCO_AFN52_F2                            File: Line:0 Function: Type:Debug:
DateTime:2026-08-28 17:49:58.112:找到对应函数，进入执行                            File: Line:0 Function: Type:Debug:
DateTime:2026-08-28 17:49:58.126:"工装接收：68 32 00 32 00 68 80 00 00 00 00 00 00 60 00 00 01 00 E1 16"                            File: Line:0 Function: Type:Debug:
DateTime:2026-08-28 17:49:58.126:"m_baRecvMsg:"                            File: Line:0 Function: Type:Debug:
DateTime:2026-08-28 17:49:58.126:"rameList.size():"                            File: Line:0 Function: Type:Debug:
DateTime:2026-08-28 17:49:58.126:"进入报文解析"                            File: Line:0 Function: Type:Debug:
DateTime:2026-08-28 17:49:58.126:"68 32 00 32 00 68 80 00 00 00 00 00 00 60 00 00 01 00 E1 16"                            File: Line:0 Function: Type:Debug:
DateTime:2026-08-28 17:49:58.126:"解码完成，功能码: 1"                            File: Line:0 Function: Type:Debug:
DateTime:2026-08-28 17:49:58.126:"工装回复确认帧"                            File: Line:0 Function: Type:Debug:
DateTime:2026-08-28 17:49:58.316:"RocketMq上报工况(设备输出信息):{\"devSeatNo\":\"1\",\"machNo\":\"\",\"occurTime\":\"2026-08-28 17:49:58\",\"plantNo\":\"YL-101601\",\"realTimeValues\":[{\"outParaName\":\"volage\",\"outParaValue\":\"220V\"}],\"remarks\":\"null\"}"                            File: Line:0 Function: Type:Debug:
DateTime:2026-08-28 17:49:58.316:QAbstractSocket::waitForDisconnected() is not allowed in UnconnectedState                            File: Line:0 Function: Type:Warning:
DateTime:2026-08-28 17:49:59.135:"等待工装回复超时"                            File: Line:0 Function: Type:Debug:
DateTime:2026-08-28 17:49:59.135:"开始组帧"                            File: Line:0 Function: Type:Debug:
DateTime:2026-08-28 17:49:59.135:"组帧结束"                            File: Line:0 Function: Type:Debug:
DateTime:2026-08-28 17:49:59.135:"367.2Send:智能补采(52H-F2)：=>68 37 00 43 00 00 00 00 00 77 52 02 00 01 00 03 00 03 07 01 10 00 16 19 03 00 19 00 68 17 00 43 05 07 01 10 00 16 19 10 45 0F 05 01 00 20 04 02 00 00 09 CC 16 01 16"                            File: Line:0 Function: Type:Debug:
DateTime:2026-08-28 17:49:59.135:"槽位2透传:681E011E016840000000000022600000010002013C0068370043000000000077520200010003000307011000161903001900681700430507011000161910450F050100200402000009CC160116B916"                            File: Line:0 Function: Type:Debug:
DateTime:2026-08-28 17:49:59.135:"工装发送：68 1E 01 1E 01 68 40 00 00 00 00 00 22 60 00 00 01 00 02 01 3C 00 68 37 00 43 00 00 00 00 00 77 52 02 00 01 00 03 00 03 07 01 10 00 16 19 03 00 19 00 68 17 00 43 05 07 01 10 00 16 19 10 45 0F 05 01 00 20 04 02 00 00 09 CC 16 01 16 B9 16"                            File: Line:0 Function: Type:Debug:
DateTime:2026-08-28 17:49:59.198:"工装接收：68 32 00 32 00 68 80 00 00 00 00 00 00 60 00 00 01 00 E1 16"                            File: Line:0 Function: Type:Debug:
DateTime:2026-08-28 17:49:59.198:"m_baRecvMsg:"                            File: Line:0 Function: Type:Debug:
DateTime:2026-08-28 17:49:59.198:"frameList.size():1"                            File: Line:0 Function: Type:Debug:
DateTime:2026-08-28 17:49:59.198:"进入报文解析"                            File: Line:0 Function: Type:Debug:
DateTime:2026-08-28 17:49:59.198:"68 32 00 32 00 68 80 00 00 00 00 00 00 60 00 00 01 00 E1 16"                            File: Line:0 Function: Type:Debug:
DateTime:2026-08-28 17:49:59.198:"解码完成，功能码: 1"                            File: Line:0 Function: Type:Debug:
DateTime:2026-08-28 17:49:59.198:"工装回复确认帧"                            File: Line:0 Function: Type:Debug:
DateTime:2026-08-28 17:49:59.249:"工装接收：68 7E 00 7E 00 68 80 00 00 00 00 00 22 60 00 00 01 00 02 10 00 68 10 00 80 00 00 00 00 00 77 50 02 00 01 4A 16 37 16"                            File: Line:0 Function: Type:Debug:
DateTime:2026-08-28 17:49:59.249:"m_baRecvMsg:"                            File: Line:0 Function: Type:Debug:
DateTime:2026-08-28 17:49:59.249:"frameList.size():1"                            File: Line:0 Function: Type:Debug:
DateTime:2026-08-28 17:49:59.249:"进入报文解析"                            File: Line:0 Function: Type:Debug:
DateTime:2026-08-28 17:49:59.249:"68 7E 00 7E 00 68 80 00 00 00 00 00 22 60 00 00 01 00 02 10 00 68 10 00 80 00 00 00 00 00 77 50 02 00 01 4A 16 37 16"                            File: Line:0 Function: Type:Debug:
DateTime:2026-08-28 17:49:59.249:"解码完成，功能码: 4"                            File: Line:0 Function: Type:Debug:
DateTime:2026-08-28 17:49:59.249:"工装接收到透传报文"                            File: Line:0 Function: Type:Debug:
DateTime:2026-08-28 17:49:59.249:"02100068100080000000000077500200014A16"                            File: Line:0 Function: Type:Debug:
DateTime:2026-08-28 17:49:59.249:"透传报文内容:68 10 00 80 00 00 00 00 00 77 50 02 00 01 4a 16"                            File: Line:0 Function: Type:Debug:
DateTime:2026-08-28 17:50:02.171:"uTimeSecond_ms:30000"                            File: Line:0 Function: Type:Debug:
DateTime:2026-08-28 17:50:02.171:"Receive:<= 68 10 00 80 00 00 00 00 00 77 50 02 00 01 4A 16"                            File: Line:0 Function: Type:Debug:
DateTime:2026-08-28 17:50:02.171:"解析：功能码-AFN=50H,Fn=2："                            File: Line:0 Function: Type:Debug:
DateTime:2026-08-28 17:50:02.171:"收到否认报文，结束等待"                            File: Line:0 Function: Type:Debug:
DateTime:2026-08-28 17:50:02.171:"否认类型: [1][无效数据单元]."                            File: Line:0 Function: Type:Debug:
DateTime:2026-08-28 17:50:05.192:"等待工装回复超时"                            File: Line:0 Function: Type:Debug:
DateTime:2026-08-28 17:50:08.214:"等待工装回复超时"                            File: Line:0 Function: Type:Debug:
DateTime:2026-08-28 17:50:11.236:"等待工装回复超时"                            File: Line:0 Function: Type:Debug:
DateTime:2026-08-28 17:50:14.258:"等待工装回复超时"                            File: Line:0 Function: Type:Debug:
DateTime:2026-08-28 17:50:17.280:"等待工装回复超时"                            File: Line:0 Function: Type:Debug:
DateTime:2026-08-28 17:50:20.302:"等待工装回复超时"                            File: Line:0 Function: Type:Debug:
DateTime:2026-08-28 17:50:23.324:"等待工装回复超时"                            File: Line:0 Function: Type:Debug:
DateTime:2026-08-28 17:50:26.346:"等待工装回复超时"                            File: Line:0 Function: Type:Debug:
DateTime:2026-08-28 17:50:29.368:"等待工装回复超时"                            File: Line:0 Function: Type:Debug:
DateTime:2026-08-28 17:50:32.390:"等待工装回复超时"                            File: Line:0 Function: Type:Debug:
DateTime:2026-08-28 17:50:32.390:"路由回复否认:否认类型: [1][无效数据单元]."                            File: Line:0 Function: Type:Debug:
DateTime:2026-08-28 17:50:32.390:dll输出信息: ""                            File: Line:0 Function: Type:Debug:
DateTime:2026-08-28 17:50:32.390:接口函数调用成功，返回的结果为 0                            File: Line:0 Function: Type:Debug:
DateTime:2026-08-28 17:50:32.390:"外部传入的para：1，返回的result：0,返回的pValRet：1"                            File: Line:0 Function: Type:Debug:
DateTime:2026-08-28 17:50:32.390:"执行接口函数CCO_AFN52_F2完成"                            File: Line:0 Function: Type:Debug:
DateTime:2026-08-28 17:50:32.392:coorIndex 0                            File: Line:0 Function: Type:Debug:
DateTime:2026-08-28 17:50:32.392:当前流程结束                            File: Line:0 Function: Type:Debug:
DateTime:2026-08-28 17:50:32.392:退出connect函数                            File: Line:0 Function: Type:Debug:
DateTime:2026-08-28 17:50:32.392:"=========【Step38-添加档案外的智能补采报文(上报方式事件方式)(回复否认)】结束=========="                            File: Line:0 Function: Type:Debug:
DateTime:2026-08-28 17:50:32.392:"-----------------------------"                            File: Line:0 Function: Type:Debug:
DateTime:2026-08-28 17:50:32.393:"=============执行【Step39-查询从节点数量】==================="                            File: Line:0 Function: Type:Debug:
DateTime:2026-08-28 17:50:32.393:"执行接口函数CCO_AFN10_F1"                            File: Line:0 Function: Type:Debug:
DateTime:2026-08-28 17:50:32.393:callWorkFunction: CCO_AFN10_F1                            File: Line:0 Function: Type:Debug:
DateTime:2026-08-28 17:50:32.393:找到对应函数，进入执行                            File: Line:0 Function: Type:Debug:
DateTime:2026-08-28 17:50:32.896:"等待工装回复超时"                            File: Line:0 Function: Type:Debug:
DateTime:2026-08-28 17:50:32.896:"开始组帧"                            File: Line:0 Function: Type:Debug:
DateTime:2026-08-28 17:50:32.896:"组帧结束"                            File: Line:0 Function: Type:Debug:
DateTime:2026-08-28 17:50:32.896:"367.2Send:查询从节点数量(10H-F1)：=>68 0F 00 41 00 00 00 00 00 78 10 01 00 CA 16"                            File: Line:0 Function: Type:Debug:
DateTime:2026-08-28 17:50:32.896:"槽位2透传:687E007E006840000000000022600000010002013C00680F0041000000000078100100CA162316"                            File: Line:0 Function: Type:Debug:
DateTime:2026-08-28 17:50:32.896:"工装发送：68 7E 00 7E 00 68 40 00 00 00 00 00 22 60 00 00 01 00 02 01 3C 00 68 0F 00 41 00 00 00 00 00 78 10 01 00 CA 16 23 16"                            File: Line:0 Function: Type:Debug:
DateTime:2026-08-28 17:50:32.914:"工装接收：68 32 00 32 00 68 80 00 00 00 00 00 00 60 00 00 01 00 E1 16"                            File: Line:0 Function: Type:Debug:
DateTime:2026-08-28 17:50:32.914:"m_baRecvMsg:"                            File: Line:0 Function: Type:Debug:
DateTime:2026-08-28 17:50:32.914:"frameList.size():1"                            File: Line:0 Function: Type:Debug:
DateTime:2026-08-28 17:50:32.914:"进入报文解析"                            File: Line:0 Function: Type:Debug:
DateTime:2026-08-28 17:50:32.914:"68 32 00 32 00 68 80 00 00 00 00 00 00 60 00 00 01 00 E1 16"                            File: Line:0 Function: Type:Debug:
DateTime:2026-08-28 17:50:32.914:"解码完成，功能码: 1"                            File: Line:0 Function: Type:Debug:
DateTime:2026-08-28 17:50:32.914:"工装回复确认帧"                            File: Line:0 Function: Type:Debug:
DateTime:2026-08-28 17:50:32.961:"工装接收：68 8A 00 8A 00 68 80 00 00 00 00 00 22 60 00 00 01 00 02 13 00 68 13 00 83 00 00 00 00 00 78 10 01 00 01 00 F8 07 0C 16 C1 16"                            File: Line:0 Function: Type:Debug:
DateTime:2026-08-28 17:50:32.961:"m_baRecvMsg:"                            File: Line:0 Function: Type:Debug:
DateTime:2026-08-28 17:50:32.961:"frameList.size():1"                            File: Line:0 Function: Type:Debug:
DateTime:2026-08-28 17:50:32.961:"进入报文解析"                            File: Line:0 Function: Type:Debug:
DateTime:2026-08-28 17:50:32.961:"68 8A 00 8A 00 68 80 00 00 00 00 00 22 60 00 00 01 00 02 13 00 68 13 00 83 00 00 00 00 00 78 10 01 00 01 00 F8 07 0C 16 C1 16"                            File: Line:0 Function: Type:Debug:
DateTime:2026-08-28 17:50:32.961:"解码完成，功能码: 4"                            File: Line:0 Function: Type:Debug:
DateTime:2026-08-28 17:50:32.961:"工装接收到透传报文"                            File: Line:0 Function: Type:Debug:
DateTime:2026-08-28 17:50:32.961:"021300681300830000000000781001000100F8070C16"                            File: Line:0 Function: Type:Debug:
DateTime:2026-08-28 17:50:32.961:"透传报文内容:68 13 00 83 00 00 00 00 00 78 10 01 00 01 00 f8 07 0c 16"                            File: Line:0 Function: Type:Debug:
DateTime:2026-08-28 17:50:35.983:"uTimeSecond_ms:5000"                            File: Line:0 Function: Type:Debug:
DateTime:2026-08-28 17:50:35.983:"查找结果: iret=0, wStart=0, dwOutLen=19, dwStreamLen=19, dwFindPos=0"                            File: Line:0 Function: Type:Debug:
DateTime:2026-08-28 17:50:35.983:"Receive:<= 68 13 00 83 00 00 00 00 00 78 10 01 00 01 00 F8 07 0C 16"                            File: Line:0 Function: Type:Debug:
DateTime:2026-08-28 17:50:35.983:"解析：功能码-AFN=10H,Fn=1："                            File: Line:0 Function: Type:Debug:
DateTime:2026-08-28 17:50:35.983:"从节点数量：1,最大支持节点数：2040."                            File: Line:0 Function: Type:Debug:
DateTime:2026-08-28 17:50:35.983:dll输出信息: ""                            File: Line:0 Function: Type:Debug:
DateTime:2026-08-28 17:50:35.983:接口函数调用成功，返回的结果为 0                            File: Line:0 Function: Type:Debug:
DateTime:2026-08-28 17:50:35.983:"外部传入的para：0，返回的result：0,返回的pValRet：0"                            File: Line:0 Function: Type:Debug:
DateTime:2026-08-28 17:50:35.983:"执行接口函数CCO_AFN10_F1完成"                            File: Line:0 Function: Type:Debug:
DateTime:2026-08-28 17:50:35.985:coorIndex 0                            File: Line:0 Function: Type:Debug:
DateTime:2026-08-28 17:50:35.985:当前流程结束                            File: Line:0 Function: Type:Debug:
DateTime:2026-08-28 17:50:35.985:退出connect函数                            File: Line:0 Function: Type:Debug:
DateTime:2026-08-28 17:50:35.985:"=========【Step39-查询从节点数量】结束=========="                            File: Line:0 Function: Type:Debug:
DateTime:2026-08-28 17:50:35.985:"-----------------------------"                            File: Line:0 Function: Type:Debug:
DateTime:2026-08-28 17:50:35.986:"=============执行【Step40-数据转发--EB040603设置CCO智能补采运行参数(设置01:添加0事件方式)】==================="                            File: Line:0 Function: Type:Debug:
DateTime:2026-08-28 17:50:35.986:"执行接口函数CCO_AFN52_F1_EB040603_set_698"                            File: Line:0 Function: Type:Debug:
DateTime:2026-08-28 17:50:35.986:callWorkFunction: CCO_AFN52_F1_EB040603_set_698                            File: Line:0 Function: Type:Debug:
DateTime:2026-08-28 17:50:35.986:找到对应函数，进入执行                            File: Line:0 Function: Type:Debug:
DateTime:2026-08-28 17:50:36.490:"等待工装回复超时"                            File: Line:0 Function: Type:Debug:
DateTime:2026-08-28 17:50:36.490:"开始组帧"                            File: Line:0 Function: Type:Debug:
DateTime:2026-08-28 17:50:36.490:"组帧结束"                            File: Line:0 Function: Type:Debug:
DateTime:2026-08-28 17:50:36.490:"367.2Send:数据转发(设置-CCO任务队列_智能补采_运行参数EB040603)：=>68 40 00 43 00 00 00 00 00 79 52 01 00 02 12 90 78 56 34 12 6B 8A E8 25 00 68 23 00 43 05 12 90 78 56 34 12 10 B8 F3 06 02 02 01 EB 04 06 03 09 09 11 11 11 11 00 00 00 08 01 00 0C D8 16 69 16"                            File: Line:0 Function: Type:Debug:
DateTime:2026-08-28 17:50:36.490:"槽位2透传:68420142016840000000000022600000010002013C0068400043000000000079520100021290785634126B8AE82500682300430512907856341210B8F306020201EB0406030909111111110000000801000CD81669169216"                            File: Line:0 Function: Type:Debug:
DateTime:2026-08-28 17:50:36.490:"工装发送：68 42 01 42 01 68 40 00 00 00 00 00 22 60 00 00 01 00 02 01 3C 00 68 40 00 43 00 00 00 00 00 79 52 01 00 02 12 90 78 56 34 12 6B 8A E8 25 00 68 23 00 43 05 12 90 78 56 34 12 10 B8 F3 06 02 02 01 EB 04 06 03 09 09 11 11 11 11 00 00 00 08 01 00 0C D8 16 69 16 92 16"                            File: Line:0 Function: Type:Debug:
DateTime:2026-08-28 17:50:36.565:"工装接收：68 32 00 32 00 68 80 00 00 00 00 00 00 60 00 00 01 00 E1 16"                            File: Line:0 Function: Type:Debug:
DateTime:2026-08-28 17:50:36.565:"m_baRecvMsg:"                            File: Line:0 Function: Type:Debug:
DateTime:2026-08-28 17:50:36.565:"frameList.size():1"                            File: Line:0 Function: Type:Debug:
DateTime:2026-08-28 17:50:36.565:"进入报文解析"                            File: Line:0 Function: Type:Debug:
DateTime:2026-08-28 17:50:36.565:"68 32 00 32 00 68 80 00 00 00 00 00 00 60 00 00 01 00 E1 16"                            File: Line:0 Function: Type:Debug:
DateTime:2026-08-28 17:50:36.565:"解码完成，功能码: 1"                            File: Line:0 Function: Type:Debug:
DateTime:2026-08-28 17:50:36.565:"工装回复确认帧"                            File: Line:0 Function: Type:Debug:
DateTime:2026-08-28 17:50:36.694:"工装接收：68 0E 01 0E 01 68 80 00 00 00 00 00 22 60 00 00 01 00 02 34 00 68 34 00 80 00 00 00 00 00 79 52 01 00 02 12 90 78 56 34 12 1C 00 68 1A 00 C3 05 12 90 78 56 34 12 00 1A 5D 86 02 00 01 EB 04 06 03 00 00 00 95 2B 16 EE 16 C7 16"                            File: Line:0 Function: Type:Debug:
DateTime:2026-08-28 17:50:36.694:"m_baRecvMsg:"                            File: Line:0 Function: Type:Debug:
DateTime:2026-08-28 17:50:36.694:"frameList.size():1"                            File: Line:0 Function: Type:Debug:
DateTime:2026-08-28 17:50:36.694:"进入报文解析"                            File: Line:0 Function: Type:Debug:
DateTime:2026-08-28 17:50:36.694:"68 0E 01 0E 01 68 80 00 00 00 00 00 22 60 00 00 01 00 02 34 00 68 34 00 80 00 00 00 00 00 79 52 01 00 02 12 90 78 56 34 12 1C 00 68 1A 00 C3 05 12 90 78 56 34 12 00 1A 5D 86 02 00 01 EB 04 06 03 00 00 00 95 2B 16 EE 16 C7 16"                            File: Line:0 Function: Type:Debug:
DateTime:2026-08-28 17:50:36.694:"解码完成，功能码: 4"                            File: Line:0 Function: Type:Debug:
DateTime:2026-08-28 17:50:36.694:"工装接收到透传报文"                            File: Line:0 Function: Type:Debug:
DateTime:2026-08-28 17:50:36.694:"02340068340080000000000079520100021290785634121C00681A00C305129078563412001A5D86020001EB040603000000952B16EE16"                            File: Line:0 Function: Type:Debug:
DateTime:2026-08-28 17:50:36.694:"透传报文内容:68 34 00 80 00 00 00 00 00 79 52 01 00 02 12 90 78 56 34 12 1c 00 68 1a 00 c3 05 12 90 78 56 34 12 00 1a 5d 86 02 00 01 eb 04 06 03 00 00 00 95 2b 16 ee 16"                            File: Line:0 Function: Type:Debug:
DateTime:2026-08-28 17:50:39.515:"uTimeSecond_ms:30000"                            File: Line:0 Function: Type:Debug:
DateTime:2026-08-28 17:50:39.515:"查找结果: iret=0, wStart=0, dwOutLen=52, dwStreamLen=52, dwFindPos=0"                            File: Line:0 Function: Type:Debug:
DateTime:2026-08-28 17:50:39.515:"Receive:<= 68 34 00 80 00 00 00 00 00 79 52 01 00 02 12 90 78 56 34 12 1C 00 68 1A 00 C3 05 12 90 78 56 34 12 00 1A 5D 86 02 00 01 EB 04 06 03 00 00 00 95 2B 16 EE 16"                            File: Line:0 Function: Type:Debug:
DateTime:2026-08-28 17:50:39.515:"解析：功能码-AFN=52H,Fn=1："                            File: Line:0 Function: Type:Debug:
DateTime:2026-08-28 17:50:39.515:"透传回复内容：021290785634121C00681A00C305129078563412001A5D86020001EB040603000000952B16"                            File: Line:0 Function: Type:Debug:
DateTime:2026-08-28 17:50:39.515:"pInfoOut->user_data.data_val:01EB040603000000"                            File: Line:0 Function: Type:Debug:
DateTime:2026-08-28 17:50:39.515:"回复698报文，OMD为eb040603"                            File: Line:0 Function: Type:Debug:
DateTime:2026-08-28 17:50:39.515:"设置成功"                            File: Line:0 Function: Type:Debug:
DateTime:2026-08-28 17:50:39.515:dll输出信息: ""                            File: Line:0 Function: Type:Debug:
DateTime:2026-08-28 17:50:39.515:接口函数调用成功，返回的结果为 0                            File: Line:0 Function: Type:Debug:
DateTime:2026-08-28 17:50:39.515:"外部传入的para：0，返回的result：0,返回的pValRet：0"                            File: Line:0 Function: Type:Debug:
DateTime:2026-08-28 17:50:39.515:"执行接口函数CCO_AFN52_F1_EB040603_set_698完成"                            File: Line:0 Function: Type:Debug:
DateTime:2026-08-28 17:50:39.517:coorIndex 0                            File: Line:0 Function: Type:Debug:
DateTime:2026-08-28 17:50:39.517:当前流程结束                            File: Line:0 Function: Type:Debug:
DateTime:2026-08-28 17:50:39.517:退出connect函数                            File: Line:0 Function: Type:Debug:
DateTime:2026-08-28 17:50:39.517:"=========【Step40-数据转发--EB040603设置CCO智能补采运行参数(设置01:添加0事件方式)】结束=========="                            File: Line:0 Function: Type:Debug:
DateTime:2026-08-28 17:50:39.517:"-----------------------------"                            File: Line:0 Function: Type:Debug:
DateTime:2026-08-28 17:50:39.518:"=============执行【Step41-数据转发--EB040603查询CCO智能补采运行参数(01:添加0事件方式)】==================="                            File: Line:0 Function: Type:Debug:
DateTime:2026-08-28 17:50:39.518:"执行接口函数CCO_AFN52_F1_EB040603_read_698"                            File: Line:0 Function: Type:Debug:
DateTime:2026-08-28 17:50:39.518:callWorkFunction: CCO_AFN52_F1_EB040603_read_698                            File: Line:0 Function: Type:Debug:
DateTime:2026-08-28 17:50:39.518:找到对应函数，进入执行                            File: Line:0 Function: Type:Debug:
DateTime:2026-08-28 17:50:40.021:"等待工装回复超时"                            File: Line:0 Function: Type:Debug:
DateTime:2026-08-28 17:50:40.021:"开始组帧"                            File: Line:0 Function: Type:Debug:
DateTime:2026-08-28 17:50:40.021:"组帧结束"                            File: Line:0 Function: Type:Debug:
DateTime:2026-08-28 17:50:40.021:"367.2Send:数据转发(查询-CCO任务队列_智能补采_运行参数 EB040603)：=>68 36 00 43 00 00 00 00 00 7A 52 01 00 02 12 90 78 56 34 12 6B 8A E8 1B 00 68 19 00 43 05 12 90 78 56 34 12 10 FF 77 07 02 03 01 EB 04 06 03 00 00 0C 0C 16 F8 16"                            File: Line:0 Function: Type:Debug:
DateTime:2026-08-28 17:50:40.021:"槽位2透传:681A011A016840000000000022600000010002013C006836004300000000007A520100021290785634126B8AE81B00681900430512907856341210FF7707020301EB04060300000C0C16F816A616"                            File: Line:0 Function: Type:Debug:
DateTime:2026-08-28 17:50:40.021:"工装发送：68 1A 01 1A 01 68 40 00 00 00 00 00 22 60 00 00 01 00 02 01 3C 00 68 36 00 43 00 00 00 00 00 7A 52 01 00 02 12 90 78 56 34 12 6B 8A E8 1B 00 68 19 00 43 05 12 90 78 56 34 12 10 FF 77 07 02 03 01 EB 04 06 03 00 00 0C 0C 16 F8 16 A6 16"                            File: Line:0 Function: Type:Debug:
DateTime:2026-08-28 17:50:40.084:"工装接收：68 32 00 32 00 68 80 00 00 00 00 00 00 60 00 00 01 00 E1 16"                            File: Line:0 Function: Type:Debug:
DateTime:2026-08-28 17:50:40.084:"m_baRecvMsg:"                            File: Line:0 Function: Type:Debug:
DateTime:2026-08-28 17:50:40.084:"frameList.size():1"                            File: Line:0 Function: Type:Debug:
DateTime:2026-08-28 17:50:40.084:"进入报文解析"                            File: Line:0 Function: Type:Debug:
DateTime:2026-08-28 17:50:40.084:"68 32 00 32 00 68 80 00 00 00 00 00 00 60 00 00 01 00 E1 16"                            File: Line:0 Function: Type:Debug:
DateTime:2026-08-28 17:50:40.084:"解码完成，功能码: 1"                            File: Line:0 Function: Type:Debug:
DateTime:2026-08-28 17:50:40.084:"工装回复确认帧"                            File: Line:0 Function: Type:Debug:
DateTime:2026-08-28 17:50:40.157:"工装接收：68 1E 01 1E 01 68 80 00 00 00 00 00 22 60 00 00 01 00 02 38 00 68 38 00 80 00 00 00 00 00 7A 52 01 00 02 12 90 78 56 34 12 20 00 68 1E 00 C3 05 12 90 78 56 34 12 00 4F 03 87 02 00 01 EB 04 06 03 00 01 09 01 01 00 00 D9 0D 16 05 16 FD 16"                            File: Line:0 Function: Type:Debug:
DateTime:2026-08-28 17:50:40.157:"m_baRecvMsg:"                            File: Line:0 Function: Type:Debug:
DateTime:2026-08-28 17:50:40.157:"frameList.size():1"                            File: Line:0 Function: Type:Debug:
DateTime:2026-08-28 17:50:40.157:"进入报文解析"                            File: Line:0 Function: Type:Debug:
DateTime:2026-08-28 17:50:40.158:"68 1E 01 1E 01 68 80 00 00 00 00 00 22 60 00 00 01 00 02 38 00 68 38 00 80 00 00 00 00 00 7A 52 01 00 02 12 90 78 56 34 12 20 00 68 1E 00 C3 05 12 90 78 56 34 12 00 4F 03 87 02 00 01 EB 04 06 03 00 01 09 01 01 00 00 D9 0D 16 05 16 FD 16"                            File: Line:0 Function: Type:Debug:
DateTime:2026-08-28 17:50:40.158:"解码完成，功能码: 4"                            File: Line:0 Function: Type:Debug:
DateTime:2026-08-28 17:50:40.158:"工装接收到透传报文"                            File: Line:0 Function: Type:Debug:
DateTime:2026-08-28 17:50:40.158:"0238006838008000000000007A520100021290785634122000681E00C305129078563412004F0387020001EB04060300010901010000D90D160516"                            File: Line:0 Function: Type:Debug:
DateTime:2026-08-28 17:50:40.158:"透传报文内容:68 38 00 80 00 00 00 00 00 7a 52 01 00 02 12 90 78 56 34 12 20 00 68 1e 00 c3 05 12 90 78 56 34 12 00 4f 03 87 02 00 01 eb 04 06 03 00 01 09 01 01 00 00 d9 0d 16 05 16"                            File: Line:0 Function: Type:Debug:
DateTime:2026-08-28 17:50:43.079:"uTimeSecond_ms:30000"                            File: Line:0 Function: Type:Debug:
DateTime:2026-08-28 17:50:43.079:"查找结果: iret=0, wStart=0, dwOutLen=56, dwStreamLen=56, dwFindPos=0"                            File: Line:0 Function: Type:Debug:
DateTime:2026-08-28 17:50:43.079:"Receive:<= 68 38 00 80 00 00 00 00 00 7A 52 01 00 02 12 90 78 56 34 12 20 00 68 1E 00 C3 05 12 90 78 56 34 12 00 4F 03 87 02 00 01 EB 04 06 03 00 01 09 01 01 00 00 D9 0D 16 05 16"                            File: Line:0 Function: Type:Debug:
DateTime:2026-08-28 17:50:43.079:"解析：功能码-AFN=52H,Fn=1："                            File: Line:0 Function: Type:Debug:
DateTime:2026-08-28 17:50:43.079:"透传回复内容：021290785634122000681E00C305129078563412004F0387020001EB04060300010901010000D90D16"                            File: Line:0 Function: Type:Debug:
DateTime:2026-08-28 17:50:43.079:"pInfoOut->user_data.data_val:01EB04060300010901010000"                            File: Line:0 Function: Type:Debug:
DateTime:2026-08-28 17:50:43.079:"回复698报文，OMD为eb040603"                            File: Line:0 Function: Type:Debug:
DateTime:2026-08-28 17:50:43.079:"新增STA是否添加到档案：0不添加（默认）；上报方式：1：AFN=56H:F15方式"                            File: Line:0 Function: Type:Debug:
DateTime:2026-08-28 17:50:43.079:dll输出信息: ""                            File: Line:0 Function: Type:Debug:
DateTime:2026-08-28 17:50:43.079:接口函数调用成功，返回的结果为 0                            File: Line:0 Function: Type:Debug:
DateTime:2026-08-28 17:50:43.079:"外部传入的para：0，返回的result：0,返回的pValRet：0"                            File: Line:0 Function: Type:Debug:
DateTime:2026-08-28 17:50:43.079:"执行接口函数CCO_AFN52_F1_EB040603_read_698完成"                            File: Line:0 Function: Type:Debug:
DateTime:2026-08-28 17:50:43.081:coorIndex 0                            File: Line:0 Function: Type:Debug:
DateTime:2026-08-28 17:50:43.081:当前流程结束                            File: Line:0 Function: Type:Debug:
DateTime:2026-08-28 17:50:43.081:退出connect函数                            File: Line:0 Function: Type:Debug:
DateTime:2026-08-28 17:50:43.081:"=========【Step41-数据转发--EB040603查询CCO智能补采运行参数(01:添加0事件方式)】结束=========="                            File: Line:0 Function: Type:Debug:
DateTime:2026-08-28 17:50:43.081:"-----------------------------"                            File: Line:0 Function: Type:Debug:
DateTime:2026-08-28 17:50:43.083:"=============执行【Step42-添加档案外的智能补采报文(上报方式事件方式)】==================="                            File: Line:0 Function: Type:Debug:
DateTime:2026-08-28 17:50:43.083:"执行接口函数CCO_AFN52_F2"                            File: Line:0 Function: Type:Debug:
DateTime:2026-08-28 17:50:43.083:callWorkFunction: CCO_AFN52_F2                            File: Line:0 Function: Type:Debug:
DateTime:2026-08-28 17:50:43.083:找到对应函数，进入执行                            File: Line:0 Function: Type:Debug:
DateTime:2026-08-28 17:50:43.587:"等待工装回复超时"                            File: Line:0 Function: Type:Debug:
DateTime:2026-08-28 17:50:43.587:"开始组帧"                            File: Line:0 Function: Type:Debug:
DateTime:2026-08-28 17:50:43.587:"组帧结束"                            File: Line:0 Function: Type:Debug:
DateTime:2026-08-28 17:50:43.587:"367.2Send:智能补采(52H-F2)：=>68 37 00 43 00 00 00 00 00 7B 52 02 00 01 00 03 00 03 07 01 10 00 16 19 03 00 19 00 68 17 00 43 05 07 01 10 00 16 19 10 45 0F 05 01 00 20 04 02 00 00 09 CC 16 05 16"                            File: Line:0 Function: Type:Debug:
DateTime:2026-08-28 17:50:43.587:"槽位2透传:681E011E016840000000000022600000010002013C006837004300000000007B520200010003000307011000161903001900681700430507011000161910450F050100200402000009CC160516C116"                            File: Line:0 Function: Type:Debug:
DateTime:2026-08-28 17:50:43.587:"工装发送：68 1E 01 1E 01 68 40 00 00 00 00 00 22 60 00 00 01 00 02 01 3C 00 68 37 00 43 00 00 00 00 00 7B 52 02 00 01 00 03 00 03 07 01 10 00 16 19 03 00 19 00 68 17 00 43 05 07 01 10 00 16 19 10 45 0F 05 01 00 20 04 02 00 00 09 CC 16 05 16 C1 16"                            File: Line:0 Function: Type:Debug:
DateTime:2026-08-28 17:50:43.651:"工装接收：68 32 00 32 00 68 80 00 00 00 00 00 00 60 00 00 01 00 E1 16"                            File: Line:0 Function: Type:Debug:
DateTime:2026-08-28 17:50:43.651:"m_baRecvMsg:"                            File: Line:0 Function: Type:Debug:
DateTime:2026-08-28 17:50:43.651:"frameList.size():1"                            File: Line:0 Function: Type:Debug:
DateTime:2026-08-28 17:50:43.651:"进入报文解析"                            File: Line:0 Function: Type:Debug:
DateTime:2026-08-28 17:50:43.651:"68 32 00 32 00 68 80 00 00 00 00 00 00 60 00 00 01 00 E1 16"                            File: Line:0 Function: Type:Debug:
DateTime:2026-08-28 17:50:43.651:"解码完成，功能码: 1"                            File: Line:0 Function: Type:Debug:
DateTime:2026-08-28 17:50:43.651:"工装回复确认帧"                            File: Line:0 Function: Type:Debug:
DateTime:2026-08-28 17:50:43.707:"工装接收：68 E2 00 E2 00 68 80 00 00 00 00 00 22 60 00 00 01 00 02 29 00 68 29 00 80 00 00 00 00 00 7B 52 02 00 01 00 03 00 03 07 01 10 00 16 19 03 0C 00 68 07 01 10 00 16 19 68 94 00 AB 16 18 16 05 16"                            File: Line:0 Function: Type:Debug:
DateTime:2026-08-28 17:50:43.708:"m_baRecvMsg:"                            File: Line:0 Function: Type:Debug:
DateTime:2026-08-28 17:50:43.708:"frameList.size():1"                            File: Line:0 Function: Type:Debug:
DateTime:2026-08-28 17:50:43.708:"进入报文解析"                            File: Line:0 Function: Type:Debug:
DateTime:2026-08-28 17:50:43.708:"68 E2 00 E2 00 68 80 00 00 00 00 00 22 60 00 00 01 00 02 29 00 68 29 00 80 00 00 00 00 00 7B 52 02 00 01 00 03 00 03 07 01 10 00 16 19 03 0C 00 68 07 01 10 00 16 19 68 94 00 AB 16 18 16 05 16"                            File: Line:0 Function: Type:Debug:
DateTime:2026-08-28 17:50:43.708:"解码完成，功能码: 4"                            File: Line:0 Function: Type:Debug:
DateTime:2026-08-28 17:50:43.708:"工装接收到透传报文"                            File: Line:0 Function: Type:Debug:
DateTime:2026-08-28 17:50:43.708:"0229006829008000000000007B5202000100030003070110001619030C0068070110001619689400AB161816"                            File: Line:0 Function: Type:Debug:
DateTime:2026-08-28 17:50:43.708:"透传报文内容:68 29 00 80 00 00 00 00 00 7b 52 02 00 01 00 03 00 03 07 01 10 00 16 19 03 0c 00 68 07 01 10 00 16 19 68 94 00 ab 16 18 16"                            File: Line:0 Function: Type:Debug:
DateTime:2026-08-28 17:50:46.630:"uTimeSecond_ms:30000"                            File: Line:0 Function: Type:Debug:
DateTime:2026-08-28 17:50:46.630:"Receive:<= 68 29 00 80 00 00 00 00 00 7B 52 02 00 01 00 03 00 03 07 01 10 00 16 19 03 0C 00 68 07 01 10 00 16 19 68 94 00 AB 16 18 16"                            File: Line:0 Function: Type:Debug:
DateTime:2026-08-28 17:50:46.630:"解析：功能码-AFN=52H,Fn=2："                            File: Line:0 Function: Type:Debug:
DateTime:2026-08-28 17:50:46.630:"任务方案号：1"                            File: Line:0 Function: Type:Debug:
DateTime:2026-08-28 17:50:46.630:"具体任务序号：3"                            File: Line:0 Function: Type:Debug:
DateTime:2026-08-28 17:50:46.630:"通信对象类型：电能表"                            File: Line:0 Function: Type:Debug:
DateTime:2026-08-28 17:50:46.630:"通信对象地址：070110001619"                            File: Line:0 Function: Type:Debug:
DateTime:2026-08-28 17:50:46.630:"规约类型：3"                            File: Line:0 Function: Type:Debug:
DateTime:2026-08-28 17:50:46.630:"返回内容报文长度：12"                            File: Line:0 Function: Type:Debug:
DateTime:2026-08-28 17:50:46.630:"返回报文内容：68070110001619689400AB16"                            File: Line:0 Function: Type:Debug:
DateTime:2026-08-28 17:50:46.630:"收到确认帧"                            File: Line:0 Function: Type:Debug:
DateTime:2026-08-28 17:50:46.630:dll输出信息: ""                            File: Line:0 Function: Type:Debug:
DateTime:2026-08-28 17:50:46.630:接口函数调用成功，返回的结果为 0                            File: Line:0 Function: Type:Debug:
DateTime:2026-08-28 17:50:46.630:"外部传入的para：0，返回的result：0,返回的pValRet：0"                            File: Line:0 Function: Type:Debug:
DateTime:2026-08-28 17:50:46.630:"执行接口函数CCO_AFN52_F2完成"                            File: Line:0 Function: Type:Debug:
DateTime:2026-08-28 17:50:46.632:coorIndex 0                            File: Line:0 Function: Type:Debug:
DateTime:2026-08-28 17:50:46.632:当前流程结束                            File: Line:0 Function: Type:Debug:
DateTime:2026-08-28 17:50:46.632:退出connect函数                            File: Line:0 Function: Type:Debug:
DateTime:2026-08-28 17:50:46.632:"=========【Step42-添加档案外的智能补采报文(上报方式事件方式)】结束=========="                            File: Line:0 Function: Type:Debug:
DateTime:2026-08-28 17:50:46.632:"-----------------------------"                            File: Line:0 Function: Type:Debug:
DateTime:2026-08-28 17:50:46.633:"=============执行【Step43-查询从节点数量】==================="                            File: Line:0 Function: Type:Debug:
DateTime:2026-08-28 17:50:46.633:"执行接口函数CCO_AFN10_F1"                            File: Line:0 Function: Type:Debug:
DateTime:2026-08-28 17:50:46.633:callWorkFunction: CCO_AFN10_F1                            File: Line:0 Function: Type:Debug:
DateTime:2026-08-28 17:50:46.633:找到对应函数，进入执行                            File: Line:0 Function: Type:Debug:
DateTime:2026-08-28 17:50:47.136:"等待工装回复超时"                            File: Line:0 Function: Type:Debug:
DateTime:2026-08-28 17:50:47.136:"开始组帧"                            File: Line:0 Function: Type:Debug:
DateTime:2026-08-28 17:50:47.136:"组帧结束"                            File: Line:0 Function: Type:Debug:
DateTime:2026-08-28 17:50:47.136:"367.2Send:查询从节点数量(10H-F1)：=>68 0F 00 41 00 00 00 00 00 7C 10 01 00 CE 16"                            File: Line:0 Function: Type:Debug:
DateTime:2026-08-28 17:50:47.136:"槽位2透传:687E007E006840000000000022600000010002013C00680F004100000000007C100100CE162B16"                            File: Line:0 Function: Type:Debug:
DateTime:2026-08-28 17:50:47.136:"工装发送：68 7E 00 7E 00 68 40 00 00 00 00 00 22 60 00 00 01 00 02 01 3C 00 68 0F 00 41 00 00 00 00 00 7C 10 01 00 CE 16 2B 16"                            File: Line:0 Function: Type:Debug:
DateTime:2026-08-28 17:50:47.154:"工装接收：68 32 00 32 00 68 80 00 00 00 00 00 00 60 00 00 01 00 E1 16"                            File: Line:0 Function: Type:Debug:
DateTime:2026-08-28 17:50:47.154:"m_baRecvMsg:"                            File: Line:0 Function: Type:Debug:
DateTime:2026-08-28 17:50:47.154:"frameList.size():1"                            File: Line:0 Function: Type:Debug:
DateTime:2026-08-28 17:50:47.154:"进入报文解析"                            File: Line:0 Function: Type:Debug:
DateTime:2026-08-28 17:50:47.154:"68 32 00 32 00 68 80 00 00 00 00 00 00 60 00 00 01 00 E1 16"                            File: Line:0 Function: Type:Debug:
DateTime:2026-08-28 17:50:47.154:"解码完成，功能码: 1"                            File: Line:0 Function: Type:Debug:
DateTime:2026-08-28 17:50:47.154:"工装回复确认帧"                            File: Line:0 Function: Type:Debug:
DateTime:2026-08-28 17:50:47.199:"工装接收：68 8A 00 8A 00 68 80 00 00 00 00 00 22 60 00 00 01 00 02 13 00 68 13 00 83 00 00 00 00 00 7C 10 01 00 02 00 F8 07 11 16 CB 16"                            File: Line:0 Function: Type:Debug:
DateTime:2026-08-28 17:50:47.199:"m_baRecvMsg:"                            File: Line:0 Function: Type:Debug:
DateTime:2026-08-28 17:50:47.199:"frameList.size():1"                            File: Line:0 Function: Type:Debug:
DateTime:2026-08-28 17:50:47.199:"进入报文解析"                            File: Line:0 Function: Type:Debug:
DateTime:2026-08-28 17:50:47.199:"68 8A 00 8A 00 68 80 00 00 00 00 00 22 60 00 00 01 00 02 13 00 68 13 00 83 00 00 00 00 00 7C 10 01 00 02 00 F8 07 11 16 CB 16"                            File: Line:0 Function: Type:Debug:
DateTime:2026-08-28 17:50:47.199:"解码完成，功能码: 4"                            File: Line:0 Function: Type:Debug:
DateTime:2026-08-28 17:50:47.199:"工装接收到透传报文"                            File: Line:0 Function: Type:Debug:
DateTime:2026-08-28 17:50:47.199:"0213006813008300000000007C1001000200F8071116"                            File: Line:0 Function: Type:Debug:
DateTime:2026-08-28 17:50:47.199:"透传报文内容:68 13 00 83 00 00 00 00 00 7c 10 01 00 02 00 f8 07 11 16"                            File: Line:0 Function: Type:Debug:
DateTime:2026-08-28 17:50:50.221:"uTimeSecond_ms:5000"                            File: Line:0 Function: Type:Debug:
DateTime:2026-08-28 17:50:50.221:"查找结果: iret=0, wStart=0, dwOutLen=19, dwStreamLen=19, dwFindPos=0"                            File: Line:0 Function: Type:Debug:
DateTime:2026-08-28 17:50:50.221:"Receive:<= 68 13 00 83 00 00 00 00 00 7C 10 01 00 02 00 F8 07 11 16"                            File: Line:0 Function: Type:Debug:
DateTime:2026-08-28 17:50:50.221:"解析：功能码-AFN=10H,Fn=1："                            File: Line:0 Function: Type:Debug:
DateTime:2026-08-28 17:50:50.221:"从节点数量：2,最大支持节点数：2040."                            File: Line:0 Function: Type:Debug:
DateTime:2026-08-28 17:50:50.221:dll输出信息: ""                            File: Line:0 Function: Type:Debug:
DateTime:2026-08-28 17:50:50.221:接口函数调用成功，返回的结果为 0                            File: Line:0 Function: Type:Debug:
DateTime:2026-08-28 17:50:50.221:"外部传入的para：0，返回的result：0,返回的pValRet：0"                            File: Line:0 Function: Type:Debug:
DateTime:2026-08-28 17:50:50.221:"执行接口函数CCO_AFN10_F1完成"                            File: Line:0 Function: Type:Debug:
DateTime:2026-08-28 17:50:50.223:coorIndex 0                            File: Line:0 Function: Type:Debug:
DateTime:2026-08-28 17:50:50.223:当前流程结束                            File: Line:0 Function: Type:Debug:
DateTime:2026-08-28 17:50:50.223:退出connect函数                            File: Line:0 Function: Type:Debug:
DateTime:2026-08-28 17:50:50.223:"=========【Step43-查询从节点数量】结束=========="                            File: Line:0 Function: Type:Debug:
DateTime:2026-08-28 17:50:50.223:"-----------------------------"                            File: Line:0 Function: Type:Debug:
DateTime:2026-08-28 17:50:50.224:"=============执行【Step44-添加档案内的智能补采报文(上报方式事件方式)】==================="                            File: Line:0 Function: Type:Debug:
DateTime:2026-08-28 17:50:50.224:"执行接口函数CCO_AFN52_F2_multi_DT"                            File: Line:0 Function: Type:Debug:
DateTime:2026-08-28 17:50:50.224:callWorkFunction: CCO_AFN52_F2_multi_DT                            File: Line:0 Function: Type:Debug:
DateTime:2026-08-28 17:50:50.224:找到对应函数，进入执行                            File: Line:0 Function: Type:Debug:
DateTime:2026-08-28 17:50:50.224:"我跑到这啦111"                            File: Line:0 Function: Type:Debug:
DateTime:2026-08-28 17:50:50.224:"DT_List.size():1"                            File: Line:0 Function: Type:Debug:
DateTime:2026-08-28 17:50:50.224:"baDi:3230303430323030"                            File: Line:0 Function: Type:Debug:
DateTime:2026-08-28 17:50:50.224:"我跑到这啦222"                            File: Line:0 Function: Type:Debug:
DateTime:2026-08-28 17:50:50.224:Generated frame length: 25                            File: Line:0 Function: Type:Debug:
DateTime:2026-08-28 17:50:50.224:Frame data: "68170043050601100016191090900501042004020000a5dc16"                            File: Line:0 Function: Type:Debug:
DateTime:2026-08-28 17:50:50.224:"我跑到这啦444"                            File: Line:0 Function: Type:Debug:
DateTime:2026-08-28 17:50:50.224:"我跑到这啦555"                            File: Line:0 Function: Type:Debug:
DateTime:2026-08-28 17:50:50.728:"等待工装回复超时"                            File: Line:0 Function: Type:Debug:
DateTime:2026-08-28 17:50:50.728:"Send:智能补采(52H-F2)：=>68 37 00 43 00 00 00 00 00 7D 52 02 00 01 00 03 00 03 06 01 10 00 16 19 03 00 19 00 68 17 00 43 05 06 01 10 00 16 19 10 90 90 05 01 04 20 04 02 00 00 A5 DC 16 81 16"                            File: Line:0 Function: Type:Debug:
DateTime:2026-08-28 17:50:50.728:"槽位2透传:681E011E016840000000000022600000010002013C006837004300000000007D52020001000300030601100016190300190068170043050601100016191090900501042004020000A5DC168116B916"                            File: Line:0 Function: Type:Debug:
DateTime:2026-08-28 17:50:50.728:"工装发送：68 1E 01 1E 01 68 40 00 00 00 00 00 22 60 00 00 01 00 02 01 3C 00 68 37 00 43 00 00 00 00 00 7D 52 02 00 01 00 03 00 03 06 01 10 00 16 19 03 00 19 00 68 17 00 43 05 06 01 10 00 16 19 10 90 90 05 01 04 20 04 02 00 00 A5 DC 16 81 16 B9 16"                            File: Line:0 Function: Type:Debug:
DateTime:2026-08-28 17:50:50.728:"uTimeSecond_ms:5000"                            File: Line:0 Function: Type:Debug:
DateTime:2026-08-28 17:50:50.792:"工装接收：68 32 00 32 00 68 80 00 00 00 00 00 00 60 00 00 01 00 E1 16"                            File: Line:0 Function: Type:Debug:
DateTime:2026-08-28 17:50:50.792:"m_baRecvMsg:"                            File: Line:0 Function: Type:Debug:
DateTime:2026-08-28 17:50:50.792:"rameList.size():"                            File: Line:0 Function: Type:Debug:
DateTime:2026-08-28 17:50:50.792:"进入报文解析"                            File: Line:0 Function: Type:Debug:
DateTime:2026-08-28 17:50:50.792:"68 32 00 32 00 68 80 00 00 00 00 00 00 60 00 00 01 00 E1 16"                            File: Line:0 Function: Type:Debug:
DateTime:2026-08-28 17:50:50.792:"解码完成，功能码: 1"                            File: Line:0 Function: Type:Debug:
DateTime:2026-08-28 17:50:50.792:"工装回复确认帧"                            File: Line:0 Function: Type:Debug:
DateTime:2026-08-28 17:50:50.848:"工装接收：68 E2 00 E2 00 68 80 00 00 00 00 00 22 60 00 00 01 00 02 29 00 68 29 00 80 00 00 00 00 00 7D 52 02 00 01 00 03 00 03 06 01 10 00 16 19 03 0C 00 68 06 01 10 00 16 19 68 94 00 AA 16 17 16 03 16"                            File: Line:0 Function: Type:Debug:
DateTime:2026-08-28 17:50:50.848:"m_baRecvMsg:"                            File: Line:0 Function: Type:Debug:
DateTime:2026-08-28 17:50:50.848:"rameList.size():"                            File: Line:0 Function: Type:Debug:
DateTime:2026-08-28 17:50:50.848:"进入报文解析"                            File: Line:0 Function: Type:Debug:
DateTime:2026-08-28 17:50:50.848:"68 E2 00 E2 00 68 80 00 00 00 00 00 22 60 00 00 01 00 02 29 00 68 29 00 80 00 00 00 00 00 7D 52 02 00 01 00 03 00 03 06 01 10 00 16 19 03 0C 00 68 06 01 10 00 16 19 68 94 00 AA 16 17 16 03 16"                            File: Line:0 Function: Type:Debug:
DateTime:2026-08-28 17:50:50.848:"解码完成，功能码: 4"                            File: Line:0 Function: Type:Debug:
DateTime:2026-08-28 17:50:50.848:"工装回复透传报文"                            File: Line:0 Function: Type:Debug:
DateTime:2026-08-28 17:50:50.848:"0229006829008000000000007D5202000100030003060110001619030C0068060110001619689400AA161716"                            File: Line:0 Function: Type:Debug:
DateTime:2026-08-28 17:50:50.848:"内容:68 29 00 80 00 00 00 00 00 7d 52 02 00 01 00 03 00 03 06 01 10 00 16 19 03 0c 00 68 06 01 10 00 16 19 68 94 00 aa 16 17 16"                            File: Line:0 Function: Type:Debug:
DateTime:2026-08-28 17:50:53.770:"查找结果: iret=0, wStart=0, dwOutLen=41, dwStreamLen=41, dwFindPos=0"                            File: Line:0 Function: Type:Debug:
DateTime:2026-08-28 17:50:53.770:"Receive:<= 68 29 00 80 00 00 00 00 00 7D 52 02 00 01 00 03 00 03 06 01 10 00 16 19 03 0C 00 68 06 01 10 00 16 19 68 94 00 AA 16 17 16"                            File: Line:0 Function: Type:Debug:
DateTime:2026-08-28 17:50:53.770:"解析：功能码-AFN=52H,Fn=2："                            File: Line:0 Function: Type:Debug:
DateTime:2026-08-28 17:50:53.770:"任务方案号：1"                            File: Line:0 Function: Type:Debug:
DateTime:2026-08-28 17:50:53.770:"具体任务序号：3"                            File: Line:0 Function: Type:Debug:
DateTime:2026-08-28 17:50:53.770:"通信对象类型：电能表"                            File: Line:0 Function: Type:Debug:
DateTime:2026-08-28 17:50:53.770:"通信对象地址：060110001619"                            File: Line:0 Function: Type:Debug:
DateTime:2026-08-28 17:50:53.770:"规约类型：3"                            File: Line:0 Function: Type:Debug:
DateTime:2026-08-28 17:50:53.770:"返回内容报文长度：12"                            File: Line:0 Function: Type:Debug:
DateTime:2026-08-28 17:50:53.770:"返回报文内容：68060110001619689400AA16"                            File: Line:0 Function: Type:Debug:
DateTime:2026-08-28 17:50:53.770:"收到确认帧"                            File: Line:0 Function: Type:Debug:
DateTime:2026-08-28 17:50:53.770:"uTimeSecond_ms:10000"                            File: Line:0 Function: Type:Debug:
DateTime:2026-08-28 17:50:56.791:"等待工装回复超时"                            File: Line:0 Function: Type:Debug:
DateTime:2026-08-28 17:50:59.813:"等待工装回复超时"                            File: Line:0 Function: Type:Debug:
DateTime:2026-08-28 17:51:02.835:"等待工装回复超时"                            File: Line:0 Function: Type:Debug:
DateTime:2026-08-28 17:51:05.857:"等待工装回复超时"                            File: Line:0 Function: Type:Debug:
DateTime:2026-08-28 17:51:05.857:"未收到主动上报数据帧"                            File: Line:0 Function: Type:Debug:
DateTime:2026-08-28 17:51:05.857:dll输出信息: ""                            File: Line:0 Function: Type:Debug:
DateTime:2026-08-28 17:51:05.857:接口函数调用成功，返回的结果为 -1                            File: Line:0 Function: Type:Debug:
DateTime:2026-08-28 17:51:05.857:"外部传入的para：0，返回的result：-1,返回的pValRet：1"                            File: Line:0 Function: Type:Debug:
DateTime:2026-08-28 17:51:05.857:返回结果不满足预期值                            File: Line:0 Function: Type:Debug:
DateTime:2026-08-28 17:51:05.859:coorIndex 0                            File: Line:0 Function: Type:Debug:
DateTime:2026-08-28 17:51:05.859:当前流程结束                            File: Line:0 Function: Type:Debug:
DateTime:2026-08-28 17:51:05.859:退出connect函数                            File: Line:0 Function: Type:Debug:
DateTime:2026-08-28 17:51:05.859:"=========【Step44-添加档案内的智能补采报文(上报方式事件方式)】结束=========="                            File: Line:0 Function: Type:Debug:
DateTime:2026-08-28 17:51:05.859:"-----------------------------"                            File: Line:0 Function: Type:Debug:
DateTime:2026-08-28 17:51:05.861:"=============执行【Step45-数据转发--EB040603设置CCO智能补采运行参数(设置02:不添加56F15)】==================="                            File: Line:0 Function: Type:Debug:
DateTime:2026-08-28 17:51:05.861:"执行接口函数CCO_AFN52_F1_EB040603_set_698"                            File: Line:0 Function: Type:Debug:
DateTime:2026-08-28 17:51:05.861:callWorkFunction: CCO_AFN52_F1_EB040603_set_698                            File: Line:0 Function: Type:Debug:
DateTime:2026-08-28 17:51:05.861:找到对应函数，进入执行                            File: Line:0 Function: Type:Debug:
DateTime:2026-08-28 17:51:06.365:"等待工装回复超时"                            File: Line:0 Function: Type:Debug:
DateTime:2026-08-28 17:51:06.365:"开始组帧"                            File: Line:0 Function: Type:Debug:
DateTime:2026-08-28 17:51:06.365:"组帧结束"                            File: Line:0 Function: Type:Debug:
DateTime:2026-08-28 17:51:06.365:"367.2Send:数据转发(设置-CCO任务队列_智能补采_运行参数EB040603)：=>68 40 00 43 00 00 00 00 00 7E 52 01 00 02 12 90 78 56 34 12 6B 8A E8 25 00 68 23 00 43 05 12 90 78 56 34 12 10 B8 F3 06 02 05 01 EB 04 06 03 09 09 11 11 11 11 00 00 00 08 02 00 F3 08 16 89 16"                            File: Line:0 Function: Type:Debug:
DateTime:2026-08-28 17:51:06.365:"槽位2透传:68420142016840000000000022600000010002013C006840004300000000007E520100021290785634126B8AE82500682300430512907856341210B8F306020501EB040603090911111111000000080200F308168916D216"                            File: Line:0 Function: Type:Debug:
DateTime:2026-08-28 17:51:06.365:"工装发送：68 42 01 42 01 68 40 00 00 00 00 00 22 60 00 00 01 00 02 01 3C 00 68 40 00 43 00 00 00 00 00 7E 52 01 00 02 12 90 78 56 34 12 6B 8A E8 25 00 68 23 00 43 05 12 90 78 56 34 12 10 B8 F3 06 02 05 01 EB 04 06 03 09 09 11 11 11 11 00 00 00 08 02 00 F3 08 16 89 16 D2 16"                            File: Line:0 Function: Type:Debug:
DateTime:2026-08-28 17:51:06.440:"工装接收：68 32 00 32 00 68 80 00 00 00 00 00 00 60 00 00 01 00 E1 16"                            File: Line:0 Function: Type:Debug:
DateTime:2026-08-28 17:51:06.440:"m_baRecvMsg:"                            File: Line:0 Function: Type:Debug:
DateTime:2026-08-28 17:51:06.440:"frameList.size():1"                            File: Line:0 Function: Type:Debug:
DateTime:2026-08-28 17:51:06.440:"进入报文解析"                            File: Line:0 Function: Type:Debug:
DateTime:2026-08-28 17:51:06.440:"68 32 00 32 00 68 80 00 00 00 00 00 00 60 00 00 01 00 E1 16"                            File: Line:0 Function: Type:Debug:
DateTime:2026-08-28 17:51:06.440:"解码完成，功能码: 1"                            File: Line:0 Function: Type:Debug:
DateTime:2026-08-28 17:51:06.440:"工装回复确认帧"                            File: Line:0 Function: Type:Debug:
DateTime:2026-08-28 17:51:06.565:"工装接收：68 0E 01 0E 01 68 80 00 00 00 00 00 22 60 00 00 01 00 02 34 00 68 34 00 80 00 00 00 00 00 7E 52 01 00 02 12 90 78 56 34 12 1C 00 68 1A 00 C3 05 12 90 78 56 34 12 00 1A 5D 86 02 00 01 EB 04 06 03 00 00 00 95 2B 16 F3 16 D1 16"                            File: Line:0 Function: Type:Debug:
DateTime:2026-08-28 17:51:06.565:"m_baRecvMsg:"                            File: Line:0 Function: Type:Debug:
DateTime:2026-08-28 17:51:06.565:"frameList.size():1"                            File: Line:0 Function: Type:Debug:
DateTime:2026-08-28 17:51:06.565:"进入报文解析"                            File: Line:0 Function: Type:Debug:
DateTime:2026-08-28 17:51:06.565:"68 0E 01 0E 01 68 80 00 00 00 00 00 22 60 00 00 01 00 02 34 00 68 34 00 80 00 00 00 00 00 7E 52 01 00 02 12 90 78 56 34 12 1C 00 68 1A 00 C3 05 12 90 78 56 34 12 00 1A 5D 86 02 00 01 EB 04 06 03 00 00 00 95 2B 16 F3 16 D1 16"                            File: Line:0 Function: Type:Debug:
DateTime:2026-08-28 17:51:06.565:"解码完成，功能码: 4"                            File: Line:0 Function: Type:Debug:
DateTime:2026-08-28 17:51:06.565:"工装接收到透传报文"                            File: Line:0 Function: Type:Debug:
DateTime:2026-08-28 17:51:06.565:"0234006834008000000000007E520100021290785634121C00681A00C305129078563412001A5D86020001EB040603000000952B16F316"                            File: Line:0 Function: Type:Debug:
DateTime:2026-08-28 17:51:06.565:"透传报文内容:68 34 00 80 00 00 00 00 00 7e 52 01 00 02 12 90 78 56 34 12 1c 00 68 1a 00 c3 05 12 90 78 56 34 12 00 1a 5d 86 02 00 01 eb 04 06 03 00 00 00 95 2b 16 f3 16"                            File: Line:0 Function: Type:Debug:
DateTime:2026-08-28 17:51:07.024:"工装接收：68 B6 00 B6 00 68 80 00 00 00 00 00 22 60 00 00 01 00 02 1E 00 68 1E 00 C0 00 00 00 00 00 11 56 40 01 01 00 03 00 03 06 01 10 00 16 19 00 01 00 0B C1 16 41 16"                            File: Line:0 Function: Type:Debug:
DateTime:2026-08-28 17:51:07.024:"m_baRecvMsg:"                            File: Line:0 Function: Type:Debug:
DateTime:2026-08-28 17:51:07.025:"frameList.size():1"                            File: Line:0 Function: Type:Debug:
DateTime:2026-08-28 17:51:07.025:"进入报文解析"                            File: Line:0 Function: Type:Debug:
DateTime:2026-08-28 17:51:07.025:"68 B6 00 B6 00 68 80 00 00 00 00 00 22 60 00 00 01 00 02 1E 00 68 1E 00 C0 00 00 00 00 00 11 56 40 01 01 00 03 00 03 06 01 10 00 16 19 00 01 00 0B C1 16 41 16"                            File: Line:0 Function: Type:Debug:
DateTime:2026-08-28 17:51:07.025:"解码完成，功能码: 4"                            File: Line:0 Function: Type:Debug:
DateTime:2026-08-28 17:51:07.025:"工装接收到透传报文"                            File: Line:0 Function: Type:Debug:
DateTime:2026-08-28 17:51:07.025:"021E00681E00C000000000001156400101000300030601100016190001000BC116"                            File: Line:0 Function: Type:Debug:
DateTime:2026-08-28 17:51:07.025:"透传报文内容:68 1e 00 c0 00 00 00 00 00 11 56 40 01 01 00 03 00 03 06 01 10 00 16 19 00 01 00 0b c1 16"                            File: Line:0 Function: Type:Debug:
DateTime:2026-08-28 17:51:09.443:"uTimeSecond_ms:30000"                            File: Line:0 Function: Type:Debug:
DateTime:2026-08-28 17:51:09.443:"查找结果: iret=0, wStart=0, dwOutLen=52, dwStreamLen=82, dwFindPos=0"                            File: Line:0 Function: Type:Debug:
DateTime:2026-08-28 17:51:09.443:"Receive:<= 68 34 00 80 00 00 00 00 00 7E 52 01 00 02 12 90 78 56 34 12 1C 00 68 1A 00 C3 05 12 90 78 56 34 12 00 1A 5D 86 02 00 01 EB 04 06 03 00 00 00 95 2B 16 F3 16"                            File: Line:0 Function: Type:Debug:
DateTime:2026-08-28 17:51:09.443:"解析：功能码-AFN=52H,Fn=1："                            File: Line:0 Function: Type:Debug:
DateTime:2026-08-28 17:51:09.443:"查找结果: iret=0, wStart=0, dwOutLen=30, dwStreamLen=30, dwFindPos=52"                            File: Line:0 Function: Type:Debug:
DateTime:2026-08-28 17:51:09.443:"Receive:<= 68 1E 00 C0 00 00 00 00 00 11 56 40 01 01 00 03 00 03 06 01 10 00 16 19 00 01 00 0B C1 16"                            File: Line:0 Function: Type:Debug:
DateTime:2026-08-28 17:51:09.443:"解析：功能码-AFN=56H,Fn=15："                            File: Line:0 Function: Type:Debug:
DateTime:2026-08-28 17:51:09.443:"AFN或者Fn与预判不一致"                            File: Line:0 Function: Type:Debug:
DateTime:2026-08-28 17:51:09.443:"Send(确认)：=> 68 0F 00 43 00 00 00 00 00 11 50 01 00 A5 16"                            File: Line:0 Function: Type:Debug:
DateTime:2026-08-28 17:51:09.443:"槽位2透传:687E007E006840000000000022600000010002013C00680F0043000000000011500100A516D916"                            File: Line:0 Function: Type:Debug:
DateTime:2026-08-28 17:51:09.443:"工装发送：68 7E 00 7E 00 68 40 00 00 00 00 00 22 60 00 00 01 00 02 01 3C 00 68 0F 00 43 00 00 00 00 00 11 50 01 00 A5 16 D9 16"                            File: Line:0 Function: Type:Debug:
DateTime:2026-08-28 17:51:09.443:"透传回复内容：021290785634121C00681A00C305129078563412001A5D86020001EB040603000000952B16"                            File: Line:0 Function: Type:Debug:
DateTime:2026-08-28 17:51:09.443:"pInfoOut->user_data.data_val:01EB040603000000"                            File: Line:0 Function: Type:Debug:
DateTime:2026-08-28 17:51:09.444:"回复698报文，OMD为eb040603"                            File: Line:0 Function: Type:Debug:
DateTime:2026-08-28 17:51:09.444:"设置成功"                            File: Line:0 Function: Type:Debug:
DateTime:2026-08-28 17:51:09.444:dll输出信息: ""                            File: Line:0 Function: Type:Debug:
DateTime:2026-08-28 17:51:09.444:接口函数调用成功，返回的结果为 0                            File: Line:0 Function: Type:Debug:
DateTime:2026-08-28 17:51:09.444:"外部传入的para：0，返回的result：0,返回的pValRet：0"                            File: Line:0 Function: Type:Debug:
DateTime:2026-08-28 17:51:09.444:"执行接口函数CCO_AFN52_F1_EB040603_set_698完成"                            File: Line:0 Function: Type:Debug:
DateTime:2026-08-28 17:51:09.445:coorIndex 0                            File: Line:0 Function: Type:Debug:
DateTime:2026-08-28 17:51:09.446:当前流程结束                            File: Line:0 Function: Type:Debug:
DateTime:2026-08-28 17:51:09.446:退出connect函数                            File: Line:0 Function: Type:Debug:
DateTime:2026-08-28 17:51:09.446:"=========【Step45-数据转发--EB040603设置CCO智能补采运行参数(设置02:不添加56F15)】结束=========="                            File: Line:0 Function: Type:Debug:
DateTime:2026-08-28 17:51:09.446:"-----------------------------"                            File: Line:0 Function: Type:Debug:
DateTime:2026-08-28 17:51:09.446:"=============执行【Step46-数据转发--EB040603查询CCO智能补采运行参数(02:不添加56F15)】==================="                            File: Line:0 Function: Type:Debug:
DateTime:2026-08-28 17:51:09.446:"执行接口函数CCO_AFN52_F1_EB040603_read_698"                            File: Line:0 Function: Type:Debug:
DateTime:2026-08-28 17:51:09.446:callWorkFunction: CCO_AFN52_F1_EB040603_read_698                            File: Line:0 Function: Type:Debug:
DateTime:2026-08-28 17:51:09.447:找到对应函数，进入执行                            File: Line:0 Function: Type:Debug:
DateTime:2026-08-28 17:51:09.461:"工装接收：68 32 00 32 00 68 80 00 00 00 00 00 00 60 00 00 01 00 E1 16"                            File: Line:0 Function: Type:Debug:
DateTime:2026-08-28 17:51:09.461:"m_baRecvMsg:"                            File: Line:0 Function: Type:Debug:
DateTime:2026-08-28 17:51:09.461:"rameList.size():"                            File: Line:0 Function: Type:Debug:
DateTime:2026-08-28 17:51:09.461:"进入报文解析"                            File: Line:0 Function: Type:Debug:
DateTime:2026-08-28 17:51:09.461:"68 32 00 32 00 68 80 00 00 00 00 00 00 60 00 00 01 00 E1 16"                            File: Line:0 Function: Type:Debug:
DateTime:2026-08-28 17:51:09.461:"解码完成，功能码: 1"                            File: Line:0 Function: Type:Debug:
DateTime:2026-08-28 17:51:09.461:"工装回复确认帧"                            File: Line:0 Function: Type:Debug:
DateTime:2026-08-28 17:51:10.468:"等待工装回复超时"                            File: Line:0 Function: Type:Debug:
DateTime:2026-08-28 17:51:10.468:"开始组帧"                            File: Line:0 Function: Type:Debug:
DateTime:2026-08-28 17:51:10.468:"组帧结束"                            File: Line:0 Function: Type:Debug:
DateTime:2026-08-28 17:51:10.468:"367.2Send:数据转发(查询-CCO任务队列_智能补采_运行参数 EB040603)：=>68 36 00 43 00 00 00 00 00 7F 52 01 00 02 12 90 78 56 34 12 6B 8A E8 1B 00 68 19 00 43 05 12 90 78 56 34 12 10 FF 77 07 02 06 01 EB 04 06 03 00 00 6D 9B 16 F0 16"                            File: Line:0 Function: Type:Debug:
DateTime:2026-08-28 17:51:10.468:"槽位2透传:681A011A016840000000000022600000010002013C006836004300000000007F520100021290785634126B8AE81B00681900430512907856341210FF7707020601EB04060300006D9B16F0169616"                            File: Line:0 Function: Type:Debug:
DateTime:2026-08-28 17:51:10.468:"工装发送：68 1A 01 1A 01 68 40 00 00 00 00 00 22 60 00 00 01 00 02 01 3C 00 68 36 00 43 00 00 00 00 00 7F 52 01 00 02 12 90 78 56 34 12 6B 8A E8 1B 00 68 19 00 43 05 12 90 78 56 34 12 10 FF 77 07 02 06 01 EB 04 06 03 00 00 6D 9B 16 F0 16 96 16"                            File: Line:0 Function: Type:Debug:
DateTime:2026-08-28 17:51:10.531:"工装接收：68 32 00 32 00 68 80 00 00 00 00 00 00 60 00 00 01 00 E1 16"                            File: Line:0 Function: Type:Debug:
DateTime:2026-08-28 17:51:10.531:"m_baRecvMsg:"                            File: Line:0 Function: Type:Debug:
DateTime:2026-08-28 17:51:10.531:"frameList.size():1"                            File: Line:0 Function: Type:Debug:
DateTime:2026-08-28 17:51:10.531:"进入报文解析"                            File: Line:0 Function: Type:Debug:
DateTime:2026-08-28 17:51:10.531:"68 32 00 32 00 68 80 00 00 00 00 00 00 60 00 00 01 00 E1 16"                            File: Line:0 Function: Type:Debug:
DateTime:2026-08-28 17:51:10.531:"解码完成，功能码: 1"                            File: Line:0 Function: Type:Debug:
DateTime:2026-08-28 17:51:10.531:"工装回复确认帧"                            File: Line:0 Function: Type:Debug:
DateTime:2026-08-28 17:51:10.604:"工装接收：68 1E 01 1E 01 68 80 00 00 00 00 00 22 60 00 00 01 00 02 38 00 68 38 00 80 00 00 00 00 00 7F 52 01 00 02 12 90 78 56 34 12 20 00 68 1E 00 C3 05 12 90 78 56 34 12 00 4F 03 87 02 00 01 EB 04 06 03 00 01 09 01 02 00 00 BD E2 16 C4 16 7B 16"                            File: Line:0 Function: Type:Debug:
DateTime:2026-08-28 17:51:10.604:"m_baRecvMsg:"                            File: Line:0 Function: Type:Debug:
DateTime:2026-08-28 17:51:10.604:"frameList.size():1"                            File: Line:0 Function: Type:Debug:
DateTime:2026-08-28 17:51:10.604:"进入报文解析"                            File: Line:0 Function: Type:Debug:
DateTime:2026-08-28 17:51:10.605:"68 1E 01 1E 01 68 80 00 00 00 00 00 22 60 00 00 01 00 02 38 00 68 38 00 80 00 00 00 00 00 7F 52 01 00 02 12 90 78 56 34 12 20 00 68 1E 00 C3 05 12 90 78 56 34 12 00 4F 03 87 02 00 01 EB 04 06 03 00 01 09 01 02 00 00 BD E2 16 C4 16 7B 16"                            File: Line:0 Function: Type:Debug:
DateTime:2026-08-28 17:51:10.605:"解码完成，功能码: 4"                            File: Line:0 Function: Type:Debug:
DateTime:2026-08-28 17:51:10.605:"工装接收到透传报文"                            File: Line:0 Function: Type:Debug:
DateTime:2026-08-28 17:51:10.605:"0238006838008000000000007F520100021290785634122000681E00C305129078563412004F0387020001EB04060300010901020000BDE216C416"                            File: Line:0 Function: Type:Debug:
DateTime:2026-08-28 17:51:10.605:"透传报文内容:68 38 00 80 00 00 00 00 00 7f 52 01 00 02 12 90 78 56 34 12 20 00 68 1e 00 c3 05 12 90 78 56 34 12 00 4f 03 87 02 00 01 eb 04 06 03 00 01 09 01 02 00 00 bd e2 16 c4 16"                            File: Line:0 Function: Type:Debug:
DateTime:2026-08-28 17:51:13.526:"uTimeSecond_ms:30000"                            File: Line:0 Function: Type:Debug:
DateTime:2026-08-28 17:51:13.526:"查找结果: iret=0, wStart=0, dwOutLen=56, dwStreamLen=56, dwFindPos=0"                            File: Line:0 Function: Type:Debug:
DateTime:2026-08-28 17:51:13.526:"Receive:<= 68 38 00 80 00 00 00 00 00 7F 52 01 00 02 12 90 78 56 34 12 20 00 68 1E 00 C3 05 12 90 78 56 34 12 00 4F 03 87 02 00 01 EB 04 06 03 00 01 09 01 02 00 00 BD E2 16 C4 16"                            File: Line:0 Function: Type:Debug:
DateTime:2026-08-28 17:51:13.526:"解析：功能码-AFN=52H,Fn=1："                            File: Line:0 Function: Type:Debug:
DateTime:2026-08-28 17:51:13.526:"透传回复内容：021290785634122000681E00C305129078563412004F0387020001EB04060300010901020000BDE216"                            File: Line:0 Function: Type:Debug:
DateTime:2026-08-28 17:51:13.526:"pInfoOut->user_data.data_val:01EB04060300010901020000"                            File: Line:0 Function: Type:Debug:
DateTime:2026-08-28 17:51:13.526:"回复698报文，OMD为eb040603"                            File: Line:0 Function: Type:Debug:
DateTime:2026-08-28 17:51:13.526:"新增STA是否添加到档案：1：添加；上报方式：0事件（默认）"                            File: Line:0 Function: Type:Debug:
DateTime:2026-08-28 17:51:13.526:dll输出信息: ""                            File: Line:0 Function: Type:Debug:
DateTime:2026-08-28 17:51:13.526:接口函数调用成功，返回的结果为 0                            File: Line:0 Function: Type:Debug:
DateTime:2026-08-28 17:51:13.526:"外部传入的para：0，返回的result：0,返回的pValRet：0"                            File: Line:0 Function: Type:Debug:
DateTime:2026-08-28 17:51:13.526:"执行接口函数CCO_AFN52_F1_EB040603_read_698完成"                            File: Line:0 Function: Type:Debug:
DateTime:2026-08-28 17:51:13.528:coorIndex 0                            File: Line:0 Function: Type:Debug:
DateTime:2026-08-28 17:51:13.528:当前流程结束                            File: Line:0 Function: Type:Debug:
DateTime:2026-08-28 17:51:13.528:退出connect函数                            File: Line:0 Function: Type:Debug:
DateTime:2026-08-28 17:51:13.528:"=========【Step46-数据转发--EB040603查询CCO智能补采运行参数(02:不添加56F15)】结束=========="                            File: Line:0 Function: Type:Debug:
DateTime:2026-08-28 17:51:13.528:"-----------------------------"                            File: Line:0 Function: Type:Debug:
DateTime:2026-08-28 17:51:13.529:"=============执行【Step47-添加档案外的智能补采报文(上报方式56F15)(回复否认)】==================="                            File: Line:0 Function: Type:Debug:
DateTime:2026-08-28 17:51:13.529:"执行接口函数CCO_AFN52_F2"                            File: Line:0 Function: Type:Debug:
DateTime:2026-08-28 17:51:13.529:callWorkFunction: CCO_AFN52_F2                            File: Line:0 Function: Type:Debug:
DateTime:2026-08-28 17:51:13.529:找到对应函数，进入执行                            File: Line:0 Function: Type:Debug:
DateTime:2026-08-28 17:51:14.032:"等待工装回复超时"                            File: Line:0 Function: Type:Debug:
DateTime:2026-08-28 17:51:14.032:"开始组帧"                            File: Line:0 Function: Type:Debug:
DateTime:2026-08-28 17:51:14.032:"组帧结束"                            File: Line:0 Function: Type:Debug:
DateTime:2026-08-28 17:51:14.032:"367.2Send:智能补采(52H-F2)：=>68 37 00 43 00 00 00 00 00 80 52 02 00 01 00 03 00 03 08 01 10 00 16 19 03 00 19 00 68 17 00 43 05 08 01 10 00 16 19 10 B1 16 05 01 00 20 04 02 00 00 09 CC 16 7F 16"                            File: Line:0 Function: Type:Debug:
DateTime:2026-08-28 17:51:14.032:"槽位2透传:681E011E016840000000000022600000010002013C0068370043000000000080520200010003000308011000161903001900681700430508011000161910B116050100200402000009CC167F16B516"                            File: Line:0 Function: Type:Debug:
DateTime:2026-08-28 17:51:14.032:"工装发送：68 1E 01 1E 01 68 40 00 00 00 00 00 22 60 00 00 01 00 02 01 3C 00 68 37 00 43 00 00 00 00 00 80 52 02 00 01 00 03 00 03 08 01 10 00 16 19 03 00 19 00 68 17 00 43 05 08 01 10 00 16 19 10 B1 16 05 01 00 20 04 02 00 00 09 CC 16 7F 16 B5 16"                            File: Line:0 Function: Type:Debug:
DateTime:2026-08-28 17:51:14.096:"工装接收：68 32 00 32 00 68 80 00 00 00 00 00 00 60 00 00 01 00 E1 16"                            File: Line:0 Function: Type:Debug:
DateTime:2026-08-28 17:51:14.096:"m_baRecvMsg:"                            File: Line:0 Function: Type:Debug:
DateTime:2026-08-28 17:51:14.096:"frameList.size():1"                            File: Line:0 Function: Type:Debug:
DateTime:2026-08-28 17:51:14.096:"进入报文解析"                            File: Line:0 Function: Type:Debug:
DateTime:2026-08-28 17:51:14.096:"68 32 00 32 00 68 80 00 00 00 00 00 00 60 00 00 01 00 E1 16"                            File: Line:0 Function: Type:Debug:
DateTime:2026-08-28 17:51:14.096:"解码完成，功能码: 1"                            File: Line:0 Function: Type:Debug:
DateTime:2026-08-28 17:51:14.096:"工装回复确认帧"                            File: Line:0 Function: Type:Debug:
DateTime:2026-08-28 17:51:14.149:"工装接收：68 7E 00 7E 00 68 80 00 00 00 00 00 22 60 00 00 01 00 02 10 00 68 10 00 80 00 00 00 00 00 80 50 02 00 01 53 16 49 16"                            File: Line:0 Function: Type:Debug:
DateTime:2026-08-28 17:51:14.149:"m_baRecvMsg:"                            File: Line:0 Function: Type:Debug:
DateTime:2026-08-28 17:51:14.149:"frameList.size():1"                            File: Line:0 Function: Type:Debug:
DateTime:2026-08-28 17:51:14.149:"进入报文解析"                            File: Line:0 Function: Type:Debug:
DateTime:2026-08-28 17:51:14.149:"68 7E 00 7E 00 68 80 00 00 00 00 00 22 60 00 00 01 00 02 10 00 68 10 00 80 00 00 00 00 00 80 50 02 00 01 53 16 49 16"                            File: Line:0 Function: Type:Debug:
DateTime:2026-08-28 17:51:14.149:"解码完成，功能码: 4"                            File: Line:0 Function: Type:Debug:
DateTime:2026-08-28 17:51:14.149:"工装接收到透传报文"                            File: Line:0 Function: Type:Debug:
DateTime:2026-08-28 17:51:14.149:"02100068100080000000000080500200015316"                            File: Line:0 Function: Type:Debug:
DateTime:2026-08-28 17:51:14.149:"透传报文内容:68 10 00 80 00 00 00 00 00 80 50 02 00 01 53 16"                            File: Line:0 Function: Type:Debug:
DateTime:2026-08-28 17:51:17.070:"uTimeSecond_ms:30000"                            File: Line:0 Function: Type:Debug:
DateTime:2026-08-28 17:51:17.070:"Receive:<= 68 10 00 80 00 00 00 00 00 80 50 02 00 01 53 16"                            File: Line:0 Function: Type:Debug:
DateTime:2026-08-28 17:51:17.070:"解析：功能码-AFN=50H,Fn=2："                            File: Line:0 Function: Type:Debug:
DateTime:2026-08-28 17:51:17.070:"收到否认报文，结束等待"                            File: Line:0 Function: Type:Debug:
DateTime:2026-08-28 17:51:17.070:"否认类型: [1][无效数据单元]."                            File: Line:0 Function: Type:Debug:
DateTime:2026-08-28 17:51:20.092:"等待工装回复超时"                            File: Line:0 Function: Type:Debug:
DateTime:2026-08-28 17:51:23.114:"等待工装回复超时"                            File: Line:0 Function: Type:Debug:
DateTime:2026-08-28 17:51:26.136:"等待工装回复超时"                            File: Line:0 Function: Type:Debug:
DateTime:2026-08-28 17:51:29.158:"等待工装回复超时"                            File: Line:0 Function: Type:Debug:
DateTime:2026-08-28 17:51:32.180:"等待工装回复超时"                            File: Line:0 Function: Type:Debug:
DateTime:2026-08-28 17:51:35.202:"等待工装回复超时"                            File: Line:0 Function: Type:Debug:
DateTime:2026-08-28 17:51:38.224:"等待工装回复超时"                            File: Line:0 Function: Type:Debug:
DateTime:2026-08-28 17:51:41.246:"等待工装回复超时"                            File: Line:0 Function: Type:Debug:
DateTime:2026-08-28 17:51:44.268:"等待工装回复超时"                            File: Line:0 Function: Type:Debug:
DateTime:2026-08-28 17:51:47.289:"等待工装回复超时"                            File: Line:0 Function: Type:Debug:
DateTime:2026-08-28 17:51:47.289:"路由回复否认:否认类型: [1][无效数据单元]."                            File: Line:0 Function: Type:Debug:
DateTime:2026-08-28 17:51:47.289:dll输出信息: ""                            File: Line:0 Function: Type:Debug:
DateTime:2026-08-28 17:51:47.289:接口函数调用成功，返回的结果为 0                            File: Line:0 Function: Type:Debug:
DateTime:2026-08-28 17:51:47.289:"外部传入的para：1，返回的result：0,返回的pValRet：1"                            File: Line:0 Function: Type:Debug:
DateTime:2026-08-28 17:51:47.289:"执行接口函数CCO_AFN52_F2完成"                            File: Line:0 Function: Type:Debug:
DateTime:2026-08-28 17:51:47.291:coorIndex 0                            File: Line:0 Function: Type:Debug:
DateTime:2026-08-28 17:51:47.291:当前流程结束                            File: Line:0 Function: Type:Debug:
DateTime:2026-08-28 17:51:47.292:退出connect函数                            File: Line:0 Function: Type:Debug:
DateTime:2026-08-28 17:51:47.292:"=========【Step47-添加档案外的智能补采报文(上报方式56F15)(回复否认)】结束=========="                            File: Line:0 Function: Type:Debug:
DateTime:2026-08-28 17:51:47.292:"-----------------------------"                            File: Line:0 Function: Type:Debug:
DateTime:2026-08-28 17:51:47.294:"=============执行【Step48-查询从节点数量】==================="                            File: Line:0 Function: Type:Debug:
DateTime:2026-08-28 17:51:47.294:"执行接口函数CCO_AFN10_F1"                            File: Line:0 Function: Type:Debug:
DateTime:2026-08-28 17:51:47.294:callWorkFunction: CCO_AFN10_F1                            File: Line:0 Function: Type:Debug:
DateTime:2026-08-28 17:51:47.294:找到对应函数，进入执行                            File: Line:0 Function: Type:Debug:
DateTime:2026-08-28 17:51:47.798:"等待工装回复超时"                            File: Line:0 Function: Type:Debug:
DateTime:2026-08-28 17:51:47.798:"开始组帧"                            File: Line:0 Function: Type:Debug:
DateTime:2026-08-28 17:51:47.798:"组帧结束"                            File: Line:0 Function: Type:Debug:
DateTime:2026-08-28 17:51:47.798:"367.2Send:查询从节点数量(10H-F1)：=>68 0F 00 41 00 00 00 00 00 81 10 01 00 D3 16"                            File: Line:0 Function: Type:Debug:
DateTime:2026-08-28 17:51:47.798:"槽位2透传:687E007E006840000000000022600000010002013C00680F0041000000000081100100D3163516"                            File: Line:0 Function: Type:Debug:
DateTime:2026-08-28 17:51:47.798:"工装发送：68 7E 00 7E 00 68 40 00 00 00 00 00 22 60 00 00 01 00 02 01 3C 00 68 0F 00 41 00 00 00 00 00 81 10 01 00 D3 16 35 16"                            File: Line:0 Function: Type:Debug:
DateTime:2026-08-28 17:51:47.816:"工装接收：68 32 00 32 00 68 80 00 00 00 00 00 00 60 00 00 01 00 E1 16"                            File: Line:0 Function: Type:Debug:
DateTime:2026-08-28 17:51:47.816:"m_baRecvMsg:"                            File: Line:0 Function: Type:Debug:
DateTime:2026-08-28 17:51:47.816:"frameList.size():1"                            File: Line:0 Function: Type:Debug:
DateTime:2026-08-28 17:51:47.816:"进入报文解析"                            File: Line:0 Function: Type:Debug:
DateTime:2026-08-28 17:51:47.816:"68 32 00 32 00 68 80 00 00 00 00 00 00 60 00 00 01 00 E1 16"                            File: Line:0 Function: Type:Debug:
DateTime:2026-08-28 17:51:47.816:"解码完成，功能码: 1"                            File: Line:0 Function: Type:Debug:
DateTime:2026-08-28 17:51:47.816:"工装回复确认帧"                            File: Line:0 Function: Type:Debug:
DateTime:2026-08-28 17:51:47.869:"工装接收：68 8A 00 8A 00 68 80 00 00 00 00 00 22 60 00 00 01 00 02 13 00 68 13 00 83 00 00 00 00 00 81 10 01 00 02 00 F8 07 16 16 D5 16"                            File: Line:0 Function: Type:Debug:
DateTime:2026-08-28 17:51:47.869:"m_baRecvMsg:"                            File: Line:0 Function: Type:Debug:
DateTime:2026-08-28 17:51:47.869:"frameList.size():1"                            File: Line:0 Function: Type:Debug:
DateTime:2026-08-28 17:51:47.869:"进入报文解析"                            File: Line:0 Function: Type:Debug:
DateTime:2026-08-28 17:51:47.869:"68 8A 00 8A 00 68 80 00 00 00 00 00 22 60 00 00 01 00 02 13 00 68 13 00 83 00 00 00 00 00 81 10 01 00 02 00 F8 07 16 16 D5 16"                            File: Line:0 Function: Type:Debug:
DateTime:2026-08-28 17:51:47.869:"解码完成，功能码: 4"                            File: Line:0 Function: Type:Debug:
DateTime:2026-08-28 17:51:47.869:"工装接收到透传报文"                            File: Line:0 Function: Type:Debug:
DateTime:2026-08-28 17:51:47.869:"021300681300830000000000811001000200F8071616"                            File: Line:0 Function: Type:Debug:
DateTime:2026-08-28 17:51:47.869:"透传报文内容:68 13 00 83 00 00 00 00 00 81 10 01 00 02 00 f8 07 16 16"                            File: Line:0 Function: Type:Debug:
DateTime:2026-08-28 17:51:50.891:"uTimeSecond_ms:5000"                            File: Line:0 Function: Type:Debug:
DateTime:2026-08-28 17:51:50.891:"查找结果: iret=0, wStart=0, dwOutLen=19, dwStreamLen=19, dwFindPos=0"                            File: Line:0 Function: Type:Debug:
DateTime:2026-08-28 17:51:50.891:"Receive:<= 68 13 00 83 00 00 00 00 00 81 10 01 00 02 00 F8 07 16 16"                            File: Line:0 Function: Type:Debug:
DateTime:2026-08-28 17:51:50.891:"解析：功能码-AFN=10H,Fn=1："                            File: Line:0 Function: Type:Debug:
DateTime:2026-08-28 17:51:50.891:"从节点数量：2,最大支持节点数：2040."                            File: Line:0 Function: Type:Debug:
DateTime:2026-08-28 17:51:50.891:dll输出信息: ""                            File: Line:0 Function: Type:Debug:
DateTime:2026-08-28 17:51:50.891:接口函数调用成功，返回的结果为 0                            File: Line:0 Function: Type:Debug:
DateTime:2026-08-28 17:51:50.891:"外部传入的para：0，返回的result：0,返回的pValRet：0"                            File: Line:0 Function: Type:Debug:
DateTime:2026-08-28 17:51:50.891:"执行接口函数CCO_AFN10_F1完成"                            File: Line:0 Function: Type:Debug:
DateTime:2026-08-28 17:51:50.893:coorIndex 0                            File: Line:0 Function: Type:Debug:
DateTime:2026-08-28 17:51:50.893:当前流程结束                            File: Line:0 Function: Type:Debug:
DateTime:2026-08-28 17:51:50.893:退出connect函数                            File: Line:0 Function: Type:Debug:
DateTime:2026-08-28 17:51:50.893:"=========【Step48-查询从节点数量】结束=========="                            File: Line:0 Function: Type:Debug:
DateTime:2026-08-28 17:51:50.893:"-----------------------------"                            File: Line:0 Function: Type:Debug:
DateTime:2026-08-28 17:51:50.894:"=============执行【Step49-添加档案内的智能补采报文(上报方式56F15)】==================="                            File: Line:0 Function: Type:Debug:
DateTime:2026-08-28 17:51:50.894:"执行接口函数CCO_AFN52_F2_multi_DT_56F15"                            File: Line:0 Function: Type:Debug:
DateTime:2026-08-28 17:51:50.894:callWorkFunction: CCO_AFN52_F2_multi_DT_56F15                            File: Line:0 Function: Type:Debug:
DateTime:2026-08-28 17:51:50.894:找到对应函数，进入执行                            File: Line:0 Function: Type:Debug:
DateTime:2026-08-28 17:51:50.894:"我跑到这啦111"                            File: Line:0 Function: Type:Debug:
DateTime:2026-08-28 17:51:50.894:"DT_List.size():1"                            File: Line:0 Function: Type:Debug:
DateTime:2026-08-28 17:51:50.894:"baDi:3230303430323030"                            File: Line:0 Function: Type:Debug:
DateTime:2026-08-28 17:51:50.894:"我跑到这啦222"                            File: Line:0 Function: Type:Debug:
DateTime:2026-08-28 17:51:50.894:Generated frame length: 25                            File: Line:0 Function: Type:Debug:
DateTime:2026-08-28 17:51:50.894:Frame data: "68170043050601100016191090900501072004020000d8d016"                            File: Line:0 Function: Type:Debug:
DateTime:2026-08-28 17:51:50.894:"我跑到这啦444"                            File: Line:0 Function: Type:Debug:
DateTime:2026-08-28 17:51:50.894:"我跑到这啦555"                            File: Line:0 Function: Type:Debug:
DateTime:2026-08-28 17:51:51.397:"等待工装回复超时"                            File: Line:0 Function: Type:Debug:
DateTime:2026-08-28 17:51:51.397:"Send:智能补采(52H-F2)：=>68 37 00 43 00 00 00 00 00 82 52 02 00 01 00 03 00 03 06 01 10 00 16 19 03 00 19 00 68 17 00 43 05 06 01 10 00 16 19 10 90 90 05 01 07 20 04 02 00 00 D8 D0 16 B0 16"                            File: Line:0 Function: Type:Debug:
DateTime:2026-08-28 17:51:51.397:"槽位2透传:681E011E016840000000000022600000010002013C006837004300000000008252020001000300030601100016190300190068170043050601100016191090900501072004020000D8D016B0161716"                            File: Line:0 Function: Type:Debug:
DateTime:2026-08-28 17:51:51.397:"工装发送：68 1E 01 1E 01 68 40 00 00 00 00 00 22 60 00 00 01 00 02 01 3C 00 68 37 00 43 00 00 00 00 00 82 52 02 00 01 00 03 00 03 06 01 10 00 16 19 03 00 19 00 68 17 00 43 05 06 01 10 00 16 19 10 90 90 05 01 07 20 04 02 00 00 D8 D0 16 B0 16 17 16"                            File: Line:0 Function: Type:Debug:
DateTime:2026-08-28 17:51:51.397:"uTimeSecond_ms:5000"                            File: Line:0 Function: Type:Debug:
DateTime:2026-08-28 17:51:51.461:"工装接收：68 32 00 32 00 68 80 00 00 00 00 00 00 60 00 00 01 00 E1 16"                            File: Line:0 Function: Type:Debug:
DateTime:2026-08-28 17:51:51.461:"m_baRecvMsg:"                            File: Line:0 Function: Type:Debug:
DateTime:2026-08-28 17:51:51.461:"rameList.size():"                            File: Line:0 Function: Type:Debug:
DateTime:2026-08-28 17:51:51.461:"进入报文解析"                            File: Line:0 Function: Type:Debug:
DateTime:2026-08-28 17:51:51.461:"68 32 00 32 00 68 80 00 00 00 00 00 00 60 00 00 01 00 E1 16"                            File: Line:0 Function: Type:Debug:
DateTime:2026-08-28 17:51:51.461:"解码完成，功能码: 1"                            File: Line:0 Function: Type:Debug:
DateTime:2026-08-28 17:51:51.461:"工装回复确认帧"                            File: Line:0 Function: Type:Debug:
DateTime:2026-08-28 17:51:51.517:"工装接收：68 E2 00 E2 00 68 80 00 00 00 00 00 22 60 00 00 01 00 02 29 00 68 29 00 80 00 00 00 00 00 82 52 02 00 01 00 03 00 03 06 01 10 00 16 19 03 0C 00 68 06 01 10 00 16 19 68 94 00 AA 16 1C 16 0D 16"                            File: Line:0 Function: Type:Debug:
DateTime:2026-08-28 17:51:51.517:"m_baRecvMsg:"                            File: Line:0 Function: Type:Debug:
DateTime:2026-08-28 17:51:51.518:"rameList.size():"                            File: Line:0 Function: Type:Debug:
DateTime:2026-08-28 17:51:51.518:"进入报文解析"                            File: Line:0 Function: Type:Debug:
DateTime:2026-08-28 17:51:51.518:"68 E2 00 E2 00 68 80 00 00 00 00 00 22 60 00 00 01 00 02 29 00 68 29 00 80 00 00 00 00 00 82 52 02 00 01 00 03 00 03 06 01 10 00 16 19 03 0C 00 68 06 01 10 00 16 19 68 94 00 AA 16 1C 16 0D 16"                            File: Line:0 Function: Type:Debug:
DateTime:2026-08-28 17:51:51.518:"解码完成，功能码: 4"                            File: Line:0 Function: Type:Debug:
DateTime:2026-08-28 17:51:51.518:"工装回复透传报文"                            File: Line:0 Function: Type:Debug:
DateTime:2026-08-28 17:51:51.518:"022900682900800000000000825202000100030003060110001619030C0068060110001619689400AA161C16"                            File: Line:0 Function: Type:Debug:
DateTime:2026-08-28 17:51:51.518:"内容:68 29 00 80 00 00 00 00 00 82 52 02 00 01 00 03 00 03 06 01 10 00 16 19 03 0c 00 68 06 01 10 00 16 19 68 94 00 aa 16 1c 16"                            File: Line:0 Function: Type:Debug:
DateTime:2026-08-28 17:51:54.439:"查找结果: iret=0, wStart=0, dwOutLen=41, dwStreamLen=41, dwFindPos=0"                            File: Line:0 Function: Type:Debug:
DateTime:2026-08-28 17:51:54.439:"Receive:<= 68 29 00 80 00 00 00 00 00 82 52 02 00 01 00 03 00 03 06 01 10 00 16 19 03 0C 00 68 06 01 10 00 16 19 68 94 00 AA 16 1C 16"                            File: Line:0 Function: Type:Debug:
DateTime:2026-08-28 17:51:54.439:"解析：功能码-AFN=52H,Fn=2："                            File: Line:0 Function: Type:Debug:
DateTime:2026-08-28 17:51:54.439:"任务方案号：1"                            File: Line:0 Function: Type:Debug:
DateTime:2026-08-28 17:51:54.439:"具体任务序号：3"                            File: Line:0 Function: Type:Debug:
DateTime:2026-08-28 17:51:54.439:"通信对象类型：电能表"                            File: Line:0 Function: Type:Debug:
DateTime:2026-08-28 17:51:54.439:"通信对象地址：060110001619"                            File: Line:0 Function: Type:Debug:
DateTime:2026-08-28 17:51:54.439:"规约类型：3"                            File: Line:0 Function: Type:Debug:
DateTime:2026-08-28 17:51:54.439:"返回内容报文长度：12"                            File: Line:0 Function: Type:Debug:
DateTime:2026-08-28 17:51:54.439:"返回报文内容：68060110001619689400AA16"                            File: Line:0 Function: Type:Debug:
DateTime:2026-08-28 17:51:54.439:"收到确认帧"                            File: Line:0 Function: Type:Debug:
DateTime:2026-08-28 17:51:54.439:"uTimeSecond_ms:10000"                            File: Line:0 Function: Type:Debug:
DateTime:2026-08-28 17:51:57.461:"等待工装回复超时"                            File: Line:0 Function: Type:Debug:
DateTime:2026-08-28 17:52:00.483:"等待工装回复超时"                            File: Line:0 Function: Type:Debug:
DateTime:2026-08-28 17:52:03.505:"等待工装回复超时"                            File: Line:0 Function: Type:Debug:
DateTime:2026-08-28 17:52:06.527:"等待工装回复超时"                            File: Line:0 Function: Type:Debug:
DateTime:2026-08-28 17:52:06.527:"未收到主动上报数据帧"                            File: Line:0 Function: Type:Debug:
DateTime:2026-08-28 17:52:06.527:dll输出信息: ""                            File: Line:0 Function: Type:Debug:
DateTime:2026-08-28 17:52:06.527:接口函数调用成功，返回的结果为 -1                            File: Line:0 Function: Type:Debug:
DateTime:2026-08-28 17:52:06.527:"外部传入的para：0，返回的result：-1,返回的pValRet：1"                            File: Line:0 Function: Type:Debug:
DateTime:2026-08-28 17:52:06.527:返回结果不满足预期值                            File: Line:0 Function: Type:Debug:
DateTime:2026-08-28 17:52:06.529:coorIndex 0                            File: Line:0 Function: Type:Debug:
DateTime:2026-08-28 17:52:06.529:当前流程结束                            File: Line:0 Function: Type:Debug:
DateTime:2026-08-28 17:52:06.529:退出connect函数                            File: Line:0 Function: Type:Debug:
DateTime:2026-08-28 17:52:06.529:"=========【Step49-添加档案内的智能补采报文(上报方式56F15)】结束=========="                            File: Line:0 Function: Type:Debug:
DateTime:2026-08-28 17:52:06.529:"-----------------------------"                            File: Line:0 Function: Type:Debug:
DateTime:2026-08-28 17:52:06.529:"=============执行【Step50-数据转发--EB040603设置CCO智能补采运行参数(设置03:添加56F15)】==================="                            File: Line:0 Function: Type:Debug:
DateTime:2026-08-28 17:52:06.530:"执行接口函数CCO_AFN52_F1_EB040603_set_698"                            File: Line:0 Function: Type:Debug:
DateTime:2026-08-28 17:52:06.530:callWorkFunction: CCO_AFN52_F1_EB040603_set_698                            File: Line:0 Function: Type:Debug:
DateTime:2026-08-28 17:52:06.530:找到对应函数，进入执行                            File: Line:0 Function: Type:Debug:
DateTime:2026-08-28 17:52:07.034:"等待工装回复超时"                            File: Line:0 Function: Type:Debug:
DateTime:2026-08-28 17:52:07.034:"开始组帧"                            File: Line:0 Function: Type:Debug:
DateTime:2026-08-28 17:52:07.034:"组帧结束"                            File: Line:0 Function: Type:Debug:
DateTime:2026-08-28 17:52:07.034:"367.2Send:数据转发(设置-CCO任务队列_智能补采_运行参数EB040603)：=>68 40 00 43 00 00 00 00 00 83 52 01 00 02 12 90 78 56 34 12 6B 8A E8 25 00 68 23 00 43 05 12 90 78 56 34 12 10 B8 F3 06 02 08 01 EB 04 06 03 09 09 11 11 11 11 00 00 00 08 03 00 2C ED 16 B0 16"                            File: Line:0 Function: Type:Debug:
DateTime:2026-08-28 17:52:07.034:"槽位2透传:68420142016840000000000022600000010002013C0068400043000000000083520100021290785634126B8AE82500682300430512907856341210B8F306020801EB0406030909111111110000000803002CED16B0162016"                            File: Line:0 Function: Type:Debug:
DateTime:2026-08-28 17:52:07.034:"工装发送：68 42 01 42 01 68 40 00 00 00 00 00 22 60 00 00 01 00 02 01 3C 00 68 40 00 43 00 00 00 00 00 83 52 01 00 02 12 90 78 56 34 12 6B 8A E8 25 00 68 23 00 43 05 12 90 78 56 34 12 10 B8 F3 06 02 08 01 EB 04 06 03 09 09 11 11 11 11 00 00 00 08 03 00 2C ED 16 B0 16 20 16"                            File: Line:0 Function: Type:Debug:
DateTime:2026-08-28 17:52:07.108:"工装接收：68 32 00 32 00 68 80 00 00 00 00 00 00 60 00 00 01 00 E1 16"                            File: Line:0 Function: Type:Debug:
DateTime:2026-08-28 17:52:07.108:"m_baRecvMsg:"                            File: Line:0 Function: Type:Debug:
DateTime:2026-08-28 17:52:07.108:"frameList.size():1"                            File: Line:0 Function: Type:Debug:
DateTime:2026-08-28 17:52:07.108:"进入报文解析"                            File: Line:0 Function: Type:Debug:
DateTime:2026-08-28 17:52:07.108:"68 32 00 32 00 68 80 00 00 00 00 00 00 60 00 00 01 00 E1 16"                            File: Line:0 Function: Type:Debug:
DateTime:2026-08-28 17:52:07.108:"解码完成，功能码: 1"                            File: Line:0 Function: Type:Debug:
DateTime:2026-08-28 17:52:07.108:"工装回复确认帧"                            File: Line:0 Function: Type:Debug:
DateTime:2026-08-28 17:52:07.237:"工装接收：68 0E 01 0E 01 68 80 00 00 00 00 00 22 60 00 00 01 00 02 34 00 68 34 00 80 00 00 00 00 00 83 52 01 00 02 12 90 78 56 34 12 1C 00 68 1A 00 C3 05 12 90 78 56 34 12 00 1A 5D 86 02 00 01 EB 04 06 03 00 00 00 95 2B 16 F8 16 DB 16"                            File: Line:0 Function: Type:Debug:
DateTime:2026-08-28 17:52:07.237:"m_baRecvMsg:"                            File: Line:0 Function: Type:Debug:
DateTime:2026-08-28 17:52:07.237:"frameList.size():1"                            File: Line:0 Function: Type:Debug:
DateTime:2026-08-28 17:52:07.237:"进入报文解析"                            File: Line:0 Function: Type:Debug:
DateTime:2026-08-28 17:52:07.237:"68 0E 01 0E 01 68 80 00 00 00 00 00 22 60 00 00 01 00 02 34 00 68 34 00 80 00 00 00 00 00 83 52 01 00 02 12 90 78 56 34 12 1C 00 68 1A 00 C3 05 12 90 78 56 34 12 00 1A 5D 86 02 00 01 EB 04 06 03 00 00 00 95 2B 16 F8 16 DB 16"                            File: Line:0 Function: Type:Debug:
DateTime:2026-08-28 17:52:07.238:"解码完成，功能码: 4"                            File: Line:0 Function: Type:Debug:
DateTime:2026-08-28 17:52:07.238:"工装接收到透传报文"                            File: Line:0 Function: Type:Debug:
DateTime:2026-08-28 17:52:07.238:"02340068340080000000000083520100021290785634121C00681A00C305129078563412001A5D86020001EB040603000000952B16F816"                            File: Line:0 Function: Type:Debug:
DateTime:2026-08-28 17:52:07.238:"透传报文内容:68 34 00 80 00 00 00 00 00 83 52 01 00 02 12 90 78 56 34 12 1c 00 68 1a 00 c3 05 12 90 78 56 34 12 00 1a 5d 86 02 00 01 eb 04 06 03 00 00 00 95 2b 16 f8 16"                            File: Line:0 Function: Type:Debug:
DateTime:2026-08-28 17:52:07.684:"工装接收：68 B6 00 B6 00 68 80 00 00 00 00 00 22 60 00 00 01 00 02 1E 00 68 1E 00 C0 00 00 00 00 00 12 56 40 01 01 00 03 00 03 06 01 10 00 16 19 00 01 00 0B C2 16 43 16"                            File: Line:0 Function: Type:Debug:
DateTime:2026-08-28 17:52:07.684:"m_baRecvMsg:"                            File: Line:0 Function: Type:Debug:
DateTime:2026-08-28 17:52:07.684:"frameList.size():1"                            File: Line:0 Function: Type:Debug:
DateTime:2026-08-28 17:52:07.684:"进入报文解析"                            File: Line:0 Function: Type:Debug:
DateTime:2026-08-28 17:52:07.684:"68 B6 00 B6 00 68 80 00 00 00 00 00 22 60 00 00 01 00 02 1E 00 68 1E 00 C0 00 00 00 00 00 12 56 40 01 01 00 03 00 03 06 01 10 00 16 19 00 01 00 0B C2 16 43 16"                            File: Line:0 Function: Type:Debug:
DateTime:2026-08-28 17:52:07.684:"解码完成，功能码: 4"                            File: Line:0 Function: Type:Debug:
DateTime:2026-08-28 17:52:07.684:"工装接收到透传报文"                            File: Line:0 Function: Type:Debug:
DateTime:2026-08-28 17:52:07.685:"021E00681E00C000000000001256400101000300030601100016190001000BC216"                            File: Line:0 Function: Type:Debug:
DateTime:2026-08-28 17:52:07.685:"透传报文内容:68 1e 00 c0 00 00 00 00 00 12 56 40 01 01 00 03 00 03 06 01 10 00 16 19 00 01 00 0b c2 16"                            File: Line:0 Function: Type:Debug:
DateTime:2026-08-28 17:52:10.102:"uTimeSecond_ms:30000"                            File: Line:0 Function: Type:Debug:
DateTime:2026-08-28 17:52:10.102:"查找结果: iret=0, wStart=0, dwOutLen=52, dwStreamLen=82, dwFindPos=0"                            File: Line:0 Function: Type:Debug:
DateTime:2026-08-28 17:52:10.102:"Receive:<= 68 34 00 80 00 00 00 00 00 83 52 01 00 02 12 90 78 56 34 12 1C 00 68 1A 00 C3 05 12 90 78 56 34 12 00 1A 5D 86 02 00 01 EB 04 06 03 00 00 00 95 2B 16 F8 16"                            File: Line:0 Function: Type:Debug:
DateTime:2026-08-28 17:52:10.102:"解析：功能码-AFN=52H,Fn=1："                            File: Line:0 Function: Type:Debug:
DateTime:2026-08-28 17:52:10.102:"查找结果: iret=0, wStart=0, dwOutLen=30, dwStreamLen=30, dwFindPos=52"                            File: Line:0 Function: Type:Debug:
DateTime:2026-08-28 17:52:10.102:"Receive:<= 68 1E 00 C0 00 00 00 00 00 12 56 40 01 01 00 03 00 03 06 01 10 00 16 19 00 01 00 0B C2 16"                            File: Line:0 Function: Type:Debug:
DateTime:2026-08-28 17:52:10.102:"解析：功能码-AFN=56H,Fn=15："                            File: Line:0 Function: Type:Debug:
DateTime:2026-08-28 17:52:10.102:"AFN或者Fn与预判不一致"                            File: Line:0 Function: Type:Debug:
DateTime:2026-08-28 17:52:10.103:"Send(确认)：=> 68 0F 00 43 00 00 00 00 00 12 50 01 00 A6 16"                            File: Line:0 Function: Type:Debug:
DateTime:2026-08-28 17:52:10.103:"槽位2透传:687E007E006840000000000022600000010002013C00680F0043000000000012500100A616DB16"                            File: Line:0 Function: Type:Debug:
DateTime:2026-08-28 17:52:10.103:"工装发送：68 7E 00 7E 00 68 40 00 00 00 00 00 22 60 00 00 01 00 02 01 3C 00 68 0F 00 43 00 00 00 00 00 12 50 01 00 A6 16 DB 16"                            File: Line:0 Function: Type:Debug:
DateTime:2026-08-28 17:52:10.103:"透传回复内容：021290785634121C00681A00C305129078563412001A5D86020001EB040603000000952B16"                            File: Line:0 Function: Type:Debug:
DateTime:2026-08-28 17:52:10.104:"pInfoOut->user_data.data_val:01EB040603000000"                            File: Line:0 Function: Type:Debug:
DateTime:2026-08-28 17:52:10.104:"回复698报文，OMD为eb040603"                            File: Line:0 Function: Type:Debug:
DateTime:2026-08-28 17:52:10.104:"设置成功"                            File: Line:0 Function: Type:Debug:
DateTime:2026-08-28 17:52:10.104:dll输出信息: ""                            File: Line:0 Function: Type:Debug:
DateTime:2026-08-28 17:52:10.104:接口函数调用成功，返回的结果为 0                            File: Line:0 Function: Type:Debug:
DateTime:2026-08-28 17:52:10.104:"外部传入的para：0，返回的result：0,返回的pValRet：0"                            File: Line:0 Function: Type:Debug:
DateTime:2026-08-28 17:52:10.104:"执行接口函数CCO_AFN52_F1_EB040603_set_698完成"                            File: Line:0 Function: Type:Debug:
DateTime:2026-08-28 17:52:10.106:coorIndex 0                            File: Line:0 Function: Type:Debug:
DateTime:2026-08-28 17:52:10.106:当前流程结束                            File: Line:0 Function: Type:Debug:
DateTime:2026-08-28 17:52:10.106:退出connect函数                            File: Line:0 Function: Type:Debug:
DateTime:2026-08-28 17:52:10.106:"=========【Step50-数据转发--EB040603设置CCO智能补采运行参数(设置03:添加56F15)】结束=========="                            File: Line:0 Function: Type:Debug:
DateTime:2026-08-28 17:52:10.106:"-----------------------------"                            File: Line:0 Function: Type:Debug:
DateTime:2026-08-28 17:52:10.107:"=============执行【Step51-数据转发--EB040603查询CCO智能补采运行参数(03:添加56F15)】==================="                            File: Line:0 Function: Type:Debug:
DateTime:2026-08-28 17:52:10.108:"执行接口函数CCO_AFN52_F1_EB040603_read_698"                            File: Line:0 Function: Type:Debug:
DateTime:2026-08-28 17:52:10.108:callWorkFunction: CCO_AFN52_F1_EB040603_read_698                            File: Line:0 Function: Type:Debug:
DateTime:2026-08-28 17:52:10.108:找到对应函数，进入执行                            File: Line:0 Function: Type:Debug:
DateTime:2026-08-28 17:52:10.121:"工装接收：68 32 00 32 00 68 80 00 00 00 00 00 00 60 00 00 01 00 E1 16"                            File: Line:0 Function: Type:Debug:
DateTime:2026-08-28 17:52:10.121:"m_baRecvMsg:"                            File: Line:0 Function: Type:Debug:
DateTime:2026-08-28 17:52:10.121:"rameList.size():"                            File: Line:0 Function: Type:Debug:
DateTime:2026-08-28 17:52:10.121:"进入报文解析"                            File: Line:0 Function: Type:Debug:
DateTime:2026-08-28 17:52:10.121:"68 32 00 32 00 68 80 00 00 00 00 00 00 60 00 00 01 00 E1 16"                            File: Line:0 Function: Type:Debug:
DateTime:2026-08-28 17:52:10.121:"解码完成，功能码: 1"                            File: Line:0 Function: Type:Debug:
DateTime:2026-08-28 17:52:10.121:"工装回复确认帧"                            File: Line:0 Function: Type:Debug:
DateTime:2026-08-28 17:52:11.130:"等待工装回复超时"                            File: Line:0 Function: Type:Debug:
DateTime:2026-08-28 17:52:11.130:"开始组帧"                            File: Line:0 Function: Type:Debug:
DateTime:2026-08-28 17:52:11.130:"组帧结束"                            File: Line:0 Function: Type:Debug:
DateTime:2026-08-28 17:52:11.130:"367.2Send:数据转发(查询-CCO任务队列_智能补采_运行参数 EB040603)：=>68 36 00 43 00 00 00 00 00 84 52 01 00 02 12 90 78 56 34 12 6B 8A E8 1B 00 68 19 00 43 05 12 90 78 56 34 12 10 FF 77 07 02 09 01 EB 04 06 03 00 00 DF 2A 16 F9 16"                            File: Line:0 Function: Type:Debug:
DateTime:2026-08-28 17:52:11.130:"槽位2透传:681A011A016840000000000022600000010002013C0068360043000000000084520100021290785634126B8AE81B00681900430512907856341210FF7707020901EB0406030000DF2A16F916A816"                            File: Line:0 Function: Type:Debug:
DateTime:2026-08-28 17:52:11.130:"工装发送：68 1A 01 1A 01 68 40 00 00 00 00 00 22 60 00 00 01 00 02 01 3C 00 68 36 00 43 00 00 00 00 00 84 52 01 00 02 12 90 78 56 34 12 6B 8A E8 1B 00 68 19 00 43 05 12 90 78 56 34 12 10 FF 77 07 02 09 01 EB 04 06 03 00 00 DF 2A 16 F9 16 A8 16"                            File: Line:0 Function: Type:Debug:
DateTime:2026-08-28 17:52:11.193:"工装接收：68 32 00 32 00 68 80 00 00 00 00 00 00 60 00 00 01 00 E1 16"                            File: Line:0 Function: Type:Debug:
DateTime:2026-08-28 17:52:11.193:"m_baRecvMsg:"                            File: Line:0 Function: Type:Debug:
DateTime:2026-08-28 17:52:11.193:"frameList.size():1"                            File: Line:0 Function: Type:Debug:
DateTime:2026-08-28 17:52:11.193:"进入报文解析"                            File: Line:0 Function: Type:Debug:
DateTime:2026-08-28 17:52:11.193:"68 32 00 32 00 68 80 00 00 00 00 00 00 60 00 00 01 00 E1 16"                            File: Line:0 Function: Type:Debug:
DateTime:2026-08-28 17:52:11.193:"解码完成，功能码: 1"                            File: Line:0 Function: Type:Debug:
DateTime:2026-08-28 17:52:11.193:"工装回复确认帧"                            File: Line:0 Function: Type:Debug:
DateTime:2026-08-28 17:52:11.265:"工装接收：68 1E 01 1E 01 68 80 00 00 00 00 00 22 60 00 00 01 00 02 38 00 68 38 00 80 00 00 00 00 00 84 52 01 00 02 12 90 78 56 34 12 20 00 68 1E 00 C3 05 12 90 78 56 34 12 00 4F 03 87 02 00 01 EB 04 06 03 00 01 09 01 03 00 00 61 B8 16 44 16 7B 16"                            File: Line:0 Function: Type:Debug:
DateTime:2026-08-28 17:52:11.265:"m_baRecvMsg:"                            File: Line:0 Function: Type:Debug:
DateTime:2026-08-28 17:52:11.265:"frameList.size():1"                            File: Line:0 Function: Type:Debug:
DateTime:2026-08-28 17:52:11.265:"进入报文解析"                            File: Line:0 Function: Type:Debug:
DateTime:2026-08-28 17:52:11.265:"68 1E 01 1E 01 68 80 00 00 00 00 00 22 60 00 00 01 00 02 38 00 68 38 00 80 00 00 00 00 00 84 52 01 00 02 12 90 78 56 34 12 20 00 68 1E 00 C3 05 12 90 78 56 34 12 00 4F 03 87 02 00 01 EB 04 06 03 00 01 09 01 03 00 00 61 B8 16 44 16 7B 16"                            File: Line:0 Function: Type:Debug:
DateTime:2026-08-28 17:52:11.265:"解码完成，功能码: 4"                            File: Line:0 Function: Type:Debug:
DateTime:2026-08-28 17:52:11.265:"工装接收到透传报文"                            File: Line:0 Function: Type:Debug:
DateTime:2026-08-28 17:52:11.266:"02380068380080000000000084520100021290785634122000681E00C305129078563412004F0387020001EB0406030001090103000061B8164416"                            File: Line:0 Function: Type:Debug:
DateTime:2026-08-28 17:52:11.266:"透传报文内容:68 38 00 80 00 00 00 00 00 84 52 01 00 02 12 90 78 56 34 12 20 00 68 1e 00 c3 05 12 90 78 56 34 12 00 4f 03 87 02 00 01 eb 04 06 03 00 01 09 01 03 00 00 61 b8 16 44 16"                            File: Line:0 Function: Type:Debug:
DateTime:2026-08-28 17:52:14.188:"uTimeSecond_ms:30000"                            File: Line:0 Function: Type:Debug:
DateTime:2026-08-28 17:52:14.188:"查找结果: iret=0, wStart=0, dwOutLen=56, dwStreamLen=56, dwFindPos=0"                            File: Line:0 Function: Type:Debug:
DateTime:2026-08-28 17:52:14.188:"Receive:<= 68 38 00 80 00 00 00 00 00 84 52 01 00 02 12 90 78 56 34 12 20 00 68 1E 00 C3 05 12 90 78 56 34 12 00 4F 03 87 02 00 01 EB 04 06 03 00 01 09 01 03 00 00 61 B8 16 44 16"                            File: Line:0 Function: Type:Debug:
DateTime:2026-08-28 17:52:14.188:"解析：功能码-AFN=52H,Fn=1："                            File: Line:0 Function: Type:Debug:
DateTime:2026-08-28 17:52:14.188:"透传回复内容：021290785634122000681E00C305129078563412004F0387020001EB0406030001090103000061B816"                            File: Line:0 Function: Type:Debug:
DateTime:2026-08-28 17:52:14.188:"pInfoOut->user_data.data_val:01EB04060300010901030000"                            File: Line:0 Function: Type:Debug:
DateTime:2026-08-28 17:52:14.188:"回复698报文，OMD为eb040603"                            File: Line:0 Function: Type:Debug:
DateTime:2026-08-28 17:52:14.188:"新增STA是否添加到档案：1：添加；上报方式：1：AFN=56H:F15方式"                            File: Line:0 Function: Type:Debug:
DateTime:2026-08-28 17:52:14.188:dll输出信息: ""                            File: Line:0 Function: Type:Debug:
DateTime:2026-08-28 17:52:14.188:接口函数调用成功，返回的结果为 0                            File: Line:0 Function: Type:Debug:
DateTime:2026-08-28 17:52:14.188:"外部传入的para：0，返回的result：0,返回的pValRet：0"                            File: Line:0 Function: Type:Debug:
DateTime:2026-08-28 17:52:14.188:"执行接口函数CCO_AFN52_F1_EB040603_read_698完成"                            File: Line:0 Function: Type:Debug:
DateTime:2026-08-28 17:52:14.190:coorIndex 0                            File: Line:0 Function: Type:Debug:
DateTime:2026-08-28 17:52:14.190:当前流程结束                            File: Line:0 Function: Type:Debug:
DateTime:2026-08-28 17:52:14.190:退出connect函数                            File: Line:0 Function: Type:Debug:
DateTime:2026-08-28 17:52:14.190:"=========【Step51-数据转发--EB040603查询CCO智能补采运行参数(03:添加56F15)】结束=========="                            File: Line:0 Function: Type:Debug:
DateTime:2026-08-28 17:52:14.190:"-----------------------------"                            File: Line:0 Function: Type:Debug:
DateTime:2026-08-28 17:52:14.191:"=============执行【Step52-添加档案外的智能补采报文(上报方式56F15)】==================="                            File: Line:0 Function: Type:Debug:
DateTime:2026-08-28 17:52:14.191:"执行接口函数CCO_AFN52_F2"                            File: Line:0 Function: Type:Debug:
DateTime:2026-08-28 17:52:14.191:callWorkFunction: CCO_AFN52_F2                            File: Line:0 Function: Type:Debug:
DateTime:2026-08-28 17:52:14.191:找到对应函数，进入执行                            File: Line:0 Function: Type:Debug:
DateTime:2026-08-28 17:52:14.694:"等待工装回复超时"                            File: Line:0 Function: Type:Debug:
DateTime:2026-08-28 17:52:14.694:"开始组帧"                            File: Line:0 Function: Type:Debug:
DateTime:2026-08-28 17:52:14.694:"组帧结束"                            File: Line:0 Function: Type:Debug:
DateTime:2026-08-28 17:52:14.694:"367.2Send:智能补采(52H-F2)：=>68 37 00 43 00 00 00 00 00 85 52 02 00 01 00 03 00 03 08 01 10 00 16 19 03 00 19 00 68 17 00 43 05 08 01 10 00 16 19 10 B1 16 05 01 00 20 04 02 00 00 09 CC 16 84 16"                            File: Line:0 Function: Type:Debug:
DateTime:2026-08-28 17:52:14.694:"槽位2透传:681E011E016840000000000022600000010002013C0068370043000000000085520200010003000308011000161903001900681700430508011000161910B116050100200402000009CC168416BF16"                            File: Line:0 Function: Type:Debug:
DateTime:2026-08-28 17:52:14.694:"工装发送：68 1E 01 1E 01 68 40 00 00 00 00 00 22 60 00 00 01 00 02 01 3C 00 68 37 00 43 00 00 00 00 00 85 52 02 00 01 00 03 00 03 08 01 10 00 16 19 03 00 19 00 68 17 00 43 05 08 01 10 00 16 19 10 B1 16 05 01 00 20 04 02 00 00 09 CC 16 84 16 BF 16"                            File: Line:0 Function: Type:Debug:
DateTime:2026-08-28 17:52:14.758:"工装接收：68 32 00 32 00 68 80 00 00 00 00 00 00 60 00 00 01 00 E1 16"                            File: Line:0 Function: Type:Debug:
DateTime:2026-08-28 17:52:14.758:"m_baRecvMsg:"                            File: Line:0 Function: Type:Debug:
DateTime:2026-08-28 17:52:14.758:"frameList.size():1"                            File: Line:0 Function: Type:Debug:
DateTime:2026-08-28 17:52:14.758:"进入报文解析"                            File: Line:0 Function: Type:Debug:
DateTime:2026-08-28 17:52:14.758:"68 32 00 32 00 68 80 00 00 00 00 00 00 60 00 00 01 00 E1 16"                            File: Line:0 Function: Type:Debug:
DateTime:2026-08-28 17:52:14.758:"解码完成，功能码: 1"                            File: Line:0 Function: Type:Debug:
DateTime:2026-08-28 17:52:14.758:"工装回复确认帧"                            File: Line:0 Function: Type:Debug:
DateTime:2026-08-28 17:52:14.817:"工装接收：68 E2 00 E2 00 68 80 00 00 00 00 00 22 60 00 00 01 00 02 29 00 68 29 00 80 00 00 00 00 00 85 52 02 00 01 00 03 00 03 08 01 10 00 16 19 03 0C 00 68 08 01 10 00 16 19 68 94 00 AC 16 25 16 1F 16"                            File: Line:0 Function: Type:Debug:
DateTime:2026-08-28 17:52:14.817:"m_baRecvMsg:"                            File: Line:0 Function: Type:Debug:
DateTime:2026-08-28 17:52:14.817:"frameList.size():1"                            File: Line:0 Function: Type:Debug:
DateTime:2026-08-28 17:52:14.817:"进入报文解析"                            File: Line:0 Function: Type:Debug:
DateTime:2026-08-28 17:52:14.817:"68 E2 00 E2 00 68 80 00 00 00 00 00 22 60 00 00 01 00 02 29 00 68 29 00 80 00 00 00 00 00 85 52 02 00 01 00 03 00 03 08 01 10 00 16 19 03 0C 00 68 08 01 10 00 16 19 68 94 00 AC 16 25 16 1F 16"                            File: Line:0 Function: Type:Debug:
DateTime:2026-08-28 17:52:14.817:"解码完成，功能码: 4"                            File: Line:0 Function: Type:Debug:
DateTime:2026-08-28 17:52:14.817:"工装接收到透传报文"                            File: Line:0 Function: Type:Debug:
DateTime:2026-08-28 17:52:14.817:"022900682900800000000000855202000100030003080110001619030C0068080110001619689400AC162516"                            File: Line:0 Function: Type:Debug:
DateTime:2026-08-28 17:52:14.817:"透传报文内容:68 29 00 80 00 00 00 00 00 85 52 02 00 01 00 03 00 03 08 01 10 00 16 19 03 0c 00 68 08 01 10 00 16 19 68 94 00 ac 16 25 16"                            File: Line:0 Function: Type:Debug:
DateTime:2026-08-28 17:52:17.738:"uTimeSecond_ms:30000"                            File: Line:0 Function: Type:Debug:
DateTime:2026-08-28 17:52:17.738:"Receive:<= 68 29 00 80 00 00 00 00 00 85 52 02 00 01 00 03 00 03 08 01 10 00 16 19 03 0C 00 68 08 01 10 00 16 19 68 94 00 AC 16 25 16"                            File: Line:0 Function: Type:Debug:
DateTime:2026-08-28 17:52:17.738:"解析：功能码-AFN=52H,Fn=2："                            File: Line:0 Function: Type:Debug:
DateTime:2026-08-28 17:52:17.738:"任务方案号：1"                            File: Line:0 Function: Type:Debug:
DateTime:2026-08-28 17:52:17.738:"具体任务序号：3"                            File: Line:0 Function: Type:Debug:
DateTime:2026-08-28 17:52:17.738:"通信对象类型：电能表"                            File: Line:0 Function: Type:Debug:
DateTime:2026-08-28 17:52:17.738:"通信对象地址：080110001619"                            File: Line:0 Function: Type:Debug:
DateTime:2026-08-28 17:52:17.738:"规约类型：3"                            File: Line:0 Function: Type:Debug:
DateTime:2026-08-28 17:52:17.738:"返回内容报文长度：12"                            File: Line:0 Function: Type:Debug:
DateTime:2026-08-28 17:52:17.738:"返回报文内容：68080110001619689400AC16"                            File: Line:0 Function: Type:Debug:
DateTime:2026-08-28 17:52:17.738:"收到确认帧"                            File: Line:0 Function: Type:Debug:
DateTime:2026-08-28 17:52:17.738:dll输出信息: ""                            File: Line:0 Function: Type:Debug:
DateTime:2026-08-28 17:52:17.738:接口函数调用成功，返回的结果为 0                            File: Line:0 Function: Type:Debug:
DateTime:2026-08-28 17:52:17.738:"外部传入的para：0，返回的result：0,返回的pValRet：0"                            File: Line:0 Function: Type:Debug:
DateTime:2026-08-28 17:52:17.738:"执行接口函数CCO_AFN52_F2完成"                            File: Line:0 Function: Type:Debug:
DateTime:2026-08-28 17:52:17.740:coorIndex 0                            File: Line:0 Function: Type:Debug:
DateTime:2026-08-28 17:52:17.740:当前流程结束                            File: Line:0 Function: Type:Debug:
DateTime:2026-08-28 17:52:17.740:退出connect函数                            File: Line:0 Function: Type:Debug:
DateTime:2026-08-28 17:52:17.740:"=========【Step52-添加档案外的智能补采报文(上报方式56F15)】结束=========="                            File: Line:0 Function: Type:Debug:
DateTime:2026-08-28 17:52:17.740:"-----------------------------"                            File: Line:0 Function: Type:Debug:
DateTime:2026-08-28 17:52:17.741:"=============执行【Step53-查询从节点数量】==================="                            File: Line:0 Function: Type:Debug:
DateTime:2026-08-28 17:52:17.741:"执行接口函数CCO_AFN10_F1"                            File: Line:0 Function: Type:Debug:
DateTime:2026-08-28 17:52:17.741:callWorkFunction: CCO_AFN10_F1                            File: Line:0 Function: Type:Debug:
DateTime:2026-08-28 17:52:17.741:找到对应函数，进入执行                            File: Line:0 Function: Type:Debug:
DateTime:2026-08-28 17:52:18.245:"等待工装回复超时"                            File: Line:0 Function: Type:Debug:
DateTime:2026-08-28 17:52:18.245:"开始组帧"                            File: Line:0 Function: Type:Debug:
DateTime:2026-08-28 17:52:18.245:"组帧结束"                            File: Line:0 Function: Type:Debug:
DateTime:2026-08-28 17:52:18.245:"367.2Send:查询从节点数量(10H-F1)：=>68 0F 00 41 00 00 00 00 00 86 10 01 00 D8 16"                            File: Line:0 Function: Type:Debug:
DateTime:2026-08-28 17:52:18.245:"槽位2透传:687E007E006840000000000022600000010002013C00680F0041000000000086100100D8163F16"                            File: Line:0 Function: Type:Debug:
DateTime:2026-08-28 17:52:18.245:"工装发送：68 7E 00 7E 00 68 40 00 00 00 00 00 22 60 00 00 01 00 02 01 3C 00 68 0F 00 41 00 00 00 00 00 86 10 01 00 D8 16 3F 16"                            File: Line:0 Function: Type:Debug:
DateTime:2026-08-28 17:52:18.263:"工装接收：68 32 00 32 00 68 80 00 00 00 00 00 00 60 00 00 01 00 E1 16"                            File: Line:0 Function: Type:Debug:
DateTime:2026-08-28 17:52:18.263:"m_baRecvMsg:"                            File: Line:0 Function: Type:Debug:
DateTime:2026-08-28 17:52:18.263:"frameList.size():1"                            File: Line:0 Function: Type:Debug:
DateTime:2026-08-28 17:52:18.263:"进入报文解析"                            File: Line:0 Function: Type:Debug:
DateTime:2026-08-28 17:52:18.263:"68 32 00 32 00 68 80 00 00 00 00 00 00 60 00 00 01 00 E1 16"                            File: Line:0 Function: Type:Debug:
DateTime:2026-08-28 17:52:18.263:"解码完成，功能码: 1"                            File: Line:0 Function: Type:Debug:
DateTime:2026-08-28 17:52:18.263:"工装回复确认帧"                            File: Line:0 Function: Type:Debug:
DateTime:2026-08-28 17:52:18.315:"工装接收：68 8A 00 8A 00 68 80 00 00 00 00 00 22 60 00 00 01 00 02 13 00 68 13 00 83 00 00 00 00 00 86 10 01 00 03 00 F8 07 1C 16 E1 16"                            File: Line:0 Function: Type:Debug:
DateTime:2026-08-28 17:52:18.315:"m_baRecvMsg:"                            File: Line:0 Function: Type:Debug:
DateTime:2026-08-28 17:52:18.315:"frameList.size():1"                            File: Line:0 Function: Type:Debug:
DateTime:2026-08-28 17:52:18.315:"进入报文解析"                            File: Line:0 Function: Type:Debug:
DateTime:2026-08-28 17:52:18.315:"68 8A 00 8A 00 68 80 00 00 00 00 00 22 60 00 00 01 00 02 13 00 68 13 00 83 00 00 00 00 00 86 10 01 00 03 00 F8 07 1C 16 E1 16"                            File: Line:0 Function: Type:Debug:
DateTime:2026-08-28 17:52:18.315:"解码完成，功能码: 4"                            File: Line:0 Function: Type:Debug:
DateTime:2026-08-28 17:52:18.315:"工装接收到透传报文"                            File: Line:0 Function: Type:Debug:
DateTime:2026-08-28 17:52:18.315:"021300681300830000000000861001000300F8071C16"                            File: Line:0 Function: Type:Debug:
DateTime:2026-08-28 17:52:18.315:"透传报文内容:68 13 00 83 00 00 00 00 00 86 10 01 00 03 00 f8 07 1c 16"                            File: Line:0 Function: Type:Debug:
DateTime:2026-08-28 17:52:20.542:"工装接收：68 B6 00 B6 00 68 80 00 00 00 00 00 22 60 00 00 01 00 02 1E 00 68 1E 00 C0 00 00 00 00 00 13 56 40 01 01 00 03 00 03 07 01 10 00 16 19 00 01 00 0B C4 16 47 16"                            File: Line:0 Function: Type:Debug:
DateTime:2026-08-28 17:52:20.543:"m_baRecvMsg:"                            File: Line:0 Function: Type:Debug:
DateTime:2026-08-28 17:52:20.543:"frameList.size():1"                            File: Line:0 Function: Type:Debug:
DateTime:2026-08-28 17:52:20.543:"进入报文解析"                            File: Line:0 Function: Type:Debug:
DateTime:2026-08-28 17:52:20.543:"68 B6 00 B6 00 68 80 00 00 00 00 00 22 60 00 00 01 00 02 1E 00 68 1E 00 C0 00 00 00 00 00 13 56 40 01 01 00 03 00 03 07 01 10 00 16 19 00 01 00 0B C4 16 47 16"                            File: Line:0 Function: Type:Debug:
DateTime:2026-08-28 17:52:20.543:"解码完成，功能码: 4"                            File: Line:0 Function: Type:Debug:
DateTime:2026-08-28 17:52:20.543:"工装接收到透传报文"                            File: Line:0 Function: Type:Debug:
DateTime:2026-08-28 17:52:20.543:"021E00681E00C000000000001356400101000300030701100016190001000BC416"                            File: Line:0 Function: Type:Debug:
DateTime:2026-08-28 17:52:20.543:"透传报文内容:68 1e 00 c0 00 00 00 00 00 13 56 40 01 01 00 03 00 03 07 01 10 00 16 19 00 01 00 0b c4 16"                            File: Line:0 Function: Type:Debug:
DateTime:2026-08-28 17:52:21.248:"uTimeSecond_ms:5000"                            File: Line:0 Function: Type:Debug:
DateTime:2026-08-28 17:52:21.248:"查找结果: iret=0, wStart=0, dwOutLen=19, dwStreamLen=49, dwFindPos=0"                            File: Line:0 Function: Type:Debug:
DateTime:2026-08-28 17:52:21.248:"Receive:<= 68 13 00 83 00 00 00 00 00 86 10 01 00 03 00 F8 07 1C 16"                            File: Line:0 Function: Type:Debug:
DateTime:2026-08-28 17:52:21.248:"解析：功能码-AFN=10H,Fn=1："                            File: Line:0 Function: Type:Debug:
DateTime:2026-08-28 17:52:21.248:"查找结果: iret=0, wStart=0, dwOutLen=30, dwStreamLen=30, dwFindPos=19"                            File: Line:0 Function: Type:Debug:
DateTime:2026-08-28 17:52:21.248:"Receive:<= 68 1E 00 C0 00 00 00 00 00 13 56 40 01 01 00 03 00 03 07 01 10 00 16 19 00 01 00 0B C4 16"                            File: Line:0 Function: Type:Debug:
DateTime:2026-08-28 17:52:21.248:"解析：功能码-AFN=56H,Fn=15："                            File: Line:0 Function: Type:Debug:
DateTime:2026-08-28 17:52:21.248:"AFN或者Fn与预判不一致"                            File: Line:0 Function: Type:Debug:
DateTime:2026-08-28 17:52:21.248:"Send(确认)：=> 68 0F 00 43 00 00 00 00 00 13 50 01 00 A7 16"                            File: Line:0 Function: Type:Debug:
DateTime:2026-08-28 17:52:21.248:"槽位2透传:687E007E006840000000000022600000010002013C00680F0043000000000013500100A716DD16"                            File: Line:0 Function: Type:Debug:
DateTime:2026-08-28 17:52:21.248:"工装发送：68 7E 00 7E 00 68 40 00 00 00 00 00 22 60 00 00 01 00 02 01 3C 00 68 0F 00 43 00 00 00 00 00 13 50 01 00 A7 16 DD 16"                            File: Line:0 Function: Type:Debug:
DateTime:2026-08-28 17:52:21.248:"从节点数量：3,最大支持节点数：2040."                            File: Line:0 Function: Type:Debug:
DateTime:2026-08-28 17:52:21.248:dll输出信息: ""                            File: Line:0 Function: Type:Debug:
DateTime:2026-08-28 17:52:21.248:接口函数调用成功，返回的结果为 0                            File: Line:0 Function: Type:Debug:
DateTime:2026-08-28 17:52:21.248:"外部传入的para：0，返回的result：0,返回的pValRet：0"                            File: Line:0 Function: Type:Debug:
DateTime:2026-08-28 17:52:21.249:"执行接口函数CCO_AFN10_F1完成"                            File: Line:0 Function: Type:Debug:
DateTime:2026-08-28 17:52:21.250:coorIndex 0                            File: Line:0 Function: Type:Debug:
DateTime:2026-08-28 17:52:21.250:当前流程结束                            File: Line:0 Function: Type:Debug:
DateTime:2026-08-28 17:52:21.250:退出connect函数                            File: Line:0 Function: Type:Debug:
DateTime:2026-08-28 17:52:21.250:"=========【Step53-查询从节点数量】结束=========="                            File: Line:0 Function: Type:Debug:
DateTime:2026-08-28 17:52:21.251:"-----------------------------"                            File: Line:0 Function: Type:Debug:
DateTime:2026-08-28 17:52:21.252:"=============执行【Step54-添加档案内的智能补采报文(上报方式56F15)】==================="                            File: Line:0 Function: Type:Debug:
DateTime:2026-08-28 17:52:21.252:"执行接口函数CCO_AFN52_F2_multi_DT_56F15"                            File: Line:0 Function: Type:Debug:
DateTime:2026-08-28 17:52:21.252:callWorkFunction: CCO_AFN52_F2_multi_DT_56F15                            File: Line:0 Function: Type:Debug:
DateTime:2026-08-28 17:52:21.252:找到对应函数，进入执行                            File: Line:0 Function: Type:Debug:
DateTime:2026-08-28 17:52:21.252:"我跑到这啦111"                            File: Line:0 Function: Type:Debug:
DateTime:2026-08-28 17:52:21.252:"DT_List.size():1"                            File: Line:0 Function: Type:Debug:
DateTime:2026-08-28 17:52:21.252:"baDi:3230303430323030"                            File: Line:0 Function: Type:Debug:
DateTime:2026-08-28 17:52:21.252:"我跑到这啦222"                            File: Line:0 Function: Type:Debug:
DateTime:2026-08-28 17:52:21.253:Generated frame length: 25                            File: Line:0 Function: Type:Debug:
DateTime:2026-08-28 17:52:21.253:Frame data: "681700430506011000161910909005010a200402000007e516"                            File: Line:0 Function: Type:Debug:
DateTime:2026-08-28 17:52:21.253:"我跑到这啦444"                            File: Line:0 Function: Type:Debug:
DateTime:2026-08-28 17:52:21.253:"我跑到这啦555"                            File: Line:0 Function: Type:Debug:
DateTime:2026-08-28 17:52:21.266:"工装接收：68 32 00 32 00 68 80 00 00 00 00 00 00 60 00 00 01 00 E1 16"                            File: Line:0 Function: Type:Debug:
DateTime:2026-08-28 17:52:21.266:"m_baRecvMsg:"                            File: Line:0 Function: Type:Debug:
DateTime:2026-08-28 17:52:21.266:"rameList.size():"                            File: Line:0 Function: Type:Debug:
DateTime:2026-08-28 17:52:21.266:"进入报文解析"                            File: Line:0 Function: Type:Debug:
DateTime:2026-08-28 17:52:21.266:"68 32 00 32 00 68 80 00 00 00 00 00 00 60 00 00 01 00 E1 16"                            File: Line:0 Function: Type:Debug:
DateTime:2026-08-28 17:52:21.266:"解码完成，功能码: 1"                            File: Line:0 Function: Type:Debug:
DateTime:2026-08-28 17:52:21.266:"工装回复确认帧"                            File: Line:0 Function: Type:Debug:
DateTime:2026-08-28 17:52:22.273:"等待工装回复超时"                            File: Line:0 Function: Type:Debug:
DateTime:2026-08-28 17:52:22.273:"Send:智能补采(52H-F2)：=>68 37 00 43 00 00 00 00 00 87 52 02 00 01 00 03 00 03 06 01 10 00 16 19 03 00 19 00 68 17 00 43 05 06 01 10 00 16 19 10 90 90 05 01 0A 20 04 02 00 00 07 E5 16 FC 16"                            File: Line:0 Function: Type:Debug:
DateTime:2026-08-28 17:52:22.273:"槽位2透传:681E011E016840000000000022600000010002013C0068370043000000000087520200010003000306011000161903001900681700430506011000161910909005010A200402000007E516FC16AF16"                            File: Line:0 Function: Type:Debug:
DateTime:2026-08-28 17:52:22.273:"工装发送：68 1E 01 1E 01 68 40 00 00 00 00 00 22 60 00 00 01 00 02 01 3C 00 68 37 00 43 00 00 00 00 00 87 52 02 00 01 00 03 00 03 06 01 10 00 16 19 03 00 19 00 68 17 00 43 05 06 01 10 00 16 19 10 90 90 05 01 0A 20 04 02 00 00 07 E5 16 FC 16 AF 16"                            File: Line:0 Function: Type:Debug:
DateTime:2026-08-28 17:52:22.273:"uTimeSecond_ms:5000"                            File: Line:0 Function: Type:Debug:
DateTime:2026-08-28 17:52:22.337:"工装接收：68 32 00 32 00 68 80 00 00 00 00 00 00 60 00 00 01 00 E1 16"                            File: Line:0 Function: Type:Debug:
DateTime:2026-08-28 17:52:22.337:"m_baRecvMsg:"                            File: Line:0 Function: Type:Debug:
DateTime:2026-08-28 17:52:22.337:"rameList.size():"                            File: Line:0 Function: Type:Debug:
DateTime:2026-08-28 17:52:22.337:"进入报文解析"                            File: Line:0 Function: Type:Debug:
DateTime:2026-08-28 17:52:22.337:"68 32 00 32 00 68 80 00 00 00 00 00 00 60 00 00 01 00 E1 16"                            File: Line:0 Function: Type:Debug:
DateTime:2026-08-28 17:52:22.337:"解码完成，功能码: 1"                            File: Line:0 Function: Type:Debug:
DateTime:2026-08-28 17:52:22.337:"工装回复确认帧"                            File: Line:0 Function: Type:Debug:
DateTime:2026-08-28 17:52:22.394:"工装接收：68 E2 00 E2 00 68 80 00 00 00 00 00 22 60 00 00 01 00 02 29 00 68 29 00 80 00 00 00 00 00 87 52 02 00 01 00 03 00 03 06 01 10 00 16 19 03 0C 00 68 06 01 10 00 16 19 68 94 00 AA 16 21 16 17 16"                            File: Line:0 Function: Type:Debug:
DateTime:2026-08-28 17:52:22.394:"m_baRecvMsg:"                            File: Line:0 Function: Type:Debug:
DateTime:2026-08-28 17:52:22.394:"rameList.size():"                            File: Line:0 Function: Type:Debug:
DateTime:2026-08-28 17:52:22.394:"进入报文解析"                            File: Line:0 Function: Type:Debug:
DateTime:2026-08-28 17:52:22.394:"68 E2 00 E2 00 68 80 00 00 00 00 00 22 60 00 00 01 00 02 29 00 68 29 00 80 00 00 00 00 00 87 52 02 00 01 00 03 00 03 06 01 10 00 16 19 03 0C 00 68 06 01 10 00 16 19 68 94 00 AA 16 21 16 17 16"                            File: Line:0 Function: Type:Debug:
DateTime:2026-08-28 17:52:22.394:"解码完成，功能码: 4"                            File: Line:0 Function: Type:Debug:
DateTime:2026-08-28 17:52:22.394:"工装回复透传报文"                            File: Line:0 Function: Type:Debug:
DateTime:2026-08-28 17:52:22.394:"022900682900800000000000875202000100030003060110001619030C0068060110001619689400AA162116"                            File: Line:0 Function: Type:Debug:
DateTime:2026-08-28 17:52:22.394:"内容:68 29 00 80 00 00 00 00 00 87 52 02 00 01 00 03 00 03 06 01 10 00 16 19 03 0c 00 68 06 01 10 00 16 19 68 94 00 aa 16 21 16"                            File: Line:0 Function: Type:Debug:
DateTime:2026-08-28 17:52:25.315:"查找结果: iret=0, wStart=0, dwOutLen=41, dwStreamLen=41, dwFindPos=0"                            File: Line:0 Function: Type:Debug:
DateTime:2026-08-28 17:52:25.315:"Receive:<= 68 29 00 80 00 00 00 00 00 87 52 02 00 01 00 03 00 03 06 01 10 00 16 19 03 0C 00 68 06 01 10 00 16 19 68 94 00 AA 16 21 16"                            File: Line:0 Function: Type:Debug:
DateTime:2026-08-28 17:52:25.315:"解析：功能码-AFN=52H,Fn=2："                            File: Line:0 Function: Type:Debug:
DateTime:2026-08-28 17:52:25.315:"任务方案号：1"                            File: Line:0 Function: Type:Debug:
DateTime:2026-08-28 17:52:25.315:"具体任务序号：3"                            File: Line:0 Function: Type:Debug:
DateTime:2026-08-28 17:52:25.315:"通信对象类型：电能表"                            File: Line:0 Function: Type:Debug:
DateTime:2026-08-28 17:52:25.315:"通信对象地址：060110001619"                            File: Line:0 Function: Type:Debug:
DateTime:2026-08-28 17:52:25.315:"规约类型：3"                            File: Line:0 Function: Type:Debug:
DateTime:2026-08-28 17:52:25.315:"返回内容报文长度：12"                            File: Line:0 Function: Type:Debug:
DateTime:2026-08-28 17:52:25.315:"返回报文内容：68060110001619689400AA16"                            File: Line:0 Function: Type:Debug:
DateTime:2026-08-28 17:52:25.315:"收到确认帧"                            File: Line:0 Function: Type:Debug:
DateTime:2026-08-28 17:52:25.315:"uTimeSecond_ms:10000"                            File: Line:0 Function: Type:Debug:
DateTime:2026-08-28 17:52:26.504:"工装接收：68 7A 00 7A 00 68 80 00 00 00 00 00 22 60 00 00 01 00 02 0F 00 68 0F 00 C3 00 00 00 00 00 16 14 02 00 EF 16 7F 16"                            File: Line:0 Function: Type:Debug:
DateTime:2026-08-28 17:52:26.504:"m_baRecvMsg:"                            File: Line:0 Function: Type:Debug:
DateTime:2026-08-28 17:52:26.504:"rameList.size():"                            File: Line:0 Function: Type:Debug:
DateTime:2026-08-28 17:52:26.504:"进入报文解析"                            File: Line:0 Function: Type:Debug:
DateTime:2026-08-28 17:52:26.504:"68 7A 00 7A 00 68 80 00 00 00 00 00 22 60 00 00 01 00 02 0F 00 68 0F 00 C3 00 00 00 00 00 16 14 02 00 EF 16 7F 16"                            File: Line:0 Function: Type:Debug:
DateTime:2026-08-28 17:52:26.504:"解码完成，功能码: 4"                            File: Line:0 Function: Type:Debug:
DateTime:2026-08-28 17:52:26.504:"工装回复透传报文"                            File: Line:0 Function: Type:Debug:
DateTime:2026-08-28 17:52:26.504:"020F00680F00C3000000000016140200EF16"                            File: Line:0 Function: Type:Debug:
DateTime:2026-08-28 17:52:26.504:"内容:68 0f 00 c3 00 00 00 00 00 16 14 02 00 ef 16"                            File: Line:0 Function: Type:Debug:
DateTime:2026-08-28 17:52:26.742:"工装接收：68 B6 00 B6 00 68 80 00 00 00 00 00 22 60 00 00 01 00 02 1E 00 68 1E 00 C0 00 00 00 00 00 14 56 40 01 01 00 03 00 03 08 01 10 00 16 19 00 01 00 10 CB 16 55 16"                            File: Line:0 Function: Type:Debug:
DateTime:2026-08-28 17:52:26.742:"m_baRecvMsg:"                            File: Line:0 Function: Type:Debug:
DateTime:2026-08-28 17:52:26.742:"rameList.size():"                            File: Line:0 Function: Type:Debug:
DateTime:2026-08-28 17:52:26.742:"进入报文解析"                            File: Line:0 Function: Type:Debug:
DateTime:2026-08-28 17:52:26.742:"68 B6 00 B6 00 68 80 00 00 00 00 00 22 60 00 00 01 00 02 1E 00 68 1E 00 C0 00 00 00 00 00 14 56 40 01 01 00 03 00 03 08 01 10 00 16 19 00 01 00 10 CB 16 55 16"                            File: Line:0 Function: Type:Debug:
DateTime:2026-08-28 17:52:26.742:"解码完成，功能码: 4"                            File: Line:0 Function: Type:Debug:
DateTime:2026-08-28 17:52:26.742:"工装回复透传报文"                            File: Line:0 Function: Type:Debug:
DateTime:2026-08-28 17:52:26.742:"021E00681E00C0000000000014564001010003000308011000161900010010CB16"                            File: Line:0 Function: Type:Debug:
DateTime:2026-08-28 17:52:26.742:"内容:68 1e 00 c0 00 00 00 00 00 14 56 40 01 01 00 03 00 03 08 01 10 00 16 19 00 01 00 10 cb 16"                            File: Line:0 Function: Type:Debug:
DateTime:2026-08-28 17:52:28.354:"等待工装回复超时"                            File: Line:0 Function: Type:Debug:
DateTime:2026-08-28 17:52:28.354:"查找结果: iret=0, wStart=0, dwOutLen=15, dwStreamLen=45, dwFindPos=0"                            File: Line:0 Function: Type:Debug:
DateTime:2026-08-28 17:52:28.354:"Receive:<= 68 0F 00 C3 00 00 00 00 00 16 14 02 00 EF 16"                            File: Line:0 Function: Type:Debug:
DateTime:2026-08-28 17:52:28.354:"解析：功能码-AFN=14H,Fn=2："                            File: Line:0 Function: Type:Debug:
DateTime:2026-08-28 17:52:28.354:"Send(回复路由请求集中器时钟)：=> 68 15 00 03 00 00 00 00 00 16 14 02 00 28 52 17 28 08 26 16 16"                            File: Line:0 Function: Type:Debug:
DateTime:2026-08-28 17:52:28.354:"槽位2透传:68960096006840000000000022600000010002013C00681500030000000000161402002852172808261616C116"                            File: Line:0 Function: Type:Debug:
DateTime:2026-08-28 17:52:28.354:"工装发送：68 96 00 96 00 68 40 00 00 00 00 00 22 60 00 00 01 00 02 01 3C 00 68 15 00 03 00 00 00 00 00 16 14 02 00 28 52 17 28 08 26 16 16 C1 16"                            File: Line:0 Function: Type:Debug:
DateTime:2026-08-28 17:52:28.354:"查找结果: iret=0, wStart=0, dwOutLen=30, dwStreamLen=30, dwFindPos=15"                            File: Line:0 Function: Type:Debug:
DateTime:2026-08-28 17:52:28.354:"Receive:<= 68 1E 00 C0 00 00 00 00 00 14 56 40 01 01 00 03 00 03 08 01 10 00 16 19 00 01 00 10 CB 16"                            File: Line:0 Function: Type:Debug:
DateTime:2026-08-28 17:52:28.354:"解析：功能码-AFN=56H,Fn=15："                            File: Line:0 Function: Type:Debug:
DateTime:2026-08-28 17:52:28.354:"Send(确认)：=> 68 0F 00 43 00 00 00 00 00 14 50 01 00 A8 16"                            File: Line:0 Function: Type:Debug:
DateTime:2026-08-28 17:52:28.354:"槽位2透传:687E007E006840000000000022600000010002013C00680F0043000000000014500100A816DF16"                            File: Line:0 Function: Type:Debug:
DateTime:2026-08-28 17:52:28.354:"工装发送：68 7E 00 7E 00 68 40 00 00 00 00 00 22 60 00 00 01 00 02 01 3C 00 68 0F 00 43 00 00 00 00 00 14 50 01 00 A8 16 DF 16"                            File: Line:0 Function: Type:Debug:
DateTime:2026-08-28 17:52:28.455:"任务方案号：1"                            File: Line:0 Function: Type:Debug:
DateTime:2026-08-28 17:52:28.455:"具体任务序号：3"                            File: Line:0 Function: Type:Debug:
DateTime:2026-08-28 17:52:28.455:"通信对象类型：电能表"                            File: Line:0 Function: Type:Debug:
DateTime:2026-08-28 17:52:28.455:"通信对象地址：080110001619"                            File: Line:0 Function: Type:Debug:
DateTime:2026-08-28 17:52:28.455:"规约类型：0"                            File: Line:0 Function: Type:Debug:
DateTime:2026-08-28 17:52:28.455:"返回内容报文长度：1"                            File: Line:0 Function: Type:Debug:
DateTime:2026-08-28 17:52:28.455:"返回报文内容：10"                            File: Line:0 Function: Type:Debug:
DateTime:2026-08-28 17:52:28.455:"数据解析失败"                            File: Line:0 Function: Type:Debug:
DateTime:2026-08-28 17:52:28.455:dll输出信息: ""                            File: Line:0 Function: Type:Debug:
DateTime:2026-08-28 17:52:28.455:接口函数调用成功，返回的结果为 -1                            File: Line:0 Function: Type:Debug:
DateTime:2026-08-28 17:52:28.455:"外部传入的para：0，返回的result：-1,返回的pValRet：1"                            File: Line:0 Function: Type:Debug:
DateTime:2026-08-28 17:52:28.455:返回结果不满足预期值                            File: Line:0 Function: Type:Debug:
DateTime:2026-08-28 17:52:28.457:coorIndex 0                            File: Line:0 Function: Type:Debug:
DateTime:2026-08-28 17:52:28.457:当前流程结束                            File: Line:0 Function: Type:Debug:
DateTime:2026-08-28 17:52:28.457:退出connect函数                            File: Line:0 Function: Type:Debug:
DateTime:2026-08-28 17:52:28.457:"=========【Step54-添加档案内的智能补采报文(上报方式56F15)】结束=========="                            File: Line:0 Function: Type:Debug:
DateTime:2026-08-28 17:52:28.457:"-----------------------------"                            File: Line:0 Function: Type:Debug:
DateTime:2026-08-28 17:52:28.457:"=============执行【Step55-数据转发--EB040603设置CCO智能补采运行参数(设置00:默认)】==================="                            File: Line:0 Function: Type:Debug:
DateTime:2026-08-28 17:52:28.458:"执行接口函数CCO_AFN52_F1_EB040603_set_698"                            File: Line:0 Function: Type:Debug:
DateTime:2026-08-28 17:52:28.458:callWorkFunction: CCO_AFN52_F1_EB040603_set_698                            File: Line:0 Function: Type:Debug:
DateTime:2026-08-28 17:52:28.458:找到对应函数，进入执行                            File: Line:0 Function: Type:Debug:
DateTime:2026-08-28 17:52:28.962:"等待工装回复超时"                            File: Line:0 Function: Type:Debug:
DateTime:2026-08-28 17:52:28.962:"开始组帧"                            File: Line:0 Function: Type:Debug:
DateTime:2026-08-28 17:52:28.962:"组帧结束"                            File: Line:0 Function: Type:Debug:
DateTime:2026-08-28 17:52:28.962:"367.2Send:数据转发(设置-CCO任务队列_智能补采_运行参数EB040603)：=>68 40 00 43 00 00 00 00 00 88 52 01 00 02 12 90 78 56 34 12 6B 8A E8 25 00 68 23 00 43 05 12 90 78 56 34 12 10 B8 F3 06 02 0B 01 EB 04 06 03 09 09 11 11 11 11 00 00 00 08 00 00 7C C6 16 DE 16"                            File: Line:0 Function: Type:Debug:
DateTime:2026-08-28 17:52:28.962:"槽位2透传:68420142016840000000000022600000010002013C0068400043000000000088520100021290785634126B8AE82500682300430512907856341210B8F306020B01EB0406030909111111110000000800007CC616DE167C16"                            File: Line:0 Function: Type:Debug:
DateTime:2026-08-28 17:52:28.962:"工装发送：68 42 01 42 01 68 40 00 00 00 00 00 22 60 00 00 01 00 02 01 3C 00 68 40 00 43 00 00 00 00 00 88 52 01 00 02 12 90 78 56 34 12 6B 8A E8 25 00 68 23 00 43 05 12 90 78 56 34 12 10 B8 F3 06 02 0B 01 EB 04 06 03 09 09 11 11 11 11 00 00 00 08 00 00 7C C6 16 DE 16 7C 16"                            File: Line:0 Function: Type:Debug:
DateTime:2026-08-28 17:52:29.037:"工装接收：68 32 00 32 00 68 80 00 00 00 00 00 00 60 00 00 01 00 E1 16 68 32 00 32 00 68 80 00 00 00 00 00 00 60 00 00 01 00 E1 16 68 32 00 32 00 68 80 00 00 00 00 00 00 60 00 00 01 00 E1 16"                            File: Line:0 Function: Type:Debug:
DateTime:2026-08-28 17:52:29.037:"m_baRecvMsg:"                            File: Line:0 Function: Type:Debug:
DateTime:2026-08-28 17:52:29.037:"frameList.size():3"                            File: Line:0 Function: Type:Debug:
DateTime:2026-08-28 17:52:29.037:"进入报文解析"                            File: Line:0 Function: Type:Debug:
DateTime:2026-08-28 17:52:29.037:"68 32 00 32 00 68 80 00 00 00 00 00 00 60 00 00 01 00 E1 16"                            File: Line:0 Function: Type:Debug:
DateTime:2026-08-28 17:52:29.037:"解码完成，功能码: 1"                            File: Line:0 Function: Type:Debug:
DateTime:2026-08-28 17:52:29.037:"工装回复确认帧"                            File: Line:0 Function: Type:Debug:
DateTime:2026-08-28 17:52:29.037:"进入报文解析"                            File: Line:0 Function: Type:Debug:
DateTime:2026-08-28 17:52:29.037:"68 32 00 32 00 68 80 00 00 00 00 00 00 60 00 00 01 00 E1 16"                            File: Line:0 Function: Type:Debug:
DateTime:2026-08-28 17:52:29.037:"解码完成，功能码: 1"                            File: Line:0 Function: Type:Debug:
DateTime:2026-08-28 17:52:29.037:"工装回复确认帧"                            File: Line:0 Function: Type:Debug:
DateTime:2026-08-28 17:52:29.037:"进入报文解析"                            File: Line:0 Function: Type:Debug:
DateTime:2026-08-28 17:52:29.037:"68 32 00 32 00 68 80 00 00 00 00 00 00 60 00 00 01 00 E1 16"                            File: Line:0 Function: Type:Debug:
DateTime:2026-08-28 17:52:29.037:"解码完成，功能码: 1"                            File: Line:0 Function: Type:Debug:
DateTime:2026-08-28 17:52:29.037:"工装回复确认帧"                            File: Line:0 Function: Type:Debug:
DateTime:2026-08-28 17:52:29.166:"工装接收：68 0E 01 0E 01 68 80 00 00 00 00 00 22 60 00 00 01 00 02 34 00 68 34 00 80 00 00 00 00 00 88 52 01 00 02 12 90 78 56 34 12 1C 00 68 1A 00 C3 05 12 90 78 56 34 12 00 1A 5D 86 02 00 01 EB 04 06 03 00 00 00 95 2B 16 FD 16 E5 16"                            File: Line:0 Function: Type:Debug:
DateTime:2026-08-28 17:52:29.166:"m_baRecvMsg:"                            File: Line:0 Function: Type:Debug:
DateTime:2026-08-28 17:52:29.166:"frameList.size():1"                            File: Line:0 Function: Type:Debug:
DateTime:2026-08-28 17:52:29.166:"进入报文解析"                            File: Line:0 Function: Type:Debug:
DateTime:2026-08-28 17:52:29.166:"68 0E 01 0E 01 68 80 00 00 00 00 00 22 60 00 00 01 00 02 34 00 68 34 00 80 00 00 00 00 00 88 52 01 00 02 12 90 78 56 34 12 1C 00 68 1A 00 C3 05 12 90 78 56 34 12 00 1A 5D 86 02 00 01 EB 04 06 03 00 00 00 95 2B 16 FD 16 E5 16"                            File: Line:0 Function: Type:Debug:
DateTime:2026-08-28 17:52:29.166:"解码完成，功能码: 4"                            File: Line:0 Function: Type:Debug:
DateTime:2026-08-28 17:52:29.166:"工装接收到透传报文"                            File: Line:0 Function: Type:Debug:
DateTime:2026-08-28 17:52:29.166:"02340068340080000000000088520100021290785634121C00681A00C305129078563412001A5D86020001EB040603000000952B16FD16"                            File: Line:0 Function: Type:Debug:
DateTime:2026-08-28 17:52:29.166:"透传报文内容:68 34 00 80 00 00 00 00 00 88 52 01 00 02 12 90 78 56 34 12 1c 00 68 1a 00 c3 05 12 90 78 56 34 12 00 1a 5d 86 02 00 01 eb 04 06 03 00 00 00 95 2b 16 fd 16"                            File: Line:0 Function: Type:Debug:
DateTime:2026-08-28 17:52:31.987:"uTimeSecond_ms:30000"                            File: Line:0 Function: Type:Debug:
DateTime:2026-08-28 17:52:31.987:"查找结果: iret=0, wStart=0, dwOutLen=52, dwStreamLen=52, dwFindPos=0"                            File: Line:0 Function: Type:Debug:
DateTime:2026-08-28 17:52:31.987:"Receive:<= 68 34 00 80 00 00 00 00 00 88 52 01 00 02 12 90 78 56 34 12 1C 00 68 1A 00 C3 05 12 90 78 56 34 12 00 1A 5D 86 02 00 01 EB 04 06 03 00 00 00 95 2B 16 FD 16"                            File: Line:0 Function: Type:Debug:
DateTime:2026-08-28 17:52:31.987:"解析：功能码-AFN=52H,Fn=1："                            File: Line:0 Function: Type:Debug:
DateTime:2026-08-28 17:52:31.987:"透传回复内容：021290785634121C00681A00C305129078563412001A5D86020001EB040603000000952B16"                            File: Line:0 Function: Type:Debug:
DateTime:2026-08-28 17:52:31.987:"pInfoOut->user_data.data_val:01EB040603000000"                            File: Line:0 Function: Type:Debug:
DateTime:2026-08-28 17:52:31.987:"回复698报文，OMD为eb040603"                            File: Line:0 Function: Type:Debug:
DateTime:2026-08-28 17:52:31.987:"设置成功"                            File: Line:0 Function: Type:Debug:
DateTime:2026-08-28 17:52:31.987:dll输出信息: ""                            File: Line:0 Function: Type:Debug:
DateTime:2026-08-28 17:52:31.987:接口函数调用成功，返回的结果为 0                            File: Line:0 Function: Type:Debug:
DateTime:2026-08-28 17:52:31.987:"外部传入的para：0，返回的result：0,返回的pValRet：0"                            File: Line:0 Function: Type:Debug:
DateTime:2026-08-28 17:52:31.987:"执行接口函数CCO_AFN52_F1_EB040603_set_698完成"                            File: Line:0 Function: Type:Debug:
DateTime:2026-08-28 17:52:31.989:coorIndex 0                            File: Line:0 Function: Type:Debug:
DateTime:2026-08-28 17:52:31.989:当前流程结束                            File: Line:0 Function: Type:Debug:
DateTime:2026-08-28 17:52:31.989:退出connect函数                            File: Line:0 Function: Type:Debug:
DateTime:2026-08-28 17:52:31.989:"=========【Step55-数据转发--EB040603设置CCO智能补采运行参数(设置00:默认)】结束=========="                            File: Line:0 Function: Type:Debug:
DateTime:2026-08-28 17:52:31.989:"-----------------------------"                            File: Line:0 Function: Type:Debug:
DateTime:2026-08-28 17:52:31.991:"=============执行【Step56-数据转发--EB040603查询CCO智能补采运行参数(00默认)】==================="                            File: Line:0 Function: Type:Debug:
DateTime:2026-08-28 17:52:31.991:"执行接口函数CCO_AFN52_F1_EB040603_read_698"                            File: Line:0 Function: Type:Debug:
DateTime:2026-08-28 17:52:31.991:callWorkFunction: CCO_AFN52_F1_EB040603_read_698                            File: Line:0 Function: Type:Debug:
DateTime:2026-08-28 17:52:31.991:找到对应函数，进入执行                            File: Line:0 Function: Type:Debug:
DateTime:2026-08-28 17:52:32.495:"等待工装回复超时"                            File: Line:0 Function: Type:Debug:
DateTime:2026-08-28 17:52:32.495:"开始组帧"                            File: Line:0 Function: Type:Debug:
DateTime:2026-08-28 17:52:32.495:"组帧结束"                            File: Line:0 Function: Type:Debug:
DateTime:2026-08-28 17:52:32.495:"367.2Send:数据转发(查询-CCO任务队列_智能补采_运行参数 EB040603)：=>68 36 00 43 00 00 00 00 00 89 52 01 00 02 12 90 78 56 34 12 6B 8A E8 1B 00 68 19 00 43 05 12 90 78 56 34 12 10 FF 77 07 02 0C 01 EB 04 06 03 00 00 BE BD 16 73 16"                            File: Line:0 Function: Type:Debug:
DateTime:2026-08-28 17:52:32.495:"槽位2透传:681A011A016840000000000022600000010002013C0068360043000000000089520100021290785634126B8AE81B00681900430512907856341210FF7707020C01EB0406030000BEBD1673169C16"                            File: Line:0 Function: Type:Debug:
DateTime:2026-08-28 17:52:32.495:"工装发送：68 1A 01 1A 01 68 40 00 00 00 00 00 22 60 00 00 01 00 02 01 3C 00 68 36 00 43 00 00 00 00 00 89 52 01 00 02 12 90 78 56 34 12 6B 8A E8 1B 00 68 19 00 43 05 12 90 78 56 34 12 10 FF 77 07 02 0C 01 EB 04 06 03 00 00 BE BD 16 73 16 9C 16"                            File: Line:0 Function: Type:Debug:
DateTime:2026-08-28 17:52:32.557:"工装接收：68 32 00 32 00 68 80 00 00 00 00 00 00 60 00 00 01 00 E1 16"                            File: Line:0 Function: Type:Debug:
DateTime:2026-08-28 17:52:32.557:"m_baRecvMsg:"                            File: Line:0 Function: Type:Debug:
DateTime:2026-08-28 17:52:32.557:"frameList.size():1"                            File: Line:0 Function: Type:Debug:
DateTime:2026-08-28 17:52:32.557:"进入报文解析"                            File: Line:0 Function: Type:Debug:
DateTime:2026-08-28 17:52:32.557:"68 32 00 32 00 68 80 00 00 00 00 00 00 60 00 00 01 00 E1 16"                            File: Line:0 Function: Type:Debug:
DateTime:2026-08-28 17:52:32.557:"解码完成，功能码: 1"                            File: Line:0 Function: Type:Debug:
DateTime:2026-08-28 17:52:32.557:"工装回复确认帧"                            File: Line:0 Function: Type:Debug:
DateTime:2026-08-28 17:52:32.631:"工装接收：68 1E 01 1E 01 68 80 00 00 00 00 00 22 60 00 00 01 00 02 38 00 68 38 00 80 00 00 00 00 00 89 52 01 00 02 12 90 78 56 34 12 20 00 68 1E 00 C3 05 12 90 78 56 34 12 00 4F 03 87 02 00 01 EB 04 06 03 00 01 09 01 00 00 00 05 57 16 89 16 05 16"                            File: Line:0 Function: Type:Debug:
DateTime:2026-08-28 17:52:32.631:"m_baRecvMsg:"                            File: Line:0 Function: Type:Debug:
DateTime:2026-08-28 17:52:32.631:"frameList.size():1"                            File: Line:0 Function: Type:Debug:
DateTime:2026-08-28 17:52:32.631:"进入报文解析"                            File: Line:0 Function: Type:Debug:
DateTime:2026-08-28 17:52:32.631:"68 1E 01 1E 01 68 80 00 00 00 00 00 22 60 00 00 01 00 02 38 00 68 38 00 80 00 00 00 00 00 89 52 01 00 02 12 90 78 56 34 12 20 00 68 1E 00 C3 05 12 90 78 56 34 12 00 4F 03 87 02 00 01 EB 04 06 03 00 01 09 01 00 00 00 05 57 16 89 16 05 16"                            File: Line:0 Function: Type:Debug:
DateTime:2026-08-28 17:52:32.631:"解码完成，功能码: 4"                            File: Line:0 Function: Type:Debug:
DateTime:2026-08-28 17:52:32.631:"工装接收到透传报文"                            File: Line:0 Function: Type:Debug:
DateTime:2026-08-28 17:52:32.631:"02380068380080000000000089520100021290785634122000681E00C305129078563412004F0387020001EB040603000109010000000557168916"                            File: Line:0 Function: Type:Debug:
DateTime:2026-08-28 17:52:32.631:"透传报文内容:68 38 00 80 00 00 00 00 00 89 52 01 00 02 12 90 78 56 34 12 20 00 68 1e 00 c3 05 12 90 78 56 34 12 00 4f 03 87 02 00 01 eb 04 06 03 00 01 09 01 00 00 00 05 57 16 89 16"                            File: Line:0 Function: Type:Debug:
DateTime:2026-08-28 17:52:32.964:"工装接收：68 9E 00 9E 00 68 80 00 00 00 00 00 22 60 00 00 01 00 02 18 00 68 18 00 C0 00 00 00 00 00 15 56 02 00 03 06 01 10 00 16 19 01 10 87 16 C1 16"                            File: Line:0 Function: Type:Debug:
DateTime:2026-08-28 17:52:32.964:"m_baRecvMsg:"                            File: Line:0 Function: Type:Debug:
DateTime:2026-08-28 17:52:32.964:"frameList.size():1"                            File: Line:0 Function: Type:Debug:
DateTime:2026-08-28 17:52:32.964:"进入报文解析"                            File: Line:0 Function: Type:Debug:
DateTime:2026-08-28 17:52:32.964:"68 9E 00 9E 00 68 80 00 00 00 00 00 22 60 00 00 01 00 02 18 00 68 18 00 C0 00 00 00 00 00 15 56 02 00 03 06 01 10 00 16 19 01 10 87 16 C1 16"                            File: Line:0 Function: Type:Debug:
DateTime:2026-08-28 17:52:32.964:"解码完成，功能码: 4"                            File: Line:0 Function: Type:Debug:
DateTime:2026-08-28 17:52:32.964:"工装接收到透传报文"                            File: Line:0 Function: Type:Debug:
DateTime:2026-08-28 17:52:32.964:"021800681800C00000000000155602000306011000161901108716"                            File: Line:0 Function: Type:Debug:
DateTime:2026-08-28 17:52:32.964:"透传报文内容:68 18 00 c0 00 00 00 00 00 15 56 02 00 03 06 01 10 00 16 19 01 10 87 16"                            File: Line:0 Function: Type:Debug:
DateTime:2026-08-28 17:52:35.583:"uTimeSecond_ms:30000"                            File: Line:0 Function: Type:Debug:
DateTime:2026-08-28 17:52:35.583:"查找结果: iret=0, wStart=0, dwOutLen=56, dwStreamLen=80, dwFindPos=0"                            File: Line:0 Function: Type:Debug:
DateTime:2026-08-28 17:52:35.583:"Receive:<= 68 38 00 80 00 00 00 00 00 89 52 01 00 02 12 90 78 56 34 12 20 00 68 1E 00 C3 05 12 90 78 56 34 12 00 4F 03 87 02 00 01 EB 04 06 03 00 01 09 01 00 00 00 05 57 16 89 16"                            File: Line:0 Function: Type:Debug:
DateTime:2026-08-28 17:52:35.583:"解析：功能码-AFN=52H,Fn=1："                            File: Line:0 Function: Type:Debug:
DateTime:2026-08-28 17:52:35.583:"查找结果: iret=0, wStart=0, dwOutLen=24, dwStreamLen=24, dwFindPos=56"                            File: Line:0 Function: Type:Debug:
DateTime:2026-08-28 17:52:35.583:"Receive:<= 68 18 00 C0 00 00 00 00 00 15 56 02 00 03 06 01 10 00 16 19 01 10 87 16"                            File: Line:0 Function: Type:Debug:
DateTime:2026-08-28 17:52:35.583:"解析：功能码-AFN=56H,Fn=2："                            File: Line:0 Function: Type:Debug:
DateTime:2026-08-28 17:52:35.583:"AFN或者Fn与预判不一致"                            File: Line:0 Function: Type:Debug:
DateTime:2026-08-28 17:52:35.583:"Send(确认)：=> 68 0F 00 43 00 00 00 00 00 15 50 01 00 A9 16"                            File: Line:0 Function: Type:Debug:
DateTime:2026-08-28 17:52:35.583:"槽位2透传:687E007E006840000000000022600000010002013C00680F0043000000000015500100A916E116"                            File: Line:0 Function: Type:Debug:
DateTime:2026-08-28 17:52:35.583:"工装发送：68 7E 00 7E 00 68 40 00 00 00 00 00 22 60 00 00 01 00 02 01 3C 00 68 0F 00 43 00 00 00 00 00 15 50 01 00 A9 16 E1 16"                            File: Line:0 Function: Type:Debug:
DateTime:2026-08-28 17:52:35.583:"透传回复内容：021290785634122000681E00C305129078563412004F0387020001EB04060300010901000000055716"                            File: Line:0 Function: Type:Debug:
DateTime:2026-08-28 17:52:35.583:"pInfoOut->user_data.data_val:01EB04060300010901000000"                            File: Line:0 Function: Type:Debug:
DateTime:2026-08-28 17:52:35.584:"回复698报文，OMD为eb040603"                            File: Line:0 Function: Type:Debug:
DateTime:2026-08-28 17:52:35.584:"新增STA是否添加到档案：0不添加（默认）；上报方式：0事件（默认）"                            File: Line:0 Function: Type:Debug:
DateTime:2026-08-28 17:52:35.584:dll输出信息: ""                            File: Line:0 Function: Type:Debug:
DateTime:2026-08-28 17:52:35.584:接口函数调用成功，返回的结果为 0                            File: Line:0 Function: Type:Debug:
DateTime:2026-08-28 17:52:35.584:"外部传入的para：0，返回的result：0,返回的pValRet：0"                            File: Line:0 Function: Type:Debug:
DateTime:2026-08-28 17:52:35.584:"执行接口函数CCO_AFN52_F1_EB040603_read_698完成"                            File: Line:0 Function: Type:Debug:
DateTime:2026-08-28 17:52:35.586:coorIndex 0                            File: Line:0 Function: Type:Debug:
DateTime:2026-08-28 17:52:35.586:当前流程结束                            File: Line:0 Function: Type:Debug:
DateTime:2026-08-28 17:52:35.586:退出connect函数                            File: Line:0 Function: Type:Debug:
DateTime:2026-08-28 17:52:35.586:"=========【Step56-数据转发--EB040603查询CCO智能补采运行参数(00默认)】结束=========="                            File: Line:0 Function: Type:Debug:
DateTime:2026-08-28 17:52:35.586:"-----------------------------"                            File: Line:0 Function: Type:Debug:
DateTime:2026-08-28 17:52:35.586:"=============执行【Step57-数据转发--EB040602清除CCO任务队列(02智能补采)】==================="                            File: Line:0 Function: Type:Debug:
DateTime:2026-08-28 17:52:35.587:"执行接口函数CCO_AFN52_F1_EB040602"                            File: Line:0 Function: Type:Debug:
DateTime:2026-08-28 17:52:35.587:callWorkFunction: CCO_AFN52_F1_EB040602                            File: Line:0 Function: Type:Debug:
DateTime:2026-08-28 17:52:35.587:找到对应函数，进入执行                            File: Line:0 Function: Type:Debug:
DateTime:2026-08-28 17:52:35.601:"工装接收：68 32 00 32 00 68 80 00 00 00 00 00 00 60 00 00 01 00 E1 16"                            File: Line:0 Function: Type:Debug:
DateTime:2026-08-28 17:52:35.601:"m_baRecvMsg:"                            File: Line:0 Function: Type:Debug:
DateTime:2026-08-28 17:52:35.601:"rameList.size():"                            File: Line:0 Function: Type:Debug:
DateTime:2026-08-28 17:52:35.601:"进入报文解析"                            File: Line:0 Function: Type:Debug:
DateTime:2026-08-28 17:52:35.601:"68 32 00 32 00 68 80 00 00 00 00 00 00 60 00 00 01 00 E1 16"                            File: Line:0 Function: Type:Debug:
DateTime:2026-08-28 17:52:35.601:"解码完成，功能码: 1"                            File: Line:0 Function: Type:Debug:
DateTime:2026-08-28 17:52:35.601:"工装回复确认帧"                            File: Line:0 Function: Type:Debug:
DateTime:2026-08-28 17:52:36.609:"等待工装回复超时"                            File: Line:0 Function: Type:Debug:
DateTime:2026-08-28 17:52:36.609:"开始组帧"                            File: Line:0 Function: Type:Debug:
DateTime:2026-08-28 17:52:36.609:"组帧结束"                            File: Line:0 Function: Type:Debug:
DateTime:2026-08-28 17:52:36.609:"367.2Send:数据转发(设置-清除CCO任务队列EB040602)：=>68 34 00 43 00 00 00 00 00 8A 52 01 00 02 12 90 78 56 34 12 6B 8A E8 19 00 68 12 90 78 56 34 12 68 14 0D 35 39 37 1E 3B 33 33 33 44 44 44 44 35 83 16 EA 16"                            File: Line:0 Function: Type:Debug:
DateTime:2026-08-28 17:52:36.609:"槽位2透传:68120112016840000000000022600000010002013C006834004300000000008A520100021290785634126B8AE819006812907856341268140D3539371E3B33333344444444358316EA168816"                            File: Line:0 Function: Type:Debug:
DateTime:2026-08-28 17:52:36.609:"工装发送：68 12 01 12 01 68 40 00 00 00 00 00 22 60 00 00 01 00 02 01 3C 00 68 34 00 43 00 00 00 00 00 8A 52 01 00 02 12 90 78 56 34 12 6B 8A E8 19 00 68 12 90 78 56 34 12 68 14 0D 35 39 37 1E 3B 33 33 33 44 44 44 44 35 83 16 EA 16 88 16"                            File: Line:0 Function: Type:Debug:
DateTime:2026-08-28 17:52:36.669:"工装接收：68 32 00 32 00 68 80 00 00 00 00 00 00 60 00 00 01 00 E1 16"                            File: Line:0 Function: Type:Debug:
DateTime:2026-08-28 17:52:36.669:"m_baRecvMsg:"                            File: Line:0 Function: Type:Debug:
DateTime:2026-08-28 17:52:36.669:"frameList.size():1"                            File: Line:0 Function: Type:Debug:
DateTime:2026-08-28 17:52:36.669:"进入报文解析"                            File: Line:0 Function: Type:Debug:
DateTime:2026-08-28 17:52:36.669:"68 32 00 32 00 68 80 00 00 00 00 00 00 60 00 00 01 00 E1 16"                            File: Line:0 Function: Type:Debug:
DateTime:2026-08-28 17:52:36.669:"解码完成，功能码: 1"                            File: Line:0 Function: Type:Debug:
DateTime:2026-08-28 17:52:36.669:"工装回复确认帧"                            File: Line:0 Function: Type:Debug:
DateTime:2026-08-28 17:52:36.724:"工装接收：68 CE 00 CE 00 68 80 00 00 00 00 00 22 60 00 00 01 00 02 24 00 68 24 00 80 00 00 00 00 00 8A 52 01 00 02 12 90 78 56 34 12 0C 00 68 12 90 78 56 34 12 68 94 00 1A 16 6B 16 A1 16"                            File: Line:0 Function: Type:Debug:
DateTime:2026-08-28 17:52:36.724:"m_baRecvMsg:"                            File: Line:0 Function: Type:Debug:
DateTime:2026-08-28 17:52:36.724:"frameList.size():1"                            File: Line:0 Function: Type:Debug:
DateTime:2026-08-28 17:52:36.724:"进入报文解析"                            File: Line:0 Function: Type:Debug:
DateTime:2026-08-28 17:52:36.724:"68 CE 00 CE 00 68 80 00 00 00 00 00 22 60 00 00 01 00 02 24 00 68 24 00 80 00 00 00 00 00 8A 52 01 00 02 12 90 78 56 34 12 0C 00 68 12 90 78 56 34 12 68 94 00 1A 16 6B 16 A1 16"                            File: Line:0 Function: Type:Debug:
DateTime:2026-08-28 17:52:36.724:"解码完成，功能码: 4"                            File: Line:0 Function: Type:Debug:
DateTime:2026-08-28 17:52:36.724:"工装接收到透传报文"                            File: Line:0 Function: Type:Debug:
DateTime:2026-08-28 17:52:36.724:"0224006824008000000000008A520100021290785634120C00681290785634126894001A166B16"                            File: Line:0 Function: Type:Debug:
DateTime:2026-08-28 17:52:36.724:"透传报文内容:68 24 00 80 00 00 00 00 00 8a 52 01 00 02 12 90 78 56 34 12 0c 00 68 12 90 78 56 34 12 68 94 00 1a 16 6b 16"                            File: Line:0 Function: Type:Debug:
DateTime:2026-08-28 17:52:39.645:"uTimeSecond_ms:30000"                            File: Line:0 Function: Type:Debug:
DateTime:2026-08-28 17:52:39.645:"查找结果: iret=0, wStart=0, dwOutLen=36, dwStreamLen=36, dwFindPos=0"                            File: Line:0 Function: Type:Debug:
DateTime:2026-08-28 17:52:39.645:"Receive:<= 68 24 00 80 00 00 00 00 00 8A 52 01 00 02 12 90 78 56 34 12 0C 00 68 12 90 78 56 34 12 68 94 00 1A 16 6B 16"                            File: Line:0 Function: Type:Debug:
DateTime:2026-08-28 17:52:39.645:"解析：功能码-AFN=52H,Fn=1："                            File: Line:0 Function: Type:Debug:
DateTime:2026-08-28 17:52:39.645:"透传回复内容：021290785634120C00681290785634126894001A16"                            File: Line:0 Function: Type:Debug:
DateTime:2026-08-28 17:52:39.645:"清除CCO任务队列成功"                            File: Line:0 Function: Type:Debug:
DateTime:2026-08-28 17:52:39.645:dll输出信息: ""                            File: Line:0 Function: Type:Debug:
DateTime:2026-08-28 17:52:39.645:接口函数调用成功，返回的结果为 0                            File: Line:0 Function: Type:Debug:
DateTime:2026-08-28 17:52:39.645:"外部传入的para：0，返回的result：0,返回的pValRet：0"                            File: Line:0 Function: Type:Debug:
DateTime:2026-08-28 17:52:39.645:"执行接口函数CCO_AFN52_F1_EB040602完成"                            File: Line:0 Function: Type:Debug:
DateTime:2026-08-28 17:52:39.647:coorIndex 0                            File: Line:0 Function: Type:Debug:
DateTime:2026-08-28 17:52:39.647:当前流程结束                            File: Line:0 Function: Type:Debug:
DateTime:2026-08-28 17:52:39.647:退出connect函数                            File: Line:0 Function: Type:Debug:
DateTime:2026-08-28 17:52:39.647:"=========【Step57-数据转发--EB040602清除CCO任务队列(02智能补采)】结束=========="                            File: Line:0 Function: Type:Debug:
DateTime:2026-08-28 17:52:39.647:"-----------------------------"                            File: Line:0 Function: Type:Debug:
DateTime:2026-08-28 17:52:39.648:"=============执行【测试结束EB031101清空从节点档案】==================="                            File: Line:0 Function: Type:Debug:
DateTime:2026-08-28 17:52:39.648:"执行接口函数CCO_AFN52_F1_EB031101_set"                            File: Line:0 Function: Type:Debug:
DateTime:2026-08-28 17:52:39.648:callWorkFunction: CCO_AFN52_F1_EB031101_set                            File: Line:0 Function: Type:Debug:
DateTime:2026-08-28 17:52:39.648:找到对应函数，进入执行                            File: Line:0 Function: Type:Debug:
DateTime:2026-08-28 17:52:40.152:"等待工装回复超时"                            File: Line:0 Function: Type:Debug:
DateTime:2026-08-28 17:52:40.152:"开始组帧"                            File: Line:0 Function: Type:Debug:
DateTime:2026-08-28 17:52:40.152:"组帧结束"                            File: Line:0 Function: Type:Debug:
DateTime:2026-08-28 17:52:40.152:"367.2Send:数据转发(设置-从节点档案清单管理-删除表,EB031101)：=>68 59 00 43 00 00 00 00 00 8B 52 01 00 02 12 90 78 56 34 12 6B 8A E8 3E 00 68 12 90 78 56 34 12 68 14 32 34 44 36 1E 3B 33 33 33 44 44 44 44 33 39 36 34 43 33 49 4C 37 34 43 33 49 4C 38 34 43 33 49 4C 39 34 43 33 49 4C 3A 34 43 33 49 4C 3B 34 43 33 49 4C B5 16 74 16"                            File: Line:0 Function: Type:Debug:
DateTime:2026-08-28 17:52:40.152:"槽位2透传:68A601A6016840000000000022600000010002013C006859004300000000008B520100021290785634126B8AE83E00681290785634126814323444361E3B33333344444444333936344333494C37344333494C38344333494C39344333494C3A344333494C3B344333494CB5167416C116"                            File: Line:0 Function: Type:Debug:
DateTime:2026-08-28 17:52:40.152:"工装发送：68 A6 01 A6 01 68 40 00 00 00 00 00 22 60 00 00 01 00 02 01 3C 00 68 59 00 43 00 00 00 00 00 8B 52 01 00 02 12 90 78 56 34 12 6B 8A E8 3E 00 68 12 90 78 56 34 12 68 14 32 34 44 36 1E 3B 33 33 33 44 44 44 44 33 39 36 34 43 33 49 4C 37 34 43 33 49 4C 38 34 43 33 49 4C 39 34 43 33 49 4C 3A 34 43 33 49 4C 3B 34 43 33 49 4C B5 16 74 16 C1 16"                            File: Line:0 Function: Type:Debug:
DateTime:2026-08-28 17:52:40.256:"工装接收：68 32 00 32 00 68 80 00 00 00 00 00 00 60 00 00 01 00 E1 16"                            File: Line:0 Function: Type:Debug:
DateTime:2026-08-28 17:52:40.256:"m_baRecvMsg:"                            File: Line:0 Function: Type:Debug:
DateTime:2026-08-28 17:52:40.256:"frameList.size():1"                            File: Line:0 Function: Type:Debug:
DateTime:2026-08-28 17:52:40.256:"进入报文解析"                            File: Line:0 Function: Type:Debug:
DateTime:2026-08-28 17:52:40.256:"68 32 00 32 00 68 80 00 00 00 00 00 00 60 00 00 01 00 E1 16"                            File: Line:0 Function: Type:Debug:
DateTime:2026-08-28 17:52:40.256:"解码完成，功能码: 1"                            File: Line:0 Function: Type:Debug:
DateTime:2026-08-28 17:52:40.256:"工装回复确认帧"                            File: Line:0 Function: Type:Debug:
DateTime:2026-08-28 17:52:40.309:"工装接收：68 CE 00 CE 00 68 80 00 00 00 00 00 22 60 00 00 01 00 02 24 00 68 24 00 80 00 00 00 00 00 8B 52 01 00 02 12 90 78 56 34 12 0C 00 68 12 90 78 56 34 12 68 94 00 1A 16 6C 16 A3 16"                            File: Line:0 Function: Type:Debug:
DateTime:2026-08-28 17:52:40.309:"m_baRecvMsg:"                            File: Line:0 Function: Type:Debug:
DateTime:2026-08-28 17:52:40.309:"frameList.size():1"                            File: Line:0 Function: Type:Debug:
DateTime:2026-08-28 17:52:40.309:"进入报文解析"                            File: Line:0 Function: Type:Debug:
DateTime:2026-08-28 17:52:40.309:"68 CE 00 CE 00 68 80 00 00 00 00 00 22 60 00 00 01 00 02 24 00 68 24 00 80 00 00 00 00 00 8B 52 01 00 02 12 90 78 56 34 12 0C 00 68 12 90 78 56 34 12 68 94 00 1A 16 6C 16 A3 16"                            File: Line:0 Function: Type:Debug:
DateTime:2026-08-28 17:52:40.310:"解码完成，功能码: 4"                            File: Line:0 Function: Type:Debug:
DateTime:2026-08-28 17:52:40.310:"工装接收到透传报文"                            File: Line:0 Function: Type:Debug:
DateTime:2026-08-28 17:52:40.310:"0224006824008000000000008B520100021290785634120C00681290785634126894001A166C16"                            File: Line:0 Function: Type:Debug:
DateTime:2026-08-28 17:52:40.310:"透传报文内容:68 24 00 80 00 00 00 00 00 8b 52 01 00 02 12 90 78 56 34 12 0c 00 68 12 90 78 56 34 12 68 94 00 1a 16 6c 16"                            File: Line:0 Function: Type:Debug:
DateTime:2026-08-28 17:52:43.231:"uTimeSecond_ms:30000"                            File: Line:0 Function: Type:Debug:
DateTime:2026-08-28 17:52:43.231:"查找结果: iret=0, wStart=0, dwOutLen=36, dwStreamLen=36, dwFindPos=0"                            File: Line:0 Function: Type:Debug:
DateTime:2026-08-28 17:52:43.231:"Receive:<= 68 24 00 80 00 00 00 00 00 8B 52 01 00 02 12 90 78 56 34 12 0C 00 68 12 90 78 56 34 12 68 94 00 1A 16 6C 16"                            File: Line:0 Function: Type:Debug:
DateTime:2026-08-28 17:52:43.231:"解析：功能码-AFN=52H,Fn=1："                            File: Line:0 Function: Type:Debug:
DateTime:2026-08-28 17:52:43.231:"透传回复内容：021290785634120C00681290785634126894001A16"                            File: Line:0 Function: Type:Debug:
DateTime:2026-08-28 17:52:43.231:"设置成功,成功数量：6"                            File: Line:0 Function: Type:Debug:
DateTime:2026-08-28 17:52:43.252:"删除表总数量：6 全部成功 "                            File: Line:0 Function: Type:Debug:
DateTime:2026-08-28 17:52:43.252:dll输出信息: ""                            File: Line:0 Function: Type:Debug:
DateTime:2026-08-28 17:52:43.252:接口函数调用成功，返回的结果为 0                            File: Line:0 Function: Type:Debug:
DateTime:2026-08-28 17:52:43.252:"外部传入的para：0，返回的result：0,返回的pValRet：0"                            File: Line:0 Function: Type:Debug:
DateTime:2026-08-28 17:52:43.252:"执行接口函数CCO_AFN52_F1_EB031101_set完成"                            File: Line:0 Function: Type:Debug:
DateTime:2026-08-28 17:52:43.252:coorIndex 0                            File: Line:0 Function: Type:Debug:
DateTime:2026-08-28 17:52:43.253:当前流程结束                            File: Line:0 Function: Type:Debug:
DateTime:2026-08-28 17:52:43.253:退出connect函数                            File: Line:0 Function: Type:Debug:
DateTime:2026-08-28 17:52:43.253:"=========【测试结束EB031101清空从节点档案】结束=========="                            File: Line:0 Function: Type:Debug:
DateTime:2026-08-28 17:52:43.253:"-----------------------------"                            File: Line:0 Function: Type:Debug:
DateTime:2026-08-28 17:52:43.254:"=============执行【设置表类型】==================="                            File: Line:0 Function: Type:Debug:
DateTime:2026-08-28 17:52:43.254:"执行接口函数SimuCorn_set_meter_type"                            File: Line:0 Function: Type:Debug:
DateTime:2026-08-28 17:52:43.254:callWorkFunction: SimuCorn_set_meter_type                            File: Line:0 Function: Type:Debug:
DateTime:2026-08-28 17:52:43.254:找到对应函数，进入执行                            File: Line:0 Function: Type:Debug:
DateTime:2026-08-28 17:52:43.254:"工装发送：68 3A 00 3A 00 68 40 00 00 00 00 00 22 60 00 00 10 00 06 01 D9 16"                            File: Line:0 Function: Type:Debug:
DateTime:2026-08-28 17:52:43.255:"工装接收：68 32 00 32 00 68 80 00 00 00 00 00 00 60 00 00 01 00 E1 16"                            File: Line:0 Function: Type:Debug:
DateTime:2026-08-28 17:52:43.255:"m_baRecvMsg:"                            File: Line:0 Function: Type:Debug:
DateTime:2026-08-28 17:52:43.255:"frameList.size():1"                            File: Line:0 Function: Type:Debug:
DateTime:2026-08-28 17:52:43.255:"进入报文解析"                            File: Line:0 Function: Type:Debug:
DateTime:2026-08-28 17:52:43.255:"68 32 00 32 00 68 80 00 00 00 00 00 00 60 00 00 01 00 E1 16"                            File: Line:0 Function: Type:Debug:
DateTime:2026-08-28 17:52:43.255:"解码完成，功能码: 1"                            File: Line:0 Function: Type:Debug:
DateTime:2026-08-28 17:52:43.255:"工装回复确认帧"                            File: Line:0 Function: Type:Debug:
DateTime:2026-08-28 17:52:43.255:"工装发送：68 3A 00 3A 00 68 40 00 00 00 00 00 22 60 00 00 10 00 07 01 DA 16"                            File: Line:0 Function: Type:Debug:
DateTime:2026-08-28 17:52:43.256:"工装接收：68 32 00 32 00 68 80 00 00 00 00 00 00 60 00 00 01 00 E1 16"                            File: Line:0 Function: Type:Debug:
DateTime:2026-08-28 17:52:43.256:"m_baRecvMsg:"                            File: Line:0 Function: Type:Debug:
DateTime:2026-08-28 17:52:43.256:"frameList.size():1"                            File: Line:0 Function: Type:Debug:
DateTime:2026-08-28 17:52:43.256:"进入报文解析"                            File: Line:0 Function: Type:Debug:
DateTime:2026-08-28 17:52:43.256:"68 32 00 32 00 68 80 00 00 00 00 00 00 60 00 00 01 00 E1 16"                            File: Line:0 Function: Type:Debug:
DateTime:2026-08-28 17:52:43.256:"解码完成，功能码: 1"                            File: Line:0 Function: Type:Debug:
DateTime:2026-08-28 17:52:43.256:"工装回复确认帧"                            File: Line:0 Function: Type:Debug:
DateTime:2026-08-28 17:52:43.256:"工装发送：68 3A 00 3A 00 68 40 00 00 00 00 00 22 60 00 00 10 00 08 01 DB 16"                            File: Line:0 Function: Type:Debug:
DateTime:2026-08-28 17:52:43.257:"工装接收：68 32 00 32 00 68 80 00 00 00 00 00 00 60 00 00 01 00 E1 16"                            File: Line:0 Function: Type:Debug:
DateTime:2026-08-28 17:52:43.257:"m_baRecvMsg:"                            File: Line:0 Function: Type:Debug:
DateTime:2026-08-28 17:52:43.257:"frameList.size():1"                            File: Line:0 Function: Type:Debug:
DateTime:2026-08-28 17:52:43.257:"进入报文解析"                            File: Line:0 Function: Type:Debug:
DateTime:2026-08-28 17:52:43.257:"68 32 00 32 00 68 80 00 00 00 00 00 00 60 00 00 01 00 E1 16"                            File: Line:0 Function: Type:Debug:
DateTime:2026-08-28 17:52:43.257:"解码完成，功能码: 1"                            File: Line:0 Function: Type:Debug:
DateTime:2026-08-28 17:52:43.257:"工装回复确认帧"                            File: Line:0 Function: Type:Debug:
DateTime:2026-08-28 17:52:43.257:"全部槽位设置表类型成功"                            File: Line:0 Function: Type:Debug:
DateTime:2026-08-28 17:52:43.358:dll输出信息: ""                            File: Line:0 Function: Type:Debug:
DateTime:2026-08-28 17:52:43.358:接口函数调用成功，返回的结果为 0                            File: Line:0 Function: Type:Debug:
DateTime:2026-08-28 17:52:43.358:"外部传入的para：0，返回的result：0,返回的pValRet：0"                            File: Line:0 Function: Type:Debug:
DateTime:2026-08-28 17:52:43.358:"执行接口函数SimuCorn_set_meter_type完成"                            File: Line:0 Function: Type:Debug:
DateTime:2026-08-28 17:52:43.358:coorIndex 0                            File: Line:0 Function: Type:Debug:
DateTime:2026-08-28 17:52:43.359:当前流程结束                            File: Line:0 Function: Type:Debug:
DateTime:2026-08-28 17:52:43.359:退出connect函数                            File: Line:0 Function: Type:Debug:
DateTime:2026-08-28 17:52:43.359:"=========【设置表类型】结束=========="                            File: Line:0 Function: Type:Debug:
DateTime:2026-08-28 17:52:43.359:"-----------------------------"                            File: Line:0 Function: Type:Debug:
DateTime:2026-08-28 17:52:43.359:"=============执行【测试槽位透传关闭】==================="                            File: Line:0 Function: Type:Debug:
DateTime:2026-08-28 17:52:43.359:"执行接口函数SimuCorn_close_transport"                            File: Line:0 Function: Type:Debug:
DateTime:2026-08-28 17:52:43.359:callWorkFunction: SimuCorn_close_transport                            File: Line:0 Function: Type:Debug:
DateTime:2026-08-28 17:52:43.359:找到对应函数，进入执行                            File: Line:0 Function: Type:Debug:
DateTime:2026-08-28 17:52:43.360:"工装发送：68 42 00 42 00 68 40 00 00 00 00 00 22 60 00 00 01 00 02 00 3C 00 01 16"                            File: Line:0 Function: Type:Debug:
DateTime:2026-08-28 17:52:43.360:"工装接收：68 32 00 32 00 68 80 00 00 00 00 00 00 60 00 00 01 00 E1 16"                            File: Line:0 Function: Type:Debug:
DateTime:2026-08-28 17:52:43.360:"m_baRecvMsg:"                            File: Line:0 Function: Type:Debug:
DateTime:2026-08-28 17:52:43.360:"frameList.size():1"                            File: Line:0 Function: Type:Debug:
DateTime:2026-08-28 17:52:43.360:"进入报文解析"                            File: Line:0 Function: Type:Debug:
DateTime:2026-08-28 17:52:43.360:"68 32 00 32 00 68 80 00 00 00 00 00 00 60 00 00 01 00 E1 16"                            File: Line:0 Function: Type:Debug:
DateTime:2026-08-28 17:52:43.360:"解码完成，功能码: 1"                            File: Line:0 Function: Type:Debug:
DateTime:2026-08-28 17:52:43.360:"工装回复确认帧"                            File: Line:0 Function: Type:Debug:
DateTime:2026-08-28 17:52:43.360:"全部槽位关闭透传成功"                            File: Line:0 Function: Type:Debug:
DateTime:2026-08-28 17:52:43.461:dll输出信息: ""                            File: Line:0 Function: Type:Debug:
DateTime:2026-08-28 17:52:43.461:接口函数调用成功，返回的结果为 0                            File: Line:0 Function: Type:Debug:
DateTime:2026-08-28 17:52:43.461:"外部传入的para：0，返回的result：0,返回的pValRet：0"                            File: Line:0 Function: Type:Debug:
DateTime:2026-08-28 17:52:43.461:"执行接口函数SimuCorn_close_transport完成"                            File: Line:0 Function: Type:Debug:
DateTime:2026-08-28 17:52:43.461:coorIndex 0                            File: Line:0 Function: Type:Debug:
DateTime:2026-08-28 17:52:43.462:当前流程结束                            File: Line:0 Function: Type:Debug:
DateTime:2026-08-28 17:52:43.462:退出connect函数                            File: Line:0 Function: Type:Debug:
DateTime:2026-08-28 17:52:43.462:"=========【测试槽位透传关闭】结束=========="                            File: Line:0 Function: Type:Debug:
DateTime:2026-08-28 17:52:43.462:"-----------------------------"                            File: Line:0 Function: Type:Debug:
DateTime:2026-08-28 17:52:43.462:"=============执行【测试槽位下电】==================="                            File: Line:0 Function: Type:Debug:
DateTime:2026-08-28 17:52:43.462:"执行接口函数SimuCorn_power_off"                            File: Line:0 Function: Type:Debug:
DateTime:2026-08-28 17:52:43.462:callWorkFunction: SimuCorn_power_off                            File: Line:0 Function: Type:Debug:
DateTime:2026-08-28 17:52:43.462:找到对应函数，进入执行                            File: Line:0 Function: Type:Debug:
DateTime:2026-08-28 17:52:43.463:"工装发送：68 3E 00 3E 00 68 40 00 00 00 00 00 21 60 00 00 02 00 01 02 00 C6 16"                            File: Line:0 Function: Type:Debug:
DateTime:2026-08-28 17:52:43.463:"工装接收：68 32 00 32 00 68 80 00 00 00 00 00 00 60 00 00 01 00 E1 16"                            File: Line:0 Function: Type:Debug:
DateTime:2026-08-28 17:52:43.463:"m_baRecvMsg:"                            File: Line:0 Function: Type:Debug:
DateTime:2026-08-28 17:52:43.463:"frameList.size():1"                            File: Line:0 Function: Type:Debug:
DateTime:2026-08-28 17:52:43.463:"进入报文解析"                            File: Line:0 Function: Type:Debug:
DateTime:2026-08-28 17:52:43.463:"68 32 00 32 00 68 80 00 00 00 00 00 00 60 00 00 01 00 E1 16"                            File: Line:0 Function: Type:Debug:
DateTime:2026-08-28 17:52:43.463:"解码完成，功能码: 1"                            File: Line:0 Function: Type:Debug:
DateTime:2026-08-28 17:52:43.463:"工装回复确认帧"                            File: Line:0 Function: Type:Debug:
DateTime:2026-08-28 17:52:43.463:"工装发送：68 3E 00 3E 00 68 40 00 00 00 00 00 21 60 00 00 02 00 02 02 00 C7 16"                            File: Line:0 Function: Type:Debug:
DateTime:2026-08-28 17:52:43.464:"工装接收：68 32 00 32 00 68 80 00 00 00 00 00 00 60 00 00 01 00 E1 16"                            File: Line:0 Function: Type:Debug:
DateTime:2026-08-28 17:52:43.464:"m_baRecvMsg:"                            File: Line:0 Function: Type:Debug:
DateTime:2026-08-28 17:52:43.464:"frameList.size():1"                            File: Line:0 Function: Type:Debug:
DateTime:2026-08-28 17:52:43.464:"进入报文解析"                            File: Line:0 Function: Type:Debug:
DateTime:2026-08-28 17:52:43.464:"68 32 00 32 00 68 80 00 00 00 00 00 00 60 00 00 01 00 E1 16"                            File: Line:0 Function: Type:Debug:
DateTime:2026-08-28 17:52:43.464:"解码完成，功能码: 1"                            File: Line:0 Function: Type:Debug:
DateTime:2026-08-28 17:52:43.464:"工装回复确认帧"                            File: Line:0 Function: Type:Debug:
DateTime:2026-08-28 17:52:43.464:"工装发送：68 3E 00 3E 00 68 40 00 00 00 00 00 21 60 00 00 02 00 03 02 00 C8 16"                            File: Line:0 Function: Type:Debug:
DateTime:2026-08-28 17:52:43.465:"工装接收：68 32 00 32 00 68 80 00 00 00 00 00 00 60 00 00 01 00 E1 16"                            File: Line:0 Function: Type:Debug:
DateTime:2026-08-28 17:52:43.465:"m_baRecvMsg:"                            File: Line:0 Function: Type:Debug:
DateTime:2026-08-28 17:52:43.465:"frameList.size():1"                            File: Line:0 Function: Type:Debug:
DateTime:2026-08-28 17:52:43.465:"进入报文解析"                            File: Line:0 Function: Type:Debug:
DateTime:2026-08-28 17:52:43.465:"68 32 00 32 00 68 80 00 00 00 00 00 00 60 00 00 01 00 E1 16"                            File: Line:0 Function: Type:Debug:
DateTime:2026-08-28 17:52:43.465:"解码完成，功能码: 1"                            File: Line:0 Function: Type:Debug:
DateTime:2026-08-28 17:52:43.465:"工装回复确认帧"                            File: Line:0 Function: Type:Debug:
DateTime:2026-08-28 17:52:43.465:"工装发送：68 3E 00 3E 00 68 40 00 00 00 00 00 21 60 00 00 02 00 04 02 00 C9 16"                            File: Line:0 Function: Type:Debug:
DateTime:2026-08-28 17:52:43.465:"工装接收：68 32 00 32 00 68 80 00 00 00 00 00 00 60 00 00 01 00 E1 16"                            File: Line:0 Function: Type:Debug:
DateTime:2026-08-28 17:52:43.465:"m_baRecvMsg:"                            File: Line:0 Function: Type:Debug:
DateTime:2026-08-28 17:52:43.465:"frameList.size():1"                            File: Line:0 Function: Type:Debug:
DateTime:2026-08-28 17:52:43.465:"进入报文解析"                            File: Line:0 Function: Type:Debug:
DateTime:2026-08-28 17:52:43.466:"68 32 00 32 00 68 80 00 00 00 00 00 00 60 00 00 01 00 E1 16"                            File: Line:0 Function: Type:Debug:
DateTime:2026-08-28 17:52:43.466:"解码完成，功能码: 1"                            File: Line:0 Function: Type:Debug:
DateTime:2026-08-28 17:52:43.466:"工装回复确认帧"                            File: Line:0 Function: Type:Debug:
DateTime:2026-08-28 17:52:43.466:"工装发送：68 3E 00 3E 00 68 40 00 00 00 00 00 21 60 00 00 02 00 05 02 00 CA 16"                            File: Line:0 Function: Type:Debug:
DateTime:2026-08-28 17:52:43.466:"工装接收：68 32 00 32 00 68 80 00 00 00 00 00 00 60 00 00 01 00 E1 16"                            File: Line:0 Function: Type:Debug:
DateTime:2026-08-28 17:52:43.466:"m_baRecvMsg:"                            File: Line:0 Function: Type:Debug:
DateTime:2026-08-28 17:52:43.466:"frameList.size():1"                            File: Line:0 Function: Type:Debug:
DateTime:2026-08-28 17:52:43.466:"进入报文解析"                            File: Line:0 Function: Type:Debug:
DateTime:2026-08-28 17:52:43.466:"68 32 00 32 00 68 80 00 00 00 00 00 00 60 00 00 01 00 E1 16"                            File: Line:0 Function: Type:Debug:
DateTime:2026-08-28 17:52:43.466:"解码完成，功能码: 1"                            File: Line:0 Function: Type:Debug:
DateTime:2026-08-28 17:52:43.466:"工装回复确认帧"                            File: Line:0 Function: Type:Debug:
DateTime:2026-08-28 17:52:43.466:"工装发送：68 3E 00 3E 00 68 40 00 00 00 00 00 21 60 00 00 02 00 06 02 00 CB 16"                            File: Line:0 Function: Type:Debug:
DateTime:2026-08-28 17:52:43.467:"工装接收：68 32 00 32 00 68 80 00 00 00 00 00 00 60 00 00 01 00 E1 16"                            File: Line:0 Function: Type:Debug:
DateTime:2026-08-28 17:52:43.467:"m_baRecvMsg:"                            File: Line:0 Function: Type:Debug:
DateTime:2026-08-28 17:52:43.467:"frameList.size():1"                            File: Line:0 Function: Type:Debug:
DateTime:2026-08-28 17:52:43.467:"进入报文解析"                            File: Line:0 Function: Type:Debug:
DateTime:2026-08-28 17:52:43.467:"68 32 00 32 00 68 80 00 00 00 00 00 00 60 00 00 01 00 E1 16"                            File: Line:0 Function: Type:Debug:
DateTime:2026-08-28 17:52:43.467:"解码完成，功能码: 1"                            File: Line:0 Function: Type:Debug:
DateTime:2026-08-28 17:52:43.467:"工装回复确认帧"                            File: Line:0 Function: Type:Debug:
DateTime:2026-08-28 17:52:43.467:"工装发送：68 3E 00 3E 00 68 40 00 00 00 00 00 21 60 00 00 02 00 07 02 00 CC 16"                            File: Line:0 Function: Type:Debug:
DateTime:2026-08-28 17:52:43.468:"工装接收：68 32 00 32 00 68 80 00 00 00 00 00 00 60 00 00 01 00 E1 16"                            File: Line:0 Function: Type:Debug:
DateTime:2026-08-28 17:52:43.468:"m_baRecvMsg:"                            File: Line:0 Function: Type:Debug:
DateTime:2026-08-28 17:52:43.468:"frameList.size():1"                            File: Line:0 Function: Type:Debug:
DateTime:2026-08-28 17:52:43.468:"进入报文解析"                            File: Line:0 Function: Type:Debug:
DateTime:2026-08-28 17:52:43.468:"68 32 00 32 00 68 80 00 00 00 00 00 00 60 00 00 01 00 E1 16"                            File: Line:0 Function: Type:Debug:
DateTime:2026-08-28 17:52:43.468:"解码完成，功能码: 1"                            File: Line:0 Function: Type:Debug:
DateTime:2026-08-28 17:52:43.468:"工装回复确认帧"                            File: Line:0 Function: Type:Debug:
DateTime:2026-08-28 17:52:43.468:"工装发送：68 3E 00 3E 00 68 40 00 00 00 00 00 21 60 00 00 02 00 08 02 00 CD 16"                            File: Line:0 Function: Type:Debug:
DateTime:2026-08-28 17:52:43.468:"工装接收：68 32 00 32 00 68 80 00 00 00 00 00 00 60 00 00 01 00 E1 16"                            File: Line:0 Function: Type:Debug:
DateTime:2026-08-28 17:52:43.468:"m_baRecvMsg:"                            File: Line:0 Function: Type:Debug:
DateTime:2026-08-28 17:52:43.468:"frameList.size():1"                            File: Line:0 Function: Type:Debug:
DateTime:2026-08-28 17:52:43.468:"进入报文解析"                            File: Line:0 Function: Type:Debug:
DateTime:2026-08-28 17:52:43.468:"68 32 00 32 00 68 80 00 00 00 00 00 00 60 00 00 01 00 E1 16"                            File: Line:0 Function: Type:Debug:
DateTime:2026-08-28 17:52:43.469:"解码完成，功能码: 1"                            File: Line:0 Function: Type:Debug:
DateTime:2026-08-28 17:52:43.469:"工装回复确认帧"                            File: Line:0 Function: Type:Debug:
DateTime:2026-08-28 17:52:43.469:"所有槽位下电成功"                            File: Line:0 Function: Type:Debug:
DateTime:2026-08-28 17:52:43.570:dll输出信息: ""                            File: Line:0 Function: Type:Debug:
DateTime:2026-08-28 17:52:43.570:接口函数调用成功，返回的结果为 0                            File: Line:0 Function: Type:Debug:
DateTime:2026-08-28 17:52:43.570:"外部传入的para：0，返回的result：0,返回的pValRet：0"                            File: Line:0 Function: Type:Debug:
DateTime:2026-08-28 17:52:43.570:"执行接口函数SimuCorn_power_off完成"                            File: Line:0 Function: Type:Debug:
DateTime:2026-08-28 17:52:43.570:coorIndex 0                            File: Line:0 Function: Type:Debug:
DateTime:2026-08-28 17:52:43.571:当前流程结束                            File: Line:0 Function: Type:Debug:
DateTime:2026-08-28 17:52:43.571:退出connect函数                            File: Line:0 Function: Type:Debug:
DateTime:2026-08-28 17:52:43.571:"=========【测试槽位下电】结束=========="                            File: Line:0 Function: Type:Debug:
DateTime:2026-08-28 17:52:43.571:"-----------------------------"                            File: Line:0 Function: Type:Debug:
DateTime:2026-08-28 17:52:43.572:"=============执行【三相功率源关源】==================="                            File: Line:0 Function: Type:Debug:
DateTime:2026-08-28 17:52:43.572:"--发送:A1 01 04 DC 07 00 E3"                            File: Line:0 Function: Type:Debug:
DateTime:2026-08-28 17:52:43.573:",串口打开失败,请检查连接,错误信息:Unknown error"                            File: Line:0 Function: Type:Debug:
DateTime:2026-08-28 17:52:43.675:三相功率源关源成功                            File: Line:0 Function: Type:Debug:
DateTime:2026-08-28 17:52:43.675:"=========【三相功率源关源】结束=========="                            File: Line:0 Function: Type:Debug:
DateTime:2026-08-28 17:52:43.675:"-----------------------------"                            File: Line:0 Function: Type:Debug:
DateTime:2026-08-28 17:52:43.675:"=============执行【关闭应用串口】==================="                            File: Line:0 Function: Type:Debug:
DateTime:2026-08-28 17:52:43.676:"执行接口函数ini_SimuCorn_Connect_Close"                            File: Line:0 Function: Type:Debug:
DateTime:2026-08-28 17:52:43.676:callWorkFunction: ini_SimuCorn_Connect_Close                            File: Line:0 Function: Type:Debug:
DateTime:2026-08-28 17:52:43.676:找到对应函数，进入执行                            File: Line:0 Function: Type:Debug:
DateTime:2026-08-28 17:52:43.676:"工装板连接关闭"                            File: Line:0 Function: Type:Debug:
DateTime:2026-08-28 17:52:43.777:dll输出信息: ""                            File: Line:0 Function: Type:Debug:
DateTime:2026-08-28 17:52:43.777:接口函数调用成功，返回的结果为 0                            File: Line:0 Function: Type:Debug:
DateTime:2026-08-28 17:52:43.777:"外部传入的para：0，返回的result：0,返回的pValRet：0"                            File: Line:0 Function: Type:Debug:
DateTime:2026-08-28 17:52:43.777:"执行接口函数ini_SimuCorn_Connect_Close完成"                            File: Line:0 Function: Type:Debug:
DateTime:2026-08-28 17:52:43.777:coorIndex 0                            File: Line:0 Function: Type:Debug:
DateTime:2026-08-28 17:52:43.777:当前流程结束                            File: Line:0 Function: Type:Debug:
DateTime:2026-08-28 17:52:43.778:退出connect函数                            File: Line:0 Function: Type:Debug:
DateTime:2026-08-28 17:52:43.778:"=========【关闭应用串口】结束=========="                            File: Line:0 Function: Type:Debug:
DateTime:2026-08-28 17:52:43.778:"-----------------------------"                            File: Line:0 Function: Type:Debug:
DateTime:2026-08-28 17:52:43.778:工作结束,开始存储本地数据                            File: Line:0 Function: Type:Debug:
DateTime:2026-08-28 17:52:43.804:三相功率源串口关闭成功                            File: Line:0 Function: Type:Debug:
DateTime:2026-08-28 17:52:43.804:高低温箱串口关闭成功                            File: Line:0 Function: Type:Debug:
DateTime:2026-08-28 17:52:43.809:"保存测试结果成功"                            File: Line:0 Function: Type:Debug:
DateTime:2026-08-28 17:52:43.809:"=============执行【关闭测试项日志】==================="                            File: Line:0 Function: Type:Debug:
====== 测试项结束: 智能补采检测 ======
时间: 2026-08-28 17:52:43

