====== 测试项开始: 透明转发类命令检测 ======
时间: 2026-08-28 17:28:47
DateTime:2026-08-28 17:28:47.070:"=========【开启测试项日志】结束=========="                            File: Line:0 Function: Type:Debug:
DateTime:2026-08-28 17:28:47.070:"-----------------------------"                            File: Line:0 Function: Type:Debug:
DateTime:2026-08-28 17:28:47.071:"=============执行【Step1-应用串口初始化】==================="                            File: Line:0 Function: Type:Debug:
DateTime:2026-08-28 17:28:47.071:"执行接口函数ini_SimuCorn_Connect"                            File: Line:0 Function: Type:Debug:
DateTime:2026-08-28 17:28:47.071:callWorkFunction: ini_SimuCorn_Connect                            File: Line:0 Function: Type:Debug:
DateTime:2026-08-28 17:28:47.071:找到对应函数，进入执行                            File: Line:0 Function: Type:Debug:
DateTime:2026-08-28 17:28:47.073:"全部工装板连接成功"                            File: Line:0 Function: Type:Debug:
DateTime:2026-08-28 17:28:47.173:dll输出信息: ""                            File: Line:0 Function: Type:Debug:
DateTime:2026-08-28 17:28:47.173:接口函数调用成功，返回的结果为 0                            File: Line:0 Function: Type:Debug:
DateTime:2026-08-28 17:28:47.173:"外部传入的para：0，返回的result：0,返回的pValRet：0"                            File: Line:0 Function: Type:Debug:
DateTime:2026-08-28 17:28:47.173:"执行接口函数ini_SimuCorn_Connect完成"                            File: Line:0 Function: Type:Debug:
DateTime:2026-08-28 17:28:47.174:coorIndex 0                            File: Line:0 Function: Type:Debug:
DateTime:2026-08-28 17:28:47.174:当前流程结束                            File: Line:0 Function: Type:Debug:
DateTime:2026-08-28 17:28:47.174:退出connect函数                            File: Line:0 Function: Type:Debug:
DateTime:2026-08-28 17:28:47.174:"=========【Step1-应用串口初始化】结束=========="                            File: Line:0 Function: Type:Debug:
DateTime:2026-08-28 17:28:47.174:"-----------------------------"                            File: Line:0 Function: Type:Debug:
DateTime:2026-08-28 17:28:47.175:"=============执行【初始化工装参数】==================="                            File: Line:0 Function: Type:Debug:
DateTime:2026-08-28 17:28:47.175:"执行接口函数ini_SimuCorn_Para"                            File: Line:0 Function: Type:Debug:
DateTime:2026-08-28 17:28:47.175:callWorkFunction: ini_SimuCorn_Para                            File: Line:0 Function: Type:Debug:
DateTime:2026-08-28 17:28:47.175:找到对应函数，进入执行                            File: Line:0 Function: Type:Debug:
DateTime:2026-08-28 17:28:47.175:"工装板参数初始化完成"                            File: Line:0 Function: Type:Debug:
DateTime:2026-08-28 17:28:47.276:dll输出信息: ""                            File: Line:0 Function: Type:Debug:
DateTime:2026-08-28 17:28:47.276:接口函数调用成功，返回的结果为 0                            File: Line:0 Function: Type:Debug:
DateTime:2026-08-28 17:28:47.276:"外部传入的para：0，返回的result：0,返回的pValRet：0"                            File: Line:0 Function: Type:Debug:
DateTime:2026-08-28 17:28:47.276:"执行接口函数ini_SimuCorn_Para完成"                            File: Line:0 Function: Type:Debug:
DateTime:2026-08-28 17:28:47.276:coorIndex 0                            File: Line:0 Function: Type:Debug:
DateTime:2026-08-28 17:28:47.276:当前流程结束                            File: Line:0 Function: Type:Debug:
DateTime:2026-08-28 17:28:47.276:退出connect函数                            File: Line:0 Function: Type:Debug:
DateTime:2026-08-28 17:28:47.276:"=========【初始化工装参数】结束=========="                            File: Line:0 Function: Type:Debug:
DateTime:2026-08-28 17:28:47.276:"-----------------------------"                            File: Line:0 Function: Type:Debug:
DateTime:2026-08-28 17:28:47.277:"=============执行【测试槽位设置波特率】==================="                            File: Line:0 Function: Type:Debug:
DateTime:2026-08-28 17:28:47.277:"执行接口函数SimuCorn_set_baudrate"                            File: Line:0 Function: Type:Debug:
DateTime:2026-08-28 17:28:47.277:callWorkFunction: SimuCorn_set_baudrate                            File: Line:0 Function: Type:Debug:
DateTime:2026-08-28 17:28:47.277:找到对应函数，进入执行                            File: Line:0 Function: Type:Debug:
DateTime:2026-08-28 17:28:47.277:"工装发送：68 3A 00 3A 00 68 40 00 00 00 00 00 22 60 00 00 08 00 02 02 CE 16"                            File: Line:0 Function: Type:Debug:
DateTime:2026-08-28 17:28:47.278:"工装接收：68 32 00 32 00 68 80 00 00 00 00 00 00 60 00 00 01 00 E1 16"                            File: Line:0 Function: Type:Debug:
DateTime:2026-08-28 17:28:47.278:"m_baRecvMsg:"                            File: Line:0 Function: Type:Debug:
DateTime:2026-08-28 17:28:47.278:"frameList.size():1"                            File: Line:0 Function: Type:Debug:
DateTime:2026-08-28 17:28:47.278:"进入报文解析"                            File: Line:0 Function: Type:Debug:
DateTime:2026-08-28 17:28:47.278:"68 32 00 32 00 68 80 00 00 00 00 00 00 60 00 00 01 00 E1 16"                            File: Line:0 Function: Type:Debug:
DateTime:2026-08-28 17:28:47.278:"解码完成，功能码: 1"                            File: Line:0 Function: Type:Debug:
DateTime:2026-08-28 17:28:47.278:"工装回复确认帧"                            File: Line:0 Function: Type:Debug:
DateTime:2026-08-28 17:28:47.278:"全部槽位设置波特率成功"                            File: Line:0 Function: Type:Debug:
DateTime:2026-08-28 17:28:47.379:dll输出信息: ""                            File: Line:0 Function: Type:Debug:
DateTime:2026-08-28 17:28:47.379:接口函数调用成功，返回的结果为 0                            File: Line:0 Function: Type:Debug:
DateTime:2026-08-28 17:28:47.379:"外部传入的para：0，返回的result：0,返回的pValRet：0"                            File: Line:0 Function: Type:Debug:
DateTime:2026-08-28 17:28:47.379:"执行接口函数SimuCorn_set_baudrate完成"                            File: Line:0 Function: Type:Debug:
DateTime:2026-08-28 17:28:47.379:coorIndex 0                            File: Line:0 Function: Type:Debug:
DateTime:2026-08-28 17:28:47.379:当前流程结束                            File: Line:0 Function: Type:Debug:
DateTime:2026-08-28 17:28:47.379:退出connect函数                            File: Line:0 Function: Type:Debug:
DateTime:2026-08-28 17:28:47.379:"=========【测试槽位设置波特率】结束=========="                            File: Line:0 Function: Type:Debug:
DateTime:2026-08-28 17:28:47.380:"-----------------------------"                            File: Line:0 Function: Type:Debug:
DateTime:2026-08-28 17:28:47.381:"=============执行【测试槽位开启透传】==================="                            File: Line:0 Function: Type:Debug:
DateTime:2026-08-28 17:28:47.381:"执行接口函数SimuCorn_open_transport"                            File: Line:0 Function: Type:Debug:
DateTime:2026-08-28 17:28:47.381:callWorkFunction: SimuCorn_open_transport                            File: Line:0 Function: Type:Debug:
DateTime:2026-08-28 17:28:47.381:找到对应函数，进入执行                            File: Line:0 Function: Type:Debug:
DateTime:2026-08-28 17:28:47.381:"工装发送：68 42 00 42 00 68 40 00 00 00 00 00 22 60 00 00 01 00 02 01 3C 00 02 16"                            File: Line:0 Function: Type:Debug:
DateTime:2026-08-28 17:28:47.381:"工装接收：68 32 00 32 00 68 80 00 00 00 00 00 00 60 00 00 01 00 E1 16"                            File: Line:0 Function: Type:Debug:
DateTime:2026-08-28 17:28:47.382:"m_baRecvMsg:"                            File: Line:0 Function: Type:Debug:
DateTime:2026-08-28 17:28:47.382:"frameList.size():1"                            File: Line:0 Function: Type:Debug:
DateTime:2026-08-28 17:28:47.382:"进入报文解析"                            File: Line:0 Function: Type:Debug:
DateTime:2026-08-28 17:28:47.382:"68 32 00 32 00 68 80 00 00 00 00 00 00 60 00 00 01 00 E1 16"                            File: Line:0 Function: Type:Debug:
DateTime:2026-08-28 17:28:47.382:"解码完成，功能码: 1"                            File: Line:0 Function: Type:Debug:
DateTime:2026-08-28 17:28:47.382:"工装回复确认帧"                            File: Line:0 Function: Type:Debug:
DateTime:2026-08-28 17:28:47.382:"全部槽位开启透传成功"                            File: Line:0 Function: Type:Debug:
DateTime:2026-08-28 17:28:47.483:dll输出信息: ""                            File: Line:0 Function: Type:Debug:
DateTime:2026-08-28 17:28:47.483:接口函数调用成功，返回的结果为 0                            File: Line:0 Function: Type:Debug:
DateTime:2026-08-28 17:28:47.483:"外部传入的para：0，返回的result：0,返回的pValRet：0"                            File: Line:0 Function: Type:Debug:
DateTime:2026-08-28 17:28:47.483:"执行接口函数SimuCorn_open_transport完成"                            File: Line:0 Function: Type:Debug:
DateTime:2026-08-28 17:28:47.483:coorIndex 0                            File: Line:0 Function: Type:Debug:
DateTime:2026-08-28 17:28:47.483:当前流程结束                            File: Line:0 Function: Type:Debug:
DateTime:2026-08-28 17:28:47.483:退出connect函数                            File: Line:0 Function: Type:Debug:
DateTime:2026-08-28 17:28:47.483:"=========【测试槽位开启透传】结束=========="                            File: Line:0 Function: Type:Debug:
DateTime:2026-08-28 17:28:47.484:"-----------------------------"                            File: Line:0 Function: Type:Debug:
DateTime:2026-08-28 17:28:47.484:"=============执行【测试槽位透传关闭】==================="                            File: Line:0 Function: Type:Debug:
DateTime:2026-08-28 17:28:47.484:"执行接口函数SimuCorn_close_transport"                            File: Line:0 Function: Type:Debug:
DateTime:2026-08-28 17:28:47.484:callWorkFunction: SimuCorn_close_transport                            File: Line:0 Function: Type:Debug:
DateTime:2026-08-28 17:28:47.484:找到对应函数，进入执行                            File: Line:0 Function: Type:Debug:
DateTime:2026-08-28 17:28:47.484:"工装发送：68 42 00 42 00 68 40 00 00 00 00 00 22 60 00 00 01 00 03 00 3C 00 02 16"                            File: Line:0 Function: Type:Debug:
DateTime:2026-08-28 17:28:47.485:"工装接收：68 32 00 32 00 68 80 00 00 00 00 00 00 60 00 00 01 00 E1 16"                            File: Line:0 Function: Type:Debug:
DateTime:2026-08-28 17:28:47.485:"m_baRecvMsg:"                            File: Line:0 Function: Type:Debug:
DateTime:2026-08-28 17:28:47.485:"frameList.size():1"                            File: Line:0 Function: Type:Debug:
DateTime:2026-08-28 17:28:47.485:"进入报文解析"                            File: Line:0 Function: Type:Debug:
DateTime:2026-08-28 17:28:47.485:"68 32 00 32 00 68 80 00 00 00 00 00 00 60 00 00 01 00 E1 16"                            File: Line:0 Function: Type:Debug:
DateTime:2026-08-28 17:28:47.485:"解码完成，功能码: 1"                            File: Line:0 Function: Type:Debug:
DateTime:2026-08-28 17:28:47.485:"工装回复确认帧"                            File: Line:0 Function: Type:Debug:
DateTime:2026-08-28 17:28:47.485:"工装发送：68 42 00 42 00 68 40 00 00 00 00 00 22 60 00 00 01 00 04 00 3C 00 03 16"                            File: Line:0 Function: Type:Debug:
DateTime:2026-08-28 17:28:47.486:"工装接收：68 32 00 32 00 68 80 00 00 00 00 00 00 60 00 00 01 00 E1 16"                            File: Line:0 Function: Type:Debug:
DateTime:2026-08-28 17:28:47.486:"m_baRecvMsg:"                            File: Line:0 Function: Type:Debug:
DateTime:2026-08-28 17:28:47.486:"frameList.size():1"                            File: Line:0 Function: Type:Debug:
DateTime:2026-08-28 17:28:47.486:"进入报文解析"                            File: Line:0 Function: Type:Debug:
DateTime:2026-08-28 17:28:47.486:"68 32 00 32 00 68 80 00 00 00 00 00 00 60 00 00 01 00 E1 16"                            File: Line:0 Function: Type:Debug:
DateTime:2026-08-28 17:28:47.486:"解码完成，功能码: 1"                            File: Line:0 Function: Type:Debug:
DateTime:2026-08-28 17:28:47.486:"工装回复确认帧"                            File: Line:0 Function: Type:Debug:
DateTime:2026-08-28 17:28:47.486:"工装发送：68 42 00 42 00 68 40 00 00 00 00 00 22 60 00 00 01 00 05 00 3C 00 04 16"                            File: Line:0 Function: Type:Debug:
DateTime:2026-08-28 17:28:47.487:"工装接收：68 32 00 32 00 68 80 00 00 00 00 00 00 60 00 00 01 00 E1 16"                            File: Line:0 Function: Type:Debug:
DateTime:2026-08-28 17:28:47.487:"m_baRecvMsg:"                            File: Line:0 Function: Type:Debug:
DateTime:2026-08-28 17:28:47.487:"frameList.size():1"                            File: Line:0 Function: Type:Debug:
DateTime:2026-08-28 17:28:47.487:"进入报文解析"                            File: Line:0 Function: Type:Debug:
DateTime:2026-08-28 17:28:47.487:"68 32 00 32 00 68 80 00 00 00 00 00 00 60 00 00 01 00 E1 16"                            File: Line:0 Function: Type:Debug:
DateTime:2026-08-28 17:28:47.487:"解码完成，功能码: 1"                            File: Line:0 Function: Type:Debug:
DateTime:2026-08-28 17:28:47.487:"工装回复确认帧"                            File: Line:0 Function: Type:Debug:
DateTime:2026-08-28 17:28:47.487:"工装发送：68 42 00 42 00 68 40 00 00 00 00 00 22 60 00 00 01 00 06 00 3C 00 05 16"                            File: Line:0 Function: Type:Debug:
DateTime:2026-08-28 17:28:47.488:"工装接收：68 32 00 32 00 68 80 00 00 00 00 00 00 60 00 00 01 00 E1 16"                            File: Line:0 Function: Type:Debug:
DateTime:2026-08-28 17:28:47.488:"m_baRecvMsg:"                            File: Line:0 Function: Type:Debug:
DateTime:2026-08-28 17:28:47.488:"frameList.size():1"                            File: Line:0 Function: Type:Debug:
DateTime:2026-08-28 17:28:47.488:"进入报文解析"                            File: Line:0 Function: Type:Debug:
DateTime:2026-08-28 17:28:47.488:"68 32 00 32 00 68 80 00 00 00 00 00 00 60 00 00 01 00 E1 16"                            File: Line:0 Function: Type:Debug:
DateTime:2026-08-28 17:28:47.488:"解码完成，功能码: 1"                            File: Line:0 Function: Type:Debug:
DateTime:2026-08-28 17:28:47.488:"工装回复确认帧"                            File: Line:0 Function: Type:Debug:
DateTime:2026-08-28 17:28:47.488:"工装发送：68 42 00 42 00 68 40 00 00 00 00 00 22 60 00 00 01 00 07 00 3C 00 06 16"                            File: Line:0 Function: Type:Debug:
DateTime:2026-08-28 17:28:47.488:"工装接收：68 32 00 32 00 68 80 00 00 00 00 00 00 60 00 00 01 00 E1 16"                            File: Line:0 Function: Type:Debug:
DateTime:2026-08-28 17:28:47.488:"m_baRecvMsg:"                            File: Line:0 Function: Type:Debug:
DateTime:2026-08-28 17:28:47.489:"frameList.size():1"                            File: Line:0 Function: Type:Debug:
DateTime:2026-08-28 17:28:47.489:"进入报文解析"                            File: Line:0 Function: Type:Debug:
DateTime:2026-08-28 17:28:47.489:"68 32 00 32 00 68 80 00 00 00 00 00 00 60 00 00 01 00 E1 16"                            File: Line:0 Function: Type:Debug:
DateTime:2026-08-28 17:28:47.489:"解码完成，功能码: 1"                            File: Line:0 Function: Type:Debug:
DateTime:2026-08-28 17:28:47.489:"工装回复确认帧"                            File: Line:0 Function: Type:Debug:
DateTime:2026-08-28 17:28:47.489:"工装发送：68 42 00 42 00 68 40 00 00 00 00 00 22 60 00 00 01 00 08 00 3C 00 07 16"                            File: Line:0 Function: Type:Debug:
DateTime:2026-08-28 17:28:47.489:"工装接收：68 32 00 32 00 68 80 00 00 00 00 00 00 60 00 00 01 00 E1 16"                            File: Line:0 Function: Type:Debug:
DateTime:2026-08-28 17:28:47.489:"m_baRecvMsg:"                            File: Line:0 Function: Type:Debug:
DateTime:2026-08-28 17:28:47.490:"frameList.size():1"                            File: Line:0 Function: Type:Debug:
DateTime:2026-08-28 17:28:47.490:"进入报文解析"                            File: Line:0 Function: Type:Debug:
DateTime:2026-08-28 17:28:47.490:"68 32 00 32 00 68 80 00 00 00 00 00 00 60 00 00 01 00 E1 16"                            File: Line:0 Function: Type:Debug:
DateTime:2026-08-28 17:28:47.490:"解码完成，功能码: 1"                            File: Line:0 Function: Type:Debug:
DateTime:2026-08-28 17:28:47.490:"工装回复确认帧"                            File: Line:0 Function: Type:Debug:
DateTime:2026-08-28 17:28:47.490:"全部槽位关闭透传成功"                            File: Line:0 Function: Type:Debug:
DateTime:2026-08-28 17:28:47.590:dll输出信息: ""                            File: Line:0 Function: Type:Debug:
DateTime:2026-08-28 17:28:47.590:接口函数调用成功，返回的结果为 0                            File: Line:0 Function: Type:Debug:
DateTime:2026-08-28 17:28:47.590:"外部传入的para：0，返回的result：0,返回的pValRet：0"                            File: Line:0 Function: Type:Debug:
DateTime:2026-08-28 17:28:47.590:"执行接口函数SimuCorn_close_transport完成"                            File: Line:0 Function: Type:Debug:
DateTime:2026-08-28 17:28:47.590:coorIndex 0                            File: Line:0 Function: Type:Debug:
DateTime:2026-08-28 17:28:47.590:当前流程结束                            File: Line:0 Function: Type:Debug:
DateTime:2026-08-28 17:28:47.590:退出connect函数                            File: Line:0 Function: Type:Debug:
DateTime:2026-08-28 17:28:47.590:"=========【测试槽位透传关闭】结束=========="                            File: Line:0 Function: Type:Debug:
DateTime:2026-08-28 17:28:47.590:"-----------------------------"                            File: Line:0 Function: Type:Debug:
DateTime:2026-08-28 17:28:47.591:"=============执行【测试CCO上电】==================="                            File: Line:0 Function: Type:Debug:
DateTime:2026-08-28 17:28:47.591:"执行接口函数SimuCorn_power_on"                            File: Line:0 Function: Type:Debug:
DateTime:2026-08-28 17:28:47.591:callWorkFunction: SimuCorn_power_on                            File: Line:0 Function: Type:Debug:
DateTime:2026-08-28 17:28:47.591:找到对应函数，进入执行                            File: Line:0 Function: Type:Debug:
DateTime:2026-08-28 17:28:47.591:"工装发送：68 3E 00 3E 00 68 40 00 00 00 00 00 21 60 00 00 02 00 02 02 01 C8 16"                            File: Line:0 Function: Type:Debug:
DateTime:2026-08-28 17:28:47.592:"工装接收：68 32 00 32 00 68 80 00 00 00 00 00 00 60 00 00 01 00 E1 16"                            File: Line:0 Function: Type:Debug:
DateTime:2026-08-28 17:28:47.592:"m_baRecvMsg:"                            File: Line:0 Function: Type:Debug:
DateTime:2026-08-28 17:28:47.592:"frameList.size():1"                            File: Line:0 Function: Type:Debug:
DateTime:2026-08-28 17:28:47.592:"进入报文解析"                            File: Line:0 Function: Type:Debug:
DateTime:2026-08-28 17:28:47.592:"68 32 00 32 00 68 80 00 00 00 00 00 00 60 00 00 01 00 E1 16"                            File: Line:0 Function: Type:Debug:
DateTime:2026-08-28 17:28:47.592:"解码完成，功能码: 1"                            File: Line:0 Function: Type:Debug:
DateTime:2026-08-28 17:28:47.592:"工装回复确认帧"                            File: Line:0 Function: Type:Debug:
DateTime:2026-08-28 17:28:47.592:"所有槽位上电成功"                            File: Line:0 Function: Type:Debug:
DateTime:2026-08-28 17:28:47.693:dll输出信息: ""                            File: Line:0 Function: Type:Debug:
DateTime:2026-08-28 17:28:47.693:接口函数调用成功，返回的结果为 0                            File: Line:0 Function: Type:Debug:
DateTime:2026-08-28 17:28:47.693:"外部传入的para：0，返回的result：0,返回的pValRet：0"                            File: Line:0 Function: Type:Debug:
DateTime:2026-08-28 17:28:47.693:"执行接口函数SimuCorn_power_on完成"                            File: Line:0 Function: Type:Debug:
DateTime:2026-08-28 17:28:47.693:coorIndex 0                            File: Line:0 Function: Type:Debug:
DateTime:2026-08-28 17:28:47.693:当前流程结束                            File: Line:0 Function: Type:Debug:
DateTime:2026-08-28 17:28:47.693:退出connect函数                            File: Line:0 Function: Type:Debug:
DateTime:2026-08-28 17:28:47.694:"=========【测试CCO上电】结束=========="                            File: Line:0 Function: Type:Debug:
DateTime:2026-08-28 17:28:47.694:"-----------------------------"                            File: Line:0 Function: Type:Debug:
DateTime:2026-08-28 17:28:47.695:"=============执行【设置强电通路闭合(槽位5,6)】==================="                            File: Line:0 Function: Type:Debug:
DateTime:2026-08-28 17:28:47.695:"执行接口函数SimuCorn_get_set_simu_relay"                            File: Line:0 Function: Type:Debug:
DateTime:2026-08-28 17:28:47.695:callWorkFunction: SimuCorn_get_set_simu_relay                            File: Line:0 Function: Type:Debug:
DateTime:2026-08-28 17:28:47.695:找到对应函数，进入执行                            File: Line:0 Function: Type:Debug:
DateTime:2026-08-28 17:28:47.695:"工装发送：68 42 00 42 00 68 40 00 00 00 00 00 22 60 00 00 20 00 01 02 03 04 EC 16"                            File: Line:0 Function: Type:Debug:
DateTime:2026-08-28 17:28:47.699:"工装接收：68 32 00 32 00 68 80 00 00 00 00 00 00 60 00 00 01 00 E1 16"                            File: Line:0 Function: Type:Debug:
DateTime:2026-08-28 17:28:47.699:"m_baRecvMsg:"                            File: Line:0 Function: Type:Debug:
DateTime:2026-08-28 17:28:47.699:"frameList.size():1"                            File: Line:0 Function: Type:Debug:
DateTime:2026-08-28 17:28:47.699:"进入报文解析"                            File: Line:0 Function: Type:Debug:
DateTime:2026-08-28 17:28:47.699:"68 32 00 32 00 68 80 00 00 00 00 00 00 60 00 00 01 00 E1 16"                            File: Line:0 Function: Type:Debug:
DateTime:2026-08-28 17:28:47.699:"解码完成，功能码: 1"                            File: Line:0 Function: Type:Debug:
DateTime:2026-08-28 17:28:47.699:"工装回复确认帧"                            File: Line:0 Function: Type:Debug:
DateTime:2026-08-28 17:28:47.699:"设置强电通路成功"                            File: Line:0 Function: Type:Debug:
DateTime:2026-08-28 17:28:47.801:dll输出信息: ""                            File: Line:0 Function: Type:Debug:
DateTime:2026-08-28 17:28:47.801:接口函数调用成功，返回的结果为 0                            File: Line:0 Function: Type:Debug:
DateTime:2026-08-28 17:28:47.801:"外部传入的para：0，返回的result：0,返回的pValRet：0"                            File: Line:0 Function: Type:Debug:
DateTime:2026-08-28 17:28:47.801:"执行接口函数SimuCorn_get_set_simu_relay完成"                            File: Line:0 Function: Type:Debug:
DateTime:2026-08-28 17:28:47.801:coorIndex 0                            File: Line:0 Function: Type:Debug:
DateTime:2026-08-28 17:28:47.801:当前流程结束                            File: Line:0 Function: Type:Debug:
DateTime:2026-08-28 17:28:47.801:退出connect函数                            File: Line:0 Function: Type:Debug:
DateTime:2026-08-28 17:28:47.802:"=========【设置强电通路闭合(槽位5,6)】结束=========="                            File: Line:0 Function: Type:Debug:
DateTime:2026-08-28 17:28:47.802:"-----------------------------"                            File: Line:0 Function: Type:Debug:
DateTime:2026-08-28 17:28:47.802:"=============执行【设置强电通路闭合(槽位7,8)】==================="                            File: Line:0 Function: Type:Debug:
DateTime:2026-08-28 17:28:47.802:"执行接口函数SimuCorn_get_set_simu_relay"                            File: Line:0 Function: Type:Debug:
DateTime:2026-08-28 17:28:47.802:callWorkFunction: SimuCorn_get_set_simu_relay                            File: Line:0 Function: Type:Debug:
DateTime:2026-08-28 17:28:47.802:找到对应函数，进入执行                            File: Line:0 Function: Type:Debug:
DateTime:2026-08-28 17:28:47.802:"工装发送：68 42 00 42 00 68 40 00 00 00 00 00 22 60 00 00 20 00 11 12 13 14 2C 16"                            File: Line:0 Function: Type:Debug:
DateTime:2026-08-28 17:28:47.808:"工装接收：68 32 00 32 00 68 80 00 00 00 00 00 00 60 00 00 01 00 E1 16"                            File: Line:0 Function: Type:Debug:
DateTime:2026-08-28 17:28:47.808:"m_baRecvMsg:"                            File: Line:0 Function: Type:Debug:
DateTime:2026-08-28 17:28:47.808:"frameList.size():1"                            File: Line:0 Function: Type:Debug:
DateTime:2026-08-28 17:28:47.808:"进入报文解析"                            File: Line:0 Function: Type:Debug:
DateTime:2026-08-28 17:28:47.808:"68 32 00 32 00 68 80 00 00 00 00 00 00 60 00 00 01 00 E1 16"                            File: Line:0 Function: Type:Debug:
DateTime:2026-08-28 17:28:47.808:"解码完成，功能码: 1"                            File: Line:0 Function: Type:Debug:
DateTime:2026-08-28 17:28:47.808:"工装回复确认帧"                            File: Line:0 Function: Type:Debug:
DateTime:2026-08-28 17:28:47.808:"设置强电通路成功"                            File: Line:0 Function: Type:Debug:
DateTime:2026-08-28 17:28:47.909:dll输出信息: ""                            File: Line:0 Function: Type:Debug:
DateTime:2026-08-28 17:28:47.909:接口函数调用成功，返回的结果为 0                            File: Line:0 Function: Type:Debug:
DateTime:2026-08-28 17:28:47.909:"外部传入的para：0，返回的result：0,返回的pValRet：0"                            File: Line:0 Function: Type:Debug:
DateTime:2026-08-28 17:28:47.909:"执行接口函数SimuCorn_get_set_simu_relay完成"                            File: Line:0 Function: Type:Debug:
DateTime:2026-08-28 17:28:47.909:coorIndex 0                            File: Line:0 Function: Type:Debug:
DateTime:2026-08-28 17:28:47.909:当前流程结束                            File: Line:0 Function: Type:Debug:
DateTime:2026-08-28 17:28:47.909:退出connect函数                            File: Line:0 Function: Type:Debug:
DateTime:2026-08-28 17:28:47.909:"=========【设置强电通路闭合(槽位7,8)】结束=========="                            File: Line:0 Function: Type:Debug:
DateTime:2026-08-28 17:28:47.910:"-----------------------------"                            File: Line:0 Function: Type:Debug:
DateTime:2026-08-28 17:28:47.910:"=============执行【执行延时】==================="                            File: Line:0 Function: Type:Debug:
DateTime:2026-08-28 17:28:47.910:"执行接口函数Func_Delay"                            File: Line:0 Function: Type:Debug:
DateTime:2026-08-28 17:28:47.910:callWorkFunction: Func_Delay                            File: Line:0 Function: Type:Debug:
DateTime:2026-08-28 17:28:47.910:找到对应函数，进入执行                            File: Line:0 Function: Type:Debug:
DateTime:2026-08-28 17:28:47.910:"延时时间为5s"                            File: Line:0 Function: Type:Debug:
DateTime:2026-08-28 17:28:47.910:"uTimeSecond_ms:5000"                            File: Line:0 Function: Type:Debug:
DateTime:2026-08-28 17:28:50.932:"等待工装回复超时"                            File: Line:0 Function: Type:Debug:
DateTime:2026-08-28 17:28:53.954:"等待工装回复超时"                            File: Line:0 Function: Type:Debug:
DateTime:2026-08-28 17:28:53.954:"延时时间到"                            File: Line:0 Function: Type:Debug:
DateTime:2026-08-28 17:28:54.055:dll输出信息: ""                            File: Line:0 Function: Type:Debug:
DateTime:2026-08-28 17:28:54.055:接口函数调用成功，返回的结果为 0                            File: Line:0 Function: Type:Debug:
DateTime:2026-08-28 17:28:54.055:"外部传入的para：0，返回的result：0,返回的pValRet：0"                            File: Line:0 Function: Type:Debug:
DateTime:2026-08-28 17:28:54.055:"执行接口函数Func_Delay完成"                            File: Line:0 Function: Type:Debug:
DateTime:2026-08-28 17:28:54.055:coorIndex 0                            File: Line:0 Function: Type:Debug:
DateTime:2026-08-28 17:28:54.055:当前流程结束                            File: Line:0 Function: Type:Debug:
DateTime:2026-08-28 17:28:54.055:退出connect函数                            File: Line:0 Function: Type:Debug:
DateTime:2026-08-28 17:28:54.056:"=========【执行延时】结束=========="                            File: Line:0 Function: Type:Debug:
DateTime:2026-08-28 17:28:54.056:"-----------------------------"                            File: Line:0 Function: Type:Debug:
DateTime:2026-08-28 17:28:54.057:"=============执行【Step2-参数区初始化】==================="                            File: Line:0 Function: Type:Debug:
DateTime:2026-08-28 17:28:54.057:"执行接口函数CCO_AFN51_F2"                            File: Line:0 Function: Type:Debug:
DateTime:2026-08-28 17:28:54.057:callWorkFunction: CCO_AFN51_F2                            File: Line:0 Function: Type:Debug:
DateTime:2026-08-28 17:28:54.057:找到对应函数，进入执行                            File: Line:0 Function: Type:Debug:
DateTime:2026-08-28 17:28:54.561:"等待工装回复超时"                            File: Line:0 Function: Type:Debug:
DateTime:2026-08-28 17:28:54.561:"开始组帧"                            File: Line:0 Function: Type:Debug:
DateTime:2026-08-28 17:28:54.561:"组帧结束"                            File: Line:0 Function: Type:Debug:
DateTime:2026-08-28 17:28:54.561:"367.2Send:参数初始化(51H-F2)：=>68 0F 00 43 00 00 00 00 00 17 51 02 00 AD 16"                            File: Line:0 Function: Type:Debug:
DateTime:2026-08-28 17:28:54.561:"槽位2透传:687E007E006840000000000022600000010002013C00680F0043000000000017510200AD16E916"                            File: Line:0 Function: Type:Debug:
DateTime:2026-08-28 17:28:54.561:"工装发送：68 7E 00 7E 00 68 40 00 00 00 00 00 22 60 00 00 01 00 02 01 3C 00 68 0F 00 43 00 00 00 00 00 17 51 02 00 AD 16 E9 16"                            File: Line:0 Function: Type:Debug:
DateTime:2026-08-28 17:28:54.579:"工装接收：68 32 00 32 00 68 80 00 00 00 00 00 00 60 00 00 01 00 E1 16"                            File: Line:0 Function: Type:Debug:
DateTime:2026-08-28 17:28:54.579:"m_baRecvMsg:"                            File: Line:0 Function: Type:Debug:
DateTime:2026-08-28 17:28:54.579:"frameList.size():1"                            File: Line:0 Function: Type:Debug:
DateTime:2026-08-28 17:28:54.579:"进入报文解析"                            File: Line:0 Function: Type:Debug:
DateTime:2026-08-28 17:28:54.579:"68 32 00 32 00 68 80 00 00 00 00 00 00 60 00 00 01 00 E1 16"                            File: Line:0 Function: Type:Debug:
DateTime:2026-08-28 17:28:54.579:"解码完成，功能码: 1"                            File: Line:0 Function: Type:Debug:
DateTime:2026-08-28 17:28:54.579:"工装回复确认帧"                            File: Line:0 Function: Type:Debug:
DateTime:2026-08-28 17:28:54.634:"工装接收：68 7A 00 7A 00 68 80 00 00 00 00 00 22 60 00 00 01 00 02 0F 00 68 0F 00 80 00 00 00 00 00 17 50 01 00 E8 16 71 16"                            File: Line:0 Function: Type:Debug:
DateTime:2026-08-28 17:28:54.634:"m_baRecvMsg:"                            File: Line:0 Function: Type:Debug:
DateTime:2026-08-28 17:28:54.634:"frameList.size():1"                            File: Line:0 Function: Type:Debug:
DateTime:2026-08-28 17:28:54.634:"进入报文解析"                            File: Line:0 Function: Type:Debug:
DateTime:2026-08-28 17:28:54.634:"68 7A 00 7A 00 68 80 00 00 00 00 00 22 60 00 00 01 00 02 0F 00 68 0F 00 80 00 00 00 00 00 17 50 01 00 E8 16 71 16"                            File: Line:0 Function: Type:Debug:
DateTime:2026-08-28 17:28:54.634:"解码完成，功能码: 4"                            File: Line:0 Function: Type:Debug:
DateTime:2026-08-28 17:28:54.634:"工装接收到透传报文"                            File: Line:0 Function: Type:Debug:
DateTime:2026-08-28 17:28:54.634:"020F00680F0080000000000017500100E816"                            File: Line:0 Function: Type:Debug:
DateTime:2026-08-28 17:28:54.634:"透传报文内容:68 0f 00 80 00 00 00 00 00 17 50 01 00 e8 16"                            File: Line:0 Function: Type:Debug:
DateTime:2026-08-28 17:28:57.656:"uTimeSecond_ms:20000"                            File: Line:0 Function: Type:Debug:
DateTime:2026-08-28 17:28:57.656:"查找结果: iret=0, wStart=0, dwOutLen=15, dwStreamLen=15, dwFindPos=0"                            File: Line:0 Function: Type:Debug:
DateTime:2026-08-28 17:28:57.656:"Receive:<= 68 0F 00 80 00 00 00 00 00 17 50 01 00 E8 16"                            File: Line:0 Function: Type:Debug:
DateTime:2026-08-28 17:28:57.656:"解析：功能码-AFN=50H,Fn=1："                            File: Line:0 Function: Type:Debug:
DateTime:2026-08-28 17:28:57.656:"参数区初始化成功"                            File: Line:0 Function: Type:Debug:
DateTime:2026-08-28 17:28:57.656:dll输出信息: ""                            File: Line:0 Function: Type:Debug:
DateTime:2026-08-28 17:28:57.656:接口函数调用成功，返回的结果为 0                            File: Line:0 Function: Type:Debug:
DateTime:2026-08-28 17:28:57.656:"外部传入的para：0，返回的result：0,返回的pValRet：0"                            File: Line:0 Function: Type:Debug:
DateTime:2026-08-28 17:28:57.656:"执行接口函数CCO_AFN51_F2完成"                            File: Line:0 Function: Type:Debug:
DateTime:2026-08-28 17:28:57.657:coorIndex 0                            File: Line:0 Function: Type:Debug:
DateTime:2026-08-28 17:28:57.657:当前流程结束                            File: Line:0 Function: Type:Debug:
DateTime:2026-08-28 17:28:57.657:退出connect函数                            File: Line:0 Function: Type:Debug:
DateTime:2026-08-28 17:28:57.658:"=========【Step2-参数区初始化】结束=========="                            File: Line:0 Function: Type:Debug:
DateTime:2026-08-28 17:28:57.658:"-----------------------------"                            File: Line:0 Function: Type:Debug:
DateTime:2026-08-28 17:28:57.658:"=============执行【执行延时】==================="                            File: Line:0 Function: Type:Debug:
DateTime:2026-08-28 17:28:57.658:"执行接口函数Func_Delay"                            File: Line:0 Function: Type:Debug:
DateTime:2026-08-28 17:28:57.658:callWorkFunction: Func_Delay                            File: Line:0 Function: Type:Debug:
DateTime:2026-08-28 17:28:57.658:找到对应函数，进入执行                            File: Line:0 Function: Type:Debug:
DateTime:2026-08-28 17:28:57.658:"延时时间为5s"                            File: Line:0 Function: Type:Debug:
DateTime:2026-08-28 17:28:57.658:"uTimeSecond_ms:5000"                            File: Line:0 Function: Type:Debug:
DateTime:2026-08-28 17:29:00.680:"等待工装回复超时"                            File: Line:0 Function: Type:Debug:
DateTime:2026-08-28 17:29:03.702:"等待工装回复超时"                            File: Line:0 Function: Type:Debug:
DateTime:2026-08-28 17:29:03.702:"延时时间到"                            File: Line:0 Function: Type:Debug:
DateTime:2026-08-28 17:29:03.803:dll输出信息: ""                            File: Line:0 Function: Type:Debug:
DateTime:2026-08-28 17:29:03.803:接口函数调用成功，返回的结果为 0                            File: Line:0 Function: Type:Debug:
DateTime:2026-08-28 17:29:03.803:"外部传入的para：0，返回的result：0,返回的pValRet：0"                            File: Line:0 Function: Type:Debug:
DateTime:2026-08-28 17:29:03.803:"执行接口函数Func_Delay完成"                            File: Line:0 Function: Type:Debug:
DateTime:2026-08-28 17:29:03.803:coorIndex 0                            File: Line:0 Function: Type:Debug:
DateTime:2026-08-28 17:29:03.803:当前流程结束                            File: Line:0 Function: Type:Debug:
DateTime:2026-08-28 17:29:03.803:退出connect函数                            File: Line:0 Function: Type:Debug:
DateTime:2026-08-28 17:29:03.803:"=========【执行延时】结束=========="                            File: Line:0 Function: Type:Debug:
DateTime:2026-08-28 17:29:03.803:"-----------------------------"                            File: Line:0 Function: Type:Debug:
DateTime:2026-08-28 17:29:03.804:"=============执行【Step3-设置主节点地址】==================="                            File: Line:0 Function: Type:Debug:
DateTime:2026-08-28 17:29:03.804:"执行接口函数CCO_AFN55_F1"                            File: Line:0 Function: Type:Debug:
DateTime:2026-08-28 17:29:03.804:callWorkFunction: CCO_AFN55_F1                            File: Line:0 Function: Type:Debug:
DateTime:2026-08-28 17:29:03.804:找到对应函数，进入执行                            File: Line:0 Function: Type:Debug:
DateTime:2026-08-28 17:29:04.308:"等待工装回复超时"                            File: Line:0 Function: Type:Debug:
DateTime:2026-08-28 17:29:04.308:"开始组帧"                            File: Line:0 Function: Type:Debug:
DateTime:2026-08-28 17:29:04.308:"组帧结束"                            File: Line:0 Function: Type:Debug:
DateTime:2026-08-28 17:29:04.308:"367.2Send:设置主节点地址(55H-F1)：=>68 15 00 43 00 00 00 00 00 18 55 01 00 12 90 78 56 34 12 67 16"                            File: Line:0 Function: Type:Debug:
DateTime:2026-08-28 17:29:04.308:"槽位2透传:68960096006840000000000022600000010002013C006815004300000000001855010012907856341267166316"                            File: Line:0 Function: Type:Debug:
DateTime:2026-08-28 17:29:04.308:"工装发送：68 96 00 96 00 68 40 00 00 00 00 00 22 60 00 00 01 00 02 01 3C 00 68 15 00 43 00 00 00 00 00 18 55 01 00 12 90 78 56 34 12 67 16 63 16"                            File: Line:0 Function: Type:Debug:
DateTime:2026-08-28 17:29:04.333:"工装接收：68 32 00 32 00 68 80 00 00 00 00 00 00 60 00 00 01 00 E1 16"                            File: Line:0 Function: Type:Debug:
DateTime:2026-08-28 17:29:04.333:"m_baRecvMsg:"                            File: Line:0 Function: Type:Debug:
DateTime:2026-08-28 17:29:04.333:"frameList.size():1"                            File: Line:0 Function: Type:Debug:
DateTime:2026-08-28 17:29:04.333:"进入报文解析"                            File: Line:0 Function: Type:Debug:
DateTime:2026-08-28 17:29:04.333:"68 32 00 32 00 68 80 00 00 00 00 00 00 60 00 00 01 00 E1 16"                            File: Line:0 Function: Type:Debug:
DateTime:2026-08-28 17:29:04.333:"解码完成，功能码: 1"                            File: Line:0 Function: Type:Debug:
DateTime:2026-08-28 17:29:04.333:"工装回复确认帧"                            File: Line:0 Function: Type:Debug:
DateTime:2026-08-28 17:29:04.653:"工装接收：68 7A 00 7A 00 68 80 00 00 00 00 00 22 60 00 00 01 00 02 0F 00 68 0F 00 80 00 00 00 00 00 18 50 01 00 E9 16 73 16"                            File: Line:0 Function: Type:Debug:
DateTime:2026-08-28 17:29:04.653:"m_baRecvMsg:"                            File: Line:0 Function: Type:Debug:
DateTime:2026-08-28 17:29:04.653:"frameList.size():1"                            File: Line:0 Function: Type:Debug:
DateTime:2026-08-28 17:29:04.653:"进入报文解析"                            File: Line:0 Function: Type:Debug:
DateTime:2026-08-28 17:29:04.653:"68 7A 00 7A 00 68 80 00 00 00 00 00 22 60 00 00 01 00 02 0F 00 68 0F 00 80 00 00 00 00 00 18 50 01 00 E9 16 73 16"                            File: Line:0 Function: Type:Debug:
DateTime:2026-08-28 17:29:04.654:"解码完成，功能码: 4"                            File: Line:0 Function: Type:Debug:
DateTime:2026-08-28 17:29:04.654:"工装接收到透传报文"                            File: Line:0 Function: Type:Debug:
DateTime:2026-08-28 17:29:04.654:"020F00680F0080000000000018500100E916"                            File: Line:0 Function: Type:Debug:
DateTime:2026-08-28 17:29:04.654:"透传报文内容:68 0f 00 80 00 00 00 00 00 18 50 01 00 e9 16"                            File: Line:0 Function: Type:Debug:
DateTime:2026-08-28 17:29:07.373:"uTimeSecond_ms:5000"                            File: Line:0 Function: Type:Debug:
DateTime:2026-08-28 17:29:07.373:"查找结果: iret=0, wStart=0, dwOutLen=15, dwStreamLen=15, dwFindPos=0"                            File: Line:0 Function: Type:Debug:
DateTime:2026-08-28 17:29:07.373:"Receive:<= 68 0F 00 80 00 00 00 00 00 18 50 01 00 E9 16"                            File: Line:0 Function: Type:Debug:
DateTime:2026-08-28 17:29:07.373:"解析：功能码-AFN=50H,Fn=1："                            File: Line:0 Function: Type:Debug:
DateTime:2026-08-28 17:29:07.373:"设置主节点地址成功"                            File: Line:0 Function: Type:Debug:
DateTime:2026-08-28 17:29:07.373:dll输出信息: ""                            File: Line:0 Function: Type:Debug:
DateTime:2026-08-28 17:29:07.373:接口函数调用成功，返回的结果为 0                            File: Line:0 Function: Type:Debug:
DateTime:2026-08-28 17:29:07.373:"外部传入的para：0，返回的result：0,返回的pValRet：0"                            File: Line:0 Function: Type:Debug:
DateTime:2026-08-28 17:29:07.373:"执行接口函数CCO_AFN55_F1完成"                            File: Line:0 Function: Type:Debug:
DateTime:2026-08-28 17:29:07.374:coorIndex 0                            File: Line:0 Function: Type:Debug:
DateTime:2026-08-28 17:29:07.374:当前流程结束                            File: Line:0 Function: Type:Debug:
DateTime:2026-08-28 17:29:07.374:退出connect函数                            File: Line:0 Function: Type:Debug:
DateTime:2026-08-28 17:29:07.374:"=========【Step3-设置主节点地址】结束=========="                            File: Line:0 Function: Type:Debug:
DateTime:2026-08-28 17:29:07.375:"-----------------------------"                            File: Line:0 Function: Type:Debug:
DateTime:2026-08-28 17:29:07.390:"=============执行【Step4-AFN11F1添加载波从节点】==================="                            File: Line:0 Function: Type:Debug:
DateTime:2026-08-28 17:29:07.390:"执行接口函数CCO_AFN11_F1"                            File: Line:0 Function: Type:Debug:
DateTime:2026-08-28 17:29:07.390:callWorkFunction: CCO_AFN11_F1                            File: Line:0 Function: Type:Debug:
DateTime:2026-08-28 17:29:07.390:找到对应函数，进入执行                            File: Line:0 Function: Type:Debug:
DateTime:2026-08-28 17:29:07.895:"等待工装回复超时"                            File: Line:0 Function: Type:Debug:
DateTime:2026-08-28 17:29:07.895:"开始组帧"                            File: Line:0 Function: Type:Debug:
DateTime:2026-08-28 17:29:07.895:"组帧结束"                            File: Line:0 Function: Type:Debug:
DateTime:2026-08-28 17:29:07.895:"367.2Send:添加从节点地址(11H-F1)：=>68 3A 00 43 00 00 00 00 00 19 11 01 00 06 03 01 10 00 16 19 02 04 01 10 00 16 19 02 05 01 10 00 16 19 02 06 01 10 00 16 19 02 07 01 10 00 16 19 02 08 01 10 00 16 19 02 21 16"                            File: Line:0 Function: Type:Debug:
DateTime:2026-08-28 17:29:07.895:"槽位2透传:682A012A016840000000000022600000010002013C00683A0043000000000019110100060301100016190204011000161902050110001619020601100016190207011000161902080110001619022116FC16"                            File: Line:0 Function: Type:Debug:
DateTime:2026-08-28 17:29:07.895:"工装发送：68 2A 01 2A 01 68 40 00 00 00 00 00 22 60 00 00 01 00 02 01 3C 00 68 3A 00 43 00 00 00 00 00 19 11 01 00 06 03 01 10 00 16 19 02 04 01 10 00 16 19 02 05 01 10 00 16 19 02 06 01 10 00 16 19 02 07 01 10 00 16 19 02 08 01 10 00 16 19 02 21 16 FC 16"                            File: Line:0 Function: Type:Debug:
DateTime:2026-08-28 17:29:07.963:"工装接收：68 32 00 32 00 68 80 00 00 00 00 00 00 60 00 00 01 00 E1 16"                            File: Line:0 Function: Type:Debug:
DateTime:2026-08-28 17:29:07.963:"m_baRecvMsg:"                            File: Line:0 Function: Type:Debug:
DateTime:2026-08-28 17:29:07.963:"frameList.size():1"                            File: Line:0 Function: Type:Debug:
DateTime:2026-08-28 17:29:07.963:"进入报文解析"                            File: Line:0 Function: Type:Debug:
DateTime:2026-08-28 17:29:07.963:"68 32 00 32 00 68 80 00 00 00 00 00 00 60 00 00 01 00 E1 16"                            File: Line:0 Function: Type:Debug:
DateTime:2026-08-28 17:29:07.963:"解码完成，功能码: 1"                            File: Line:0 Function: Type:Debug:
DateTime:2026-08-28 17:29:07.963:"工装回复确认帧"                            File: Line:0 Function: Type:Debug:
DateTime:2026-08-28 17:29:08.014:"工装接收：68 92 00 92 00 68 80 00 00 00 00 00 22 60 00 00 01 00 02 15 00 68 15 00 83 00 00 00 00 00 19 00 01 00 00 00 00 00 00 00 9D 16 E7 16"                            File: Line:0 Function: Type:Debug:
DateTime:2026-08-28 17:29:08.014:"m_baRecvMsg:"                            File: Line:0 Function: Type:Debug:
DateTime:2026-08-28 17:29:08.014:"frameList.size():1"                            File: Line:0 Function: Type:Debug:
DateTime:2026-08-28 17:29:08.014:"进入报文解析"                            File: Line:0 Function: Type:Debug:
DateTime:2026-08-28 17:29:08.014:"68 92 00 92 00 68 80 00 00 00 00 00 22 60 00 00 01 00 02 15 00 68 15 00 83 00 00 00 00 00 19 00 01 00 00 00 00 00 00 00 9D 16 E7 16"                            File: Line:0 Function: Type:Debug:
DateTime:2026-08-28 17:29:08.014:"解码完成，功能码: 4"                            File: Line:0 Function: Type:Debug:
DateTime:2026-08-28 17:29:08.014:"工装接收到透传报文"                            File: Line:0 Function: Type:Debug:
DateTime:2026-08-28 17:29:08.014:"021500681500830000000000190001000000000000009D16"                            File: Line:0 Function: Type:Debug:
DateTime:2026-08-28 17:29:08.014:"透传报文内容:68 15 00 83 00 00 00 00 00 19 00 01 00 00 00 00 00 00 00 9d 16"                            File: Line:0 Function: Type:Debug:
DateTime:2026-08-28 17:29:10.935:"uTimeSecond_ms:5000"                            File: Line:0 Function: Type:Debug:
DateTime:2026-08-28 17:29:10.935:"查找结果: iret=0, wStart=0, dwOutLen=21, dwStreamLen=21, dwFindPos=0"                            File: Line:0 Function: Type:Debug:
DateTime:2026-08-28 17:29:10.935:"Receive:<= 68 15 00 83 00 00 00 00 00 19 00 01 00 00 00 00 00 00 00 9D 16"                            File: Line:0 Function: Type:Debug:
DateTime:2026-08-28 17:29:10.935:"解析：功能码-AFN=00H,Fn=1："                            File: Line:0 Function: Type:Debug:
DateTime:2026-08-28 17:29:10.935:"批量添加6只从节点地址成功,成功总数量：6"                            File: Line:0 Function: Type:Debug:
DateTime:2026-08-28 17:29:10.956:"添加从节点地址总数量：6 全部成功 "                            File: Line:0 Function: Type:Debug:
DateTime:2026-08-28 17:29:10.956:dll输出信息: ""                            File: Line:0 Function: Type:Debug:
DateTime:2026-08-28 17:29:10.956:接口函数调用成功，返回的结果为 0                            File: Line:0 Function: Type:Debug:
DateTime:2026-08-28 17:29:10.956:"外部传入的para：0，返回的result：0,返回的pValRet：0"                            File: Line:0 Function: Type:Debug:
DateTime:2026-08-28 17:29:10.956:"执行接口函数CCO_AFN11_F1完成"                            File: Line:0 Function: Type:Debug:
DateTime:2026-08-28 17:29:10.957:coorIndex 0                            File: Line:0 Function: Type:Debug:
DateTime:2026-08-28 17:29:10.957:当前流程结束                            File: Line:0 Function: Type:Debug:
DateTime:2026-08-28 17:29:10.957:退出connect函数                            File: Line:0 Function: Type:Debug:
DateTime:2026-08-28 17:29:10.957:"=========【Step4-AFN11F1添加载波从节点】结束=========="                            File: Line:0 Function: Type:Debug:
DateTime:2026-08-28 17:29:10.958:"-----------------------------"                            File: Line:0 Function: Type:Debug:
DateTime:2026-08-28 17:29:10.958:"=============执行【设置表类型】==================="                            File: Line:0 Function: Type:Debug:
DateTime:2026-08-28 17:29:10.958:"执行接口函数SimuCorn_set_meter_type"                            File: Line:0 Function: Type:Debug:
DateTime:2026-08-28 17:29:10.958:callWorkFunction: SimuCorn_set_meter_type                            File: Line:0 Function: Type:Debug:
DateTime:2026-08-28 17:29:10.958:找到对应函数，进入执行                            File: Line:0 Function: Type:Debug:
DateTime:2026-08-28 17:29:10.958:"工装发送：68 3A 00 3A 00 68 40 00 00 00 00 00 22 60 00 00 10 00 04 02 D8 16"                            File: Line:0 Function: Type:Debug:
DateTime:2026-08-28 17:29:10.959:"工装接收：68 32 00 32 00 68 80 00 00 00 00 00 00 60 00 00 01 00 E1 16"                            File: Line:0 Function: Type:Debug:
DateTime:2026-08-28 17:29:10.959:"m_baRecvMsg:"                            File: Line:0 Function: Type:Debug:
DateTime:2026-08-28 17:29:10.959:"frameList.size():1"                            File: Line:0 Function: Type:Debug:
DateTime:2026-08-28 17:29:10.959:"进入报文解析"                            File: Line:0 Function: Type:Debug:
DateTime:2026-08-28 17:29:10.959:"68 32 00 32 00 68 80 00 00 00 00 00 00 60 00 00 01 00 E1 16"                            File: Line:0 Function: Type:Debug:
DateTime:2026-08-28 17:29:10.959:"解码完成，功能码: 1"                            File: Line:0 Function: Type:Debug:
DateTime:2026-08-28 17:29:10.959:"工装回复确认帧"                            File: Line:0 Function: Type:Debug:
DateTime:2026-08-28 17:29:10.959:"全部槽位设置表类型成功"                            File: Line:0 Function: Type:Debug:
DateTime:2026-08-28 17:29:11.060:dll输出信息: ""                            File: Line:0 Function: Type:Debug:
DateTime:2026-08-28 17:29:11.060:接口函数调用成功，返回的结果为 0                            File: Line:0 Function: Type:Debug:
DateTime:2026-08-28 17:29:11.060:"外部传入的para：0，返回的result：0,返回的pValRet：0"                            File: Line:0 Function: Type:Debug:
DateTime:2026-08-28 17:29:11.060:"执行接口函数SimuCorn_set_meter_type完成"                            File: Line:0 Function: Type:Debug:
DateTime:2026-08-28 17:29:11.060:coorIndex 0                            File: Line:0 Function: Type:Debug:
DateTime:2026-08-28 17:29:11.060:当前流程结束                            File: Line:0 Function: Type:Debug:
DateTime:2026-08-28 17:29:11.060:退出connect函数                            File: Line:0 Function: Type:Debug:
DateTime:2026-08-28 17:29:11.061:"=========【设置表类型】结束=========="                            File: Line:0 Function: Type:Debug:
DateTime:2026-08-28 17:29:11.061:"-----------------------------"                            File: Line:0 Function: Type:Debug:
DateTime:2026-08-28 17:29:11.061:"=============执行【测试STA上电】==================="                            File: Line:0 Function: Type:Debug:
DateTime:2026-08-28 17:29:11.061:"执行接口函数SimuCorn_power_on"                            File: Line:0 Function: Type:Debug:
DateTime:2026-08-28 17:29:11.061:callWorkFunction: SimuCorn_power_on                            File: Line:0 Function: Type:Debug:
DateTime:2026-08-28 17:29:11.061:找到对应函数，进入执行                            File: Line:0 Function: Type:Debug:
DateTime:2026-08-28 17:29:11.061:"工装发送：68 3E 00 3E 00 68 40 00 00 00 00 00 21 60 00 00 02 00 03 02 01 C9 16"                            File: Line:0 Function: Type:Debug:
DateTime:2026-08-28 17:29:11.062:"工装接收：68 32 00 32 00 68 80 00 00 00 00 00 00 60 00 00 01 00 E1 16"                            File: Line:0 Function: Type:Debug:
DateTime:2026-08-28 17:29:11.062:"m_baRecvMsg:"                            File: Line:0 Function: Type:Debug:
DateTime:2026-08-28 17:29:11.062:"frameList.size():1"                            File: Line:0 Function: Type:Debug:
DateTime:2026-08-28 17:29:11.062:"进入报文解析"                            File: Line:0 Function: Type:Debug:
DateTime:2026-08-28 17:29:11.062:"68 32 00 32 00 68 80 00 00 00 00 00 00 60 00 00 01 00 E1 16"                            File: Line:0 Function: Type:Debug:
DateTime:2026-08-28 17:29:11.062:"解码完成，功能码: 1"                            File: Line:0 Function: Type:Debug:
DateTime:2026-08-28 17:29:11.062:"工装回复确认帧"                            File: Line:0 Function: Type:Debug:
DateTime:2026-08-28 17:29:11.062:"工装发送：68 3E 00 3E 00 68 40 00 00 00 00 00 21 60 00 00 02 00 04 02 01 CA 16"                            File: Line:0 Function: Type:Debug:
DateTime:2026-08-28 17:29:11.063:"工装接收：68 32 00 32 00 68 80 00 00 00 00 00 00 60 00 00 01 00 E1 16"                            File: Line:0 Function: Type:Debug:
DateTime:2026-08-28 17:29:11.063:"m_baRecvMsg:"                            File: Line:0 Function: Type:Debug:
DateTime:2026-08-28 17:29:11.063:"frameList.size():1"                            File: Line:0 Function: Type:Debug:
DateTime:2026-08-28 17:29:11.063:"进入报文解析"                            File: Line:0 Function: Type:Debug:
DateTime:2026-08-28 17:29:11.063:"68 32 00 32 00 68 80 00 00 00 00 00 00 60 00 00 01 00 E1 16"                            File: Line:0 Function: Type:Debug:
DateTime:2026-08-28 17:29:11.063:"解码完成，功能码: 1"                            File: Line:0 Function: Type:Debug:
DateTime:2026-08-28 17:29:11.063:"工装回复确认帧"                            File: Line:0 Function: Type:Debug:
DateTime:2026-08-28 17:29:11.063:"工装发送：68 3E 00 3E 00 68 40 00 00 00 00 00 21 60 00 00 02 00 05 02 01 CB 16"                            File: Line:0 Function: Type:Debug:
DateTime:2026-08-28 17:29:11.063:"工装接收：68 32 00 32 00 68 80 00 00 00 00 00 00 60 00 00 01 00 E1 16"                            File: Line:0 Function: Type:Debug:
DateTime:2026-08-28 17:29:11.063:"m_baRecvMsg:"                            File: Line:0 Function: Type:Debug:
DateTime:2026-08-28 17:29:11.063:"frameList.size():1"                            File: Line:0 Function: Type:Debug:
DateTime:2026-08-28 17:29:11.063:"进入报文解析"                            File: Line:0 Function: Type:Debug:
DateTime:2026-08-28 17:29:11.064:"68 32 00 32 00 68 80 00 00 00 00 00 00 60 00 00 01 00 E1 16"                            File: Line:0 Function: Type:Debug:
DateTime:2026-08-28 17:29:11.064:"解码完成，功能码: 1"                            File: Line:0 Function: Type:Debug:
DateTime:2026-08-28 17:29:11.064:"工装回复确认帧"                            File: Line:0 Function: Type:Debug:
DateTime:2026-08-28 17:29:11.064:"工装发送：68 3E 00 3E 00 68 40 00 00 00 00 00 21 60 00 00 02 00 06 02 01 CC 16"                            File: Line:0 Function: Type:Debug:
DateTime:2026-08-28 17:29:11.064:"工装接收：68 32 00 32 00 68 80 00 00 00 00 00 00 60 00 00 01 00 E1 16"                            File: Line:0 Function: Type:Debug:
DateTime:2026-08-28 17:29:11.064:"m_baRecvMsg:"                            File: Line:0 Function: Type:Debug:
DateTime:2026-08-28 17:29:11.064:"frameList.size():1"                            File: Line:0 Function: Type:Debug:
DateTime:2026-08-28 17:29:11.064:"进入报文解析"                            File: Line:0 Function: Type:Debug:
DateTime:2026-08-28 17:29:11.064:"68 32 00 32 00 68 80 00 00 00 00 00 00 60 00 00 01 00 E1 16"                            File: Line:0 Function: Type:Debug:
DateTime:2026-08-28 17:29:11.064:"解码完成，功能码: 1"                            File: Line:0 Function: Type:Debug:
DateTime:2026-08-28 17:29:11.064:"工装回复确认帧"                            File: Line:0 Function: Type:Debug:
DateTime:2026-08-28 17:29:11.064:"工装发送：68 3E 00 3E 00 68 40 00 00 00 00 00 21 60 00 00 02 00 07 02 01 CD 16"                            File: Line:0 Function: Type:Debug:
DateTime:2026-08-28 17:29:11.065:"工装接收：68 32 00 32 00 68 80 00 00 00 00 00 00 60 00 00 01 00 E1 16"                            File: Line:0 Function: Type:Debug:
DateTime:2026-08-28 17:29:11.065:"m_baRecvMsg:"                            File: Line:0 Function: Type:Debug:
DateTime:2026-08-28 17:29:11.065:"frameList.size():1"                            File: Line:0 Function: Type:Debug:
DateTime:2026-08-28 17:29:11.065:"进入报文解析"                            File: Line:0 Function: Type:Debug:
DateTime:2026-08-28 17:29:11.065:"68 32 00 32 00 68 80 00 00 00 00 00 00 60 00 00 01 00 E1 16"                            File: Line:0 Function: Type:Debug:
DateTime:2026-08-28 17:29:11.065:"解码完成，功能码: 1"                            File: Line:0 Function: Type:Debug:
DateTime:2026-08-28 17:29:11.065:"工装回复确认帧"                            File: Line:0 Function: Type:Debug:
DateTime:2026-08-28 17:29:11.065:"工装发送：68 3E 00 3E 00 68 40 00 00 00 00 00 21 60 00 00 02 00 08 02 01 CE 16"                            File: Line:0 Function: Type:Debug:
DateTime:2026-08-28 17:29:11.066:"工装接收：68 32 00 32 00 68 80 00 00 00 00 00 00 60 00 00 01 00 E1 16"                            File: Line:0 Function: Type:Debug:
DateTime:2026-08-28 17:29:11.066:"m_baRecvMsg:"                            File: Line:0 Function: Type:Debug:
DateTime:2026-08-28 17:29:11.066:"frameList.size():1"                            File: Line:0 Function: Type:Debug:
DateTime:2026-08-28 17:29:11.066:"进入报文解析"                            File: Line:0 Function: Type:Debug:
DateTime:2026-08-28 17:29:11.066:"68 32 00 32 00 68 80 00 00 00 00 00 00 60 00 00 01 00 E1 16"                            File: Line:0 Function: Type:Debug:
DateTime:2026-08-28 17:29:11.066:"解码完成，功能码: 1"                            File: Line:0 Function: Type:Debug:
DateTime:2026-08-28 17:29:11.066:"工装回复确认帧"                            File: Line:0 Function: Type:Debug:
DateTime:2026-08-28 17:29:11.066:"所有槽位上电成功"                            File: Line:0 Function: Type:Debug:
DateTime:2026-08-28 17:29:11.166:dll输出信息: ""                            File: Line:0 Function: Type:Debug:
DateTime:2026-08-28 17:29:11.166:接口函数调用成功，返回的结果为 0                            File: Line:0 Function: Type:Debug:
DateTime:2026-08-28 17:29:11.166:"外部传入的para：0，返回的result：0,返回的pValRet：0"                            File: Line:0 Function: Type:Debug:
DateTime:2026-08-28 17:29:11.166:"执行接口函数SimuCorn_power_on完成"                            File: Line:0 Function: Type:Debug:
DateTime:2026-08-28 17:29:11.166:coorIndex 0                            File: Line:0 Function: Type:Debug:
DateTime:2026-08-28 17:29:11.166:当前流程结束                            File: Line:0 Function: Type:Debug:
DateTime:2026-08-28 17:29:11.166:退出connect函数                            File: Line:0 Function: Type:Debug:
DateTime:2026-08-28 17:29:11.167:"=========【测试STA上电】结束=========="                            File: Line:0 Function: Type:Debug:
DateTime:2026-08-28 17:29:11.167:"-----------------------------"                            File: Line:0 Function: Type:Debug:
DateTime:2026-08-28 17:29:11.168:"=============执行【执行延时】==================="                            File: Line:0 Function: Type:Debug:
DateTime:2026-08-28 17:29:11.168:"执行接口函数Func_Delay"                            File: Line:0 Function: Type:Debug:
DateTime:2026-08-28 17:29:11.168:callWorkFunction: Func_Delay                            File: Line:0 Function: Type:Debug:
DateTime:2026-08-28 17:29:11.168:找到对应函数，进入执行                            File: Line:0 Function: Type:Debug:
DateTime:2026-08-28 17:29:11.168:"延时时间为2s"                            File: Line:0 Function: Type:Debug:
DateTime:2026-08-28 17:29:11.168:"uTimeSecond_ms:2000"                            File: Line:0 Function: Type:Debug:
DateTime:2026-08-28 17:29:14.190:"等待工装回复超时"                            File: Line:0 Function: Type:Debug:
DateTime:2026-08-28 17:29:14.190:"延时时间到"                            File: Line:0 Function: Type:Debug:
DateTime:2026-08-28 17:29:14.291:dll输出信息: ""                            File: Line:0 Function: Type:Debug:
DateTime:2026-08-28 17:29:14.291:接口函数调用成功，返回的结果为 0                            File: Line:0 Function: Type:Debug:
DateTime:2026-08-28 17:29:14.291:"外部传入的para：0，返回的result：0,返回的pValRet：0"                            File: Line:0 Function: Type:Debug:
DateTime:2026-08-28 17:29:14.291:"执行接口函数Func_Delay完成"                            File: Line:0 Function: Type:Debug:
DateTime:2026-08-28 17:29:14.291:coorIndex 0                            File: Line:0 Function: Type:Debug:
DateTime:2026-08-28 17:29:14.291:当前流程结束                            File: Line:0 Function: Type:Debug:
DateTime:2026-08-28 17:29:14.291:退出connect函数                            File: Line:0 Function: Type:Debug:
DateTime:2026-08-28 17:29:14.291:"=========【执行延时】结束=========="                            File: Line:0 Function: Type:Debug:
DateTime:2026-08-28 17:29:14.292:"-----------------------------"                            File: Line:0 Function: Type:Debug:
DateTime:2026-08-28 17:29:14.292:"=============执行【拉取sta复位引脚】==================="                            File: Line:0 Function: Type:Debug:
DateTime:2026-08-28 17:29:14.292:"执行接口函数SimuCorn_reset"                            File: Line:0 Function: Type:Debug:
DateTime:2026-08-28 17:29:14.292:callWorkFunction: SimuCorn_reset                            File: Line:0 Function: Type:Debug:
DateTime:2026-08-28 17:29:14.292:找到对应函数，进入执行                            File: Line:0 Function: Type:Debug:
DateTime:2026-08-28 17:29:14.292:"工装发送：68 3E 00 3E 00 68 40 00 00 00 00 00 21 60 00 00 02 00 03 01 01 C8 16"                            File: Line:0 Function: Type:Debug:
DateTime:2026-08-28 17:29:14.793:"工装接收：68 32 00 32 00 68 80 00 00 00 00 00 00 60 00 00 01 00 E1 16"                            File: Line:0 Function: Type:Debug:
DateTime:2026-08-28 17:29:14.793:"m_baRecvMsg:"                            File: Line:0 Function: Type:Debug:
DateTime:2026-08-28 17:29:14.793:"frameList.size():1"                            File: Line:0 Function: Type:Debug:
DateTime:2026-08-28 17:29:14.793:"进入报文解析"                            File: Line:0 Function: Type:Debug:
DateTime:2026-08-28 17:29:14.793:"68 32 00 32 00 68 80 00 00 00 00 00 00 60 00 00 01 00 E1 16"                            File: Line:0 Function: Type:Debug:
DateTime:2026-08-28 17:29:14.793:"解码完成，功能码: 1"                            File: Line:0 Function: Type:Debug:
DateTime:2026-08-28 17:29:14.793:"工装回复确认帧"                            File: Line:0 Function: Type:Debug:
DateTime:2026-08-28 17:29:14.793:"工装发送：68 3E 00 3E 00 68 40 00 00 00 00 00 21 60 00 00 02 00 04 01 01 C9 16"                            File: Line:0 Function: Type:Debug:
DateTime:2026-08-28 17:29:15.293:"工装接收：68 32 00 32 00 68 80 00 00 00 00 00 00 60 00 00 01 00 E1 16"                            File: Line:0 Function: Type:Debug:
DateTime:2026-08-28 17:29:15.293:"m_baRecvMsg:"                            File: Line:0 Function: Type:Debug:
DateTime:2026-08-28 17:29:15.293:"frameList.size():1"                            File: Line:0 Function: Type:Debug:
DateTime:2026-08-28 17:29:15.293:"进入报文解析"                            File: Line:0 Function: Type:Debug:
DateTime:2026-08-28 17:29:15.293:"68 32 00 32 00 68 80 00 00 00 00 00 00 60 00 00 01 00 E1 16"                            File: Line:0 Function: Type:Debug:
DateTime:2026-08-28 17:29:15.294:"解码完成，功能码: 1"                            File: Line:0 Function: Type:Debug:
DateTime:2026-08-28 17:29:15.294:"工装回复确认帧"                            File: Line:0 Function: Type:Debug:
DateTime:2026-08-28 17:29:15.294:"工装发送：68 3E 00 3E 00 68 40 00 00 00 00 00 21 60 00 00 02 00 05 01 01 CA 16"                            File: Line:0 Function: Type:Debug:
DateTime:2026-08-28 17:29:15.795:"工装接收：68 32 00 32 00 68 80 00 00 00 00 00 00 60 00 00 01 00 E1 16"                            File: Line:0 Function: Type:Debug:
DateTime:2026-08-28 17:29:15.795:"m_baRecvMsg:"                            File: Line:0 Function: Type:Debug:
DateTime:2026-08-28 17:29:15.795:"frameList.size():1"                            File: Line:0 Function: Type:Debug:
DateTime:2026-08-28 17:29:15.795:"进入报文解析"                            File: Line:0 Function: Type:Debug:
DateTime:2026-08-28 17:29:15.795:"68 32 00 32 00 68 80 00 00 00 00 00 00 60 00 00 01 00 E1 16"                            File: Line:0 Function: Type:Debug:
DateTime:2026-08-28 17:29:15.795:"解码完成，功能码: 1"                            File: Line:0 Function: Type:Debug:
DateTime:2026-08-28 17:29:15.795:"工装回复确认帧"                            File: Line:0 Function: Type:Debug:
DateTime:2026-08-28 17:29:15.795:"工装发送：68 3E 00 3E 00 68 40 00 00 00 00 00 21 60 00 00 02 00 06 01 01 CB 16"                            File: Line:0 Function: Type:Debug:
DateTime:2026-08-28 17:29:16.296:"工装接收：68 32 00 32 00 68 80 00 00 00 00 00 00 60 00 00 01 00 E1 16"                            File: Line:0 Function: Type:Debug:
DateTime:2026-08-28 17:29:16.296:"m_baRecvMsg:"                            File: Line:0 Function: Type:Debug:
DateTime:2026-08-28 17:29:16.296:"frameList.size():1"                            File: Line:0 Function: Type:Debug:
DateTime:2026-08-28 17:29:16.296:"进入报文解析"                            File: Line:0 Function: Type:Debug:
DateTime:2026-08-28 17:29:16.296:"68 32 00 32 00 68 80 00 00 00 00 00 00 60 00 00 01 00 E1 16"                            File: Line:0 Function: Type:Debug:
DateTime:2026-08-28 17:29:16.296:"解码完成，功能码: 1"                            File: Line:0 Function: Type:Debug:
DateTime:2026-08-28 17:29:16.296:"工装回复确认帧"                            File: Line:0 Function: Type:Debug:
DateTime:2026-08-28 17:29:16.296:"工装发送：68 3E 00 3E 00 68 40 00 00 00 00 00 21 60 00 00 02 00 07 01 01 CC 16"                            File: Line:0 Function: Type:Debug:
DateTime:2026-08-28 17:29:16.796:"工装接收：68 32 00 32 00 68 80 00 00 00 00 00 00 60 00 00 01 00 E1 16"                            File: Line:0 Function: Type:Debug:
DateTime:2026-08-28 17:29:16.796:"m_baRecvMsg:"                            File: Line:0 Function: Type:Debug:
DateTime:2026-08-28 17:29:16.796:"frameList.size():1"                            File: Line:0 Function: Type:Debug:
DateTime:2026-08-28 17:29:16.796:"进入报文解析"                            File: Line:0 Function: Type:Debug:
DateTime:2026-08-28 17:29:16.796:"68 32 00 32 00 68 80 00 00 00 00 00 00 60 00 00 01 00 E1 16"                            File: Line:0 Function: Type:Debug:
DateTime:2026-08-28 17:29:16.796:"解码完成，功能码: 1"                            File: Line:0 Function: Type:Debug:
DateTime:2026-08-28 17:29:16.796:"工装回复确认帧"                            File: Line:0 Function: Type:Debug:
DateTime:2026-08-28 17:29:16.796:"工装发送：68 3E 00 3E 00 68 40 00 00 00 00 00 21 60 00 00 02 00 08 01 01 CD 16"                            File: Line:0 Function: Type:Debug:
DateTime:2026-08-28 17:29:17.297:"工装接收：68 32 00 32 00 68 80 00 00 00 00 00 00 60 00 00 01 00 E1 16"                            File: Line:0 Function: Type:Debug:
DateTime:2026-08-28 17:29:17.297:"m_baRecvMsg:"                            File: Line:0 Function: Type:Debug:
DateTime:2026-08-28 17:29:17.297:"frameList.size():1"                            File: Line:0 Function: Type:Debug:
DateTime:2026-08-28 17:29:17.297:"进入报文解析"                            File: Line:0 Function: Type:Debug:
DateTime:2026-08-28 17:29:17.297:"68 32 00 32 00 68 80 00 00 00 00 00 00 60 00 00 01 00 E1 16"                            File: Line:0 Function: Type:Debug:
DateTime:2026-08-28 17:29:17.297:"解码完成，功能码: 1"                            File: Line:0 Function: Type:Debug:
DateTime:2026-08-28 17:29:17.297:"工装回复确认帧"                            File: Line:0 Function: Type:Debug:
DateTime:2026-08-28 17:29:17.297:"所有槽位拉取复位引脚成功"                            File: Line:0 Function: Type:Debug:
DateTime:2026-08-28 17:29:17.399:dll输出信息: ""                            File: Line:0 Function: Type:Debug:
DateTime:2026-08-28 17:29:17.399:接口函数调用成功，返回的结果为 0                            File: Line:0 Function: Type:Debug:
DateTime:2026-08-28 17:29:17.399:"外部传入的para：0，返回的result：0,返回的pValRet：0"                            File: Line:0 Function: Type:Debug:
DateTime:2026-08-28 17:29:17.399:"执行接口函数SimuCorn_reset完成"                            File: Line:0 Function: Type:Debug:
DateTime:2026-08-28 17:29:17.400:coorIndex 0                            File: Line:0 Function: Type:Debug:
DateTime:2026-08-28 17:29:17.400:当前流程结束                            File: Line:0 Function: Type:Debug:
DateTime:2026-08-28 17:29:17.400:退出connect函数                            File: Line:0 Function: Type:Debug:
DateTime:2026-08-28 17:29:17.400:"=========【拉取sta复位引脚】结束=========="                            File: Line:0 Function: Type:Debug:
DateTime:2026-08-28 17:29:17.401:"-----------------------------"                            File: Line:0 Function: Type:Debug:
DateTime:2026-08-28 17:29:17.403:"=============执行【执行延时】==================="                            File: Line:0 Function: Type:Debug:
DateTime:2026-08-28 17:29:17.403:"执行接口函数Func_Delay"                            File: Line:0 Function: Type:Debug:
DateTime:2026-08-28 17:29:17.403:callWorkFunction: Func_Delay                            File: Line:0 Function: Type:Debug:
DateTime:2026-08-28 17:29:17.403:找到对应函数，进入执行                            File: Line:0 Function: Type:Debug:
DateTime:2026-08-28 17:29:17.403:"延时时间为5s"                            File: Line:0 Function: Type:Debug:
DateTime:2026-08-28 17:29:17.403:"uTimeSecond_ms:5000"                            File: Line:0 Function: Type:Debug:
DateTime:2026-08-28 17:29:20.424:"等待工装回复超时"                            File: Line:0 Function: Type:Debug:
DateTime:2026-08-28 17:29:23.446:"等待工装回复超时"                            File: Line:0 Function: Type:Debug:
DateTime:2026-08-28 17:29:23.446:"延时时间到"                            File: Line:0 Function: Type:Debug:
DateTime:2026-08-28 17:29:23.547:dll输出信息: ""                            File: Line:0 Function: Type:Debug:
DateTime:2026-08-28 17:29:23.547:接口函数调用成功，返回的结果为 0                            File: Line:0 Function: Type:Debug:
DateTime:2026-08-28 17:29:23.547:"外部传入的para：0，返回的result：0,返回的pValRet：0"                            File: Line:0 Function: Type:Debug:
DateTime:2026-08-28 17:29:23.547:"执行接口函数Func_Delay完成"                            File: Line:0 Function: Type:Debug:
DateTime:2026-08-28 17:29:23.547:coorIndex 0                            File: Line:0 Function: Type:Debug:
DateTime:2026-08-28 17:29:23.547:当前流程结束                            File: Line:0 Function: Type:Debug:
DateTime:2026-08-28 17:29:23.547:退出connect函数                            File: Line:0 Function: Type:Debug:
DateTime:2026-08-28 17:29:23.548:"=========【执行延时】结束=========="                            File: Line:0 Function: Type:Debug:
DateTime:2026-08-28 17:29:23.548:"-----------------------------"                            File: Line:0 Function: Type:Debug:
DateTime:2026-08-28 17:29:23.548:"=============执行【Step5-AFN10F1查询载波从节点数量】==================="                            File: Line:0 Function: Type:Debug:
DateTime:2026-08-28 17:29:23.548:"执行接口函数CCO_AFN10_F1"                            File: Line:0 Function: Type:Debug:
DateTime:2026-08-28 17:29:23.548:callWorkFunction: CCO_AFN10_F1                            File: Line:0 Function: Type:Debug:
DateTime:2026-08-28 17:29:23.548:找到对应函数，进入执行                            File: Line:0 Function: Type:Debug:
DateTime:2026-08-28 17:29:24.052:"等待工装回复超时"                            File: Line:0 Function: Type:Debug:
DateTime:2026-08-28 17:29:24.052:"开始组帧"                            File: Line:0 Function: Type:Debug:
DateTime:2026-08-28 17:29:24.052:"组帧结束"                            File: Line:0 Function: Type:Debug:
DateTime:2026-08-28 17:29:24.052:"367.2Send:查询从节点数量(10H-F1)：=>68 0F 00 41 00 00 00 00 00 1A 10 01 00 6C 16"                            File: Line:0 Function: Type:Debug:
DateTime:2026-08-28 17:29:24.052:"槽位2透传:687E007E006840000000000022600000010002013C00680F004100000000001A1001006C166716"                            File: Line:0 Function: Type:Debug:
DateTime:2026-08-28 17:29:24.052:"工装发送：68 7E 00 7E 00 68 40 00 00 00 00 00 22 60 00 00 01 00 02 01 3C 00 68 0F 00 41 00 00 00 00 00 1A 10 01 00 6C 16 67 16"                            File: Line:0 Function: Type:Debug:
DateTime:2026-08-28 17:29:24.070:"工装接收：68 32 00 32 00 68 80 00 00 00 00 00 00 60 00 00 01 00 E1 16"                            File: Line:0 Function: Type:Debug:
DateTime:2026-08-28 17:29:24.070:"m_baRecvMsg:"                            File: Line:0 Function: Type:Debug:
DateTime:2026-08-28 17:29:24.070:"frameList.size():1"                            File: Line:0 Function: Type:Debug:
DateTime:2026-08-28 17:29:24.070:"进入报文解析"                            File: Line:0 Function: Type:Debug:
DateTime:2026-08-28 17:29:24.070:"68 32 00 32 00 68 80 00 00 00 00 00 00 60 00 00 01 00 E1 16"                            File: Line:0 Function: Type:Debug:
DateTime:2026-08-28 17:29:24.070:"解码完成，功能码: 1"                            File: Line:0 Function: Type:Debug:
DateTime:2026-08-28 17:29:24.070:"工装回复确认帧"                            File: Line:0 Function: Type:Debug:
DateTime:2026-08-28 17:29:24.126:"工装接收：68 8A 00 8A 00 68 80 00 00 00 00 00 22 60 00 00 01 00 02 13 00 68 13 00 83 00 00 00 00 00 1A 10 01 00 06 00 F8 07 B3 16 0F 16"                            File: Line:0 Function: Type:Debug:
DateTime:2026-08-28 17:29:24.126:"m_baRecvMsg:"                            File: Line:0 Function: Type:Debug:
DateTime:2026-08-28 17:29:24.126:"frameList.size():1"                            File: Line:0 Function: Type:Debug:
DateTime:2026-08-28 17:29:24.126:"进入报文解析"                            File: Line:0 Function: Type:Debug:
DateTime:2026-08-28 17:29:24.126:"68 8A 00 8A 00 68 80 00 00 00 00 00 22 60 00 00 01 00 02 13 00 68 13 00 83 00 00 00 00 00 1A 10 01 00 06 00 F8 07 B3 16 0F 16"                            File: Line:0 Function: Type:Debug:
DateTime:2026-08-28 17:29:24.126:"解码完成，功能码: 4"                            File: Line:0 Function: Type:Debug:
DateTime:2026-08-28 17:29:24.126:"工装接收到透传报文"                            File: Line:0 Function: Type:Debug:
DateTime:2026-08-28 17:29:24.126:"0213006813008300000000001A1001000600F807B316"                            File: Line:0 Function: Type:Debug:
DateTime:2026-08-28 17:29:24.126:"透传报文内容:68 13 00 83 00 00 00 00 00 1a 10 01 00 06 00 f8 07 b3 16"                            File: Line:0 Function: Type:Debug:
DateTime:2026-08-28 17:29:27.148:"uTimeSecond_ms:5000"                            File: Line:0 Function: Type:Debug:
DateTime:2026-08-28 17:29:27.148:"查找结果: iret=0, wStart=0, dwOutLen=19, dwStreamLen=19, dwFindPos=0"                            File: Line:0 Function: Type:Debug:
DateTime:2026-08-28 17:29:27.148:"Receive:<= 68 13 00 83 00 00 00 00 00 1A 10 01 00 06 00 F8 07 B3 16"                            File: Line:0 Function: Type:Debug:
DateTime:2026-08-28 17:29:27.148:"解析：功能码-AFN=10H,Fn=1："                            File: Line:0 Function: Type:Debug:
DateTime:2026-08-28 17:29:27.148:"从节点数量：6,最大支持节点数：2040."                            File: Line:0 Function: Type:Debug:
DateTime:2026-08-28 17:29:27.148:dll输出信息: ""                            File: Line:0 Function: Type:Debug:
DateTime:2026-08-28 17:29:27.148:接口函数调用成功，返回的结果为 0                            File: Line:0 Function: Type:Debug:
DateTime:2026-08-28 17:29:27.148:"外部传入的para：0，返回的result：0,返回的pValRet：0"                            File: Line:0 Function: Type:Debug:
DateTime:2026-08-28 17:29:27.148:"执行接口函数CCO_AFN10_F1完成"                            File: Line:0 Function: Type:Debug:
DateTime:2026-08-28 17:29:27.149:coorIndex 0                            File: Line:0 Function: Type:Debug:
DateTime:2026-08-28 17:29:27.150:当前流程结束                            File: Line:0 Function: Type:Debug:
DateTime:2026-08-28 17:29:27.150:退出connect函数                            File: Line:0 Function: Type:Debug:
DateTime:2026-08-28 17:29:27.150:"=========【Step5-AFN10F1查询载波从节点数量】结束=========="                            File: Line:0 Function: Type:Debug:
DateTime:2026-08-28 17:29:27.150:"-----------------------------"                            File: Line:0 Function: Type:Debug:
DateTime:2026-08-28 17:29:27.150:"=============执行【Step6-组网查询】==================="                            File: Line:0 Function: Type:Debug:
DateTime:2026-08-28 17:29:27.150:"执行接口函数CCO_Func_FormNetWork"                            File: Line:0 Function: Type:Debug:
DateTime:2026-08-28 17:29:27.150:callWorkFunction: CCO_Func_FormNetWork                            File: Line:0 Function: Type:Debug:
DateTime:2026-08-28 17:29:27.150:找到对应函数，进入执行                            File: Line:0 Function: Type:Debug:
DateTime:2026-08-28 17:29:27.150:"addrs191600100103"                            File: Line:0 Function: Type:Debug:
DateTime:2026-08-28 17:29:27.151:"地址数量1"                            File: Line:0 Function: Type:Debug:
DateTime:2026-08-28 17:29:27.151:"addrs191600100104"                            File: Line:0 Function: Type:Debug:
DateTime:2026-08-28 17:29:27.151:"地址数量2"                            File: Line:0 Function: Type:Debug:
DateTime:2026-08-28 17:29:27.151:"传入的addrs数量2"                            File: Line:0 Function: Type:Debug:
DateTime:2026-08-28 17:29:27.151:"QString::fromLatin1(addrs[0])\u0019\u0016"                            File: Line:0 Function: Type:Debug:
DateTime:2026-08-28 17:29:27.654:"等待工装回复超时"                            File: Line:0 Function: Type:Debug:
DateTime:2026-08-28 17:29:27.654:"开始组帧"                            File: Line:0 Function: Type:Debug:
DateTime:2026-08-28 17:29:27.654:"组帧结束"                            File: Line:0 Function: Type:Debug:
DateTime:2026-08-28 17:29:27.654:"367.2Send:查询网络拓扑,节点起始序号:1：=>68 12 00 41 00 00 00 00 00 1B 10 10 02 01 00 0A 89 16"                            File: Line:0 Function: Type:Debug:
DateTime:2026-08-28 17:29:27.654:"槽位2透传:688A008A006840000000000022600000010002013C006812004100000000001B10100201000A8916A416"                            File: Line:0 Function: Type:Debug:
DateTime:2026-08-28 17:29:27.654:"工装发送：68 8A 00 8A 00 68 40 00 00 00 00 00 22 60 00 00 01 00 02 01 3C 00 68 12 00 41 00 00 00 00 00 1B 10 10 02 01 00 0A 89 16 A4 16"                            File: Line:0 Function: Type:Debug:
DateTime:2026-08-28 17:29:27.675:"工装接收：68 32 00 32 00 68 80 00 00 00 00 00 00 60 00 00 01 00 E1 16"                            File: Line:0 Function: Type:Debug:
DateTime:2026-08-28 17:29:27.675:"m_baRecvMsg:"                            File: Line:0 Function: Type:Debug:
DateTime:2026-08-28 17:29:27.675:"frameList.size():1"                            File: Line:0 Function: Type:Debug:
DateTime:2026-08-28 17:29:27.675:"进入报文解析"                            File: Line:0 Function: Type:Debug:
DateTime:2026-08-28 17:29:27.675:"68 32 00 32 00 68 80 00 00 00 00 00 00 60 00 00 01 00 E1 16"                            File: Line:0 Function: Type:Debug:
DateTime:2026-08-28 17:29:27.675:"解码完成，功能码: 1"                            File: Line:0 Function: Type:Debug:
DateTime:2026-08-28 17:29:27.676:"工装回复确认帧"                            File: Line:0 Function: Type:Debug:
DateTime:2026-08-28 17:29:27.720:"工装接收：68 BA 00 BA 00 68 80 00 00 00 00 00 22 60 00 00 01 00 02 1F 00 68 1F 00 83 00 00 00 00 00 1B 10 10 02 01 00 01 00 01 12 90 78 56 34 12 01 00 00 00 40 BA 16 35 16"                            File: Line:0 Function: Type:Debug:
DateTime:2026-08-28 17:29:27.720:"m_baRecvMsg:"                            File: Line:0 Function: Type:Debug:
DateTime:2026-08-28 17:29:27.720:"frameList.size():1"                            File: Line:0 Function: Type:Debug:
DateTime:2026-08-28 17:29:27.720:"进入报文解析"                            File: Line:0 Function: Type:Debug:
DateTime:2026-08-28 17:29:27.720:"68 BA 00 BA 00 68 80 00 00 00 00 00 22 60 00 00 01 00 02 1F 00 68 1F 00 83 00 00 00 00 00 1B 10 10 02 01 00 01 00 01 12 90 78 56 34 12 01 00 00 00 40 BA 16 35 16"                            File: Line:0 Function: Type:Debug:
DateTime:2026-08-28 17:29:27.720:"解码完成，功能码: 4"                            File: Line:0 Function: Type:Debug:
DateTime:2026-08-28 17:29:27.720:"工装接收到透传报文"                            File: Line:0 Function: Type:Debug:
DateTime:2026-08-28 17:29:27.720:"021F00681F008300000000001B10100201000100011290785634120100000040BA16"                            File: Line:0 Function: Type:Debug:
DateTime:2026-08-28 17:29:27.720:"透传报文内容:68 1f 00 83 00 00 00 00 00 1b 10 10 02 01 00 01 00 01 12 90 78 56 34 12 01 00 00 00 40 ba 16"                            File: Line:0 Function: Type:Debug:
DateTime:2026-08-28 17:29:30.742:"uTimeSecond_ms:5000"                            File: Line:0 Function: Type:Debug:
DateTime:2026-08-28 17:29:30.742:"查找结果: iret=0, wStart=0, dwOutLen=31, dwStreamLen=31, dwFindPos=0"                            File: Line:0 Function: Type:Debug:
DateTime:2026-08-28 17:29:30.742:"Receive:<= 68 1F 00 83 00 00 00 00 00 1B 10 10 02 01 00 01 00 01 12 90 78 56 34 12 01 00 00 00 40 BA 16"                            File: Line:0 Function: Type:Debug:
DateTime:2026-08-28 17:29:30.742:"解析：功能码-AFN=10H,Fn=21："                            File: Line:0 Function: Type:Debug:
DateTime:2026-08-28 17:29:30.742:"从节点总数量：1, 节点起始序号：1, 本次应答的从节点数量：1"                            File: Line:0 Function: Type:Debug:
DateTime:2026-08-28 17:29:30.742:"节点1信息：地址:123456789012, 节点标识:1, 代理节点标识:0, 节点层级:0, 节点角色:主节点（CCO）"                            File: Line:0 Function: Type:Debug:
DateTime:2026-08-28 17:29:30.742:"nAddr123456789012ptAddr191600100103"                            File: Line:0 Function: Type:Debug:
DateTime:2026-08-28 17:29:30.742:"nAddr123456789012ptAddr191600100104"                            File: Line:0 Function: Type:Debug:
DateTime:2026-08-28 17:29:30.753:"当前还有2个节点未入网."                            File: Line:0 Function: Type:Debug:
DateTime:2026-08-28 17:29:35.754:"工装接收：68 DE 00 DE 00 68 80 00 00 00 00 00 22 60 00 00 01 00 02 28 00 68 28 00 C0 00 00 00 00 00 06 56 02 00 01 12 90 78 56 34 12 11 68 12 90 78 56 34 12 68 81 05 39 36 36 1E 3A 09 16 0E 16 EF 16"                            File: Line:0 Function: Type:Debug:
DateTime:2026-08-28 17:29:35.754:"m_baRecvMsg:"                            File: Line:0 Function: Type:Debug:
DateTime:2026-08-28 17:29:35.754:"rameList.size():"                            File: Line:0 Function: Type:Debug:
DateTime:2026-08-28 17:29:35.754:"进入报文解析"                            File: Line:0 Function: Type:Debug:
DateTime:2026-08-28 17:29:35.754:"68 DE 00 DE 00 68 80 00 00 00 00 00 22 60 00 00 01 00 02 28 00 68 28 00 C0 00 00 00 00 00 06 56 02 00 01 12 90 78 56 34 12 11 68 12 90 78 56 34 12 68 81 05 39 36 36 1E 3A 09 16 0E 16 EF 16"                            File: Line:0 Function: Type:Debug:
DateTime:2026-08-28 17:29:35.754:"解码完成，功能码: 4"                            File: Line:0 Function: Type:Debug:
DateTime:2026-08-28 17:29:35.754:"工装回复透传报文"                            File: Line:0 Function: Type:Debug:
DateTime:2026-08-28 17:29:35.754:"022800682800C00000000000065602000112907856341211681290785634126881053936361E3A09160E16"                            File: Line:0 Function: Type:Debug:
DateTime:2026-08-28 17:29:35.754:"内容:68 28 00 c0 00 00 00 00 00 06 56 02 00 01 12 90 78 56 34 12 11 68 12 90 78 56 34 12 68 81 05 39 36 36 1e 3a 09 16 0e 16"                            File: Line:0 Function: Type:Debug:
DateTime:2026-08-28 17:29:36.073:"工装接收：68 DE 00 DE 00 68 80 00 00 00 00 00 22 60 00 00 01 00 02 28 00 68 28 00 C0 00 00 00 00 00 06 56 02 00 01 12 90 78 56 34 12 11 68 12 90 78 56 34 12 68 81 05 39 36 36 1E 3A 09 16 0E 16 EF 16"                            File: Line:0 Function: Type:Debug:
DateTime:2026-08-28 17:29:36.074:"m_baRecvMsg:"                            File: Line:0 Function: Type:Debug:
DateTime:2026-08-28 17:29:36.074:"rameList.size():"                            File: Line:0 Function: Type:Debug:
DateTime:2026-08-28 17:29:36.074:"进入报文解析"                            File: Line:0 Function: Type:Debug:
DateTime:2026-08-28 17:29:36.074:"68 DE 00 DE 00 68 80 00 00 00 00 00 22 60 00 00 01 00 02 28 00 68 28 00 C0 00 00 00 00 00 06 56 02 00 01 12 90 78 56 34 12 11 68 12 90 78 56 34 12 68 81 05 39 36 36 1E 3A 09 16 0E 16 EF 16"                            File: Line:0 Function: Type:Debug:
DateTime:2026-08-28 17:29:36.074:"解码完成，功能码: 4"                            File: Line:0 Function: Type:Debug:
DateTime:2026-08-28 17:29:36.074:"工装回复透传报文"                            File: Line:0 Function: Type:Debug:
DateTime:2026-08-28 17:29:36.074:"022800682800C00000000000065602000112907856341211681290785634126881053936361E3A09160E16"                            File: Line:0 Function: Type:Debug:
DateTime:2026-08-28 17:29:36.074:"内容:68 28 00 c0 00 00 00 00 00 06 56 02 00 01 12 90 78 56 34 12 11 68 12 90 78 56 34 12 68 81 05 39 36 36 1e 3a 09 16 0e 16"                            File: Line:0 Function: Type:Debug:
DateTime:2026-08-28 17:29:36.275:"等待工装回复超时"                            File: Line:0 Function: Type:Debug:
DateTime:2026-08-28 17:29:36.275:"开始组帧"                            File: Line:0 Function: Type:Debug:
DateTime:2026-08-28 17:29:36.275:"组帧结束"                            File: Line:0 Function: Type:Debug:
DateTime:2026-08-28 17:29:36.275:"367.2Send:查询网络拓扑,节点起始序号:1：=>68 12 00 41 00 00 00 00 00 1C 10 10 02 01 00 0A 8A 16"                            File: Line:0 Function: Type:Debug:
DateTime:2026-08-28 17:29:36.275:"槽位2透传:688A008A006840000000000022600000010002013C006812004100000000001C10100201000A8A16A616"                            File: Line:0 Function: Type:Debug:
DateTime:2026-08-28 17:29:36.275:"工装发送：68 8A 00 8A 00 68 40 00 00 00 00 00 22 60 00 00 01 00 02 01 3C 00 68 12 00 41 00 00 00 00 00 1C 10 10 02 01 00 0A 8A 16 A6 16"                            File: Line:0 Function: Type:Debug:
DateTime:2026-08-28 17:29:36.296:"工装接收：68 32 00 32 00 68 80 00 00 00 00 00 00 60 00 00 01 00 E1 16"                            File: Line:0 Function: Type:Debug:
DateTime:2026-08-28 17:29:36.296:"m_baRecvMsg:"                            File: Line:0 Function: Type:Debug:
DateTime:2026-08-28 17:29:36.296:"frameList.size():1"                            File: Line:0 Function: Type:Debug:
DateTime:2026-08-28 17:29:36.296:"进入报文解析"                            File: Line:0 Function: Type:Debug:
DateTime:2026-08-28 17:29:36.296:"68 32 00 32 00 68 80 00 00 00 00 00 00 60 00 00 01 00 E1 16"                            File: Line:0 Function: Type:Debug:
DateTime:2026-08-28 17:29:36.296:"解码完成，功能码: 1"                            File: Line:0 Function: Type:Debug:
DateTime:2026-08-28 17:29:36.296:"工装回复确认帧"                            File: Line:0 Function: Type:Debug:
DateTime:2026-08-28 17:29:36.345:"工装接收：68 BA 00 BA 00 68 80 00 00 00 00 00 22 60 00 00 01 00 02 1F 00 68 1F 00 83 00 00 00 00 00 1C 10 10 02 01 00 01 00 01 12 90 78 56 34 12 01 00 00 00 40 BB 16 37 16"                            File: Line:0 Function: Type:Debug:
DateTime:2026-08-28 17:29:36.345:"m_baRecvMsg:"                            File: Line:0 Function: Type:Debug:
DateTime:2026-08-28 17:29:36.345:"frameList.size():1"                            File: Line:0 Function: Type:Debug:
DateTime:2026-08-28 17:29:36.345:"进入报文解析"                            File: Line:0 Function: Type:Debug:
DateTime:2026-08-28 17:29:36.345:"68 BA 00 BA 00 68 80 00 00 00 00 00 22 60 00 00 01 00 02 1F 00 68 1F 00 83 00 00 00 00 00 1C 10 10 02 01 00 01 00 01 12 90 78 56 34 12 01 00 00 00 40 BB 16 37 16"                            File: Line:0 Function: Type:Debug:
DateTime:2026-08-28 17:29:36.345:"解码完成，功能码: 4"                            File: Line:0 Function: Type:Debug:
DateTime:2026-08-28 17:29:36.345:"工装接收到透传报文"                            File: Line:0 Function: Type:Debug:
DateTime:2026-08-28 17:29:36.345:"021F00681F008300000000001C10100201000100011290785634120100000040BB16"                            File: Line:0 Function: Type:Debug:
DateTime:2026-08-28 17:29:36.345:"透传报文内容:68 1f 00 83 00 00 00 00 00 1c 10 10 02 01 00 01 00 01 12 90 78 56 34 12 01 00 00 00 40 bb 16"                            File: Line:0 Function: Type:Debug:
DateTime:2026-08-28 17:29:39.073:"工装接收：68 DE 00 DE 00 68 80 00 00 00 00 00 22 60 00 00 01 00 02 28 00 68 28 00 C0 00 00 00 00 00 06 56 02 00 01 12 90 78 56 34 12 11 68 12 90 78 56 34 12 68 81 05 39 36 36 1E 3A 09 16 0E 16 EF 16"                            File: Line:0 Function: Type:Debug:
DateTime:2026-08-28 17:29:39.074:"m_baRecvMsg:"                            File: Line:0 Function: Type:Debug:
DateTime:2026-08-28 17:29:39.074:"frameList.size():1"                            File: Line:0 Function: Type:Debug:
DateTime:2026-08-28 17:29:39.074:"进入报文解析"                            File: Line:0 Function: Type:Debug:
DateTime:2026-08-28 17:29:39.074:"68 DE 00 DE 00 68 80 00 00 00 00 00 22 60 00 00 01 00 02 28 00 68 28 00 C0 00 00 00 00 00 06 56 02 00 01 12 90 78 56 34 12 11 68 12 90 78 56 34 12 68 81 05 39 36 36 1E 3A 09 16 0E 16 EF 16"                            File: Line:0 Function: Type:Debug:
DateTime:2026-08-28 17:29:39.074:"解码完成，功能码: 4"                            File: Line:0 Function: Type:Debug:
DateTime:2026-08-28 17:29:39.074:"工装接收到透传报文"                            File: Line:0 Function: Type:Debug:
DateTime:2026-08-28 17:29:39.074:"022800682800C00000000000065602000112907856341211681290785634126881053936361E3A09160E16"                            File: Line:0 Function: Type:Debug:
DateTime:2026-08-28 17:29:39.074:"透传报文内容:68 28 00 c0 00 00 00 00 00 06 56 02 00 01 12 90 78 56 34 12 11 68 12 90 78 56 34 12 68 81 05 39 36 36 1e 3a 09 16 0e 16"                            File: Line:0 Function: Type:Debug:
DateTime:2026-08-28 17:29:39.376:"uTimeSecond_ms:5000"                            File: Line:0 Function: Type:Debug:
DateTime:2026-08-28 17:29:39.376:"查找结果: iret=0, wStart=0, dwOutLen=31, dwStreamLen=71, dwFindPos=0"                            File: Line:0 Function: Type:Debug:
DateTime:2026-08-28 17:29:39.376:"Receive:<= 68 1F 00 83 00 00 00 00 00 1C 10 10 02 01 00 01 00 01 12 90 78 56 34 12 01 00 00 00 40 BB 16"                            File: Line:0 Function: Type:Debug:
DateTime:2026-08-28 17:29:39.376:"解析：功能码-AFN=10H,Fn=21："                            File: Line:0 Function: Type:Debug:
DateTime:2026-08-28 17:29:39.376:"查找结果: iret=0, wStart=0, dwOutLen=40, dwStreamLen=40, dwFindPos=31"                            File: Line:0 Function: Type:Debug:
DateTime:2026-08-28 17:29:39.376:"Receive:<= 68 28 00 C0 00 00 00 00 00 06 56 02 00 01 12 90 78 56 34 12 11 68 12 90 78 56 34 12 68 81 05 39 36 36 1E 3A 09 16 0E 16"                            File: Line:0 Function: Type:Debug:
DateTime:2026-08-28 17:29:39.376:"解析：功能码-AFN=56H,Fn=2："                            File: Line:0 Function: Type:Debug:
DateTime:2026-08-28 17:29:39.376:"AFN或者Fn与预判不一致"                            File: Line:0 Function: Type:Debug:
DateTime:2026-08-28 17:29:39.376:"Send(确认)：=> 68 0F 00 43 00 00 00 00 00 06 50 01 00 9A 16"                            File: Line:0 Function: Type:Debug:
DateTime:2026-08-28 17:29:39.376:"槽位2透传:687E007E006840000000000022600000010002013C00680F00430000000000065001009A16C316"                            File: Line:0 Function: Type:Debug:
DateTime:2026-08-28 17:29:39.376:"工装发送：68 7E 00 7E 00 68 40 00 00 00 00 00 22 60 00 00 01 00 02 01 3C 00 68 0F 00 43 00 00 00 00 00 06 50 01 00 9A 16 C3 16"                            File: Line:0 Function: Type:Debug:
DateTime:2026-08-28 17:29:39.377:"从节点总数量：1, 节点起始序号：1, 本次应答的从节点数量：1"                            File: Line:0 Function: Type:Debug:
DateTime:2026-08-28 17:29:39.377:"节点1信息：地址:123456789012, 节点标识:1, 代理节点标识:0, 节点层级:0, 节点角色:主节点（CCO）"                            File: Line:0 Function: Type:Debug:
DateTime:2026-08-28 17:29:39.377:"nAddr123456789012ptAddr191600100103"                            File: Line:0 Function: Type:Debug:
DateTime:2026-08-28 17:29:39.377:"nAddr123456789012ptAddr191600100104"                            File: Line:0 Function: Type:Debug:
DateTime:2026-08-28 17:29:39.388:"当前还有2个节点未入网."                            File: Line:0 Function: Type:Debug:
DateTime:2026-08-28 17:29:44.388:"工装接收：68 32 00 32 00 68 80 00 00 00 00 00 00 60 00 00 01 00 E1 16"                            File: Line:0 Function: Type:Debug:
DateTime:2026-08-28 17:29:44.388:"m_baRecvMsg:"                            File: Line:0 Function: Type:Debug:
DateTime:2026-08-28 17:29:44.388:"rameList.size():"                            File: Line:0 Function: Type:Debug:
DateTime:2026-08-28 17:29:44.388:"进入报文解析"                            File: Line:0 Function: Type:Debug:
DateTime:2026-08-28 17:29:44.388:"68 32 00 32 00 68 80 00 00 00 00 00 00 60 00 00 01 00 E1 16"                            File: Line:0 Function: Type:Debug:
DateTime:2026-08-28 17:29:44.388:"解码完成，功能码: 1"                            File: Line:0 Function: Type:Debug:
DateTime:2026-08-28 17:29:44.388:"工装回复确认帧"                            File: Line:0 Function: Type:Debug:
DateTime:2026-08-28 17:29:45.396:"等待工装回复超时"                            File: Line:0 Function: Type:Debug:
DateTime:2026-08-28 17:29:45.396:"开始组帧"                            File: Line:0 Function: Type:Debug:
DateTime:2026-08-28 17:29:45.396:"组帧结束"                            File: Line:0 Function: Type:Debug:
DateTime:2026-08-28 17:29:45.396:"367.2Send:查询网络拓扑,节点起始序号:1：=>68 12 00 41 00 00 00 00 00 1D 10 10 02 01 00 0A 8B 16"                            File: Line:0 Function: Type:Debug:
DateTime:2026-08-28 17:29:45.396:"槽位2透传:688A008A006840000000000022600000010002013C006812004100000000001D10100201000A8B16A816"                            File: Line:0 Function: Type:Debug:
DateTime:2026-08-28 17:29:45.396:"工装发送：68 8A 00 8A 00 68 40 00 00 00 00 00 22 60 00 00 01 00 02 01 3C 00 68 12 00 41 00 00 00 00 00 1D 10 10 02 01 00 0A 8B 16 A8 16"                            File: Line:0 Function: Type:Debug:
DateTime:2026-08-28 17:29:45.417:"工装接收：68 32 00 32 00 68 80 00 00 00 00 00 00 60 00 00 01 00 E1 16"                            File: Line:0 Function: Type:Debug:
DateTime:2026-08-28 17:29:45.417:"m_baRecvMsg:"                            File: Line:0 Function: Type:Debug:
DateTime:2026-08-28 17:29:45.417:"frameList.size():1"                            File: Line:0 Function: Type:Debug:
DateTime:2026-08-28 17:29:45.418:"进入报文解析"                            File: Line:0 Function: Type:Debug:
DateTime:2026-08-28 17:29:45.418:"68 32 00 32 00 68 80 00 00 00 00 00 00 60 00 00 01 00 E1 16"                            File: Line:0 Function: Type:Debug:
DateTime:2026-08-28 17:29:45.418:"解码完成，功能码: 1"                            File: Line:0 Function: Type:Debug:
DateTime:2026-08-28 17:29:45.418:"工装回复确认帧"                            File: Line:0 Function: Type:Debug:
DateTime:2026-08-28 17:29:45.469:"工装接收：68 BA 00 BA 00 68 80 00 00 00 00 00 22 60 00 00 01 00 02 1F 00 68 1F 00 83 00 00 00 00 00 1D 10 10 02 01 00 01 00 01 12 90 78 56 34 12 01 00 00 00 40 BC 16 39 16"                            File: Line:0 Function: Type:Debug:
DateTime:2026-08-28 17:29:45.469:"m_baRecvMsg:"                            File: Line:0 Function: Type:Debug:
DateTime:2026-08-28 17:29:45.469:"frameList.size():1"                            File: Line:0 Function: Type:Debug:
DateTime:2026-08-28 17:29:45.469:"进入报文解析"                            File: Line:0 Function: Type:Debug:
DateTime:2026-08-28 17:29:45.469:"68 BA 00 BA 00 68 80 00 00 00 00 00 22 60 00 00 01 00 02 1F 00 68 1F 00 83 00 00 00 00 00 1D 10 10 02 01 00 01 00 01 12 90 78 56 34 12 01 00 00 00 40 BC 16 39 16"                            File: Line:0 Function: Type:Debug:
DateTime:2026-08-28 17:29:45.469:"解码完成，功能码: 4"                            File: Line:0 Function: Type:Debug:
DateTime:2026-08-28 17:29:45.469:"工装接收到透传报文"                            File: Line:0 Function: Type:Debug:
DateTime:2026-08-28 17:29:45.469:"021F00681F008300000000001D10100201000100011290785634120100000040BC16"                            File: Line:0 Function: Type:Debug:
DateTime:2026-08-28 17:29:45.469:"透传报文内容:68 1f 00 83 00 00 00 00 00 1d 10 10 02 01 00 01 00 01 12 90 78 56 34 12 01 00 00 00 40 bc 16"                            File: Line:0 Function: Type:Debug:
DateTime:2026-08-28 17:29:48.490:"uTimeSecond_ms:5000"                            File: Line:0 Function: Type:Debug:
DateTime:2026-08-28 17:29:48.490:"查找结果: iret=0, wStart=0, dwOutLen=31, dwStreamLen=31, dwFindPos=0"                            File: Line:0 Function: Type:Debug:
DateTime:2026-08-28 17:29:48.490:"Receive:<= 68 1F 00 83 00 00 00 00 00 1D 10 10 02 01 00 01 00 01 12 90 78 56 34 12 01 00 00 00 40 BC 16"                            File: Line:0 Function: Type:Debug:
DateTime:2026-08-28 17:29:48.490:"解析：功能码-AFN=10H,Fn=21："                            File: Line:0 Function: Type:Debug:
DateTime:2026-08-28 17:29:48.490:"从节点总数量：1, 节点起始序号：1, 本次应答的从节点数量：1"                            File: Line:0 Function: Type:Debug:
DateTime:2026-08-28 17:29:48.490:"节点1信息：地址:123456789012, 节点标识:1, 代理节点标识:0, 节点层级:0, 节点角色:主节点（CCO）"                            File: Line:0 Function: Type:Debug:
DateTime:2026-08-28 17:29:48.490:"nAddr123456789012ptAddr191600100103"                            File: Line:0 Function: Type:Debug:
DateTime:2026-08-28 17:29:48.490:"nAddr123456789012ptAddr191600100104"                            File: Line:0 Function: Type:Debug:
DateTime:2026-08-28 17:29:48.501:"当前还有2个节点未入网."                            File: Line:0 Function: Type:Debug:
DateTime:2026-08-28 17:29:54.006:"等待工装回复超时"                            File: Line:0 Function: Type:Debug:
DateTime:2026-08-28 17:29:54.006:"开始组帧"                            File: Line:0 Function: Type:Debug:
DateTime:2026-08-28 17:29:54.006:"组帧结束"                            File: Line:0 Function: Type:Debug:
DateTime:2026-08-28 17:29:54.006:"367.2Send:查询网络拓扑,节点起始序号:1：=>68 12 00 41 00 00 00 00 00 1E 10 10 02 01 00 0A 8C 16"                            File: Line:0 Function: Type:Debug:
DateTime:2026-08-28 17:29:54.006:"槽位2透传:688A008A006840000000000022600000010002013C006812004100000000001E10100201000A8C16AA16"                            File: Line:0 Function: Type:Debug:
DateTime:2026-08-28 17:29:54.006:"工装发送：68 8A 00 8A 00 68 40 00 00 00 00 00 22 60 00 00 01 00 02 01 3C 00 68 12 00 41 00 00 00 00 00 1E 10 10 02 01 00 0A 8C 16 AA 16"                            File: Line:0 Function: Type:Debug:
DateTime:2026-08-28 17:29:54.027:"工装接收：68 32 00 32 00 68 80 00 00 00 00 00 00 60 00 00 01 00 E1 16"                            File: Line:0 Function: Type:Debug:
DateTime:2026-08-28 17:29:54.027:"m_baRecvMsg:"                            File: Line:0 Function: Type:Debug:
DateTime:2026-08-28 17:29:54.027:"frameList.size():1"                            File: Line:0 Function: Type:Debug:
DateTime:2026-08-28 17:29:54.028:"进入报文解析"                            File: Line:0 Function: Type:Debug:
DateTime:2026-08-28 17:29:54.028:"68 32 00 32 00 68 80 00 00 00 00 00 00 60 00 00 01 00 E1 16"                            File: Line:0 Function: Type:Debug:
DateTime:2026-08-28 17:29:54.028:"解码完成，功能码: 1"                            File: Line:0 Function: Type:Debug:
DateTime:2026-08-28 17:29:54.028:"工装回复确认帧"                            File: Line:0 Function: Type:Debug:
DateTime:2026-08-28 17:29:54.080:"工装接收：68 BA 00 BA 00 68 80 00 00 00 00 00 22 60 00 00 01 00 02 1F 00 68 1F 00 83 00 00 00 00 00 1E 10 10 02 01 00 01 00 01 12 90 78 56 34 12 01 00 00 00 40 BD 16 3B 16"                            File: Line:0 Function: Type:Debug:
DateTime:2026-08-28 17:29:54.080:"m_baRecvMsg:"                            File: Line:0 Function: Type:Debug:
DateTime:2026-08-28 17:29:54.080:"frameList.size():1"                            File: Line:0 Function: Type:Debug:
DateTime:2026-08-28 17:29:54.080:"进入报文解析"                            File: Line:0 Function: Type:Debug:
DateTime:2026-08-28 17:29:54.080:"68 BA 00 BA 00 68 80 00 00 00 00 00 22 60 00 00 01 00 02 1F 00 68 1F 00 83 00 00 00 00 00 1E 10 10 02 01 00 01 00 01 12 90 78 56 34 12 01 00 00 00 40 BD 16 3B 16"                            File: Line:0 Function: Type:Debug:
DateTime:2026-08-28 17:29:54.080:"解码完成，功能码: 4"                            File: Line:0 Function: Type:Debug:
DateTime:2026-08-28 17:29:54.080:"工装接收到透传报文"                            File: Line:0 Function: Type:Debug:
DateTime:2026-08-28 17:29:54.080:"021F00681F008300000000001E10100201000100011290785634120100000040BD16"                            File: Line:0 Function: Type:Debug:
DateTime:2026-08-28 17:29:54.080:"透传报文内容:68 1f 00 83 00 00 00 00 00 1e 10 10 02 01 00 01 00 01 12 90 78 56 34 12 01 00 00 00 40 bd 16"                            File: Line:0 Function: Type:Debug:
DateTime:2026-08-28 17:29:57.101:"uTimeSecond_ms:5000"                            File: Line:0 Function: Type:Debug:
DateTime:2026-08-28 17:29:57.101:"查找结果: iret=0, wStart=0, dwOutLen=31, dwStreamLen=31, dwFindPos=0"                            File: Line:0 Function: Type:Debug:
DateTime:2026-08-28 17:29:57.101:"Receive:<= 68 1F 00 83 00 00 00 00 00 1E 10 10 02 01 00 01 00 01 12 90 78 56 34 12 01 00 00 00 40 BD 16"                            File: Line:0 Function: Type:Debug:
DateTime:2026-08-28 17:29:57.101:"解析：功能码-AFN=10H,Fn=21："                            File: Line:0 Function: Type:Debug:
DateTime:2026-08-28 17:29:57.101:"从节点总数量：1, 节点起始序号：1, 本次应答的从节点数量：1"                            File: Line:0 Function: Type:Debug:
DateTime:2026-08-28 17:29:57.101:"节点1信息：地址:123456789012, 节点标识:1, 代理节点标识:0, 节点层级:0, 节点角色:主节点（CCO）"                            File: Line:0 Function: Type:Debug:
DateTime:2026-08-28 17:29:57.101:"nAddr123456789012ptAddr191600100103"                            File: Line:0 Function: Type:Debug:
DateTime:2026-08-28 17:29:57.101:"nAddr123456789012ptAddr191600100104"                            File: Line:0 Function: Type:Debug:
DateTime:2026-08-28 17:29:57.112:"当前还有2个节点未入网."                            File: Line:0 Function: Type:Debug:
DateTime:2026-08-28 17:30:02.617:"等待工装回复超时"                            File: Line:0 Function: Type:Debug:
DateTime:2026-08-28 17:30:02.617:"开始组帧"                            File: Line:0 Function: Type:Debug:
DateTime:2026-08-28 17:30:02.617:"组帧结束"                            File: Line:0 Function: Type:Debug:
DateTime:2026-08-28 17:30:02.617:"367.2Send:查询网络拓扑,节点起始序号:1：=>68 12 00 41 00 00 00 00 00 1F 10 10 02 01 00 0A 8D 16"                            File: Line:0 Function: Type:Debug:
DateTime:2026-08-28 17:30:02.617:"槽位2透传:688A008A006840000000000022600000010002013C006812004100000000001F10100201000A8D16AC16"                            File: Line:0 Function: Type:Debug:
DateTime:2026-08-28 17:30:02.617:"工装发送：68 8A 00 8A 00 68 40 00 00 00 00 00 22 60 00 00 01 00 02 01 3C 00 68 12 00 41 00 00 00 00 00 1F 10 10 02 01 00 0A 8D 16 AC 16"                            File: Line:0 Function: Type:Debug:
DateTime:2026-08-28 17:30:02.638:"工装接收：68 32 00 32 00 68 80 00 00 00 00 00 00 60 00 00 01 00 E1 16"                            File: Line:0 Function: Type:Debug:
DateTime:2026-08-28 17:30:02.638:"m_baRecvMsg:"                            File: Line:0 Function: Type:Debug:
DateTime:2026-08-28 17:30:02.638:"frameList.size():1"                            File: Line:0 Function: Type:Debug:
DateTime:2026-08-28 17:30:02.638:"进入报文解析"                            File: Line:0 Function: Type:Debug:
DateTime:2026-08-28 17:30:02.638:"68 32 00 32 00 68 80 00 00 00 00 00 00 60 00 00 01 00 E1 16"                            File: Line:0 Function: Type:Debug:
DateTime:2026-08-28 17:30:02.639:"解码完成，功能码: 1"                            File: Line:0 Function: Type:Debug:
DateTime:2026-08-28 17:30:02.639:"工装回复确认帧"                            File: Line:0 Function: Type:Debug:
DateTime:2026-08-28 17:30:02.693:"工装接收：68 E6 00 E6 00 68 80 00 00 00 00 00 22 60 00 00 01 00 02 2A 00 68 2A 00 83 00 00 00 00 00 1F 10 10 02 02 00 01 00 02 12 90 78 56 34 12 01 00 00 00 40 07 01 10 00 16 19 02 00 01 00 11 1B 16 0D 16"                            File: Line:0 Function: Type:Debug:
DateTime:2026-08-28 17:30:02.693:"m_baRecvMsg:"                            File: Line:0 Function: Type:Debug:
DateTime:2026-08-28 17:30:02.693:"frameList.size():1"                            File: Line:0 Function: Type:Debug:
DateTime:2026-08-28 17:30:02.693:"进入报文解析"                            File: Line:0 Function: Type:Debug:
DateTime:2026-08-28 17:30:02.693:"68 E6 00 E6 00 68 80 00 00 00 00 00 22 60 00 00 01 00 02 2A 00 68 2A 00 83 00 00 00 00 00 1F 10 10 02 02 00 01 00 02 12 90 78 56 34 12 01 00 00 00 40 07 01 10 00 16 19 02 00 01 00 11 1B 16 0D 16"                            File: Line:0 Function: Type:Debug:
DateTime:2026-08-28 17:30:02.693:"解码完成，功能码: 4"                            File: Line:0 Function: Type:Debug:
DateTime:2026-08-28 17:30:02.693:"工装接收到透传报文"                            File: Line:0 Function: Type:Debug:
DateTime:2026-08-28 17:30:02.693:"022A00682A008300000000001F1010020200010002129078563412010000004007011000161902000100111B16"                            File: Line:0 Function: Type:Debug:
DateTime:2026-08-28 17:30:02.693:"透传报文内容:68 2a 00 83 00 00 00 00 00 1f 10 10 02 02 00 01 00 02 12 90 78 56 34 12 01 00 00 00 40 07 01 10 00 16 19 02 00 01 00 11 1b 16"                            File: Line:0 Function: Type:Debug:
DateTime:2026-08-28 17:30:05.715:"uTimeSecond_ms:5000"                            File: Line:0 Function: Type:Debug:
DateTime:2026-08-28 17:30:05.715:"查找结果: iret=0, wStart=0, dwOutLen=42, dwStreamLen=42, dwFindPos=0"                            File: Line:0 Function: Type:Debug:
DateTime:2026-08-28 17:30:05.715:"Receive:<= 68 2A 00 83 00 00 00 00 00 1F 10 10 02 02 00 01 00 02 12 90 78 56 34 12 01 00 00 00 40 07 01 10 00 16 19 02 00 01 00 11 1B 16"                            File: Line:0 Function: Type:Debug:
DateTime:2026-08-28 17:30:05.715:"解析：功能码-AFN=10H,Fn=21："                            File: Line:0 Function: Type:Debug:
DateTime:2026-08-28 17:30:05.715:"从节点总数量：2, 节点起始序号：1, 本次应答的从节点数量：2"                            File: Line:0 Function: Type:Debug:
DateTime:2026-08-28 17:30:05.715:"节点1信息：地址:123456789012, 节点标识:1, 代理节点标识:0, 节点层级:0, 节点角色:主节点（CCO）"                            File: Line:0 Function: Type:Debug:
DateTime:2026-08-28 17:30:05.715:"nAddr123456789012ptAddr191600100103"                            File: Line:0 Function: Type:Debug:
DateTime:2026-08-28 17:30:05.715:"nAddr123456789012ptAddr191600100104"                            File: Line:0 Function: Type:Debug:
DateTime:2026-08-28 17:30:05.715:"节点2信息：地址:191600100107, 节点标识:2, 代理节点标识:1, 节点层级:1, 节点角色:末梢节点（STA）"                            File: Line:0 Function: Type:Debug:
DateTime:2026-08-28 17:30:05.715:"nAddr191600100107ptAddr191600100103"                            File: Line:0 Function: Type:Debug:
DateTime:2026-08-28 17:30:05.715:"nAddr191600100107ptAddr191600100104"                            File: Line:0 Function: Type:Debug:
DateTime:2026-08-28 17:30:05.726:"当前还有2个节点未入网."                            File: Line:0 Function: Type:Debug:
DateTime:2026-08-28 17:30:11.231:"等待工装回复超时"                            File: Line:0 Function: Type:Debug:
DateTime:2026-08-28 17:30:11.231:"开始组帧"                            File: Line:0 Function: Type:Debug:
DateTime:2026-08-28 17:30:11.231:"组帧结束"                            File: Line:0 Function: Type:Debug:
DateTime:2026-08-28 17:30:11.231:"367.2Send:查询网络拓扑,节点起始序号:1：=>68 12 00 41 00 00 00 00 00 20 10 10 02 01 00 0A 8E 16"                            File: Line:0 Function: Type:Debug:
DateTime:2026-08-28 17:30:11.231:"槽位2透传:688A008A006840000000000022600000010002013C006812004100000000002010100201000A8E16AE16"                            File: Line:0 Function: Type:Debug:
DateTime:2026-08-28 17:30:11.231:"工装发送：68 8A 00 8A 00 68 40 00 00 00 00 00 22 60 00 00 01 00 02 01 3C 00 68 12 00 41 00 00 00 00 00 20 10 10 02 01 00 0A 8E 16 AE 16"                            File: Line:0 Function: Type:Debug:
DateTime:2026-08-28 17:30:11.252:"工装接收：68 32 00 32 00 68 80 00 00 00 00 00 00 60 00 00 01 00 E1 16"                            File: Line:0 Function: Type:Debug:
DateTime:2026-08-28 17:30:11.252:"m_baRecvMsg:"                            File: Line:0 Function: Type:Debug:
DateTime:2026-08-28 17:30:11.252:"frameList.size():1"                            File: Line:0 Function: Type:Debug:
DateTime:2026-08-28 17:30:11.252:"进入报文解析"                            File: Line:0 Function: Type:Debug:
DateTime:2026-08-28 17:30:11.252:"68 32 00 32 00 68 80 00 00 00 00 00 00 60 00 00 01 00 E1 16"                            File: Line:0 Function: Type:Debug:
DateTime:2026-08-28 17:30:11.252:"解码完成，功能码: 1"                            File: Line:0 Function: Type:Debug:
DateTime:2026-08-28 17:30:11.253:"工装回复确认帧"                            File: Line:0 Function: Type:Debug:
DateTime:2026-08-28 17:30:11.331:"工装接收：68 3E 01 3E 01 68 80 00 00 00 00 00 22 60 00 00 01 00 02 40 00 68 40 00 83 00 00 00 00 00 20 10 10 02 04 00 01 00 04 12 90 78 56 34 12 01 00 00 00 40 07 01 10 00 16 19 02 00 01 00 11 08 01 10 00 16 19 03 00 01 00 11 04 01 10 00 16 19 04 00 01 00 11 D7 16 B1 16"                            File: Line:0 Function: Type:Debug:
DateTime:2026-08-28 17:30:11.331:"m_baRecvMsg:"                            File: Line:0 Function: Type:Debug:
DateTime:2026-08-28 17:30:11.331:"frameList.size():1"                            File: Line:0 Function: Type:Debug:
DateTime:2026-08-28 17:30:11.331:"进入报文解析"                            File: Line:0 Function: Type:Debug:
DateTime:2026-08-28 17:30:11.331:"68 3E 01 3E 01 68 80 00 00 00 00 00 22 60 00 00 01 00 02 40 00 68 40 00 83 00 00 00 00 00 20 10 10 02 04 00 01 00 04 12 90 78 56 34 12 01 00 00 00 40 07 01 10 00 16 19 02 00 01 00 11 08 01 10 00 16 19 03 00 01 00 11 04 01 10 00 16 19 04 00 01 00 11 D7 16 B1 16"                            File: Line:0 Function: Type:Debug:
DateTime:2026-08-28 17:30:11.332:"解码完成，功能码: 4"                            File: Line:0 Function: Type:Debug:
DateTime:2026-08-28 17:30:11.332:"工装接收到透传报文"                            File: Line:0 Function: Type:Debug:
DateTime:2026-08-28 17:30:11.332:"0240006840008300000000002010100204000100041290785634120100000040070110001619020001001108011000161903000100110401100016190400010011D716"                            File: Line:0 Function: Type:Debug:
DateTime:2026-08-28 17:30:11.332:"透传报文内容:68 40 00 83 00 00 00 00 00 20 10 10 02 04 00 01 00 04 12 90 78 56 34 12 01 00 00 00 40 07 01 10 00 16 19 02 00 01 00 11 08 01 10 00 16 19 03 00 01 00 11 04 01 10 00 16 19 04 00 01 00 11 d7 16"                            File: Line:0 Function: Type:Debug:
DateTime:2026-08-28 17:30:14.254:"uTimeSecond_ms:5000"                            File: Line:0 Function: Type:Debug:
DateTime:2026-08-28 17:30:14.254:"查找结果: iret=0, wStart=0, dwOutLen=64, dwStreamLen=64, dwFindPos=0"                            File: Line:0 Function: Type:Debug:
DateTime:2026-08-28 17:30:14.254:"Receive:<= 68 40 00 83 00 00 00 00 00 20 10 10 02 04 00 01 00 04 12 90 78 56 34 12 01 00 00 00 40 07 01 10 00 16 19 02 00 01 00 11 08 01 10 00 16 19 03 00 01 00 11 04 01 10 00 16 19 04 00 01 00 11 D7 16"                            File: Line:0 Function: Type:Debug:
DateTime:2026-08-28 17:30:14.254:"解析：功能码-AFN=10H,Fn=21："                            File: Line:0 Function: Type:Debug:
DateTime:2026-08-28 17:30:14.254:"从节点总数量：4, 节点起始序号：1, 本次应答的从节点数量：4"                            File: Line:0 Function: Type:Debug:
DateTime:2026-08-28 17:30:14.254:"节点1信息：地址:123456789012, 节点标识:1, 代理节点标识:0, 节点层级:0, 节点角色:主节点（CCO）"                            File: Line:0 Function: Type:Debug:
DateTime:2026-08-28 17:30:14.254:"nAddr123456789012ptAddr191600100103"                            File: Line:0 Function: Type:Debug:
DateTime:2026-08-28 17:30:14.254:"nAddr123456789012ptAddr191600100104"                            File: Line:0 Function: Type:Debug:
DateTime:2026-08-28 17:30:14.254:"节点2信息：地址:191600100107, 节点标识:2, 代理节点标识:1, 节点层级:1, 节点角色:末梢节点（STA）"                            File: Line:0 Function: Type:Debug:
DateTime:2026-08-28 17:30:14.254:"nAddr191600100107ptAddr191600100103"                            File: Line:0 Function: Type:Debug:
DateTime:2026-08-28 17:30:14.254:"nAddr191600100107ptAddr191600100104"                            File: Line:0 Function: Type:Debug:
DateTime:2026-08-28 17:30:14.254:"节点3信息：地址:191600100108, 节点标识:3, 代理节点标识:1, 节点层级:1, 节点角色:末梢节点（STA）"                            File: Line:0 Function: Type:Debug:
DateTime:2026-08-28 17:30:14.254:"nAddr191600100108ptAddr191600100103"                            File: Line:0 Function: Type:Debug:
DateTime:2026-08-28 17:30:14.254:"nAddr191600100108ptAddr191600100104"                            File: Line:0 Function: Type:Debug:
DateTime:2026-08-28 17:30:14.254:"节点4信息：地址:191600100104, 节点标识:4, 代理节点标识:1, 节点层级:1, 节点角色:末梢节点（STA）"                            File: Line:0 Function: Type:Debug:
DateTime:2026-08-28 17:30:14.254:"nAddr191600100104ptAddr191600100103"                            File: Line:0 Function: Type:Debug:
DateTime:2026-08-28 17:30:14.255:"nAddr191600100104ptAddr191600100104"                            File: Line:0 Function: Type:Debug:
DateTime:2026-08-28 17:30:14.255:"入网成功数量：1，总数量：2"                            File: Line:0 Function: Type:Debug:
DateTime:2026-08-28 17:30:14.266:"当前还有1个节点未入网."                            File: Line:0 Function: Type:Debug:
DateTime:2026-08-28 17:30:19.770:"等待工装回复超时"                            File: Line:0 Function: Type:Debug:
DateTime:2026-08-28 17:30:19.770:"开始组帧"                            File: Line:0 Function: Type:Debug:
DateTime:2026-08-28 17:30:19.770:"组帧结束"                            File: Line:0 Function: Type:Debug:
DateTime:2026-08-28 17:30:19.770:"367.2Send:查询网络拓扑,节点起始序号:1：=>68 12 00 41 00 00 00 00 00 21 10 10 02 01 00 0A 8F 16"                            File: Line:0 Function: Type:Debug:
DateTime:2026-08-28 17:30:19.770:"槽位2透传:688A008A006840000000000022600000010002013C006812004100000000002110100201000A8F16B016"                            File: Line:0 Function: Type:Debug:
DateTime:2026-08-28 17:30:19.770:"工装发送：68 8A 00 8A 00 68 40 00 00 00 00 00 22 60 00 00 01 00 02 01 3C 00 68 12 00 41 00 00 00 00 00 21 10 10 02 01 00 0A 8F 16 B0 16"                            File: Line:0 Function: Type:Debug:
DateTime:2026-08-28 17:30:19.791:"工装接收：68 32 00 32 00 68 80 00 00 00 00 00 00 60 00 00 01 00 E1 16"                            File: Line:0 Function: Type:Debug:
DateTime:2026-08-28 17:30:19.791:"m_baRecvMsg:"                            File: Line:0 Function: Type:Debug:
DateTime:2026-08-28 17:30:19.791:"frameList.size():1"                            File: Line:0 Function: Type:Debug:
DateTime:2026-08-28 17:30:19.791:"进入报文解析"                            File: Line:0 Function: Type:Debug:
DateTime:2026-08-28 17:30:19.791:"68 32 00 32 00 68 80 00 00 00 00 00 00 60 00 00 01 00 E1 16"                            File: Line:0 Function: Type:Debug:
DateTime:2026-08-28 17:30:19.792:"解码完成，功能码: 1"                            File: Line:0 Function: Type:Debug:
DateTime:2026-08-28 17:30:19.792:"工装回复确认帧"                            File: Line:0 Function: Type:Debug:
DateTime:2026-08-28 17:30:19.884:"工装接收：68 6A 01 6A 01 68 80 00 00 00 00 00 22 60 00 00 01 00 02 4B 00 68 4B 00 83 00 00 00 00 00 21 10 10 02 05 00 01 00 05 12 90 78 56 34 12 01 00 00 00 40 07 01 10 00 16 19 02 00 01 00 11 08 01 10 00 16 19 03 00 01 00 11 04 01 10 00 16 19 04 00 01 00 11 05 01 10 00 16 19 05 00 01 00 11 36 16 85 16"                            File: Line:0 Function: Type:Debug:
DateTime:2026-08-28 17:30:19.884:"m_baRecvMsg:"                            File: Line:0 Function: Type:Debug:
DateTime:2026-08-28 17:30:19.884:"frameList.size():1"                            File: Line:0 Function: Type:Debug:
DateTime:2026-08-28 17:30:19.884:"进入报文解析"                            File: Line:0 Function: Type:Debug:
DateTime:2026-08-28 17:30:19.884:"68 6A 01 6A 01 68 80 00 00 00 00 00 22 60 00 00 01 00 02 4B 00 68 4B 00 83 00 00 00 00 00 21 10 10 02 05 00 01 00 05 12 90 78 56 34 12 01 00 00 00 40 07 01 10 00 16 19 02 00 01 00 11 08 01 10 00 16 19 03 00 01 00 11 04 01 10 00 16 19 04 00 01 00 11 05 01 10 00 16 19 05 00 01 00 11 36 16 85 16"                            File: Line:0 Function: Type:Debug:
DateTime:2026-08-28 17:30:19.884:"解码完成，功能码: 4"                            File: Line:0 Function: Type:Debug:
DateTime:2026-08-28 17:30:19.884:"工装接收到透传报文"                            File: Line:0 Function: Type:Debug:
DateTime:2026-08-28 17:30:19.884:"024B00684B00830000000000211010020500010005129078563412010000004007011000161902000100110801100016190300010011040110001619040001001105011000161905000100113616"                            File: Line:0 Function: Type:Debug:
DateTime:2026-08-28 17:30:19.884:"透传报文内容:68 4b 00 83 00 00 00 00 00 21 10 10 02 05 00 01 00 05 12 90 78 56 34 12 01 00 00 00 40 07 01 10 00 16 19 02 00 01 00 11 08 01 10 00 16 19 03 00 01 00 11 04 01 10 00 16 19 04 00 01 00 11 05 01 10 00 16 19 05 00 01 00 11 36 16"                            File: Line:0 Function: Type:Debug:
DateTime:2026-08-28 17:30:22.805:"uTimeSecond_ms:5000"                            File: Line:0 Function: Type:Debug:
DateTime:2026-08-28 17:30:22.805:"查找结果: iret=0, wStart=0, dwOutLen=75, dwStreamLen=75, dwFindPos=0"                            File: Line:0 Function: Type:Debug:
DateTime:2026-08-28 17:30:22.805:"Receive:<= 68 4B 00 83 00 00 00 00 00 21 10 10 02 05 00 01 00 05 12 90 78 56 34 12 01 00 00 00 40 07 01 10 00 16 19 02 00 01 00 11 08 01 10 00 16 19 03 00 01 00 11 04 01 10 00 16 19 04 00 01 00 11 05 01 10 00 16 19 05 00 01 00 11 36 16"                            File: Line:0 Function: Type:Debug:
DateTime:2026-08-28 17:30:22.805:"解析：功能码-AFN=10H,Fn=21："                            File: Line:0 Function: Type:Debug:
DateTime:2026-08-28 17:30:22.805:"从节点总数量：5, 节点起始序号：1, 本次应答的从节点数量：5"                            File: Line:0 Function: Type:Debug:
DateTime:2026-08-28 17:30:22.805:"节点1信息：地址:123456789012, 节点标识:1, 代理节点标识:0, 节点层级:0, 节点角色:主节点（CCO）"                            File: Line:0 Function: Type:Debug:
DateTime:2026-08-28 17:30:22.805:"nAddr123456789012ptAddr191600100103"                            File: Line:0 Function: Type:Debug:
DateTime:2026-08-28 17:30:22.805:"nAddr123456789012ptAddr191600100104"                            File: Line:0 Function: Type:Debug:
DateTime:2026-08-28 17:30:22.805:"节点2信息：地址:191600100107, 节点标识:2, 代理节点标识:1, 节点层级:1, 节点角色:末梢节点（STA）"                            File: Line:0 Function: Type:Debug:
DateTime:2026-08-28 17:30:22.805:"nAddr191600100107ptAddr191600100103"                            File: Line:0 Function: Type:Debug:
DateTime:2026-08-28 17:30:22.805:"nAddr191600100107ptAddr191600100104"                            File: Line:0 Function: Type:Debug:
DateTime:2026-08-28 17:30:22.805:"节点3信息：地址:191600100108, 节点标识:3, 代理节点标识:1, 节点层级:1, 节点角色:末梢节点（STA）"                            File: Line:0 Function: Type:Debug:
DateTime:2026-08-28 17:30:22.805:"nAddr191600100108ptAddr191600100103"                            File: Line:0 Function: Type:Debug:
DateTime:2026-08-28 17:30:22.805:"nAddr191600100108ptAddr191600100104"                            File: Line:0 Function: Type:Debug:
DateTime:2026-08-28 17:30:22.805:"节点4信息：地址:191600100104, 节点标识:4, 代理节点标识:1, 节点层级:1, 节点角色:末梢节点（STA）"                            File: Line:0 Function: Type:Debug:
DateTime:2026-08-28 17:30:22.805:"nAddr191600100104ptAddr191600100103"                            File: Line:0 Function: Type:Debug:
DateTime:2026-08-28 17:30:22.806:"nAddr191600100104ptAddr191600100104"                            File: Line:0 Function: Type:Debug:
DateTime:2026-08-28 17:30:22.806:"入网成功数量：1，总数量：2"                            File: Line:0 Function: Type:Debug:
DateTime:2026-08-28 17:30:22.806:"节点5信息：地址:191600100105, 节点标识:5, 代理节点标识:1, 节点层级:1, 节点角色:末梢节点（STA）"                            File: Line:0 Function: Type:Debug:
DateTime:2026-08-28 17:30:22.806:"nAddr191600100105ptAddr191600100103"                            File: Line:0 Function: Type:Debug:
DateTime:2026-08-28 17:30:22.806:"nAddr191600100105ptAddr191600100104"                            File: Line:0 Function: Type:Debug:
DateTime:2026-08-28 17:30:22.817:"当前还有1个节点未入网."                            File: Line:0 Function: Type:Debug:
DateTime:2026-08-28 17:30:28.321:"等待工装回复超时"                            File: Line:0 Function: Type:Debug:
DateTime:2026-08-28 17:30:28.321:"开始组帧"                            File: Line:0 Function: Type:Debug:
DateTime:2026-08-28 17:30:28.321:"组帧结束"                            File: Line:0 Function: Type:Debug:
DateTime:2026-08-28 17:30:28.321:"367.2Send:查询网络拓扑,节点起始序号:1：=>68 12 00 41 00 00 00 00 00 22 10 10 02 01 00 0A 90 16"                            File: Line:0 Function: Type:Debug:
DateTime:2026-08-28 17:30:28.321:"槽位2透传:688A008A006840000000000022600000010002013C006812004100000000002210100201000A9016B216"                            File: Line:0 Function: Type:Debug:
DateTime:2026-08-28 17:30:28.321:"工装发送：68 8A 00 8A 00 68 40 00 00 00 00 00 22 60 00 00 01 00 02 01 3C 00 68 12 00 41 00 00 00 00 00 22 10 10 02 01 00 0A 90 16 B2 16"                            File: Line:0 Function: Type:Debug:
DateTime:2026-08-28 17:30:28.342:"工装接收：68 32 00 32 00 68 80 00 00 00 00 00 00 60 00 00 01 00 E1 16"                            File: Line:0 Function: Type:Debug:
DateTime:2026-08-28 17:30:28.342:"m_baRecvMsg:"                            File: Line:0 Function: Type:Debug:
DateTime:2026-08-28 17:30:28.342:"frameList.size():1"                            File: Line:0 Function: Type:Debug:
DateTime:2026-08-28 17:30:28.342:"进入报文解析"                            File: Line:0 Function: Type:Debug:
DateTime:2026-08-28 17:30:28.342:"68 32 00 32 00 68 80 00 00 00 00 00 00 60 00 00 01 00 E1 16"                            File: Line:0 Function: Type:Debug:
DateTime:2026-08-28 17:30:28.343:"解码完成，功能码: 1"                            File: Line:0 Function: Type:Debug:
DateTime:2026-08-28 17:30:28.343:"工装回复确认帧"                            File: Line:0 Function: Type:Debug:
DateTime:2026-08-28 17:30:28.461:"工装接收：68 C2 01 C2 01 68 80 00 00 00 00 00 22 60 00 00 01 00 02 61 00 68 61 00 83 00 00 00 00 00 22 10 10 02 07 00 01 00 07 12 90 78 56 34 12 01 00 00 00 40 07 01 10 00 16 19 02 00 01 00 11 08 01 10 00 16 19 03 00 01 00 11 04 01 10 00 16 19 04 00 01 00 11 05 01 10 00 16 19 05 00 01 00 11 06 01 10 00 16 19 06 00 01 00 11 03 01 10 00 16 19 07 00 01 00 11 F5 16 2F 16"                            File: Line:0 Function: Type:Debug:
DateTime:2026-08-28 17:30:28.461:"m_baRecvMsg:"                            File: Line:0 Function: Type:Debug:
DateTime:2026-08-28 17:30:28.461:"frameList.size():1"                            File: Line:0 Function: Type:Debug:
DateTime:2026-08-28 17:30:28.461:"进入报文解析"                            File: Line:0 Function: Type:Debug:
DateTime:2026-08-28 17:30:28.461:"68 C2 01 C2 01 68 80 00 00 00 00 00 22 60 00 00 01 00 02 61 00 68 61 00 83 00 00 00 00 00 22 10 10 02 07 00 01 00 07 12 90 78 56 34 12 01 00 00 00 40 07 01 10 00 16 19 02 00 01 00 11 08 01 10 00 16 19 03 00 01 00 11 04 01 10 00 16 19 04 00 01 00 11 05 01 10 00 16 19 05 00 01 00 11 06 01 10 00 16 19 06 00 01 00 11 03 01 10 00 16 19 07 00 01 00 11 F5 16 2F 16"                            File: Line:0 Function: Type:Debug:
DateTime:2026-08-28 17:30:28.461:"解码完成，功能码: 4"                            File: Line:0 Function: Type:Debug:
DateTime:2026-08-28 17:30:28.461:"工装接收到透传报文"                            File: Line:0 Function: Type:Debug:
DateTime:2026-08-28 17:30:28.461:"0261006861008300000000002210100207000100071290785634120100000040070110001619020001001108011000161903000100110401100016190400010011050110001619050001001106011000161906000100110301100016190700010011F516"                            File: Line:0 Function: Type:Debug:
DateTime:2026-08-28 17:30:28.461:"透传报文内容:68 61 00 83 00 00 00 00 00 22 10 10 02 07 00 01 00 07 12 90 78 56 34 12 01 00 00 00 40 07 01 10 00 16 19 02 00 01 00 11 08 01 10 00 16 19 03 00 01 00 11 04 01 10 00 16 19 04 00 01 00 11 05 01 10 00 16 19 05 00 01 00 11 06 01 10 00 16 19 06 00 01 00 11 03 01 10 00 16 19 07 00 01 00 11 f5 16"                            File: Line:0 Function: Type:Debug:
DateTime:2026-08-28 17:30:31.382:"uTimeSecond_ms:5000"                            File: Line:0 Function: Type:Debug:
DateTime:2026-08-28 17:30:31.382:"查找结果: iret=0, wStart=0, dwOutLen=97, dwStreamLen=97, dwFindPos=0"                            File: Line:0 Function: Type:Debug:
DateTime:2026-08-28 17:30:31.382:"Receive:<= 68 61 00 83 00 00 00 00 00 22 10 10 02 07 00 01 00 07 12 90 78 56 34 12 01 00 00 00 40 07 01 10 00 16 19 02 00 01 00 11 08 01 10 00 16 19 03 00 01 00 11 04 01 10 00 16 19 04 00 01 00 11 05 01 10 00 16 19 05 00 01 00 11 06 01 10 00 16 19 06 00 01 00 11 03 01 10 00 16 19 07 00 01 00 11 F5 16"                            File: Line:0 Function: Type:Debug:
DateTime:2026-08-28 17:30:31.382:"解析：功能码-AFN=10H,Fn=21："                            File: Line:0 Function: Type:Debug:
DateTime:2026-08-28 17:30:31.382:"从节点总数量：7, 节点起始序号：1, 本次应答的从节点数量：7"                            File: Line:0 Function: Type:Debug:
DateTime:2026-08-28 17:30:31.382:"节点1信息：地址:123456789012, 节点标识:1, 代理节点标识:0, 节点层级:0, 节点角色:主节点（CCO）"                            File: Line:0 Function: Type:Debug:
DateTime:2026-08-28 17:30:31.382:"nAddr123456789012ptAddr191600100103"                            File: Line:0 Function: Type:Debug:
DateTime:2026-08-28 17:30:31.382:"nAddr123456789012ptAddr191600100104"                            File: Line:0 Function: Type:Debug:
DateTime:2026-08-28 17:30:31.382:"节点2信息：地址:191600100107, 节点标识:2, 代理节点标识:1, 节点层级:1, 节点角色:末梢节点（STA）"                            File: Line:0 Function: Type:Debug:
DateTime:2026-08-28 17:30:31.382:"nAddr191600100107ptAddr191600100103"                            File: Line:0 Function: Type:Debug:
DateTime:2026-08-28 17:30:31.382:"nAddr191600100107ptAddr191600100104"                            File: Line:0 Function: Type:Debug:
DateTime:2026-08-28 17:30:31.383:"节点3信息：地址:191600100108, 节点标识:3, 代理节点标识:1, 节点层级:1, 节点角色:末梢节点（STA）"                            File: Line:0 Function: Type:Debug:
DateTime:2026-08-28 17:30:31.383:"nAddr191600100108ptAddr191600100103"                            File: Line:0 Function: Type:Debug:
DateTime:2026-08-28 17:30:31.383:"nAddr191600100108ptAddr191600100104"                            File: Line:0 Function: Type:Debug:
DateTime:2026-08-28 17:30:31.383:"节点4信息：地址:191600100104, 节点标识:4, 代理节点标识:1, 节点层级:1, 节点角色:末梢节点（STA）"                            File: Line:0 Function: Type:Debug:
DateTime:2026-08-28 17:30:31.383:"nAddr191600100104ptAddr191600100103"                            File: Line:0 Function: Type:Debug:
DateTime:2026-08-28 17:30:31.383:"nAddr191600100104ptAddr191600100104"                            File: Line:0 Function: Type:Debug:
DateTime:2026-08-28 17:30:31.383:"入网成功数量：1，总数量：2"                            File: Line:0 Function: Type:Debug:
DateTime:2026-08-28 17:30:31.383:"节点5信息：地址:191600100105, 节点标识:5, 代理节点标识:1, 节点层级:1, 节点角色:末梢节点（STA）"                            File: Line:0 Function: Type:Debug:
DateTime:2026-08-28 17:30:31.383:"nAddr191600100105ptAddr191600100103"                            File: Line:0 Function: Type:Debug:
DateTime:2026-08-28 17:30:31.383:"nAddr191600100105ptAddr191600100104"                            File: Line:0 Function: Type:Debug:
DateTime:2026-08-28 17:30:31.383:"节点6信息：地址:191600100106, 节点标识:6, 代理节点标识:1, 节点层级:1, 节点角色:末梢节点（STA）"                            File: Line:0 Function: Type:Debug:
DateTime:2026-08-28 17:30:31.383:"nAddr191600100106ptAddr191600100103"                            File: Line:0 Function: Type:Debug:
DateTime:2026-08-28 17:30:31.383:"nAddr191600100106ptAddr191600100104"                            File: Line:0 Function: Type:Debug:
DateTime:2026-08-28 17:30:31.383:"节点7信息：地址:191600100103, 节点标识:7, 代理节点标识:1, 节点层级:1, 节点角色:末梢节点（STA）"                            File: Line:0 Function: Type:Debug:
DateTime:2026-08-28 17:30:31.383:"nAddr191600100103ptAddr191600100103"                            File: Line:0 Function: Type:Debug:
DateTime:2026-08-28 17:30:31.383:"入网成功数量：2，总数量：2"                            File: Line:0 Function: Type:Debug:
DateTime:2026-08-28 17:30:31.394:"全部节点入网成功，总数量：2, 成功率：100%"                            File: Line:0 Function: Type:Debug:
DateTime:2026-08-28 17:31:31.394:"节点入网成功率：100%，总数量：2，成功数量：2，失败数量：0"                            File: Line:0 Function: Type:Debug:
DateTime:2026-08-28 17:31:31.495:dll输出信息: ""                            File: Line:0 Function: Type:Debug:
DateTime:2026-08-28 17:31:31.495:接口函数调用成功，返回的结果为 0                            File: Line:0 Function: Type:Debug:
DateTime:2026-08-28 17:31:31.495:"外部传入的para：0，返回的result：0,返回的pValRet：0"                            File: Line:0 Function: Type:Debug:
DateTime:2026-08-28 17:31:31.495:"执行接口函数CCO_Func_FormNetWork完成"                            File: Line:0 Function: Type:Debug:
DateTime:2026-08-28 17:31:31.496:coorIndex 0                            File: Line:0 Function: Type:Debug:
DateTime:2026-08-28 17:31:31.496:当前流程结束                            File: Line:0 Function: Type:Debug:
DateTime:2026-08-28 17:31:31.496:退出connect函数                            File: Line:0 Function: Type:Debug:
DateTime:2026-08-28 17:31:31.497:"=========【Step6-组网查询】结束=========="                            File: Line:0 Function: Type:Debug:
DateTime:2026-08-28 17:31:31.497:"-----------------------------"                            File: Line:0 Function: Type:Debug:
DateTime:2026-08-28 17:31:31.500:"=============执行【执行延时】==================="                            File: Line:0 Function: Type:Debug:
DateTime:2026-08-28 17:31:31.500:"执行接口函数Func_Delay"                            File: Line:0 Function: Type:Debug:
DateTime:2026-08-28 17:31:31.500:callWorkFunction: Func_Delay                            File: Line:0 Function: Type:Debug:
DateTime:2026-08-28 17:31:31.500:找到对应函数，进入执行                            File: Line:0 Function: Type:Debug:
DateTime:2026-08-28 17:31:31.500:"延时时间为60s"                            File: Line:0 Function: Type:Debug:
DateTime:2026-08-28 17:31:31.500:"uTimeSecond_ms:60000"                            File: Line:0 Function: Type:Debug:
DateTime:2026-08-28 17:31:34.522:"等待工装回复超时"                            File: Line:0 Function: Type:Debug:
DateTime:2026-08-28 17:31:37.544:"等待工装回复超时"                            File: Line:0 Function: Type:Debug:
DateTime:2026-08-28 17:31:40.566:"等待工装回复超时"                            File: Line:0 Function: Type:Debug:
DateTime:2026-08-28 17:31:43.588:"等待工装回复超时"                            File: Line:0 Function: Type:Debug:
DateTime:2026-08-28 17:31:46.610:"等待工装回复超时"                            File: Line:0 Function: Type:Debug:
DateTime:2026-08-28 17:31:49.632:"等待工装回复超时"                            File: Line:0 Function: Type:Debug:
DateTime:2026-08-28 17:31:52.653:"等待工装回复超时"                            File: Line:0 Function: Type:Debug:
DateTime:2026-08-28 17:31:55.675:"等待工装回复超时"                            File: Line:0 Function: Type:Debug:
DateTime:2026-08-28 17:31:58.697:"等待工装回复超时"                            File: Line:0 Function: Type:Debug:
DateTime:2026-08-28 17:32:01.719:"等待工装回复超时"                            File: Line:0 Function: Type:Debug:
DateTime:2026-08-28 17:32:04.741:"等待工装回复超时"                            File: Line:0 Function: Type:Debug:
DateTime:2026-08-28 17:32:07.763:"等待工装回复超时"                            File: Line:0 Function: Type:Debug:
DateTime:2026-08-28 17:32:10.785:"等待工装回复超时"                            File: Line:0 Function: Type:Debug:
DateTime:2026-08-28 17:32:13.807:"等待工装回复超时"                            File: Line:0 Function: Type:Debug:
DateTime:2026-08-28 17:32:16.829:"等待工装回复超时"                            File: Line:0 Function: Type:Debug:
DateTime:2026-08-28 17:32:19.851:"等待工装回复超时"                            File: Line:0 Function: Type:Debug:
DateTime:2026-08-28 17:32:22.873:"等待工装回复超时"                            File: Line:0 Function: Type:Debug:
DateTime:2026-08-28 17:32:25.895:"等待工装回复超时"                            File: Line:0 Function: Type:Debug:
DateTime:2026-08-28 17:32:28.917:"等待工装回复超时"                            File: Line:0 Function: Type:Debug:
DateTime:2026-08-28 17:32:31.938:"等待工装回复超时"                            File: Line:0 Function: Type:Debug:
DateTime:2026-08-28 17:32:31.938:"延时时间到"                            File: Line:0 Function: Type:Debug:
DateTime:2026-08-28 17:32:32.039:dll输出信息: ""                            File: Line:0 Function: Type:Debug:
DateTime:2026-08-28 17:32:32.039:接口函数调用成功，返回的结果为 0                            File: Line:0 Function: Type:Debug:
DateTime:2026-08-28 17:32:32.039:"外部传入的para：0，返回的result：0,返回的pValRet：0"                            File: Line:0 Function: Type:Debug:
DateTime:2026-08-28 17:32:32.039:"执行接口函数Func_Delay完成"                            File: Line:0 Function: Type:Debug:
DateTime:2026-08-28 17:32:32.039:coorIndex 0                            File: Line:0 Function: Type:Debug:
DateTime:2026-08-28 17:32:32.039:当前流程结束                            File: Line:0 Function: Type:Debug:
DateTime:2026-08-28 17:32:32.039:退出connect函数                            File: Line:0 Function: Type:Debug:
DateTime:2026-08-28 17:32:32.039:"=========【执行延时】结束=========="                            File: Line:0 Function: Type:Debug:
DateTime:2026-08-28 17:32:32.040:"-----------------------------"                            File: Line:0 Function: Type:Debug:
DateTime:2026-08-28 17:32:32.040:"=============执行【Step7-AFN02F1数据转发(透传抄表-07规约)】==================="                            File: Line:0 Function: Type:Debug:
DateTime:2026-08-28 17:32:32.040:"执行接口函数CCO_AFN02_F1"                            File: Line:0 Function: Type:Debug:
DateTime:2026-08-28 17:32:32.040:callWorkFunction: CCO_AFN02_F1                            File: Line:0 Function: Type:Debug:
DateTime:2026-08-28 17:32:32.040:找到对应函数，进入执行                            File: Line:0 Function: Type:Debug:
DateTime:2026-08-28 17:32:32.544:"等待工装回复超时"                            File: Line:0 Function: Type:Debug:
DateTime:2026-08-28 17:32:32.544:"开始组帧"                            File: Line:0 Function: Type:Debug:
DateTime:2026-08-28 17:32:32.544:"组帧结束"                            File: Line:0 Function: Type:Debug:
DateTime:2026-08-28 17:32:32.544:"367.2Send:数据转发(02H-F1)：=>68 2D 00 41 04 00 00 00 00 23 12 90 78 56 34 12 03 01 10 00 16 19 02 01 00 00 10 68 03 01 10 00 16 19 68 11 04 33 33 34 33 F5 16 74 16"                            File: Line:0 Function: Type:Debug:
DateTime:2026-08-28 17:32:32.544:"槽位2透传:68F600F6006840000000000022600000010002013C00682D004104000000002312907856341203011000161902010000106803011000161968110433333433F51674169516"                            File: Line:0 Function: Type:Debug:
DateTime:2026-08-28 17:32:32.544:"工装发送：68 F6 00 F6 00 68 40 00 00 00 00 00 22 60 00 00 01 00 02 01 3C 00 68 2D 00 41 04 00 00 00 00 23 12 90 78 56 34 12 03 01 10 00 16 19 02 01 00 00 10 68 03 01 10 00 16 19 68 11 04 33 33 34 33 F5 16 74 16 95 16"                            File: Line:0 Function: Type:Debug:
DateTime:2026-08-28 17:32:32.597:"工装接收：68 32 00 32 00 68 80 00 00 00 00 00 00 60 00 00 01 00 E1 16"                            File: Line:0 Function: Type:Debug:
DateTime:2026-08-28 17:32:32.597:"m_baRecvMsg:"                            File: Line:0 Function: Type:Debug:
DateTime:2026-08-28 17:32:32.597:"frameList.size():1"                            File: Line:0 Function: Type:Debug:
DateTime:2026-08-28 17:32:32.597:"进入报文解析"                            File: Line:0 Function: Type:Debug:
DateTime:2026-08-28 17:32:32.597:"68 32 00 32 00 68 80 00 00 00 00 00 00 60 00 00 01 00 E1 16"                            File: Line:0 Function: Type:Debug:
DateTime:2026-08-28 17:32:32.597:"解码完成，功能码: 1"                            File: Line:0 Function: Type:Debug:
DateTime:2026-08-28 17:32:32.597:"工装回复确认帧"                            File: Line:0 Function: Type:Debug:
DateTime:2026-08-28 17:32:32.892:"工装接收：68 02 01 02 01 68 80 00 00 00 00 00 22 60 00 00 01 00 02 31 00 68 31 00 83 04 00 00 55 00 23 03 01 10 00 16 19 12 90 78 56 34 12 02 01 00 00 14 68 03 01 10 00 16 19 68 91 08 33 33 34 33 34 33 33 33 46 16 B1 16 47 16"                            File: Line:0 Function: Type:Debug:
DateTime:2026-08-28 17:32:32.893:"m_baRecvMsg:"                            File: Line:0 Function: Type:Debug:
DateTime:2026-08-28 17:32:32.893:"frameList.size():1"                            File: Line:0 Function: Type:Debug:
DateTime:2026-08-28 17:32:32.893:"进入报文解析"                            File: Line:0 Function: Type:Debug:
DateTime:2026-08-28 17:32:32.893:"68 02 01 02 01 68 80 00 00 00 00 00 22 60 00 00 01 00 02 31 00 68 31 00 83 04 00 00 55 00 23 03 01 10 00 16 19 12 90 78 56 34 12 02 01 00 00 14 68 03 01 10 00 16 19 68 91 08 33 33 34 33 34 33 33 33 46 16 B1 16 47 16"                            File: Line:0 Function: Type:Debug:
DateTime:2026-08-28 17:32:32.893:"解码完成，功能码: 4"                            File: Line:0 Function: Type:Debug:
DateTime:2026-08-28 17:32:32.893:"工装接收到透传报文"                            File: Line:0 Function: Type:Debug:
DateTime:2026-08-28 17:32:32.893:"0231006831008304000055002303011000161912907856341202010000146803011000161968910833333433343333334616B116"                            File: Line:0 Function: Type:Debug:
DateTime:2026-08-28 17:32:32.893:"透传报文内容:68 31 00 83 04 00 00 55 00 23 03 01 10 00 16 19 12 90 78 56 34 12 02 01 00 00 14 68 03 01 10 00 16 19 68 91 08 33 33 34 33 34 33 33 33 46 16 b1 16"                            File: Line:0 Function: Type:Debug:
DateTime:2026-08-28 17:32:35.613:"uTimeSecond_ms:30000"                            File: Line:0 Function: Type:Debug:
DateTime:2026-08-28 17:32:35.613:"查找结果: iret=0, wStart=0, dwOutLen=49, dwStreamLen=49, dwFindPos=0"                            File: Line:0 Function: Type:Debug:
DateTime:2026-08-28 17:32:35.613:"Receive:<= 68 31 00 83 04 00 00 55 00 23 03 01 10 00 16 19 12 90 78 56 34 12 02 01 00 00 14 68 03 01 10 00 16 19 68 91 08 33 33 34 33 34 33 33 33 46 16 B1 16"                            File: Line:0 Function: Type:Debug:
DateTime:2026-08-28 17:32:35.613:"解析：功能码-AFN=02H,Fn=1："                            File: Line:0 Function: Type:Debug:
DateTime:2026-08-28 17:32:35.613:"透传回复内容：00146803011000161968910833333433343333334616"                            File: Line:0 Function: Type:Debug:
DateTime:2026-08-28 17:32:35.613:"回复报文信息：6803011000161968910833333433343333334616"                            File: Line:0 Function: Type:Debug:
DateTime:2026-08-28 17:32:35.613:"收到透明协议抄读数据"                            File: Line:0 Function: Type:Debug:
DateTime:2026-08-28 17:32:35.613:"645报文信息：控制码：91,数据：0000010001000000"                            File: Line:0 Function: Type:Debug:
DateTime:2026-08-28 17:32:35.613:"DL/T645-2007协议报文信息：控制码：91,数据标识：00010000，数据：00000001"                            File: Line:0 Function: Type:Debug:
DateTime:2026-08-28 17:32:35.613:dll输出信息: ""                            File: Line:0 Function: Type:Debug:
DateTime:2026-08-28 17:32:35.613:接口函数调用成功，返回的结果为 0                            File: Line:0 Function: Type:Debug:
DateTime:2026-08-28 17:32:35.613:"外部传入的para：0，返回的result：0,返回的pValRet：0"                            File: Line:0 Function: Type:Debug:
DateTime:2026-08-28 17:32:35.613:"执行接口函数CCO_AFN02_F1完成"                            File: Line:0 Function: Type:Debug:
DateTime:2026-08-28 17:32:35.615:coorIndex 0                            File: Line:0 Function: Type:Debug:
DateTime:2026-08-28 17:32:35.615:当前流程结束                            File: Line:0 Function: Type:Debug:
DateTime:2026-08-28 17:32:35.615:退出connect函数                            File: Line:0 Function: Type:Debug:
DateTime:2026-08-28 17:32:35.615:"=========【Step7-AFN02F1数据转发(透传抄表-07规约)】结束=========="                            File: Line:0 Function: Type:Debug:
DateTime:2026-08-28 17:32:35.615:"-----------------------------"                            File: Line:0 Function: Type:Debug:
DateTime:2026-08-28 17:32:35.615:"=============执行【Step8-AFN02F1数据转发(透明抄表-698.45)】==================="                            File: Line:0 Function: Type:Debug:
DateTime:2026-08-28 17:32:35.616:"执行接口函数CCO_AFN02_F1"                            File: Line:0 Function: Type:Debug:
DateTime:2026-08-28 17:32:35.616:callWorkFunction: CCO_AFN02_F1                            File: Line:0 Function: Type:Debug:
DateTime:2026-08-28 17:32:35.616:找到对应函数，进入执行                            File: Line:0 Function: Type:Debug:
DateTime:2026-08-28 17:32:36.119:"等待工装回复超时"                            File: Line:0 Function: Type:Debug:
DateTime:2026-08-28 17:32:36.119:"开始组帧"                            File: Line:0 Function: Type:Debug:
DateTime:2026-08-28 17:32:36.119:"组帧结束"                            File: Line:0 Function: Type:Debug:
DateTime:2026-08-28 17:32:36.119:"367.2Send:数据转发(02H-F1)：=>68 36 00 41 04 00 00 00 00 24 12 90 78 56 34 12 04 01 10 00 16 19 02 01 00 00 19 68 17 00 43 05 04 01 10 00 16 19 00 AA B7 05 01 1A 20 04 02 00 00 B7 A7 16 A5 16"                            File: Line:0 Function: Type:Debug:
DateTime:2026-08-28 17:32:36.119:"槽位2透传:681A011A016840000000000022600000010002013C00683600410400000000241290785634120401100016190201000019681700430504011000161900AAB705011A2004020000B7A716A5160016"                            File: Line:0 Function: Type:Debug:
DateTime:2026-08-28 17:32:36.119:"工装发送：68 1A 01 1A 01 68 40 00 00 00 00 00 22 60 00 00 01 00 02 01 3C 00 68 36 00 41 04 00 00 00 00 24 12 90 78 56 34 12 04 01 10 00 16 19 02 01 00 00 19 68 17 00 43 05 04 01 10 00 16 19 00 AA B7 05 01 1A 20 04 02 00 00 B7 A7 16 A5 16 00 16"                            File: Line:0 Function: Type:Debug:
DateTime:2026-08-28 17:32:36.182:"工装接收：68 32 00 32 00 68 80 00 00 00 00 00 00 60 00 00 01 00 E1 16"                            File: Line:0 Function: Type:Debug:
DateTime:2026-08-28 17:32:36.182:"m_baRecvMsg:"                            File: Line:0 Function: Type:Debug:
DateTime:2026-08-28 17:32:36.182:"frameList.size():1"                            File: Line:0 Function: Type:Debug:
DateTime:2026-08-28 17:32:36.182:"进入报文解析"                            File: Line:0 Function: Type:Debug:
DateTime:2026-08-28 17:32:36.182:"68 32 00 32 00 68 80 00 00 00 00 00 00 60 00 00 01 00 E1 16"                            File: Line:0 Function: Type:Debug:
DateTime:2026-08-28 17:32:36.182:"解码完成，功能码: 1"                            File: Line:0 Function: Type:Debug:
DateTime:2026-08-28 17:32:36.182:"工装回复确认帧"                            File: Line:0 Function: Type:Debug:
DateTime:2026-08-28 17:32:39.204:"uTimeSecond_ms:30000"                            File: Line:0 Function: Type:Debug:
DateTime:2026-08-28 17:32:42.226:"等待工装回复超时"                            File: Line:0 Function: Type:Debug:
DateTime:2026-08-28 17:32:45.248:"等待工装回复超时"                            File: Line:0 Function: Type:Debug:
DateTime:2026-08-28 17:32:48.270:"等待工装回复超时"                            File: Line:0 Function: Type:Debug:
DateTime:2026-08-28 17:32:51.292:"等待工装回复超时"                            File: Line:0 Function: Type:Debug:
DateTime:2026-08-28 17:32:54.314:"等待工装回复超时"                            File: Line:0 Function: Type:Debug:
DateTime:2026-08-28 17:32:57.336:"等待工装回复超时"                            File: Line:0 Function: Type:Debug:
DateTime:2026-08-28 17:33:00.357:"等待工装回复超时"                            File: Line:0 Function: Type:Debug:
DateTime:2026-08-28 17:33:03.379:"等待工装回复超时"                            File: Line:0 Function: Type:Debug:
DateTime:2026-08-28 17:33:06.401:"等待工装回复超时"                            File: Line:0 Function: Type:Debug:
DateTime:2026-08-28 17:33:09.423:"等待工装回复超时"                            File: Line:0 Function: Type:Debug:
DateTime:2026-08-28 17:33:09.423:"等待回复报文超时"                            File: Line:0 Function: Type:Debug:
DateTime:2026-08-28 17:33:09.423:dll输出信息: ""                            File: Line:0 Function: Type:Debug:
DateTime:2026-08-28 17:33:09.423:接口函数调用成功，返回的结果为 0                            File: Line:0 Function: Type:Debug:
DateTime:2026-08-28 17:33:09.423:"外部传入的para：0，返回的result：0,返回的pValRet：1"                            File: Line:0 Function: Type:Debug:
DateTime:2026-08-28 17:33:09.423:返回结果不满足预期值                            File: Line:0 Function: Type:Debug:
DateTime:2026-08-28 17:33:09.424:coorIndex 0                            File: Line:0 Function: Type:Debug:
DateTime:2026-08-28 17:33:09.424:当前流程结束                            File: Line:0 Function: Type:Debug:
DateTime:2026-08-28 17:33:09.424:退出connect函数                            File: Line:0 Function: Type:Debug:
DateTime:2026-08-28 17:33:09.424:"=========【Step8-AFN02F1数据转发(透明抄表-698.45)】结束=========="                            File: Line:0 Function: Type:Debug:
DateTime:2026-08-28 17:33:09.425:"-----------------------------"                            File: Line:0 Function: Type:Debug:
DateTime:2026-08-28 17:33:09.428:"=============执行【Step9-AFN02F1数据转发(透传任意报文)】==================="                            File: Line:0 Function: Type:Debug:
DateTime:2026-08-28 17:33:09.428:"执行接口函数CCO_AFN02_F1"                            File: Line:0 Function: Type:Debug:
DateTime:2026-08-28 17:33:09.428:callWorkFunction: CCO_AFN02_F1                            File: Line:0 Function: Type:Debug:
DateTime:2026-08-28 17:33:09.428:找到对应函数，进入执行                            File: Line:0 Function: Type:Debug:
DateTime:2026-08-28 17:33:09.713:"工装接收：68 B2 00 B2 00 68 80 00 00 00 00 00 22 60 00 00 01 00 02 1D 00 68 1D 00 83 04 00 00 00 00 24 04 01 10 00 16 19 12 90 78 56 34 12 02 01 00 00 00 A8 16 0D 16"                            File: Line:0 Function: Type:Debug:
DateTime:2026-08-28 17:33:09.713:"m_baRecvMsg:"                            File: Line:0 Function: Type:Debug:
DateTime:2026-08-28 17:33:09.713:"rameList.size():"                            File: Line:0 Function: Type:Debug:
DateTime:2026-08-28 17:33:09.713:"进入报文解析"                            File: Line:0 Function: Type:Debug:
DateTime:2026-08-28 17:33:09.714:"68 B2 00 B2 00 68 80 00 00 00 00 00 22 60 00 00 01 00 02 1D 00 68 1D 00 83 04 00 00 00 00 24 04 01 10 00 16 19 12 90 78 56 34 12 02 01 00 00 00 A8 16 0D 16"                            File: Line:0 Function: Type:Debug:
DateTime:2026-08-28 17:33:09.714:"解码完成，功能码: 4"                            File: Line:0 Function: Type:Debug:
DateTime:2026-08-28 17:33:09.714:"工装回复透传报文"                            File: Line:0 Function: Type:Debug:
DateTime:2026-08-28 17:33:09.714:"021D00681D00830400000000240401100016191290785634120201000000A816"                            File: Line:0 Function: Type:Debug:
DateTime:2026-08-28 17:33:09.714:"内容:68 1d 00 83 04 00 00 00 00 24 04 01 10 00 16 19 12 90 78 56 34 12 02 01 00 00 00 a8 16"                            File: Line:0 Function: Type:Debug:
DateTime:2026-08-28 17:33:10.017:"等待工装回复超时"                            File: Line:0 Function: Type:Debug:
DateTime:2026-08-28 17:33:10.017:"开始组帧"                            File: Line:0 Function: Type:Debug:
DateTime:2026-08-28 17:33:10.017:"组帧结束"                            File: Line:0 Function: Type:Debug:
DateTime:2026-08-28 17:33:10.017:"367.2Send:数据转发(02H-F1)：=>68 23 00 41 04 00 00 00 00 25 12 90 78 56 34 12 03 01 10 00 16 19 02 01 00 00 06 AA BB CC DD EE FF 67 16"                            File: Line:0 Function: Type:Debug:
DateTime:2026-08-28 17:33:10.017:"槽位2透传:68CE00CE006840000000000022600000010002013C00682300410400000000251290785634120301100016190201000006AABBCCDDEEFF67167116"                            File: Line:0 Function: Type:Debug:
DateTime:2026-08-28 17:33:10.017:"工装发送：68 CE 00 CE 00 68 40 00 00 00 00 00 22 60 00 00 01 00 02 01 3C 00 68 23 00 41 04 00 00 00 00 25 12 90 78 56 34 12 03 01 10 00 16 19 02 01 00 00 06 AA BB CC DD EE FF 67 16 71 16"                            File: Line:0 Function: Type:Debug:
DateTime:2026-08-28 17:33:10.058:"工装接收：68 32 00 32 00 68 80 00 00 00 00 00 00 60 00 00 01 00 E1 16"                            File: Line:0 Function: Type:Debug:
DateTime:2026-08-28 17:33:10.058:"m_baRecvMsg:"                            File: Line:0 Function: Type:Debug:
DateTime:2026-08-28 17:33:10.058:"frameList.size():1"                            File: Line:0 Function: Type:Debug:
DateTime:2026-08-28 17:33:10.058:"进入报文解析"                            File: Line:0 Function: Type:Debug:
DateTime:2026-08-28 17:33:10.058:"68 32 00 32 00 68 80 00 00 00 00 00 00 60 00 00 01 00 E1 16"                            File: Line:0 Function: Type:Debug:
DateTime:2026-08-28 17:33:10.058:"解码完成，功能码: 1"                            File: Line:0 Function: Type:Debug:
DateTime:2026-08-28 17:33:10.058:"工装回复确认帧"                            File: Line:0 Function: Type:Debug:
DateTime:2026-08-28 17:33:13.079:"uTimeSecond_ms:30000"                            File: Line:0 Function: Type:Debug:
DateTime:2026-08-28 17:33:16.101:"等待工装回复超时"                            File: Line:0 Function: Type:Debug:
DateTime:2026-08-28 17:33:18.313:"RocketMq上报工况(设备输出信息):{\"devSeatNo\":\"1\",\"machNo\":\"\",\"occurTime\":\"2026-08-28 17:33:18\",\"plantNo\":\"YL-101601\",\"realTimeValues\":[{\"outParaName\":\"volage\",\"outParaValue\":\"220V\"}],\"remarks\":\"null\"}"                            File: Line:0 Function: Type:Debug:
DateTime:2026-08-28 17:33:18.313:QAbstractSocket::waitForDisconnected() is not allowed in UnconnectedState                            File: Line:0 Function: Type:Warning:
DateTime:2026-08-28 17:33:19.123:"等待工装回复超时"                            File: Line:0 Function: Type:Debug:
DateTime:2026-08-28 17:33:22.145:"等待工装回复超时"                            File: Line:0 Function: Type:Debug:
DateTime:2026-08-28 17:33:25.167:"等待工装回复超时"                            File: Line:0 Function: Type:Debug:
DateTime:2026-08-28 17:33:28.189:"等待工装回复超时"                            File: Line:0 Function: Type:Debug:
DateTime:2026-08-28 17:33:31.211:"等待工装回复超时"                            File: Line:0 Function: Type:Debug:
DateTime:2026-08-28 17:33:34.233:"等待工装回复超时"                            File: Line:0 Function: Type:Debug:
DateTime:2026-08-28 17:33:37.255:"等待工装回复超时"                            File: Line:0 Function: Type:Debug:
DateTime:2026-08-28 17:33:40.277:"等待工装回复超时"                            File: Line:0 Function: Type:Debug:
DateTime:2026-08-28 17:33:43.299:"等待工装回复超时"                            File: Line:0 Function: Type:Debug:
DateTime:2026-08-28 17:33:43.299:"等待回复报文超时"                            File: Line:0 Function: Type:Debug:
DateTime:2026-08-28 17:33:43.299:dll输出信息: ""                            File: Line:0 Function: Type:Debug:
DateTime:2026-08-28 17:33:43.299:接口函数调用成功，返回的结果为 0                            File: Line:0 Function: Type:Debug:
DateTime:2026-08-28 17:33:43.299:"外部传入的para：1，返回的result：0,返回的pValRet：1"                            File: Line:0 Function: Type:Debug:
DateTime:2026-08-28 17:33:43.299:"执行接口函数CCO_AFN02_F1完成"                            File: Line:0 Function: Type:Debug:
DateTime:2026-08-28 17:33:43.300:coorIndex 0                            File: Line:0 Function: Type:Debug:
DateTime:2026-08-28 17:33:43.301:当前流程结束                            File: Line:0 Function: Type:Debug:
DateTime:2026-08-28 17:33:43.301:退出connect函数                            File: Line:0 Function: Type:Debug:
DateTime:2026-08-28 17:33:43.301:"=========【Step9-AFN02F1数据转发(透传任意报文)】结束=========="                            File: Line:0 Function: Type:Debug:
DateTime:2026-08-28 17:33:43.301:"-----------------------------"                            File: Line:0 Function: Type:Debug:
DateTime:2026-08-28 17:33:43.301:"=============执行【Step10-AFN02F1数据转发(透传-源地址与实际不符)】==================="                            File: Line:0 Function: Type:Debug:
DateTime:2026-08-28 17:33:43.301:"执行接口函数CCO_AFN02_F1"                            File: Line:0 Function: Type:Debug:
DateTime:2026-08-28 17:33:43.301:callWorkFunction: CCO_AFN02_F1                            File: Line:0 Function: Type:Debug:
DateTime:2026-08-28 17:33:43.301:找到对应函数，进入执行                            File: Line:0 Function: Type:Debug:
DateTime:2026-08-28 17:33:43.594:"工装接收：68 B2 00 B2 00 68 80 00 00 00 00 00 22 60 00 00 01 00 02 1D 00 68 1D 00 83 04 00 00 00 00 25 03 01 10 00 16 19 12 90 78 56 34 12 02 01 00 00 00 A8 16 0D 16"                            File: Line:0 Function: Type:Debug:
DateTime:2026-08-28 17:33:43.594:"m_baRecvMsg:"                            File: Line:0 Function: Type:Debug:
DateTime:2026-08-28 17:33:43.594:"rameList.size():"                            File: Line:0 Function: Type:Debug:
DateTime:2026-08-28 17:33:43.594:"进入报文解析"                            File: Line:0 Function: Type:Debug:
DateTime:2026-08-28 17:33:43.594:"68 B2 00 B2 00 68 80 00 00 00 00 00 22 60 00 00 01 00 02 1D 00 68 1D 00 83 04 00 00 00 00 25 03 01 10 00 16 19 12 90 78 56 34 12 02 01 00 00 00 A8 16 0D 16"                            File: Line:0 Function: Type:Debug:
DateTime:2026-08-28 17:33:43.594:"解码完成，功能码: 4"                            File: Line:0 Function: Type:Debug:
DateTime:2026-08-28 17:33:43.594:"工装回复透传报文"                            File: Line:0 Function: Type:Debug:
DateTime:2026-08-28 17:33:43.594:"021D00681D00830400000000250301100016191290785634120201000000A816"                            File: Line:0 Function: Type:Debug:
DateTime:2026-08-28 17:33:43.594:"内容:68 1d 00 83 04 00 00 00 00 25 03 01 10 00 16 19 12 90 78 56 34 12 02 01 00 00 00 a8 16"                            File: Line:0 Function: Type:Debug:
DateTime:2026-08-28 17:33:43.896:"等待工装回复超时"                            File: Line:0 Function: Type:Debug:
DateTime:2026-08-28 17:33:43.896:"开始组帧"                            File: Line:0 Function: Type:Debug:
DateTime:2026-08-28 17:33:43.896:"组帧结束"                            File: Line:0 Function: Type:Debug:
DateTime:2026-08-28 17:33:43.896:"367.2Send:数据转发(02H-F1)：=>68 2D 00 41 04 00 00 00 00 26 01 00 00 00 00 10 03 01 10 00 16 19 02 01 00 00 10 68 03 01 10 00 16 19 68 11 04 33 33 34 33 F5 16 D2 16"                            File: Line:0 Function: Type:Debug:
DateTime:2026-08-28 17:33:43.896:"槽位2透传:68F600F6006840000000000022600000010002013C00682D004104000000002601000000001003011000161902010000106803011000161968110433333433F516D2165116"                            File: Line:0 Function: Type:Debug:
DateTime:2026-08-28 17:33:43.896:"工装发送：68 F6 00 F6 00 68 40 00 00 00 00 00 22 60 00 00 01 00 02 01 3C 00 68 2D 00 41 04 00 00 00 00 26 01 00 00 00 00 10 03 01 10 00 16 19 02 01 00 00 10 68 03 01 10 00 16 19 68 11 04 33 33 34 33 F5 16 D2 16 51 16"                            File: Line:0 Function: Type:Debug:
DateTime:2026-08-28 17:33:43.949:"工装接收：68 32 00 32 00 68 80 00 00 00 00 00 00 60 00 00 01 00 E1 16"                            File: Line:0 Function: Type:Debug:
DateTime:2026-08-28 17:33:43.949:"m_baRecvMsg:"                            File: Line:0 Function: Type:Debug:
DateTime:2026-08-28 17:33:43.949:"frameList.size():1"                            File: Line:0 Function: Type:Debug:
DateTime:2026-08-28 17:33:43.949:"进入报文解析"                            File: Line:0 Function: Type:Debug:
DateTime:2026-08-28 17:33:43.949:"68 32 00 32 00 68 80 00 00 00 00 00 00 60 00 00 01 00 E1 16"                            File: Line:0 Function: Type:Debug:
DateTime:2026-08-28 17:33:43.949:"解码完成，功能码: 1"                            File: Line:0 Function: Type:Debug:
DateTime:2026-08-28 17:33:43.949:"工装回复确认帧"                            File: Line:0 Function: Type:Debug:
DateTime:2026-08-28 17:33:45.287:"工装接收：68 02 01 02 01 68 80 00 00 00 00 00 22 60 00 00 01 00 02 31 00 68 31 00 83 04 00 00 34 00 26 03 01 10 00 16 19 12 90 78 56 34 12 02 01 00 00 14 68 03 01 10 00 16 19 68 91 08 33 33 34 33 35 33 33 33 47 16 95 16 0F 16"                            File: Line:0 Function: Type:Debug:
DateTime:2026-08-28 17:33:45.287:"m_baRecvMsg:"                            File: Line:0 Function: Type:Debug:
DateTime:2026-08-28 17:33:45.287:"frameList.size():1"                            File: Line:0 Function: Type:Debug:
DateTime:2026-08-28 17:33:45.287:"进入报文解析"                            File: Line:0 Function: Type:Debug:
DateTime:2026-08-28 17:33:45.287:"68 02 01 02 01 68 80 00 00 00 00 00 22 60 00 00 01 00 02 31 00 68 31 00 83 04 00 00 34 00 26 03 01 10 00 16 19 12 90 78 56 34 12 02 01 00 00 14 68 03 01 10 00 16 19 68 91 08 33 33 34 33 35 33 33 33 47 16 95 16 0F 16"                            File: Line:0 Function: Type:Debug:
DateTime:2026-08-28 17:33:45.287:"解码完成，功能码: 4"                            File: Line:0 Function: Type:Debug:
DateTime:2026-08-28 17:33:45.287:"工装接收到透传报文"                            File: Line:0 Function: Type:Debug:
DateTime:2026-08-28 17:33:45.287:"02310068310083040000340026030110001619129078563412020100001468030110001619689108333334333533333347169516"                            File: Line:0 Function: Type:Debug:
DateTime:2026-08-28 17:33:45.287:"透传报文内容:68 31 00 83 04 00 00 34 00 26 03 01 10 00 16 19 12 90 78 56 34 12 02 01 00 00 14 68 03 01 10 00 16 19 68 91 08 33 33 34 33 35 33 33 33 47 16 95 16"                            File: Line:0 Function: Type:Debug:
DateTime:2026-08-28 17:33:46.899:"uTimeSecond_ms:30000"                            File: Line:0 Function: Type:Debug:
DateTime:2026-08-28 17:33:46.899:"查找结果: iret=0, wStart=0, dwOutLen=49, dwStreamLen=49, dwFindPos=0"                            File: Line:0 Function: Type:Debug:
DateTime:2026-08-28 17:33:46.899:"Receive:<= 68 31 00 83 04 00 00 34 00 26 03 01 10 00 16 19 12 90 78 56 34 12 02 01 00 00 14 68 03 01 10 00 16 19 68 91 08 33 33 34 33 35 33 33 33 47 16 95 16"                            File: Line:0 Function: Type:Debug:
DateTime:2026-08-28 17:33:46.899:"解析：功能码-AFN=02H,Fn=1："                            File: Line:0 Function: Type:Debug:
DateTime:2026-08-28 17:33:46.899:"透传回复内容：00146803011000161968910833333433353333334716"                            File: Line:0 Function: Type:Debug:
DateTime:2026-08-28 17:33:46.899:"回复报文信息：6803011000161968910833333433353333334716"                            File: Line:0 Function: Type:Debug:
DateTime:2026-08-28 17:33:46.899:"收到透明协议抄读数据"                            File: Line:0 Function: Type:Debug:
DateTime:2026-08-28 17:33:46.899:"645报文信息：控制码：91,数据：0000010002000000"                            File: Line:0 Function: Type:Debug:
DateTime:2026-08-28 17:33:46.899:"DL/T645-2007协议报文信息：控制码：91,数据标识：00010000，数据：00000002"                            File: Line:0 Function: Type:Debug:
DateTime:2026-08-28 17:33:46.899:dll输出信息: ""                            File: Line:0 Function: Type:Debug:
DateTime:2026-08-28 17:33:46.899:接口函数调用成功，返回的结果为 0                            File: Line:0 Function: Type:Debug:
DateTime:2026-08-28 17:33:46.899:"外部传入的para：0，返回的result：0,返回的pValRet：0"                            File: Line:0 Function: Type:Debug:
DateTime:2026-08-28 17:33:46.899:"执行接口函数CCO_AFN02_F1完成"                            File: Line:0 Function: Type:Debug:
DateTime:2026-08-28 17:33:46.901:coorIndex 0                            File: Line:0 Function: Type:Debug:
DateTime:2026-08-28 17:33:46.901:当前流程结束                            File: Line:0 Function: Type:Debug:
DateTime:2026-08-28 17:33:46.901:退出connect函数                            File: Line:0 Function: Type:Debug:
DateTime:2026-08-28 17:33:46.901:"=========【Step10-AFN02F1数据转发(透传-源地址与实际不符)】结束=========="                            File: Line:0 Function: Type:Debug:
DateTime:2026-08-28 17:33:46.901:"-----------------------------"                            File: Line:0 Function: Type:Debug:
DateTime:2026-08-28 17:33:46.901:"=============执行【Step11-AFN02F1数据转发(透传-2个FE)】==================="                            File: Line:0 Function: Type:Debug:
DateTime:2026-08-28 17:33:46.902:"执行接口函数CCO_AFN02_F1"                            File: Line:0 Function: Type:Debug:
DateTime:2026-08-28 17:33:46.902:callWorkFunction: CCO_AFN02_F1                            File: Line:0 Function: Type:Debug:
DateTime:2026-08-28 17:33:46.902:找到对应函数，进入执行                            File: Line:0 Function: Type:Debug:
DateTime:2026-08-28 17:33:47.406:"等待工装回复超时"                            File: Line:0 Function: Type:Debug:
DateTime:2026-08-28 17:33:47.406:"开始组帧"                            File: Line:0 Function: Type:Debug:
DateTime:2026-08-28 17:33:47.406:"组帧结束"                            File: Line:0 Function: Type:Debug:
DateTime:2026-08-28 17:33:47.406:"367.2Send:数据转发(02H-F1)：=>68 2F 00 41 04 00 00 00 00 27 12 90 78 56 34 12 03 01 10 00 16 19 02 01 00 00 12 FE FE 68 03 01 10 00 16 19 68 11 04 33 33 34 33 F5 16 76 16"                            File: Line:0 Function: Type:Debug:
DateTime:2026-08-28 17:33:47.406:"槽位2透传:68FE00FE006840000000000022600000010002013C00682F00410400000000271290785634120301100016190201000012FEFE6803011000161968110433333433F51676169B16"                            File: Line:0 Function: Type:Debug:
DateTime:2026-08-28 17:33:47.406:"工装发送：68 FE 00 FE 00 68 40 00 00 00 00 00 22 60 00 00 01 00 02 01 3C 00 68 2F 00 41 04 00 00 00 00 27 12 90 78 56 34 12 03 01 10 00 16 19 02 01 00 00 12 FE FE 68 03 01 10 00 16 19 68 11 04 33 33 34 33 F5 16 76 16 9B 16"                            File: Line:0 Function: Type:Debug:
DateTime:2026-08-28 17:33:47.461:"工装接收：68 32 00 32 00 68 80 00 00 00 00 00 00 60 00 00 01 00 E1 16"                            File: Line:0 Function: Type:Debug:
DateTime:2026-08-28 17:33:47.461:"m_baRecvMsg:"                            File: Line:0 Function: Type:Debug:
DateTime:2026-08-28 17:33:47.461:"frameList.size():1"                            File: Line:0 Function: Type:Debug:
DateTime:2026-08-28 17:33:47.461:"进入报文解析"                            File: Line:0 Function: Type:Debug:
DateTime:2026-08-28 17:33:47.461:"68 32 00 32 00 68 80 00 00 00 00 00 00 60 00 00 01 00 E1 16"                            File: Line:0 Function: Type:Debug:
DateTime:2026-08-28 17:33:47.461:"解码完成，功能码: 1"                            File: Line:0 Function: Type:Debug:
DateTime:2026-08-28 17:33:47.461:"工装回复确认帧"                            File: Line:0 Function: Type:Debug:
DateTime:2026-08-28 17:33:47.767:"工装接收：68 02 01 02 01 68 80 00 00 00 00 00 22 60 00 00 01 00 02 31 00 68 31 00 83 04 00 00 34 00 27 03 01 10 00 16 19 12 90 78 56 34 12 02 01 00 00 14 68 03 01 10 00 16 19 68 91 08 33 33 34 33 36 33 33 33 48 16 98 16 15 16"                            File: Line:0 Function: Type:Debug:
DateTime:2026-08-28 17:33:47.767:"m_baRecvMsg:"                            File: Line:0 Function: Type:Debug:
DateTime:2026-08-28 17:33:47.767:"frameList.size():1"                            File: Line:0 Function: Type:Debug:
DateTime:2026-08-28 17:33:47.767:"进入报文解析"                            File: Line:0 Function: Type:Debug:
DateTime:2026-08-28 17:33:47.767:"68 02 01 02 01 68 80 00 00 00 00 00 22 60 00 00 01 00 02 31 00 68 31 00 83 04 00 00 34 00 27 03 01 10 00 16 19 12 90 78 56 34 12 02 01 00 00 14 68 03 01 10 00 16 19 68 91 08 33 33 34 33 36 33 33 33 48 16 98 16 15 16"                            File: Line:0 Function: Type:Debug:
DateTime:2026-08-28 17:33:47.767:"解码完成，功能码: 4"                            File: Line:0 Function: Type:Debug:
DateTime:2026-08-28 17:33:47.767:"工装接收到透传报文"                            File: Line:0 Function: Type:Debug:
DateTime:2026-08-28 17:33:47.767:"02310068310083040000340027030110001619129078563412020100001468030110001619689108333334333633333348169816"                            File: Line:0 Function: Type:Debug:
DateTime:2026-08-28 17:33:47.767:"透传报文内容:68 31 00 83 04 00 00 34 00 27 03 01 10 00 16 19 12 90 78 56 34 12 02 01 00 00 14 68 03 01 10 00 16 19 68 91 08 33 33 34 33 36 33 33 33 48 16 98 16"                            File: Line:0 Function: Type:Debug:
DateTime:2026-08-28 17:33:50.486:"uTimeSecond_ms:30000"                            File: Line:0 Function: Type:Debug:
DateTime:2026-08-28 17:33:50.486:"查找结果: iret=0, wStart=0, dwOutLen=49, dwStreamLen=49, dwFindPos=0"                            File: Line:0 Function: Type:Debug:
DateTime:2026-08-28 17:33:50.486:"Receive:<= 68 31 00 83 04 00 00 34 00 27 03 01 10 00 16 19 12 90 78 56 34 12 02 01 00 00 14 68 03 01 10 00 16 19 68 91 08 33 33 34 33 36 33 33 33 48 16 98 16"                            File: Line:0 Function: Type:Debug:
DateTime:2026-08-28 17:33:50.486:"解析：功能码-AFN=02H,Fn=1："                            File: Line:0 Function: Type:Debug:
DateTime:2026-08-28 17:33:50.486:"透传回复内容：00146803011000161968910833333433363333334816"                            File: Line:0 Function: Type:Debug:
DateTime:2026-08-28 17:33:50.486:"回复报文信息：6803011000161968910833333433363333334816"                            File: Line:0 Function: Type:Debug:
DateTime:2026-08-28 17:33:50.486:"收到透明协议抄读数据"                            File: Line:0 Function: Type:Debug:
DateTime:2026-08-28 17:33:50.486:"645报文信息：控制码：91,数据：0000010003000000"                            File: Line:0 Function: Type:Debug:
DateTime:2026-08-28 17:33:50.486:"DL/T645-2007协议报文信息：控制码：91,数据标识：00010000，数据：00000003"                            File: Line:0 Function: Type:Debug:
DateTime:2026-08-28 17:33:50.486:dll输出信息: ""                            File: Line:0 Function: Type:Debug:
DateTime:2026-08-28 17:33:50.486:接口函数调用成功，返回的结果为 0                            File: Line:0 Function: Type:Debug:
DateTime:2026-08-28 17:33:50.486:"外部传入的para：0，返回的result：0,返回的pValRet：0"                            File: Line:0 Function: Type:Debug:
DateTime:2026-08-28 17:33:50.486:"执行接口函数CCO_AFN02_F1完成"                            File: Line:0 Function: Type:Debug:
DateTime:2026-08-28 17:33:50.488:coorIndex 0                            File: Line:0 Function: Type:Debug:
DateTime:2026-08-28 17:33:50.488:当前流程结束                            File: Line:0 Function: Type:Debug:
DateTime:2026-08-28 17:33:50.488:退出connect函数                            File: Line:0 Function: Type:Debug:
DateTime:2026-08-28 17:33:50.488:"=========【Step11-AFN02F1数据转发(透传-2个FE)】结束=========="                            File: Line:0 Function: Type:Debug:
DateTime:2026-08-28 17:33:50.488:"-----------------------------"                            File: Line:0 Function: Type:Debug:
DateTime:2026-08-28 17:33:50.491:"=============执行【Step12-AFN02F1数据转发(透传-目的地址与实际不符)】==================="                            File: Line:0 Function: Type:Debug:
DateTime:2026-08-28 17:33:50.491:"执行接口函数CCO_AFN02_F1"                            File: Line:0 Function: Type:Debug:
DateTime:2026-08-28 17:33:50.491:callWorkFunction: CCO_AFN02_F1                            File: Line:0 Function: Type:Debug:
DateTime:2026-08-28 17:33:50.491:找到对应函数，进入执行                            File: Line:0 Function: Type:Debug:
DateTime:2026-08-28 17:33:50.995:"等待工装回复超时"                            File: Line:0 Function: Type:Debug:
DateTime:2026-08-28 17:33:50.995:"开始组帧"                            File: Line:0 Function: Type:Debug:
DateTime:2026-08-28 17:33:50.995:"组帧结束"                            File: Line:0 Function: Type:Debug:
DateTime:2026-08-28 17:33:50.995:"367.2Send:数据转发(02H-F1)：=>68 2D 00 41 04 00 00 00 00 28 12 90 78 56 34 12 33 00 22 00 11 00 02 01 00 00 10 68 03 01 10 00 16 19 68 11 04 33 33 34 33 F5 16 9C 16"                            File: Line:0 Function: Type:Debug:
DateTime:2026-08-28 17:33:50.995:"槽位2透传:68F600F6006840000000000022600000010002013C00682D004104000000002812907856341233002200110002010000106803011000161968110433333433F5169C16E516"                            File: Line:0 Function: Type:Debug:
DateTime:2026-08-28 17:33:50.995:"工装发送：68 F6 00 F6 00 68 40 00 00 00 00 00 22 60 00 00 01 00 02 01 3C 00 68 2D 00 41 04 00 00 00 00 28 12 90 78 56 34 12 33 00 22 00 11 00 02 01 00 00 10 68 03 01 10 00 16 19 68 11 04 33 33 34 33 F5 16 9C 16 E5 16"                            File: Line:0 Function: Type:Debug:
DateTime:2026-08-28 17:33:51.048:"工装接收：68 32 00 32 00 68 80 00 00 00 00 00 00 60 00 00 01 00 E1 16"                            File: Line:0 Function: Type:Debug:
DateTime:2026-08-28 17:33:51.048:"m_baRecvMsg:"                            File: Line:0 Function: Type:Debug:
DateTime:2026-08-28 17:33:51.048:"frameList.size():1"                            File: Line:0 Function: Type:Debug:
DateTime:2026-08-28 17:33:51.048:"进入报文解析"                            File: Line:0 Function: Type:Debug:
DateTime:2026-08-28 17:33:51.048:"68 32 00 32 00 68 80 00 00 00 00 00 00 60 00 00 01 00 E1 16"                            File: Line:0 Function: Type:Debug:
DateTime:2026-08-28 17:33:51.048:"解码完成，功能码: 1"                            File: Line:0 Function: Type:Debug:
DateTime:2026-08-28 17:33:51.048:"工装回复确认帧"                            File: Line:0 Function: Type:Debug:
DateTime:2026-08-28 17:33:51.396:"工装接收：68 02 01 02 01 68 80 00 00 00 00 00 22 60 00 00 01 00 02 31 00 68 31 00 83 04 00 00 34 00 28 33 00 22 00 11 00 12 90 78 56 34 12 02 01 00 00 14 68 03 01 10 00 16 19 68 91 08 33 33 34 33 37 33 33 33 49 16 BE 16 61 16"                            File: Line:0 Function: Type:Debug:
DateTime:2026-08-28 17:33:51.397:"m_baRecvMsg:"                            File: Line:0 Function: Type:Debug:
DateTime:2026-08-28 17:33:51.397:"frameList.size():1"                            File: Line:0 Function: Type:Debug:
DateTime:2026-08-28 17:33:51.397:"进入报文解析"                            File: Line:0 Function: Type:Debug:
DateTime:2026-08-28 17:33:51.397:"68 02 01 02 01 68 80 00 00 00 00 00 22 60 00 00 01 00 02 31 00 68 31 00 83 04 00 00 34 00 28 33 00 22 00 11 00 12 90 78 56 34 12 02 01 00 00 14 68 03 01 10 00 16 19 68 91 08 33 33 34 33 37 33 33 33 49 16 BE 16 61 16"                            File: Line:0 Function: Type:Debug:
DateTime:2026-08-28 17:33:51.397:"解码完成，功能码: 4"                            File: Line:0 Function: Type:Debug:
DateTime:2026-08-28 17:33:51.397:"工装接收到透传报文"                            File: Line:0 Function: Type:Debug:
DateTime:2026-08-28 17:33:51.397:"0231006831008304000034002833002200110012907856341202010000146803011000161968910833333433373333334916BE16"                            File: Line:0 Function: Type:Debug:
DateTime:2026-08-28 17:33:51.397:"透传报文内容:68 31 00 83 04 00 00 34 00 28 33 00 22 00 11 00 12 90 78 56 34 12 02 01 00 00 14 68 03 01 10 00 16 19 68 91 08 33 33 34 33 37 33 33 33 49 16 be 16"                            File: Line:0 Function: Type:Debug:
DateTime:2026-08-28 17:33:54.016:"uTimeSecond_ms:30000"                            File: Line:0 Function: Type:Debug:
DateTime:2026-08-28 17:33:54.016:"查找结果: iret=0, wStart=0, dwOutLen=49, dwStreamLen=49, dwFindPos=0"                            File: Line:0 Function: Type:Debug:
DateTime:2026-08-28 17:33:54.016:"Receive:<= 68 31 00 83 04 00 00 34 00 28 33 00 22 00 11 00 12 90 78 56 34 12 02 01 00 00 14 68 03 01 10 00 16 19 68 91 08 33 33 34 33 37 33 33 33 49 16 BE 16"                            File: Line:0 Function: Type:Debug:
DateTime:2026-08-28 17:33:54.016:"解析：功能码-AFN=02H,Fn=1："                            File: Line:0 Function: Type:Debug:
DateTime:2026-08-28 17:33:54.016:"透传回复内容：00146803011000161968910833333433373333334916"                            File: Line:0 Function: Type:Debug:
DateTime:2026-08-28 17:33:54.016:"回复报文信息：6803011000161968910833333433373333334916"                            File: Line:0 Function: Type:Debug:
DateTime:2026-08-28 17:33:54.016:"收到透明协议抄读数据"                            File: Line:0 Function: Type:Debug:
DateTime:2026-08-28 17:33:54.016:"645报文信息：控制码：91,数据：0000010004000000"                            File: Line:0 Function: Type:Debug:
DateTime:2026-08-28 17:33:54.016:"DL/T645-2007协议报文信息：控制码：91,数据标识：00010000，数据：00000004"                            File: Line:0 Function: Type:Debug:
DateTime:2026-08-28 17:33:54.016:dll输出信息: ""                            File: Line:0 Function: Type:Debug:
DateTime:2026-08-28 17:33:54.016:接口函数调用成功，返回的结果为 0                            File: Line:0 Function: Type:Debug:
DateTime:2026-08-28 17:33:54.017:"外部传入的para：1，返回的result：0,返回的pValRet：0"                            File: Line:0 Function: Type:Debug:
DateTime:2026-08-28 17:33:54.017:返回结果不满足预期值                            File: Line:0 Function: Type:Debug:
DateTime:2026-08-28 17:33:54.018:coorIndex 0                            File: Line:0 Function: Type:Debug:
DateTime:2026-08-28 17:33:54.018:当前流程结束                            File: Line:0 Function: Type:Debug:
DateTime:2026-08-28 17:33:54.018:退出connect函数                            File: Line:0 Function: Type:Debug:
DateTime:2026-08-28 17:33:54.018:"=========【Step12-AFN02F1数据转发(透传-目的地址与实际不符)】结束=========="                            File: Line:0 Function: Type:Debug:
DateTime:2026-08-28 17:33:54.018:"-----------------------------"                            File: Line:0 Function: Type:Debug:
DateTime:2026-08-28 17:33:54.019:"=============执行【Step13-设置主节点地址】==================="                            File: Line:0 Function: Type:Debug:
DateTime:2026-08-28 17:33:54.019:"执行接口函数CCO_AFN55_F1"                            File: Line:0 Function: Type:Debug:
DateTime:2026-08-28 17:33:54.019:callWorkFunction: CCO_AFN55_F1                            File: Line:0 Function: Type:Debug:
DateTime:2026-08-28 17:33:54.019:找到对应函数，进入执行                            File: Line:0 Function: Type:Debug:
DateTime:2026-08-28 17:33:54.523:"等待工装回复超时"                            File: Line:0 Function: Type:Debug:
DateTime:2026-08-28 17:33:54.523:"开始组帧"                            File: Line:0 Function: Type:Debug:
DateTime:2026-08-28 17:33:54.523:"组帧结束"                            File: Line:0 Function: Type:Debug:
DateTime:2026-08-28 17:33:54.523:"367.2Send:设置主节点地址(55H-F1)：=>68 15 00 43 00 00 00 00 00 29 55 01 00 03 01 10 00 16 19 05 16"                            File: Line:0 Function: Type:Debug:
DateTime:2026-08-28 17:33:54.523:"槽位2透传:68960096006840000000000022600000010002013C006815004300000000002955010003011000161905169F16"                            File: Line:0 Function: Type:Debug:
DateTime:2026-08-28 17:33:54.523:"工装发送：68 96 00 96 00 68 40 00 00 00 00 00 22 60 00 00 01 00 02 01 3C 00 68 15 00 43 00 00 00 00 00 29 55 01 00 03 01 10 00 16 19 05 16 9F 16"                            File: Line:0 Function: Type:Debug:
DateTime:2026-08-28 17:33:54.548:"工装接收：68 32 00 32 00 68 80 00 00 00 00 00 00 60 00 00 01 00 E1 16"                            File: Line:0 Function: Type:Debug:
DateTime:2026-08-28 17:33:54.548:"m_baRecvMsg:"                            File: Line:0 Function: Type:Debug:
DateTime:2026-08-28 17:33:54.548:"frameList.size():1"                            File: Line:0 Function: Type:Debug:
DateTime:2026-08-28 17:33:54.548:"进入报文解析"                            File: Line:0 Function: Type:Debug:
DateTime:2026-08-28 17:33:54.548:"68 32 00 32 00 68 80 00 00 00 00 00 00 60 00 00 01 00 E1 16"                            File: Line:0 Function: Type:Debug:
DateTime:2026-08-28 17:33:54.548:"解码完成，功能码: 1"                            File: Line:0 Function: Type:Debug:
DateTime:2026-08-28 17:33:54.548:"工装回复确认帧"                            File: Line:0 Function: Type:Debug:
DateTime:2026-08-28 17:33:54.931:"工装接收：68 7A 00 7A 00 68 80 00 00 00 00 00 22 60 00 00 01 00 02 0F 00 68 0F 00 80 00 00 00 00 00 29 50 01 00 FA 16 95 16"                            File: Line:0 Function: Type:Debug:
DateTime:2026-08-28 17:33:54.932:"m_baRecvMsg:"                            File: Line:0 Function: Type:Debug:
DateTime:2026-08-28 17:33:54.932:"frameList.size():1"                            File: Line:0 Function: Type:Debug:
DateTime:2026-08-28 17:33:54.932:"进入报文解析"                            File: Line:0 Function: Type:Debug:
DateTime:2026-08-28 17:33:54.932:"68 7A 00 7A 00 68 80 00 00 00 00 00 22 60 00 00 01 00 02 0F 00 68 0F 00 80 00 00 00 00 00 29 50 01 00 FA 16 95 16"                            File: Line:0 Function: Type:Debug:
DateTime:2026-08-28 17:33:54.932:"解码完成，功能码: 4"                            File: Line:0 Function: Type:Debug:
DateTime:2026-08-28 17:33:54.932:"工装接收到透传报文"                            File: Line:0 Function: Type:Debug:
DateTime:2026-08-28 17:33:54.932:"020F00680F0080000000000029500100FA16"                            File: Line:0 Function: Type:Debug:
DateTime:2026-08-28 17:33:54.932:"透传报文内容:68 0f 00 80 00 00 00 00 00 29 50 01 00 fa 16"                            File: Line:0 Function: Type:Debug:
DateTime:2026-08-28 17:33:57.551:"uTimeSecond_ms:5000"                            File: Line:0 Function: Type:Debug:
DateTime:2026-08-28 17:33:57.551:"查找结果: iret=0, wStart=0, dwOutLen=15, dwStreamLen=15, dwFindPos=0"                            File: Line:0 Function: Type:Debug:
DateTime:2026-08-28 17:33:57.551:"Receive:<= 68 0F 00 80 00 00 00 00 00 29 50 01 00 FA 16"                            File: Line:0 Function: Type:Debug:
DateTime:2026-08-28 17:33:57.551:"解析：功能码-AFN=50H,Fn=1："                            File: Line:0 Function: Type:Debug:
DateTime:2026-08-28 17:33:57.551:"设置主节点地址成功"                            File: Line:0 Function: Type:Debug:
DateTime:2026-08-28 17:33:57.551:dll输出信息: ""                            File: Line:0 Function: Type:Debug:
DateTime:2026-08-28 17:33:57.551:接口函数调用成功，返回的结果为 0                            File: Line:0 Function: Type:Debug:
DateTime:2026-08-28 17:33:57.551:"外部传入的para：0，返回的result：0,返回的pValRet：0"                            File: Line:0 Function: Type:Debug:
DateTime:2026-08-28 17:33:57.551:"执行接口函数CCO_AFN55_F1完成"                            File: Line:0 Function: Type:Debug:
DateTime:2026-08-28 17:33:57.552:coorIndex 0                            File: Line:0 Function: Type:Debug:
DateTime:2026-08-28 17:33:57.552:当前流程结束                            File: Line:0 Function: Type:Debug:
DateTime:2026-08-28 17:33:57.553:退出connect函数                            File: Line:0 Function: Type:Debug:
DateTime:2026-08-28 17:33:57.553:"=========【Step13-设置主节点地址】结束=========="                            File: Line:0 Function: Type:Debug:
DateTime:2026-08-28 17:33:57.553:"-----------------------------"                            File: Line:0 Function: Type:Debug:
DateTime:2026-08-28 17:33:57.553:"=============执行【Step14-AFN02F1数据转发(透传-源目地址相同)】==================="                            File: Line:0 Function: Type:Debug:
DateTime:2026-08-28 17:33:57.553:"执行接口函数CCO_AFN02_F1"                            File: Line:0 Function: Type:Debug:
DateTime:2026-08-28 17:33:57.553:callWorkFunction: CCO_AFN02_F1                            File: Line:0 Function: Type:Debug:
DateTime:2026-08-28 17:33:57.553:找到对应函数，进入执行                            File: Line:0 Function: Type:Debug:
DateTime:2026-08-28 17:33:58.057:"等待工装回复超时"                            File: Line:0 Function: Type:Debug:
DateTime:2026-08-28 17:33:58.057:"开始组帧"                            File: Line:0 Function: Type:Debug:
DateTime:2026-08-28 17:33:58.057:"组帧结束"                            File: Line:0 Function: Type:Debug:
DateTime:2026-08-28 17:33:58.057:"367.2Send:数据转发(02H-F1)：=>68 2D 00 41 04 00 00 00 00 2A 03 01 10 00 16 19 03 01 10 00 16 19 02 01 00 00 10 68 03 01 10 00 16 19 68 11 04 33 33 34 33 F5 16 08 16"                            File: Line:0 Function: Type:Debug:
DateTime:2026-08-28 17:33:58.057:"槽位2透传:68F600F6006840000000000022600000010002013C00682D004104000000002A03011000161903011000161902010000106803011000161968110433333433F5160816BD16"                            File: Line:0 Function: Type:Debug:
DateTime:2026-08-28 17:33:58.057:"工装发送：68 F6 00 F6 00 68 40 00 00 00 00 00 22 60 00 00 01 00 02 01 3C 00 68 2D 00 41 04 00 00 00 00 2A 03 01 10 00 16 19 03 01 10 00 16 19 02 01 00 00 10 68 03 01 10 00 16 19 68 11 04 33 33 34 33 F5 16 08 16 BD 16"                            File: Line:0 Function: Type:Debug:
DateTime:2026-08-28 17:33:58.110:"工装接收：68 32 00 32 00 68 80 00 00 00 00 00 00 60 00 00 01 00 E1 16"                            File: Line:0 Function: Type:Debug:
DateTime:2026-08-28 17:33:58.110:"m_baRecvMsg:"                            File: Line:0 Function: Type:Debug:
DateTime:2026-08-28 17:33:58.110:"frameList.size():1"                            File: Line:0 Function: Type:Debug:
DateTime:2026-08-28 17:33:58.110:"进入报文解析"                            File: Line:0 Function: Type:Debug:
DateTime:2026-08-28 17:33:58.110:"68 32 00 32 00 68 80 00 00 00 00 00 00 60 00 00 01 00 E1 16"                            File: Line:0 Function: Type:Debug:
DateTime:2026-08-28 17:33:58.110:"解码完成，功能码: 1"                            File: Line:0 Function: Type:Debug:
DateTime:2026-08-28 17:33:58.110:"工装回复确认帧"                            File: Line:0 Function: Type:Debug:
DateTime:2026-08-28 17:33:58.402:"工装接收：68 E6 00 E6 00 68 80 00 00 00 00 00 22 60 00 00 01 00 02 2A 00 68 2A 00 83 04 00 00 00 00 2A 03 01 10 00 16 19 03 01 10 00 16 19 02 01 00 00 0D 68 03 01 10 00 16 19 68 D1 01 34 19 16 8F 16 F5 16"                            File: Line:0 Function: Type:Debug:
DateTime:2026-08-28 17:33:58.402:"m_baRecvMsg:"                            File: Line:0 Function: Type:Debug:
DateTime:2026-08-28 17:33:58.402:"frameList.size():1"                            File: Line:0 Function: Type:Debug:
DateTime:2026-08-28 17:33:58.402:"进入报文解析"                            File: Line:0 Function: Type:Debug:
DateTime:2026-08-28 17:33:58.402:"68 E6 00 E6 00 68 80 00 00 00 00 00 22 60 00 00 01 00 02 2A 00 68 2A 00 83 04 00 00 00 00 2A 03 01 10 00 16 19 03 01 10 00 16 19 02 01 00 00 0D 68 03 01 10 00 16 19 68 D1 01 34 19 16 8F 16 F5 16"                            File: Line:0 Function: Type:Debug:
DateTime:2026-08-28 17:33:58.402:"解码完成，功能码: 4"                            File: Line:0 Function: Type:Debug:
DateTime:2026-08-28 17:33:58.403:"工装接收到透传报文"                            File: Line:0 Function: Type:Debug:
DateTime:2026-08-28 17:33:58.403:"022A00682A008304000000002A030110001619030110001619020100000D6803011000161968D1013419168F16"                            File: Line:0 Function: Type:Debug:
DateTime:2026-08-28 17:33:58.403:"透传报文内容:68 2a 00 83 04 00 00 00 00 2a 03 01 10 00 16 19 03 01 10 00 16 19 02 01 00 00 0d 68 03 01 10 00 16 19 68 d1 01 34 19 16 8f 16"                            File: Line:0 Function: Type:Debug:
DateTime:2026-08-28 17:34:01.123:"uTimeSecond_ms:30000"                            File: Line:0 Function: Type:Debug:
DateTime:2026-08-28 17:34:01.123:"查找结果: iret=0, wStart=0, dwOutLen=42, dwStreamLen=42, dwFindPos=0"                            File: Line:0 Function: Type:Debug:
DateTime:2026-08-28 17:34:01.123:"Receive:<= 68 2A 00 83 04 00 00 00 00 2A 03 01 10 00 16 19 03 01 10 00 16 19 02 01 00 00 0D 68 03 01 10 00 16 19 68 D1 01 34 19 16 8F 16"                            File: Line:0 Function: Type:Debug:
DateTime:2026-08-28 17:34:01.123:"解析：功能码-AFN=02H,Fn=1："                            File: Line:0 Function: Type:Debug:
DateTime:2026-08-28 17:34:01.123:"透传回复内容：000D6803011000161968D101341916"                            File: Line:0 Function: Type:Debug:
DateTime:2026-08-28 17:34:01.123:"回复报文信息：6803011000161968D101341916"                            File: Line:0 Function: Type:Debug:
DateTime:2026-08-28 17:34:01.123:"收到透明协议抄读数据"                            File: Line:0 Function: Type:Debug:
DateTime:2026-08-28 17:34:01.123:"645报文信息：控制码：d1,数据：01"                            File: Line:0 Function: Type:Debug:
DateTime:2026-08-28 17:34:01.123:"数据长度不足"                            File: Line:0 Function: Type:Debug:
DateTime:2026-08-28 17:34:01.123:dll输出信息: ""                            File: Line:0 Function: Type:Debug:
DateTime:2026-08-28 17:34:01.123:接口函数调用成功，返回的结果为 0                            File: Line:0 Function: Type:Debug:
DateTime:2026-08-28 17:34:01.123:"外部传入的para：1，返回的result：0,返回的pValRet：1"                            File: Line:0 Function: Type:Debug:
DateTime:2026-08-28 17:34:01.123:"执行接口函数CCO_AFN02_F1完成"                            File: Line:0 Function: Type:Debug:
DateTime:2026-08-28 17:34:01.125:coorIndex 0                            File: Line:0 Function: Type:Debug:
DateTime:2026-08-28 17:34:01.125:当前流程结束                            File: Line:0 Function: Type:Debug:
DateTime:2026-08-28 17:34:01.125:退出connect函数                            File: Line:0 Function: Type:Debug:
DateTime:2026-08-28 17:34:01.125:"=========【Step14-AFN02F1数据转发(透传-源目地址相同)】结束=========="                            File: Line:0 Function: Type:Debug:
DateTime:2026-08-28 17:34:01.125:"-----------------------------"                            File: Line:0 Function: Type:Debug:
DateTime:2026-08-28 17:34:01.128:"=============执行【Step15-设置主节点地址】==================="                            File: Line:0 Function: Type:Debug:
DateTime:2026-08-28 17:34:01.128:"执行接口函数CCO_AFN55_F1"                            File: Line:0 Function: Type:Debug:
DateTime:2026-08-28 17:34:01.128:callWorkFunction: CCO_AFN55_F1                            File: Line:0 Function: Type:Debug:
DateTime:2026-08-28 17:34:01.128:找到对应函数，进入执行                            File: Line:0 Function: Type:Debug:
DateTime:2026-08-28 17:34:01.632:"等待工装回复超时"                            File: Line:0 Function: Type:Debug:
DateTime:2026-08-28 17:34:01.632:"开始组帧"                            File: Line:0 Function: Type:Debug:
DateTime:2026-08-28 17:34:01.632:"组帧结束"                            File: Line:0 Function: Type:Debug:
DateTime:2026-08-28 17:34:01.632:"367.2Send:设置主节点地址(55H-F1)：=>68 15 00 43 00 00 00 00 00 2B 55 01 00 12 90 78 56 34 12 7A 16"                            File: Line:0 Function: Type:Debug:
DateTime:2026-08-28 17:34:01.632:"槽位2透传:68960096006840000000000022600000010002013C006815004300000000002B5501001290785634127A168916"                            File: Line:0 Function: Type:Debug:
DateTime:2026-08-28 17:34:01.632:"工装发送：68 96 00 96 00 68 40 00 00 00 00 00 22 60 00 00 01 00 02 01 3C 00 68 15 00 43 00 00 00 00 00 2B 55 01 00 12 90 78 56 34 12 7A 16 89 16"                            File: Line:0 Function: Type:Debug:
DateTime:2026-08-28 17:34:01.657:"工装接收：68 32 00 32 00 68 80 00 00 00 00 00 00 60 00 00 01 00 E1 16"                            File: Line:0 Function: Type:Debug:
DateTime:2026-08-28 17:34:01.657:"m_baRecvMsg:"                            File: Line:0 Function: Type:Debug:
DateTime:2026-08-28 17:34:01.657:"frameList.size():1"                            File: Line:0 Function: Type:Debug:
DateTime:2026-08-28 17:34:01.657:"进入报文解析"                            File: Line:0 Function: Type:Debug:
DateTime:2026-08-28 17:34:01.657:"68 32 00 32 00 68 80 00 00 00 00 00 00 60 00 00 01 00 E1 16"                            File: Line:0 Function: Type:Debug:
DateTime:2026-08-28 17:34:01.657:"解码完成，功能码: 1"                            File: Line:0 Function: Type:Debug:
DateTime:2026-08-28 17:34:01.657:"工装回复确认帧"                            File: Line:0 Function: Type:Debug:
DateTime:2026-08-28 17:34:04.679:"uTimeSecond_ms:5000"                            File: Line:0 Function: Type:Debug:
DateTime:2026-08-28 17:34:07.700:"等待工装回复超时"                            File: Line:0 Function: Type:Debug:
DateTime:2026-08-28 17:34:10.722:"等待工装回复超时"                            File: Line:0 Function: Type:Debug:
DateTime:2026-08-28 17:34:10.722:"等待正确报文超时"                            File: Line:0 Function: Type:Debug:
DateTime:2026-08-28 17:34:10.722:dll输出信息: ""                            File: Line:0 Function: Type:Debug:
DateTime:2026-08-28 17:34:10.722:接口函数调用成功，返回的结果为 -999                            File: Line:0 Function: Type:Debug:
DateTime:2026-08-28 17:34:10.722:"外部传入的para：0，返回的result：-999,返回的pValRet：-999"                            File: Line:0 Function: Type:Debug:
DateTime:2026-08-28 17:34:10.722:返回结果不满足预期值                            File: Line:0 Function: Type:Debug:
DateTime:2026-08-28 17:34:10.723:coorIndex 0                            File: Line:0 Function: Type:Debug:
DateTime:2026-08-28 17:34:10.723:当前流程结束                            File: Line:0 Function: Type:Debug:
DateTime:2026-08-28 17:34:10.723:退出connect函数                            File: Line:0 Function: Type:Debug:
DateTime:2026-08-28 17:34:10.723:"=========【Step15-设置主节点地址】结束=========="                            File: Line:0 Function: Type:Debug:
DateTime:2026-08-28 17:34:10.724:"-----------------------------"                            File: Line:0 Function: Type:Debug:
DateTime:2026-08-28 17:34:10.724:"=============执行【Step16-AFN02F1数据转发(2007-校验错)】==================="                            File: Line:0 Function: Type:Debug:
DateTime:2026-08-28 17:34:10.724:"执行接口函数CCO_AFN02_F1"                            File: Line:0 Function: Type:Debug:
DateTime:2026-08-28 17:34:10.724:callWorkFunction: CCO_AFN02_F1                            File: Line:0 Function: Type:Debug:
DateTime:2026-08-28 17:34:10.724:找到对应函数，进入执行                            File: Line:0 Function: Type:Debug:
DateTime:2026-08-28 17:34:11.228:"等待工装回复超时"                            File: Line:0 Function: Type:Debug:
DateTime:2026-08-28 17:34:11.228:"开始组帧"                            File: Line:0 Function: Type:Debug:
DateTime:2026-08-28 17:34:11.228:"组帧结束"                            File: Line:0 Function: Type:Debug:
DateTime:2026-08-28 17:34:11.228:"367.2Send:数据转发(02H-F1)：=>68 2D 00 41 04 00 00 00 00 2C 12 90 78 56 34 12 03 01 10 00 16 19 02 01 00 02 10 68 03 01 10 00 16 19 68 11 04 33 32 34 33 F1 16 7A 16"                            File: Line:0 Function: Type:Debug:
DateTime:2026-08-28 17:34:11.228:"槽位2透传:68F600F6006840000000000022600000010002013C00682D004104000000002C12907856341203011000161902010002106803011000161968110433323433F1167A16A116"                            File: Line:0 Function: Type:Debug:
DateTime:2026-08-28 17:34:11.228:"工装发送：68 F6 00 F6 00 68 40 00 00 00 00 00 22 60 00 00 01 00 02 01 3C 00 68 2D 00 41 04 00 00 00 00 2C 12 90 78 56 34 12 03 01 10 00 16 19 02 01 00 02 10 68 03 01 10 00 16 19 68 11 04 33 32 34 33 F1 16 7A 16 A1 16"                            File: Line:0 Function: Type:Debug:
DateTime:2026-08-28 17:34:11.281:"工装接收：68 32 00 32 00 68 80 00 00 00 00 00 00 60 00 00 01 00 E1 16"                            File: Line:0 Function: Type:Debug:
DateTime:2026-08-28 17:34:11.281:"m_baRecvMsg:"                            File: Line:0 Function: Type:Debug:
DateTime:2026-08-28 17:34:11.281:"frameList.size():1"                            File: Line:0 Function: Type:Debug:
DateTime:2026-08-28 17:34:11.281:"进入报文解析"                            File: Line:0 Function: Type:Debug:
DateTime:2026-08-28 17:34:11.281:"68 32 00 32 00 68 80 00 00 00 00 00 00 60 00 00 01 00 E1 16"                            File: Line:0 Function: Type:Debug:
DateTime:2026-08-28 17:34:11.281:"解码完成，功能码: 1"                            File: Line:0 Function: Type:Debug:
DateTime:2026-08-28 17:34:11.281:"工装回复确认帧"                            File: Line:0 Function: Type:Debug:
DateTime:2026-08-28 17:34:14.303:"uTimeSecond_ms:30000"                            File: Line:0 Function: Type:Debug:
DateTime:2026-08-28 17:34:17.325:"等待工装回复超时"                            File: Line:0 Function: Type:Debug:
DateTime:2026-08-28 17:34:20.347:"等待工装回复超时"                            File: Line:0 Function: Type:Debug:
DateTime:2026-08-28 17:34:23.369:"等待工装回复超时"                            File: Line:0 Function: Type:Debug:
DateTime:2026-08-28 17:34:26.390:"等待工装回复超时"                            File: Line:0 Function: Type:Debug:
DateTime:2026-08-28 17:34:29.412:"等待工装回复超时"                            File: Line:0 Function: Type:Debug:
DateTime:2026-08-28 17:34:32.434:"等待工装回复超时"                            File: Line:0 Function: Type:Debug:
DateTime:2026-08-28 17:34:35.456:"等待工装回复超时"                            File: Line:0 Function: Type:Debug:
DateTime:2026-08-28 17:34:38.478:"等待工装回复超时"                            File: Line:0 Function: Type:Debug:
DateTime:2026-08-28 17:34:41.500:"等待工装回复超时"                            File: Line:0 Function: Type:Debug:
DateTime:2026-08-28 17:34:44.522:"等待工装回复超时"                            File: Line:0 Function: Type:Debug:
DateTime:2026-08-28 17:34:44.522:"等待回复报文超时"                            File: Line:0 Function: Type:Debug:
DateTime:2026-08-28 17:34:44.522:dll输出信息: ""                            File: Line:0 Function: Type:Debug:
DateTime:2026-08-28 17:34:44.522:接口函数调用成功，返回的结果为 0                            File: Line:0 Function: Type:Debug:
DateTime:2026-08-28 17:34:44.522:"外部传入的para：1，返回的result：0,返回的pValRet：1"                            File: Line:0 Function: Type:Debug:
DateTime:2026-08-28 17:34:44.522:"执行接口函数CCO_AFN02_F1完成"                            File: Line:0 Function: Type:Debug:
DateTime:2026-08-28 17:34:44.523:coorIndex 0                            File: Line:0 Function: Type:Debug:
DateTime:2026-08-28 17:34:44.523:当前流程结束                            File: Line:0 Function: Type:Debug:
DateTime:2026-08-28 17:34:44.523:退出connect函数                            File: Line:0 Function: Type:Debug:
DateTime:2026-08-28 17:34:44.523:"=========【Step16-AFN02F1数据转发(2007-校验错)】结束=========="                            File: Line:0 Function: Type:Debug:
DateTime:2026-08-28 17:34:44.523:"-----------------------------"                            File: Line:0 Function: Type:Debug:
DateTime:2026-08-28 17:34:44.527:"=============执行【Step17-AFN02F1数据转发(2007-帧格式非645)】==================="                            File: Line:0 Function: Type:Debug:
DateTime:2026-08-28 17:34:44.527:"执行接口函数CCO_AFN02_F1"                            File: Line:0 Function: Type:Debug:
DateTime:2026-08-28 17:34:44.527:callWorkFunction: CCO_AFN02_F1                            File: Line:0 Function: Type:Debug:
DateTime:2026-08-28 17:34:44.527:找到对应函数，进入执行                            File: Line:0 Function: Type:Debug:
DateTime:2026-08-28 17:34:45.031:"等待工装回复超时"                            File: Line:0 Function: Type:Debug:
DateTime:2026-08-28 17:34:45.031:"开始组帧"                            File: Line:0 Function: Type:Debug:
DateTime:2026-08-28 17:34:45.031:"组帧结束"                            File: Line:0 Function: Type:Debug:
DateTime:2026-08-28 17:34:45.031:"367.2Send:数据转发(02H-F1)：=>68 44 00 41 04 00 00 00 00 2D 12 90 78 56 34 12 03 01 10 00 16 19 02 01 00 02 27 68 25 00 43 05 48 90 26 00 00 10 10 7E C1 09 01 01 00 3C 01 07 05 10 20 18 01 01 33 00 1E 01 00 10 02 00 00 E8 C2 16 8B 16"                            File: Line:0 Function: Type:Debug:
DateTime:2026-08-28 17:34:45.031:"槽位2透传:68520152016840000000000022600000010002013C006844004104000000002D12907856341203011000161902010002276825004305489026000010107EC1090101003C010705102018010133001E010010020000E8C2168B16DA16"                            File: Line:0 Function: Type:Debug:
DateTime:2026-08-28 17:34:45.031:"工装发送：68 52 01 52 01 68 40 00 00 00 00 00 22 60 00 00 01 00 02 01 3C 00 68 44 00 41 04 00 00 00 00 2D 12 90 78 56 34 12 03 01 10 00 16 19 02 01 00 02 27 68 25 00 43 05 48 90 26 00 00 10 10 7E C1 09 01 01 00 3C 01 07 05 10 20 18 01 01 33 00 1E 01 00 10 02 00 00 E8 C2 16 8B 16 DA 16"                            File: Line:0 Function: Type:Debug:
DateTime:2026-08-28 17:34:45.109:"工装接收：68 32 00 32 00 68 80 00 00 00 00 00 00 60 00 00 01 00 E1 16"                            File: Line:0 Function: Type:Debug:
DateTime:2026-08-28 17:34:45.109:"m_baRecvMsg:"                            File: Line:0 Function: Type:Debug:
DateTime:2026-08-28 17:34:45.109:"frameList.size():1"                            File: Line:0 Function: Type:Debug:
DateTime:2026-08-28 17:34:45.109:"进入报文解析"                            File: Line:0 Function: Type:Debug:
DateTime:2026-08-28 17:34:45.109:"68 32 00 32 00 68 80 00 00 00 00 00 00 60 00 00 01 00 E1 16"                            File: Line:0 Function: Type:Debug:
DateTime:2026-08-28 17:34:45.110:"解码完成，功能码: 1"                            File: Line:0 Function: Type:Debug:
DateTime:2026-08-28 17:34:45.110:"工装回复确认帧"                            File: Line:0 Function: Type:Debug:
DateTime:2026-08-28 17:34:48.032:"uTimeSecond_ms:30000"                            File: Line:0 Function: Type:Debug:
DateTime:2026-08-28 17:34:51.054:"等待工装回复超时"                            File: Line:0 Function: Type:Debug:
DateTime:2026-08-28 17:34:54.075:"等待工装回复超时"                            File: Line:0 Function: Type:Debug:
DateTime:2026-08-28 17:34:57.097:"等待工装回复超时"                            File: Line:0 Function: Type:Debug:
DateTime:2026-08-28 17:35:00.119:"等待工装回复超时"                            File: Line:0 Function: Type:Debug:
DateTime:2026-08-28 17:35:03.141:"等待工装回复超时"                            File: Line:0 Function: Type:Debug:
DateTime:2026-08-28 17:35:06.163:"等待工装回复超时"                            File: Line:0 Function: Type:Debug:
DateTime:2026-08-28 17:35:09.185:"等待工装回复超时"                            File: Line:0 Function: Type:Debug:
DateTime:2026-08-28 17:35:12.207:"等待工装回复超时"                            File: Line:0 Function: Type:Debug:
DateTime:2026-08-28 17:35:15.229:"等待工装回复超时"                            File: Line:0 Function: Type:Debug:
DateTime:2026-08-28 17:35:18.251:"等待工装回复超时"                            File: Line:0 Function: Type:Debug:
DateTime:2026-08-28 17:35:18.251:"等待回复报文超时"                            File: Line:0 Function: Type:Debug:
DateTime:2026-08-28 17:35:18.251:dll输出信息: ""                            File: Line:0 Function: Type:Debug:
DateTime:2026-08-28 17:35:18.251:接口函数调用成功，返回的结果为 0                            File: Line:0 Function: Type:Debug:
DateTime:2026-08-28 17:35:18.251:"外部传入的para：1，返回的result：0,返回的pValRet：1"                            File: Line:0 Function: Type:Debug:
DateTime:2026-08-28 17:35:18.251:"执行接口函数CCO_AFN02_F1完成"                            File: Line:0 Function: Type:Debug:
DateTime:2026-08-28 17:35:18.253:coorIndex 0                            File: Line:0 Function: Type:Debug:
DateTime:2026-08-28 17:35:18.253:当前流程结束                            File: Line:0 Function: Type:Debug:
DateTime:2026-08-28 17:35:18.253:退出connect函数                            File: Line:0 Function: Type:Debug:
DateTime:2026-08-28 17:35:18.253:"=========【Step17-AFN02F1数据转发(2007-帧格式非645)】结束=========="                            File: Line:0 Function: Type:Debug:
DateTime:2026-08-28 17:35:18.253:"-----------------------------"                            File: Line:0 Function: Type:Debug:
DateTime:2026-08-28 17:35:18.253:"=============执行【Step18-AFN02F1数据转发(2007-帧头非68)】==================="                            File: Line:0 Function: Type:Debug:
DateTime:2026-08-28 17:35:18.253:"执行接口函数CCO_AFN02_F1"                            File: Line:0 Function: Type:Debug:
DateTime:2026-08-28 17:35:18.253:callWorkFunction: CCO_AFN02_F1                            File: Line:0 Function: Type:Debug:
DateTime:2026-08-28 17:35:18.253:找到对应函数，进入执行                            File: Line:0 Function: Type:Debug:
DateTime:2026-08-28 17:35:18.757:"等待工装回复超时"                            File: Line:0 Function: Type:Debug:
DateTime:2026-08-28 17:35:18.757:"开始组帧"                            File: Line:0 Function: Type:Debug:
DateTime:2026-08-28 17:35:18.757:"组帧结束"                            File: Line:0 Function: Type:Debug:
DateTime:2026-08-28 17:35:18.757:"367.2Send:数据转发(02H-F1)：=>68 2D 00 41 04 00 00 00 00 2E 12 90 78 56 34 12 03 01 10 00 16 19 02 01 00 02 10 67 03 01 10 00 16 19 68 11 04 33 32 34 33 F4 16 7E 16"                            File: Line:0 Function: Type:Debug:
DateTime:2026-08-28 17:35:18.757:"槽位2透传:68F600F6006840000000000022600000010002013C00682D004104000000002E12907856341203011000161902010002106703011000161968110433323433F4167E16A916"                            File: Line:0 Function: Type:Debug:
DateTime:2026-08-28 17:35:18.757:"工装发送：68 F6 00 F6 00 68 40 00 00 00 00 00 22 60 00 00 01 00 02 01 3C 00 68 2D 00 41 04 00 00 00 00 2E 12 90 78 56 34 12 03 01 10 00 16 19 02 01 00 02 10 67 03 01 10 00 16 19 68 11 04 33 32 34 33 F4 16 7E 16 A9 16"                            File: Line:0 Function: Type:Debug:
DateTime:2026-08-28 17:35:18.810:"工装接收：68 32 00 32 00 68 80 00 00 00 00 00 00 60 00 00 01 00 E1 16"                            File: Line:0 Function: Type:Debug:
DateTime:2026-08-28 17:35:18.810:"m_baRecvMsg:"                            File: Line:0 Function: Type:Debug:
DateTime:2026-08-28 17:35:18.810:"frameList.size():1"                            File: Line:0 Function: Type:Debug:
DateTime:2026-08-28 17:35:18.810:"进入报文解析"                            File: Line:0 Function: Type:Debug:
DateTime:2026-08-28 17:35:18.810:"68 32 00 32 00 68 80 00 00 00 00 00 00 60 00 00 01 00 E1 16"                            File: Line:0 Function: Type:Debug:
DateTime:2026-08-28 17:35:18.810:"解码完成，功能码: 1"                            File: Line:0 Function: Type:Debug:
DateTime:2026-08-28 17:35:18.810:"工装回复确认帧"                            File: Line:0 Function: Type:Debug:
DateTime:2026-08-28 17:35:18.865:"工装接收：68 B2 00 B2 00 68 80 00 00 00 00 00 22 60 00 00 01 00 02 1D 00 68 1D 00 83 04 00 00 00 00 2E 00 00 00 00 00 00 03 01 10 00 16 19 02 01 00 02 00 FD 16 B7 16"                            File: Line:0 Function: Type:Debug:
DateTime:2026-08-28 17:35:18.865:"m_baRecvMsg:"                            File: Line:0 Function: Type:Debug:
DateTime:2026-08-28 17:35:18.865:"frameList.size():1"                            File: Line:0 Function: Type:Debug:
DateTime:2026-08-28 17:35:18.865:"进入报文解析"                            File: Line:0 Function: Type:Debug:
DateTime:2026-08-28 17:35:18.865:"68 B2 00 B2 00 68 80 00 00 00 00 00 22 60 00 00 01 00 02 1D 00 68 1D 00 83 04 00 00 00 00 2E 00 00 00 00 00 00 03 01 10 00 16 19 02 01 00 02 00 FD 16 B7 16"                            File: Line:0 Function: Type:Debug:
DateTime:2026-08-28 17:35:18.865:"解码完成，功能码: 4"                            File: Line:0 Function: Type:Debug:
DateTime:2026-08-28 17:35:18.865:"工装接收到透传报文"                            File: Line:0 Function: Type:Debug:
DateTime:2026-08-28 17:35:18.865:"021D00681D008304000000002E0000000000000301100016190201000200FD16"                            File: Line:0 Function: Type:Debug:
DateTime:2026-08-28 17:35:18.865:"透传报文内容:68 1d 00 83 04 00 00 00 00 2e 00 00 00 00 00 00 03 01 10 00 16 19 02 01 00 02 00 fd 16"                            File: Line:0 Function: Type:Debug:
DateTime:2026-08-28 17:35:21.786:"uTimeSecond_ms:30000"                            File: Line:0 Function: Type:Debug:
DateTime:2026-08-28 17:35:21.786:"查找结果: iret=0, wStart=0, dwOutLen=29, dwStreamLen=29, dwFindPos=0"                            File: Line:0 Function: Type:Debug:
DateTime:2026-08-28 17:35:21.786:"Receive:<= 68 1D 00 83 04 00 00 00 00 2E 00 00 00 00 00 00 03 01 10 00 16 19 02 01 00 02 00 FD 16"                            File: Line:0 Function: Type:Debug:
DateTime:2026-08-28 17:35:21.786:"解析：功能码-AFN=02H,Fn=1："                            File: Line:0 Function: Type:Debug:
DateTime:2026-08-28 17:35:21.786:"透传回复内容：0200"                            File: Line:0 Function: Type:Debug:
DateTime:2026-08-28 17:35:21.786:"透传数据长度不足"                            File: Line:0 Function: Type:Debug:
DateTime:2026-08-28 17:35:21.786:dll输出信息: ""                            File: Line:0 Function: Type:Debug:
DateTime:2026-08-28 17:35:21.786:接口函数调用成功，返回的结果为 0                            File: Line:0 Function: Type:Debug:
DateTime:2026-08-28 17:35:21.786:"外部传入的para：1，返回的result：0,返回的pValRet：1"                            File: Line:0 Function: Type:Debug:
DateTime:2026-08-28 17:35:21.786:"执行接口函数CCO_AFN02_F1完成"                            File: Line:0 Function: Type:Debug:
DateTime:2026-08-28 17:35:21.788:coorIndex 0                            File: Line:0 Function: Type:Debug:
DateTime:2026-08-28 17:35:21.788:当前流程结束                            File: Line:0 Function: Type:Debug:
DateTime:2026-08-28 17:35:21.788:退出connect函数                            File: Line:0 Function: Type:Debug:
DateTime:2026-08-28 17:35:21.788:"=========【Step18-AFN02F1数据转发(2007-帧头非68)】结束=========="                            File: Line:0 Function: Type:Debug:
DateTime:2026-08-28 17:35:21.788:"-----------------------------"                            File: Line:0 Function: Type:Debug:
DateTime:2026-08-28 17:35:21.788:"=============执行【Step19-AFN02F1数据转发(2007-帧尾非16)】==================="                            File: Line:0 Function: Type:Debug:
DateTime:2026-08-28 17:35:21.788:"执行接口函数CCO_AFN02_F1"                            File: Line:0 Function: Type:Debug:
DateTime:2026-08-28 17:35:21.789:callWorkFunction: CCO_AFN02_F1                            File: Line:0 Function: Type:Debug:
DateTime:2026-08-28 17:35:21.789:找到对应函数，进入执行                            File: Line:0 Function: Type:Debug:
DateTime:2026-08-28 17:35:22.293:"等待工装回复超时"                            File: Line:0 Function: Type:Debug:
DateTime:2026-08-28 17:35:22.293:"开始组帧"                            File: Line:0 Function: Type:Debug:
DateTime:2026-08-28 17:35:22.293:"组帧结束"                            File: Line:0 Function: Type:Debug:
DateTime:2026-08-28 17:35:22.293:"367.2Send:数据转发(02H-F1)：=>68 2D 00 41 04 00 00 00 00 2F 12 90 78 56 34 12 03 01 10 00 16 19 02 01 00 02 10 68 03 01 10 00 16 19 68 11 04 33 32 34 33 F4 17 81 16"                            File: Line:0 Function: Type:Debug:
DateTime:2026-08-28 17:35:22.293:"槽位2透传:68F600F6006840000000000022600000010002013C00682D004104000000002F12907856341203011000161902010002106803011000161968110433323433F4178116AF16"                            File: Line:0 Function: Type:Debug:
DateTime:2026-08-28 17:35:22.293:"工装发送：68 F6 00 F6 00 68 40 00 00 00 00 00 22 60 00 00 01 00 02 01 3C 00 68 2D 00 41 04 00 00 00 00 2F 12 90 78 56 34 12 03 01 10 00 16 19 02 01 00 02 10 68 03 01 10 00 16 19 68 11 04 33 32 34 33 F4 17 81 16 AF 16"                            File: Line:0 Function: Type:Debug:
DateTime:2026-08-28 17:35:22.346:"工装接收：68 32 00 32 00 68 80 00 00 00 00 00 00 60 00 00 01 00 E1 16"                            File: Line:0 Function: Type:Debug:
DateTime:2026-08-28 17:35:22.346:"m_baRecvMsg:"                            File: Line:0 Function: Type:Debug:
DateTime:2026-08-28 17:35:22.346:"frameList.size():1"                            File: Line:0 Function: Type:Debug:
DateTime:2026-08-28 17:35:22.346:"进入报文解析"                            File: Line:0 Function: Type:Debug:
DateTime:2026-08-28 17:35:22.346:"68 32 00 32 00 68 80 00 00 00 00 00 00 60 00 00 01 00 E1 16"                            File: Line:0 Function: Type:Debug:
DateTime:2026-08-28 17:35:22.346:"解码完成，功能码: 1"                            File: Line:0 Function: Type:Debug:
DateTime:2026-08-28 17:35:22.346:"工装回复确认帧"                            File: Line:0 Function: Type:Debug:
DateTime:2026-08-28 17:35:22.388:"工装接收：68 B2 00 B2 00 68 80 00 00 00 00 00 22 60 00 00 01 00 02 1D 00 68 1D 00 83 04 00 00 00 00 2F 00 00 00 00 00 00 03 01 10 00 16 19 02 01 00 02 00 FE 16 B9 16"                            File: Line:0 Function: Type:Debug:
DateTime:2026-08-28 17:35:22.388:"m_baRecvMsg:"                            File: Line:0 Function: Type:Debug:
DateTime:2026-08-28 17:35:22.388:"frameList.size():1"                            File: Line:0 Function: Type:Debug:
DateTime:2026-08-28 17:35:22.388:"进入报文解析"                            File: Line:0 Function: Type:Debug:
DateTime:2026-08-28 17:35:22.388:"68 B2 00 B2 00 68 80 00 00 00 00 00 22 60 00 00 01 00 02 1D 00 68 1D 00 83 04 00 00 00 00 2F 00 00 00 00 00 00 03 01 10 00 16 19 02 01 00 02 00 FE 16 B9 16"                            File: Line:0 Function: Type:Debug:
DateTime:2026-08-28 17:35:22.388:"解码完成，功能码: 4"                            File: Line:0 Function: Type:Debug:
DateTime:2026-08-28 17:35:22.388:"工装接收到透传报文"                            File: Line:0 Function: Type:Debug:
DateTime:2026-08-28 17:35:22.388:"021D00681D008304000000002F0000000000000301100016190201000200FE16"                            File: Line:0 Function: Type:Debug:
DateTime:2026-08-28 17:35:22.388:"透传报文内容:68 1d 00 83 04 00 00 00 00 2f 00 00 00 00 00 00 03 01 10 00 16 19 02 01 00 02 00 fe 16"                            File: Line:0 Function: Type:Debug:
DateTime:2026-08-28 17:35:25.309:"uTimeSecond_ms:30000"                            File: Line:0 Function: Type:Debug:
DateTime:2026-08-28 17:35:25.309:"查找结果: iret=0, wStart=0, dwOutLen=29, dwStreamLen=29, dwFindPos=0"                            File: Line:0 Function: Type:Debug:
DateTime:2026-08-28 17:35:25.309:"Receive:<= 68 1D 00 83 04 00 00 00 00 2F 00 00 00 00 00 00 03 01 10 00 16 19 02 01 00 02 00 FE 16"                            File: Line:0 Function: Type:Debug:
DateTime:2026-08-28 17:35:25.309:"解析：功能码-AFN=02H,Fn=1："                            File: Line:0 Function: Type:Debug:
DateTime:2026-08-28 17:35:25.309:"透传回复内容：0200"                            File: Line:0 Function: Type:Debug:
DateTime:2026-08-28 17:35:25.309:"透传数据长度不足"                            File: Line:0 Function: Type:Debug:
DateTime:2026-08-28 17:35:25.309:dll输出信息: ""                            File: Line:0 Function: Type:Debug:
DateTime:2026-08-28 17:35:25.309:接口函数调用成功，返回的结果为 0                            File: Line:0 Function: Type:Debug:
DateTime:2026-08-28 17:35:25.309:"外部传入的para：1，返回的result：0,返回的pValRet：1"                            File: Line:0 Function: Type:Debug:
DateTime:2026-08-28 17:35:25.309:"执行接口函数CCO_AFN02_F1完成"                            File: Line:0 Function: Type:Debug:
DateTime:2026-08-28 17:35:25.311:coorIndex 0                            File: Line:0 Function: Type:Debug:
DateTime:2026-08-28 17:35:25.311:当前流程结束                            File: Line:0 Function: Type:Debug:
DateTime:2026-08-28 17:35:25.311:退出connect函数                            File: Line:0 Function: Type:Debug:
DateTime:2026-08-28 17:35:25.311:"=========【Step19-AFN02F1数据转发(2007-帧尾非16)】结束=========="                            File: Line:0 Function: Type:Debug:
DateTime:2026-08-28 17:35:25.311:"-----------------------------"                            File: Line:0 Function: Type:Debug:
DateTime:2026-08-28 17:35:25.314:"=============执行【Step20-参数区初始化】==================="                            File: Line:0 Function: Type:Debug:
DateTime:2026-08-28 17:35:25.314:"执行接口函数CCO_AFN51_F2"                            File: Line:0 Function: Type:Debug:
DateTime:2026-08-28 17:35:25.314:callWorkFunction: CCO_AFN51_F2                            File: Line:0 Function: Type:Debug:
DateTime:2026-08-28 17:35:25.314:找到对应函数，进入执行                            File: Line:0 Function: Type:Debug:
DateTime:2026-08-28 17:35:25.818:"等待工装回复超时"                            File: Line:0 Function: Type:Debug:
DateTime:2026-08-28 17:35:25.818:"开始组帧"                            File: Line:0 Function: Type:Debug:
DateTime:2026-08-28 17:35:25.818:"组帧结束"                            File: Line:0 Function: Type:Debug:
DateTime:2026-08-28 17:35:25.818:"367.2Send:参数初始化(51H-F2)：=>68 0F 00 43 00 00 00 00 00 30 51 02 00 C6 16"                            File: Line:0 Function: Type:Debug:
DateTime:2026-08-28 17:35:25.818:"槽位2透传:687E007E006840000000000022600000010002013C00680F0043000000000030510200C6161B16"                            File: Line:0 Function: Type:Debug:
DateTime:2026-08-28 17:35:25.818:"工装发送：68 7E 00 7E 00 68 40 00 00 00 00 00 22 60 00 00 01 00 02 01 3C 00 68 0F 00 43 00 00 00 00 00 30 51 02 00 C6 16 1B 16"                            File: Line:0 Function: Type:Debug:
DateTime:2026-08-28 17:35:25.836:"工装接收：68 32 00 32 00 68 80 00 00 00 00 00 00 60 00 00 01 00 E1 16"                            File: Line:0 Function: Type:Debug:
DateTime:2026-08-28 17:35:25.836:"m_baRecvMsg:"                            File: Line:0 Function: Type:Debug:
DateTime:2026-08-28 17:35:25.836:"frameList.size():1"                            File: Line:0 Function: Type:Debug:
DateTime:2026-08-28 17:35:25.836:"进入报文解析"                            File: Line:0 Function: Type:Debug:
DateTime:2026-08-28 17:35:25.836:"68 32 00 32 00 68 80 00 00 00 00 00 00 60 00 00 01 00 E1 16"                            File: Line:0 Function: Type:Debug:
DateTime:2026-08-28 17:35:25.836:"解码完成，功能码: 1"                            File: Line:0 Function: Type:Debug:
DateTime:2026-08-28 17:35:25.836:"工装回复确认帧"                            File: Line:0 Function: Type:Debug:
DateTime:2026-08-28 17:35:25.880:"工装接收：68 7A 00 7A 00 68 80 00 00 00 00 00 22 60 00 00 01 00 02 0F 00 68 0F 00 80 00 00 00 00 00 30 50 01 00 01 16 A3 16"                            File: Line:0 Function: Type:Debug:
DateTime:2026-08-28 17:35:25.880:"m_baRecvMsg:"                            File: Line:0 Function: Type:Debug:
DateTime:2026-08-28 17:35:25.880:"frameList.size():1"                            File: Line:0 Function: Type:Debug:
DateTime:2026-08-28 17:35:25.880:"进入报文解析"                            File: Line:0 Function: Type:Debug:
DateTime:2026-08-28 17:35:25.880:"68 7A 00 7A 00 68 80 00 00 00 00 00 22 60 00 00 01 00 02 0F 00 68 0F 00 80 00 00 00 00 00 30 50 01 00 01 16 A3 16"                            File: Line:0 Function: Type:Debug:
DateTime:2026-08-28 17:35:25.880:"解码完成，功能码: 4"                            File: Line:0 Function: Type:Debug:
DateTime:2026-08-28 17:35:25.880:"工装接收到透传报文"                            File: Line:0 Function: Type:Debug:
DateTime:2026-08-28 17:35:25.880:"020F00680F00800000000000305001000116"                            File: Line:0 Function: Type:Debug:
DateTime:2026-08-28 17:35:25.880:"透传报文内容:68 0f 00 80 00 00 00 00 00 30 50 01 00 01 16"                            File: Line:0 Function: Type:Debug:
DateTime:2026-08-28 17:35:28.902:"uTimeSecond_ms:20000"                            File: Line:0 Function: Type:Debug:
DateTime:2026-08-28 17:35:28.902:"查找结果: iret=0, wStart=0, dwOutLen=15, dwStreamLen=15, dwFindPos=0"                            File: Line:0 Function: Type:Debug:
DateTime:2026-08-28 17:35:28.902:"Receive:<= 68 0F 00 80 00 00 00 00 00 30 50 01 00 01 16"                            File: Line:0 Function: Type:Debug:
DateTime:2026-08-28 17:35:28.902:"解析：功能码-AFN=50H,Fn=1："                            File: Line:0 Function: Type:Debug:
DateTime:2026-08-28 17:35:28.902:"参数区初始化成功"                            File: Line:0 Function: Type:Debug:
DateTime:2026-08-28 17:35:28.902:dll输出信息: ""                            File: Line:0 Function: Type:Debug:
DateTime:2026-08-28 17:35:28.902:接口函数调用成功，返回的结果为 0                            File: Line:0 Function: Type:Debug:
DateTime:2026-08-28 17:35:28.902:"外部传入的para：0，返回的result：0,返回的pValRet：0"                            File: Line:0 Function: Type:Debug:
DateTime:2026-08-28 17:35:28.902:"执行接口函数CCO_AFN51_F2完成"                            File: Line:0 Function: Type:Debug:
DateTime:2026-08-28 17:35:28.903:coorIndex 0                            File: Line:0 Function: Type:Debug:
DateTime:2026-08-28 17:35:28.903:当前流程结束                            File: Line:0 Function: Type:Debug:
DateTime:2026-08-28 17:35:28.903:退出connect函数                            File: Line:0 Function: Type:Debug:
DateTime:2026-08-28 17:35:28.904:"=========【Step20-参数区初始化】结束=========="                            File: Line:0 Function: Type:Debug:
DateTime:2026-08-28 17:35:28.904:"-----------------------------"                            File: Line:0 Function: Type:Debug:
DateTime:2026-08-28 17:35:28.904:"=============执行【执行延时】==================="                            File: Line:0 Function: Type:Debug:
DateTime:2026-08-28 17:35:28.904:"执行接口函数Func_Delay"                            File: Line:0 Function: Type:Debug:
DateTime:2026-08-28 17:35:28.904:callWorkFunction: Func_Delay                            File: Line:0 Function: Type:Debug:
DateTime:2026-08-28 17:35:28.904:找到对应函数，进入执行                            File: Line:0 Function: Type:Debug:
DateTime:2026-08-28 17:35:28.904:"延时时间为5s"                            File: Line:0 Function: Type:Debug:
DateTime:2026-08-28 17:35:28.904:"uTimeSecond_ms:5000"                            File: Line:0 Function: Type:Debug:
DateTime:2026-08-28 17:35:31.926:"等待工装回复超时"                            File: Line:0 Function: Type:Debug:
DateTime:2026-08-28 17:35:34.948:"等待工装回复超时"                            File: Line:0 Function: Type:Debug:
DateTime:2026-08-28 17:35:34.948:"延时时间到"                            File: Line:0 Function: Type:Debug:
DateTime:2026-08-28 17:35:35.049:dll输出信息: ""                            File: Line:0 Function: Type:Debug:
DateTime:2026-08-28 17:35:35.049:接口函数调用成功，返回的结果为 0                            File: Line:0 Function: Type:Debug:
DateTime:2026-08-28 17:35:35.049:"外部传入的para：0，返回的result：0,返回的pValRet：0"                            File: Line:0 Function: Type:Debug:
DateTime:2026-08-28 17:35:35.049:"执行接口函数Func_Delay完成"                            File: Line:0 Function: Type:Debug:
DateTime:2026-08-28 17:35:35.049:coorIndex 0                            File: Line:0 Function: Type:Debug:
DateTime:2026-08-28 17:35:35.049:当前流程结束                            File: Line:0 Function: Type:Debug:
DateTime:2026-08-28 17:35:35.049:退出connect函数                            File: Line:0 Function: Type:Debug:
DateTime:2026-08-28 17:35:35.050:"=========【执行延时】结束=========="                            File: Line:0 Function: Type:Debug:
DateTime:2026-08-28 17:35:35.050:"-----------------------------"                            File: Line:0 Function: Type:Debug:
DateTime:2026-08-28 17:35:35.050:"=============执行【Step21-设置主节点地址】==================="                            File: Line:0 Function: Type:Debug:
DateTime:2026-08-28 17:35:35.050:"执行接口函数CCO_AFN05_F1"                            File: Line:0 Function: Type:Debug:
DateTime:2026-08-28 17:35:35.050:callWorkFunction: CCO_AFN05_F1                            File: Line:0 Function: Type:Debug:
DateTime:2026-08-28 17:35:35.050:找到对应函数，进入执行                            File: Line:0 Function: Type:Debug:
DateTime:2026-08-28 17:35:35.555:"等待工装回复超时"                            File: Line:0 Function: Type:Debug:
DateTime:2026-08-28 17:35:35.555:"开始组帧"                            File: Line:0 Function: Type:Debug:
DateTime:2026-08-28 17:35:35.555:"组帧结束"                            File: Line:0 Function: Type:Debug:
DateTime:2026-08-28 17:35:35.555:"367.2Send:设置主节点地址(05H-F1)：=>68 15 00 43 00 00 00 00 00 31 05 01 00 12 90 78 56 34 12 30 16"                            File: Line:0 Function: Type:Debug:
DateTime:2026-08-28 17:35:35.555:"槽位2透传:68960096006840000000000022600000010002013C00681500430000000000310501001290785634123016F516"                            File: Line:0 Function: Type:Debug:
DateTime:2026-08-28 17:35:35.555:"工装发送：68 96 00 96 00 68 40 00 00 00 00 00 22 60 00 00 01 00 02 01 3C 00 68 15 00 43 00 00 00 00 00 31 05 01 00 12 90 78 56 34 12 30 16 F5 16"                            File: Line:0 Function: Type:Debug:
DateTime:2026-08-28 17:35:35.579:"工装接收：68 32 00 32 00 68 80 00 00 00 00 00 00 60 00 00 01 00 E1 16"                            File: Line:0 Function: Type:Debug:
DateTime:2026-08-28 17:35:35.579:"m_baRecvMsg:"                            File: Line:0 Function: Type:Debug:
DateTime:2026-08-28 17:35:35.579:"frameList.size():1"                            File: Line:0 Function: Type:Debug:
DateTime:2026-08-28 17:35:35.579:"进入报文解析"                            File: Line:0 Function: Type:Debug:
DateTime:2026-08-28 17:35:35.579:"68 32 00 32 00 68 80 00 00 00 00 00 00 60 00 00 01 00 E1 16"                            File: Line:0 Function: Type:Debug:
DateTime:2026-08-28 17:35:35.579:"解码完成，功能码: 1"                            File: Line:0 Function: Type:Debug:
DateTime:2026-08-28 17:35:35.579:"工装回复确认帧"                            File: Line:0 Function: Type:Debug:
DateTime:2026-08-28 17:35:38.601:"uTimeSecond_ms:5000"                            File: Line:0 Function: Type:Debug:
DateTime:2026-08-28 17:35:41.623:"等待工装回复超时"                            File: Line:0 Function: Type:Debug:
DateTime:2026-08-28 17:35:44.645:"等待工装回复超时"                            File: Line:0 Function: Type:Debug:
DateTime:2026-08-28 17:35:44.645:"等待正确报文超时"                            File: Line:0 Function: Type:Debug:
DateTime:2026-08-28 17:35:44.746:dll输出信息: ""                            File: Line:0 Function: Type:Debug:
DateTime:2026-08-28 17:35:44.746:接口函数调用成功，返回的结果为 -999                            File: Line:0 Function: Type:Debug:
DateTime:2026-08-28 17:35:44.746:"外部传入的para：0，返回的result：-999,返回的pValRet：-999"                            File: Line:0 Function: Type:Debug:
DateTime:2026-08-28 17:35:44.746:返回结果不满足预期值                            File: Line:0 Function: Type:Debug:
DateTime:2026-08-28 17:35:44.747:coorIndex 0                            File: Line:0 Function: Type:Debug:
DateTime:2026-08-28 17:35:44.747:当前流程结束                            File: Line:0 Function: Type:Debug:
DateTime:2026-08-28 17:35:44.747:退出connect函数                            File: Line:0 Function: Type:Debug:
DateTime:2026-08-28 17:35:44.747:"=========【Step21-设置主节点地址】结束=========="                            File: Line:0 Function: Type:Debug:
DateTime:2026-08-28 17:35:44.747:"-----------------------------"                            File: Line:0 Function: Type:Debug:
DateTime:2026-08-28 17:35:44.751:"=============执行【Step22-AFN02F1数据转发(透传-无档案抄表)】==================="                            File: Line:0 Function: Type:Debug:
DateTime:2026-08-28 17:35:44.751:"执行接口函数CCO_AFN02_F1"                            File: Line:0 Function: Type:Debug:
DateTime:2026-08-28 17:35:44.752:callWorkFunction: CCO_AFN02_F1                            File: Line:0 Function: Type:Debug:
DateTime:2026-08-28 17:35:44.752:找到对应函数，进入执行                            File: Line:0 Function: Type:Debug:
DateTime:2026-08-28 17:35:45.256:"等待工装回复超时"                            File: Line:0 Function: Type:Debug:
DateTime:2026-08-28 17:35:45.256:"开始组帧"                            File: Line:0 Function: Type:Debug:
DateTime:2026-08-28 17:35:45.256:"组帧结束"                            File: Line:0 Function: Type:Debug:
DateTime:2026-08-28 17:35:45.256:"367.2Send:数据转发(02H-F1)：=>68 2D 00 41 04 00 00 00 00 32 12 90 78 56 34 12 03 01 10 00 16 19 02 01 00 00 10 68 03 01 10 00 16 19 68 11 04 33 33 34 33 F5 16 83 16"                            File: Line:0 Function: Type:Debug:
DateTime:2026-08-28 17:35:45.256:"槽位2透传:68F600F6006840000000000022600000010002013C00682D004104000000003212907856341203011000161902010000106803011000161968110433333433F5168316B316"                            File: Line:0 Function: Type:Debug:
DateTime:2026-08-28 17:35:45.256:"工装发送：68 F6 00 F6 00 68 40 00 00 00 00 00 22 60 00 00 01 00 02 01 3C 00 68 2D 00 41 04 00 00 00 00 32 12 90 78 56 34 12 03 01 10 00 16 19 02 01 00 00 10 68 03 01 10 00 16 19 68 11 04 33 33 34 33 F5 16 83 16 B3 16"                            File: Line:0 Function: Type:Debug:
DateTime:2026-08-28 17:35:45.308:"工装接收：68 32 00 32 00 68 80 00 00 00 00 00 00 60 00 00 01 00 E1 16"                            File: Line:0 Function: Type:Debug:
DateTime:2026-08-28 17:35:45.308:"m_baRecvMsg:"                            File: Line:0 Function: Type:Debug:
DateTime:2026-08-28 17:35:45.308:"frameList.size():1"                            File: Line:0 Function: Type:Debug:
DateTime:2026-08-28 17:35:45.308:"进入报文解析"                            File: Line:0 Function: Type:Debug:
DateTime:2026-08-28 17:35:45.308:"68 32 00 32 00 68 80 00 00 00 00 00 00 60 00 00 01 00 E1 16"                            File: Line:0 Function: Type:Debug:
DateTime:2026-08-28 17:35:45.308:"解码完成，功能码: 1"                            File: Line:0 Function: Type:Debug:
DateTime:2026-08-28 17:35:45.308:"工装回复确认帧"                            File: Line:0 Function: Type:Debug:
DateTime:2026-08-28 17:35:48.330:"uTimeSecond_ms:30000"                            File: Line:0 Function: Type:Debug:
DateTime:2026-08-28 17:35:51.352:"等待工装回复超时"                            File: Line:0 Function: Type:Debug:
DateTime:2026-08-28 17:35:54.374:"等待工装回复超时"                            File: Line:0 Function: Type:Debug:
DateTime:2026-08-28 17:35:57.396:"等待工装回复超时"                            File: Line:0 Function: Type:Debug:
DateTime:2026-08-28 17:36:00.418:"等待工装回复超时"                            File: Line:0 Function: Type:Debug:
DateTime:2026-08-28 17:36:03.440:"等待工装回复超时"                            File: Line:0 Function: Type:Debug:
DateTime:2026-08-28 17:36:06.462:"等待工装回复超时"                            File: Line:0 Function: Type:Debug:
DateTime:2026-08-28 17:36:09.484:"等待工装回复超时"                            File: Line:0 Function: Type:Debug:
DateTime:2026-08-28 17:36:12.506:"等待工装回复超时"                            File: Line:0 Function: Type:Debug:
DateTime:2026-08-28 17:36:15.528:"等待工装回复超时"                            File: Line:0 Function: Type:Debug:
DateTime:2026-08-28 17:36:18.550:"等待工装回复超时"                            File: Line:0 Function: Type:Debug:
DateTime:2026-08-28 17:36:18.550:"等待回复报文超时"                            File: Line:0 Function: Type:Debug:
DateTime:2026-08-28 17:36:18.550:dll输出信息: ""                            File: Line:0 Function: Type:Debug:
DateTime:2026-08-28 17:36:18.550:接口函数调用成功，返回的结果为 0                            File: Line:0 Function: Type:Debug:
DateTime:2026-08-28 17:36:18.550:"外部传入的para：1，返回的result：0,返回的pValRet：1"                            File: Line:0 Function: Type:Debug:
DateTime:2026-08-28 17:36:18.550:"执行接口函数CCO_AFN02_F1完成"                            File: Line:0 Function: Type:Debug:
DateTime:2026-08-28 17:36:18.551:coorIndex 0                            File: Line:0 Function: Type:Debug:
DateTime:2026-08-28 17:36:18.551:当前流程结束                            File: Line:0 Function: Type:Debug:
DateTime:2026-08-28 17:36:18.551:退出connect函数                            File: Line:0 Function: Type:Debug:
DateTime:2026-08-28 17:36:18.552:"=========【Step22-AFN02F1数据转发(透传-无档案抄表)】结束=========="                            File: Line:0 Function: Type:Debug:
DateTime:2026-08-28 17:36:18.552:"-----------------------------"                            File: Line:0 Function: Type:Debug:
DateTime:2026-08-28 17:36:18.552:"=============执行【测试结束EB031101清空从节点档案】==================="                            File: Line:0 Function: Type:Debug:
DateTime:2026-08-28 17:36:18.552:"执行接口函数CCO_AFN52_F1_EB031101_set"                            File: Line:0 Function: Type:Debug:
DateTime:2026-08-28 17:36:18.552:callWorkFunction: CCO_AFN52_F1_EB031101_set                            File: Line:0 Function: Type:Debug:
DateTime:2026-08-28 17:36:18.552:找到对应函数，进入执行                            File: Line:0 Function: Type:Debug:
DateTime:2026-08-28 17:36:19.056:"等待工装回复超时"                            File: Line:0 Function: Type:Debug:
DateTime:2026-08-28 17:36:19.056:"开始组帧"                            File: Line:0 Function: Type:Debug:
DateTime:2026-08-28 17:36:19.056:"组帧结束"                            File: Line:0 Function: Type:Debug:
DateTime:2026-08-28 17:36:19.056:"367.2Send:数据转发(设置-从节点档案清单管理-删除表,EB031101)：=>68 59 00 43 00 00 00 00 00 33 52 01 00 02 12 90 78 56 34 12 6B 8A E8 3E 00 68 12 90 78 56 34 12 68 14 32 34 44 36 1E 3B 33 33 33 44 44 44 44 33 39 36 34 43 33 49 4C 37 34 43 33 49 4C 38 34 43 33 49 4C 39 34 43 33 49 4C 3A 34 43 33 49 4C 3B 34 43 33 49 4C B5 16 1C 16"                            File: Line:0 Function: Type:Debug:
DateTime:2026-08-28 17:36:19.056:"槽位2透传:68A601A6016840000000000022600000010002013C0068590043000000000033520100021290785634126B8AE83E00681290785634126814323444361E3B33333344444444333936344333494C37344333494C38344333494C39344333494C3A344333494C3B344333494CB5161C161116"                            File: Line:0 Function: Type:Debug:
DateTime:2026-08-28 17:36:19.056:"工装发送：68 A6 01 A6 01 68 40 00 00 00 00 00 22 60 00 00 01 00 02 01 3C 00 68 59 00 43 00 00 00 00 00 33 52 01 00 02 12 90 78 56 34 12 6B 8A E8 3E 00 68 12 90 78 56 34 12 68 14 32 34 44 36 1E 3B 33 33 33 44 44 44 44 33 39 36 34 43 33 49 4C 37 34 43 33 49 4C 38 34 43 33 49 4C 39 34 43 33 49 4C 3A 34 43 33 49 4C 3B 34 43 33 49 4C B5 16 1C 16 11 16"                            File: Line:0 Function: Type:Debug:
DateTime:2026-08-28 17:36:19.160:"工装接收：68 32 00 32 00 68 80 00 00 00 00 00 00 60 00 00 01 00 E1 16"                            File: Line:0 Function: Type:Debug:
DateTime:2026-08-28 17:36:19.160:"m_baRecvMsg:"                            File: Line:0 Function: Type:Debug:
DateTime:2026-08-28 17:36:19.160:"frameList.size():1"                            File: Line:0 Function: Type:Debug:
DateTime:2026-08-28 17:36:19.160:"进入报文解析"                            File: Line:0 Function: Type:Debug:
DateTime:2026-08-28 17:36:19.160:"68 32 00 32 00 68 80 00 00 00 00 00 00 60 00 00 01 00 E1 16"                            File: Line:0 Function: Type:Debug:
DateTime:2026-08-28 17:36:19.160:"解码完成，功能码: 1"                            File: Line:0 Function: Type:Debug:
DateTime:2026-08-28 17:36:19.160:"工装回复确认帧"                            File: Line:0 Function: Type:Debug:
DateTime:2026-08-28 17:36:22.081:"uTimeSecond_ms:30000"                            File: Line:0 Function: Type:Debug:
DateTime:2026-08-28 17:36:25.103:"等待工装回复超时"                            File: Line:0 Function: Type:Debug:
DateTime:2026-08-28 17:36:28.125:"等待工装回复超时"                            File: Line:0 Function: Type:Debug:
DateTime:2026-08-28 17:36:31.147:"等待工装回复超时"                            File: Line:0 Function: Type:Debug:
DateTime:2026-08-28 17:36:34.169:"等待工装回复超时"                            File: Line:0 Function: Type:Debug:
DateTime:2026-08-28 17:36:37.191:"等待工装回复超时"                            File: Line:0 Function: Type:Debug:
DateTime:2026-08-28 17:36:40.213:"等待工装回复超时"                            File: Line:0 Function: Type:Debug:
DateTime:2026-08-28 17:36:43.235:"等待工装回复超时"                            File: Line:0 Function: Type:Debug:
DateTime:2026-08-28 17:36:46.257:"等待工装回复超时"                            File: Line:0 Function: Type:Debug:
DateTime:2026-08-28 17:36:49.278:"等待工装回复超时"                            File: Line:0 Function: Type:Debug:
DateTime:2026-08-28 17:36:52.300:"等待工装回复超时"                            File: Line:0 Function: Type:Debug:
DateTime:2026-08-28 17:36:52.300:"等待回复报文超时"                            File: Line:0 Function: Type:Debug:
DateTime:2026-08-28 17:36:52.300:"删除表总数量：6,成功数量：0,失败数量：6 "                            File: Line:0 Function: Type:Debug:
DateTime:2026-08-28 17:36:52.300:dll输出信息: ""                            File: Line:0 Function: Type:Debug:
DateTime:2026-08-28 17:36:52.300:接口函数调用成功，返回的结果为 0                            File: Line:0 Function: Type:Debug:
DateTime:2026-08-28 17:36:52.300:"外部传入的para：0，返回的result：0,返回的pValRet：-1"                            File: Line:0 Function: Type:Debug:
DateTime:2026-08-28 17:36:52.300:返回结果不满足预期值                            File: Line:0 Function: Type:Debug:
DateTime:2026-08-28 17:36:52.301:coorIndex 0                            File: Line:0 Function: Type:Debug:
DateTime:2026-08-28 17:36:52.301:当前流程结束                            File: Line:0 Function: Type:Debug:
DateTime:2026-08-28 17:36:52.301:退出connect函数                            File: Line:0 Function: Type:Debug:
DateTime:2026-08-28 17:36:52.301:"=========【测试结束EB031101清空从节点档案】结束=========="                            File: Line:0 Function: Type:Debug:
DateTime:2026-08-28 17:36:52.301:"-----------------------------"                            File: Line:0 Function: Type:Debug:
DateTime:2026-08-28 17:36:52.301:"=============执行【设置表类型】==================="                            File: Line:0 Function: Type:Debug:
DateTime:2026-08-28 17:36:52.301:"执行接口函数SimuCorn_set_meter_type"                            File: Line:0 Function: Type:Debug:
DateTime:2026-08-28 17:36:52.302:callWorkFunction: SimuCorn_set_meter_type                            File: Line:0 Function: Type:Debug:
DateTime:2026-08-28 17:36:52.302:找到对应函数，进入执行                            File: Line:0 Function: Type:Debug:
DateTime:2026-08-28 17:36:52.302:"工装发送：68 3A 00 3A 00 68 40 00 00 00 00 00 22 60 00 00 10 00 04 01 D7 16"                            File: Line:0 Function: Type:Debug:
DateTime:2026-08-28 17:36:52.302:"工装接收：68 32 00 32 00 68 80 00 00 00 00 00 00 60 00 00 01 00 E1 16"                            File: Line:0 Function: Type:Debug:
DateTime:2026-08-28 17:36:52.302:"m_baRecvMsg:"                            File: Line:0 Function: Type:Debug:
DateTime:2026-08-28 17:36:52.302:"frameList.size():1"                            File: Line:0 Function: Type:Debug:
DateTime:2026-08-28 17:36:52.302:"进入报文解析"                            File: Line:0 Function: Type:Debug:
DateTime:2026-08-28 17:36:52.302:"68 32 00 32 00 68 80 00 00 00 00 00 00 60 00 00 01 00 E1 16"                            File: Line:0 Function: Type:Debug:
DateTime:2026-08-28 17:36:52.302:"解码完成，功能码: 1"                            File: Line:0 Function: Type:Debug:
DateTime:2026-08-28 17:36:52.302:"工装回复确认帧"                            File: Line:0 Function: Type:Debug:
DateTime:2026-08-28 17:36:52.303:"全部槽位设置表类型成功"                            File: Line:0 Function: Type:Debug:
DateTime:2026-08-28 17:36:52.404:dll输出信息: ""                            File: Line:0 Function: Type:Debug:
DateTime:2026-08-28 17:36:52.404:接口函数调用成功，返回的结果为 0                            File: Line:0 Function: Type:Debug:
DateTime:2026-08-28 17:36:52.404:"外部传入的para：0，返回的result：0,返回的pValRet：0"                            File: Line:0 Function: Type:Debug:
DateTime:2026-08-28 17:36:52.404:"执行接口函数SimuCorn_set_meter_type完成"                            File: Line:0 Function: Type:Debug:
DateTime:2026-08-28 17:36:52.404:coorIndex 0                            File: Line:0 Function: Type:Debug:
DateTime:2026-08-28 17:36:52.404:当前流程结束                            File: Line:0 Function: Type:Debug:
DateTime:2026-08-28 17:36:52.404:退出connect函数                            File: Line:0 Function: Type:Debug:
DateTime:2026-08-28 17:36:52.404:"=========【设置表类型】结束=========="                            File: Line:0 Function: Type:Debug:
DateTime:2026-08-28 17:36:52.404:"-----------------------------"                            File: Line:0 Function: Type:Debug:
DateTime:2026-08-28 17:36:52.406:"=============执行【测试槽位透传关闭】==================="                            File: Line:0 Function: Type:Debug:
DateTime:2026-08-28 17:36:52.406:"执行接口函数SimuCorn_close_transport"                            File: Line:0 Function: Type:Debug:
DateTime:2026-08-28 17:36:52.406:callWorkFunction: SimuCorn_close_transport                            File: Line:0 Function: Type:Debug:
DateTime:2026-08-28 17:36:52.406:找到对应函数，进入执行                            File: Line:0 Function: Type:Debug:
DateTime:2026-08-28 17:36:52.406:"工装发送：68 42 00 42 00 68 40 00 00 00 00 00 22 60 00 00 01 00 02 00 3C 00 01 16"                            File: Line:0 Function: Type:Debug:
DateTime:2026-08-28 17:36:52.407:"工装接收：68 32 00 32 00 68 80 00 00 00 00 00 00 60 00 00 01 00 E1 16"                            File: Line:0 Function: Type:Debug:
DateTime:2026-08-28 17:36:52.407:"m_baRecvMsg:"                            File: Line:0 Function: Type:Debug:
DateTime:2026-08-28 17:36:52.407:"frameList.size():1"                            File: Line:0 Function: Type:Debug:
DateTime:2026-08-28 17:36:52.407:"进入报文解析"                            File: Line:0 Function: Type:Debug:
DateTime:2026-08-28 17:36:52.407:"68 32 00 32 00 68 80 00 00 00 00 00 00 60 00 00 01 00 E1 16"                            File: Line:0 Function: Type:Debug:
DateTime:2026-08-28 17:36:52.407:"解码完成，功能码: 1"                            File: Line:0 Function: Type:Debug:
DateTime:2026-08-28 17:36:52.407:"工装回复确认帧"                            File: Line:0 Function: Type:Debug:
DateTime:2026-08-28 17:36:52.407:"全部槽位关闭透传成功"                            File: Line:0 Function: Type:Debug:
DateTime:2026-08-28 17:36:52.508:dll输出信息: ""                            File: Line:0 Function: Type:Debug:
DateTime:2026-08-28 17:36:52.508:接口函数调用成功，返回的结果为 0                            File: Line:0 Function: Type:Debug:
DateTime:2026-08-28 17:36:52.508:"外部传入的para：0，返回的result：0,返回的pValRet：0"                            File: Line:0 Function: Type:Debug:
DateTime:2026-08-28 17:36:52.508:"执行接口函数SimuCorn_close_transport完成"                            File: Line:0 Function: Type:Debug:
DateTime:2026-08-28 17:36:52.508:coorIndex 0                            File: Line:0 Function: Type:Debug:
DateTime:2026-08-28 17:36:52.508:当前流程结束                            File: Line:0 Function: Type:Debug:
DateTime:2026-08-28 17:36:52.508:退出connect函数                            File: Line:0 Function: Type:Debug:
DateTime:2026-08-28 17:36:52.508:"=========【测试槽位透传关闭】结束=========="                            File: Line:0 Function: Type:Debug:
DateTime:2026-08-28 17:36:52.508:"-----------------------------"                            File: Line:0 Function: Type:Debug:
DateTime:2026-08-28 17:36:52.509:"=============执行【测试槽位下电】==================="                            File: Line:0 Function: Type:Debug:
DateTime:2026-08-28 17:36:52.509:"执行接口函数SimuCorn_power_off"                            File: Line:0 Function: Type:Debug:
DateTime:2026-08-28 17:36:52.509:callWorkFunction: SimuCorn_power_off                            File: Line:0 Function: Type:Debug:
DateTime:2026-08-28 17:36:52.509:找到对应函数，进入执行                            File: Line:0 Function: Type:Debug:
DateTime:2026-08-28 17:36:52.509:"工装发送：68 3E 00 3E 00 68 40 00 00 00 00 00 21 60 00 00 02 00 01 02 00 C6 16"                            File: Line:0 Function: Type:Debug:
DateTime:2026-08-28 17:36:52.510:"工装接收：68 32 00 32 00 68 80 00 00 00 00 00 00 60 00 00 01 00 E1 16"                            File: Line:0 Function: Type:Debug:
DateTime:2026-08-28 17:36:52.510:"m_baRecvMsg:"                            File: Line:0 Function: Type:Debug:
DateTime:2026-08-28 17:36:52.510:"frameList.size():1"                            File: Line:0 Function: Type:Debug:
DateTime:2026-08-28 17:36:52.510:"进入报文解析"                            File: Line:0 Function: Type:Debug:
DateTime:2026-08-28 17:36:52.510:"68 32 00 32 00 68 80 00 00 00 00 00 00 60 00 00 01 00 E1 16"                            File: Line:0 Function: Type:Debug:
DateTime:2026-08-28 17:36:52.510:"解码完成，功能码: 1"                            File: Line:0 Function: Type:Debug:
DateTime:2026-08-28 17:36:52.510:"工装回复确认帧"                            File: Line:0 Function: Type:Debug:
DateTime:2026-08-28 17:36:52.510:"工装发送：68 3E 00 3E 00 68 40 00 00 00 00 00 21 60 00 00 02 00 02 02 00 C7 16"                            File: Line:0 Function: Type:Debug:
DateTime:2026-08-28 17:36:52.511:"工装接收：68 32 00 32 00 68 80 00 00 00 00 00 00 60 00 00 01 00 E1 16"                            File: Line:0 Function: Type:Debug:
DateTime:2026-08-28 17:36:52.511:"m_baRecvMsg:"                            File: Line:0 Function: Type:Debug:
DateTime:2026-08-28 17:36:52.511:"frameList.size():1"                            File: Line:0 Function: Type:Debug:
DateTime:2026-08-28 17:36:52.511:"进入报文解析"                            File: Line:0 Function: Type:Debug:
DateTime:2026-08-28 17:36:52.511:"68 32 00 32 00 68 80 00 00 00 00 00 00 60 00 00 01 00 E1 16"                            File: Line:0 Function: Type:Debug:
DateTime:2026-08-28 17:36:52.511:"解码完成，功能码: 1"                            File: Line:0 Function: Type:Debug:
DateTime:2026-08-28 17:36:52.511:"工装回复确认帧"                            File: Line:0 Function: Type:Debug:
DateTime:2026-08-28 17:36:52.511:"工装发送：68 3E 00 3E 00 68 40 00 00 00 00 00 21 60 00 00 02 00 03 02 00 C8 16"                            File: Line:0 Function: Type:Debug:
DateTime:2026-08-28 17:36:52.511:"工装接收：68 32 00 32 00 68 80 00 00 00 00 00 00 60 00 00 01 00 E1 16"                            File: Line:0 Function: Type:Debug:
DateTime:2026-08-28 17:36:52.511:"m_baRecvMsg:"                            File: Line:0 Function: Type:Debug:
DateTime:2026-08-28 17:36:52.511:"frameList.size():1"                            File: Line:0 Function: Type:Debug:
DateTime:2026-08-28 17:36:52.511:"进入报文解析"                            File: Line:0 Function: Type:Debug:
DateTime:2026-08-28 17:36:52.511:"68 32 00 32 00 68 80 00 00 00 00 00 00 60 00 00 01 00 E1 16"                            File: Line:0 Function: Type:Debug:
DateTime:2026-08-28 17:36:52.511:"解码完成，功能码: 1"                            File: Line:0 Function: Type:Debug:
DateTime:2026-08-28 17:36:52.512:"工装回复确认帧"                            File: Line:0 Function: Type:Debug:
DateTime:2026-08-28 17:36:52.512:"工装发送：68 3E 00 3E 00 68 40 00 00 00 00 00 21 60 00 00 02 00 04 02 00 C9 16"                            File: Line:0 Function: Type:Debug:
DateTime:2026-08-28 17:36:52.512:"工装接收：68 32 00 32 00 68 80 00 00 00 00 00 00 60 00 00 01 00 E1 16"                            File: Line:0 Function: Type:Debug:
DateTime:2026-08-28 17:36:52.512:"m_baRecvMsg:"                            File: Line:0 Function: Type:Debug:
DateTime:2026-08-28 17:36:52.512:"frameList.size():1"                            File: Line:0 Function: Type:Debug:
DateTime:2026-08-28 17:36:52.512:"进入报文解析"                            File: Line:0 Function: Type:Debug:
DateTime:2026-08-28 17:36:52.512:"68 32 00 32 00 68 80 00 00 00 00 00 00 60 00 00 01 00 E1 16"                            File: Line:0 Function: Type:Debug:
DateTime:2026-08-28 17:36:52.512:"解码完成，功能码: 1"                            File: Line:0 Function: Type:Debug:
DateTime:2026-08-28 17:36:52.512:"工装回复确认帧"                            File: Line:0 Function: Type:Debug:
DateTime:2026-08-28 17:36:52.512:"工装发送：68 3E 00 3E 00 68 40 00 00 00 00 00 21 60 00 00 02 00 05 02 00 CA 16"                            File: Line:0 Function: Type:Debug:
DateTime:2026-08-28 17:36:52.513:"工装接收：68 32 00 32 00 68 80 00 00 00 00 00 00 60 00 00 01 00 E1 16"                            File: Line:0 Function: Type:Debug:
DateTime:2026-08-28 17:36:52.513:"m_baRecvMsg:"                            File: Line:0 Function: Type:Debug:
DateTime:2026-08-28 17:36:52.513:"frameList.size():1"                            File: Line:0 Function: Type:Debug:
DateTime:2026-08-28 17:36:52.513:"进入报文解析"                            File: Line:0 Function: Type:Debug:
DateTime:2026-08-28 17:36:52.513:"68 32 00 32 00 68 80 00 00 00 00 00 00 60 00 00 01 00 E1 16"                            File: Line:0 Function: Type:Debug:
DateTime:2026-08-28 17:36:52.513:"解码完成，功能码: 1"                            File: Line:0 Function: Type:Debug:
DateTime:2026-08-28 17:36:52.513:"工装回复确认帧"                            File: Line:0 Function: Type:Debug:
DateTime:2026-08-28 17:36:52.513:"工装发送：68 3E 00 3E 00 68 40 00 00 00 00 00 21 60 00 00 02 00 06 02 00 CB 16"                            File: Line:0 Function: Type:Debug:
DateTime:2026-08-28 17:36:52.514:"工装接收：68 32 00 32 00 68 80 00 00 00 00 00 00 60 00 00 01 00 E1 16"                            File: Line:0 Function: Type:Debug:
DateTime:2026-08-28 17:36:52.514:"m_baRecvMsg:"                            File: Line:0 Function: Type:Debug:
DateTime:2026-08-28 17:36:52.514:"frameList.size():1"                            File: Line:0 Function: Type:Debug:
DateTime:2026-08-28 17:36:52.514:"进入报文解析"                            File: Line:0 Function: Type:Debug:
DateTime:2026-08-28 17:36:52.514:"68 32 00 32 00 68 80 00 00 00 00 00 00 60 00 00 01 00 E1 16"                            File: Line:0 Function: Type:Debug:
DateTime:2026-08-28 17:36:52.514:"解码完成，功能码: 1"                            File: Line:0 Function: Type:Debug:
DateTime:2026-08-28 17:36:52.514:"工装回复确认帧"                            File: Line:0 Function: Type:Debug:
DateTime:2026-08-28 17:36:52.514:"工装发送：68 3E 00 3E 00 68 40 00 00 00 00 00 21 60 00 00 02 00 07 02 00 CC 16"                            File: Line:0 Function: Type:Debug:
DateTime:2026-08-28 17:36:52.514:"工装接收：68 32 00 32 00 68 80 00 00 00 00 00 00 60 00 00 01 00 E1 16"                            File: Line:0 Function: Type:Debug:
DateTime:2026-08-28 17:36:52.514:"m_baRecvMsg:"                            File: Line:0 Function: Type:Debug:
DateTime:2026-08-28 17:36:52.514:"frameList.size():1"                            File: Line:0 Function: Type:Debug:
DateTime:2026-08-28 17:36:52.514:"进入报文解析"                            File: Line:0 Function: Type:Debug:
DateTime:2026-08-28 17:36:52.514:"68 32 00 32 00 68 80 00 00 00 00 00 00 60 00 00 01 00 E1 16"                            File: Line:0 Function: Type:Debug:
DateTime:2026-08-28 17:36:52.514:"解码完成，功能码: 1"                            File: Line:0 Function: Type:Debug:
DateTime:2026-08-28 17:36:52.514:"工装回复确认帧"                            File: Line:0 Function: Type:Debug:
DateTime:2026-08-28 17:36:52.515:"工装发送：68 3E 00 3E 00 68 40 00 00 00 00 00 21 60 00 00 02 00 08 02 00 CD 16"                            File: Line:0 Function: Type:Debug:
DateTime:2026-08-28 17:36:52.515:"工装接收：68 32 00 32 00 68 80 00 00 00 00 00 00 60 00 00 01 00 E1 16"                            File: Line:0 Function: Type:Debug:
DateTime:2026-08-28 17:36:52.515:"m_baRecvMsg:"                            File: Line:0 Function: Type:Debug:
DateTime:2026-08-28 17:36:52.515:"frameList.size():1"                            File: Line:0 Function: Type:Debug:
DateTime:2026-08-28 17:36:52.515:"进入报文解析"                            File: Line:0 Function: Type:Debug:
DateTime:2026-08-28 17:36:52.515:"68 32 00 32 00 68 80 00 00 00 00 00 00 60 00 00 01 00 E1 16"                            File: Line:0 Function: Type:Debug:
DateTime:2026-08-28 17:36:52.515:"解码完成，功能码: 1"                            File: Line:0 Function: Type:Debug:
DateTime:2026-08-28 17:36:52.515:"工装回复确认帧"                            File: Line:0 Function: Type:Debug:
DateTime:2026-08-28 17:36:52.515:"所有槽位下电成功"                            File: Line:0 Function: Type:Debug:
DateTime:2026-08-28 17:36:52.616:dll输出信息: ""                            File: Line:0 Function: Type:Debug:
DateTime:2026-08-28 17:36:52.616:接口函数调用成功，返回的结果为 0                            File: Line:0 Function: Type:Debug:
DateTime:2026-08-28 17:36:52.616:"外部传入的para：0，返回的result：0,返回的pValRet：0"                            File: Line:0 Function: Type:Debug:
DateTime:2026-08-28 17:36:52.616:"执行接口函数SimuCorn_power_off完成"                            File: Line:0 Function: Type:Debug:
DateTime:2026-08-28 17:36:52.617:coorIndex 0                            File: Line:0 Function: Type:Debug:
DateTime:2026-08-28 17:36:52.617:当前流程结束                            File: Line:0 Function: Type:Debug:
DateTime:2026-08-28 17:36:52.617:退出connect函数                            File: Line:0 Function: Type:Debug:
DateTime:2026-08-28 17:36:52.617:"=========【测试槽位下电】结束=========="                            File: Line:0 Function: Type:Debug:
DateTime:2026-08-28 17:36:52.617:"-----------------------------"                            File: Line:0 Function: Type:Debug:
DateTime:2026-08-28 17:36:52.617:"=============执行【三相功率源关源】==================="                            File: Line:0 Function: Type:Debug:
DateTime:2026-08-28 17:36:52.617:"--发送:A1 01 04 DC 07 00 E3"                            File: Line:0 Function: Type:Debug:
DateTime:2026-08-28 17:36:52.619:",串口打开失败,请检查连接,错误信息:Unknown error"                            File: Line:0 Function: Type:Debug:
DateTime:2026-08-28 17:36:52.720:三相功率源关源成功                            File: Line:0 Function: Type:Debug:
DateTime:2026-08-28 17:36:52.720:"=========【三相功率源关源】结束=========="                            File: Line:0 Function: Type:Debug:
DateTime:2026-08-28 17:36:52.720:"-----------------------------"                            File: Line:0 Function: Type:Debug:
DateTime:2026-08-28 17:36:52.721:"=============执行【关闭应用串口】==================="                            File: Line:0 Function: Type:Debug:
DateTime:2026-08-28 17:36:52.721:"执行接口函数ini_SimuCorn_Connect_Close"                            File: Line:0 Function: Type:Debug:
DateTime:2026-08-28 17:36:52.721:callWorkFunction: ini_SimuCorn_Connect_Close                            File: Line:0 Function: Type:Debug:
DateTime:2026-08-28 17:36:52.721:找到对应函数，进入执行                            File: Line:0 Function: Type:Debug:
DateTime:2026-08-28 17:36:52.722:"工装板连接关闭"                            File: Line:0 Function: Type:Debug:
DateTime:2026-08-28 17:36:52.823:dll输出信息: ""                            File: Line:0 Function: Type:Debug:
DateTime:2026-08-28 17:36:52.823:接口函数调用成功，返回的结果为 0                            File: Line:0 Function: Type:Debug:
DateTime:2026-08-28 17:36:52.823:"外部传入的para：0，返回的result：0,返回的pValRet：0"                            File: Line:0 Function: Type:Debug:
DateTime:2026-08-28 17:36:52.823:"执行接口函数ini_SimuCorn_Connect_Close完成"                            File: Line:0 Function: Type:Debug:
DateTime:2026-08-28 17:36:52.823:coorIndex 0                            File: Line:0 Function: Type:Debug:
DateTime:2026-08-28 17:36:52.823:当前流程结束                            File: Line:0 Function: Type:Debug:
DateTime:2026-08-28 17:36:52.823:退出connect函数                            File: Line:0 Function: Type:Debug:
DateTime:2026-08-28 17:36:52.823:"=========【关闭应用串口】结束=========="                            File: Line:0 Function: Type:Debug:
DateTime:2026-08-28 17:36:52.824:"-----------------------------"                            File: Line:0 Function: Type:Debug:
DateTime:2026-08-28 17:36:52.824:工作结束,开始存储本地数据                            File: Line:0 Function: Type:Debug:
DateTime:2026-08-28 17:36:52.849:三相功率源串口关闭成功                            File: Line:0 Function: Type:Debug:
DateTime:2026-08-28 17:36:52.849:高低温箱串口关闭成功                            File: Line:0 Function: Type:Debug:
DateTime:2026-08-28 17:36:52.853:"保存测试结果成功"                            File: Line:0 Function: Type:Debug:
DateTime:2026-08-28 17:36:52.853:"=============执行【关闭测试项日志】==================="                            File: Line:0 Function: Type:Debug:
====== 测试项结束: 透明转发类命令检测 ======
时间: 2026-08-28 17:36:52

