====== 测试项开始: 事件上报测试 ======
时间: 2026-09-12 16:19:01
DateTime:2026-09-12 16:19:01.473:"=========【开启测试项日志】结束=========="                            File: Line:0 Function: Type:Debug:
DateTime:2026-09-12 16:19:01.473:"-----------------------------"                            File: Line:0 Function: Type:Debug:
DateTime:2026-09-12 16:19:01.474:"=============执行【Step1-应用串口初始化】==================="                            File: Line:0 Function: Type:Debug:
DateTime:2026-09-12 16:19:01.474:"执行接口函数ini_SimuCorn_Connect"                            File: Line:0 Function: Type:Debug:
DateTime:2026-09-12 16:19:01.474:callWorkFunction: ini_SimuCorn_Connect                            File: Line:0 Function: Type:Debug:
DateTime:2026-09-12 16:19:01.474:找到对应函数，进入执行                            File: Line:0 Function: Type:Debug:
DateTime:2026-09-12 16:19:01.476:"全部工装板连接成功"                            File: Line:0 Function: Type:Debug:
DateTime:2026-09-12 16:19:01.577:dll输出信息: ""                            File: Line:0 Function: Type:Debug:
DateTime:2026-09-12 16:19:01.577:接口函数调用成功，返回的结果为 0                            File: Line:0 Function: Type:Debug:
DateTime:2026-09-12 16:19:01.577:"外部传入的para：0，返回的result：0,返回的pValRet：0"                            File: Line:0 Function: Type:Debug:
DateTime:2026-09-12 16:19:01.577:"执行接口函数ini_SimuCorn_Connect完成"                            File: Line:0 Function: Type:Debug:
DateTime:2026-09-12 16:19:01.578:coorIndex 0                            File: Line:0 Function: Type:Debug:
DateTime:2026-09-12 16:19:01.578:当前流程结束                            File: Line:0 Function: Type:Debug:
DateTime:2026-09-12 16:19:01.578:退出connect函数                            File: Line:0 Function: Type:Debug:
DateTime:2026-09-12 16:19:01.578:"=========【Step1-应用串口初始化】结束=========="                            File: Line:0 Function: Type:Debug:
DateTime:2026-09-12 16:19:01.578:"-----------------------------"                            File: Line:0 Function: Type:Debug:
DateTime:2026-09-12 16:19:01.579:"=============执行【三相功率源初始化连接】==================="                            File: Line:0 Function: Type:Debug:
DateTime:2026-09-12 16:19:01.579:port "COM11"                            File: Line:0 Function: Type:Debug:
DateTime:2026-09-12 16:19:01.582:三相功率源初始化连接成功                            File: Line:0 Function: Type:Debug:
DateTime:2026-09-12 16:19:01.582:"=========【三相功率源初始化连接】结束=========="                            File: Line:0 Function: Type:Debug:
DateTime:2026-09-12 16:19:01.583:"-----------------------------"                            File: Line:0 Function: Type:Debug:
DateTime:2026-09-12 16:19:01.583:"=============执行【三相功率源生源参数初始化】==================="                            File: Line:0 Function: Type:Debug:
DateTime:2026-09-12 16:19:01.583:"--发送:A1 01 04 D1 10 01 E2"                            File: Line:0 Function: Type:Debug:
DateTime:2026-09-12 16:19:01.684:"--发送:A1 01 05 C8 05 00 00 CD"                            File: Line:0 Function: Type:Debug:
DateTime:2026-09-12 16:19:01.784:"--发送:A1 01 07 D6 00 02 20 00 00 F8"                            File: Line:0 Function: Type:Debug:
DateTime:2026-09-12 16:19:01.885:"--发送:A1 01 07 D8 00 01 00 00 00 D9"                            File: Line:0 Function: Type:Debug:
DateTime:2026-09-12 16:19:01.986:"--发送:A1 01 05 D5 50 00 00 25"                            File: Line:0 Function: Type:Debug:
DateTime:2026-09-12 16:19:02.087:"=========【三相功率源生源参数初始化】结束=========="                            File: Line:0 Function: Type:Debug:
DateTime:2026-09-12 16:19:02.087:"-----------------------------"                            File: Line:0 Function: Type:Debug:
DateTime:2026-09-12 16:19:02.087:"=============执行【三相功率源生源】==================="                            File: Line:0 Function: Type:Debug:
DateTime:2026-09-12 16:19:02.087:"--发送:A1 01 04 DC 07 01 E4"                            File: Line:0 Function: Type:Debug:
DateTime:2026-09-12 16:19:02.188:三相功率源生源成功                            File: Line:0 Function: Type:Debug:
DateTime:2026-09-12 16:19:02.188:"=========【三相功率源生源】结束=========="                            File: Line:0 Function: Type:Debug:
DateTime:2026-09-12 16:19:02.188:"-----------------------------"                            File: Line:0 Function: Type:Debug:
DateTime:2026-09-12 16:19:02.188:"=============执行【初始化工装参数】==================="                            File: Line:0 Function: Type:Debug:
DateTime:2026-09-12 16:19:02.189:"执行接口函数ini_SimuCorn_Para"                            File: Line:0 Function: Type:Debug:
DateTime:2026-09-12 16:19:02.189:callWorkFunction: ini_SimuCorn_Para                            File: Line:0 Function: Type:Debug:
DateTime:2026-09-12 16:19:02.189:找到对应函数，进入执行                            File: Line:0 Function: Type:Debug:
DateTime:2026-09-12 16:19:02.189:"工装板参数初始化完成"                            File: Line:0 Function: Type:Debug:
DateTime:2026-09-12 16:19:02.290:dll输出信息: ""                            File: Line:0 Function: Type:Debug:
DateTime:2026-09-12 16:19:02.290:接口函数调用成功，返回的结果为 0                            File: Line:0 Function: Type:Debug:
DateTime:2026-09-12 16:19:02.290:"外部传入的para：0，返回的result：0,返回的pValRet：0"                            File: Line:0 Function: Type:Debug:
DateTime:2026-09-12 16:19:02.290:"执行接口函数ini_SimuCorn_Para完成"                            File: Line:0 Function: Type:Debug:
DateTime:2026-09-12 16:19:02.290:coorIndex 0                            File: Line:0 Function: Type:Debug:
DateTime:2026-09-12 16:19:02.290:当前流程结束                            File: Line:0 Function: Type:Debug:
DateTime:2026-09-12 16:19:02.290:退出connect函数                            File: Line:0 Function: Type:Debug:
DateTime:2026-09-12 16:19:02.291:"=========【初始化工装参数】结束=========="                            File: Line:0 Function: Type:Debug:
DateTime:2026-09-12 16:19:02.291:"-----------------------------"                            File: Line:0 Function: Type:Debug:
DateTime:2026-09-12 16:19:02.291:"=============执行【测试槽位设置波特率】==================="                            File: Line:0 Function: Type:Debug:
DateTime:2026-09-12 16:19:02.291:"执行接口函数SimuCorn_set_baudrate"                            File: Line:0 Function: Type:Debug:
DateTime:2026-09-12 16:19:02.291:callWorkFunction: SimuCorn_set_baudrate                            File: Line:0 Function: Type:Debug:
DateTime:2026-09-12 16:19:02.291:找到对应函数，进入执行                            File: Line:0 Function: Type:Debug:
DateTime:2026-09-12 16:19:02.291:"工装发送：68 3A 00 3A 00 68 40 00 00 00 00 00 22 60 00 00 08 00 02 02 CE 16"                            File: Line:0 Function: Type:Debug:
DateTime:2026-09-12 16:19:02.292:"工装接收：68 32 00 32 00 68 80 00 00 00 00 00 00 60 00 00 01 00 E1 16"                            File: Line:0 Function: Type:Debug:
DateTime:2026-09-12 16:19:02.292:"m_baRecvMsg:"                            File: Line:0 Function: Type:Debug:
DateTime:2026-09-12 16:19:02.292:"frameList.size():1"                            File: Line:0 Function: Type:Debug:
DateTime:2026-09-12 16:19:02.292:"进入报文解析"                            File: Line:0 Function: Type:Debug:
DateTime:2026-09-12 16:19:02.292:"68 32 00 32 00 68 80 00 00 00 00 00 00 60 00 00 01 00 E1 16"                            File: Line:0 Function: Type:Debug:
DateTime:2026-09-12 16:19:02.292:"解码完成，功能码: 1"                            File: Line:0 Function: Type:Debug:
DateTime:2026-09-12 16:19:02.292:"工装回复确认帧"                            File: Line:0 Function: Type:Debug:
DateTime:2026-09-12 16:19:02.292:"全部槽位设置波特率成功"                            File: Line:0 Function: Type:Debug:
DateTime:2026-09-12 16:19:02.394:dll输出信息: ""                            File: Line:0 Function: Type:Debug:
DateTime:2026-09-12 16:19:02.394:接口函数调用成功，返回的结果为 0                            File: Line:0 Function: Type:Debug:
DateTime:2026-09-12 16:19:02.394:"外部传入的para：0，返回的result：0,返回的pValRet：0"                            File: Line:0 Function: Type:Debug:
DateTime:2026-09-12 16:19:02.394:"执行接口函数SimuCorn_set_baudrate完成"                            File: Line:0 Function: Type:Debug:
DateTime:2026-09-12 16:19:02.394:coorIndex 0                            File: Line:0 Function: Type:Debug:
DateTime:2026-09-12 16:19:02.394:当前流程结束                            File: Line:0 Function: Type:Debug:
DateTime:2026-09-12 16:19:02.395:退出connect函数                            File: Line:0 Function: Type:Debug:
DateTime:2026-09-12 16:19:02.395:"=========【测试槽位设置波特率】结束=========="                            File: Line:0 Function: Type:Debug:
DateTime:2026-09-12 16:19:02.395:"-----------------------------"                            File: Line:0 Function: Type:Debug:
DateTime:2026-09-12 16:19:02.396:"=============执行【测试槽位开启透传】==================="                            File: Line:0 Function: Type:Debug:
DateTime:2026-09-12 16:19:02.396:"执行接口函数SimuCorn_open_transport"                            File: Line:0 Function: Type:Debug:
DateTime:2026-09-12 16:19:02.396:callWorkFunction: SimuCorn_open_transport                            File: Line:0 Function: Type:Debug:
DateTime:2026-09-12 16:19:02.396:找到对应函数，进入执行                            File: Line:0 Function: Type:Debug:
DateTime:2026-09-12 16:19:02.396:"工装发送：68 42 00 42 00 68 40 00 00 00 00 00 22 60 00 00 01 00 02 01 3C 00 02 16"                            File: Line:0 Function: Type:Debug:
DateTime:2026-09-12 16:19:02.397:"工装接收：68 32 00 32 00 68 80 00 00 00 00 00 00 60 00 00 01 00 E1 16"                            File: Line:0 Function: Type:Debug:
DateTime:2026-09-12 16:19:02.397:"m_baRecvMsg:"                            File: Line:0 Function: Type:Debug:
DateTime:2026-09-12 16:19:02.397:"frameList.size():1"                            File: Line:0 Function: Type:Debug:
DateTime:2026-09-12 16:19:02.397:"进入报文解析"                            File: Line:0 Function: Type:Debug:
DateTime:2026-09-12 16:19:02.397:"68 32 00 32 00 68 80 00 00 00 00 00 00 60 00 00 01 00 E1 16"                            File: Line:0 Function: Type:Debug:
DateTime:2026-09-12 16:19:02.397:"解码完成，功能码: 1"                            File: Line:0 Function: Type:Debug:
DateTime:2026-09-12 16:19:02.397:"工装回复确认帧"                            File: Line:0 Function: Type:Debug:
DateTime:2026-09-12 16:19:02.397:"全部槽位开启透传成功"                            File: Line:0 Function: Type:Debug:
DateTime:2026-09-12 16:19:02.497:dll输出信息: ""                            File: Line:0 Function: Type:Debug:
DateTime:2026-09-12 16:19:02.497:接口函数调用成功，返回的结果为 0                            File: Line:0 Function: Type:Debug:
DateTime:2026-09-12 16:19:02.497:"外部传入的para：0，返回的result：0,返回的pValRet：0"                            File: Line:0 Function: Type:Debug:
DateTime:2026-09-12 16:19:02.497:"执行接口函数SimuCorn_open_transport完成"                            File: Line:0 Function: Type:Debug:
DateTime:2026-09-12 16:19:02.497:coorIndex 0                            File: Line:0 Function: Type:Debug:
DateTime:2026-09-12 16:19:02.497:当前流程结束                            File: Line:0 Function: Type:Debug:
DateTime:2026-09-12 16:19:02.497:退出connect函数                            File: Line:0 Function: Type:Debug:
DateTime:2026-09-12 16:19:02.497:"=========【测试槽位开启透传】结束=========="                            File: Line:0 Function: Type:Debug:
DateTime:2026-09-12 16:19:02.497:"-----------------------------"                            File: Line:0 Function: Type:Debug:
DateTime:2026-09-12 16:19:02.497:"=============执行【测试槽位透传关闭】==================="                            File: Line:0 Function: Type:Debug:
DateTime:2026-09-12 16:19:02.497:"执行接口函数SimuCorn_close_transport"                            File: Line:0 Function: Type:Debug:
DateTime:2026-09-12 16:19:02.497:callWorkFunction: SimuCorn_close_transport                            File: Line:0 Function: Type:Debug:
DateTime:2026-09-12 16:19:02.497:找到对应函数，进入执行                            File: Line:0 Function: Type:Debug:
DateTime:2026-09-12 16:19:02.497:"工装发送：68 42 00 42 00 68 40 00 00 00 00 00 22 60 00 00 01 00 03 00 3C 00 02 16"                            File: Line:0 Function: Type:Debug:
DateTime:2026-09-12 16:19:02.498:"工装接收：68 32 00 32 00 68 80 00 00 00 00 00 00 60 00 00 01 00 E1 16"                            File: Line:0 Function: Type:Debug:
DateTime:2026-09-12 16:19:02.498:"m_baRecvMsg:"                            File: Line:0 Function: Type:Debug:
DateTime:2026-09-12 16:19:02.498:"frameList.size():1"                            File: Line:0 Function: Type:Debug:
DateTime:2026-09-12 16:19:02.498:"进入报文解析"                            File: Line:0 Function: Type:Debug:
DateTime:2026-09-12 16:19:02.498:"68 32 00 32 00 68 80 00 00 00 00 00 00 60 00 00 01 00 E1 16"                            File: Line:0 Function: Type:Debug:
DateTime:2026-09-12 16:19:02.498:"解码完成，功能码: 1"                            File: Line:0 Function: Type:Debug:
DateTime:2026-09-12 16:19:02.498:"工装回复确认帧"                            File: Line:0 Function: Type:Debug:
DateTime:2026-09-12 16:19:02.498:"工装发送：68 42 00 42 00 68 40 00 00 00 00 00 22 60 00 00 01 00 04 00 3C 00 03 16"                            File: Line:0 Function: Type:Debug:
DateTime:2026-09-12 16:19:02.498:"工装接收：68 32 00 32 00 68 80 00 00 00 00 00 00 60 00 00 01 00 E1 16"                            File: Line:0 Function: Type:Debug:
DateTime:2026-09-12 16:19:02.498:"m_baRecvMsg:"                            File: Line:0 Function: Type:Debug:
DateTime:2026-09-12 16:19:02.498:"frameList.size():1"                            File: Line:0 Function: Type:Debug:
DateTime:2026-09-12 16:19:02.498:"进入报文解析"                            File: Line:0 Function: Type:Debug:
DateTime:2026-09-12 16:19:02.498:"68 32 00 32 00 68 80 00 00 00 00 00 00 60 00 00 01 00 E1 16"                            File: Line:0 Function: Type:Debug:
DateTime:2026-09-12 16:19:02.498:"解码完成，功能码: 1"                            File: Line:0 Function: Type:Debug:
DateTime:2026-09-12 16:19:02.498:"工装回复确认帧"                            File: Line:0 Function: Type:Debug:
DateTime:2026-09-12 16:19:02.498:"工装发送：68 42 00 42 00 68 40 00 00 00 00 00 22 60 00 00 01 00 05 00 3C 00 04 16"                            File: Line:0 Function: Type:Debug:
DateTime:2026-09-12 16:19:02.499:"工装接收：68 32 00 32 00 68 80 00 00 00 00 00 00 60 00 00 01 00 E1 16"                            File: Line:0 Function: Type:Debug:
DateTime:2026-09-12 16:19:02.499:"m_baRecvMsg:"                            File: Line:0 Function: Type:Debug:
DateTime:2026-09-12 16:19:02.499:"frameList.size():1"                            File: Line:0 Function: Type:Debug:
DateTime:2026-09-12 16:19:02.499:"进入报文解析"                            File: Line:0 Function: Type:Debug:
DateTime:2026-09-12 16:19:02.499:"68 32 00 32 00 68 80 00 00 00 00 00 00 60 00 00 01 00 E1 16"                            File: Line:0 Function: Type:Debug:
DateTime:2026-09-12 16:19:02.499:"解码完成，功能码: 1"                            File: Line:0 Function: Type:Debug:
DateTime:2026-09-12 16:19:02.499:"工装回复确认帧"                            File: Line:0 Function: Type:Debug:
DateTime:2026-09-12 16:19:02.499:"工装发送：68 42 00 42 00 68 40 00 00 00 00 00 22 60 00 00 01 00 06 00 3C 00 05 16"                            File: Line:0 Function: Type:Debug:
DateTime:2026-09-12 16:19:02.499:"工装接收：68 32 00 32 00 68 80 00 00 00 00 00 00 60 00 00 01 00 E1 16"                            File: Line:0 Function: Type:Debug:
DateTime:2026-09-12 16:19:02.499:"m_baRecvMsg:"                            File: Line:0 Function: Type:Debug:
DateTime:2026-09-12 16:19:02.499:"frameList.size():1"                            File: Line:0 Function: Type:Debug:
DateTime:2026-09-12 16:19:02.499:"进入报文解析"                            File: Line:0 Function: Type:Debug:
DateTime:2026-09-12 16:19:02.499:"68 32 00 32 00 68 80 00 00 00 00 00 00 60 00 00 01 00 E1 16"                            File: Line:0 Function: Type:Debug:
DateTime:2026-09-12 16:19:02.499:"解码完成，功能码: 1"                            File: Line:0 Function: Type:Debug:
DateTime:2026-09-12 16:19:02.499:"工装回复确认帧"                            File: Line:0 Function: Type:Debug:
DateTime:2026-09-12 16:19:02.499:"工装发送：68 42 00 42 00 68 40 00 00 00 00 00 22 60 00 00 01 00 07 00 3C 00 06 16"                            File: Line:0 Function: Type:Debug:
DateTime:2026-09-12 16:19:02.500:"工装接收：68 32 00 32 00 68 80 00 00 00 00 00 00 60 00 00 01 00 E1 16"                            File: Line:0 Function: Type:Debug:
DateTime:2026-09-12 16:19:02.500:"m_baRecvMsg:"                            File: Line:0 Function: Type:Debug:
DateTime:2026-09-12 16:19:02.500:"frameList.size():1"                            File: Line:0 Function: Type:Debug:
DateTime:2026-09-12 16:19:02.500:"进入报文解析"                            File: Line:0 Function: Type:Debug:
DateTime:2026-09-12 16:19:02.500:"68 32 00 32 00 68 80 00 00 00 00 00 00 60 00 00 01 00 E1 16"                            File: Line:0 Function: Type:Debug:
DateTime:2026-09-12 16:19:02.500:"解码完成，功能码: 1"                            File: Line:0 Function: Type:Debug:
DateTime:2026-09-12 16:19:02.500:"工装回复确认帧"                            File: Line:0 Function: Type:Debug:
DateTime:2026-09-12 16:19:02.500:"工装发送：68 42 00 42 00 68 40 00 00 00 00 00 22 60 00 00 01 00 08 00 3C 00 07 16"                            File: Line:0 Function: Type:Debug:
DateTime:2026-09-12 16:19:02.500:"工装接收：68 32 00 32 00 68 80 00 00 00 00 00 00 60 00 00 01 00 E1 16"                            File: Line:0 Function: Type:Debug:
DateTime:2026-09-12 16:19:02.500:"m_baRecvMsg:"                            File: Line:0 Function: Type:Debug:
DateTime:2026-09-12 16:19:02.500:"frameList.size():1"                            File: Line:0 Function: Type:Debug:
DateTime:2026-09-12 16:19:02.500:"进入报文解析"                            File: Line:0 Function: Type:Debug:
DateTime:2026-09-12 16:19:02.500:"68 32 00 32 00 68 80 00 00 00 00 00 00 60 00 00 01 00 E1 16"                            File: Line:0 Function: Type:Debug:
DateTime:2026-09-12 16:19:02.500:"解码完成，功能码: 1"                            File: Line:0 Function: Type:Debug:
DateTime:2026-09-12 16:19:02.500:"工装回复确认帧"                            File: Line:0 Function: Type:Debug:
DateTime:2026-09-12 16:19:02.500:"全部槽位关闭透传成功"                            File: Line:0 Function: Type:Debug:
DateTime:2026-09-12 16:19:02.601:dll输出信息: ""                            File: Line:0 Function: Type:Debug:
DateTime:2026-09-12 16:19:02.601:接口函数调用成功，返回的结果为 0                            File: Line:0 Function: Type:Debug:
DateTime:2026-09-12 16:19:02.601:"外部传入的para：0，返回的result：0,返回的pValRet：0"                            File: Line:0 Function: Type:Debug:
DateTime:2026-09-12 16:19:02.601:"执行接口函数SimuCorn_close_transport完成"                            File: Line:0 Function: Type:Debug:
DateTime:2026-09-12 16:19:02.601:coorIndex 0                            File: Line:0 Function: Type:Debug:
DateTime:2026-09-12 16:19:02.601:当前流程结束                            File: Line:0 Function: Type:Debug:
DateTime:2026-09-12 16:19:02.601:退出connect函数                            File: Line:0 Function: Type:Debug:
DateTime:2026-09-12 16:19:02.601:"=========【测试槽位透传关闭】结束=========="                            File: Line:0 Function: Type:Debug:
DateTime:2026-09-12 16:19:02.601:"-----------------------------"                            File: Line:0 Function: Type:Debug:
DateTime:2026-09-12 16:19:02.602:"=============执行【测试槽位上电】==================="                            File: Line:0 Function: Type:Debug:
DateTime:2026-09-12 16:19:02.602:"执行接口函数SimuCorn_power_on"                            File: Line:0 Function: Type:Debug:
DateTime:2026-09-12 16:19:02.602:callWorkFunction: SimuCorn_power_on                            File: Line:0 Function: Type:Debug:
DateTime:2026-09-12 16:19:02.602:找到对应函数，进入执行                            File: Line:0 Function: Type:Debug:
DateTime:2026-09-12 16:19:02.602:"工装发送：68 3E 00 3E 00 68 40 00 00 00 00 00 21 60 00 00 02 00 02 02 01 C8 16"                            File: Line:0 Function: Type:Debug:
DateTime:2026-09-12 16:19:02.602:"工装接收：68 32 00 32 00 68 80 00 00 00 00 00 00 60 00 00 01 00 E1 16"                            File: Line:0 Function: Type:Debug:
DateTime:2026-09-12 16:19:02.602:"m_baRecvMsg:"                            File: Line:0 Function: Type:Debug:
DateTime:2026-09-12 16:19:02.602:"frameList.size():1"                            File: Line:0 Function: Type:Debug:
DateTime:2026-09-12 16:19:02.602:"进入报文解析"                            File: Line:0 Function: Type:Debug:
DateTime:2026-09-12 16:19:02.602:"68 32 00 32 00 68 80 00 00 00 00 00 00 60 00 00 01 00 E1 16"                            File: Line:0 Function: Type:Debug:
DateTime:2026-09-12 16:19:02.603:"解码完成，功能码: 1"                            File: Line:0 Function: Type:Debug:
DateTime:2026-09-12 16:19:02.603:"工装回复确认帧"                            File: Line:0 Function: Type:Debug:
DateTime:2026-09-12 16:19:02.603:"工装发送：68 3E 00 3E 00 68 40 00 00 00 00 00 21 60 00 00 02 00 03 02 01 C9 16"                            File: Line:0 Function: Type:Debug:
DateTime:2026-09-12 16:19:02.603:"工装接收：68 32 00 32 00 68 80 00 00 00 00 00 00 60 00 00 01 00 E1 16"                            File: Line:0 Function: Type:Debug:
DateTime:2026-09-12 16:19:02.603:"m_baRecvMsg:"                            File: Line:0 Function: Type:Debug:
DateTime:2026-09-12 16:19:02.603:"frameList.size():1"                            File: Line:0 Function: Type:Debug:
DateTime:2026-09-12 16:19:02.603:"进入报文解析"                            File: Line:0 Function: Type:Debug:
DateTime:2026-09-12 16:19:02.603:"68 32 00 32 00 68 80 00 00 00 00 00 00 60 00 00 01 00 E1 16"                            File: Line:0 Function: Type:Debug:
DateTime:2026-09-12 16:19:02.603:"解码完成，功能码: 1"                            File: Line:0 Function: Type:Debug:
DateTime:2026-09-12 16:19:02.603:"工装回复确认帧"                            File: Line:0 Function: Type:Debug:
DateTime:2026-09-12 16:19:02.603:"工装发送：68 3E 00 3E 00 68 40 00 00 00 00 00 21 60 00 00 02 00 04 02 01 CA 16"                            File: Line:0 Function: Type:Debug:
DateTime:2026-09-12 16:19:02.604:"工装接收：68 32 00 32 00 68 80 00 00 00 00 00 00 60 00 00 01 00 E1 16"                            File: Line:0 Function: Type:Debug:
DateTime:2026-09-12 16:19:02.604:"m_baRecvMsg:"                            File: Line:0 Function: Type:Debug:
DateTime:2026-09-12 16:19:02.604:"frameList.size():1"                            File: Line:0 Function: Type:Debug:
DateTime:2026-09-12 16:19:02.604:"进入报文解析"                            File: Line:0 Function: Type:Debug:
DateTime:2026-09-12 16:19:02.604:"68 32 00 32 00 68 80 00 00 00 00 00 00 60 00 00 01 00 E1 16"                            File: Line:0 Function: Type:Debug:
DateTime:2026-09-12 16:19:02.604:"解码完成，功能码: 1"                            File: Line:0 Function: Type:Debug:
DateTime:2026-09-12 16:19:02.604:"工装回复确认帧"                            File: Line:0 Function: Type:Debug:
DateTime:2026-09-12 16:19:02.604:"工装发送：68 3E 00 3E 00 68 40 00 00 00 00 00 21 60 00 00 02 00 05 02 01 CB 16"                            File: Line:0 Function: Type:Debug:
DateTime:2026-09-12 16:19:02.604:"工装接收：68 32 00 32 00 68 80 00 00 00 00 00 00 60 00 00 01 00 E1 16"                            File: Line:0 Function: Type:Debug:
DateTime:2026-09-12 16:19:02.604:"m_baRecvMsg:"                            File: Line:0 Function: Type:Debug:
DateTime:2026-09-12 16:19:02.604:"frameList.size():1"                            File: Line:0 Function: Type:Debug:
DateTime:2026-09-12 16:19:02.604:"进入报文解析"                            File: Line:0 Function: Type:Debug:
DateTime:2026-09-12 16:19:02.604:"68 32 00 32 00 68 80 00 00 00 00 00 00 60 00 00 01 00 E1 16"                            File: Line:0 Function: Type:Debug:
DateTime:2026-09-12 16:19:02.604:"解码完成，功能码: 1"                            File: Line:0 Function: Type:Debug:
DateTime:2026-09-12 16:19:02.604:"工装回复确认帧"                            File: Line:0 Function: Type:Debug:
DateTime:2026-09-12 16:19:02.604:"工装发送：68 3E 00 3E 00 68 40 00 00 00 00 00 21 60 00 00 02 00 06 02 01 CC 16"                            File: Line:0 Function: Type:Debug:
DateTime:2026-09-12 16:19:02.605:"工装接收：68 32 00 32 00 68 80 00 00 00 00 00 00 60 00 00 01 00 E1 16"                            File: Line:0 Function: Type:Debug:
DateTime:2026-09-12 16:19:02.605:"m_baRecvMsg:"                            File: Line:0 Function: Type:Debug:
DateTime:2026-09-12 16:19:02.605:"frameList.size():1"                            File: Line:0 Function: Type:Debug:
DateTime:2026-09-12 16:19:02.605:"进入报文解析"                            File: Line:0 Function: Type:Debug:
DateTime:2026-09-12 16:19:02.605:"68 32 00 32 00 68 80 00 00 00 00 00 00 60 00 00 01 00 E1 16"                            File: Line:0 Function: Type:Debug:
DateTime:2026-09-12 16:19:02.605:"解码完成，功能码: 1"                            File: Line:0 Function: Type:Debug:
DateTime:2026-09-12 16:19:02.605:"工装回复确认帧"                            File: Line:0 Function: Type:Debug:
DateTime:2026-09-12 16:19:02.605:"工装发送：68 3E 00 3E 00 68 40 00 00 00 00 00 21 60 00 00 02 00 07 02 01 CD 16"                            File: Line:0 Function: Type:Debug:
DateTime:2026-09-12 16:19:02.605:"工装接收：68 32 00 32 00 68 80 00 00 00 00 00 00 60 00 00 01 00 E1 16"                            File: Line:0 Function: Type:Debug:
DateTime:2026-09-12 16:19:02.606:"m_baRecvMsg:"                            File: Line:0 Function: Type:Debug:
DateTime:2026-09-12 16:19:02.606:"frameList.size():1"                            File: Line:0 Function: Type:Debug:
DateTime:2026-09-12 16:19:02.606:"进入报文解析"                            File: Line:0 Function: Type:Debug:
DateTime:2026-09-12 16:19:02.606:"68 32 00 32 00 68 80 00 00 00 00 00 00 60 00 00 01 00 E1 16"                            File: Line:0 Function: Type:Debug:
DateTime:2026-09-12 16:19:02.606:"解码完成，功能码: 1"                            File: Line:0 Function: Type:Debug:
DateTime:2026-09-12 16:19:02.606:"工装回复确认帧"                            File: Line:0 Function: Type:Debug:
DateTime:2026-09-12 16:19:02.606:"工装发送：68 3E 00 3E 00 68 40 00 00 00 00 00 21 60 00 00 02 00 08 02 01 CE 16"                            File: Line:0 Function: Type:Debug:
DateTime:2026-09-12 16:19:02.606:"工装接收：68 32 00 32 00 68 80 00 00 00 00 00 00 60 00 00 01 00 E1 16"                            File: Line:0 Function: Type:Debug:
DateTime:2026-09-12 16:19:02.606:"m_baRecvMsg:"                            File: Line:0 Function: Type:Debug:
DateTime:2026-09-12 16:19:02.606:"frameList.size():1"                            File: Line:0 Function: Type:Debug:
DateTime:2026-09-12 16:19:02.606:"进入报文解析"                            File: Line:0 Function: Type:Debug:
DateTime:2026-09-12 16:19:02.606:"68 32 00 32 00 68 80 00 00 00 00 00 00 60 00 00 01 00 E1 16"                            File: Line:0 Function: Type:Debug:
DateTime:2026-09-12 16:19:02.606:"解码完成，功能码: 1"                            File: Line:0 Function: Type:Debug:
DateTime:2026-09-12 16:19:02.606:"工装回复确认帧"                            File: Line:0 Function: Type:Debug:
DateTime:2026-09-12 16:19:02.606:"所有槽位上电成功"                            File: Line:0 Function: Type:Debug:
DateTime:2026-09-12 16:19:02.708:dll输出信息: ""                            File: Line:0 Function: Type:Debug:
DateTime:2026-09-12 16:19:02.708:接口函数调用成功，返回的结果为 0                            File: Line:0 Function: Type:Debug:
DateTime:2026-09-12 16:19:02.708:"外部传入的para：0，返回的result：0,返回的pValRet：0"                            File: Line:0 Function: Type:Debug:
DateTime:2026-09-12 16:19:02.708:"执行接口函数SimuCorn_power_on完成"                            File: Line:0 Function: Type:Debug:
DateTime:2026-09-12 16:19:02.708:coorIndex 0                            File: Line:0 Function: Type:Debug:
DateTime:2026-09-12 16:19:02.709:当前流程结束                            File: Line:0 Function: Type:Debug:
DateTime:2026-09-12 16:19:02.709:退出connect函数                            File: Line:0 Function: Type:Debug:
DateTime:2026-09-12 16:19:02.709:"=========【测试槽位上电】结束=========="                            File: Line:0 Function: Type:Debug:
DateTime:2026-09-12 16:19:02.709:"-----------------------------"                            File: Line:0 Function: Type:Debug:
DateTime:2026-09-12 16:19:02.709:"=============执行【设置强电通路闭合(槽位5,6)】==================="                            File: Line:0 Function: Type:Debug:
DateTime:2026-09-12 16:19:02.709:"执行接口函数SimuCorn_get_set_simu_relay"                            File: Line:0 Function: Type:Debug:
DateTime:2026-09-12 16:19:02.710:callWorkFunction: SimuCorn_get_set_simu_relay                            File: Line:0 Function: Type:Debug:
DateTime:2026-09-12 16:19:02.710:找到对应函数，进入执行                            File: Line:0 Function: Type:Debug:
DateTime:2026-09-12 16:19:02.710:"工装发送：68 42 00 42 00 68 40 00 00 00 00 00 22 60 00 00 20 00 01 02 03 04 EC 16"                            File: Line:0 Function: Type:Debug:
DateTime:2026-09-12 16:19:02.717:"工装接收：68 32 00 32 00 68 80 00 00 00 00 00 00 60 00 00 01 00 E1 16"                            File: Line:0 Function: Type:Debug:
DateTime:2026-09-12 16:19:02.717:"m_baRecvMsg:"                            File: Line:0 Function: Type:Debug:
DateTime:2026-09-12 16:19:02.717:"frameList.size():1"                            File: Line:0 Function: Type:Debug:
DateTime:2026-09-12 16:19:02.717:"进入报文解析"                            File: Line:0 Function: Type:Debug:
DateTime:2026-09-12 16:19:02.717:"68 32 00 32 00 68 80 00 00 00 00 00 00 60 00 00 01 00 E1 16"                            File: Line:0 Function: Type:Debug:
DateTime:2026-09-12 16:19:02.717:"解码完成，功能码: 1"                            File: Line:0 Function: Type:Debug:
DateTime:2026-09-12 16:19:02.717:"工装回复确认帧"                            File: Line:0 Function: Type:Debug:
DateTime:2026-09-12 16:19:02.717:"设置强电通路成功"                            File: Line:0 Function: Type:Debug:
DateTime:2026-09-12 16:19:02.818:dll输出信息: ""                            File: Line:0 Function: Type:Debug:
DateTime:2026-09-12 16:19:02.818:接口函数调用成功，返回的结果为 0                            File: Line:0 Function: Type:Debug:
DateTime:2026-09-12 16:19:02.818:"外部传入的para：0，返回的result：0,返回的pValRet：0"                            File: Line:0 Function: Type:Debug:
DateTime:2026-09-12 16:19:02.818:"执行接口函数SimuCorn_get_set_simu_relay完成"                            File: Line:0 Function: Type:Debug:
DateTime:2026-09-12 16:19:02.818:coorIndex 0                            File: Line:0 Function: Type:Debug:
DateTime:2026-09-12 16:19:02.818:当前流程结束                            File: Line:0 Function: Type:Debug:
DateTime:2026-09-12 16:19:02.818:退出connect函数                            File: Line:0 Function: Type:Debug:
DateTime:2026-09-12 16:19:02.818:"=========【设置强电通路闭合(槽位5,6)】结束=========="                            File: Line:0 Function: Type:Debug:
DateTime:2026-09-12 16:19:02.818:"-----------------------------"                            File: Line:0 Function: Type:Debug:
DateTime:2026-09-12 16:19:02.819:"=============执行【设置强电通路闭合(槽位7,8)】==================="                            File: Line:0 Function: Type:Debug:
DateTime:2026-09-12 16:19:02.819:"执行接口函数SimuCorn_get_set_simu_relay"                            File: Line:0 Function: Type:Debug:
DateTime:2026-09-12 16:19:02.819:callWorkFunction: SimuCorn_get_set_simu_relay                            File: Line:0 Function: Type:Debug:
DateTime:2026-09-12 16:19:02.819:找到对应函数，进入执行                            File: Line:0 Function: Type:Debug:
DateTime:2026-09-12 16:19:02.819:"工装发送：68 42 00 42 00 68 40 00 00 00 00 00 22 60 00 00 20 00 11 12 13 14 2C 16"                            File: Line:0 Function: Type:Debug:
DateTime:2026-09-12 16:19:02.826:"工装接收：68 32 00 32 00 68 80 00 00 00 00 00 00 60 00 00 01 00 E1 16"                            File: Line:0 Function: Type:Debug:
DateTime:2026-09-12 16:19:02.826:"m_baRecvMsg:"                            File: Line:0 Function: Type:Debug:
DateTime:2026-09-12 16:19:02.826:"frameList.size():1"                            File: Line:0 Function: Type:Debug:
DateTime:2026-09-12 16:19:02.826:"进入报文解析"                            File: Line:0 Function: Type:Debug:
DateTime:2026-09-12 16:19:02.826:"68 32 00 32 00 68 80 00 00 00 00 00 00 60 00 00 01 00 E1 16"                            File: Line:0 Function: Type:Debug:
DateTime:2026-09-12 16:19:02.826:"解码完成，功能码: 1"                            File: Line:0 Function: Type:Debug:
DateTime:2026-09-12 16:19:02.826:"工装回复确认帧"                            File: Line:0 Function: Type:Debug:
DateTime:2026-09-12 16:19:02.826:"设置强电通路成功"                            File: Line:0 Function: Type:Debug:
DateTime:2026-09-12 16:19:02.927:dll输出信息: ""                            File: Line:0 Function: Type:Debug:
DateTime:2026-09-12 16:19:02.927:接口函数调用成功，返回的结果为 0                            File: Line:0 Function: Type:Debug:
DateTime:2026-09-12 16:19:02.927:"外部传入的para：0，返回的result：0,返回的pValRet：0"                            File: Line:0 Function: Type:Debug:
DateTime:2026-09-12 16:19:02.927:"执行接口函数SimuCorn_get_set_simu_relay完成"                            File: Line:0 Function: Type:Debug:
DateTime:2026-09-12 16:19:02.928:coorIndex 0                            File: Line:0 Function: Type:Debug:
DateTime:2026-09-12 16:19:02.928:当前流程结束                            File: Line:0 Function: Type:Debug:
DateTime:2026-09-12 16:19:02.928:退出connect函数                            File: Line:0 Function: Type:Debug:
DateTime:2026-09-12 16:19:02.928:"=========【设置强电通路闭合(槽位7,8)】结束=========="                            File: Line:0 Function: Type:Debug:
DateTime:2026-09-12 16:19:02.928:"-----------------------------"                            File: Line:0 Function: Type:Debug:
DateTime:2026-09-12 16:19:02.929:"=============执行【执行延时】==================="                            File: Line:0 Function: Type:Debug:
DateTime:2026-09-12 16:19:02.929:"执行接口函数Func_Delay"                            File: Line:0 Function: Type:Debug:
DateTime:2026-09-12 16:19:02.929:callWorkFunction: Func_Delay                            File: Line:0 Function: Type:Debug:
DateTime:2026-09-12 16:19:02.930:找到对应函数，进入执行                            File: Line:0 Function: Type:Debug:
DateTime:2026-09-12 16:19:02.930:"延时时间为5s"                            File: Line:0 Function: Type:Debug:
DateTime:2026-09-12 16:19:02.930:"uTimeSecond_ms:5000"                            File: Line:0 Function: Type:Debug:
DateTime:2026-09-12 16:19:05.952:"等待工装回复超时"                            File: Line:0 Function: Type:Debug:
DateTime:2026-09-12 16:19:08.974:"等待工装回复超时"                            File: Line:0 Function: Type:Debug:
DateTime:2026-09-12 16:19:08.974:"延时时间到"                            File: Line:0 Function: Type:Debug:
DateTime:2026-09-12 16:19:09.075:dll输出信息: ""                            File: Line:0 Function: Type:Debug:
DateTime:2026-09-12 16:19:09.075:接口函数调用成功，返回的结果为 0                            File: Line:0 Function: Type:Debug:
DateTime:2026-09-12 16:19:09.075:"外部传入的para：0，返回的result：0,返回的pValRet：0"                            File: Line:0 Function: Type:Debug:
DateTime:2026-09-12 16:19:09.075:"执行接口函数Func_Delay完成"                            File: Line:0 Function: Type:Debug:
DateTime:2026-09-12 16:19:09.075:coorIndex 0                            File: Line:0 Function: Type:Debug:
DateTime:2026-09-12 16:19:09.076:当前流程结束                            File: Line:0 Function: Type:Debug:
DateTime:2026-09-12 16:19:09.076:退出connect函数                            File: Line:0 Function: Type:Debug:
DateTime:2026-09-12 16:19:09.076:"=========【执行延时】结束=========="                            File: Line:0 Function: Type:Debug:
DateTime:2026-09-12 16:19:09.076:"-----------------------------"                            File: Line:0 Function: Type:Debug:
DateTime:2026-09-12 16:19:09.076:"=============执行【Step2-设置主节点地址】==================="                            File: Line:0 Function: Type:Debug:
DateTime:2026-09-12 16:19:09.077:"执行接口函数CCO_AFN55_F1"                            File: Line:0 Function: Type:Debug:
DateTime:2026-09-12 16:19:09.077:callWorkFunction: CCO_AFN55_F1                            File: Line:0 Function: Type:Debug:
DateTime:2026-09-12 16:19:09.077:找到对应函数，进入执行                            File: Line:0 Function: Type:Debug:
DateTime:2026-09-12 16:19:09.581:"等待工装回复超时"                            File: Line:0 Function: Type:Debug:
DateTime:2026-09-12 16:19:09.581:"开始组帧"                            File: Line:0 Function: Type:Debug:
DateTime:2026-09-12 16:19:09.581:"组帧结束"                            File: Line:0 Function: Type:Debug:
DateTime:2026-09-12 16:19:09.581:"367.2Send:设置主节点地址(55H-F1)：=>68 15 00 43 00 00 00 00 00 14 55 01 00 12 90 78 56 34 12 63 16"                            File: Line:0 Function: Type:Debug:
DateTime:2026-09-12 16:19:09.581:"槽位2透传:68960096006840000000000022600000010002013C006815004300000000001455010012907856341263165B16"                            File: Line:0 Function: Type:Debug:
DateTime:2026-09-12 16:19:09.581:"工装发送：68 96 00 96 00 68 40 00 00 00 00 00 22 60 00 00 01 00 02 01 3C 00 68 15 00 43 00 00 00 00 00 14 55 01 00 12 90 78 56 34 12 63 16 5B 16"                            File: Line:0 Function: Type:Debug:
DateTime:2026-09-12 16:19:09.605:"工装接收：68 32 00 32 00 68 80 00 00 00 00 00 00 60 00 00 01 00 E1 16"                            File: Line:0 Function: Type:Debug:
DateTime:2026-09-12 16:19:09.605:"m_baRecvMsg:"                            File: Line:0 Function: Type:Debug:
DateTime:2026-09-12 16:19:09.605:"frameList.size():1"                            File: Line:0 Function: Type:Debug:
DateTime:2026-09-12 16:19:09.605:"进入报文解析"                            File: Line:0 Function: Type:Debug:
DateTime:2026-09-12 16:19:09.605:"68 32 00 32 00 68 80 00 00 00 00 00 00 60 00 00 01 00 E1 16"                            File: Line:0 Function: Type:Debug:
DateTime:2026-09-12 16:19:09.605:"解码完成，功能码: 1"                            File: Line:0 Function: Type:Debug:
DateTime:2026-09-12 16:19:09.605:"工装回复确认帧"                            File: Line:0 Function: Type:Debug:
DateTime:2026-09-12 16:19:09.937:"工装接收：68 7A 00 7A 00 68 80 00 00 00 00 00 22 60 00 00 01 00 02 0F 00 68 0F 00 80 00 00 00 00 00 14 50 01 00 E5 16 6B 16"                            File: Line:0 Function: Type:Debug:
DateTime:2026-09-12 16:19:09.938:"m_baRecvMsg:"                            File: Line:0 Function: Type:Debug:
DateTime:2026-09-12 16:19:09.938:"frameList.size():1"                            File: Line:0 Function: Type:Debug:
DateTime:2026-09-12 16:19:09.938:"进入报文解析"                            File: Line:0 Function: Type:Debug:
DateTime:2026-09-12 16:19:09.938:"68 7A 00 7A 00 68 80 00 00 00 00 00 22 60 00 00 01 00 02 0F 00 68 0F 00 80 00 00 00 00 00 14 50 01 00 E5 16 6B 16"                            File: Line:0 Function: Type:Debug:
DateTime:2026-09-12 16:19:09.938:"解码完成，功能码: 4"                            File: Line:0 Function: Type:Debug:
DateTime:2026-09-12 16:19:09.938:"工装接收到透传报文"                            File: Line:0 Function: Type:Debug:
DateTime:2026-09-12 16:19:09.938:"020F00680F0080000000000014500100E516"                            File: Line:0 Function: Type:Debug:
DateTime:2026-09-12 16:19:09.938:"透传报文内容:68 0f 00 80 00 00 00 00 00 14 50 01 00 e5 16"                            File: Line:0 Function: Type:Debug:
DateTime:2026-09-12 16:19:12.657:"uTimeSecond_ms:5000"                            File: Line:0 Function: Type:Debug:
DateTime:2026-09-12 16:19:12.657:"查找结果: iret=0, wStart=0, dwOutLen=15, dwStreamLen=15, dwFindPos=0"                            File: Line:0 Function: Type:Debug:
DateTime:2026-09-12 16:19:12.657:"Receive:<= 68 0F 00 80 00 00 00 00 00 14 50 01 00 E5 16"                            File: Line:0 Function: Type:Debug:
DateTime:2026-09-12 16:19:12.657:"解析：功能码-AFN=50H,Fn=1："                            File: Line:0 Function: Type:Debug:
DateTime:2026-09-12 16:19:12.657:"设置主节点地址成功"                            File: Line:0 Function: Type:Debug:
DateTime:2026-09-12 16:19:12.657:dll输出信息: ""                            File: Line:0 Function: Type:Debug:
DateTime:2026-09-12 16:19:12.657:接口函数调用成功，返回的结果为 0                            File: Line:0 Function: Type:Debug:
DateTime:2026-09-12 16:19:12.657:"外部传入的para：0，返回的result：0,返回的pValRet：0"                            File: Line:0 Function: Type:Debug:
DateTime:2026-09-12 16:19:12.657:"执行接口函数CCO_AFN55_F1完成"                            File: Line:0 Function: Type:Debug:
DateTime:2026-09-12 16:19:12.659:coorIndex 0                            File: Line:0 Function: Type:Debug:
DateTime:2026-09-12 16:19:12.659:当前流程结束                            File: Line:0 Function: Type:Debug:
DateTime:2026-09-12 16:19:12.659:退出connect函数                            File: Line:0 Function: Type:Debug:
DateTime:2026-09-12 16:19:12.659:"=========【Step2-设置主节点地址】结束=========="                            File: Line:0 Function: Type:Debug:
DateTime:2026-09-12 16:19:12.659:"-----------------------------"                            File: Line:0 Function: Type:Debug:
DateTime:2026-09-12 16:19:12.659:"=============执行【Step3-EB040501设置读取1字节主动上报】==================="                            File: Line:0 Function: Type:Debug:
DateTime:2026-09-12 16:19:12.660:"执行接口函数CCO_AFN52_F1_EB040501_set"                            File: Line:0 Function: Type:Debug:
DateTime:2026-09-12 16:19:12.660:callWorkFunction: CCO_AFN52_F1_EB040501_set                            File: Line:0 Function: Type:Debug:
DateTime:2026-09-12 16:19:12.660:找到对应函数，进入执行                            File: Line:0 Function: Type:Debug:
DateTime:2026-09-12 16:19:13.164:"等待工装回复超时"                            File: Line:0 Function: Type:Debug:
DateTime:2026-09-12 16:19:13.164:"开始组帧"                            File: Line:0 Function: Type:Debug:
DateTime:2026-09-12 16:19:13.164:"组帧结束"                            File: Line:0 Function: Type:Debug:
DateTime:2026-09-12 16:19:13.164:"367.2Send:数据转发(设置-存量CCO加工处理的事件主动上报方式EB040503)：=>68 34 00 43 00 00 00 00 00 15 52 01 00 02 12 90 78 56 34 12 6B 8A E8 19 00 68 12 90 78 56 34 12 68 14 0D 34 38 37 1E 3B 33 33 33 44 44 44 44 34 80 16 6F 16"                            File: Line:0 Function: Type:Debug:
DateTime:2026-09-12 16:19:13.164:"槽位2透传:68120112016840000000000022600000010002013C0068340043000000000015520100021290785634126B8AE819006812907856341268140D3438371E3B333333444444443480166F169216"                            File: Line:0 Function: Type:Debug:
DateTime:2026-09-12 16:19:13.164:"工装发送：68 12 01 12 01 68 40 00 00 00 00 00 22 60 00 00 01 00 02 01 3C 00 68 34 00 43 00 00 00 00 00 15 52 01 00 02 12 90 78 56 34 12 6B 8A E8 19 00 68 12 90 78 56 34 12 68 14 0D 34 38 37 1E 3B 33 33 33 44 44 44 44 34 80 16 6F 16 92 16"                            File: Line:0 Function: Type:Debug:
DateTime:2026-09-12 16:19:13.225:"工装接收：68 32 00 32 00 68 80 00 00 00 00 00 00 60 00 00 01 00 E1 16"                            File: Line:0 Function: Type:Debug:
DateTime:2026-09-12 16:19:13.225:"m_baRecvMsg:"                            File: Line:0 Function: Type:Debug:
DateTime:2026-09-12 16:19:13.225:"frameList.size():1"                            File: Line:0 Function: Type:Debug:
DateTime:2026-09-12 16:19:13.225:"进入报文解析"                            File: Line:0 Function: Type:Debug:
DateTime:2026-09-12 16:19:13.225:"68 32 00 32 00 68 80 00 00 00 00 00 00 60 00 00 01 00 E1 16"                            File: Line:0 Function: Type:Debug:
DateTime:2026-09-12 16:19:13.225:"解码完成，功能码: 1"                            File: Line:0 Function: Type:Debug:
DateTime:2026-09-12 16:19:13.225:"工装回复确认帧"                            File: Line:0 Function: Type:Debug:
DateTime:2026-09-12 16:19:13.335:"工装接收：68 CE 00 CE 00 68 80 00 00 00 00 00 22 60 00 00 01 00 02 24 00 68 24 00 80 00 00 00 00 00 15 52 01 00 02 12 90 78 56 34 12 0C 00 68 12 90 78 56 34 12 68 94 00 1A 16 F6 16 B7 16"                            File: Line:0 Function: Type:Debug:
DateTime:2026-09-12 16:19:13.335:"m_baRecvMsg:"                            File: Line:0 Function: Type:Debug:
DateTime:2026-09-12 16:19:13.335:"frameList.size():1"                            File: Line:0 Function: Type:Debug:
DateTime:2026-09-12 16:19:13.335:"进入报文解析"                            File: Line:0 Function: Type:Debug:
DateTime:2026-09-12 16:19:13.335:"68 CE 00 CE 00 68 80 00 00 00 00 00 22 60 00 00 01 00 02 24 00 68 24 00 80 00 00 00 00 00 15 52 01 00 02 12 90 78 56 34 12 0C 00 68 12 90 78 56 34 12 68 94 00 1A 16 F6 16 B7 16"                            File: Line:0 Function: Type:Debug:
DateTime:2026-09-12 16:19:13.335:"解码完成，功能码: 4"                            File: Line:0 Function: Type:Debug:
DateTime:2026-09-12 16:19:13.335:"工装接收到透传报文"                            File: Line:0 Function: Type:Debug:
DateTime:2026-09-12 16:19:13.335:"02240068240080000000000015520100021290785634120C00681290785634126894001A16F616"                            File: Line:0 Function: Type:Debug:
DateTime:2026-09-12 16:19:13.336:"透传报文内容:68 24 00 80 00 00 00 00 00 15 52 01 00 02 12 90 78 56 34 12 0c 00 68 12 90 78 56 34 12 68 94 00 1a 16 f6 16"                            File: Line:0 Function: Type:Debug:
DateTime:2026-09-12 16:19:16.258:"uTimeSecond_ms:30000"                            File: Line:0 Function: Type:Debug:
DateTime:2026-09-12 16:19:16.258:"查找结果: iret=0, wStart=0, dwOutLen=36, dwStreamLen=36, dwFindPos=0"                            File: Line:0 Function: Type:Debug:
DateTime:2026-09-12 16:19:16.258:"Receive:<= 68 24 00 80 00 00 00 00 00 15 52 01 00 02 12 90 78 56 34 12 0C 00 68 12 90 78 56 34 12 68 94 00 1A 16 F6 16"                            File: Line:0 Function: Type:Debug:
DateTime:2026-09-12 16:19:16.258:"解析：功能码-AFN=52H,Fn=1："                            File: Line:0 Function: Type:Debug:
DateTime:2026-09-12 16:19:16.258:"透传回复内容：021290785634120C00681290785634126894001A16"                            File: Line:0 Function: Type:Debug:
DateTime:2026-09-12 16:19:16.258:"设置成功"                            File: Line:0 Function: Type:Debug:
DateTime:2026-09-12 16:19:16.258:dll输出信息: ""                            File: Line:0 Function: Type:Debug:
DateTime:2026-09-12 16:19:16.258:接口函数调用成功，返回的结果为 0                            File: Line:0 Function: Type:Debug:
DateTime:2026-09-12 16:19:16.258:"外部传入的para：0，返回的result：0,返回的pValRet：0"                            File: Line:0 Function: Type:Debug:
DateTime:2026-09-12 16:19:16.258:"执行接口函数CCO_AFN52_F1_EB040501_set完成"                            File: Line:0 Function: Type:Debug:
DateTime:2026-09-12 16:19:16.260:coorIndex 0                            File: Line:0 Function: Type:Debug:
DateTime:2026-09-12 16:19:16.260:当前流程结束                            File: Line:0 Function: Type:Debug:
DateTime:2026-09-12 16:19:16.260:退出connect函数                            File: Line:0 Function: Type:Debug:
DateTime:2026-09-12 16:19:16.260:"=========【Step3-EB040501设置读取1字节主动上报】结束=========="                            File: Line:0 Function: Type:Debug:
DateTime:2026-09-12 16:19:16.260:"-----------------------------"                            File: Line:0 Function: Type:Debug:
DateTime:2026-09-12 16:19:16.261:"=============执行【Step4-CCO复位】==================="                            File: Line:0 Function: Type:Debug:
DateTime:2026-09-12 16:19:16.261:"执行接口函数SimuCorn_reset"                            File: Line:0 Function: Type:Debug:
DateTime:2026-09-12 16:19:16.261:callWorkFunction: SimuCorn_reset                            File: Line:0 Function: Type:Debug:
DateTime:2026-09-12 16:19:16.261:找到对应函数，进入执行                            File: Line:0 Function: Type:Debug:
DateTime:2026-09-12 16:19:16.261:"工装发送：68 3E 00 3E 00 68 40 00 00 00 00 00 21 60 00 00 02 00 02 01 01 C7 16"                            File: Line:0 Function: Type:Debug:
DateTime:2026-09-12 16:19:16.761:"工装接收：68 32 00 32 00 68 80 00 00 00 00 00 00 60 00 00 01 00 E1 16"                            File: Line:0 Function: Type:Debug:
DateTime:2026-09-12 16:19:16.761:"m_baRecvMsg:"                            File: Line:0 Function: Type:Debug:
DateTime:2026-09-12 16:19:16.761:"frameList.size():1"                            File: Line:0 Function: Type:Debug:
DateTime:2026-09-12 16:19:16.761:"进入报文解析"                            File: Line:0 Function: Type:Debug:
DateTime:2026-09-12 16:19:16.761:"68 32 00 32 00 68 80 00 00 00 00 00 00 60 00 00 01 00 E1 16"                            File: Line:0 Function: Type:Debug:
DateTime:2026-09-12 16:19:16.761:"解码完成，功能码: 1"                            File: Line:0 Function: Type:Debug:
DateTime:2026-09-12 16:19:16.761:"工装回复确认帧"                            File: Line:0 Function: Type:Debug:
DateTime:2026-09-12 16:19:16.761:"所有槽位拉取复位引脚成功"                            File: Line:0 Function: Type:Debug:
DateTime:2026-09-12 16:19:16.862:dll输出信息: ""                            File: Line:0 Function: Type:Debug:
DateTime:2026-09-12 16:19:16.862:接口函数调用成功，返回的结果为 0                            File: Line:0 Function: Type:Debug:
DateTime:2026-09-12 16:19:16.862:"外部传入的para：0，返回的result：0,返回的pValRet：0"                            File: Line:0 Function: Type:Debug:
DateTime:2026-09-12 16:19:16.862:"执行接口函数SimuCorn_reset完成"                            File: Line:0 Function: Type:Debug:
DateTime:2026-09-12 16:19:16.863:coorIndex 0                            File: Line:0 Function: Type:Debug:
DateTime:2026-09-12 16:19:16.863:当前流程结束                            File: Line:0 Function: Type:Debug:
DateTime:2026-09-12 16:19:16.863:退出connect函数                            File: Line:0 Function: Type:Debug:
DateTime:2026-09-12 16:19:16.863:"=========【Step4-CCO复位】结束=========="                            File: Line:0 Function: Type:Debug:
DateTime:2026-09-12 16:19:16.863:"-----------------------------"                            File: Line:0 Function: Type:Debug:
DateTime:2026-09-12 16:19:16.864:"=============执行【执行延时】==================="                            File: Line:0 Function: Type:Debug:
DateTime:2026-09-12 16:19:16.864:"执行接口函数Func_Delay"                            File: Line:0 Function: Type:Debug:
DateTime:2026-09-12 16:19:16.864:callWorkFunction: Func_Delay                            File: Line:0 Function: Type:Debug:
DateTime:2026-09-12 16:19:16.864:找到对应函数，进入执行                            File: Line:0 Function: Type:Debug:
DateTime:2026-09-12 16:19:16.864:"延时时间为3s"                            File: Line:0 Function: Type:Debug:
DateTime:2026-09-12 16:19:16.864:"uTimeSecond_ms:3000"                            File: Line:0 Function: Type:Debug:
DateTime:2026-09-12 16:19:19.886:"等待工装回复超时"                            File: Line:0 Function: Type:Debug:
DateTime:2026-09-12 16:19:19.886:"延时时间到"                            File: Line:0 Function: Type:Debug:
DateTime:2026-09-12 16:19:19.987:dll输出信息: ""                            File: Line:0 Function: Type:Debug:
DateTime:2026-09-12 16:19:19.987:接口函数调用成功，返回的结果为 0                            File: Line:0 Function: Type:Debug:
DateTime:2026-09-12 16:19:19.987:"外部传入的para：0，返回的result：0,返回的pValRet：0"                            File: Line:0 Function: Type:Debug:
DateTime:2026-09-12 16:19:19.987:"执行接口函数Func_Delay完成"                            File: Line:0 Function: Type:Debug:
DateTime:2026-09-12 16:19:19.987:coorIndex 0                            File: Line:0 Function: Type:Debug:
DateTime:2026-09-12 16:19:19.987:当前流程结束                            File: Line:0 Function: Type:Debug:
DateTime:2026-09-12 16:19:19.988:退出connect函数                            File: Line:0 Function: Type:Debug:
DateTime:2026-09-12 16:19:19.988:"=========【执行延时】结束=========="                            File: Line:0 Function: Type:Debug:
DateTime:2026-09-12 16:19:19.988:"-----------------------------"                            File: Line:0 Function: Type:Debug:
DateTime:2026-09-12 16:19:19.988:"=============执行【Step5-设置主节点地址】==================="                            File: Line:0 Function: Type:Debug:
DateTime:2026-09-12 16:19:19.988:"执行接口函数CCO_AFN55_F1"                            File: Line:0 Function: Type:Debug:
DateTime:2026-09-12 16:19:19.988:callWorkFunction: CCO_AFN55_F1                            File: Line:0 Function: Type:Debug:
DateTime:2026-09-12 16:19:19.988:找到对应函数，进入执行                            File: Line:0 Function: Type:Debug:
DateTime:2026-09-12 16:19:20.492:"等待工装回复超时"                            File: Line:0 Function: Type:Debug:
DateTime:2026-09-12 16:19:20.492:"开始组帧"                            File: Line:0 Function: Type:Debug:
DateTime:2026-09-12 16:19:20.492:"组帧结束"                            File: Line:0 Function: Type:Debug:
DateTime:2026-09-12 16:19:20.492:"367.2Send:设置主节点地址(55H-F1)：=>68 15 00 43 00 00 00 00 00 16 55 01 00 12 90 78 56 34 12 65 16"                            File: Line:0 Function: Type:Debug:
DateTime:2026-09-12 16:19:20.492:"槽位2透传:68960096006840000000000022600000010002013C006815004300000000001655010012907856341265165F16"                            File: Line:0 Function: Type:Debug:
DateTime:2026-09-12 16:19:20.492:"工装发送：68 96 00 96 00 68 40 00 00 00 00 00 22 60 00 00 01 00 02 01 3C 00 68 15 00 43 00 00 00 00 00 16 55 01 00 12 90 78 56 34 12 65 16 5F 16"                            File: Line:0 Function: Type:Debug:
DateTime:2026-09-12 16:19:20.517:"工装接收：68 32 00 32 00 68 80 00 00 00 00 00 00 60 00 00 01 00 E1 16"                            File: Line:0 Function: Type:Debug:
DateTime:2026-09-12 16:19:20.517:"m_baRecvMsg:"                            File: Line:0 Function: Type:Debug:
DateTime:2026-09-12 16:19:20.517:"frameList.size():1"                            File: Line:0 Function: Type:Debug:
DateTime:2026-09-12 16:19:20.517:"进入报文解析"                            File: Line:0 Function: Type:Debug:
DateTime:2026-09-12 16:19:20.517:"68 32 00 32 00 68 80 00 00 00 00 00 00 60 00 00 01 00 E1 16"                            File: Line:0 Function: Type:Debug:
DateTime:2026-09-12 16:19:20.517:"解码完成，功能码: 1"                            File: Line:0 Function: Type:Debug:
DateTime:2026-09-12 16:19:20.517:"工装回复确认帧"                            File: Line:0 Function: Type:Debug:
DateTime:2026-09-12 16:19:20.845:"工装接收：68 7A 00 7A 00 68 80 00 00 00 00 00 22 60 00 00 01 00 02 0F 00 68 0F 00 80 00 00 00 00 00 16 50 01 00 E7 16 6F 16"                            File: Line:0 Function: Type:Debug:
DateTime:2026-09-12 16:19:20.845:"m_baRecvMsg:"                            File: Line:0 Function: Type:Debug:
DateTime:2026-09-12 16:19:20.845:"frameList.size():1"                            File: Line:0 Function: Type:Debug:
DateTime:2026-09-12 16:19:20.845:"进入报文解析"                            File: Line:0 Function: Type:Debug:
DateTime:2026-09-12 16:19:20.845:"68 7A 00 7A 00 68 80 00 00 00 00 00 22 60 00 00 01 00 02 0F 00 68 0F 00 80 00 00 00 00 00 16 50 01 00 E7 16 6F 16"                            File: Line:0 Function: Type:Debug:
DateTime:2026-09-12 16:19:20.845:"解码完成，功能码: 4"                            File: Line:0 Function: Type:Debug:
DateTime:2026-09-12 16:19:20.845:"工装接收到透传报文"                            File: Line:0 Function: Type:Debug:
DateTime:2026-09-12 16:19:20.845:"020F00680F0080000000000016500100E716"                            File: Line:0 Function: Type:Debug:
DateTime:2026-09-12 16:19:20.845:"透传报文内容:68 0f 00 80 00 00 00 00 00 16 50 01 00 e7 16"                            File: Line:0 Function: Type:Debug:
DateTime:2026-09-12 16:19:23.565:"uTimeSecond_ms:5000"                            File: Line:0 Function: Type:Debug:
DateTime:2026-09-12 16:19:23.565:"查找结果: iret=0, wStart=0, dwOutLen=15, dwStreamLen=15, dwFindPos=0"                            File: Line:0 Function: Type:Debug:
DateTime:2026-09-12 16:19:23.565:"Receive:<= 68 0F 00 80 00 00 00 00 00 16 50 01 00 E7 16"                            File: Line:0 Function: Type:Debug:
DateTime:2026-09-12 16:19:23.565:"解析：功能码-AFN=50H,Fn=1："                            File: Line:0 Function: Type:Debug:
DateTime:2026-09-12 16:19:23.565:"设置主节点地址成功"                            File: Line:0 Function: Type:Debug:
DateTime:2026-09-12 16:19:23.565:dll输出信息: ""                            File: Line:0 Function: Type:Debug:
DateTime:2026-09-12 16:19:23.565:接口函数调用成功，返回的结果为 0                            File: Line:0 Function: Type:Debug:
DateTime:2026-09-12 16:19:23.565:"外部传入的para：0，返回的result：0,返回的pValRet：0"                            File: Line:0 Function: Type:Debug:
DateTime:2026-09-12 16:19:23.565:"执行接口函数CCO_AFN55_F1完成"                            File: Line:0 Function: Type:Debug:
DateTime:2026-09-12 16:19:23.567:coorIndex 0                            File: Line:0 Function: Type:Debug:
DateTime:2026-09-12 16:19:23.567:当前流程结束                            File: Line:0 Function: Type:Debug:
DateTime:2026-09-12 16:19:23.567:退出connect函数                            File: Line:0 Function: Type:Debug:
DateTime:2026-09-12 16:19:23.567:"=========【Step5-设置主节点地址】结束=========="                            File: Line:0 Function: Type:Debug:
DateTime:2026-09-12 16:19:23.567:"-----------------------------"                            File: Line:0 Function: Type:Debug:
DateTime:2026-09-12 16:19:23.570:"=============执行【Step6-EB040501读取默认上报路径】==================="                            File: Line:0 Function: Type:Debug:
DateTime:2026-09-12 16:19:23.570:"执行接口函数CCO_AFN52_F1_EB040501_read"                            File: Line:0 Function: Type:Debug:
DateTime:2026-09-12 16:19:23.571:callWorkFunction: CCO_AFN52_F1_EB040501_read                            File: Line:0 Function: Type:Debug:
DateTime:2026-09-12 16:19:23.571:找到对应函数，进入执行                            File: Line:0 Function: Type:Debug:
DateTime:2026-09-12 16:19:24.075:"等待工装回复超时"                            File: Line:0 Function: Type:Debug:
DateTime:2026-09-12 16:19:24.075:"开始组帧"                            File: Line:0 Function: Type:Debug:
DateTime:2026-09-12 16:19:24.075:"组帧结束"                            File: Line:0 Function: Type:Debug:
DateTime:2026-09-12 16:19:24.075:"367.2Send:数据转发(查询-事件主动上报路径 EB040501)：=>68 2B 00 43 00 00 00 00 00 17 52 01 00 02 12 90 78 56 34 12 6B 8A E8 10 00 68 12 90 78 56 34 12 68 11 04 34 38 37 1E 5C 16 20 16"                            File: Line:0 Function: Type:Debug:
DateTime:2026-09-12 16:19:24.075:"槽位2透传:68EE00EE006840000000000022600000010002013C00682B0043000000000017520100021290785634126B8AE81000681290785634126811043438371E5C162016EB16"                            File: Line:0 Function: Type:Debug:
DateTime:2026-09-12 16:19:24.075:"工装发送：68 EE 00 EE 00 68 40 00 00 00 00 00 22 60 00 00 01 00 02 01 3C 00 68 2B 00 43 00 00 00 00 00 17 52 01 00 02 12 90 78 56 34 12 6B 8A E8 10 00 68 12 90 78 56 34 12 68 11 04 34 38 37 1E 5C 16 20 16 EB 16"                            File: Line:0 Function: Type:Debug:
DateTime:2026-09-12 16:19:24.125:"工装接收：68 32 00 32 00 68 80 00 00 00 00 00 00 60 00 00 01 00 E1 16"                            File: Line:0 Function: Type:Debug:
DateTime:2026-09-12 16:19:24.125:"m_baRecvMsg:"                            File: Line:0 Function: Type:Debug:
DateTime:2026-09-12 16:19:24.125:"frameList.size():1"                            File: Line:0 Function: Type:Debug:
DateTime:2026-09-12 16:19:24.125:"进入报文解析"                            File: Line:0 Function: Type:Debug:
DateTime:2026-09-12 16:19:24.125:"68 32 00 32 00 68 80 00 00 00 00 00 00 60 00 00 01 00 E1 16"                            File: Line:0 Function: Type:Debug:
DateTime:2026-09-12 16:19:24.125:"解码完成，功能码: 1"                            File: Line:0 Function: Type:Debug:
DateTime:2026-09-12 16:19:24.126:"工装回复确认帧"                            File: Line:0 Function: Type:Debug:
DateTime:2026-09-12 16:19:24.179:"工装接收：68 E2 00 E2 00 68 80 00 00 00 00 00 22 60 00 00 01 00 02 29 00 68 29 00 80 00 00 00 00 00 17 52 01 00 02 12 90 78 56 34 12 11 00 68 12 90 78 56 34 12 68 91 05 34 38 37 1E 34 11 16 EB 16 AB 16"                            File: Line:0 Function: Type:Debug:
DateTime:2026-09-12 16:19:24.179:"m_baRecvMsg:"                            File: Line:0 Function: Type:Debug:
DateTime:2026-09-12 16:19:24.179:"frameList.size():1"                            File: Line:0 Function: Type:Debug:
DateTime:2026-09-12 16:19:24.179:"进入报文解析"                            File: Line:0 Function: Type:Debug:
DateTime:2026-09-12 16:19:24.179:"68 E2 00 E2 00 68 80 00 00 00 00 00 22 60 00 00 01 00 02 29 00 68 29 00 80 00 00 00 00 00 17 52 01 00 02 12 90 78 56 34 12 11 00 68 12 90 78 56 34 12 68 91 05 34 38 37 1E 34 11 16 EB 16 AB 16"                            File: Line:0 Function: Type:Debug:
DateTime:2026-09-12 16:19:24.179:"解码完成，功能码: 4"                            File: Line:0 Function: Type:Debug:
DateTime:2026-09-12 16:19:24.179:"工装接收到透传报文"                            File: Line:0 Function: Type:Debug:
DateTime:2026-09-12 16:19:24.179:"02290068290080000000000017520100021290785634121100681290785634126891053438371E341116EB16"                            File: Line:0 Function: Type:Debug:
DateTime:2026-09-12 16:19:24.179:"透传报文内容:68 29 00 80 00 00 00 00 00 17 52 01 00 02 12 90 78 56 34 12 11 00 68 12 90 78 56 34 12 68 91 05 34 38 37 1e 34 11 16 eb 16"                            File: Line:0 Function: Type:Debug:
DateTime:2026-09-12 16:19:27.101:"uTimeSecond_ms:30000"                            File: Line:0 Function: Type:Debug:
DateTime:2026-09-12 16:19:27.101:"查找结果: iret=0, wStart=0, dwOutLen=41, dwStreamLen=41, dwFindPos=0"                            File: Line:0 Function: Type:Debug:
DateTime:2026-09-12 16:19:27.101:"Receive:<= 68 29 00 80 00 00 00 00 00 17 52 01 00 02 12 90 78 56 34 12 11 00 68 12 90 78 56 34 12 68 91 05 34 38 37 1E 34 11 16 EB 16"                            File: Line:0 Function: Type:Debug:
DateTime:2026-09-12 16:19:27.101:"解析：功能码-AFN=52H,Fn=1："                            File: Line:0 Function: Type:Debug:
DateTime:2026-09-12 16:19:27.101:"透传回复内容：021290785634121100681290785634126891053438371E341116"                            File: Line:0 Function: Type:Debug:
DateTime:2026-09-12 16:19:27.101:"DL/T645-2007协议 回复报文信息：控制码：91,数据标识：EB040501，数据域(需倒序解析)：01"                            File: Line:0 Function: Type:Debug:
DateTime:2026-09-12 16:19:27.101:"1字节主动上报"                            File: Line:0 Function: Type:Debug:
DateTime:2026-09-12 16:19:27.101:dll输出信息: ""                            File: Line:0 Function: Type:Debug:
DateTime:2026-09-12 16:19:27.101:接口函数调用成功，返回的结果为 0                            File: Line:0 Function: Type:Debug:
DateTime:2026-09-12 16:19:27.101:"外部传入的para：0，返回的result：0,返回的pValRet：0"                            File: Line:0 Function: Type:Debug:
DateTime:2026-09-12 16:19:27.101:"执行接口函数CCO_AFN52_F1_EB040501_read完成"                            File: Line:0 Function: Type:Debug:
DateTime:2026-09-12 16:19:27.104:coorIndex 0                            File: Line:0 Function: Type:Debug:
DateTime:2026-09-12 16:19:27.104:当前流程结束                            File: Line:0 Function: Type:Debug:
DateTime:2026-09-12 16:19:27.104:退出connect函数                            File: Line:0 Function: Type:Debug:
DateTime:2026-09-12 16:19:27.104:"=========【Step6-EB040501读取默认上报路径】结束=========="                            File: Line:0 Function: Type:Debug:
DateTime:2026-09-12 16:19:27.104:"-----------------------------"                            File: Line:0 Function: Type:Debug:
DateTime:2026-09-12 16:19:27.105:"=============执行【Step7-EB040501设置读取双字节主动上报】==================="                            File: Line:0 Function: Type:Debug:
DateTime:2026-09-12 16:19:27.105:"执行接口函数CCO_AFN52_F1_EB040501_set"                            File: Line:0 Function: Type:Debug:
DateTime:2026-09-12 16:19:27.105:callWorkFunction: CCO_AFN52_F1_EB040501_set                            File: Line:0 Function: Type:Debug:
DateTime:2026-09-12 16:19:27.105:找到对应函数，进入执行                            File: Line:0 Function: Type:Debug:
DateTime:2026-09-12 16:19:27.608:"等待工装回复超时"                            File: Line:0 Function: Type:Debug:
DateTime:2026-09-12 16:19:27.608:"开始组帧"                            File: Line:0 Function: Type:Debug:
DateTime:2026-09-12 16:19:27.608:"组帧结束"                            File: Line:0 Function: Type:Debug:
DateTime:2026-09-12 16:19:27.608:"367.2Send:数据转发(设置-存量CCO加工处理的事件主动上报方式EB040503)：=>68 34 00 43 00 00 00 00 00 18 52 01 00 02 12 90 78 56 34 12 6B 8A E8 19 00 68 12 90 78 56 34 12 68 14 0D 34 38 37 1E 3B 33 33 33 44 44 44 44 35 81 16 74 16"                            File: Line:0 Function: Type:Debug:
DateTime:2026-09-12 16:19:27.608:"槽位2透传:68120112016840000000000022600000010002013C0068340043000000000018520100021290785634126B8AE819006812907856341268140D3438371E3B3333334444444435811674169C16"                            File: Line:0 Function: Type:Debug:
DateTime:2026-09-12 16:19:27.608:"工装发送：68 12 01 12 01 68 40 00 00 00 00 00 22 60 00 00 01 00 02 01 3C 00 68 34 00 43 00 00 00 00 00 18 52 01 00 02 12 90 78 56 34 12 6B 8A E8 19 00 68 12 90 78 56 34 12 68 14 0D 34 38 37 1E 3B 33 33 33 44 44 44 44 35 81 16 74 16 9C 16"                            File: Line:0 Function: Type:Debug:
DateTime:2026-09-12 16:19:27.669:"工装接收：68 32 00 32 00 68 80 00 00 00 00 00 00 60 00 00 01 00 E1 16"                            File: Line:0 Function: Type:Debug:
DateTime:2026-09-12 16:19:27.669:"m_baRecvMsg:"                            File: Line:0 Function: Type:Debug:
DateTime:2026-09-12 16:19:27.669:"frameList.size():1"                            File: Line:0 Function: Type:Debug:
DateTime:2026-09-12 16:19:27.669:"进入报文解析"                            File: Line:0 Function: Type:Debug:
DateTime:2026-09-12 16:19:27.669:"68 32 00 32 00 68 80 00 00 00 00 00 00 60 00 00 01 00 E1 16"                            File: Line:0 Function: Type:Debug:
DateTime:2026-09-12 16:19:27.669:"解码完成，功能码: 1"                            File: Line:0 Function: Type:Debug:
DateTime:2026-09-12 16:19:27.669:"工装回复确认帧"                            File: Line:0 Function: Type:Debug:
DateTime:2026-09-12 16:19:27.783:"工装接收：68 CE 00 CE 00 68 80 00 00 00 00 00 22 60 00 00 01 00 02 24 00 68 24 00 80 00 00 00 00 00 18 52 01 00 02 12 90 78 56 34 12 0C 00 68 12 90 78 56 34 12 68 94 00 1A 16 F9 16 BD 16"                            File: Line:0 Function: Type:Debug:
DateTime:2026-09-12 16:19:27.783:"m_baRecvMsg:"                            File: Line:0 Function: Type:Debug:
DateTime:2026-09-12 16:19:27.783:"frameList.size():1"                            File: Line:0 Function: Type:Debug:
DateTime:2026-09-12 16:19:27.783:"进入报文解析"                            File: Line:0 Function: Type:Debug:
DateTime:2026-09-12 16:19:27.783:"68 CE 00 CE 00 68 80 00 00 00 00 00 22 60 00 00 01 00 02 24 00 68 24 00 80 00 00 00 00 00 18 52 01 00 02 12 90 78 56 34 12 0C 00 68 12 90 78 56 34 12 68 94 00 1A 16 F9 16 BD 16"                            File: Line:0 Function: Type:Debug:
DateTime:2026-09-12 16:19:27.783:"解码完成，功能码: 4"                            File: Line:0 Function: Type:Debug:
DateTime:2026-09-12 16:19:27.783:"工装接收到透传报文"                            File: Line:0 Function: Type:Debug:
DateTime:2026-09-12 16:19:27.783:"02240068240080000000000018520100021290785634120C00681290785634126894001A16F916"                            File: Line:0 Function: Type:Debug:
DateTime:2026-09-12 16:19:27.783:"透传报文内容:68 24 00 80 00 00 00 00 00 18 52 01 00 02 12 90 78 56 34 12 0c 00 68 12 90 78 56 34 12 68 94 00 1a 16 f9 16"                            File: Line:0 Function: Type:Debug:
DateTime:2026-09-12 16:19:30.704:"uTimeSecond_ms:30000"                            File: Line:0 Function: Type:Debug:
DateTime:2026-09-12 16:19:30.704:"查找结果: iret=0, wStart=0, dwOutLen=36, dwStreamLen=36, dwFindPos=0"                            File: Line:0 Function: Type:Debug:
DateTime:2026-09-12 16:19:30.704:"Receive:<= 68 24 00 80 00 00 00 00 00 18 52 01 00 02 12 90 78 56 34 12 0C 00 68 12 90 78 56 34 12 68 94 00 1A 16 F9 16"                            File: Line:0 Function: Type:Debug:
DateTime:2026-09-12 16:19:30.704:"解析：功能码-AFN=52H,Fn=1："                            File: Line:0 Function: Type:Debug:
DateTime:2026-09-12 16:19:30.704:"透传回复内容：021290785634120C00681290785634126894001A16"                            File: Line:0 Function: Type:Debug:
DateTime:2026-09-12 16:19:30.704:"设置成功"                            File: Line:0 Function: Type:Debug:
DateTime:2026-09-12 16:19:30.704:dll输出信息: ""                            File: Line:0 Function: Type:Debug:
DateTime:2026-09-12 16:19:30.704:接口函数调用成功，返回的结果为 0                            File: Line:0 Function: Type:Debug:
DateTime:2026-09-12 16:19:30.704:"外部传入的para：0，返回的result：0,返回的pValRet：0"                            File: Line:0 Function: Type:Debug:
DateTime:2026-09-12 16:19:30.704:"执行接口函数CCO_AFN52_F1_EB040501_set完成"                            File: Line:0 Function: Type:Debug:
DateTime:2026-09-12 16:19:30.706:coorIndex 0                            File: Line:0 Function: Type:Debug:
DateTime:2026-09-12 16:19:30.706:当前流程结束                            File: Line:0 Function: Type:Debug:
DateTime:2026-09-12 16:19:30.706:退出connect函数                            File: Line:0 Function: Type:Debug:
DateTime:2026-09-12 16:19:30.707:"=========【Step7-EB040501设置读取双字节主动上报】结束=========="                            File: Line:0 Function: Type:Debug:
DateTime:2026-09-12 16:19:30.707:"-----------------------------"                            File: Line:0 Function: Type:Debug:
DateTime:2026-09-12 16:19:30.707:"=============执行【Step8-CCO复位】==================="                            File: Line:0 Function: Type:Debug:
DateTime:2026-09-12 16:19:30.707:"执行接口函数SimuCorn_reset"                            File: Line:0 Function: Type:Debug:
DateTime:2026-09-12 16:19:30.707:callWorkFunction: SimuCorn_reset                            File: Line:0 Function: Type:Debug:
DateTime:2026-09-12 16:19:30.707:找到对应函数，进入执行                            File: Line:0 Function: Type:Debug:
DateTime:2026-09-12 16:19:30.708:"工装发送：68 3E 00 3E 00 68 40 00 00 00 00 00 21 60 00 00 02 00 02 01 01 C7 16"                            File: Line:0 Function: Type:Debug:
DateTime:2026-09-12 16:19:31.208:"工装接收：68 32 00 32 00 68 80 00 00 00 00 00 00 60 00 00 01 00 E1 16"                            File: Line:0 Function: Type:Debug:
DateTime:2026-09-12 16:19:31.209:"m_baRecvMsg:"                            File: Line:0 Function: Type:Debug:
DateTime:2026-09-12 16:19:31.209:"frameList.size():1"                            File: Line:0 Function: Type:Debug:
DateTime:2026-09-12 16:19:31.209:"进入报文解析"                            File: Line:0 Function: Type:Debug:
DateTime:2026-09-12 16:19:31.209:"68 32 00 32 00 68 80 00 00 00 00 00 00 60 00 00 01 00 E1 16"                            File: Line:0 Function: Type:Debug:
DateTime:2026-09-12 16:19:31.209:"解码完成，功能码: 1"                            File: Line:0 Function: Type:Debug:
DateTime:2026-09-12 16:19:31.209:"工装回复确认帧"                            File: Line:0 Function: Type:Debug:
DateTime:2026-09-12 16:19:31.209:"所有槽位拉取复位引脚成功"                            File: Line:0 Function: Type:Debug:
DateTime:2026-09-12 16:19:31.309:dll输出信息: ""                            File: Line:0 Function: Type:Debug:
DateTime:2026-09-12 16:19:31.309:接口函数调用成功，返回的结果为 0                            File: Line:0 Function: Type:Debug:
DateTime:2026-09-12 16:19:31.309:"外部传入的para：0，返回的result：0,返回的pValRet：0"                            File: Line:0 Function: Type:Debug:
DateTime:2026-09-12 16:19:31.309:"执行接口函数SimuCorn_reset完成"                            File: Line:0 Function: Type:Debug:
DateTime:2026-09-12 16:19:31.310:coorIndex 0                            File: Line:0 Function: Type:Debug:
DateTime:2026-09-12 16:19:31.310:当前流程结束                            File: Line:0 Function: Type:Debug:
DateTime:2026-09-12 16:19:31.310:退出connect函数                            File: Line:0 Function: Type:Debug:
DateTime:2026-09-12 16:19:31.310:"=========【Step8-CCO复位】结束=========="                            File: Line:0 Function: Type:Debug:
DateTime:2026-09-12 16:19:31.310:"-----------------------------"                            File: Line:0 Function: Type:Debug:
DateTime:2026-09-12 16:19:31.312:"=============执行【执行延时】==================="                            File: Line:0 Function: Type:Debug:
DateTime:2026-09-12 16:19:31.312:"执行接口函数Func_Delay"                            File: Line:0 Function: Type:Debug:
DateTime:2026-09-12 16:19:31.312:callWorkFunction: Func_Delay                            File: Line:0 Function: Type:Debug:
DateTime:2026-09-12 16:19:31.312:找到对应函数，进入执行                            File: Line:0 Function: Type:Debug:
DateTime:2026-09-12 16:19:31.312:"延时时间为3s"                            File: Line:0 Function: Type:Debug:
DateTime:2026-09-12 16:19:31.312:"uTimeSecond_ms:3000"                            File: Line:0 Function: Type:Debug:
DateTime:2026-09-12 16:19:34.334:"等待工装回复超时"                            File: Line:0 Function: Type:Debug:
DateTime:2026-09-12 16:19:34.334:"延时时间到"                            File: Line:0 Function: Type:Debug:
DateTime:2026-09-12 16:19:34.435:dll输出信息: ""                            File: Line:0 Function: Type:Debug:
DateTime:2026-09-12 16:19:34.435:接口函数调用成功，返回的结果为 0                            File: Line:0 Function: Type:Debug:
DateTime:2026-09-12 16:19:34.435:"外部传入的para：0，返回的result：0,返回的pValRet：0"                            File: Line:0 Function: Type:Debug:
DateTime:2026-09-12 16:19:34.435:"执行接口函数Func_Delay完成"                            File: Line:0 Function: Type:Debug:
DateTime:2026-09-12 16:19:34.435:coorIndex 0                            File: Line:0 Function: Type:Debug:
DateTime:2026-09-12 16:19:34.436:当前流程结束                            File: Line:0 Function: Type:Debug:
DateTime:2026-09-12 16:19:34.436:退出connect函数                            File: Line:0 Function: Type:Debug:
DateTime:2026-09-12 16:19:34.436:"=========【执行延时】结束=========="                            File: Line:0 Function: Type:Debug:
DateTime:2026-09-12 16:19:34.436:"-----------------------------"                            File: Line:0 Function: Type:Debug:
DateTime:2026-09-12 16:19:34.436:"=============执行【Step9-设置主节点地址】==================="                            File: Line:0 Function: Type:Debug:
DateTime:2026-09-12 16:19:34.437:"执行接口函数CCO_AFN55_F1"                            File: Line:0 Function: Type:Debug:
DateTime:2026-09-12 16:19:34.437:callWorkFunction: CCO_AFN55_F1                            File: Line:0 Function: Type:Debug:
DateTime:2026-09-12 16:19:34.437:找到对应函数，进入执行                            File: Line:0 Function: Type:Debug:
DateTime:2026-09-12 16:19:34.941:"等待工装回复超时"                            File: Line:0 Function: Type:Debug:
DateTime:2026-09-12 16:19:34.941:"开始组帧"                            File: Line:0 Function: Type:Debug:
DateTime:2026-09-12 16:19:34.941:"组帧结束"                            File: Line:0 Function: Type:Debug:
DateTime:2026-09-12 16:19:34.941:"367.2Send:设置主节点地址(55H-F1)：=>68 15 00 43 00 00 00 00 00 19 55 01 00 12 90 78 56 34 12 68 16"                            File: Line:0 Function: Type:Debug:
DateTime:2026-09-12 16:19:34.941:"槽位2透传:68960096006840000000000022600000010002013C006815004300000000001955010012907856341268166516"                            File: Line:0 Function: Type:Debug:
DateTime:2026-09-12 16:19:34.941:"工装发送：68 96 00 96 00 68 40 00 00 00 00 00 22 60 00 00 01 00 02 01 3C 00 68 15 00 43 00 00 00 00 00 19 55 01 00 12 90 78 56 34 12 68 16 65 16"                            File: Line:0 Function: Type:Debug:
DateTime:2026-09-12 16:19:34.966:"工装接收：68 32 00 32 00 68 80 00 00 00 00 00 00 60 00 00 01 00 E1 16"                            File: Line:0 Function: Type:Debug:
DateTime:2026-09-12 16:19:34.966:"m_baRecvMsg:"                            File: Line:0 Function: Type:Debug:
DateTime:2026-09-12 16:19:34.966:"frameList.size():1"                            File: Line:0 Function: Type:Debug:
DateTime:2026-09-12 16:19:34.966:"进入报文解析"                            File: Line:0 Function: Type:Debug:
DateTime:2026-09-12 16:19:34.966:"68 32 00 32 00 68 80 00 00 00 00 00 00 60 00 00 01 00 E1 16"                            File: Line:0 Function: Type:Debug:
DateTime:2026-09-12 16:19:34.966:"解码完成，功能码: 1"                            File: Line:0 Function: Type:Debug:
DateTime:2026-09-12 16:19:34.966:"工装回复确认帧"                            File: Line:0 Function: Type:Debug:
DateTime:2026-09-12 16:19:35.295:"工装接收：68 7A 00 7A 00 68 80 00 00 00 00 00 22 60 00 00 01 00 02 0F 00 68 0F 00 80 00 00 00 00 00 19 50 01 00 EA 16 75 16"                            File: Line:0 Function: Type:Debug:
DateTime:2026-09-12 16:19:35.295:"m_baRecvMsg:"                            File: Line:0 Function: Type:Debug:
DateTime:2026-09-12 16:19:35.295:"frameList.size():1"                            File: Line:0 Function: Type:Debug:
DateTime:2026-09-12 16:19:35.295:"进入报文解析"                            File: Line:0 Function: Type:Debug:
DateTime:2026-09-12 16:19:35.295:"68 7A 00 7A 00 68 80 00 00 00 00 00 22 60 00 00 01 00 02 0F 00 68 0F 00 80 00 00 00 00 00 19 50 01 00 EA 16 75 16"                            File: Line:0 Function: Type:Debug:
DateTime:2026-09-12 16:19:35.295:"解码完成，功能码: 4"                            File: Line:0 Function: Type:Debug:
DateTime:2026-09-12 16:19:35.295:"工装接收到透传报文"                            File: Line:0 Function: Type:Debug:
DateTime:2026-09-12 16:19:35.295:"020F00680F0080000000000019500100EA16"                            File: Line:0 Function: Type:Debug:
DateTime:2026-09-12 16:19:35.295:"透传报文内容:68 0f 00 80 00 00 00 00 00 19 50 01 00 ea 16"                            File: Line:0 Function: Type:Debug:
DateTime:2026-09-12 16:19:38.014:"uTimeSecond_ms:5000"                            File: Line:0 Function: Type:Debug:
DateTime:2026-09-12 16:19:38.014:"查找结果: iret=0, wStart=0, dwOutLen=15, dwStreamLen=15, dwFindPos=0"                            File: Line:0 Function: Type:Debug:
DateTime:2026-09-12 16:19:38.014:"Receive:<= 68 0F 00 80 00 00 00 00 00 19 50 01 00 EA 16"                            File: Line:0 Function: Type:Debug:
DateTime:2026-09-12 16:19:38.014:"解析：功能码-AFN=50H,Fn=1："                            File: Line:0 Function: Type:Debug:
DateTime:2026-09-12 16:19:38.014:"设置主节点地址成功"                            File: Line:0 Function: Type:Debug:
DateTime:2026-09-12 16:19:38.014:dll输出信息: ""                            File: Line:0 Function: Type:Debug:
DateTime:2026-09-12 16:19:38.014:接口函数调用成功，返回的结果为 0                            File: Line:0 Function: Type:Debug:
DateTime:2026-09-12 16:19:38.014:"外部传入的para：0，返回的result：0,返回的pValRet：0"                            File: Line:0 Function: Type:Debug:
DateTime:2026-09-12 16:19:38.014:"执行接口函数CCO_AFN55_F1完成"                            File: Line:0 Function: Type:Debug:
DateTime:2026-09-12 16:19:38.016:coorIndex 0                            File: Line:0 Function: Type:Debug:
DateTime:2026-09-12 16:19:38.016:当前流程结束                            File: Line:0 Function: Type:Debug:
DateTime:2026-09-12 16:19:38.016:退出connect函数                            File: Line:0 Function: Type:Debug:
DateTime:2026-09-12 16:19:38.016:"=========【Step9-设置主节点地址】结束=========="                            File: Line:0 Function: Type:Debug:
DateTime:2026-09-12 16:19:38.016:"-----------------------------"                            File: Line:0 Function: Type:Debug:
DateTime:2026-09-12 16:19:38.016:"=============执行【Step10-EB040501读取默认上报路径】==================="                            File: Line:0 Function: Type:Debug:
DateTime:2026-09-12 16:19:38.017:"执行接口函数CCO_AFN52_F1_EB040501_read"                            File: Line:0 Function: Type:Debug:
DateTime:2026-09-12 16:19:38.017:callWorkFunction: CCO_AFN52_F1_EB040501_read                            File: Line:0 Function: Type:Debug:
DateTime:2026-09-12 16:19:38.017:找到对应函数，进入执行                            File: Line:0 Function: Type:Debug:
DateTime:2026-09-12 16:19:38.521:"等待工装回复超时"                            File: Line:0 Function: Type:Debug:
DateTime:2026-09-12 16:19:38.521:"开始组帧"                            File: Line:0 Function: Type:Debug:
DateTime:2026-09-12 16:19:38.521:"组帧结束"                            File: Line:0 Function: Type:Debug:
DateTime:2026-09-12 16:19:38.521:"367.2Send:数据转发(查询-事件主动上报路径 EB040501)：=>68 2B 00 43 00 00 00 00 00 1A 52 01 00 02 12 90 78 56 34 12 6B 8A E8 10 00 68 12 90 78 56 34 12 68 11 04 34 38 37 1E 5C 16 23 16"                            File: Line:0 Function: Type:Debug:
DateTime:2026-09-12 16:19:38.521:"槽位2透传:68EE00EE006840000000000022600000010002013C00682B004300000000001A520100021290785634126B8AE81000681290785634126811043438371E5C162316F116"                            File: Line:0 Function: Type:Debug:
DateTime:2026-09-12 16:19:38.521:"工装发送：68 EE 00 EE 00 68 40 00 00 00 00 00 22 60 00 00 01 00 02 01 3C 00 68 2B 00 43 00 00 00 00 00 1A 52 01 00 02 12 90 78 56 34 12 6B 8A E8 10 00 68 12 90 78 56 34 12 68 11 04 34 38 37 1E 5C 16 23 16 F1 16"                            File: Line:0 Function: Type:Debug:
DateTime:2026-09-12 16:19:38.571:"工装接收：68 32 00 32 00 68 80 00 00 00 00 00 00 60 00 00 01 00 E1 16"                            File: Line:0 Function: Type:Debug:
DateTime:2026-09-12 16:19:38.571:"m_baRecvMsg:"                            File: Line:0 Function: Type:Debug:
DateTime:2026-09-12 16:19:38.571:"frameList.size():1"                            File: Line:0 Function: Type:Debug:
DateTime:2026-09-12 16:19:38.571:"进入报文解析"                            File: Line:0 Function: Type:Debug:
DateTime:2026-09-12 16:19:38.571:"68 32 00 32 00 68 80 00 00 00 00 00 00 60 00 00 01 00 E1 16"                            File: Line:0 Function: Type:Debug:
DateTime:2026-09-12 16:19:38.571:"解码完成，功能码: 1"                            File: Line:0 Function: Type:Debug:
DateTime:2026-09-12 16:19:38.572:"工装回复确认帧"                            File: Line:0 Function: Type:Debug:
DateTime:2026-09-12 16:19:38.626:"工装接收：68 E2 00 E2 00 68 80 00 00 00 00 00 22 60 00 00 01 00 02 29 00 68 29 00 80 00 00 00 00 00 1A 52 01 00 02 12 90 78 56 34 12 11 00 68 12 90 78 56 34 12 68 91 05 34 38 37 1E 35 12 16 F0 16 B5 16"                            File: Line:0 Function: Type:Debug:
DateTime:2026-09-12 16:19:38.626:"m_baRecvMsg:"                            File: Line:0 Function: Type:Debug:
DateTime:2026-09-12 16:19:38.626:"frameList.size():1"                            File: Line:0 Function: Type:Debug:
DateTime:2026-09-12 16:19:38.626:"进入报文解析"                            File: Line:0 Function: Type:Debug:
DateTime:2026-09-12 16:19:38.626:"68 E2 00 E2 00 68 80 00 00 00 00 00 22 60 00 00 01 00 02 29 00 68 29 00 80 00 00 00 00 00 1A 52 01 00 02 12 90 78 56 34 12 11 00 68 12 90 78 56 34 12 68 91 05 34 38 37 1E 35 12 16 F0 16 B5 16"                            File: Line:0 Function: Type:Debug:
DateTime:2026-09-12 16:19:38.626:"解码完成，功能码: 4"                            File: Line:0 Function: Type:Debug:
DateTime:2026-09-12 16:19:38.626:"工装接收到透传报文"                            File: Line:0 Function: Type:Debug:
DateTime:2026-09-12 16:19:38.626:"0229006829008000000000001A520100021290785634121100681290785634126891053438371E351216F016"                            File: Line:0 Function: Type:Debug:
DateTime:2026-09-12 16:19:38.626:"透传报文内容:68 29 00 80 00 00 00 00 00 1a 52 01 00 02 12 90 78 56 34 12 11 00 68 12 90 78 56 34 12 68 91 05 34 38 37 1e 35 12 16 f0 16"                            File: Line:0 Function: Type:Debug:
DateTime:2026-09-12 16:19:41.547:"uTimeSecond_ms:30000"                            File: Line:0 Function: Type:Debug:
DateTime:2026-09-12 16:19:41.547:"查找结果: iret=0, wStart=0, dwOutLen=41, dwStreamLen=41, dwFindPos=0"                            File: Line:0 Function: Type:Debug:
DateTime:2026-09-12 16:19:41.547:"Receive:<= 68 29 00 80 00 00 00 00 00 1A 52 01 00 02 12 90 78 56 34 12 11 00 68 12 90 78 56 34 12 68 91 05 34 38 37 1E 35 12 16 F0 16"                            File: Line:0 Function: Type:Debug:
DateTime:2026-09-12 16:19:41.547:"解析：功能码-AFN=52H,Fn=1："                            File: Line:0 Function: Type:Debug:
DateTime:2026-09-12 16:19:41.547:"透传回复内容：021290785634121100681290785634126891053438371E351216"                            File: Line:0 Function: Type:Debug:
DateTime:2026-09-12 16:19:41.547:"DL/T645-2007协议 回复报文信息：控制码：91,数据标识：EB040501，数据域(需倒序解析)：02"                            File: Line:0 Function: Type:Debug:
DateTime:2026-09-12 16:19:41.547:"双字节主动上报"                            File: Line:0 Function: Type:Debug:
DateTime:2026-09-12 16:19:41.547:dll输出信息: ""                            File: Line:0 Function: Type:Debug:
DateTime:2026-09-12 16:19:41.547:接口函数调用成功，返回的结果为 0                            File: Line:0 Function: Type:Debug:
DateTime:2026-09-12 16:19:41.547:"外部传入的para：0，返回的result：0,返回的pValRet：0"                            File: Line:0 Function: Type:Debug:
DateTime:2026-09-12 16:19:41.547:"执行接口函数CCO_AFN52_F1_EB040501_read完成"                            File: Line:0 Function: Type:Debug:
DateTime:2026-09-12 16:19:41.549:coorIndex 0                            File: Line:0 Function: Type:Debug:
DateTime:2026-09-12 16:19:41.549:当前流程结束                            File: Line:0 Function: Type:Debug:
DateTime:2026-09-12 16:19:41.549:退出connect函数                            File: Line:0 Function: Type:Debug:
DateTime:2026-09-12 16:19:41.549:"=========【Step10-EB040501读取默认上报路径】结束=========="                            File: Line:0 Function: Type:Debug:
DateTime:2026-09-12 16:19:41.549:"-----------------------------"                            File: Line:0 Function: Type:Debug:
DateTime:2026-09-12 16:19:41.550:"=============执行【Step11-EB040503设置645格式】==================="                            File: Line:0 Function: Type:Debug:
DateTime:2026-09-12 16:19:41.550:"执行接口函数CCO_AFN52_F1_EB040503_set"                            File: Line:0 Function: Type:Debug:
DateTime:2026-09-12 16:19:41.551:callWorkFunction: CCO_AFN52_F1_EB040503_set                            File: Line:0 Function: Type:Debug:
DateTime:2026-09-12 16:19:41.551:找到对应函数，进入执行                            File: Line:0 Function: Type:Debug:
DateTime:2026-09-12 16:19:42.055:"等待工装回复超时"                            File: Line:0 Function: Type:Debug:
DateTime:2026-09-12 16:19:42.055:"开始组帧"                            File: Line:0 Function: Type:Debug:
DateTime:2026-09-12 16:19:42.055:"组帧结束"                            File: Line:0 Function: Type:Debug:
DateTime:2026-09-12 16:19:42.055:"367.2Send:数据转发(设置-存量CCO加工处理的事件主动上报方式EB040503)：=>68 34 00 43 00 00 00 00 00 1B 52 01 00 02 12 90 78 56 34 12 6B 8A E8 19 00 68 12 90 78 56 34 12 68 14 0D 36 38 37 1E 3B 33 33 33 44 44 44 44 33 81 16 77 16"                            File: Line:0 Function: Type:Debug:
DateTime:2026-09-12 16:19:42.055:"槽位2透传:68120112016840000000000022600000010002013C006834004300000000001B520100021290785634126B8AE819006812907856341268140D3638371E3B333333444444443381167716A216"                            File: Line:0 Function: Type:Debug:
DateTime:2026-09-12 16:19:42.055:"工装发送：68 12 01 12 01 68 40 00 00 00 00 00 22 60 00 00 01 00 02 01 3C 00 68 34 00 43 00 00 00 00 00 1B 52 01 00 02 12 90 78 56 34 12 6B 8A E8 19 00 68 12 90 78 56 34 12 68 14 0D 36 38 37 1E 3B 33 33 33 44 44 44 44 33 81 16 77 16 A2 16"                            File: Line:0 Function: Type:Debug:
DateTime:2026-09-12 16:19:42.115:"工装接收：68 32 00 32 00 68 80 00 00 00 00 00 00 60 00 00 01 00 E1 16"                            File: Line:0 Function: Type:Debug:
DateTime:2026-09-12 16:19:42.115:"m_baRecvMsg:"                            File: Line:0 Function: Type:Debug:
DateTime:2026-09-12 16:19:42.115:"frameList.size():1"                            File: Line:0 Function: Type:Debug:
DateTime:2026-09-12 16:19:42.115:"进入报文解析"                            File: Line:0 Function: Type:Debug:
DateTime:2026-09-12 16:19:42.115:"68 32 00 32 00 68 80 00 00 00 00 00 00 60 00 00 01 00 E1 16"                            File: Line:0 Function: Type:Debug:
DateTime:2026-09-12 16:19:42.115:"解码完成，功能码: 1"                            File: Line:0 Function: Type:Debug:
DateTime:2026-09-12 16:19:42.115:"工装回复确认帧"                            File: Line:0 Function: Type:Debug:
DateTime:2026-09-12 16:19:42.227:"工装接收：68 CE 00 CE 00 68 80 00 00 00 00 00 22 60 00 00 01 00 02 24 00 68 24 00 80 00 00 00 00 00 1B 52 01 00 02 12 90 78 56 34 12 0C 00 68 12 90 78 56 34 12 68 94 00 1A 16 FC 16 C3 16"                            File: Line:0 Function: Type:Debug:
DateTime:2026-09-12 16:19:42.227:"m_baRecvMsg:"                            File: Line:0 Function: Type:Debug:
DateTime:2026-09-12 16:19:42.227:"frameList.size():1"                            File: Line:0 Function: Type:Debug:
DateTime:2026-09-12 16:19:42.227:"进入报文解析"                            File: Line:0 Function: Type:Debug:
DateTime:2026-09-12 16:19:42.227:"68 CE 00 CE 00 68 80 00 00 00 00 00 22 60 00 00 01 00 02 24 00 68 24 00 80 00 00 00 00 00 1B 52 01 00 02 12 90 78 56 34 12 0C 00 68 12 90 78 56 34 12 68 94 00 1A 16 FC 16 C3 16"                            File: Line:0 Function: Type:Debug:
DateTime:2026-09-12 16:19:42.227:"解码完成，功能码: 4"                            File: Line:0 Function: Type:Debug:
DateTime:2026-09-12 16:19:42.227:"工装接收到透传报文"                            File: Line:0 Function: Type:Debug:
DateTime:2026-09-12 16:19:42.228:"0224006824008000000000001B520100021290785634120C00681290785634126894001A16FC16"                            File: Line:0 Function: Type:Debug:
DateTime:2026-09-12 16:19:42.228:"透传报文内容:68 24 00 80 00 00 00 00 00 1b 52 01 00 02 12 90 78 56 34 12 0c 00 68 12 90 78 56 34 12 68 94 00 1a 16 fc 16"                            File: Line:0 Function: Type:Debug:
DateTime:2026-09-12 16:19:45.149:"uTimeSecond_ms:30000"                            File: Line:0 Function: Type:Debug:
DateTime:2026-09-12 16:19:45.149:"查找结果: iret=0, wStart=0, dwOutLen=36, dwStreamLen=36, dwFindPos=0"                            File: Line:0 Function: Type:Debug:
DateTime:2026-09-12 16:19:45.149:"Receive:<= 68 24 00 80 00 00 00 00 00 1B 52 01 00 02 12 90 78 56 34 12 0C 00 68 12 90 78 56 34 12 68 94 00 1A 16 FC 16"                            File: Line:0 Function: Type:Debug:
DateTime:2026-09-12 16:19:45.149:"解析：功能码-AFN=52H,Fn=1："                            File: Line:0 Function: Type:Debug:
DateTime:2026-09-12 16:19:45.149:"透传回复内容：021290785634120C00681290785634126894001A16"                            File: Line:0 Function: Type:Debug:
DateTime:2026-09-12 16:19:45.149:"设置成功"                            File: Line:0 Function: Type:Debug:
DateTime:2026-09-12 16:19:45.149:dll输出信息: ""                            File: Line:0 Function: Type:Debug:
DateTime:2026-09-12 16:19:45.149:接口函数调用成功，返回的结果为 0                            File: Line:0 Function: Type:Debug:
DateTime:2026-09-12 16:19:45.149:"外部传入的para：0，返回的result：0,返回的pValRet：0"                            File: Line:0 Function: Type:Debug:
DateTime:2026-09-12 16:19:45.149:"执行接口函数CCO_AFN52_F1_EB040503_set完成"                            File: Line:0 Function: Type:Debug:
DateTime:2026-09-12 16:19:45.151:coorIndex 0                            File: Line:0 Function: Type:Debug:
DateTime:2026-09-12 16:19:45.151:当前流程结束                            File: Line:0 Function: Type:Debug:
DateTime:2026-09-12 16:19:45.151:退出connect函数                            File: Line:0 Function: Type:Debug:
DateTime:2026-09-12 16:19:45.151:"=========【Step11-EB040503设置645格式】结束=========="                            File: Line:0 Function: Type:Debug:
DateTime:2026-09-12 16:19:45.151:"-----------------------------"                            File: Line:0 Function: Type:Debug:
DateTime:2026-09-12 16:19:45.152:"=============执行【Step12-CCO复位】==================="                            File: Line:0 Function: Type:Debug:
DateTime:2026-09-12 16:19:45.152:"执行接口函数SimuCorn_reset"                            File: Line:0 Function: Type:Debug:
DateTime:2026-09-12 16:19:45.152:callWorkFunction: SimuCorn_reset                            File: Line:0 Function: Type:Debug:
DateTime:2026-09-12 16:19:45.152:找到对应函数，进入执行                            File: Line:0 Function: Type:Debug:
DateTime:2026-09-12 16:19:45.152:"工装发送：68 3E 00 3E 00 68 40 00 00 00 00 00 21 60 00 00 02 00 02 01 01 C7 16"                            File: Line:0 Function: Type:Debug:
DateTime:2026-09-12 16:19:45.653:"工装接收：68 32 00 32 00 68 80 00 00 00 00 00 00 60 00 00 01 00 E1 16"                            File: Line:0 Function: Type:Debug:
DateTime:2026-09-12 16:19:45.653:"m_baRecvMsg:"                            File: Line:0 Function: Type:Debug:
DateTime:2026-09-12 16:19:45.653:"frameList.size():1"                            File: Line:0 Function: Type:Debug:
DateTime:2026-09-12 16:19:45.653:"进入报文解析"                            File: Line:0 Function: Type:Debug:
DateTime:2026-09-12 16:19:45.653:"68 32 00 32 00 68 80 00 00 00 00 00 00 60 00 00 01 00 E1 16"                            File: Line:0 Function: Type:Debug:
DateTime:2026-09-12 16:19:45.653:"解码完成，功能码: 1"                            File: Line:0 Function: Type:Debug:
DateTime:2026-09-12 16:19:45.653:"工装回复确认帧"                            File: Line:0 Function: Type:Debug:
DateTime:2026-09-12 16:19:45.653:"所有槽位拉取复位引脚成功"                            File: Line:0 Function: Type:Debug:
DateTime:2026-09-12 16:19:45.755:dll输出信息: ""                            File: Line:0 Function: Type:Debug:
DateTime:2026-09-12 16:19:45.755:接口函数调用成功，返回的结果为 0                            File: Line:0 Function: Type:Debug:
DateTime:2026-09-12 16:19:45.755:"外部传入的para：0，返回的result：0,返回的pValRet：0"                            File: Line:0 Function: Type:Debug:
DateTime:2026-09-12 16:19:45.755:"执行接口函数SimuCorn_reset完成"                            File: Line:0 Function: Type:Debug:
DateTime:2026-09-12 16:19:45.756:coorIndex 0                            File: Line:0 Function: Type:Debug:
DateTime:2026-09-12 16:19:45.756:当前流程结束                            File: Line:0 Function: Type:Debug:
DateTime:2026-09-12 16:19:45.756:退出connect函数                            File: Line:0 Function: Type:Debug:
DateTime:2026-09-12 16:19:45.756:"=========【Step12-CCO复位】结束=========="                            File: Line:0 Function: Type:Debug:
DateTime:2026-09-12 16:19:45.757:"-----------------------------"                            File: Line:0 Function: Type:Debug:
DateTime:2026-09-12 16:19:45.757:"=============执行【执行延时】==================="                            File: Line:0 Function: Type:Debug:
DateTime:2026-09-12 16:19:45.757:"执行接口函数Func_Delay"                            File: Line:0 Function: Type:Debug:
DateTime:2026-09-12 16:19:45.757:callWorkFunction: Func_Delay                            File: Line:0 Function: Type:Debug:
DateTime:2026-09-12 16:19:45.757:找到对应函数，进入执行                            File: Line:0 Function: Type:Debug:
DateTime:2026-09-12 16:19:45.757:"延时时间为3s"                            File: Line:0 Function: Type:Debug:
DateTime:2026-09-12 16:19:45.758:"uTimeSecond_ms:3000"                            File: Line:0 Function: Type:Debug:
DateTime:2026-09-12 16:19:48.780:"等待工装回复超时"                            File: Line:0 Function: Type:Debug:
DateTime:2026-09-12 16:19:48.780:"延时时间到"                            File: Line:0 Function: Type:Debug:
DateTime:2026-09-12 16:19:48.880:dll输出信息: ""                            File: Line:0 Function: Type:Debug:
DateTime:2026-09-12 16:19:48.880:接口函数调用成功，返回的结果为 0                            File: Line:0 Function: Type:Debug:
DateTime:2026-09-12 16:19:48.880:"外部传入的para：0，返回的result：0,返回的pValRet：0"                            File: Line:0 Function: Type:Debug:
DateTime:2026-09-12 16:19:48.880:"执行接口函数Func_Delay完成"                            File: Line:0 Function: Type:Debug:
DateTime:2026-09-12 16:19:48.881:coorIndex 0                            File: Line:0 Function: Type:Debug:
DateTime:2026-09-12 16:19:48.881:当前流程结束                            File: Line:0 Function: Type:Debug:
DateTime:2026-09-12 16:19:48.881:退出connect函数                            File: Line:0 Function: Type:Debug:
DateTime:2026-09-12 16:19:48.881:"=========【执行延时】结束=========="                            File: Line:0 Function: Type:Debug:
DateTime:2026-09-12 16:19:48.881:"-----------------------------"                            File: Line:0 Function: Type:Debug:
DateTime:2026-09-12 16:19:48.881:"=============执行【Step13-设置主节点地址】==================="                            File: Line:0 Function: Type:Debug:
DateTime:2026-09-12 16:19:48.882:"执行接口函数CCO_AFN55_F1"                            File: Line:0 Function: Type:Debug:
DateTime:2026-09-12 16:19:48.882:callWorkFunction: CCO_AFN55_F1                            File: Line:0 Function: Type:Debug:
DateTime:2026-09-12 16:19:48.882:找到对应函数，进入执行                            File: Line:0 Function: Type:Debug:
DateTime:2026-09-12 16:19:49.386:"等待工装回复超时"                            File: Line:0 Function: Type:Debug:
DateTime:2026-09-12 16:19:49.386:"开始组帧"                            File: Line:0 Function: Type:Debug:
DateTime:2026-09-12 16:19:49.386:"组帧结束"                            File: Line:0 Function: Type:Debug:
DateTime:2026-09-12 16:19:49.386:"367.2Send:设置主节点地址(55H-F1)：=>68 15 00 43 00 00 00 00 00 1C 55 01 00 12 90 78 56 34 12 6B 16"                            File: Line:0 Function: Type:Debug:
DateTime:2026-09-12 16:19:49.386:"槽位2透传:68960096006840000000000022600000010002013C006815004300000000001C5501001290785634126B166B16"                            File: Line:0 Function: Type:Debug:
DateTime:2026-09-12 16:19:49.386:"工装发送：68 96 00 96 00 68 40 00 00 00 00 00 22 60 00 00 01 00 02 01 3C 00 68 15 00 43 00 00 00 00 00 1C 55 01 00 12 90 78 56 34 12 6B 16 6B 16"                            File: Line:0 Function: Type:Debug:
DateTime:2026-09-12 16:19:49.411:"工装接收：68 32 00 32 00 68 80 00 00 00 00 00 00 60 00 00 01 00 E1 16"                            File: Line:0 Function: Type:Debug:
DateTime:2026-09-12 16:19:49.411:"m_baRecvMsg:"                            File: Line:0 Function: Type:Debug:
DateTime:2026-09-12 16:19:49.411:"frameList.size():1"                            File: Line:0 Function: Type:Debug:
DateTime:2026-09-12 16:19:49.411:"进入报文解析"                            File: Line:0 Function: Type:Debug:
DateTime:2026-09-12 16:19:49.411:"68 32 00 32 00 68 80 00 00 00 00 00 00 60 00 00 01 00 E1 16"                            File: Line:0 Function: Type:Debug:
DateTime:2026-09-12 16:19:49.411:"解码完成，功能码: 1"                            File: Line:0 Function: Type:Debug:
DateTime:2026-09-12 16:19:49.411:"工装回复确认帧"                            File: Line:0 Function: Type:Debug:
DateTime:2026-09-12 16:19:49.739:"工装接收：68 7A 00 7A 00 68 80 00 00 00 00 00 22 60 00 00 01 00 02 0F 00 68 0F 00 80 00 00 00 00 00 1C 50 01 00 ED 16 7B 16"                            File: Line:0 Function: Type:Debug:
DateTime:2026-09-12 16:19:49.739:"m_baRecvMsg:"                            File: Line:0 Function: Type:Debug:
DateTime:2026-09-12 16:19:49.739:"frameList.size():1"                            File: Line:0 Function: Type:Debug:
DateTime:2026-09-12 16:19:49.739:"进入报文解析"                            File: Line:0 Function: Type:Debug:
DateTime:2026-09-12 16:19:49.739:"68 7A 00 7A 00 68 80 00 00 00 00 00 22 60 00 00 01 00 02 0F 00 68 0F 00 80 00 00 00 00 00 1C 50 01 00 ED 16 7B 16"                            File: Line:0 Function: Type:Debug:
DateTime:2026-09-12 16:19:49.739:"解码完成，功能码: 4"                            File: Line:0 Function: Type:Debug:
DateTime:2026-09-12 16:19:49.739:"工装接收到透传报文"                            File: Line:0 Function: Type:Debug:
DateTime:2026-09-12 16:19:49.739:"020F00680F008000000000001C500100ED16"                            File: Line:0 Function: Type:Debug:
DateTime:2026-09-12 16:19:49.739:"透传报文内容:68 0f 00 80 00 00 00 00 00 1c 50 01 00 ed 16"                            File: Line:0 Function: Type:Debug:
DateTime:2026-09-12 16:19:52.459:"uTimeSecond_ms:5000"                            File: Line:0 Function: Type:Debug:
DateTime:2026-09-12 16:19:52.459:"查找结果: iret=0, wStart=0, dwOutLen=15, dwStreamLen=15, dwFindPos=0"                            File: Line:0 Function: Type:Debug:
DateTime:2026-09-12 16:19:52.459:"Receive:<= 68 0F 00 80 00 00 00 00 00 1C 50 01 00 ED 16"                            File: Line:0 Function: Type:Debug:
DateTime:2026-09-12 16:19:52.459:"解析：功能码-AFN=50H,Fn=1："                            File: Line:0 Function: Type:Debug:
DateTime:2026-09-12 16:19:52.459:"设置主节点地址成功"                            File: Line:0 Function: Type:Debug:
DateTime:2026-09-12 16:19:52.459:dll输出信息: ""                            File: Line:0 Function: Type:Debug:
DateTime:2026-09-12 16:19:52.459:接口函数调用成功，返回的结果为 0                            File: Line:0 Function: Type:Debug:
DateTime:2026-09-12 16:19:52.459:"外部传入的para：0，返回的result：0,返回的pValRet：0"                            File: Line:0 Function: Type:Debug:
DateTime:2026-09-12 16:19:52.459:"执行接口函数CCO_AFN55_F1完成"                            File: Line:0 Function: Type:Debug:
DateTime:2026-09-12 16:19:52.461:coorIndex 0                            File: Line:0 Function: Type:Debug:
DateTime:2026-09-12 16:19:52.461:当前流程结束                            File: Line:0 Function: Type:Debug:
DateTime:2026-09-12 16:19:52.461:退出connect函数                            File: Line:0 Function: Type:Debug:
DateTime:2026-09-12 16:19:52.461:"=========【Step13-设置主节点地址】结束=========="                            File: Line:0 Function: Type:Debug:
DateTime:2026-09-12 16:19:52.461:"-----------------------------"                            File: Line:0 Function: Type:Debug:
DateTime:2026-09-12 16:19:52.462:"=============执行【Step14-EB040503读取默认上报格式】==================="                            File: Line:0 Function: Type:Debug:
DateTime:2026-09-12 16:19:52.462:"执行接口函数CCO_AFN52_F1_EB040503_read"                            File: Line:0 Function: Type:Debug:
DateTime:2026-09-12 16:19:52.462:callWorkFunction: CCO_AFN52_F1_EB040503_read                            File: Line:0 Function: Type:Debug:
DateTime:2026-09-12 16:19:52.462:找到对应函数，进入执行                            File: Line:0 Function: Type:Debug:
DateTime:2026-09-12 16:19:52.965:"等待工装回复超时"                            File: Line:0 Function: Type:Debug:
DateTime:2026-09-12 16:19:52.965:"开始组帧"                            File: Line:0 Function: Type:Debug:
DateTime:2026-09-12 16:19:52.965:"组帧结束"                            File: Line:0 Function: Type:Debug:
DateTime:2026-09-12 16:19:52.965:"367.2Send:数据转发(查询-存量CCO加工处理的事件主动上报方式 EB040503)：=>68 2B 00 43 00 00 00 00 00 1D 52 01 00 02 12 90 78 56 34 12 6B 8A E8 10 00 68 12 90 78 56 34 12 68 11 04 36 38 37 1E 5E 16 2A 16"                            File: Line:0 Function: Type:Debug:
DateTime:2026-09-12 16:19:52.965:"槽位2透传:68EE00EE006840000000000022600000010002013C00682B004300000000001D520100021290785634126B8AE81000681290785634126811043638371E5E162A16FF16"                            File: Line:0 Function: Type:Debug:
DateTime:2026-09-12 16:19:52.965:"工装发送：68 EE 00 EE 00 68 40 00 00 00 00 00 22 60 00 00 01 00 02 01 3C 00 68 2B 00 43 00 00 00 00 00 1D 52 01 00 02 12 90 78 56 34 12 6B 8A E8 10 00 68 12 90 78 56 34 12 68 11 04 36 38 37 1E 5E 16 2A 16 FF 16"                            File: Line:0 Function: Type:Debug:
DateTime:2026-09-12 16:19:53.015:"工装接收：68 32 00 32 00 68 80 00 00 00 00 00 00 60 00 00 01 00 E1 16"                            File: Line:0 Function: Type:Debug:
DateTime:2026-09-12 16:19:53.015:"m_baRecvMsg:"                            File: Line:0 Function: Type:Debug:
DateTime:2026-09-12 16:19:53.015:"frameList.size():1"                            File: Line:0 Function: Type:Debug:
DateTime:2026-09-12 16:19:53.015:"进入报文解析"                            File: Line:0 Function: Type:Debug:
DateTime:2026-09-12 16:19:53.015:"68 32 00 32 00 68 80 00 00 00 00 00 00 60 00 00 01 00 E1 16"                            File: Line:0 Function: Type:Debug:
DateTime:2026-09-12 16:19:53.016:"解码完成，功能码: 1"                            File: Line:0 Function: Type:Debug:
DateTime:2026-09-12 16:19:53.016:"工装回复确认帧"                            File: Line:0 Function: Type:Debug:
DateTime:2026-09-12 16:19:53.070:"工装接收：68 E2 00 E2 00 68 80 00 00 00 00 00 22 60 00 00 01 00 02 29 00 68 29 00 80 00 00 00 00 00 1D 52 01 00 02 12 90 78 56 34 12 11 00 68 12 90 78 56 34 12 68 91 05 36 38 37 1E 33 12 16 F3 16 BB 16"                            File: Line:0 Function: Type:Debug:
DateTime:2026-09-12 16:19:53.070:"m_baRecvMsg:"                            File: Line:0 Function: Type:Debug:
DateTime:2026-09-12 16:19:53.070:"frameList.size():1"                            File: Line:0 Function: Type:Debug:
DateTime:2026-09-12 16:19:53.070:"进入报文解析"                            File: Line:0 Function: Type:Debug:
DateTime:2026-09-12 16:19:53.070:"68 E2 00 E2 00 68 80 00 00 00 00 00 22 60 00 00 01 00 02 29 00 68 29 00 80 00 00 00 00 00 1D 52 01 00 02 12 90 78 56 34 12 11 00 68 12 90 78 56 34 12 68 91 05 36 38 37 1E 33 12 16 F3 16 BB 16"                            File: Line:0 Function: Type:Debug:
DateTime:2026-09-12 16:19:53.070:"解码完成，功能码: 4"                            File: Line:0 Function: Type:Debug:
DateTime:2026-09-12 16:19:53.070:"工装接收到透传报文"                            File: Line:0 Function: Type:Debug:
DateTime:2026-09-12 16:19:53.070:"0229006829008000000000001D520100021290785634121100681290785634126891053638371E331216F316"                            File: Line:0 Function: Type:Debug:
DateTime:2026-09-12 16:19:53.070:"透传报文内容:68 29 00 80 00 00 00 00 00 1d 52 01 00 02 12 90 78 56 34 12 11 00 68 12 90 78 56 34 12 68 91 05 36 38 37 1e 33 12 16 f3 16"                            File: Line:0 Function: Type:Debug:
DateTime:2026-09-12 16:19:55.991:"uTimeSecond_ms:30000"                            File: Line:0 Function: Type:Debug:
DateTime:2026-09-12 16:19:55.991:"查找结果: iret=0, wStart=0, dwOutLen=41, dwStreamLen=41, dwFindPos=0"                            File: Line:0 Function: Type:Debug:
DateTime:2026-09-12 16:19:55.991:"Receive:<= 68 29 00 80 00 00 00 00 00 1D 52 01 00 02 12 90 78 56 34 12 11 00 68 12 90 78 56 34 12 68 91 05 36 38 37 1E 33 12 16 F3 16"                            File: Line:0 Function: Type:Debug:
DateTime:2026-09-12 16:19:55.991:"解析：功能码-AFN=52H,Fn=1："                            File: Line:0 Function: Type:Debug:
DateTime:2026-09-12 16:19:55.991:"透传回复内容：021290785634121100681290785634126891053638371E331216"                            File: Line:0 Function: Type:Debug:
DateTime:2026-09-12 16:19:55.991:"DL/T645-2007协议 回复报文信息：控制码：91,数据标识：EB040503，数据域(需倒序解析)：00"                            File: Line:0 Function: Type:Debug:
DateTime:2026-09-12 16:19:55.991:"存量CCO加工处理的事件主动上报方式：645（默认）"                            File: Line:0 Function: Type:Debug:
DateTime:2026-09-12 16:19:55.991:dll输出信息: ""                            File: Line:0 Function: Type:Debug:
DateTime:2026-09-12 16:19:55.991:接口函数调用成功，返回的结果为 0                            File: Line:0 Function: Type:Debug:
DateTime:2026-09-12 16:19:55.991:"外部传入的para：0，返回的result：0,返回的pValRet：0"                            File: Line:0 Function: Type:Debug:
DateTime:2026-09-12 16:19:55.991:"执行接口函数CCO_AFN52_F1_EB040503_read完成"                            File: Line:0 Function: Type:Debug:
DateTime:2026-09-12 16:19:55.993:coorIndex 0                            File: Line:0 Function: Type:Debug:
DateTime:2026-09-12 16:19:55.993:当前流程结束                            File: Line:0 Function: Type:Debug:
DateTime:2026-09-12 16:19:55.993:退出connect函数                            File: Line:0 Function: Type:Debug:
DateTime:2026-09-12 16:19:55.993:"=========【Step14-EB040503读取默认上报格式】结束=========="                            File: Line:0 Function: Type:Debug:
DateTime:2026-09-12 16:19:55.993:"-----------------------------"                            File: Line:0 Function: Type:Debug:
DateTime:2026-09-12 16:19:55.994:"=============执行【Step15-EB040503设置698格式】==================="                            File: Line:0 Function: Type:Debug:
DateTime:2026-09-12 16:19:55.994:"执行接口函数CCO_AFN52_F1_EB040503_set"                            File: Line:0 Function: Type:Debug:
DateTime:2026-09-12 16:19:55.994:callWorkFunction: CCO_AFN52_F1_EB040503_set                            File: Line:0 Function: Type:Debug:
DateTime:2026-09-12 16:19:55.994:找到对应函数，进入执行                            File: Line:0 Function: Type:Debug:
DateTime:2026-09-12 16:19:56.498:"等待工装回复超时"                            File: Line:0 Function: Type:Debug:
DateTime:2026-09-12 16:19:56.498:"开始组帧"                            File: Line:0 Function: Type:Debug:
DateTime:2026-09-12 16:19:56.498:"组帧结束"                            File: Line:0 Function: Type:Debug:
DateTime:2026-09-12 16:19:56.498:"367.2Send:数据转发(设置-存量CCO加工处理的事件主动上报方式EB040503)：=>68 34 00 43 00 00 00 00 00 1E 52 01 00 02 12 90 78 56 34 12 6B 8A E8 19 00 68 12 90 78 56 34 12 68 14 0D 36 38 37 1E 3B 33 33 33 44 44 44 44 34 82 16 7C 16"                            File: Line:0 Function: Type:Debug:
DateTime:2026-09-12 16:19:56.498:"槽位2透传:68120112016840000000000022600000010002013C006834004300000000001E520100021290785634126B8AE819006812907856341268140D3638371E3B333333444444443482167C16AC16"                            File: Line:0 Function: Type:Debug:
DateTime:2026-09-12 16:19:56.498:"工装发送：68 12 01 12 01 68 40 00 00 00 00 00 22 60 00 00 01 00 02 01 3C 00 68 34 00 43 00 00 00 00 00 1E 52 01 00 02 12 90 78 56 34 12 6B 8A E8 19 00 68 12 90 78 56 34 12 68 14 0D 36 38 37 1E 3B 33 33 33 44 44 44 44 34 82 16 7C 16 AC 16"                            File: Line:0 Function: Type:Debug:
DateTime:2026-09-12 16:19:56.559:"工装接收：68 32 00 32 00 68 80 00 00 00 00 00 00 60 00 00 01 00 E1 16"                            File: Line:0 Function: Type:Debug:
DateTime:2026-09-12 16:19:56.559:"m_baRecvMsg:"                            File: Line:0 Function: Type:Debug:
DateTime:2026-09-12 16:19:56.559:"frameList.size():1"                            File: Line:0 Function: Type:Debug:
DateTime:2026-09-12 16:19:56.559:"进入报文解析"                            File: Line:0 Function: Type:Debug:
DateTime:2026-09-12 16:19:56.559:"68 32 00 32 00 68 80 00 00 00 00 00 00 60 00 00 01 00 E1 16"                            File: Line:0 Function: Type:Debug:
DateTime:2026-09-12 16:19:56.559:"解码完成，功能码: 1"                            File: Line:0 Function: Type:Debug:
DateTime:2026-09-12 16:19:56.559:"工装回复确认帧"                            File: Line:0 Function: Type:Debug:
DateTime:2026-09-12 16:19:56.671:"工装接收：68 CE 00 CE 00 68 80 00 00 00 00 00 22 60 00 00 01 00 02 24 00 68 24 00 80 00 00 00 00 00 1E 52 01 00 02 12 90 78 56 34 12 0C 00 68 12 90 78 56 34 12 68 94 00 1A 16 FF 16 C9 16"                            File: Line:0 Function: Type:Debug:
DateTime:2026-09-12 16:19:56.671:"m_baRecvMsg:"                            File: Line:0 Function: Type:Debug:
DateTime:2026-09-12 16:19:56.671:"frameList.size():1"                            File: Line:0 Function: Type:Debug:
DateTime:2026-09-12 16:19:56.671:"进入报文解析"                            File: Line:0 Function: Type:Debug:
DateTime:2026-09-12 16:19:56.671:"68 CE 00 CE 00 68 80 00 00 00 00 00 22 60 00 00 01 00 02 24 00 68 24 00 80 00 00 00 00 00 1E 52 01 00 02 12 90 78 56 34 12 0C 00 68 12 90 78 56 34 12 68 94 00 1A 16 FF 16 C9 16"                            File: Line:0 Function: Type:Debug:
DateTime:2026-09-12 16:19:56.671:"解码完成，功能码: 4"                            File: Line:0 Function: Type:Debug:
DateTime:2026-09-12 16:19:56.672:"工装接收到透传报文"                            File: Line:0 Function: Type:Debug:
DateTime:2026-09-12 16:19:56.672:"0224006824008000000000001E520100021290785634120C00681290785634126894001A16FF16"                            File: Line:0 Function: Type:Debug:
DateTime:2026-09-12 16:19:56.672:"透传报文内容:68 24 00 80 00 00 00 00 00 1e 52 01 00 02 12 90 78 56 34 12 0c 00 68 12 90 78 56 34 12 68 94 00 1a 16 ff 16"                            File: Line:0 Function: Type:Debug:
DateTime:2026-09-12 16:19:59.593:"uTimeSecond_ms:30000"                            File: Line:0 Function: Type:Debug:
DateTime:2026-09-12 16:19:59.593:"查找结果: iret=0, wStart=0, dwOutLen=36, dwStreamLen=36, dwFindPos=0"                            File: Line:0 Function: Type:Debug:
DateTime:2026-09-12 16:19:59.593:"Receive:<= 68 24 00 80 00 00 00 00 00 1E 52 01 00 02 12 90 78 56 34 12 0C 00 68 12 90 78 56 34 12 68 94 00 1A 16 FF 16"                            File: Line:0 Function: Type:Debug:
DateTime:2026-09-12 16:19:59.593:"解析：功能码-AFN=52H,Fn=1："                            File: Line:0 Function: Type:Debug:
DateTime:2026-09-12 16:19:59.593:"透传回复内容：021290785634120C00681290785634126894001A16"                            File: Line:0 Function: Type:Debug:
DateTime:2026-09-12 16:19:59.593:"设置成功"                            File: Line:0 Function: Type:Debug:
DateTime:2026-09-12 16:19:59.593:dll输出信息: ""                            File: Line:0 Function: Type:Debug:
DateTime:2026-09-12 16:19:59.593:接口函数调用成功，返回的结果为 0                            File: Line:0 Function: Type:Debug:
DateTime:2026-09-12 16:19:59.593:"外部传入的para：0，返回的result：0,返回的pValRet：0"                            File: Line:0 Function: Type:Debug:
DateTime:2026-09-12 16:19:59.593:"执行接口函数CCO_AFN52_F1_EB040503_set完成"                            File: Line:0 Function: Type:Debug:
DateTime:2026-09-12 16:19:59.595:coorIndex 0                            File: Line:0 Function: Type:Debug:
DateTime:2026-09-12 16:19:59.595:当前流程结束                            File: Line:0 Function: Type:Debug:
DateTime:2026-09-12 16:19:59.595:退出connect函数                            File: Line:0 Function: Type:Debug:
DateTime:2026-09-12 16:19:59.595:"=========【Step15-EB040503设置698格式】结束=========="                            File: Line:0 Function: Type:Debug:
DateTime:2026-09-12 16:19:59.595:"-----------------------------"                            File: Line:0 Function: Type:Debug:
DateTime:2026-09-12 16:19:59.596:"=============执行【Step16-CCO复位】==================="                            File: Line:0 Function: Type:Debug:
DateTime:2026-09-12 16:19:59.596:"执行接口函数SimuCorn_reset"                            File: Line:0 Function: Type:Debug:
DateTime:2026-09-12 16:19:59.596:callWorkFunction: SimuCorn_reset                            File: Line:0 Function: Type:Debug:
DateTime:2026-09-12 16:19:59.597:找到对应函数，进入执行                            File: Line:0 Function: Type:Debug:
DateTime:2026-09-12 16:19:59.597:"工装发送：68 3E 00 3E 00 68 40 00 00 00 00 00 21 60 00 00 02 00 02 01 01 C7 16"                            File: Line:0 Function: Type:Debug:
DateTime:2026-09-12 16:20:00.097:"工装接收：68 32 00 32 00 68 80 00 00 00 00 00 00 60 00 00 01 00 E1 16"                            File: Line:0 Function: Type:Debug:
DateTime:2026-09-12 16:20:00.097:"m_baRecvMsg:"                            File: Line:0 Function: Type:Debug:
DateTime:2026-09-12 16:20:00.097:"frameList.size():1"                            File: Line:0 Function: Type:Debug:
DateTime:2026-09-12 16:20:00.097:"进入报文解析"                            File: Line:0 Function: Type:Debug:
DateTime:2026-09-12 16:20:00.097:"68 32 00 32 00 68 80 00 00 00 00 00 00 60 00 00 01 00 E1 16"                            File: Line:0 Function: Type:Debug:
DateTime:2026-09-12 16:20:00.097:"解码完成，功能码: 1"                            File: Line:0 Function: Type:Debug:
DateTime:2026-09-12 16:20:00.097:"工装回复确认帧"                            File: Line:0 Function: Type:Debug:
DateTime:2026-09-12 16:20:00.097:"所有槽位拉取复位引脚成功"                            File: Line:0 Function: Type:Debug:
DateTime:2026-09-12 16:20:00.198:dll输出信息: ""                            File: Line:0 Function: Type:Debug:
DateTime:2026-09-12 16:20:00.198:接口函数调用成功，返回的结果为 0                            File: Line:0 Function: Type:Debug:
DateTime:2026-09-12 16:20:00.198:"外部传入的para：0，返回的result：0,返回的pValRet：0"                            File: Line:0 Function: Type:Debug:
DateTime:2026-09-12 16:20:00.198:"执行接口函数SimuCorn_reset完成"                            File: Line:0 Function: Type:Debug:
DateTime:2026-09-12 16:20:00.199:coorIndex 0                            File: Line:0 Function: Type:Debug:
DateTime:2026-09-12 16:20:00.199:当前流程结束                            File: Line:0 Function: Type:Debug:
DateTime:2026-09-12 16:20:00.199:退出connect函数                            File: Line:0 Function: Type:Debug:
DateTime:2026-09-12 16:20:00.199:"=========【Step16-CCO复位】结束=========="                            File: Line:0 Function: Type:Debug:
DateTime:2026-09-12 16:20:00.199:"-----------------------------"                            File: Line:0 Function: Type:Debug:
DateTime:2026-09-12 16:20:00.200:"=============执行【执行延时】==================="                            File: Line:0 Function: Type:Debug:
DateTime:2026-09-12 16:20:00.200:"执行接口函数Func_Delay"                            File: Line:0 Function: Type:Debug:
DateTime:2026-09-12 16:20:00.200:callWorkFunction: Func_Delay                            File: Line:0 Function: Type:Debug:
DateTime:2026-09-12 16:20:00.200:找到对应函数，进入执行                            File: Line:0 Function: Type:Debug:
DateTime:2026-09-12 16:20:00.200:"延时时间为3s"                            File: Line:0 Function: Type:Debug:
DateTime:2026-09-12 16:20:00.200:"uTimeSecond_ms:3000"                            File: Line:0 Function: Type:Debug:
DateTime:2026-09-12 16:20:03.222:"等待工装回复超时"                            File: Line:0 Function: Type:Debug:
DateTime:2026-09-12 16:20:03.222:"延时时间到"                            File: Line:0 Function: Type:Debug:
DateTime:2026-09-12 16:20:03.323:dll输出信息: ""                            File: Line:0 Function: Type:Debug:
DateTime:2026-09-12 16:20:03.323:接口函数调用成功，返回的结果为 0                            File: Line:0 Function: Type:Debug:
DateTime:2026-09-12 16:20:03.323:"外部传入的para：0，返回的result：0,返回的pValRet：0"                            File: Line:0 Function: Type:Debug:
DateTime:2026-09-12 16:20:03.323:"执行接口函数Func_Delay完成"                            File: Line:0 Function: Type:Debug:
DateTime:2026-09-12 16:20:03.323:coorIndex 0                            File: Line:0 Function: Type:Debug:
DateTime:2026-09-12 16:20:03.324:当前流程结束                            File: Line:0 Function: Type:Debug:
DateTime:2026-09-12 16:20:03.324:退出connect函数                            File: Line:0 Function: Type:Debug:
DateTime:2026-09-12 16:20:03.324:"=========【执行延时】结束=========="                            File: Line:0 Function: Type:Debug:
DateTime:2026-09-12 16:20:03.324:"-----------------------------"                            File: Line:0 Function: Type:Debug:
DateTime:2026-09-12 16:20:03.325:"=============执行【Step17-设置主节点地址】==================="                            File: Line:0 Function: Type:Debug:
DateTime:2026-09-12 16:20:03.325:"执行接口函数CCO_AFN55_F1"                            File: Line:0 Function: Type:Debug:
DateTime:2026-09-12 16:20:03.325:callWorkFunction: CCO_AFN55_F1                            File: Line:0 Function: Type:Debug:
DateTime:2026-09-12 16:20:03.325:找到对应函数，进入执行                            File: Line:0 Function: Type:Debug:
DateTime:2026-09-12 16:20:03.828:"等待工装回复超时"                            File: Line:0 Function: Type:Debug:
DateTime:2026-09-12 16:20:03.828:"开始组帧"                            File: Line:0 Function: Type:Debug:
DateTime:2026-09-12 16:20:03.828:"组帧结束"                            File: Line:0 Function: Type:Debug:
DateTime:2026-09-12 16:20:03.828:"367.2Send:设置主节点地址(55H-F1)：=>68 15 00 43 00 00 00 00 00 1F 55 01 00 12 90 78 56 34 12 6E 16"                            File: Line:0 Function: Type:Debug:
DateTime:2026-09-12 16:20:03.828:"槽位2透传:68960096006840000000000022600000010002013C006815004300000000001F5501001290785634126E167116"                            File: Line:0 Function: Type:Debug:
DateTime:2026-09-12 16:20:03.828:"工装发送：68 96 00 96 00 68 40 00 00 00 00 00 22 60 00 00 01 00 02 01 3C 00 68 15 00 43 00 00 00 00 00 1F 55 01 00 12 90 78 56 34 12 6E 16 71 16"                            File: Line:0 Function: Type:Debug:
DateTime:2026-09-12 16:20:03.853:"工装接收：68 32 00 32 00 68 80 00 00 00 00 00 00 60 00 00 01 00 E1 16"                            File: Line:0 Function: Type:Debug:
DateTime:2026-09-12 16:20:03.853:"m_baRecvMsg:"                            File: Line:0 Function: Type:Debug:
DateTime:2026-09-12 16:20:03.853:"frameList.size():1"                            File: Line:0 Function: Type:Debug:
DateTime:2026-09-12 16:20:03.853:"进入报文解析"                            File: Line:0 Function: Type:Debug:
DateTime:2026-09-12 16:20:03.853:"68 32 00 32 00 68 80 00 00 00 00 00 00 60 00 00 01 00 E1 16"                            File: Line:0 Function: Type:Debug:
DateTime:2026-09-12 16:20:03.853:"解码完成，功能码: 1"                            File: Line:0 Function: Type:Debug:
DateTime:2026-09-12 16:20:03.853:"工装回复确认帧"                            File: Line:0 Function: Type:Debug:
DateTime:2026-09-12 16:20:04.177:"工装接收：68 7A 00 7A 00 68 80 00 00 00 00 00 22 60 00 00 01 00 02 0F 00 68 0F 00 80 00 00 00 00 00 1F 50 01 00 F0 16 81 16"                            File: Line:0 Function: Type:Debug:
DateTime:2026-09-12 16:20:04.177:"m_baRecvMsg:"                            File: Line:0 Function: Type:Debug:
DateTime:2026-09-12 16:20:04.177:"frameList.size():1"                            File: Line:0 Function: Type:Debug:
DateTime:2026-09-12 16:20:04.177:"进入报文解析"                            File: Line:0 Function: Type:Debug:
DateTime:2026-09-12 16:20:04.177:"68 7A 00 7A 00 68 80 00 00 00 00 00 22 60 00 00 01 00 02 0F 00 68 0F 00 80 00 00 00 00 00 1F 50 01 00 F0 16 81 16"                            File: Line:0 Function: Type:Debug:
DateTime:2026-09-12 16:20:04.178:"解码完成，功能码: 4"                            File: Line:0 Function: Type:Debug:
DateTime:2026-09-12 16:20:04.178:"工装接收到透传报文"                            File: Line:0 Function: Type:Debug:
DateTime:2026-09-12 16:20:04.178:"020F00680F008000000000001F500100F016"                            File: Line:0 Function: Type:Debug:
DateTime:2026-09-12 16:20:04.178:"透传报文内容:68 0f 00 80 00 00 00 00 00 1f 50 01 00 f0 16"                            File: Line:0 Function: Type:Debug:
DateTime:2026-09-12 16:20:06.898:"uTimeSecond_ms:5000"                            File: Line:0 Function: Type:Debug:
DateTime:2026-09-12 16:20:06.898:"查找结果: iret=0, wStart=0, dwOutLen=15, dwStreamLen=15, dwFindPos=0"                            File: Line:0 Function: Type:Debug:
DateTime:2026-09-12 16:20:06.898:"Receive:<= 68 0F 00 80 00 00 00 00 00 1F 50 01 00 F0 16"                            File: Line:0 Function: Type:Debug:
DateTime:2026-09-12 16:20:06.898:"解析：功能码-AFN=50H,Fn=1："                            File: Line:0 Function: Type:Debug:
DateTime:2026-09-12 16:20:06.898:"设置主节点地址成功"                            File: Line:0 Function: Type:Debug:
DateTime:2026-09-12 16:20:06.898:dll输出信息: ""                            File: Line:0 Function: Type:Debug:
DateTime:2026-09-12 16:20:06.898:接口函数调用成功，返回的结果为 0                            File: Line:0 Function: Type:Debug:
DateTime:2026-09-12 16:20:06.898:"外部传入的para：0，返回的result：0,返回的pValRet：0"                            File: Line:0 Function: Type:Debug:
DateTime:2026-09-12 16:20:06.898:"执行接口函数CCO_AFN55_F1完成"                            File: Line:0 Function: Type:Debug:
DateTime:2026-09-12 16:20:06.900:coorIndex 0                            File: Line:0 Function: Type:Debug:
DateTime:2026-09-12 16:20:06.900:当前流程结束                            File: Line:0 Function: Type:Debug:
DateTime:2026-09-12 16:20:06.900:退出connect函数                            File: Line:0 Function: Type:Debug:
DateTime:2026-09-12 16:20:06.900:"=========【Step17-设置主节点地址】结束=========="                            File: Line:0 Function: Type:Debug:
DateTime:2026-09-12 16:20:06.900:"-----------------------------"                            File: Line:0 Function: Type:Debug:
DateTime:2026-09-12 16:20:06.901:"=============执行【Step18-EB040503读取默认上报格式】==================="                            File: Line:0 Function: Type:Debug:
DateTime:2026-09-12 16:20:06.901:"执行接口函数CCO_AFN52_F1_EB040503_read"                            File: Line:0 Function: Type:Debug:
DateTime:2026-09-12 16:20:06.901:callWorkFunction: CCO_AFN52_F1_EB040503_read                            File: Line:0 Function: Type:Debug:
DateTime:2026-09-12 16:20:06.901:找到对应函数，进入执行                            File: Line:0 Function: Type:Debug:
DateTime:2026-09-12 16:20:07.405:"等待工装回复超时"                            File: Line:0 Function: Type:Debug:
DateTime:2026-09-12 16:20:07.405:"开始组帧"                            File: Line:0 Function: Type:Debug:
DateTime:2026-09-12 16:20:07.405:"组帧结束"                            File: Line:0 Function: Type:Debug:
DateTime:2026-09-12 16:20:07.405:"367.2Send:数据转发(查询-存量CCO加工处理的事件主动上报方式 EB040503)：=>68 2B 00 43 00 00 00 00 00 20 52 01 00 02 12 90 78 56 34 12 6B 8A E8 10 00 68 12 90 78 56 34 12 68 11 04 36 38 37 1E 5E 16 2D 16"                            File: Line:0 Function: Type:Debug:
DateTime:2026-09-12 16:20:07.405:"槽位2透传:68EE00EE006840000000000022600000010002013C00682B0043000000000020520100021290785634126B8AE81000681290785634126811043638371E5E162D160516"                            File: Line:0 Function: Type:Debug:
DateTime:2026-09-12 16:20:07.405:"工装发送：68 EE 00 EE 00 68 40 00 00 00 00 00 22 60 00 00 01 00 02 01 3C 00 68 2B 00 43 00 00 00 00 00 20 52 01 00 02 12 90 78 56 34 12 6B 8A E8 10 00 68 12 90 78 56 34 12 68 11 04 36 38 37 1E 5E 16 2D 16 05 16"                            File: Line:0 Function: Type:Debug:
DateTime:2026-09-12 16:20:07.455:"工装接收：68 32 00 32 00 68 80 00 00 00 00 00 00 60 00 00 01 00 E1 16"                            File: Line:0 Function: Type:Debug:
DateTime:2026-09-12 16:20:07.455:"m_baRecvMsg:"                            File: Line:0 Function: Type:Debug:
DateTime:2026-09-12 16:20:07.455:"frameList.size():1"                            File: Line:0 Function: Type:Debug:
DateTime:2026-09-12 16:20:07.455:"进入报文解析"                            File: Line:0 Function: Type:Debug:
DateTime:2026-09-12 16:20:07.455:"68 32 00 32 00 68 80 00 00 00 00 00 00 60 00 00 01 00 E1 16"                            File: Line:0 Function: Type:Debug:
DateTime:2026-09-12 16:20:07.455:"解码完成，功能码: 1"                            File: Line:0 Function: Type:Debug:
DateTime:2026-09-12 16:20:07.456:"工装回复确认帧"                            File: Line:0 Function: Type:Debug:
DateTime:2026-09-12 16:20:07.511:"工装接收：68 E2 00 E2 00 68 80 00 00 00 00 00 22 60 00 00 01 00 02 29 00 68 29 00 80 00 00 00 00 00 20 52 01 00 02 12 90 78 56 34 12 11 00 68 12 90 78 56 34 12 68 91 05 36 38 37 1E 34 13 16 F8 16 C5 16"                            File: Line:0 Function: Type:Debug:
DateTime:2026-09-12 16:20:07.511:"m_baRecvMsg:"                            File: Line:0 Function: Type:Debug:
DateTime:2026-09-12 16:20:07.511:"frameList.size():1"                            File: Line:0 Function: Type:Debug:
DateTime:2026-09-12 16:20:07.511:"进入报文解析"                            File: Line:0 Function: Type:Debug:
DateTime:2026-09-12 16:20:07.511:"68 E2 00 E2 00 68 80 00 00 00 00 00 22 60 00 00 01 00 02 29 00 68 29 00 80 00 00 00 00 00 20 52 01 00 02 12 90 78 56 34 12 11 00 68 12 90 78 56 34 12 68 91 05 36 38 37 1E 34 13 16 F8 16 C5 16"                            File: Line:0 Function: Type:Debug:
DateTime:2026-09-12 16:20:07.511:"解码完成，功能码: 4"                            File: Line:0 Function: Type:Debug:
DateTime:2026-09-12 16:20:07.511:"工装接收到透传报文"                            File: Line:0 Function: Type:Debug:
DateTime:2026-09-12 16:20:07.511:"02290068290080000000000020520100021290785634121100681290785634126891053638371E341316F816"                            File: Line:0 Function: Type:Debug:
DateTime:2026-09-12 16:20:07.511:"透传报文内容:68 29 00 80 00 00 00 00 00 20 52 01 00 02 12 90 78 56 34 12 11 00 68 12 90 78 56 34 12 68 91 05 36 38 37 1e 34 13 16 f8 16"                            File: Line:0 Function: Type:Debug:
DateTime:2026-09-12 16:20:10.432:"uTimeSecond_ms:30000"                            File: Line:0 Function: Type:Debug:
DateTime:2026-09-12 16:20:10.432:"查找结果: iret=0, wStart=0, dwOutLen=41, dwStreamLen=41, dwFindPos=0"                            File: Line:0 Function: Type:Debug:
DateTime:2026-09-12 16:20:10.432:"Receive:<= 68 29 00 80 00 00 00 00 00 20 52 01 00 02 12 90 78 56 34 12 11 00 68 12 90 78 56 34 12 68 91 05 36 38 37 1E 34 13 16 F8 16"                            File: Line:0 Function: Type:Debug:
DateTime:2026-09-12 16:20:10.432:"解析：功能码-AFN=52H,Fn=1："                            File: Line:0 Function: Type:Debug:
DateTime:2026-09-12 16:20:10.432:"透传回复内容：021290785634121100681290785634126891053638371E341316"                            File: Line:0 Function: Type:Debug:
DateTime:2026-09-12 16:20:10.432:"DL/T645-2007协议 回复报文信息：控制码：91,数据标识：EB040503，数据域(需倒序解析)：01"                            File: Line:0 Function: Type:Debug:
DateTime:2026-09-12 16:20:10.432:"存量CCO加工处理的事件主动上报方式：698"                            File: Line:0 Function: Type:Debug:
DateTime:2026-09-12 16:20:10.432:dll输出信息: ""                            File: Line:0 Function: Type:Debug:
DateTime:2026-09-12 16:20:10.432:接口函数调用成功，返回的结果为 0                            File: Line:0 Function: Type:Debug:
DateTime:2026-09-12 16:20:10.432:"外部传入的para：0，返回的result：0,返回的pValRet：0"                            File: Line:0 Function: Type:Debug:
DateTime:2026-09-12 16:20:10.432:"执行接口函数CCO_AFN52_F1_EB040503_read完成"                            File: Line:0 Function: Type:Debug:
DateTime:2026-09-12 16:20:10.434:coorIndex 0                            File: Line:0 Function: Type:Debug:
DateTime:2026-09-12 16:20:10.434:当前流程结束                            File: Line:0 Function: Type:Debug:
DateTime:2026-09-12 16:20:10.434:退出connect函数                            File: Line:0 Function: Type:Debug:
DateTime:2026-09-12 16:20:10.434:"=========【Step18-EB040503读取默认上报格式】结束=========="                            File: Line:0 Function: Type:Debug:
DateTime:2026-09-12 16:20:10.434:"-----------------------------"                            File: Line:0 Function: Type:Debug:
DateTime:2026-09-12 16:20:10.435:"=============执行【Step19-参数初始化】==================="                            File: Line:0 Function: Type:Debug:
DateTime:2026-09-12 16:20:10.435:"执行接口函数CCO_AFN51_F2"                            File: Line:0 Function: Type:Debug:
DateTime:2026-09-12 16:20:10.435:callWorkFunction: CCO_AFN51_F2                            File: Line:0 Function: Type:Debug:
DateTime:2026-09-12 16:20:10.435:找到对应函数，进入执行                            File: Line:0 Function: Type:Debug:
DateTime:2026-09-12 16:20:10.938:"等待工装回复超时"                            File: Line:0 Function: Type:Debug:
DateTime:2026-09-12 16:20:10.938:"开始组帧"                            File: Line:0 Function: Type:Debug:
DateTime:2026-09-12 16:20:10.938:"组帧结束"                            File: Line:0 Function: Type:Debug:
DateTime:2026-09-12 16:20:10.938:"367.2Send:参数初始化(51H-F2)：=>68 0F 00 43 00 00 00 00 00 21 51 02 00 B7 16"                            File: Line:0 Function: Type:Debug:
DateTime:2026-09-12 16:20:10.938:"槽位2透传:687E007E006840000000000022600000010002013C00680F0043000000000021510200B716FD16"                            File: Line:0 Function: Type:Debug:
DateTime:2026-09-12 16:20:10.938:"工装发送：68 7E 00 7E 00 68 40 00 00 00 00 00 22 60 00 00 01 00 02 01 3C 00 68 0F 00 43 00 00 00 00 00 21 51 02 00 B7 16 FD 16"                            File: Line:0 Function: Type:Debug:
DateTime:2026-09-12 16:20:10.956:"工装接收：68 32 00 32 00 68 80 00 00 00 00 00 00 60 00 00 01 00 E1 16"                            File: Line:0 Function: Type:Debug:
DateTime:2026-09-12 16:20:10.956:"m_baRecvMsg:"                            File: Line:0 Function: Type:Debug:
DateTime:2026-09-12 16:20:10.956:"frameList.size():1"                            File: Line:0 Function: Type:Debug:
DateTime:2026-09-12 16:20:10.956:"进入报文解析"                            File: Line:0 Function: Type:Debug:
DateTime:2026-09-12 16:20:10.956:"68 32 00 32 00 68 80 00 00 00 00 00 00 60 00 00 01 00 E1 16"                            File: Line:0 Function: Type:Debug:
DateTime:2026-09-12 16:20:10.956:"解码完成，功能码: 1"                            File: Line:0 Function: Type:Debug:
DateTime:2026-09-12 16:20:10.956:"工装回复确认帧"                            File: Line:0 Function: Type:Debug:
DateTime:2026-09-12 16:20:10.997:"工装接收：68 7A 00 7A 00 68 80 00 00 00 00 00 22 60 00 00 01 00 02 0F 00 68 0F 00 80 00 00 00 00 00 21 50 01 00 F2 16 85 16"                            File: Line:0 Function: Type:Debug:
DateTime:2026-09-12 16:20:10.997:"m_baRecvMsg:"                            File: Line:0 Function: Type:Debug:
DateTime:2026-09-12 16:20:10.997:"frameList.size():1"                            File: Line:0 Function: Type:Debug:
DateTime:2026-09-12 16:20:10.997:"进入报文解析"                            File: Line:0 Function: Type:Debug:
DateTime:2026-09-12 16:20:10.997:"68 7A 00 7A 00 68 80 00 00 00 00 00 22 60 00 00 01 00 02 0F 00 68 0F 00 80 00 00 00 00 00 21 50 01 00 F2 16 85 16"                            File: Line:0 Function: Type:Debug:
DateTime:2026-09-12 16:20:10.997:"解码完成，功能码: 4"                            File: Line:0 Function: Type:Debug:
DateTime:2026-09-12 16:20:10.997:"工装接收到透传报文"                            File: Line:0 Function: Type:Debug:
DateTime:2026-09-12 16:20:10.997:"020F00680F0080000000000021500100F216"                            File: Line:0 Function: Type:Debug:
DateTime:2026-09-12 16:20:10.997:"透传报文内容:68 0f 00 80 00 00 00 00 00 21 50 01 00 f2 16"                            File: Line:0 Function: Type:Debug:
DateTime:2026-09-12 16:20:14.019:"uTimeSecond_ms:20000"                            File: Line:0 Function: Type:Debug:
DateTime:2026-09-12 16:20:14.019:"查找结果: iret=0, wStart=0, dwOutLen=15, dwStreamLen=15, dwFindPos=0"                            File: Line:0 Function: Type:Debug:
DateTime:2026-09-12 16:20:14.019:"Receive:<= 68 0F 00 80 00 00 00 00 00 21 50 01 00 F2 16"                            File: Line:0 Function: Type:Debug:
DateTime:2026-09-12 16:20:14.019:"解析：功能码-AFN=50H,Fn=1："                            File: Line:0 Function: Type:Debug:
DateTime:2026-09-12 16:20:14.019:"参数区初始化成功"                            File: Line:0 Function: Type:Debug:
DateTime:2026-09-12 16:20:14.019:dll输出信息: ""                            File: Line:0 Function: Type:Debug:
DateTime:2026-09-12 16:20:14.019:接口函数调用成功，返回的结果为 0                            File: Line:0 Function: Type:Debug:
DateTime:2026-09-12 16:20:14.019:"外部传入的para：0，返回的result：0,返回的pValRet：0"                            File: Line:0 Function: Type:Debug:
DateTime:2026-09-12 16:20:14.019:"执行接口函数CCO_AFN51_F2完成"                            File: Line:0 Function: Type:Debug:
DateTime:2026-09-12 16:20:14.021:coorIndex 0                            File: Line:0 Function: Type:Debug:
DateTime:2026-09-12 16:20:14.021:当前流程结束                            File: Line:0 Function: Type:Debug:
DateTime:2026-09-12 16:20:14.021:退出connect函数                            File: Line:0 Function: Type:Debug:
DateTime:2026-09-12 16:20:14.021:"=========【Step19-参数初始化】结束=========="                            File: Line:0 Function: Type:Debug:
DateTime:2026-09-12 16:20:14.021:"-----------------------------"                            File: Line:0 Function: Type:Debug:
DateTime:2026-09-12 16:20:14.024:"=============执行【执行延时】==================="                            File: Line:0 Function: Type:Debug:
DateTime:2026-09-12 16:20:14.024:"执行接口函数Func_Delay"                            File: Line:0 Function: Type:Debug:
DateTime:2026-09-12 16:20:14.024:callWorkFunction: Func_Delay                            File: Line:0 Function: Type:Debug:
DateTime:2026-09-12 16:20:14.024:找到对应函数，进入执行                            File: Line:0 Function: Type:Debug:
DateTime:2026-09-12 16:20:14.025:"延时时间为5s"                            File: Line:0 Function: Type:Debug:
DateTime:2026-09-12 16:20:14.025:"uTimeSecond_ms:5000"                            File: Line:0 Function: Type:Debug:
DateTime:2026-09-12 16:20:17.047:"等待工装回复超时"                            File: Line:0 Function: Type:Debug:
DateTime:2026-09-12 16:20:20.069:"等待工装回复超时"                            File: Line:0 Function: Type:Debug:
DateTime:2026-09-12 16:20:20.069:"延时时间到"                            File: Line:0 Function: Type:Debug:
DateTime:2026-09-12 16:20:20.170:dll输出信息: ""                            File: Line:0 Function: Type:Debug:
DateTime:2026-09-12 16:20:20.170:接口函数调用成功，返回的结果为 0                            File: Line:0 Function: Type:Debug:
DateTime:2026-09-12 16:20:20.170:"外部传入的para：0，返回的result：0,返回的pValRet：0"                            File: Line:0 Function: Type:Debug:
DateTime:2026-09-12 16:20:20.170:"执行接口函数Func_Delay完成"                            File: Line:0 Function: Type:Debug:
DateTime:2026-09-12 16:20:20.171:coorIndex 0                            File: Line:0 Function: Type:Debug:
DateTime:2026-09-12 16:20:20.171:当前流程结束                            File: Line:0 Function: Type:Debug:
DateTime:2026-09-12 16:20:20.171:退出connect函数                            File: Line:0 Function: Type:Debug:
DateTime:2026-09-12 16:20:20.171:"=========【执行延时】结束=========="                            File: Line:0 Function: Type:Debug:
DateTime:2026-09-12 16:20:20.171:"-----------------------------"                            File: Line:0 Function: Type:Debug:
DateTime:2026-09-12 16:20:20.171:"=============执行【Step20-预告抄读对象】==================="                            File: Line:0 Function: Type:Debug:
DateTime:2026-09-12 16:20:20.172:"执行接口函数CCO_AFN55_F9"                            File: Line:0 Function: Type:Debug:
DateTime:2026-09-12 16:20:20.172:callWorkFunction: CCO_AFN55_F9                            File: Line:0 Function: Type:Debug:
DateTime:2026-09-12 16:20:20.172:找到对应函数，进入执行                            File: Line:0 Function: Type:Debug:
DateTime:2026-09-12 16:20:20.675:"等待工装回复超时"                            File: Line:0 Function: Type:Debug:
DateTime:2026-09-12 16:20:20.675:"开始组帧"                            File: Line:0 Function: Type:Debug:
DateTime:2026-09-12 16:20:20.675:"组帧结束"                            File: Line:0 Function: Type:Debug:
DateTime:2026-09-12 16:20:20.675:"367.2Send:预告抄读对象(55H-F9)：=>68 48 00 43 00 00 00 00 00 22 55 01 01 06 00 00 01 00 03 03 01 10 00 16 19 02 00 03 04 01 10 00 16 19 03 00 03 05 01 10 00 16 19 04 00 03 06 01 10 00 16 19 05 00 03 07 01 10 00 16 19 06 00 03 08 01 10 00 16 19 8A 16"                            File: Line:0 Function: Type:Debug:
DateTime:2026-09-12 16:20:20.675:"槽位2透传:68620162016840000000000022600000010002013C00684800430000000000225501010600000100030301100016190200030401100016190300030501100016190400030601100016190500030701100016190600030801100016198A16DC16"                            File: Line:0 Function: Type:Debug:
DateTime:2026-09-12 16:20:20.675:"工装发送：68 62 01 62 01 68 40 00 00 00 00 00 22 60 00 00 01 00 02 01 3C 00 68 48 00 43 00 00 00 00 00 22 55 01 01 06 00 00 01 00 03 03 01 10 00 16 19 02 00 03 04 01 10 00 16 19 03 00 03 05 01 10 00 16 19 04 00 03 06 01 10 00 16 19 05 00 03 07 01 10 00 16 19 06 00 03 08 01 10 00 16 19 8A 16 DC 16"                            File: Line:0 Function: Type:Debug:
DateTime:2026-09-12 16:20:20.759:"工装接收：68 32 00 32 00 68 80 00 00 00 00 00 00 60 00 00 01 00 E1 16"                            File: Line:0 Function: Type:Debug:
DateTime:2026-09-12 16:20:20.759:"m_baRecvMsg:"                            File: Line:0 Function: Type:Debug:
DateTime:2026-09-12 16:20:20.759:"frameList.size():1"                            File: Line:0 Function: Type:Debug:
DateTime:2026-09-12 16:20:20.759:"进入报文解析"                            File: Line:0 Function: Type:Debug:
DateTime:2026-09-12 16:20:20.759:"68 32 00 32 00 68 80 00 00 00 00 00 00 60 00 00 01 00 E1 16"                            File: Line:0 Function: Type:Debug:
DateTime:2026-09-12 16:20:20.759:"解码完成，功能码: 1"                            File: Line:0 Function: Type:Debug:
DateTime:2026-09-12 16:20:20.759:"工装回复确认帧"                            File: Line:0 Function: Type:Debug:
DateTime:2026-09-12 16:20:20.814:"工装接收：68 7A 00 7A 00 68 80 00 00 00 00 00 22 60 00 00 01 00 02 0F 00 68 0F 00 80 00 00 00 00 00 22 50 01 00 F3 16 87 16"                            File: Line:0 Function: Type:Debug:
DateTime:2026-09-12 16:20:20.814:"m_baRecvMsg:"                            File: Line:0 Function: Type:Debug:
DateTime:2026-09-12 16:20:20.814:"frameList.size():1"                            File: Line:0 Function: Type:Debug:
DateTime:2026-09-12 16:20:20.814:"进入报文解析"                            File: Line:0 Function: Type:Debug:
DateTime:2026-09-12 16:20:20.814:"68 7A 00 7A 00 68 80 00 00 00 00 00 22 60 00 00 01 00 02 0F 00 68 0F 00 80 00 00 00 00 00 22 50 01 00 F3 16 87 16"                            File: Line:0 Function: Type:Debug:
DateTime:2026-09-12 16:20:20.814:"解码完成，功能码: 4"                            File: Line:0 Function: Type:Debug:
DateTime:2026-09-12 16:20:20.814:"工装接收到透传报文"                            File: Line:0 Function: Type:Debug:
DateTime:2026-09-12 16:20:20.814:"020F00680F0080000000000022500100F316"                            File: Line:0 Function: Type:Debug:
DateTime:2026-09-12 16:20:20.814:"透传报文内容:68 0f 00 80 00 00 00 00 00 22 50 01 00 f3 16"                            File: Line:0 Function: Type:Debug:
DateTime:2026-09-12 16:20:23.735:"uTimeSecond_ms:5000"                            File: Line:0 Function: Type:Debug:
DateTime:2026-09-12 16:20:23.735:"查找结果: iret=0, wStart=0, dwOutLen=15, dwStreamLen=15, dwFindPos=0"                            File: Line:0 Function: Type:Debug:
DateTime:2026-09-12 16:20:23.735:"Receive:<= 68 0F 00 80 00 00 00 00 00 22 50 01 00 F3 16"                            File: Line:0 Function: Type:Debug:
DateTime:2026-09-12 16:20:23.735:"解析：功能码-AFN=50H,Fn=1："                            File: Line:0 Function: Type:Debug:
DateTime:2026-09-12 16:20:23.735:"预告抄读对象成功"                            File: Line:0 Function: Type:Debug:
DateTime:2026-09-12 16:20:23.735:"成功数量：6"                            File: Line:0 Function: Type:Debug:
DateTime:2026-09-12 16:20:23.756:"预告抄读对象总数量：6 全部成功 "                            File: Line:0 Function: Type:Debug:
DateTime:2026-09-12 16:20:23.756:dll输出信息: ""                            File: Line:0 Function: Type:Debug:
DateTime:2026-09-12 16:20:23.756:接口函数调用成功，返回的结果为 0                            File: Line:0 Function: Type:Debug:
DateTime:2026-09-12 16:20:23.756:"外部传入的para：0，返回的result：0,返回的pValRet：0"                            File: Line:0 Function: Type:Debug:
DateTime:2026-09-12 16:20:23.756:"执行接口函数CCO_AFN55_F9完成"                            File: Line:0 Function: Type:Debug:
DateTime:2026-09-12 16:20:23.757:coorIndex 0                            File: Line:0 Function: Type:Debug:
DateTime:2026-09-12 16:20:23.757:当前流程结束                            File: Line:0 Function: Type:Debug:
DateTime:2026-09-12 16:20:23.758:退出connect函数                            File: Line:0 Function: Type:Debug:
DateTime:2026-09-12 16:20:23.758:"=========【Step20-预告抄读对象】结束=========="                            File: Line:0 Function: Type:Debug:
DateTime:2026-09-12 16:20:23.758:"-----------------------------"                            File: Line:0 Function: Type:Debug:
DateTime:2026-09-12 16:20:23.758:"=============执行【拉取sta复位引脚】==================="                            File: Line:0 Function: Type:Debug:
DateTime:2026-09-12 16:20:23.758:"执行接口函数SimuCorn_reset"                            File: Line:0 Function: Type:Debug:
DateTime:2026-09-12 16:20:23.759:callWorkFunction: SimuCorn_reset                            File: Line:0 Function: Type:Debug:
DateTime:2026-09-12 16:20:23.759:找到对应函数，进入执行                            File: Line:0 Function: Type:Debug:
DateTime:2026-09-12 16:20:23.759:"工装发送：68 3E 00 3E 00 68 40 00 00 00 00 00 21 60 00 00 02 00 03 01 01 C8 16"                            File: Line:0 Function: Type:Debug:
DateTime:2026-09-12 16:20:24.260:"工装接收：68 32 00 32 00 68 80 00 00 00 00 00 00 60 00 00 01 00 E1 16"                            File: Line:0 Function: Type:Debug:
DateTime:2026-09-12 16:20:24.260:"m_baRecvMsg:"                            File: Line:0 Function: Type:Debug:
DateTime:2026-09-12 16:20:24.260:"frameList.size():1"                            File: Line:0 Function: Type:Debug:
DateTime:2026-09-12 16:20:24.260:"进入报文解析"                            File: Line:0 Function: Type:Debug:
DateTime:2026-09-12 16:20:24.260:"68 32 00 32 00 68 80 00 00 00 00 00 00 60 00 00 01 00 E1 16"                            File: Line:0 Function: Type:Debug:
DateTime:2026-09-12 16:20:24.260:"解码完成，功能码: 1"                            File: Line:0 Function: Type:Debug:
DateTime:2026-09-12 16:20:24.260:"工装回复确认帧"                            File: Line:0 Function: Type:Debug:
DateTime:2026-09-12 16:20:24.260:"工装发送：68 3E 00 3E 00 68 40 00 00 00 00 00 21 60 00 00 02 00 04 01 01 C9 16"                            File: Line:0 Function: Type:Debug:
DateTime:2026-09-12 16:20:24.760:"工装接收：68 32 00 32 00 68 80 00 00 00 00 00 00 60 00 00 01 00 E1 16"                            File: Line:0 Function: Type:Debug:
DateTime:2026-09-12 16:20:24.760:"m_baRecvMsg:"                            File: Line:0 Function: Type:Debug:
DateTime:2026-09-12 16:20:24.760:"frameList.size():1"                            File: Line:0 Function: Type:Debug:
DateTime:2026-09-12 16:20:24.760:"进入报文解析"                            File: Line:0 Function: Type:Debug:
DateTime:2026-09-12 16:20:24.760:"68 32 00 32 00 68 80 00 00 00 00 00 00 60 00 00 01 00 E1 16"                            File: Line:0 Function: Type:Debug:
DateTime:2026-09-12 16:20:24.760:"解码完成，功能码: 1"                            File: Line:0 Function: Type:Debug:
DateTime:2026-09-12 16:20:24.760:"工装回复确认帧"                            File: Line:0 Function: Type:Debug:
DateTime:2026-09-12 16:20:24.760:"工装发送：68 3E 00 3E 00 68 40 00 00 00 00 00 21 60 00 00 02 00 05 01 01 CA 16"                            File: Line:0 Function: Type:Debug:
DateTime:2026-09-12 16:20:25.261:"工装接收：68 32 00 32 00 68 80 00 00 00 00 00 00 60 00 00 01 00 E1 16"                            File: Line:0 Function: Type:Debug:
DateTime:2026-09-12 16:20:25.261:"m_baRecvMsg:"                            File: Line:0 Function: Type:Debug:
DateTime:2026-09-12 16:20:25.261:"frameList.size():1"                            File: Line:0 Function: Type:Debug:
DateTime:2026-09-12 16:20:25.261:"进入报文解析"                            File: Line:0 Function: Type:Debug:
DateTime:2026-09-12 16:20:25.261:"68 32 00 32 00 68 80 00 00 00 00 00 00 60 00 00 01 00 E1 16"                            File: Line:0 Function: Type:Debug:
DateTime:2026-09-12 16:20:25.261:"解码完成，功能码: 1"                            File: Line:0 Function: Type:Debug:
DateTime:2026-09-12 16:20:25.261:"工装回复确认帧"                            File: Line:0 Function: Type:Debug:
DateTime:2026-09-12 16:20:25.261:"工装发送：68 3E 00 3E 00 68 40 00 00 00 00 00 21 60 00 00 02 00 06 01 01 CB 16"                            File: Line:0 Function: Type:Debug:
DateTime:2026-09-12 16:20:25.762:"工装接收：68 32 00 32 00 68 80 00 00 00 00 00 00 60 00 00 01 00 E1 16"                            File: Line:0 Function: Type:Debug:
DateTime:2026-09-12 16:20:25.762:"m_baRecvMsg:"                            File: Line:0 Function: Type:Debug:
DateTime:2026-09-12 16:20:25.762:"frameList.size():1"                            File: Line:0 Function: Type:Debug:
DateTime:2026-09-12 16:20:25.762:"进入报文解析"                            File: Line:0 Function: Type:Debug:
DateTime:2026-09-12 16:20:25.763:"68 32 00 32 00 68 80 00 00 00 00 00 00 60 00 00 01 00 E1 16"                            File: Line:0 Function: Type:Debug:
DateTime:2026-09-12 16:20:25.763:"解码完成，功能码: 1"                            File: Line:0 Function: Type:Debug:
DateTime:2026-09-12 16:20:25.763:"工装回复确认帧"                            File: Line:0 Function: Type:Debug:
DateTime:2026-09-12 16:20:25.763:"工装发送：68 3E 00 3E 00 68 40 00 00 00 00 00 21 60 00 00 02 00 07 01 01 CC 16"                            File: Line:0 Function: Type:Debug:
DateTime:2026-09-12 16:20:26.263:"工装接收：68 32 00 32 00 68 80 00 00 00 00 00 00 60 00 00 01 00 E1 16"                            File: Line:0 Function: Type:Debug:
DateTime:2026-09-12 16:20:26.263:"m_baRecvMsg:"                            File: Line:0 Function: Type:Debug:
DateTime:2026-09-12 16:20:26.263:"frameList.size():1"                            File: Line:0 Function: Type:Debug:
DateTime:2026-09-12 16:20:26.263:"进入报文解析"                            File: Line:0 Function: Type:Debug:
DateTime:2026-09-12 16:20:26.263:"68 32 00 32 00 68 80 00 00 00 00 00 00 60 00 00 01 00 E1 16"                            File: Line:0 Function: Type:Debug:
DateTime:2026-09-12 16:20:26.263:"解码完成，功能码: 1"                            File: Line:0 Function: Type:Debug:
DateTime:2026-09-12 16:20:26.263:"工装回复确认帧"                            File: Line:0 Function: Type:Debug:
DateTime:2026-09-12 16:20:26.263:"工装发送：68 3E 00 3E 00 68 40 00 00 00 00 00 21 60 00 00 02 00 08 01 01 CD 16"                            File: Line:0 Function: Type:Debug:
DateTime:2026-09-12 16:20:26.764:"工装接收：68 32 00 32 00 68 80 00 00 00 00 00 00 60 00 00 01 00 E1 16"                            File: Line:0 Function: Type:Debug:
DateTime:2026-09-12 16:20:26.764:"m_baRecvMsg:"                            File: Line:0 Function: Type:Debug:
DateTime:2026-09-12 16:20:26.764:"frameList.size():1"                            File: Line:0 Function: Type:Debug:
DateTime:2026-09-12 16:20:26.764:"进入报文解析"                            File: Line:0 Function: Type:Debug:
DateTime:2026-09-12 16:20:26.764:"68 32 00 32 00 68 80 00 00 00 00 00 00 60 00 00 01 00 E1 16"                            File: Line:0 Function: Type:Debug:
DateTime:2026-09-12 16:20:26.764:"解码完成，功能码: 1"                            File: Line:0 Function: Type:Debug:
DateTime:2026-09-12 16:20:26.764:"工装回复确认帧"                            File: Line:0 Function: Type:Debug:
DateTime:2026-09-12 16:20:26.764:"所有槽位拉取复位引脚成功"                            File: Line:0 Function: Type:Debug:
DateTime:2026-09-12 16:20:26.865:dll输出信息: ""                            File: Line:0 Function: Type:Debug:
DateTime:2026-09-12 16:20:26.865:接口函数调用成功，返回的结果为 0                            File: Line:0 Function: Type:Debug:
DateTime:2026-09-12 16:20:26.865:"外部传入的para：0，返回的result：0,返回的pValRet：0"                            File: Line:0 Function: Type:Debug:
DateTime:2026-09-12 16:20:26.865:"执行接口函数SimuCorn_reset完成"                            File: Line:0 Function: Type:Debug:
DateTime:2026-09-12 16:20:26.865:coorIndex 0                            File: Line:0 Function: Type:Debug:
DateTime:2026-09-12 16:20:26.866:当前流程结束                            File: Line:0 Function: Type:Debug:
DateTime:2026-09-12 16:20:26.866:退出connect函数                            File: Line:0 Function: Type:Debug:
DateTime:2026-09-12 16:20:26.866:"=========【拉取sta复位引脚】结束=========="                            File: Line:0 Function: Type:Debug:
DateTime:2026-09-12 16:20:26.866:"-----------------------------"                            File: Line:0 Function: Type:Debug:
DateTime:2026-09-12 16:20:26.866:"=============执行【Step21-组网测试】==================="                            File: Line:0 Function: Type:Debug:
DateTime:2026-09-12 16:20:26.867:"执行接口函数CCO_Func_FormNetWork"                            File: Line:0 Function: Type:Debug:
DateTime:2026-09-12 16:20:26.867:callWorkFunction: CCO_Func_FormNetWork                            File: Line:0 Function: Type:Debug:
DateTime:2026-09-12 16:20:26.867:找到对应函数，进入执行                            File: Line:0 Function: Type:Debug:
DateTime:2026-09-12 16:20:26.867:"addrs191600100103"                            File: Line:0 Function: Type:Debug:
DateTime:2026-09-12 16:20:26.867:"地址数量1"                            File: Line:0 Function: Type:Debug:
DateTime:2026-09-12 16:20:26.867:"addrs191600100104"                            File: Line:0 Function: Type:Debug:
DateTime:2026-09-12 16:20:26.867:"地址数量2"                            File: Line:0 Function: Type:Debug:
DateTime:2026-09-12 16:20:26.867:"addrs191600100105"                            File: Line:0 Function: Type:Debug:
DateTime:2026-09-12 16:20:26.867:"地址数量3"                            File: Line:0 Function: Type:Debug:
DateTime:2026-09-12 16:20:26.867:"addrs191600100106"                            File: Line:0 Function: Type:Debug:
DateTime:2026-09-12 16:20:26.867:"地址数量4"                            File: Line:0 Function: Type:Debug:
DateTime:2026-09-12 16:20:26.867:"addrs191600100107"                            File: Line:0 Function: Type:Debug:
DateTime:2026-09-12 16:20:26.867:"地址数量5"                            File: Line:0 Function: Type:Debug:
DateTime:2026-09-12 16:20:26.867:"addrs191600100108"                            File: Line:0 Function: Type:Debug:
DateTime:2026-09-12 16:20:26.867:"地址数量6"                            File: Line:0 Function: Type:Debug:
DateTime:2026-09-12 16:20:26.867:"传入的addrs数量6"                            File: Line:0 Function: Type:Debug:
DateTime:2026-09-12 16:20:26.867:"QString::fromLatin1(addrs[0])\u0019\u0016"                            File: Line:0 Function: Type:Debug:
DateTime:2026-09-12 16:20:27.370:"等待工装回复超时"                            File: Line:0 Function: Type:Debug:
DateTime:2026-09-12 16:20:27.370:"开始组帧"                            File: Line:0 Function: Type:Debug:
DateTime:2026-09-12 16:20:27.370:"组帧结束"                            File: Line:0 Function: Type:Debug:
DateTime:2026-09-12 16:20:27.370:"367.2Send:查询网络拓扑,节点起始序号:1：=>68 12 00 41 00 00 00 00 00 23 10 10 02 01 00 0A 91 16"                            File: Line:0 Function: Type:Debug:
DateTime:2026-09-12 16:20:27.370:"槽位2透传:688A008A006840000000000022600000010002013C006812004100000000002310100201000A9116B416"                            File: Line:0 Function: Type:Debug:
DateTime:2026-09-12 16:20:27.370:"工装发送：68 8A 00 8A 00 68 40 00 00 00 00 00 22 60 00 00 01 00 02 01 3C 00 68 12 00 41 00 00 00 00 00 23 10 10 02 01 00 0A 91 16 B4 16"                            File: Line:0 Function: Type:Debug:
DateTime:2026-09-12 16:20:27.391:"工装接收：68 32 00 32 00 68 80 00 00 00 00 00 00 60 00 00 01 00 E1 16"                            File: Line:0 Function: Type:Debug:
DateTime:2026-09-12 16:20:27.391:"m_baRecvMsg:"                            File: Line:0 Function: Type:Debug:
DateTime:2026-09-12 16:20:27.391:"frameList.size():1"                            File: Line:0 Function: Type:Debug:
DateTime:2026-09-12 16:20:27.391:"进入报文解析"                            File: Line:0 Function: Type:Debug:
DateTime:2026-09-12 16:20:27.391:"68 32 00 32 00 68 80 00 00 00 00 00 00 60 00 00 01 00 E1 16"                            File: Line:0 Function: Type:Debug:
DateTime:2026-09-12 16:20:27.391:"解码完成，功能码: 1"                            File: Line:0 Function: Type:Debug:
DateTime:2026-09-12 16:20:27.392:"工装回复确认帧"                            File: Line:0 Function: Type:Debug:
DateTime:2026-09-12 16:20:27.433:"工装接收：68 BA 00 BA 00 68 80 00 00 00 00 00 22 60 00 00 01 00 02 1F 00 68 1F 00 83 00 00 00 00 00 23 10 10 02 01 00 01 00 01 12 90 78 56 34 12 01 00 00 00 40 C2 16 45 16"                            File: Line:0 Function: Type:Debug:
DateTime:2026-09-12 16:20:27.433:"m_baRecvMsg:"                            File: Line:0 Function: Type:Debug:
DateTime:2026-09-12 16:20:27.433:"frameList.size():1"                            File: Line:0 Function: Type:Debug:
DateTime:2026-09-12 16:20:27.433:"进入报文解析"                            File: Line:0 Function: Type:Debug:
DateTime:2026-09-12 16:20:27.433:"68 BA 00 BA 00 68 80 00 00 00 00 00 22 60 00 00 01 00 02 1F 00 68 1F 00 83 00 00 00 00 00 23 10 10 02 01 00 01 00 01 12 90 78 56 34 12 01 00 00 00 40 C2 16 45 16"                            File: Line:0 Function: Type:Debug:
DateTime:2026-09-12 16:20:27.433:"解码完成，功能码: 4"                            File: Line:0 Function: Type:Debug:
DateTime:2026-09-12 16:20:27.433:"工装接收到透传报文"                            File: Line:0 Function: Type:Debug:
DateTime:2026-09-12 16:20:27.433:"021F00681F008300000000002310100201000100011290785634120100000040C216"                            File: Line:0 Function: Type:Debug:
DateTime:2026-09-12 16:20:27.433:"透传报文内容:68 1f 00 83 00 00 00 00 00 23 10 10 02 01 00 01 00 01 12 90 78 56 34 12 01 00 00 00 40 c2 16"                            File: Line:0 Function: Type:Debug:
DateTime:2026-09-12 16:20:30.456:"uTimeSecond_ms:5000"                            File: Line:0 Function: Type:Debug:
DateTime:2026-09-12 16:20:30.456:"查找结果: iret=0, wStart=0, dwOutLen=31, dwStreamLen=31, dwFindPos=0"                            File: Line:0 Function: Type:Debug:
DateTime:2026-09-12 16:20:30.456:"Receive:<= 68 1F 00 83 00 00 00 00 00 23 10 10 02 01 00 01 00 01 12 90 78 56 34 12 01 00 00 00 40 C2 16"                            File: Line:0 Function: Type:Debug:
DateTime:2026-09-12 16:20:30.456:"解析：功能码-AFN=10H,Fn=21："                            File: Line:0 Function: Type:Debug:
DateTime:2026-09-12 16:20:30.456:"从节点总数量：1, 节点起始序号：1, 本次应答的从节点数量：1"                            File: Line:0 Function: Type:Debug:
DateTime:2026-09-12 16:20:30.456:"节点1信息：地址:123456789012, 节点标识:1, 代理节点标识:0, 节点层级:0, 节点角色:主节点（CCO）"                            File: Line:0 Function: Type:Debug:
DateTime:2026-09-12 16:20:30.456:"nAddr123456789012ptAddr191600100103"                            File: Line:0 Function: Type:Debug:
DateTime:2026-09-12 16:20:30.456:"nAddr123456789012ptAddr191600100104"                            File: Line:0 Function: Type:Debug:
DateTime:2026-09-12 16:20:30.456:"nAddr123456789012ptAddr191600100105"                            File: Line:0 Function: Type:Debug:
DateTime:2026-09-12 16:20:30.456:"nAddr123456789012ptAddr191600100106"                            File: Line:0 Function: Type:Debug:
DateTime:2026-09-12 16:20:30.456:"nAddr123456789012ptAddr191600100107"                            File: Line:0 Function: Type:Debug:
DateTime:2026-09-12 16:20:30.456:"nAddr123456789012ptAddr191600100108"                            File: Line:0 Function: Type:Debug:
DateTime:2026-09-12 16:20:30.467:"当前还有6个节点未入网."                            File: Line:0 Function: Type:Debug:
DateTime:2026-09-12 16:20:35.971:"等待工装回复超时"                            File: Line:0 Function: Type:Debug:
DateTime:2026-09-12 16:20:35.971:"开始组帧"                            File: Line:0 Function: Type:Debug:
DateTime:2026-09-12 16:20:35.971:"组帧结束"                            File: Line:0 Function: Type:Debug:
DateTime:2026-09-12 16:20:35.971:"367.2Send:查询网络拓扑,节点起始序号:1：=>68 12 00 41 00 00 00 00 00 24 10 10 02 01 00 0A 92 16"                            File: Line:0 Function: Type:Debug:
DateTime:2026-09-12 16:20:35.971:"槽位2透传:688A008A006840000000000022600000010002013C006812004100000000002410100201000A9216B616"                            File: Line:0 Function: Type:Debug:
DateTime:2026-09-12 16:20:35.971:"工装发送：68 8A 00 8A 00 68 40 00 00 00 00 00 22 60 00 00 01 00 02 01 3C 00 68 12 00 41 00 00 00 00 00 24 10 10 02 01 00 0A 92 16 B6 16"                            File: Line:0 Function: Type:Debug:
DateTime:2026-09-12 16:20:35.992:"工装接收：68 32 00 32 00 68 80 00 00 00 00 00 00 60 00 00 01 00 E1 16"                            File: Line:0 Function: Type:Debug:
DateTime:2026-09-12 16:20:35.992:"m_baRecvMsg:"                            File: Line:0 Function: Type:Debug:
DateTime:2026-09-12 16:20:35.992:"frameList.size():1"                            File: Line:0 Function: Type:Debug:
DateTime:2026-09-12 16:20:35.992:"进入报文解析"                            File: Line:0 Function: Type:Debug:
DateTime:2026-09-12 16:20:35.993:"68 32 00 32 00 68 80 00 00 00 00 00 00 60 00 00 01 00 E1 16"                            File: Line:0 Function: Type:Debug:
DateTime:2026-09-12 16:20:35.993:"解码完成，功能码: 1"                            File: Line:0 Function: Type:Debug:
DateTime:2026-09-12 16:20:35.993:"工装回复确认帧"                            File: Line:0 Function: Type:Debug:
DateTime:2026-09-12 16:20:36.089:"工装接收：68 BA 00 BA 00 68 80 00 00 00 00 00 22 60 00 00 01 00 02 1F 00 68 1F 00 83 00 00 00 00 00 24 10 10 02 01 00 01 00 01 12 90 78 56 34 12 01 00 00 00 40 C3 16 47 16"                            File: Line:0 Function: Type:Debug:
DateTime:2026-09-12 16:20:36.089:"m_baRecvMsg:"                            File: Line:0 Function: Type:Debug:
DateTime:2026-09-12 16:20:36.089:"frameList.size():1"                            File: Line:0 Function: Type:Debug:
DateTime:2026-09-12 16:20:36.089:"进入报文解析"                            File: Line:0 Function: Type:Debug:
DateTime:2026-09-12 16:20:36.089:"68 BA 00 BA 00 68 80 00 00 00 00 00 22 60 00 00 01 00 02 1F 00 68 1F 00 83 00 00 00 00 00 24 10 10 02 01 00 01 00 01 12 90 78 56 34 12 01 00 00 00 40 C3 16 47 16"                            File: Line:0 Function: Type:Debug:
DateTime:2026-09-12 16:20:36.089:"解码完成，功能码: 4"                            File: Line:0 Function: Type:Debug:
DateTime:2026-09-12 16:20:36.089:"工装接收到透传报文"                            File: Line:0 Function: Type:Debug:
DateTime:2026-09-12 16:20:36.089:"021F00681F008300000000002410100201000100011290785634120100000040C316"                            File: Line:0 Function: Type:Debug:
DateTime:2026-09-12 16:20:36.089:"透传报文内容:68 1f 00 83 00 00 00 00 00 24 10 10 02 01 00 01 00 01 12 90 78 56 34 12 01 00 00 00 40 c3 16"                            File: Line:0 Function: Type:Debug:
DateTime:2026-09-12 16:20:39.010:"uTimeSecond_ms:5000"                            File: Line:0 Function: Type:Debug:
DateTime:2026-09-12 16:20:39.010:"查找结果: iret=0, wStart=0, dwOutLen=31, dwStreamLen=31, dwFindPos=0"                            File: Line:0 Function: Type:Debug:
DateTime:2026-09-12 16:20:39.010:"Receive:<= 68 1F 00 83 00 00 00 00 00 24 10 10 02 01 00 01 00 01 12 90 78 56 34 12 01 00 00 00 40 C3 16"                            File: Line:0 Function: Type:Debug:
DateTime:2026-09-12 16:20:39.010:"解析：功能码-AFN=10H,Fn=21："                            File: Line:0 Function: Type:Debug:
DateTime:2026-09-12 16:20:39.010:"从节点总数量：1, 节点起始序号：1, 本次应答的从节点数量：1"                            File: Line:0 Function: Type:Debug:
DateTime:2026-09-12 16:20:39.010:"节点1信息：地址:123456789012, 节点标识:1, 代理节点标识:0, 节点层级:0, 节点角色:主节点（CCO）"                            File: Line:0 Function: Type:Debug:
DateTime:2026-09-12 16:20:39.010:"nAddr123456789012ptAddr191600100103"                            File: Line:0 Function: Type:Debug:
DateTime:2026-09-12 16:20:39.010:"nAddr123456789012ptAddr191600100104"                            File: Line:0 Function: Type:Debug:
DateTime:2026-09-12 16:20:39.010:"nAddr123456789012ptAddr191600100105"                            File: Line:0 Function: Type:Debug:
DateTime:2026-09-12 16:20:39.010:"nAddr123456789012ptAddr191600100106"                            File: Line:0 Function: Type:Debug:
DateTime:2026-09-12 16:20:39.010:"nAddr123456789012ptAddr191600100107"                            File: Line:0 Function: Type:Debug:
DateTime:2026-09-12 16:20:39.010:"nAddr123456789012ptAddr191600100108"                            File: Line:0 Function: Type:Debug:
DateTime:2026-09-12 16:20:39.021:"当前还有6个节点未入网."                            File: Line:0 Function: Type:Debug:
DateTime:2026-09-12 16:20:44.526:"等待工装回复超时"                            File: Line:0 Function: Type:Debug:
DateTime:2026-09-12 16:20:44.526:"开始组帧"                            File: Line:0 Function: Type:Debug:
DateTime:2026-09-12 16:20:44.526:"组帧结束"                            File: Line:0 Function: Type:Debug:
DateTime:2026-09-12 16:20:44.526:"367.2Send:查询网络拓扑,节点起始序号:1：=>68 12 00 41 00 00 00 00 00 25 10 10 02 01 00 0A 93 16"                            File: Line:0 Function: Type:Debug:
DateTime:2026-09-12 16:20:44.526:"槽位2透传:688A008A006840000000000022600000010002013C006812004100000000002510100201000A9316B816"                            File: Line:0 Function: Type:Debug:
DateTime:2026-09-12 16:20:44.526:"工装发送：68 8A 00 8A 00 68 40 00 00 00 00 00 22 60 00 00 01 00 02 01 3C 00 68 12 00 41 00 00 00 00 00 25 10 10 02 01 00 0A 93 16 B8 16"                            File: Line:0 Function: Type:Debug:
DateTime:2026-09-12 16:20:44.546:"工装接收：68 32 00 32 00 68 80 00 00 00 00 00 00 60 00 00 01 00 E1 16"                            File: Line:0 Function: Type:Debug:
DateTime:2026-09-12 16:20:44.546:"m_baRecvMsg:"                            File: Line:0 Function: Type:Debug:
DateTime:2026-09-12 16:20:44.546:"frameList.size():1"                            File: Line:0 Function: Type:Debug:
DateTime:2026-09-12 16:20:44.547:"进入报文解析"                            File: Line:0 Function: Type:Debug:
DateTime:2026-09-12 16:20:44.547:"68 32 00 32 00 68 80 00 00 00 00 00 00 60 00 00 01 00 E1 16"                            File: Line:0 Function: Type:Debug:
DateTime:2026-09-12 16:20:44.547:"解码完成，功能码: 1"                            File: Line:0 Function: Type:Debug:
DateTime:2026-09-12 16:20:44.547:"工装回复确认帧"                            File: Line:0 Function: Type:Debug:
DateTime:2026-09-12 16:20:44.601:"工装接收：68 E6 00 E6 00 68 80 00 00 00 00 00 22 60 00 00 01 00 02 2A 00 68 2A 00 83 00 00 00 00 00 25 10 10 02 02 00 01 00 02 12 90 78 56 34 12 01 00 00 00 40 03 01 10 00 16 19 02 00 01 00 11 1D 16 11 16"                            File: Line:0 Function: Type:Debug:
DateTime:2026-09-12 16:20:44.601:"m_baRecvMsg:"                            File: Line:0 Function: Type:Debug:
DateTime:2026-09-12 16:20:44.601:"frameList.size():1"                            File: Line:0 Function: Type:Debug:
DateTime:2026-09-12 16:20:44.601:"进入报文解析"                            File: Line:0 Function: Type:Debug:
DateTime:2026-09-12 16:20:44.601:"68 E6 00 E6 00 68 80 00 00 00 00 00 22 60 00 00 01 00 02 2A 00 68 2A 00 83 00 00 00 00 00 25 10 10 02 02 00 01 00 02 12 90 78 56 34 12 01 00 00 00 40 03 01 10 00 16 19 02 00 01 00 11 1D 16 11 16"                            File: Line:0 Function: Type:Debug:
DateTime:2026-09-12 16:20:44.601:"解码完成，功能码: 4"                            File: Line:0 Function: Type:Debug:
DateTime:2026-09-12 16:20:44.601:"工装接收到透传报文"                            File: Line:0 Function: Type:Debug:
DateTime:2026-09-12 16:20:44.601:"022A00682A00830000000000251010020200010002129078563412010000004003011000161902000100111D16"                            File: Line:0 Function: Type:Debug:
DateTime:2026-09-12 16:20:44.601:"透传报文内容:68 2a 00 83 00 00 00 00 00 25 10 10 02 02 00 01 00 02 12 90 78 56 34 12 01 00 00 00 40 03 01 10 00 16 19 02 00 01 00 11 1d 16"                            File: Line:0 Function: Type:Debug:
DateTime:2026-09-12 16:20:47.623:"uTimeSecond_ms:5000"                            File: Line:0 Function: Type:Debug:
DateTime:2026-09-12 16:20:47.623:"查找结果: iret=0, wStart=0, dwOutLen=42, dwStreamLen=42, dwFindPos=0"                            File: Line:0 Function: Type:Debug:
DateTime:2026-09-12 16:20:47.623:"Receive:<= 68 2A 00 83 00 00 00 00 00 25 10 10 02 02 00 01 00 02 12 90 78 56 34 12 01 00 00 00 40 03 01 10 00 16 19 02 00 01 00 11 1D 16"                            File: Line:0 Function: Type:Debug:
DateTime:2026-09-12 16:20:47.623:"解析：功能码-AFN=10H,Fn=21："                            File: Line:0 Function: Type:Debug:
DateTime:2026-09-12 16:20:47.623:"从节点总数量：2, 节点起始序号：1, 本次应答的从节点数量：2"                            File: Line:0 Function: Type:Debug:
DateTime:2026-09-12 16:20:47.623:"节点1信息：地址:123456789012, 节点标识:1, 代理节点标识:0, 节点层级:0, 节点角色:主节点（CCO）"                            File: Line:0 Function: Type:Debug:
DateTime:2026-09-12 16:20:47.623:"nAddr123456789012ptAddr191600100103"                            File: Line:0 Function: Type:Debug:
DateTime:2026-09-12 16:20:47.623:"nAddr123456789012ptAddr191600100104"                            File: Line:0 Function: Type:Debug:
DateTime:2026-09-12 16:20:47.623:"nAddr123456789012ptAddr191600100105"                            File: Line:0 Function: Type:Debug:
DateTime:2026-09-12 16:20:47.623:"nAddr123456789012ptAddr191600100106"                            File: Line:0 Function: Type:Debug:
DateTime:2026-09-12 16:20:47.623:"nAddr123456789012ptAddr191600100107"                            File: Line:0 Function: Type:Debug:
DateTime:2026-09-12 16:20:47.623:"nAddr123456789012ptAddr191600100108"                            File: Line:0 Function: Type:Debug:
DateTime:2026-09-12 16:20:47.623:"节点2信息：地址:191600100103, 节点标识:2, 代理节点标识:1, 节点层级:1, 节点角色:末梢节点（STA）"                            File: Line:0 Function: Type:Debug:
DateTime:2026-09-12 16:20:47.623:"nAddr191600100103ptAddr191600100103"                            File: Line:0 Function: Type:Debug:
DateTime:2026-09-12 16:20:47.623:"入网成功数量：1，总数量：6"                            File: Line:0 Function: Type:Debug:
DateTime:2026-09-12 16:20:47.634:"当前还有5个节点未入网."                            File: Line:0 Function: Type:Debug:
DateTime:2026-09-12 16:20:53.139:"等待工装回复超时"                            File: Line:0 Function: Type:Debug:
DateTime:2026-09-12 16:20:53.139:"开始组帧"                            File: Line:0 Function: Type:Debug:
DateTime:2026-09-12 16:20:53.139:"组帧结束"                            File: Line:0 Function: Type:Debug:
DateTime:2026-09-12 16:20:53.139:"367.2Send:查询网络拓扑,节点起始序号:1：=>68 12 00 41 00 00 00 00 00 26 10 10 02 01 00 0A 94 16"                            File: Line:0 Function: Type:Debug:
DateTime:2026-09-12 16:20:53.139:"槽位2透传:688A008A006840000000000022600000010002013C006812004100000000002610100201000A9416BA16"                            File: Line:0 Function: Type:Debug:
DateTime:2026-09-12 16:20:53.139:"工装发送：68 8A 00 8A 00 68 40 00 00 00 00 00 22 60 00 00 01 00 02 01 3C 00 68 12 00 41 00 00 00 00 00 26 10 10 02 01 00 0A 94 16 BA 16"                            File: Line:0 Function: Type:Debug:
DateTime:2026-09-12 16:20:53.159:"工装接收：68 32 00 32 00 68 80 00 00 00 00 00 00 60 00 00 01 00 E1 16"                            File: Line:0 Function: Type:Debug:
DateTime:2026-09-12 16:20:53.159:"m_baRecvMsg:"                            File: Line:0 Function: Type:Debug:
DateTime:2026-09-12 16:20:53.160:"frameList.size():1"                            File: Line:0 Function: Type:Debug:
DateTime:2026-09-12 16:20:53.160:"进入报文解析"                            File: Line:0 Function: Type:Debug:
DateTime:2026-09-12 16:20:53.160:"68 32 00 32 00 68 80 00 00 00 00 00 00 60 00 00 01 00 E1 16"                            File: Line:0 Function: Type:Debug:
DateTime:2026-09-12 16:20:53.160:"解码完成，功能码: 1"                            File: Line:0 Function: Type:Debug:
DateTime:2026-09-12 16:20:53.160:"工装回复确认帧"                            File: Line:0 Function: Type:Debug:
DateTime:2026-09-12 16:20:53.278:"工装接收：68 C2 01 C2 01 68 80 00 00 00 00 00 22 60 00 00 01 00 02 61 00 68 61 00 83 00 00 00 00 00 26 10 10 02 07 00 01 00 07 12 90 78 56 34 12 01 00 00 00 40 03 01 10 00 16 19 02 00 01 00 11 06 01 10 00 16 19 03 00 01 00 11 05 01 10 00 16 19 04 00 01 00 11 07 01 10 00 16 19 05 00 01 00 11 08 01 10 00 16 19 06 00 01 00 11 04 01 10 00 16 19 07 00 01 00 11 F9 16 37 16"                            File: Line:0 Function: Type:Debug:
DateTime:2026-09-12 16:20:53.278:"m_baRecvMsg:"                            File: Line:0 Function: Type:Debug:
DateTime:2026-09-12 16:20:53.278:"frameList.size():1"                            File: Line:0 Function: Type:Debug:
DateTime:2026-09-12 16:20:53.278:"进入报文解析"                            File: Line:0 Function: Type:Debug:
DateTime:2026-09-12 16:20:53.278:"68 C2 01 C2 01 68 80 00 00 00 00 00 22 60 00 00 01 00 02 61 00 68 61 00 83 00 00 00 00 00 26 10 10 02 07 00 01 00 07 12 90 78 56 34 12 01 00 00 00 40 03 01 10 00 16 19 02 00 01 00 11 06 01 10 00 16 19 03 00 01 00 11 05 01 10 00 16 19 04 00 01 00 11 07 01 10 00 16 19 05 00 01 00 11 08 01 10 00 16 19 06 00 01 00 11 04 01 10 00 16 19 07 00 01 00 11 F9 16 37 16"                            File: Line:0 Function: Type:Debug:
DateTime:2026-09-12 16:20:53.278:"解码完成，功能码: 4"                            File: Line:0 Function: Type:Debug:
DateTime:2026-09-12 16:20:53.278:"工装接收到透传报文"                            File: Line:0 Function: Type:Debug:
DateTime:2026-09-12 16:20:53.278:"0261006861008300000000002610100207000100071290785634120100000040030110001619020001001106011000161903000100110501100016190400010011070110001619050001001108011000161906000100110401100016190700010011F916"                            File: Line:0 Function: Type:Debug:
DateTime:2026-09-12 16:20:53.278:"透传报文内容:68 61 00 83 00 00 00 00 00 26 10 10 02 07 00 01 00 07 12 90 78 56 34 12 01 00 00 00 40 03 01 10 00 16 19 02 00 01 00 11 06 01 10 00 16 19 03 00 01 00 11 05 01 10 00 16 19 04 00 01 00 11 07 01 10 00 16 19 05 00 01 00 11 08 01 10 00 16 19 06 00 01 00 11 04 01 10 00 16 19 07 00 01 00 11 f9 16"                            File: Line:0 Function: Type:Debug:
DateTime:2026-09-12 16:20:56.199:"uTimeSecond_ms:5000"                            File: Line:0 Function: Type:Debug:
DateTime:2026-09-12 16:20:56.199:"查找结果: iret=0, wStart=0, dwOutLen=97, dwStreamLen=97, dwFindPos=0"                            File: Line:0 Function: Type:Debug:
DateTime:2026-09-12 16:20:56.199:"Receive:<= 68 61 00 83 00 00 00 00 00 26 10 10 02 07 00 01 00 07 12 90 78 56 34 12 01 00 00 00 40 03 01 10 00 16 19 02 00 01 00 11 06 01 10 00 16 19 03 00 01 00 11 05 01 10 00 16 19 04 00 01 00 11 07 01 10 00 16 19 05 00 01 00 11 08 01 10 00 16 19 06 00 01 00 11 04 01 10 00 16 19 07 00 01 00 11 F9 16"                            File: Line:0 Function: Type:Debug:
DateTime:2026-09-12 16:20:56.199:"解析：功能码-AFN=10H,Fn=21："                            File: Line:0 Function: Type:Debug:
DateTime:2026-09-12 16:20:56.199:"从节点总数量：7, 节点起始序号：1, 本次应答的从节点数量：7"                            File: Line:0 Function: Type:Debug:
DateTime:2026-09-12 16:20:56.199:"节点1信息：地址:123456789012, 节点标识:1, 代理节点标识:0, 节点层级:0, 节点角色:主节点（CCO）"                            File: Line:0 Function: Type:Debug:
DateTime:2026-09-12 16:20:56.199:"nAddr123456789012ptAddr191600100103"                            File: Line:0 Function: Type:Debug:
DateTime:2026-09-12 16:20:56.199:"nAddr123456789012ptAddr191600100104"                            File: Line:0 Function: Type:Debug:
DateTime:2026-09-12 16:20:56.199:"nAddr123456789012ptAddr191600100105"                            File: Line:0 Function: Type:Debug:
DateTime:2026-09-12 16:20:56.199:"nAddr123456789012ptAddr191600100106"                            File: Line:0 Function: Type:Debug:
DateTime:2026-09-12 16:20:56.199:"nAddr123456789012ptAddr191600100107"                            File: Line:0 Function: Type:Debug:
DateTime:2026-09-12 16:20:56.199:"nAddr123456789012ptAddr191600100108"                            File: Line:0 Function: Type:Debug:
DateTime:2026-09-12 16:20:56.199:"节点2信息：地址:191600100103, 节点标识:2, 代理节点标识:1, 节点层级:1, 节点角色:末梢节点（STA）"                            File: Line:0 Function: Type:Debug:
DateTime:2026-09-12 16:20:56.199:"nAddr191600100103ptAddr191600100103"                            File: Line:0 Function: Type:Debug:
DateTime:2026-09-12 16:20:56.199:"入网成功数量：1，总数量：6"                            File: Line:0 Function: Type:Debug:
DateTime:2026-09-12 16:20:56.199:"节点3信息：地址:191600100106, 节点标识:3, 代理节点标识:1, 节点层级:1, 节点角色:末梢节点（STA）"                            File: Line:0 Function: Type:Debug:
DateTime:2026-09-12 16:20:56.199:"nAddr191600100106ptAddr191600100103"                            File: Line:0 Function: Type:Debug:
DateTime:2026-09-12 16:20:56.199:"nAddr191600100106ptAddr191600100104"                            File: Line:0 Function: Type:Debug:
DateTime:2026-09-12 16:20:56.199:"nAddr191600100106ptAddr191600100105"                            File: Line:0 Function: Type:Debug:
DateTime:2026-09-12 16:20:56.200:"nAddr191600100106ptAddr191600100106"                            File: Line:0 Function: Type:Debug:
DateTime:2026-09-12 16:20:56.200:"入网成功数量：2，总数量：6"                            File: Line:0 Function: Type:Debug:
DateTime:2026-09-12 16:20:56.200:"节点4信息：地址:191600100105, 节点标识:4, 代理节点标识:1, 节点层级:1, 节点角色:末梢节点（STA）"                            File: Line:0 Function: Type:Debug:
DateTime:2026-09-12 16:20:56.200:"nAddr191600100105ptAddr191600100103"                            File: Line:0 Function: Type:Debug:
DateTime:2026-09-12 16:20:56.200:"nAddr191600100105ptAddr191600100104"                            File: Line:0 Function: Type:Debug:
DateTime:2026-09-12 16:20:56.200:"nAddr191600100105ptAddr191600100105"                            File: Line:0 Function: Type:Debug:
DateTime:2026-09-12 16:20:56.200:"入网成功数量：3，总数量：6"                            File: Line:0 Function: Type:Debug:
DateTime:2026-09-12 16:20:56.200:"节点5信息：地址:191600100107, 节点标识:5, 代理节点标识:1, 节点层级:1, 节点角色:末梢节点（STA）"                            File: Line:0 Function: Type:Debug:
DateTime:2026-09-12 16:20:56.200:"nAddr191600100107ptAddr191600100103"                            File: Line:0 Function: Type:Debug:
DateTime:2026-09-12 16:20:56.200:"nAddr191600100107ptAddr191600100104"                            File: Line:0 Function: Type:Debug:
DateTime:2026-09-12 16:20:56.200:"nAddr191600100107ptAddr191600100105"                            File: Line:0 Function: Type:Debug:
DateTime:2026-09-12 16:20:56.200:"nAddr191600100107ptAddr191600100106"                            File: Line:0 Function: Type:Debug:
DateTime:2026-09-12 16:20:56.200:"nAddr191600100107ptAddr191600100107"                            File: Line:0 Function: Type:Debug:
DateTime:2026-09-12 16:20:56.200:"入网成功数量：4，总数量：6"                            File: Line:0 Function: Type:Debug:
DateTime:2026-09-12 16:20:56.200:"节点6信息：地址:191600100108, 节点标识:6, 代理节点标识:1, 节点层级:1, 节点角色:末梢节点（STA）"                            File: Line:0 Function: Type:Debug:
DateTime:2026-09-12 16:20:56.200:"nAddr191600100108ptAddr191600100103"                            File: Line:0 Function: Type:Debug:
DateTime:2026-09-12 16:20:56.200:"nAddr191600100108ptAddr191600100104"                            File: Line:0 Function: Type:Debug:
DateTime:2026-09-12 16:20:56.200:"nAddr191600100108ptAddr191600100105"                            File: Line:0 Function: Type:Debug:
DateTime:2026-09-12 16:20:56.200:"nAddr191600100108ptAddr191600100106"                            File: Line:0 Function: Type:Debug:
DateTime:2026-09-12 16:20:56.200:"nAddr191600100108ptAddr191600100107"                            File: Line:0 Function: Type:Debug:
DateTime:2026-09-12 16:20:56.200:"nAddr191600100108ptAddr191600100108"                            File: Line:0 Function: Type:Debug:
DateTime:2026-09-12 16:20:56.200:"入网成功数量：5，总数量：6"                            File: Line:0 Function: Type:Debug:
DateTime:2026-09-12 16:20:56.200:"节点7信息：地址:191600100104, 节点标识:7, 代理节点标识:1, 节点层级:1, 节点角色:末梢节点（STA）"                            File: Line:0 Function: Type:Debug:
DateTime:2026-09-12 16:20:56.200:"nAddr191600100104ptAddr191600100103"                            File: Line:0 Function: Type:Debug:
DateTime:2026-09-12 16:20:56.200:"nAddr191600100104ptAddr191600100104"                            File: Line:0 Function: Type:Debug:
DateTime:2026-09-12 16:20:56.200:"入网成功数量：6，总数量：6"                            File: Line:0 Function: Type:Debug:
DateTime:2026-09-12 16:20:56.211:"全部节点入网成功，总数量：6, 成功率：100%"                            File: Line:0 Function: Type:Debug:
DateTime:2026-09-12 16:21:56.212:"节点入网成功率：100%，总数量：6，成功数量：6，失败数量：0"                            File: Line:0 Function: Type:Debug:
DateTime:2026-09-12 16:21:56.313:dll输出信息: ""                            File: Line:0 Function: Type:Debug:
DateTime:2026-09-12 16:21:56.313:接口函数调用成功，返回的结果为 0                            File: Line:0 Function: Type:Debug:
DateTime:2026-09-12 16:21:56.313:"外部传入的para：0，返回的result：0,返回的pValRet：0"                            File: Line:0 Function: Type:Debug:
DateTime:2026-09-12 16:21:56.313:"执行接口函数CCO_Func_FormNetWork完成"                            File: Line:0 Function: Type:Debug:
DateTime:2026-09-12 16:21:56.314:coorIndex 0                            File: Line:0 Function: Type:Debug:
DateTime:2026-09-12 16:21:56.314:当前流程结束                            File: Line:0 Function: Type:Debug:
DateTime:2026-09-12 16:21:56.315:退出connect函数                            File: Line:0 Function: Type:Debug:
DateTime:2026-09-12 16:21:56.315:"=========【Step21-组网测试】结束=========="                            File: Line:0 Function: Type:Debug:
DateTime:2026-09-12 16:21:56.315:"-----------------------------"                            File: Line:0 Function: Type:Debug:
DateTime:2026-09-12 16:21:56.316:"=============执行【执行延时】==================="                            File: Line:0 Function: Type:Debug:
DateTime:2026-09-12 16:21:56.316:"执行接口函数Func_Delay"                            File: Line:0 Function: Type:Debug:
DateTime:2026-09-12 16:21:56.316:callWorkFunction: Func_Delay                            File: Line:0 Function: Type:Debug:
DateTime:2026-09-12 16:21:56.316:找到对应函数，进入执行                            File: Line:0 Function: Type:Debug:
DateTime:2026-09-12 16:21:56.316:"延时时间为60s"                            File: Line:0 Function: Type:Debug:
DateTime:2026-09-12 16:21:56.316:"uTimeSecond_ms:60000"                            File: Line:0 Function: Type:Debug:
DateTime:2026-09-12 16:21:59.337:"等待工装回复超时"                            File: Line:0 Function: Type:Debug:
DateTime:2026-09-12 16:22:02.359:"等待工装回复超时"                            File: Line:0 Function: Type:Debug:
DateTime:2026-09-12 16:22:05.381:"等待工装回复超时"                            File: Line:0 Function: Type:Debug:
DateTime:2026-09-12 16:22:08.403:"等待工装回复超时"                            File: Line:0 Function: Type:Debug:
DateTime:2026-09-12 16:22:11.425:"等待工装回复超时"                            File: Line:0 Function: Type:Debug:
DateTime:2026-09-12 16:22:14.447:"等待工装回复超时"                            File: Line:0 Function: Type:Debug:
DateTime:2026-09-12 16:22:16.498:"工装接收：68 9A 00 9A 00 68 80 00 00 00 00 00 22 60 00 00 01 00 02 17 00 68 17 00 C3 00 00 00 00 00 01 14 08 01 55 01 00 01 00 01 01 00 3A 16 25 16 68 9A 00 9A 00 68 80 00 00 00 00 00 22 60 00 00 01 00 02 17 00 68 17 00 C3 00 00 00 00 00 02 14 08 01 55 01 02 01 00 01 01 00 3D 16 2B 16 68 7A 00 7A 00 68 80 00 00 00 00 00 22 60 00 00 01 00 02 0F 00 68 0F 00 C3 00 00 00 00 00 03 14 02 00 DC 16 59 16 68 CA 01 CA 01 68 80 00 00 00 00 00 22 60 00 00 01 00 02 63 00 68 63 00 83 04 00 00 00 00 04 12 90 78 56 34 12 12 90 78 56 34 12 06 40 06 01 03 44 00 68 42 00 83 05 12 90 78 56 34 12 00 93 BB 88 01 00 01 EB 04 05 06 01 09 26 01 06 19 16 00 10 01 03 19 16 00 10 01 06 19 16 00 10 01 05 19 16 00 10 01 07 19 16 00 10 01 08 19 16 00 10 01 04 00 00 D6 17 16 20 16 89 16 68 CA 01 CA 01 68 80 00 00 00 00 00 22 60 00 00 01 00 02 63 00 68 63 00 83 04 00 00 00 00 04 12 90 78 56 34 12 12 90 78 56 34 12 06 40 06 01 03 44 00 68 42 00 83 05 12 90 78 56 34 12 00 93 BB 88 01 00 01 EB 04 05 06 01 09 26 01 06 19 16 00 10 01 03 19 16 00 10 01 06 19 16 00 10 01 05 19 16 00 10 01 07 19 16 00 10 01 08 19 16 00 10 01 04 00 00 D6 17 16 20 16 89 16 68 CA 01 CA 01 68 80 00 00 00 00 00 22 60 00 00 01 00 02 63 00 68 63 00 83 04 00 00 00 00 04 12 90 78 56 34 12 12 90 78 56 34 12 06 40 06 01 03 44 00 68 42 00 83 05 12 90 78 56 34 12 00 93 BB 88 01 00 01 EB 04 05 06 01 09 26 01 06 19 16 00 10 01 03 19 16 00 10 01 06 19 16 00 10 01 05 19 16 00 10 01 07 19 16 00 10 01 08 19 16 00 10 01 04 00 00 D6 17 16 20 16 89 16 68 7A 00 7A 00 68 80 00 00 00 00 00 22 60 00 00 01 00 02 0F 00 68 0F 00 C3 00 00 00 00 00 05 14 02 00 DE 16 5D 16"                            File: Line:0 Function: Type:Debug:
DateTime:2026-09-12 16:22:16.498:"m_baRecvMsg:"                            File: Line:0 Function: Type:Debug:
DateTime:2026-09-12 16:22:16.498:"st.size():"                            File: Line:0 Function: Type:Debug:
DateTime:2026-09-12 16:22:16.498:"进入报文解析"                            File: Line:0 Function: Type:Debug:
DateTime:2026-09-12 16:22:16.498:"68 9A 00 9A 00 68 80 00 00 00 00 00 22 60 00 00 01 00 02 17 00 68 17 00 C3 00 00 00 00 00 01 14 08 01 55 01 00 01 00 01 01 00 3A 16 25 16"                            File: Line:0 Function: Type:Debug:
DateTime:2026-09-12 16:22:16.498:"解码完成，功能码: 4"                            File: Line:0 Function: Type:Debug:
DateTime:2026-09-12 16:22:16.498:"工装回复透传报文"                            File: Line:0 Function: Type:Debug:
DateTime:2026-09-12 16:22:16.498:"021700681700C300000000000114080155010001000101003A16"                            File: Line:0 Function: Type:Debug:
DateTime:2026-09-12 16:22:16.498:"内容:68 17 00 c3 00 00 00 00 00 01 14 08 01 55 01 00 01 00 01 01 00 3a 16"                            File: Line:0 Function: Type:Debug:
DateTime:2026-09-12 16:22:16.498:"进入报文解析"                            File: Line:0 Function: Type:Debug:
DateTime:2026-09-12 16:22:16.498:"68 9A 00 9A 00 68 80 00 00 00 00 00 22 60 00 00 01 00 02 17 00 68 17 00 C3 00 00 00 00 00 02 14 08 01 55 01 02 01 00 01 01 00 3D 16 2B 16"                            File: Line:0 Function: Type:Debug:
DateTime:2026-09-12 16:22:16.498:"解码完成，功能码: 4"                            File: Line:0 Function: Type:Debug:
DateTime:2026-09-12 16:22:16.498:"工装回复透传报文"                            File: Line:0 Function: Type:Debug:
DateTime:2026-09-12 16:22:16.498:"021700681700C300000000000214080155010201000101003D16"                            File: Line:0 Function: Type:Debug:
DateTime:2026-09-12 16:22:16.498:"内容:68 17 00 c3 00 00 00 00 00 02 14 08 01 55 01 02 01 00 01 01 00 3d 16"                            File: Line:0 Function: Type:Debug:
DateTime:2026-09-12 16:22:16.498:"进入报文解析"                            File: Line:0 Function: Type:Debug:
DateTime:2026-09-12 16:22:16.498:"68 7A 00 7A 00 68 80 00 00 00 00 00 22 60 00 00 01 00 02 0F 00 68 0F 00 C3 00 00 00 00 00 03 14 02 00 DC 16 59 16"                            File: Line:0 Function: Type:Debug:
DateTime:2026-09-12 16:22:16.499:"解码完成，功能码: 4"                            File: Line:0 Function: Type:Debug:
DateTime:2026-09-12 16:22:16.499:"工装回复透传报文"                            File: Line:0 Function: Type:Debug:
DateTime:2026-09-12 16:22:16.499:"020F00680F00C3000000000003140200DC16"                            File: Line:0 Function: Type:Debug:
DateTime:2026-09-12 16:22:16.499:"内容:68 0f 00 c3 00 00 00 00 00 03 14 02 00 dc 16"                            File: Line:0 Function: Type:Debug:
DateTime:2026-09-12 16:22:16.499:"进入报文解析"                            File: Line:0 Function: Type:Debug:
DateTime:2026-09-12 16:22:16.499:"68 CA 01 CA 01 68 80 00 00 00 00 00 22 60 00 00 01 00 02 63 00 68 63 00 83 04 00 00 00 00 04 12 90 78 56 34 12 12 90 78 56 34 12 06 40 06 01 03 44 00 68 42 00 83 05 12 90 78 56 34 12 00 93 BB 88 01 00 01 EB 04 05 06 01 09 26 01 06 19 16 00 10 01 03 19 16 00 10 01 06 19 16 00 10 01 05 19 16 00 10 01 07 19 16 00 10 01 08 19 16 00 10 01 04 00 00 D6 17 16 20 16 89 16"                            File: Line:0 Function: Type:Debug:
DateTime:2026-09-12 16:22:16.499:"解码完成，功能码: 4"                            File: Line:0 Function: Type:Debug:
DateTime:2026-09-12 16:22:16.499:"工装回复透传报文"                            File: Line:0 Function: Type:Debug:
DateTime:2026-09-12 16:22:16.499:"026300686300830400000000041290785634121290785634120640060103440068420083051290785634120093BB88010001EB04050601092601061916001001031916001001061916001001051916001001071916001001081916001001040000D617162016"                            File: Line:0 Function: Type:Debug:
DateTime:2026-09-12 16:22:16.499:"内容:68 63 00 83 04 00 00 00 00 04 12 90 78 56 34 12 12 90 78 56 34 12 06 40 06 01 03 44 00 68 42 00 83 05 12 90 78 56 34 12 00 93 bb 88 01 00 01 eb 04 05 06 01 09 26 01 06 19 16 00 10 01 03 19 16 00 10 01 06 19 16 00 10 01 05 19 16 00 10 01 07 19 16 00 10 01 08 19 16 00 10 01 04 00 00 d6 17 16 20 16"                            File: Line:0 Function: Type:Debug:
DateTime:2026-09-12 16:22:16.499:"进入报文解析"                            File: Line:0 Function: Type:Debug:
DateTime:2026-09-12 16:22:16.499:"68 CA 01 CA 01 68 80 00 00 00 00 00 22 60 00 00 01 00 02 63 00 68 63 00 83 04 00 00 00 00 04 12 90 78 56 34 12 12 90 78 56 34 12 06 40 06 01 03 44 00 68 42 00 83 05 12 90 78 56 34 12 00 93 BB 88 01 00 01 EB 04 05 06 01 09 26 01 06 19 16 00 10 01 03 19 16 00 10 01 06 19 16 00 10 01 05 19 16 00 10 01 07 19 16 00 10 01 08 19 16 00 10 01 04 00 00 D6 17 16 20 16 89 16"                            File: Line:0 Function: Type:Debug:
DateTime:2026-09-12 16:22:16.499:"解码完成，功能码: 4"                            File: Line:0 Function: Type:Debug:
DateTime:2026-09-12 16:22:16.499:"工装回复透传报文"                            File: Line:0 Function: Type:Debug:
DateTime:2026-09-12 16:22:16.499:"026300686300830400000000041290785634121290785634120640060103440068420083051290785634120093BB88010001EB04050601092601061916001001031916001001061916001001051916001001071916001001081916001001040000D617162016"                            File: Line:0 Function: Type:Debug:
DateTime:2026-09-12 16:22:16.499:"内容:68 63 00 83 04 00 00 00 00 04 12 90 78 56 34 12 12 90 78 56 34 12 06 40 06 01 03 44 00 68 42 00 83 05 12 90 78 56 34 12 00 93 bb 88 01 00 01 eb 04 05 06 01 09 26 01 06 19 16 00 10 01 03 19 16 00 10 01 06 19 16 00 10 01 05 19 16 00 10 01 07 19 16 00 10 01 08 19 16 00 10 01 04 00 00 d6 17 16 20 16"                            File: Line:0 Function: Type:Debug:
DateTime:2026-09-12 16:22:16.499:"进入报文解析"                            File: Line:0 Function: Type:Debug:
DateTime:2026-09-12 16:22:16.500:"68 CA 01 CA 01 68 80 00 00 00 00 00 22 60 00 00 01 00 02 63 00 68 63 00 83 04 00 00 00 00 04 12 90 78 56 34 12 12 90 78 56 34 12 06 40 06 01 03 44 00 68 42 00 83 05 12 90 78 56 34 12 00 93 BB 88 01 00 01 EB 04 05 06 01 09 26 01 06 19 16 00 10 01 03 19 16 00 10 01 06 19 16 00 10 01 05 19 16 00 10 01 07 19 16 00 10 01 08 19 16 00 10 01 04 00 00 D6 17 16 20 16 89 16"                            File: Line:0 Function: Type:Debug:
DateTime:2026-09-12 16:22:16.500:"解码完成，功能码: 4"                            File: Line:0 Function: Type:Debug:
DateTime:2026-09-12 16:22:16.500:"工装回复透传报文"                            File: Line:0 Function: Type:Debug:
DateTime:2026-09-12 16:22:16.500:"026300686300830400000000041290785634121290785634120640060103440068420083051290785634120093BB88010001EB04050601092601061916001001031916001001061916001001051916001001071916001001081916001001040000D617162016"                            File: Line:0 Function: Type:Debug:
DateTime:2026-09-12 16:22:16.500:"内容:68 63 00 83 04 00 00 00 00 04 12 90 78 56 34 12 12 90 78 56 34 12 06 40 06 01 03 44 00 68 42 00 83 05 12 90 78 56 34 12 00 93 bb 88 01 00 01 eb 04 05 06 01 09 26 01 06 19 16 00 10 01 03 19 16 00 10 01 06 19 16 00 10 01 05 19 16 00 10 01 07 19 16 00 10 01 08 19 16 00 10 01 04 00 00 d6 17 16 20 16"                            File: Line:0 Function: Type:Debug:
DateTime:2026-09-12 16:22:16.500:"进入报文解析"                            File: Line:0 Function: Type:Debug:
DateTime:2026-09-12 16:22:16.500:"68 7A 00 7A 00 68 80 00 00 00 00 00 22 60 00 00 01 00 02 0F 00 68 0F 00 C3 00 00 00 00 00 05 14 02 00 DE 16 5D 16"                            File: Line:0 Function: Type:Debug:
DateTime:2026-09-12 16:22:16.500:"解码完成，功能码: 4"                            File: Line:0 Function: Type:Debug:
DateTime:2026-09-12 16:22:16.500:"工装回复透传报文"                            File: Line:0 Function: Type:Debug:
DateTime:2026-09-12 16:22:16.500:"020F00680F00C3000000000005140200DE16"                            File: Line:0 Function: Type:Debug:
DateTime:2026-09-12 16:22:16.500:"内容:68 0f 00 c3 00 00 00 00 00 05 14 02 00 de 16"                            File: Line:0 Function: Type:Debug:
DateTime:2026-09-12 16:22:17.507:"等待工装回复超时"                            File: Line:0 Function: Type:Debug:
DateTime:2026-09-12 16:22:17.507:"查找结果: iret=0, wStart=0, dwOutLen=23, dwStreamLen=373, dwFindPos=0"                            File: Line:0 Function: Type:Debug:
DateTime:2026-09-12 16:22:17.507:"Receive:<= 68 17 00 C3 00 00 00 00 00 01 14 08 01 55 01 00 01 00 01 01 00 3A 16"                            File: Line:0 Function: Type:Debug:
DateTime:2026-09-12 16:22:17.507:"解析：功能码-AFN=14H,Fn=12："                            File: Line:0 Function: Type:Debug:
DateTime:2026-09-12 16:22:17.507:"Send(14F12回复时钟请求)：=> 68 20 00 43 00 00 00 00 00 01 14 08 01 30 70 00 00 0A 2C 00 00 0A 2C 00 00 39 30 36 32 31 6F 16"                            File: Line:0 Function: Type:Debug:
DateTime:2026-09-12 16:22:17.507:"槽位2透传:68C200C2006840000000000022600000010002013C0068200043000000000001140801307000000A2C00000A2C000039303632316F167E16"                            File: Line:0 Function: Type:Debug:
DateTime:2026-09-12 16:22:17.507:"工装发送：68 C2 00 C2 00 68 40 00 00 00 00 00 22 60 00 00 01 00 02 01 3C 00 68 20 00 43 00 00 00 00 00 01 14 08 01 30 70 00 00 0A 2C 00 00 0A 2C 00 00 39 30 36 32 31 6F 16 7E 16"                            File: Line:0 Function: Type:Debug:
DateTime:2026-09-12 16:22:17.507:"查找结果: iret=0, wStart=0, dwOutLen=23, dwStreamLen=350, dwFindPos=23"                            File: Line:0 Function: Type:Debug:
DateTime:2026-09-12 16:22:17.507:"Receive:<= 68 17 00 C3 00 00 00 00 00 02 14 08 01 55 01 02 01 00 01 01 00 3D 16"                            File: Line:0 Function: Type:Debug:
DateTime:2026-09-12 16:22:17.507:"解析：功能码-AFN=14H,Fn=12："                            File: Line:0 Function: Type:Debug:
DateTime:2026-09-12 16:22:17.508:"Send(14F12回复时钟请求)：=> 68 20 00 43 00 00 00 00 00 02 14 08 01 30 01 00 00 00 00 0C 68 EB 00 00 00 39 30 36 32 31 F4 16"                            File: Line:0 Function: Type:Debug:
DateTime:2026-09-12 16:22:17.508:"槽位2透传:68C200C2006840000000000022600000010002013C00682000430000000000021408013001000000000C68EB0000003930363231F4168816"                            File: Line:0 Function: Type:Debug:
DateTime:2026-09-12 16:22:17.508:"工装发送：68 C2 00 C2 00 68 40 00 00 00 00 00 22 60 00 00 01 00 02 01 3C 00 68 20 00 43 00 00 00 00 00 02 14 08 01 30 01 00 00 00 00 0C 68 EB 00 00 00 39 30 36 32 31 F4 16 88 16"                            File: Line:0 Function: Type:Debug:
DateTime:2026-09-12 16:22:17.508:"查找结果: iret=0, wStart=0, dwOutLen=15, dwStreamLen=327, dwFindPos=46"                            File: Line:0 Function: Type:Debug:
DateTime:2026-09-12 16:22:17.508:"Receive:<= 68 0F 00 C3 00 00 00 00 00 03 14 02 00 DC 16"                            File: Line:0 Function: Type:Debug:
DateTime:2026-09-12 16:22:17.508:"解析：功能码-AFN=14H,Fn=2："                            File: Line:0 Function: Type:Debug:
DateTime:2026-09-12 16:22:17.508:"Send(回复路由请求集中器时钟)：=> 68 15 00 03 00 00 00 00 00 03 14 02 00 17 22 16 12 09 26 AC 16"                            File: Line:0 Function: Type:Debug:
DateTime:2026-09-12 16:22:17.508:"槽位2透传:68960096006840000000000022600000010002013C0068150003000000000003140200172216120926AC16ED16"                            File: Line:0 Function: Type:Debug:
DateTime:2026-09-12 16:22:17.508:"工装发送：68 96 00 96 00 68 40 00 00 00 00 00 22 60 00 00 01 00 02 01 3C 00 68 15 00 03 00 00 00 00 00 03 14 02 00 17 22 16 12 09 26 AC 16 ED 16"                            File: Line:0 Function: Type:Debug:
DateTime:2026-09-12 16:22:17.508:"查找结果: iret=0, wStart=0, dwOutLen=99, dwStreamLen=312, dwFindPos=61"                            File: Line:0 Function: Type:Debug:
DateTime:2026-09-12 16:22:17.508:"Receive:<= 68 63 00 83 04 00 00 00 00 04 12 90 78 56 34 12 12 90 78 56 34 12 06 40 06 01 03 44 00 68 42 00 83 05 12 90 78 56 34 12 00 93 BB 88 01 00 01 EB 04 05 06 01 09 26 01 06 19 16 00 10 01 03 19 16 00 10 01 06 19 16 00 10 01 05 19 16 00 10 01 07 19 16 00 10 01 08 19 16 00 10 01 04 00 00 D6 17 16 20 16"                            File: Line:0 Function: Type:Debug:
DateTime:2026-09-12 16:22:17.508:"解析：功能码-AFN=06H,Fn=55："                            File: Line:0 Function: Type:Debug:
DateTime:2026-09-12 16:22:17.509:"AFN或者Fn与预判不一致"                            File: Line:0 Function: Type:Debug:
DateTime:2026-09-12 16:22:17.509:"Send(确认)：=> 68 0F 00 43 00 00 00 00 00 04 50 01 00 98 16"                            File: Line:0 Function: Type:Debug:
DateTime:2026-09-12 16:22:17.509:"槽位2透传:687E007E006840000000000022600000010002013C00680F00430000000000045001009816BF16"                            File: Line:0 Function: Type:Debug:
DateTime:2026-09-12 16:22:17.509:"工装发送：68 7E 00 7E 00 68 40 00 00 00 00 00 22 60 00 00 01 00 02 01 3C 00 68 0F 00 43 00 00 00 00 00 04 50 01 00 98 16 BF 16"                            File: Line:0 Function: Type:Debug:
DateTime:2026-09-12 16:22:17.509:"查找结果: iret=0, wStart=0, dwOutLen=99, dwStreamLen=213, dwFindPos=160"                            File: Line:0 Function: Type:Debug:
DateTime:2026-09-12 16:22:17.509:"Receive:<= 68 63 00 83 04 00 00 00 00 04 12 90 78 56 34 12 12 90 78 56 34 12 06 40 06 01 03 44 00 68 42 00 83 05 12 90 78 56 34 12 00 93 BB 88 01 00 01 EB 04 05 06 01 09 26 01 06 19 16 00 10 01 03 19 16 00 10 01 06 19 16 00 10 01 05 19 16 00 10 01 07 19 16 00 10 01 08 19 16 00 10 01 04 00 00 D6 17 16 20 16"                            File: Line:0 Function: Type:Debug:
DateTime:2026-09-12 16:22:17.509:"解析：功能码-AFN=06H,Fn=55："                            File: Line:0 Function: Type:Debug:
DateTime:2026-09-12 16:22:17.509:"AFN或者Fn与预判不一致"                            File: Line:0 Function: Type:Debug:
DateTime:2026-09-12 16:22:17.509:"Send(确认)：=> 68 0F 00 43 00 00 00 00 00 04 50 01 00 98 16"                            File: Line:0 Function: Type:Debug:
DateTime:2026-09-12 16:22:17.509:"槽位2透传:687E007E006840000000000022600000010002013C00680F00430000000000045001009816BF16"                            File: Line:0 Function: Type:Debug:
DateTime:2026-09-12 16:22:17.509:"工装发送：68 7E 00 7E 00 68 40 00 00 00 00 00 22 60 00 00 01 00 02 01 3C 00 68 0F 00 43 00 00 00 00 00 04 50 01 00 98 16 BF 16"                            File: Line:0 Function: Type:Debug:
DateTime:2026-09-12 16:22:17.509:"查找结果: iret=0, wStart=0, dwOutLen=99, dwStreamLen=114, dwFindPos=259"                            File: Line:0 Function: Type:Debug:
DateTime:2026-09-12 16:22:17.509:"Receive:<= 68 63 00 83 04 00 00 00 00 04 12 90 78 56 34 12 12 90 78 56 34 12 06 40 06 01 03 44 00 68 42 00 83 05 12 90 78 56 34 12 00 93 BB 88 01 00 01 EB 04 05 06 01 09 26 01 06 19 16 00 10 01 03 19 16 00 10 01 06 19 16 00 10 01 05 19 16 00 10 01 07 19 16 00 10 01 08 19 16 00 10 01 04 00 00 D6 17 16 20 16"                            File: Line:0 Function: Type:Debug:
DateTime:2026-09-12 16:22:17.509:"解析：功能码-AFN=06H,Fn=55："                            File: Line:0 Function: Type:Debug:
DateTime:2026-09-12 16:22:17.510:"AFN或者Fn与预判不一致"                            File: Line:0 Function: Type:Debug:
DateTime:2026-09-12 16:22:17.510:"Send(确认)：=> 68 0F 00 43 00 00 00 00 00 04 50 01 00 98 16"                            File: Line:0 Function: Type:Debug:
DateTime:2026-09-12 16:22:17.510:"槽位2透传:687E007E006840000000000022600000010002013C00680F00430000000000045001009816BF16"                            File: Line:0 Function: Type:Debug:
DateTime:2026-09-12 16:22:17.510:"工装发送：68 7E 00 7E 00 68 40 00 00 00 00 00 22 60 00 00 01 00 02 01 3C 00 68 0F 00 43 00 00 00 00 00 04 50 01 00 98 16 BF 16"                            File: Line:0 Function: Type:Debug:
DateTime:2026-09-12 16:22:17.510:"查找结果: iret=0, wStart=0, dwOutLen=15, dwStreamLen=15, dwFindPos=358"                            File: Line:0 Function: Type:Debug:
DateTime:2026-09-12 16:22:17.510:"Receive:<= 68 0F 00 C3 00 00 00 00 00 05 14 02 00 DE 16"                            File: Line:0 Function: Type:Debug:
DateTime:2026-09-12 16:22:17.510:"解析：功能码-AFN=14H,Fn=2："                            File: Line:0 Function: Type:Debug:
DateTime:2026-09-12 16:22:17.510:"Send(回复路由请求集中器时钟)：=> 68 15 00 03 00 00 00 00 00 05 14 02 00 17 22 16 12 09 26 AE 16"                            File: Line:0 Function: Type:Debug:
DateTime:2026-09-12 16:22:17.510:"槽位2透传:68960096006840000000000022600000010002013C0068150003000000000005140200172216120926AE16F116"                            File: Line:0 Function: Type:Debug:
DateTime:2026-09-12 16:22:17.510:"工装发送：68 96 00 96 00 68 40 00 00 00 00 00 22 60 00 00 01 00 02 01 3C 00 68 15 00 03 00 00 00 00 00 05 14 02 00 17 22 16 12 09 26 AE 16 F1 16"                            File: Line:0 Function: Type:Debug:
DateTime:2026-09-12 16:22:17.545:"工装接收：68 32 00 32 00 68 80 00 00 00 00 00 00 60 00 00 01 00 E1 16"                            File: Line:0 Function: Type:Debug:
DateTime:2026-09-12 16:22:17.545:"m_baRecvMsg:"                            File: Line:0 Function: Type:Debug:
DateTime:2026-09-12 16:22:17.545:"rameList.size():"                            File: Line:0 Function: Type:Debug:
DateTime:2026-09-12 16:22:17.545:"进入报文解析"                            File: Line:0 Function: Type:Debug:
DateTime:2026-09-12 16:22:17.545:"68 32 00 32 00 68 80 00 00 00 00 00 00 60 00 00 01 00 E1 16"                            File: Line:0 Function: Type:Debug:
DateTime:2026-09-12 16:22:17.545:"解码完成，功能码: 1"                            File: Line:0 Function: Type:Debug:
DateTime:2026-09-12 16:22:17.545:"工装回复确认帧"                            File: Line:0 Function: Type:Debug:
DateTime:2026-09-12 16:22:17.582:"工装接收：68 32 00 32 00 68 80 00 00 00 00 00 00 60 00 00 01 00 E1 16"                            File: Line:0 Function: Type:Debug:
DateTime:2026-09-12 16:22:17.582:"m_baRecvMsg:"                            File: Line:0 Function: Type:Debug:
DateTime:2026-09-12 16:22:17.582:"rameList.size():"                            File: Line:0 Function: Type:Debug:
DateTime:2026-09-12 16:22:17.582:"进入报文解析"                            File: Line:0 Function: Type:Debug:
DateTime:2026-09-12 16:22:17.582:"68 32 00 32 00 68 80 00 00 00 00 00 00 60 00 00 01 00 E1 16"                            File: Line:0 Function: Type:Debug:
DateTime:2026-09-12 16:22:17.582:"解码完成，功能码: 1"                            File: Line:0 Function: Type:Debug:
DateTime:2026-09-12 16:22:17.582:"工装回复确认帧"                            File: Line:0 Function: Type:Debug:
DateTime:2026-09-12 16:22:23.625:"等待工装回复超时"                            File: Line:0 Function: Type:Debug:
DateTime:2026-09-12 16:22:26.647:"等待工装回复超时"                            File: Line:0 Function: Type:Debug:
DateTime:2026-09-12 16:22:29.669:"等待工装回复超时"                            File: Line:0 Function: Type:Debug:
DateTime:2026-09-12 16:22:32.615:"工装接收：68 CA 01 CA 01 68 80 00 00 00 00 00 22 60 00 00 01 00 02 63 00 68 63 00 C3 04 00 00 00 00 06 00 00 00 00 00 00 12 90 78 56 34 12 06 40 06 01 03 44 00 68 42 00 83 05 99 99 99 99 99 99 00 31 5F 88 01 00 01 EB 03 00 02 01 09 26 01 06 19 16 00 10 01 03 19 16 00 10 01 08 19 16 00 10 01 07 19 16 00 10 01 05 19 16 00 10 01 04 19 16 00 10 01 06 00 00 E6 30 16 ED 16 23 16"                            File: Line:0 Function: Type:Debug:
DateTime:2026-09-12 16:22:32.616:"m_baRecvMsg:"                            File: Line:0 Function: Type:Debug:
DateTime:2026-09-12 16:22:32.616:"rameList.size():"                            File: Line:0 Function: Type:Debug:
DateTime:2026-09-12 16:22:32.616:"进入报文解析"                            File: Line:0 Function: Type:Debug:
DateTime:2026-09-12 16:22:32.616:"68 CA 01 CA 01 68 80 00 00 00 00 00 22 60 00 00 01 00 02 63 00 68 63 00 C3 04 00 00 00 00 06 00 00 00 00 00 00 12 90 78 56 34 12 06 40 06 01 03 44 00 68 42 00 83 05 99 99 99 99 99 99 00 31 5F 88 01 00 01 EB 03 00 02 01 09 26 01 06 19 16 00 10 01 03 19 16 00 10 01 08 19 16 00 10 01 07 19 16 00 10 01 05 19 16 00 10 01 04 19 16 00 10 01 06 00 00 E6 30 16 ED 16 23 16"                            File: Line:0 Function: Type:Debug:
DateTime:2026-09-12 16:22:32.616:"解码完成，功能码: 4"                            File: Line:0 Function: Type:Debug:
DateTime:2026-09-12 16:22:32.616:"工装回复透传报文"                            File: Line:0 Function: Type:Debug:
DateTime:2026-09-12 16:22:32.616:"026300686300C304000000000600000000000012907856341206400601034400684200830599999999999900315F88010001EB03000201092601061916001001031916001001081916001001071916001001051916001001041916001001060000E63016ED16"                            File: Line:0 Function: Type:Debug:
DateTime:2026-09-12 16:22:32.616:"内容:68 63 00 c3 04 00 00 00 00 06 00 00 00 00 00 00 12 90 78 56 34 12 06 40 06 01 03 44 00 68 42 00 83 05 99 99 99 99 99 99 00 31 5f 88 01 00 01 eb 03 00 02 01 09 26 01 06 19 16 00 10 01 03 19 16 00 10 01 08 19 16 00 10 01 07 19 16 00 10 01 05 19 16 00 10 01 04 19 16 00 10 01 06 00 00 e6 30 16 ed 16"                            File: Line:0 Function: Type:Debug:
DateTime:2026-09-12 16:22:32.717:"等待工装回复超时"                            File: Line:0 Function: Type:Debug:
DateTime:2026-09-12 16:22:32.717:"查找结果: iret=0, wStart=0, dwOutLen=99, dwStreamLen=99, dwFindPos=0"                            File: Line:0 Function: Type:Debug:
DateTime:2026-09-12 16:22:32.717:"Receive:<= 68 63 00 C3 04 00 00 00 00 06 00 00 00 00 00 00 12 90 78 56 34 12 06 40 06 01 03 44 00 68 42 00 83 05 99 99 99 99 99 99 00 31 5F 88 01 00 01 EB 03 00 02 01 09 26 01 06 19 16 00 10 01 03 19 16 00 10 01 08 19 16 00 10 01 07 19 16 00 10 01 05 19 16 00 10 01 04 19 16 00 10 01 06 00 00 E6 30 16 ED 16"                            File: Line:0 Function: Type:Debug:
DateTime:2026-09-12 16:22:32.717:"解析：功能码-AFN=06H,Fn=55："                            File: Line:0 Function: Type:Debug:
DateTime:2026-09-12 16:22:32.717:"AFN或者Fn与预判不一致"                            File: Line:0 Function: Type:Debug:
DateTime:2026-09-12 16:22:32.717:"Send(确认)：=> 68 0F 00 43 00 00 00 00 00 06 50 01 00 9A 16"                            File: Line:0 Function: Type:Debug:
DateTime:2026-09-12 16:22:32.717:"槽位2透传:687E007E006840000000000022600000010002013C00680F00430000000000065001009A16C316"                            File: Line:0 Function: Type:Debug:
DateTime:2026-09-12 16:22:32.717:"工装发送：68 7E 00 7E 00 68 40 00 00 00 00 00 22 60 00 00 01 00 02 01 3C 00 68 0F 00 43 00 00 00 00 00 06 50 01 00 9A 16 C3 16"                            File: Line:0 Function: Type:Debug:
DateTime:2026-09-12 16:22:32.735:"工装接收：68 32 00 32 00 68 80 00 00 00 00 00 00 60 00 00 01 00 E1 16"                            File: Line:0 Function: Type:Debug:
DateTime:2026-09-12 16:22:32.735:"m_baRecvMsg:"                            File: Line:0 Function: Type:Debug:
DateTime:2026-09-12 16:22:32.735:"rameList.size():"                            File: Line:0 Function: Type:Debug:
DateTime:2026-09-12 16:22:32.735:"进入报文解析"                            File: Line:0 Function: Type:Debug:
DateTime:2026-09-12 16:22:32.735:"68 32 00 32 00 68 80 00 00 00 00 00 00 60 00 00 01 00 E1 16"                            File: Line:0 Function: Type:Debug:
DateTime:2026-09-12 16:22:32.735:"解码完成，功能码: 1"                            File: Line:0 Function: Type:Debug:
DateTime:2026-09-12 16:22:32.735:"工装回复确认帧"                            File: Line:0 Function: Type:Debug:
DateTime:2026-09-12 16:22:38.779:"等待工装回复超时"                            File: Line:0 Function: Type:Debug:
DateTime:2026-09-12 16:22:41.801:"等待工装回复超时"                            File: Line:0 Function: Type:Debug:
DateTime:2026-09-12 16:22:44.823:"等待工装回复超时"                            File: Line:0 Function: Type:Debug:
DateTime:2026-09-12 16:22:47.845:"等待工装回复超时"                            File: Line:0 Function: Type:Debug:
DateTime:2026-09-12 16:22:50.867:"等待工装回复超时"                            File: Line:0 Function: Type:Debug:
DateTime:2026-09-12 16:22:53.889:"等待工装回复超时"                            File: Line:0 Function: Type:Debug:
DateTime:2026-09-12 16:22:56.910:"等待工装回复超时"                            File: Line:0 Function: Type:Debug:
DateTime:2026-09-12 16:22:56.910:"延时时间到"                            File: Line:0 Function: Type:Debug:
DateTime:2026-09-12 16:22:57.011:dll输出信息: ""                            File: Line:0 Function: Type:Debug:
DateTime:2026-09-12 16:22:57.011:接口函数调用成功，返回的结果为 0                            File: Line:0 Function: Type:Debug:
DateTime:2026-09-12 16:22:57.011:"外部传入的para：0，返回的result：0,返回的pValRet：0"                            File: Line:0 Function: Type:Debug:
DateTime:2026-09-12 16:22:57.011:"执行接口函数Func_Delay完成"                            File: Line:0 Function: Type:Debug:
DateTime:2026-09-12 16:22:57.012:coorIndex 0                            File: Line:0 Function: Type:Debug:
DateTime:2026-09-12 16:22:57.012:当前流程结束                            File: Line:0 Function: Type:Debug:
DateTime:2026-09-12 16:22:57.012:退出connect函数                            File: Line:0 Function: Type:Debug:
DateTime:2026-09-12 16:22:57.012:"=========【执行延时】结束=========="                            File: Line:0 Function: Type:Debug:
DateTime:2026-09-12 16:22:57.012:"-----------------------------"                            File: Line:0 Function: Type:Debug:
DateTime:2026-09-12 16:22:57.012:"=============执行【设置福建拓展模式-EB040001事件发生上报】==================="                            File: Line:0 Function: Type:Debug:
DateTime:2026-09-12 16:22:57.013:"执行接口函数CCO_AFN52_F1_EB040001_set"                            File: Line:0 Function: Type:Debug:
DateTime:2026-09-12 16:22:57.013:callWorkFunction: CCO_AFN52_F1_EB040001_set                            File: Line:0 Function: Type:Debug:
DateTime:2026-09-12 16:22:57.013:找到对应函数，进入执行                            File: Line:0 Function: Type:Debug:
DateTime:2026-09-12 16:22:57.517:"等待工装回复超时"                            File: Line:0 Function: Type:Debug:
DateTime:2026-09-12 16:22:57.517:"开始组帧"                            File: Line:0 Function: Type:Debug:
DateTime:2026-09-12 16:22:57.517:"组帧结束"                            File: Line:0 Function: Type:Debug:
DateTime:2026-09-12 16:22:57.517:"367.2Send:数据转发(设置-从节点模块事件引脚变位主动上报方式EB040001)：=>68 34 00 43 00 00 00 00 00 27 52 01 00 03 03 01 10 00 16 19 6B 8A E8 19 00 68 03 01 10 00 16 19 68 14 0D 34 33 37 1E 3B 33 33 33 44 44 44 44 B4 88 16 1F 16"                            File: Line:0 Function: Type:Debug:
DateTime:2026-09-12 16:22:57.517:"槽位2透传:68120112016840000000000022600000010002013C0068340043000000000027520100030301100016196B8AE819006803011000161968140D3433371E3B33333344444444B488161F16F216"                            File: Line:0 Function: Type:Debug:
DateTime:2026-09-12 16:22:57.517:"工装发送：68 12 01 12 01 68 40 00 00 00 00 00 22 60 00 00 01 00 02 01 3C 00 68 34 00 43 00 00 00 00 00 27 52 01 00 03 03 01 10 00 16 19 6B 8A E8 19 00 68 03 01 10 00 16 19 68 14 0D 34 33 37 1E 3B 33 33 33 44 44 44 44 B4 88 16 1F 16 F2 16"                            File: Line:0 Function: Type:Debug:
DateTime:2026-09-12 16:22:57.578:"工装接收：68 32 00 32 00 68 80 00 00 00 00 00 00 60 00 00 01 00 E1 16"                            File: Line:0 Function: Type:Debug:
DateTime:2026-09-12 16:22:57.578:"m_baRecvMsg:"                            File: Line:0 Function: Type:Debug:
DateTime:2026-09-12 16:22:57.578:"frameList.size():1"                            File: Line:0 Function: Type:Debug:
DateTime:2026-09-12 16:22:57.578:"进入报文解析"                            File: Line:0 Function: Type:Debug:
DateTime:2026-09-12 16:22:57.578:"68 32 00 32 00 68 80 00 00 00 00 00 00 60 00 00 01 00 E1 16"                            File: Line:0 Function: Type:Debug:
DateTime:2026-09-12 16:22:57.578:"解码完成，功能码: 1"                            File: Line:0 Function: Type:Debug:
DateTime:2026-09-12 16:22:57.578:"工装回复确认帧"                            File: Line:0 Function: Type:Debug:
DateTime:2026-09-12 16:22:58.453:"工装接收：68 CE 00 CE 00 68 80 00 00 00 00 00 22 60 00 00 01 00 02 24 00 68 24 00 80 00 00 00 00 00 27 52 01 00 03 03 01 10 00 16 19 0C 00 68 03 01 10 00 16 19 68 94 00 A7 16 B0 16 2B 16"                            File: Line:0 Function: Type:Debug:
DateTime:2026-09-12 16:22:58.453:"m_baRecvMsg:"                            File: Line:0 Function: Type:Debug:
DateTime:2026-09-12 16:22:58.453:"frameList.size():1"                            File: Line:0 Function: Type:Debug:
DateTime:2026-09-12 16:22:58.453:"进入报文解析"                            File: Line:0 Function: Type:Debug:
DateTime:2026-09-12 16:22:58.453:"68 CE 00 CE 00 68 80 00 00 00 00 00 22 60 00 00 01 00 02 24 00 68 24 00 80 00 00 00 00 00 27 52 01 00 03 03 01 10 00 16 19 0C 00 68 03 01 10 00 16 19 68 94 00 A7 16 B0 16 2B 16"                            File: Line:0 Function: Type:Debug:
DateTime:2026-09-12 16:22:58.453:"解码完成，功能码: 4"                            File: Line:0 Function: Type:Debug:
DateTime:2026-09-12 16:22:58.453:"工装接收到透传报文"                            File: Line:0 Function: Type:Debug:
DateTime:2026-09-12 16:22:58.453:"02240068240080000000000027520100030301100016190C0068030110001619689400A716B016"                            File: Line:0 Function: Type:Debug:
DateTime:2026-09-12 16:22:58.453:"透传报文内容:68 24 00 80 00 00 00 00 00 27 52 01 00 03 03 01 10 00 16 19 0c 00 68 03 01 10 00 16 19 68 94 00 a7 16 b0 16"                            File: Line:0 Function: Type:Debug:
DateTime:2026-09-12 16:23:00.569:"uTimeSecond_ms:30000"                            File: Line:0 Function: Type:Debug:
DateTime:2026-09-12 16:23:00.569:"查找结果: iret=0, wStart=0, dwOutLen=36, dwStreamLen=36, dwFindPos=0"                            File: Line:0 Function: Type:Debug:
DateTime:2026-09-12 16:23:00.569:"Receive:<= 68 24 00 80 00 00 00 00 00 27 52 01 00 03 03 01 10 00 16 19 0C 00 68 03 01 10 00 16 19 68 94 00 A7 16 B0 16"                            File: Line:0 Function: Type:Debug:
DateTime:2026-09-12 16:23:00.569:"解析：功能码-AFN=52H,Fn=1："                            File: Line:0 Function: Type:Debug:
DateTime:2026-09-12 16:23:00.569:"透传回复内容：030301100016190C0068030110001619689400A716"                            File: Line:0 Function: Type:Debug:
DateTime:2026-09-12 16:23:00.569:"设置成功"                            File: Line:0 Function: Type:Debug:
DateTime:2026-09-12 16:23:00.569:dll输出信息: ""                            File: Line:0 Function: Type:Debug:
DateTime:2026-09-12 16:23:00.569:接口函数调用成功，返回的结果为 0                            File: Line:0 Function: Type:Debug:
DateTime:2026-09-12 16:23:00.569:"外部传入的para：0，返回的result：0,返回的pValRet：0"                            File: Line:0 Function: Type:Debug:
DateTime:2026-09-12 16:23:00.569:"执行接口函数CCO_AFN52_F1_EB040001_set完成"                            File: Line:0 Function: Type:Debug:
DateTime:2026-09-12 16:23:00.570:coorIndex 0                            File: Line:0 Function: Type:Debug:
DateTime:2026-09-12 16:23:00.570:当前流程结束                            File: Line:0 Function: Type:Debug:
DateTime:2026-09-12 16:23:00.570:退出connect函数                            File: Line:0 Function: Type:Debug:
DateTime:2026-09-12 16:23:00.570:"=========【设置福建拓展模式-EB040001事件发生上报】结束=========="                            File: Line:0 Function: Type:Debug:
DateTime:2026-09-12 16:23:00.570:"-----------------------------"                            File: Line:0 Function: Type:Debug:
DateTime:2026-09-12 16:23:00.572:"=============执行【Step22-EB040501设置读取1字节主动上报】==================="                            File: Line:0 Function: Type:Debug:
DateTime:2026-09-12 16:23:00.572:"执行接口函数CCO_AFN52_F1_EB040501_set"                            File: Line:0 Function: Type:Debug:
DateTime:2026-09-12 16:23:00.572:callWorkFunction: CCO_AFN52_F1_EB040501_set                            File: Line:0 Function: Type:Debug:
DateTime:2026-09-12 16:23:00.572:找到对应函数，进入执行                            File: Line:0 Function: Type:Debug:
DateTime:2026-09-12 16:23:01.075:"等待工装回复超时"                            File: Line:0 Function: Type:Debug:
DateTime:2026-09-12 16:23:01.075:"开始组帧"                            File: Line:0 Function: Type:Debug:
DateTime:2026-09-12 16:23:01.075:"组帧结束"                            File: Line:0 Function: Type:Debug:
DateTime:2026-09-12 16:23:01.075:"367.2Send:数据转发(设置-存量CCO加工处理的事件主动上报方式EB040503)：=>68 34 00 43 00 00 00 00 00 28 52 01 00 02 12 90 78 56 34 12 6B 8A E8 19 00 68 12 90 78 56 34 12 68 14 0D 34 38 37 1E 3B 33 33 33 44 44 44 44 34 80 16 82 16"                            File: Line:0 Function: Type:Debug:
DateTime:2026-09-12 16:23:01.075:"槽位2透传:68120112016840000000000022600000010002013C0068340043000000000028520100021290785634126B8AE819006812907856341268140D3438371E3B333333444444443480168216B816"                            File: Line:0 Function: Type:Debug:
DateTime:2026-09-12 16:23:01.075:"工装发送：68 12 01 12 01 68 40 00 00 00 00 00 22 60 00 00 01 00 02 01 3C 00 68 34 00 43 00 00 00 00 00 28 52 01 00 02 12 90 78 56 34 12 6B 8A E8 19 00 68 12 90 78 56 34 12 68 14 0D 34 38 37 1E 3B 33 33 33 44 44 44 44 34 80 16 82 16 B8 16"                            File: Line:0 Function: Type:Debug:
DateTime:2026-09-12 16:23:01.136:"工装接收：68 32 00 32 00 68 80 00 00 00 00 00 00 60 00 00 01 00 E1 16"                            File: Line:0 Function: Type:Debug:
DateTime:2026-09-12 16:23:01.136:"m_baRecvMsg:"                            File: Line:0 Function: Type:Debug:
DateTime:2026-09-12 16:23:01.136:"frameList.size():1"                            File: Line:0 Function: Type:Debug:
DateTime:2026-09-12 16:23:01.136:"进入报文解析"                            File: Line:0 Function: Type:Debug:
DateTime:2026-09-12 16:23:01.136:"68 32 00 32 00 68 80 00 00 00 00 00 00 60 00 00 01 00 E1 16"                            File: Line:0 Function: Type:Debug:
DateTime:2026-09-12 16:23:01.136:"解码完成，功能码: 1"                            File: Line:0 Function: Type:Debug:
DateTime:2026-09-12 16:23:01.136:"工装回复确认帧"                            File: Line:0 Function: Type:Debug:
DateTime:2026-09-12 16:23:01.249:"工装接收：68 CE 00 CE 00 68 80 00 00 00 00 00 22 60 00 00 01 00 02 24 00 68 24 00 80 00 00 00 00 00 28 52 01 00 02 12 90 78 56 34 12 0C 00 68 12 90 78 56 34 12 68 94 00 1A 16 09 16 DD 16"                            File: Line:0 Function: Type:Debug:
DateTime:2026-09-12 16:23:01.249:"m_baRecvMsg:"                            File: Line:0 Function: Type:Debug:
DateTime:2026-09-12 16:23:01.249:"frameList.size():1"                            File: Line:0 Function: Type:Debug:
DateTime:2026-09-12 16:23:01.249:"进入报文解析"                            File: Line:0 Function: Type:Debug:
DateTime:2026-09-12 16:23:01.249:"68 CE 00 CE 00 68 80 00 00 00 00 00 22 60 00 00 01 00 02 24 00 68 24 00 80 00 00 00 00 00 28 52 01 00 02 12 90 78 56 34 12 0C 00 68 12 90 78 56 34 12 68 94 00 1A 16 09 16 DD 16"                            File: Line:0 Function: Type:Debug:
DateTime:2026-09-12 16:23:01.249:"解码完成，功能码: 4"                            File: Line:0 Function: Type:Debug:
DateTime:2026-09-12 16:23:01.249:"工装接收到透传报文"                            File: Line:0 Function: Type:Debug:
DateTime:2026-09-12 16:23:01.250:"02240068240080000000000028520100021290785634120C00681290785634126894001A160916"                            File: Line:0 Function: Type:Debug:
DateTime:2026-09-12 16:23:01.250:"透传报文内容:68 24 00 80 00 00 00 00 00 28 52 01 00 02 12 90 78 56 34 12 0c 00 68 12 90 78 56 34 12 68 94 00 1a 16 09 16"                            File: Line:0 Function: Type:Debug:
DateTime:2026-09-12 16:23:04.171:"uTimeSecond_ms:30000"                            File: Line:0 Function: Type:Debug:
DateTime:2026-09-12 16:23:04.171:"查找结果: iret=0, wStart=0, dwOutLen=36, dwStreamLen=36, dwFindPos=0"                            File: Line:0 Function: Type:Debug:
DateTime:2026-09-12 16:23:04.171:"Receive:<= 68 24 00 80 00 00 00 00 00 28 52 01 00 02 12 90 78 56 34 12 0C 00 68 12 90 78 56 34 12 68 94 00 1A 16 09 16"                            File: Line:0 Function: Type:Debug:
DateTime:2026-09-12 16:23:04.171:"解析：功能码-AFN=52H,Fn=1："                            File: Line:0 Function: Type:Debug:
DateTime:2026-09-12 16:23:04.171:"透传回复内容：021290785634120C00681290785634126894001A16"                            File: Line:0 Function: Type:Debug:
DateTime:2026-09-12 16:23:04.171:"设置成功"                            File: Line:0 Function: Type:Debug:
DateTime:2026-09-12 16:23:04.171:dll输出信息: ""                            File: Line:0 Function: Type:Debug:
DateTime:2026-09-12 16:23:04.171:接口函数调用成功，返回的结果为 0                            File: Line:0 Function: Type:Debug:
DateTime:2026-09-12 16:23:04.171:"外部传入的para：0，返回的result：0,返回的pValRet：0"                            File: Line:0 Function: Type:Debug:
DateTime:2026-09-12 16:23:04.171:"执行接口函数CCO_AFN52_F1_EB040501_set完成"                            File: Line:0 Function: Type:Debug:
DateTime:2026-09-12 16:23:04.173:coorIndex 0                            File: Line:0 Function: Type:Debug:
DateTime:2026-09-12 16:23:04.173:当前流程结束                            File: Line:0 Function: Type:Debug:
DateTime:2026-09-12 16:23:04.173:退出connect函数                            File: Line:0 Function: Type:Debug:
DateTime:2026-09-12 16:23:04.173:"=========【Step22-EB040501设置读取1字节主动上报】结束=========="                            File: Line:0 Function: Type:Debug:
DateTime:2026-09-12 16:23:04.173:"-----------------------------"                            File: Line:0 Function: Type:Debug:
DateTime:2026-09-12 16:23:04.174:"=============执行【Step23-EB040503设置645格式】==================="                            File: Line:0 Function: Type:Debug:
DateTime:2026-09-12 16:23:04.174:"执行接口函数CCO_AFN52_F1_EB040503_set"                            File: Line:0 Function: Type:Debug:
DateTime:2026-09-12 16:23:04.174:callWorkFunction: CCO_AFN52_F1_EB040503_set                            File: Line:0 Function: Type:Debug:
DateTime:2026-09-12 16:23:04.174:找到对应函数，进入执行                            File: Line:0 Function: Type:Debug:
DateTime:2026-09-12 16:23:04.678:"等待工装回复超时"                            File: Line:0 Function: Type:Debug:
DateTime:2026-09-12 16:23:04.678:"开始组帧"                            File: Line:0 Function: Type:Debug:
DateTime:2026-09-12 16:23:04.678:"组帧结束"                            File: Line:0 Function: Type:Debug:
DateTime:2026-09-12 16:23:04.678:"367.2Send:数据转发(设置-存量CCO加工处理的事件主动上报方式EB040503)：=>68 34 00 43 00 00 00 00 00 29 52 01 00 02 12 90 78 56 34 12 6B 8A E8 19 00 68 12 90 78 56 34 12 68 14 0D 36 38 37 1E 3B 33 33 33 44 44 44 44 33 81 16 85 16"                            File: Line:0 Function: Type:Debug:
DateTime:2026-09-12 16:23:04.678:"槽位2透传:68120112016840000000000022600000010002013C0068340043000000000029520100021290785634126B8AE819006812907856341268140D3638371E3B333333444444443381168516BE16"                            File: Line:0 Function: Type:Debug:
DateTime:2026-09-12 16:23:04.678:"工装发送：68 12 01 12 01 68 40 00 00 00 00 00 22 60 00 00 01 00 02 01 3C 00 68 34 00 43 00 00 00 00 00 29 52 01 00 02 12 90 78 56 34 12 6B 8A E8 19 00 68 12 90 78 56 34 12 68 14 0D 36 38 37 1E 3B 33 33 33 44 44 44 44 33 81 16 85 16 BE 16"                            File: Line:0 Function: Type:Debug:
DateTime:2026-09-12 16:23:04.737:"工装接收：68 32 00 32 00 68 80 00 00 00 00 00 00 60 00 00 01 00 E1 16"                            File: Line:0 Function: Type:Debug:
DateTime:2026-09-12 16:23:04.737:"m_baRecvMsg:"                            File: Line:0 Function: Type:Debug:
DateTime:2026-09-12 16:23:04.737:"frameList.size():1"                            File: Line:0 Function: Type:Debug:
DateTime:2026-09-12 16:23:04.737:"进入报文解析"                            File: Line:0 Function: Type:Debug:
DateTime:2026-09-12 16:23:04.738:"68 32 00 32 00 68 80 00 00 00 00 00 00 60 00 00 01 00 E1 16"                            File: Line:0 Function: Type:Debug:
DateTime:2026-09-12 16:23:04.738:"解码完成，功能码: 1"                            File: Line:0 Function: Type:Debug:
DateTime:2026-09-12 16:23:04.738:"工装回复确认帧"                            File: Line:0 Function: Type:Debug:
DateTime:2026-09-12 16:23:04.849:"工装接收：68 CE 00 CE 00 68 80 00 00 00 00 00 22 60 00 00 01 00 02 24 00 68 24 00 80 00 00 00 00 00 29 52 01 00 02 12 90 78 56 34 12 0C 00 68 12 90 78 56 34 12 68 94 00 1A 16 0A 16 DF 16"                            File: Line:0 Function: Type:Debug:
DateTime:2026-09-12 16:23:04.849:"m_baRecvMsg:"                            File: Line:0 Function: Type:Debug:
DateTime:2026-09-12 16:23:04.849:"frameList.size():1"                            File: Line:0 Function: Type:Debug:
DateTime:2026-09-12 16:23:04.849:"进入报文解析"                            File: Line:0 Function: Type:Debug:
DateTime:2026-09-12 16:23:04.849:"68 CE 00 CE 00 68 80 00 00 00 00 00 22 60 00 00 01 00 02 24 00 68 24 00 80 00 00 00 00 00 29 52 01 00 02 12 90 78 56 34 12 0C 00 68 12 90 78 56 34 12 68 94 00 1A 16 0A 16 DF 16"                            File: Line:0 Function: Type:Debug:
DateTime:2026-09-12 16:23:04.849:"解码完成，功能码: 4"                            File: Line:0 Function: Type:Debug:
DateTime:2026-09-12 16:23:04.849:"工装接收到透传报文"                            File: Line:0 Function: Type:Debug:
DateTime:2026-09-12 16:23:04.849:"02240068240080000000000029520100021290785634120C00681290785634126894001A160A16"                            File: Line:0 Function: Type:Debug:
DateTime:2026-09-12 16:23:04.849:"透传报文内容:68 24 00 80 00 00 00 00 00 29 52 01 00 02 12 90 78 56 34 12 0c 00 68 12 90 78 56 34 12 68 94 00 1a 16 0a 16"                            File: Line:0 Function: Type:Debug:
DateTime:2026-09-12 16:23:07.770:"uTimeSecond_ms:30000"                            File: Line:0 Function: Type:Debug:
DateTime:2026-09-12 16:23:07.770:"查找结果: iret=0, wStart=0, dwOutLen=36, dwStreamLen=36, dwFindPos=0"                            File: Line:0 Function: Type:Debug:
DateTime:2026-09-12 16:23:07.770:"Receive:<= 68 24 00 80 00 00 00 00 00 29 52 01 00 02 12 90 78 56 34 12 0C 00 68 12 90 78 56 34 12 68 94 00 1A 16 0A 16"                            File: Line:0 Function: Type:Debug:
DateTime:2026-09-12 16:23:07.770:"解析：功能码-AFN=52H,Fn=1："                            File: Line:0 Function: Type:Debug:
DateTime:2026-09-12 16:23:07.770:"透传回复内容：021290785634120C00681290785634126894001A16"                            File: Line:0 Function: Type:Debug:
DateTime:2026-09-12 16:23:07.770:"设置成功"                            File: Line:0 Function: Type:Debug:
DateTime:2026-09-12 16:23:07.770:dll输出信息: ""                            File: Line:0 Function: Type:Debug:
DateTime:2026-09-12 16:23:07.770:接口函数调用成功，返回的结果为 0                            File: Line:0 Function: Type:Debug:
DateTime:2026-09-12 16:23:07.770:"外部传入的para：0，返回的result：0,返回的pValRet：0"                            File: Line:0 Function: Type:Debug:
DateTime:2026-09-12 16:23:07.770:"执行接口函数CCO_AFN52_F1_EB040503_set完成"                            File: Line:0 Function: Type:Debug:
DateTime:2026-09-12 16:23:07.772:coorIndex 0                            File: Line:0 Function: Type:Debug:
DateTime:2026-09-12 16:23:07.772:当前流程结束                            File: Line:0 Function: Type:Debug:
DateTime:2026-09-12 16:23:07.772:退出connect函数                            File: Line:0 Function: Type:Debug:
DateTime:2026-09-12 16:23:07.772:"=========【Step23-EB040503设置645格式】结束=========="                            File: Line:0 Function: Type:Debug:
DateTime:2026-09-12 16:23:07.772:"-----------------------------"                            File: Line:0 Function: Type:Debug:
DateTime:2026-09-12 16:23:07.773:"=============执行【Step24-触发电表一般事件，事件引脚拉高】==================="                            File: Line:0 Function: Type:Debug:
DateTime:2026-09-12 16:23:07.773:"执行接口函数SimuCorn_set_event"                            File: Line:0 Function: Type:Debug:
DateTime:2026-09-12 16:23:07.773:callWorkFunction: SimuCorn_set_event                            File: Line:0 Function: Type:Debug:
DateTime:2026-09-12 16:23:07.773:找到对应函数，进入执行                            File: Line:0 Function: Type:Debug:
DateTime:2026-09-12 16:23:07.773:"工装发送：68 3E 00 3E 00 68 40 00 00 00 00 00 21 60 00 00 02 00 03 03 01 CA 16"                            File: Line:0 Function: Type:Debug:
DateTime:2026-09-12 16:23:07.774:"工装接收：68 32 00 32 00 68 80 00 00 00 00 00 00 60 00 00 01 00 E1 16"                            File: Line:0 Function: Type:Debug:
DateTime:2026-09-12 16:23:07.774:"m_baRecvMsg:"                            File: Line:0 Function: Type:Debug:
DateTime:2026-09-12 16:23:07.774:"frameList.size():1"                            File: Line:0 Function: Type:Debug:
DateTime:2026-09-12 16:23:07.774:"进入报文解析"                            File: Line:0 Function: Type:Debug:
DateTime:2026-09-12 16:23:07.774:"68 32 00 32 00 68 80 00 00 00 00 00 00 60 00 00 01 00 E1 16"                            File: Line:0 Function: Type:Debug:
DateTime:2026-09-12 16:23:07.774:"解码完成，功能码: 1"                            File: Line:0 Function: Type:Debug:
DateTime:2026-09-12 16:23:07.774:"工装回复确认帧"                            File: Line:0 Function: Type:Debug:
DateTime:2026-09-12 16:23:07.774:"全部槽位模块事件引脚成功"                            File: Line:0 Function: Type:Debug:
DateTime:2026-09-12 16:23:07.875:dll输出信息: ""                            File: Line:0 Function: Type:Debug:
DateTime:2026-09-12 16:23:07.875:接口函数调用成功，返回的结果为 0                            File: Line:0 Function: Type:Debug:
DateTime:2026-09-12 16:23:07.875:"外部传入的para：0，返回的result：0,返回的pValRet：0"                            File: Line:0 Function: Type:Debug:
DateTime:2026-09-12 16:23:07.875:"执行接口函数SimuCorn_set_event完成"                            File: Line:0 Function: Type:Debug:
DateTime:2026-09-12 16:23:07.876:coorIndex 0                            File: Line:0 Function: Type:Debug:
DateTime:2026-09-12 16:23:07.876:当前流程结束                            File: Line:0 Function: Type:Debug:
DateTime:2026-09-12 16:23:07.876:退出connect函数                            File: Line:0 Function: Type:Debug:
DateTime:2026-09-12 16:23:07.876:"=========【Step24-触发电表一般事件，事件引脚拉高】结束=========="                            File: Line:0 Function: Type:Debug:
DateTime:2026-09-12 16:23:07.876:"-----------------------------"                            File: Line:0 Function: Type:Debug:
DateTime:2026-09-12 16:23:07.877:"=============执行【执行延时】==================="                            File: Line:0 Function: Type:Debug:
DateTime:2026-09-12 16:23:07.877:"执行接口函数Func_Delay"                            File: Line:0 Function: Type:Debug:
DateTime:2026-09-12 16:23:07.877:callWorkFunction: Func_Delay                            File: Line:0 Function: Type:Debug:
DateTime:2026-09-12 16:23:07.877:找到对应函数，进入执行                            File: Line:0 Function: Type:Debug:
DateTime:2026-09-12 16:23:07.877:"延时时间为2s"                            File: Line:0 Function: Type:Debug:
DateTime:2026-09-12 16:23:07.877:"uTimeSecond_ms:2000"                            File: Line:0 Function: Type:Debug:
DateTime:2026-09-12 16:23:10.900:"等待工装回复超时"                            File: Line:0 Function: Type:Debug:
DateTime:2026-09-12 16:23:10.900:"延时时间到"                            File: Line:0 Function: Type:Debug:
DateTime:2026-09-12 16:23:11.001:dll输出信息: ""                            File: Line:0 Function: Type:Debug:
DateTime:2026-09-12 16:23:11.001:接口函数调用成功，返回的结果为 0                            File: Line:0 Function: Type:Debug:
DateTime:2026-09-12 16:23:11.001:"外部传入的para：0，返回的result：0,返回的pValRet：0"                            File: Line:0 Function: Type:Debug:
DateTime:2026-09-12 16:23:11.001:"执行接口函数Func_Delay完成"                            File: Line:0 Function: Type:Debug:
DateTime:2026-09-12 16:23:11.002:coorIndex 0                            File: Line:0 Function: Type:Debug:
DateTime:2026-09-12 16:23:11.002:当前流程结束                            File: Line:0 Function: Type:Debug:
DateTime:2026-09-12 16:23:11.002:退出connect函数                            File: Line:0 Function: Type:Debug:
DateTime:2026-09-12 16:23:11.002:"=========【执行延时】结束=========="                            File: Line:0 Function: Type:Debug:
DateTime:2026-09-12 16:23:11.002:"-----------------------------"                            File: Line:0 Function: Type:Debug:
DateTime:2026-09-12 16:23:11.002:"=============执行【Step25-事件引脚拉低复位】==================="                            File: Line:0 Function: Type:Debug:
DateTime:2026-09-12 16:23:11.003:"执行接口函数SimuCorn_set_event"                            File: Line:0 Function: Type:Debug:
DateTime:2026-09-12 16:23:11.003:callWorkFunction: SimuCorn_set_event                            File: Line:0 Function: Type:Debug:
DateTime:2026-09-12 16:23:11.003:找到对应函数，进入执行                            File: Line:0 Function: Type:Debug:
DateTime:2026-09-12 16:23:11.003:"工装发送：68 3E 00 3E 00 68 40 00 00 00 00 00 21 60 00 00 02 00 03 03 00 C9 16"                            File: Line:0 Function: Type:Debug:
DateTime:2026-09-12 16:23:11.003:"工装接收：68 32 00 32 00 68 80 00 00 00 00 00 00 60 00 00 01 00 E1 16"                            File: Line:0 Function: Type:Debug:
DateTime:2026-09-12 16:23:11.004:"m_baRecvMsg:"                            File: Line:0 Function: Type:Debug:
DateTime:2026-09-12 16:23:11.004:"frameList.size():1"                            File: Line:0 Function: Type:Debug:
DateTime:2026-09-12 16:23:11.004:"进入报文解析"                            File: Line:0 Function: Type:Debug:
DateTime:2026-09-12 16:23:11.004:"68 32 00 32 00 68 80 00 00 00 00 00 00 60 00 00 01 00 E1 16"                            File: Line:0 Function: Type:Debug:
DateTime:2026-09-12 16:23:11.004:"解码完成，功能码: 1"                            File: Line:0 Function: Type:Debug:
DateTime:2026-09-12 16:23:11.004:"工装回复确认帧"                            File: Line:0 Function: Type:Debug:
DateTime:2026-09-12 16:23:11.004:"全部槽位模块事件引脚成功"                            File: Line:0 Function: Type:Debug:
DateTime:2026-09-12 16:23:11.104:dll输出信息: ""                            File: Line:0 Function: Type:Debug:
DateTime:2026-09-12 16:23:11.104:接口函数调用成功，返回的结果为 0                            File: Line:0 Function: Type:Debug:
DateTime:2026-09-12 16:23:11.104:"外部传入的para：0，返回的result：0,返回的pValRet：0"                            File: Line:0 Function: Type:Debug:
DateTime:2026-09-12 16:23:11.104:"执行接口函数SimuCorn_set_event完成"                            File: Line:0 Function: Type:Debug:
DateTime:2026-09-12 16:23:11.105:coorIndex 0                            File: Line:0 Function: Type:Debug:
DateTime:2026-09-12 16:23:11.105:当前流程结束                            File: Line:0 Function: Type:Debug:
DateTime:2026-09-12 16:23:11.105:退出connect函数                            File: Line:0 Function: Type:Debug:
DateTime:2026-09-12 16:23:11.105:"=========【Step25-事件引脚拉低复位】结束=========="                            File: Line:0 Function: Type:Debug:
DateTime:2026-09-12 16:23:11.106:"-----------------------------"                            File: Line:0 Function: Type:Debug:
DateTime:2026-09-12 16:23:11.106:"=============执行【Step26-单字节上报(645格式)】==================="                            File: Line:0 Function: Type:Debug:
DateTime:2026-09-12 16:23:11.106:"执行接口函数CCO_Func_Event_Report_single_byte"                            File: Line:0 Function: Type:Debug:
DateTime:2026-09-12 16:23:11.106:callWorkFunction: CCO_Func_Event_Report_single_byte                            File: Line:0 Function: Type:Debug:
DateTime:2026-09-12 16:23:11.107:找到对应函数，进入执行                            File: Line:0 Function: Type:Debug:
DateTime:2026-09-12 16:23:11.107:"uTimeSecond_ms:5000"                            File: Line:0 Function: Type:Debug:
DateTime:2026-09-12 16:23:11.319:"工装接收：68 CA 00 CA 00 68 80 00 00 00 00 00 22 60 00 00 01 00 02 23 00 68 23 00 C3 00 00 00 00 00 07 06 10 00 01 02 11 68 03 01 10 00 16 19 68 81 05 34 33 36 1E 34 88 16 1A 16 FD 16"                            File: Line:0 Function: Type:Debug:
DateTime:2026-09-12 16:23:11.319:"m_baRecvMsg:"                            File: Line:0 Function: Type:Debug:
DateTime:2026-09-12 16:23:11.319:"rameList.size():"                            File: Line:0 Function: Type:Debug:
DateTime:2026-09-12 16:23:11.319:"进入报文解析"                            File: Line:0 Function: Type:Debug:
DateTime:2026-09-12 16:23:11.319:"68 CA 00 CA 00 68 80 00 00 00 00 00 22 60 00 00 01 00 02 23 00 68 23 00 C3 00 00 00 00 00 07 06 10 00 01 02 11 68 03 01 10 00 16 19 68 81 05 34 33 36 1E 34 88 16 1A 16 FD 16"                            File: Line:0 Function: Type:Debug:
DateTime:2026-09-12 16:23:11.319:"解码完成，功能码: 4"                            File: Line:0 Function: Type:Debug:
DateTime:2026-09-12 16:23:11.319:"工装回复透传报文"                            File: Line:0 Function: Type:Debug:
DateTime:2026-09-12 16:23:11.320:"022300682300C3000000000007061000010211680301100016196881053433361E3488161A16"                            File: Line:0 Function: Type:Debug:
DateTime:2026-09-12 16:23:11.320:"内容:68 23 00 c3 00 00 00 00 00 07 06 10 00 01 02 11 68 03 01 10 00 16 19 68 81 05 34 33 36 1e 34 88 16 1a 16"                            File: Line:0 Function: Type:Debug:
DateTime:2026-09-12 16:23:14.140:"等待工装回复超时"                            File: Line:0 Function: Type:Debug:
DateTime:2026-09-12 16:23:14.140:"查找结果: iret=0, wStart=0, dwOutLen=35, dwStreamLen=35, dwFindPos=0"                            File: Line:0 Function: Type:Debug:
DateTime:2026-09-12 16:23:14.140:"Receive:<= 68 23 00 C3 00 00 00 00 00 07 06 10 00 01 02 11 68 03 01 10 00 16 19 68 81 05 34 33 36 1E 34 88 16 1A 16"                            File: Line:0 Function: Type:Debug:
DateTime:2026-09-12 16:23:14.140:"解析：功能码-AFN=06H,Fn=5："                            File: Line:0 Function: Type:Debug:
DateTime:2026-09-12 16:23:14.140:"Send(确认)：=> 68 0F 00 43 00 00 00 00 00 07 50 01 00 9B 16"                            File: Line:0 Function: Type:Debug:
DateTime:2026-09-12 16:23:14.140:"槽位2透传:687E007E006840000000000022600000010002013C00680F00430000000000075001009B16C516"                            File: Line:0 Function: Type:Debug:
DateTime:2026-09-12 16:23:14.140:"工装发送：68 7E 00 7E 00 68 40 00 00 00 00 00 22 60 00 00 01 00 02 01 3C 00 68 0F 00 43 00 00 00 00 00 07 50 01 00 9B 16 C5 16"                            File: Line:0 Function: Type:Debug:
DateTime:2026-09-12 16:23:14.140:"事件上报完成,成功率100%."                            File: Line:0 Function: Type:Debug:
DateTime:2026-09-12 16:23:14.140:dll输出信息: ""                            File: Line:0 Function: Type:Debug:
DateTime:2026-09-12 16:23:14.140:接口函数调用成功，返回的结果为 0                            File: Line:0 Function: Type:Debug:
DateTime:2026-09-12 16:23:14.140:"外部传入的para：0，返回的result：0,返回的pValRet：0"                            File: Line:0 Function: Type:Debug:
DateTime:2026-09-12 16:23:14.141:"执行接口函数CCO_Func_Event_Report_single_byte完成"                            File: Line:0 Function: Type:Debug:
DateTime:2026-09-12 16:23:14.142:coorIndex 0                            File: Line:0 Function: Type:Debug:
DateTime:2026-09-12 16:23:14.142:当前流程结束                            File: Line:0 Function: Type:Debug:
DateTime:2026-09-12 16:23:14.142:退出connect函数                            File: Line:0 Function: Type:Debug:
DateTime:2026-09-12 16:23:14.142:"=========【Step26-单字节上报(645格式)】结束=========="                            File: Line:0 Function: Type:Debug:
DateTime:2026-09-12 16:23:14.142:"-----------------------------"                            File: Line:0 Function: Type:Debug:
DateTime:2026-09-12 16:23:14.144:"=============执行【Step27-EB040503设置698格式】==================="                            File: Line:0 Function: Type:Debug:
DateTime:2026-09-12 16:23:14.144:"执行接口函数CCO_AFN52_F1_EB040503_set"                            File: Line:0 Function: Type:Debug:
DateTime:2026-09-12 16:23:14.144:callWorkFunction: CCO_AFN52_F1_EB040503_set                            File: Line:0 Function: Type:Debug:
DateTime:2026-09-12 16:23:14.144:找到对应函数，进入执行                            File: Line:0 Function: Type:Debug:
DateTime:2026-09-12 16:23:14.158:"工装接收：68 32 00 32 00 68 80 00 00 00 00 00 00 60 00 00 01 00 E1 16"                            File: Line:0 Function: Type:Debug:
DateTime:2026-09-12 16:23:14.158:"m_baRecvMsg:"                            File: Line:0 Function: Type:Debug:
DateTime:2026-09-12 16:23:14.158:"rameList.size():"                            File: Line:0 Function: Type:Debug:
DateTime:2026-09-12 16:23:14.158:"进入报文解析"                            File: Line:0 Function: Type:Debug:
DateTime:2026-09-12 16:23:14.158:"68 32 00 32 00 68 80 00 00 00 00 00 00 60 00 00 01 00 E1 16"                            File: Line:0 Function: Type:Debug:
DateTime:2026-09-12 16:23:14.158:"解码完成，功能码: 1"                            File: Line:0 Function: Type:Debug:
DateTime:2026-09-12 16:23:14.158:"工装回复确认帧"                            File: Line:0 Function: Type:Debug:
DateTime:2026-09-12 16:23:15.166:"等待工装回复超时"                            File: Line:0 Function: Type:Debug:
DateTime:2026-09-12 16:23:15.166:"开始组帧"                            File: Line:0 Function: Type:Debug:
DateTime:2026-09-12 16:23:15.166:"组帧结束"                            File: Line:0 Function: Type:Debug:
DateTime:2026-09-12 16:23:15.166:"367.2Send:数据转发(设置-存量CCO加工处理的事件主动上报方式EB040503)：=>68 34 00 43 00 00 00 00 00 2A 52 01 00 02 12 90 78 56 34 12 6B 8A E8 19 00 68 12 90 78 56 34 12 68 14 0D 36 38 37 1E 3B 33 33 33 44 44 44 44 34 82 16 88 16"                            File: Line:0 Function: Type:Debug:
DateTime:2026-09-12 16:23:15.166:"槽位2透传:68120112016840000000000022600000010002013C006834004300000000002A520100021290785634126B8AE819006812907856341268140D3638371E3B333333444444443482168816C416"                            File: Line:0 Function: Type:Debug:
DateTime:2026-09-12 16:23:15.166:"工装发送：68 12 01 12 01 68 40 00 00 00 00 00 22 60 00 00 01 00 02 01 3C 00 68 34 00 43 00 00 00 00 00 2A 52 01 00 02 12 90 78 56 34 12 6B 8A E8 19 00 68 12 90 78 56 34 12 68 14 0D 36 38 37 1E 3B 33 33 33 44 44 44 44 34 82 16 88 16 C4 16"                            File: Line:0 Function: Type:Debug:
DateTime:2026-09-12 16:23:15.225:"工装接收：68 32 00 32 00 68 80 00 00 00 00 00 00 60 00 00 01 00 E1 16"                            File: Line:0 Function: Type:Debug:
DateTime:2026-09-12 16:23:15.225:"m_baRecvMsg:"                            File: Line:0 Function: Type:Debug:
DateTime:2026-09-12 16:23:15.225:"frameList.size():1"                            File: Line:0 Function: Type:Debug:
DateTime:2026-09-12 16:23:15.226:"进入报文解析"                            File: Line:0 Function: Type:Debug:
DateTime:2026-09-12 16:23:15.226:"68 32 00 32 00 68 80 00 00 00 00 00 00 60 00 00 01 00 E1 16"                            File: Line:0 Function: Type:Debug:
DateTime:2026-09-12 16:23:15.226:"解码完成，功能码: 1"                            File: Line:0 Function: Type:Debug:
DateTime:2026-09-12 16:23:15.226:"工装回复确认帧"                            File: Line:0 Function: Type:Debug:
DateTime:2026-09-12 16:23:15.337:"工装接收：68 CE 00 CE 00 68 80 00 00 00 00 00 22 60 00 00 01 00 02 24 00 68 24 00 80 00 00 00 00 00 2A 52 01 00 02 12 90 78 56 34 12 0C 00 68 12 90 78 56 34 12 68 94 00 1A 16 0B 16 E1 16"                            File: Line:0 Function: Type:Debug:
DateTime:2026-09-12 16:23:15.337:"m_baRecvMsg:"                            File: Line:0 Function: Type:Debug:
DateTime:2026-09-12 16:23:15.337:"frameList.size():1"                            File: Line:0 Function: Type:Debug:
DateTime:2026-09-12 16:23:15.337:"进入报文解析"                            File: Line:0 Function: Type:Debug:
DateTime:2026-09-12 16:23:15.337:"68 CE 00 CE 00 68 80 00 00 00 00 00 22 60 00 00 01 00 02 24 00 68 24 00 80 00 00 00 00 00 2A 52 01 00 02 12 90 78 56 34 12 0C 00 68 12 90 78 56 34 12 68 94 00 1A 16 0B 16 E1 16"                            File: Line:0 Function: Type:Debug:
DateTime:2026-09-12 16:23:15.337:"解码完成，功能码: 4"                            File: Line:0 Function: Type:Debug:
DateTime:2026-09-12 16:23:15.337:"工装接收到透传报文"                            File: Line:0 Function: Type:Debug:
DateTime:2026-09-12 16:23:15.337:"0224006824008000000000002A520100021290785634120C00681290785634126894001A160B16"                            File: Line:0 Function: Type:Debug:
DateTime:2026-09-12 16:23:15.337:"透传报文内容:68 24 00 80 00 00 00 00 00 2a 52 01 00 02 12 90 78 56 34 12 0c 00 68 12 90 78 56 34 12 68 94 00 1a 16 0b 16"                            File: Line:0 Function: Type:Debug:
DateTime:2026-09-12 16:23:18.258:"uTimeSecond_ms:30000"                            File: Line:0 Function: Type:Debug:
DateTime:2026-09-12 16:23:18.258:"查找结果: iret=0, wStart=0, dwOutLen=36, dwStreamLen=36, dwFindPos=0"                            File: Line:0 Function: Type:Debug:
DateTime:2026-09-12 16:23:18.258:"Receive:<= 68 24 00 80 00 00 00 00 00 2A 52 01 00 02 12 90 78 56 34 12 0C 00 68 12 90 78 56 34 12 68 94 00 1A 16 0B 16"                            File: Line:0 Function: Type:Debug:
DateTime:2026-09-12 16:23:18.258:"解析：功能码-AFN=52H,Fn=1："                            File: Line:0 Function: Type:Debug:
DateTime:2026-09-12 16:23:18.258:"透传回复内容：021290785634120C00681290785634126894001A16"                            File: Line:0 Function: Type:Debug:
DateTime:2026-09-12 16:23:18.258:"设置成功"                            File: Line:0 Function: Type:Debug:
DateTime:2026-09-12 16:23:18.258:dll输出信息: ""                            File: Line:0 Function: Type:Debug:
DateTime:2026-09-12 16:23:18.258:接口函数调用成功，返回的结果为 0                            File: Line:0 Function: Type:Debug:
DateTime:2026-09-12 16:23:18.258:"外部传入的para：0，返回的result：0,返回的pValRet：0"                            File: Line:0 Function: Type:Debug:
DateTime:2026-09-12 16:23:18.258:"执行接口函数CCO_AFN52_F1_EB040503_set完成"                            File: Line:0 Function: Type:Debug:
DateTime:2026-09-12 16:23:18.260:coorIndex 0                            File: Line:0 Function: Type:Debug:
DateTime:2026-09-12 16:23:18.260:当前流程结束                            File: Line:0 Function: Type:Debug:
DateTime:2026-09-12 16:23:18.260:退出connect函数                            File: Line:0 Function: Type:Debug:
DateTime:2026-09-12 16:23:18.260:"=========【Step27-EB040503设置698格式】结束=========="                            File: Line:0 Function: Type:Debug:
DateTime:2026-09-12 16:23:18.260:"-----------------------------"                            File: Line:0 Function: Type:Debug:
DateTime:2026-09-12 16:23:18.261:"=============执行【Step28-参数初始化，清除表档案】==================="                            File: Line:0 Function: Type:Debug:
DateTime:2026-09-12 16:23:18.261:"执行接口函数CCO_AFN51_F2"                            File: Line:0 Function: Type:Debug:
DateTime:2026-09-12 16:23:18.261:callWorkFunction: CCO_AFN51_F2                            File: Line:0 Function: Type:Debug:
DateTime:2026-09-12 16:23:18.261:找到对应函数，进入执行                            File: Line:0 Function: Type:Debug:
DateTime:2026-09-12 16:23:18.765:"等待工装回复超时"                            File: Line:0 Function: Type:Debug:
DateTime:2026-09-12 16:23:18.765:"开始组帧"                            File: Line:0 Function: Type:Debug:
DateTime:2026-09-12 16:23:18.765:"组帧结束"                            File: Line:0 Function: Type:Debug:
DateTime:2026-09-12 16:23:18.765:"367.2Send:参数初始化(51H-F2)：=>68 0F 00 43 00 00 00 00 00 2B 51 02 00 C1 16"                            File: Line:0 Function: Type:Debug:
DateTime:2026-09-12 16:23:18.765:"槽位2透传:687E007E006840000000000022600000010002013C00680F004300000000002B510200C1161116"                            File: Line:0 Function: Type:Debug:
DateTime:2026-09-12 16:23:18.765:"工装发送：68 7E 00 7E 00 68 40 00 00 00 00 00 22 60 00 00 01 00 02 01 3C 00 68 0F 00 43 00 00 00 00 00 2B 51 02 00 C1 16 11 16"                            File: Line:0 Function: Type:Debug:
DateTime:2026-09-12 16:23:18.784:"工装接收：68 32 00 32 00 68 80 00 00 00 00 00 00 60 00 00 01 00 E1 16"                            File: Line:0 Function: Type:Debug:
DateTime:2026-09-12 16:23:18.784:"m_baRecvMsg:"                            File: Line:0 Function: Type:Debug:
DateTime:2026-09-12 16:23:18.784:"frameList.size():1"                            File: Line:0 Function: Type:Debug:
DateTime:2026-09-12 16:23:18.784:"进入报文解析"                            File: Line:0 Function: Type:Debug:
DateTime:2026-09-12 16:23:18.784:"68 32 00 32 00 68 80 00 00 00 00 00 00 60 00 00 01 00 E1 16"                            File: Line:0 Function: Type:Debug:
DateTime:2026-09-12 16:23:18.784:"解码完成，功能码: 1"                            File: Line:0 Function: Type:Debug:
DateTime:2026-09-12 16:23:18.784:"工装回复确认帧"                            File: Line:0 Function: Type:Debug:
DateTime:2026-09-12 16:23:18.828:"工装接收：68 7A 00 7A 00 68 80 00 00 00 00 00 22 60 00 00 01 00 02 0F 00 68 0F 00 80 00 00 00 00 00 2B 50 01 00 FC 16 99 16"                            File: Line:0 Function: Type:Debug:
DateTime:2026-09-12 16:23:18.828:"m_baRecvMsg:"                            File: Line:0 Function: Type:Debug:
DateTime:2026-09-12 16:23:18.828:"frameList.size():1"                            File: Line:0 Function: Type:Debug:
DateTime:2026-09-12 16:23:18.828:"进入报文解析"                            File: Line:0 Function: Type:Debug:
DateTime:2026-09-12 16:23:18.828:"68 7A 00 7A 00 68 80 00 00 00 00 00 22 60 00 00 01 00 02 0F 00 68 0F 00 80 00 00 00 00 00 2B 50 01 00 FC 16 99 16"                            File: Line:0 Function: Type:Debug:
DateTime:2026-09-12 16:23:18.828:"解码完成，功能码: 4"                            File: Line:0 Function: Type:Debug:
DateTime:2026-09-12 16:23:18.828:"工装接收到透传报文"                            File: Line:0 Function: Type:Debug:
DateTime:2026-09-12 16:23:18.828:"020F00680F008000000000002B500100FC16"                            File: Line:0 Function: Type:Debug:
DateTime:2026-09-12 16:23:18.828:"透传报文内容:68 0f 00 80 00 00 00 00 00 2b 50 01 00 fc 16"                            File: Line:0 Function: Type:Debug:
DateTime:2026-09-12 16:23:21.850:"uTimeSecond_ms:20000"                            File: Line:0 Function: Type:Debug:
DateTime:2026-09-12 16:23:21.850:"查找结果: iret=0, wStart=0, dwOutLen=15, dwStreamLen=15, dwFindPos=0"                            File: Line:0 Function: Type:Debug:
DateTime:2026-09-12 16:23:21.850:"Receive:<= 68 0F 00 80 00 00 00 00 00 2B 50 01 00 FC 16"                            File: Line:0 Function: Type:Debug:
DateTime:2026-09-12 16:23:21.850:"解析：功能码-AFN=50H,Fn=1："                            File: Line:0 Function: Type:Debug:
DateTime:2026-09-12 16:23:21.850:"参数区初始化成功"                            File: Line:0 Function: Type:Debug:
DateTime:2026-09-12 16:23:21.850:dll输出信息: ""                            File: Line:0 Function: Type:Debug:
DateTime:2026-09-12 16:23:21.850:接口函数调用成功，返回的结果为 0                            File: Line:0 Function: Type:Debug:
DateTime:2026-09-12 16:23:21.850:"外部传入的para：0，返回的result：0,返回的pValRet：0"                            File: Line:0 Function: Type:Debug:
DateTime:2026-09-12 16:23:21.850:"执行接口函数CCO_AFN51_F2完成"                            File: Line:0 Function: Type:Debug:
DateTime:2026-09-12 16:23:21.852:coorIndex 0                            File: Line:0 Function: Type:Debug:
DateTime:2026-09-12 16:23:21.852:当前流程结束                            File: Line:0 Function: Type:Debug:
DateTime:2026-09-12 16:23:21.852:退出connect函数                            File: Line:0 Function: Type:Debug:
DateTime:2026-09-12 16:23:21.852:"=========【Step28-参数初始化，清除表档案】结束=========="                            File: Line:0 Function: Type:Debug:
DateTime:2026-09-12 16:23:21.852:"-----------------------------"                            File: Line:0 Function: Type:Debug:
DateTime:2026-09-12 16:23:21.852:"=============执行【执行延时】==================="                            File: Line:0 Function: Type:Debug:
DateTime:2026-09-12 16:23:21.853:"执行接口函数Func_Delay"                            File: Line:0 Function: Type:Debug:
DateTime:2026-09-12 16:23:21.853:callWorkFunction: Func_Delay                            File: Line:0 Function: Type:Debug:
DateTime:2026-09-12 16:23:21.853:找到对应函数，进入执行                            File: Line:0 Function: Type:Debug:
DateTime:2026-09-12 16:23:21.853:"延时时间为5s"                            File: Line:0 Function: Type:Debug:
DateTime:2026-09-12 16:23:21.853:"uTimeSecond_ms:5000"                            File: Line:0 Function: Type:Debug:
DateTime:2026-09-12 16:23:24.875:"等待工装回复超时"                            File: Line:0 Function: Type:Debug:
DateTime:2026-09-12 16:23:26.814:"工装接收：68 7A 00 7A 00 68 80 00 00 00 00 00 22 60 00 00 01 00 02 0F 00 68 0F 00 C3 00 00 00 00 00 08 14 02 00 E1 16 63 16"                            File: Line:0 Function: Type:Debug:
DateTime:2026-09-12 16:23:26.814:"m_baRecvMsg:"                            File: Line:0 Function: Type:Debug:
DateTime:2026-09-12 16:23:26.814:"rameList.size():"                            File: Line:0 Function: Type:Debug:
DateTime:2026-09-12 16:23:26.814:"进入报文解析"                            File: Line:0 Function: Type:Debug:
DateTime:2026-09-12 16:23:26.814:"68 7A 00 7A 00 68 80 00 00 00 00 00 22 60 00 00 01 00 02 0F 00 68 0F 00 C3 00 00 00 00 00 08 14 02 00 E1 16 63 16"                            File: Line:0 Function: Type:Debug:
DateTime:2026-09-12 16:23:26.814:"解码完成，功能码: 4"                            File: Line:0 Function: Type:Debug:
DateTime:2026-09-12 16:23:26.814:"工装回复透传报文"                            File: Line:0 Function: Type:Debug:
DateTime:2026-09-12 16:23:26.815:"020F00680F00C3000000000008140200E116"                            File: Line:0 Function: Type:Debug:
DateTime:2026-09-12 16:23:26.815:"内容:68 0f 00 c3 00 00 00 00 00 08 14 02 00 e1 16"                            File: Line:0 Function: Type:Debug:
DateTime:2026-09-12 16:23:27.923:"等待工装回复超时"                            File: Line:0 Function: Type:Debug:
DateTime:2026-09-12 16:23:27.923:"延时时间到"                            File: Line:0 Function: Type:Debug:
DateTime:2026-09-12 16:23:28.024:dll输出信息: ""                            File: Line:0 Function: Type:Debug:
DateTime:2026-09-12 16:23:28.024:接口函数调用成功，返回的结果为 0                            File: Line:0 Function: Type:Debug:
DateTime:2026-09-12 16:23:28.024:"外部传入的para：0，返回的result：0,返回的pValRet：0"                            File: Line:0 Function: Type:Debug:
DateTime:2026-09-12 16:23:28.024:"执行接口函数Func_Delay完成"                            File: Line:0 Function: Type:Debug:
DateTime:2026-09-12 16:23:28.025:coorIndex 0                            File: Line:0 Function: Type:Debug:
DateTime:2026-09-12 16:23:28.025:当前流程结束                            File: Line:0 Function: Type:Debug:
DateTime:2026-09-12 16:23:28.025:退出connect函数                            File: Line:0 Function: Type:Debug:
DateTime:2026-09-12 16:23:28.025:"=========【执行延时】结束=========="                            File: Line:0 Function: Type:Debug:
DateTime:2026-09-12 16:23:28.025:"-----------------------------"                            File: Line:0 Function: Type:Debug:
DateTime:2026-09-12 16:23:28.025:"=============执行【Step29-启动搜表，等待上报】==================="                            File: Line:0 Function: Type:Debug:
DateTime:2026-09-12 16:23:28.026:"执行接口函数CCO_AFN55_F6"                            File: Line:0 Function: Type:Debug:
DateTime:2026-09-12 16:23:28.026:callWorkFunction: CCO_AFN55_F6                            File: Line:0 Function: Type:Debug:
DateTime:2026-09-12 16:23:28.026:找到对应函数，进入执行                            File: Line:0 Function: Type:Debug:
DateTime:2026-09-12 16:23:28.530:"等待工装回复超时"                            File: Line:0 Function: Type:Debug:
DateTime:2026-09-12 16:23:28.530:"开始组帧"                            File: Line:0 Function: Type:Debug:
DateTime:2026-09-12 16:23:28.530:"组帧结束"                            File: Line:0 Function: Type:Debug:
DateTime:2026-09-12 16:23:28.530:"367.2Send:启动从节点主动注册(55H-F6)：=>68 11 00 43 00 00 00 00 00 2C 55 20 00 05 00 E9 16"                            File: Line:0 Function: Type:Debug:
DateTime:2026-09-12 16:23:28.530:"槽位2透传:68860086006840000000000022600000010002013C006811004300000000002C5520000500E9166316"                            File: Line:0 Function: Type:Debug:
DateTime:2026-09-12 16:23:28.530:"工装发送：68 86 00 86 00 68 40 00 00 00 00 00 22 60 00 00 01 00 02 01 3C 00 68 11 00 43 00 00 00 00 00 2C 55 20 00 05 00 E9 16 63 16"                            File: Line:0 Function: Type:Debug:
DateTime:2026-09-12 16:23:28.550:"工装接收：68 32 00 32 00 68 80 00 00 00 00 00 00 60 00 00 01 00 E1 16"                            File: Line:0 Function: Type:Debug:
DateTime:2026-09-12 16:23:28.550:"m_baRecvMsg:"                            File: Line:0 Function: Type:Debug:
DateTime:2026-09-12 16:23:28.550:"frameList.size():1"                            File: Line:0 Function: Type:Debug:
DateTime:2026-09-12 16:23:28.550:"进入报文解析"                            File: Line:0 Function: Type:Debug:
DateTime:2026-09-12 16:23:28.550:"68 32 00 32 00 68 80 00 00 00 00 00 00 60 00 00 01 00 E1 16"                            File: Line:0 Function: Type:Debug:
DateTime:2026-09-12 16:23:28.550:"解码完成，功能码: 1"                            File: Line:0 Function: Type:Debug:
DateTime:2026-09-12 16:23:28.550:"工装回复确认帧"                            File: Line:0 Function: Type:Debug:
DateTime:2026-09-12 16:23:28.638:"工装接收：68 7A 00 7A 00 68 80 00 00 00 00 00 22 60 00 00 01 00 02 0F 00 68 0F 00 80 00 00 00 00 00 2C 50 01 00 FD 16 9B 16"                            File: Line:0 Function: Type:Debug:
DateTime:2026-09-12 16:23:28.639:"m_baRecvMsg:"                            File: Line:0 Function: Type:Debug:
DateTime:2026-09-12 16:23:28.639:"frameList.size():1"                            File: Line:0 Function: Type:Debug:
DateTime:2026-09-12 16:23:28.639:"进入报文解析"                            File: Line:0 Function: Type:Debug:
DateTime:2026-09-12 16:23:28.639:"68 7A 00 7A 00 68 80 00 00 00 00 00 22 60 00 00 01 00 02 0F 00 68 0F 00 80 00 00 00 00 00 2C 50 01 00 FD 16 9B 16"                            File: Line:0 Function: Type:Debug:
DateTime:2026-09-12 16:23:28.639:"解码完成，功能码: 4"                            File: Line:0 Function: Type:Debug:
DateTime:2026-09-12 16:23:28.639:"工装接收到透传报文"                            File: Line:0 Function: Type:Debug:
DateTime:2026-09-12 16:23:28.639:"020F00680F008000000000002C500100FD16"                            File: Line:0 Function: Type:Debug:
DateTime:2026-09-12 16:23:28.639:"透传报文内容:68 0f 00 80 00 00 00 00 00 2c 50 01 00 fd 16"                            File: Line:0 Function: Type:Debug:
DateTime:2026-09-12 16:23:31.560:"uTimeSecond_ms:5000"                            File: Line:0 Function: Type:Debug:
DateTime:2026-09-12 16:23:31.560:"查找结果: iret=0, wStart=0, dwOutLen=15, dwStreamLen=15, dwFindPos=0"                            File: Line:0 Function: Type:Debug:
DateTime:2026-09-12 16:23:31.560:"Receive:<= 68 0F 00 80 00 00 00 00 00 2C 50 01 00 FD 16"                            File: Line:0 Function: Type:Debug:
DateTime:2026-09-12 16:23:31.560:"解析：功能码-AFN=50H,Fn=1："                            File: Line:0 Function: Type:Debug:
DateTime:2026-09-12 16:23:31.560:"启动从节点主动注册成功"                            File: Line:0 Function: Type:Debug:
DateTime:2026-09-12 16:23:31.560:dll输出信息: ""                            File: Line:0 Function: Type:Debug:
DateTime:2026-09-12 16:23:31.560:接口函数调用成功，返回的结果为 0                            File: Line:0 Function: Type:Debug:
DateTime:2026-09-12 16:23:31.560:"外部传入的para：0，返回的result：0,返回的pValRet：0"                            File: Line:0 Function: Type:Debug:
DateTime:2026-09-12 16:23:31.560:"执行接口函数CCO_AFN55_F6完成"                            File: Line:0 Function: Type:Debug:
DateTime:2026-09-12 16:23:31.562:coorIndex 0                            File: Line:0 Function: Type:Debug:
DateTime:2026-09-12 16:23:31.562:当前流程结束                            File: Line:0 Function: Type:Debug:
DateTime:2026-09-12 16:23:31.562:退出connect函数                            File: Line:0 Function: Type:Debug:
DateTime:2026-09-12 16:23:31.562:"=========【Step29-启动搜表，等待上报】结束=========="                            File: Line:0 Function: Type:Debug:
DateTime:2026-09-12 16:23:31.562:"-----------------------------"                            File: Line:0 Function: Type:Debug:
DateTime:2026-09-12 16:23:31.563:"=============执行【Step30-单字节上报(698格式)】==================="                            File: Line:0 Function: Type:Debug:
DateTime:2026-09-12 16:23:31.563:"执行接口函数CCO_Func_Event_Report_single_byte_withPrejudgeOAD"                            File: Line:0 Function: Type:Debug:
DateTime:2026-09-12 16:23:31.563:callWorkFunction: CCO_Func_Event_Report_single_byte_withPrejudgeOAD                            File: Line:0 Function: Type:Debug:
DateTime:2026-09-12 16:23:31.563:找到对应函数，进入执行                            File: Line:0 Function: Type:Debug:
DateTime:2026-09-12 16:23:31.563:"uTimeSecond_ms:5000"                            File: Line:0 Function: Type:Debug:
DateTime:2026-09-12 16:23:34.585:"等待工装回复超时"                            File: Line:0 Function: Type:Debug:
DateTime:2026-09-12 16:23:37.607:"等待工装回复超时"                            File: Line:0 Function: Type:Debug:
DateTime:2026-09-12 16:23:37.607:"uTimeSecond_ms:5000"                            File: Line:0 Function: Type:Debug:
DateTime:2026-09-12 16:23:40.628:"等待工装回复超时"                            File: Line:0 Function: Type:Debug:
DateTime:2026-09-12 16:23:43.650:"等待工装回复超时"                            File: Line:0 Function: Type:Debug:
DateTime:2026-09-12 16:23:43.650:"uTimeSecond_ms:5000"                            File: Line:0 Function: Type:Debug:
DateTime:2026-09-12 16:23:45.664:"工装接收：68 1E 01 1E 01 68 80 00 00 00 00 00 22 60 00 00 01 00 02 38 00 68 38 00 C3 00 00 00 00 00 09 06 10 00 01 02 26 68 24 00 83 05 03 01 10 00 16 19 00 7A 3F 88 01 00 01 EB 03 01 01 01 09 08 01 12 34 56 78 90 12 64 00 00 25 EE 16 EB 16 C9 16"                            File: Line:0 Function: Type:Debug:
DateTime:2026-09-12 16:23:45.664:"m_baRecvMsg:"                            File: Line:0 Function: Type:Debug:
DateTime:2026-09-12 16:23:45.664:"rameList.size():"                            File: Line:0 Function: Type:Debug:
DateTime:2026-09-12 16:23:45.664:"进入报文解析"                            File: Line:0 Function: Type:Debug:
DateTime:2026-09-12 16:23:45.664:"68 1E 01 1E 01 68 80 00 00 00 00 00 22 60 00 00 01 00 02 38 00 68 38 00 C3 00 00 00 00 00 09 06 10 00 01 02 26 68 24 00 83 05 03 01 10 00 16 19 00 7A 3F 88 01 00 01 EB 03 01 01 01 09 08 01 12 34 56 78 90 12 64 00 00 25 EE 16 EB 16 C9 16"                            File: Line:0 Function: Type:Debug:
DateTime:2026-09-12 16:23:45.664:"解码完成，功能码: 4"                            File: Line:0 Function: Type:Debug:
DateTime:2026-09-12 16:23:45.665:"工装回复透传报文"                            File: Line:0 Function: Type:Debug:
DateTime:2026-09-12 16:23:45.665:"023800683800C30000000000090610000102266824008305030110001619007A3F88010001EB0301010109080112345678901264000025EE16EB16"                            File: Line:0 Function: Type:Debug:
DateTime:2026-09-12 16:23:45.665:"内容:68 38 00 c3 00 00 00 00 00 09 06 10 00 01 02 26 68 24 00 83 05 03 01 10 00 16 19 00 7a 3f 88 01 00 01 eb 03 01 01 01 09 08 01 12 34 56 78 90 12 64 00 00 25 ee 16 eb 16"                            File: Line:0 Function: Type:Debug:
DateTime:2026-09-12 16:23:46.672:"等待工装回复超时"                            File: Line:0 Function: Type:Debug:
DateTime:2026-09-12 16:23:46.672:"查找结果: iret=0, wStart=0, dwOutLen=56, dwStreamLen=56, dwFindPos=0"                            File: Line:0 Function: Type:Debug:
DateTime:2026-09-12 16:23:46.672:"Receive:<= 68 38 00 C3 00 00 00 00 00 09 06 10 00 01 02 26 68 24 00 83 05 03 01 10 00 16 19 00 7A 3F 88 01 00 01 EB 03 01 01 01 09 08 01 12 34 56 78 90 12 64 00 00 25 EE 16 EB 16"                            File: Line:0 Function: Type:Debug:
DateTime:2026-09-12 16:23:46.672:"解析：功能码-AFN=06H,Fn=5："                            File: Line:0 Function: Type:Debug:
DateTime:2026-09-12 16:23:46.672:"Send(确认)：=> 68 0F 00 43 00 00 00 00 00 09 50 01 00 9D 16"                            File: Line:0 Function: Type:Debug:
DateTime:2026-09-12 16:23:46.672:"槽位2透传:687E007E006840000000000022600000010002013C00680F00430000000000095001009D16C916"                            File: Line:0 Function: Type:Debug:
DateTime:2026-09-12 16:23:46.672:"工装发送：68 7E 00 7E 00 68 40 00 00 00 00 00 22 60 00 00 01 00 02 01 3C 00 68 0F 00 43 00 00 00 00 00 09 50 01 00 9D 16 C9 16"                            File: Line:0 Function: Type:Debug:
DateTime:2026-09-12 16:23:46.672:"预判数据标识上报完成,成功率100%."                            File: Line:0 Function: Type:Debug:
DateTime:2026-09-12 16:23:46.672:dll输出信息: ""                            File: Line:0 Function: Type:Debug:
DateTime:2026-09-12 16:23:46.672:接口函数调用成功，返回的结果为 0                            File: Line:0 Function: Type:Debug:
DateTime:2026-09-12 16:23:46.672:"外部传入的para：0，返回的result：0,返回的pValRet：0"                            File: Line:0 Function: Type:Debug:
DateTime:2026-09-12 16:23:46.672:"执行接口函数CCO_Func_Event_Report_single_byte_withPrejudgeOAD完成"                            File: Line:0 Function: Type:Debug:
DateTime:2026-09-12 16:23:46.672:coorIndex 0                            File: Line:0 Function: Type:Debug:
DateTime:2026-09-12 16:23:46.672:当前流程结束                            File: Line:0 Function: Type:Debug:
DateTime:2026-09-12 16:23:46.672:退出connect函数                            File: Line:0 Function: Type:Debug:
DateTime:2026-09-12 16:23:46.672:"=========【Step30-单字节上报(698格式)】结束=========="                            File: Line:0 Function: Type:Debug:
DateTime:2026-09-12 16:23:46.672:"-----------------------------"                            File: Line:0 Function: Type:Debug:
DateTime:2026-09-12 16:23:46.673:"=============执行【Step31-EB040501设置读取双字节主动上报】==================="                            File: Line:0 Function: Type:Debug:
DateTime:2026-09-12 16:23:46.673:"执行接口函数CCO_AFN52_F1_EB040501_set"                            File: Line:0 Function: Type:Debug:
DateTime:2026-09-12 16:23:46.673:callWorkFunction: CCO_AFN52_F1_EB040501_set                            File: Line:0 Function: Type:Debug:
DateTime:2026-09-12 16:23:46.673:找到对应函数，进入执行                            File: Line:0 Function: Type:Debug:
DateTime:2026-09-12 16:23:46.690:"工装接收：68 32 00 32 00 68 80 00 00 00 00 00 00 60 00 00 01 00 E1 16"                            File: Line:0 Function: Type:Debug:
DateTime:2026-09-12 16:23:46.690:"m_baRecvMsg:"                            File: Line:0 Function: Type:Debug:
DateTime:2026-09-12 16:23:46.690:"rameList.size():"                            File: Line:0 Function: Type:Debug:
DateTime:2026-09-12 16:23:46.690:"进入报文解析"                            File: Line:0 Function: Type:Debug:
DateTime:2026-09-12 16:23:46.690:"68 32 00 32 00 68 80 00 00 00 00 00 00 60 00 00 01 00 E1 16"                            File: Line:0 Function: Type:Debug:
DateTime:2026-09-12 16:23:46.690:"解码完成，功能码: 1"                            File: Line:0 Function: Type:Debug:
DateTime:2026-09-12 16:23:46.690:"工装回复确认帧"                            File: Line:0 Function: Type:Debug:
DateTime:2026-09-12 16:23:46.944:"工装接收：68 1E 01 1E 01 68 80 00 00 00 00 00 22 60 00 00 01 00 02 38 00 68 38 00 C3 00 00 00 00 00 0A 06 10 00 01 02 26 68 24 00 83 05 06 01 10 00 16 19 00 D9 CF 88 01 00 01 EB 03 01 01 01 09 08 01 12 34 56 78 90 12 64 00 00 25 EE 16 DE 16 AF 16"                            File: Line:0 Function: Type:Debug:
DateTime:2026-09-12 16:23:46.944:"m_baRecvMsg:"                            File: Line:0 Function: Type:Debug:
DateTime:2026-09-12 16:23:46.945:"rameList.size():"                            File: Line:0 Function: Type:Debug:
DateTime:2026-09-12 16:23:46.945:"进入报文解析"                            File: Line:0 Function: Type:Debug:
DateTime:2026-09-12 16:23:46.945:"68 1E 01 1E 01 68 80 00 00 00 00 00 22 60 00 00 01 00 02 38 00 68 38 00 C3 00 00 00 00 00 0A 06 10 00 01 02 26 68 24 00 83 05 06 01 10 00 16 19 00 D9 CF 88 01 00 01 EB 03 01 01 01 09 08 01 12 34 56 78 90 12 64 00 00 25 EE 16 DE 16 AF 16"                            File: Line:0 Function: Type:Debug:
DateTime:2026-09-12 16:23:46.945:"解码完成，功能码: 4"                            File: Line:0 Function: Type:Debug:
DateTime:2026-09-12 16:23:46.945:"工装回复透传报文"                            File: Line:0 Function: Type:Debug:
DateTime:2026-09-12 16:23:46.945:"023800683800C300000000000A061000010226682400830506011000161900D9CF88010001EB0301010109080112345678901264000025EE16DE16"                            File: Line:0 Function: Type:Debug:
DateTime:2026-09-12 16:23:46.945:"内容:68 38 00 c3 00 00 00 00 00 0a 06 10 00 01 02 26 68 24 00 83 05 06 01 10 00 16 19 00 d9 cf 88 01 00 01 eb 03 01 01 01 09 08 01 12 34 56 78 90 12 64 00 00 25 ee 16 de 16"                            File: Line:0 Function: Type:Debug:
DateTime:2026-09-12 16:23:47.247:"开始寻找698帧"                            File: Line:0 Function: Type:Debug:
DateTime:2026-09-12 16:23:47.247:"寻找698帧结束"                            File: Line:0 Function: Type:Debug:
DateTime:2026-09-12 16:23:47.247:"Receive报文:68 38 00 C3 00 00 00 00 00 0A 06 10 00 01 02 26 68 24 00 83 05 06 01 10 00 16 19 00 D9 CF 88 01 00 01 EB 03 01 01 01 09 08 01 12 34 56 78 90 12 64 00 00 25 EE 16 DE 16"                            File: Line:0 Function: Type:Debug:
DateTime:2026-09-12 16:23:47.247:"解析：功能码-AFN=06H,Fn=5："                            File: Line:0 Function: Type:Debug:
DateTime:2026-09-12 16:23:47.247:"Send(确认)：=> 68 0F 00 43 00 00 00 00 00 0A 50 01 00 9E 16"                            File: Line:0 Function: Type:Debug:
DateTime:2026-09-12 16:23:47.247:"槽位2透传:687E007E006840000000000022600000010002013C00680F004300000000000A5001009E16CB16"                            File: Line:0 Function: Type:Debug:
DateTime:2026-09-12 16:23:47.247:"工装发送：68 7E 00 7E 00 68 40 00 00 00 00 00 22 60 00 00 01 00 02 01 3C 00 68 0F 00 43 00 00 00 00 00 0A 50 01 00 9E 16 CB 16"                            File: Line:0 Function: Type:Debug:
DateTime:2026-09-12 16:23:47.347:"开始组帧"                            File: Line:0 Function: Type:Debug:
DateTime:2026-09-12 16:23:47.347:"组帧结束"                            File: Line:0 Function: Type:Debug:
DateTime:2026-09-12 16:23:47.347:"367.2Send:数据转发(设置-存量CCO加工处理的事件主动上报方式EB040503)：=>68 34 00 43 00 00 00 00 00 2D 52 01 00 02 12 90 78 56 34 12 6B 8A E8 19 00 68 12 90 78 56 34 12 68 14 0D 34 38 37 1E 3B 33 33 33 44 44 44 44 35 81 16 89 16"                            File: Line:0 Function: Type:Debug:
DateTime:2026-09-12 16:23:47.347:"槽位2透传:68120112016840000000000022600000010002013C006834004300000000002D520100021290785634126B8AE819006812907856341268140D3438371E3B333333444444443581168916C616"                            File: Line:0 Function: Type:Debug:
DateTime:2026-09-12 16:23:47.347:"工装发送：68 12 01 12 01 68 40 00 00 00 00 00 22 60 00 00 01 00 02 01 3C 00 68 34 00 43 00 00 00 00 00 2D 52 01 00 02 12 90 78 56 34 12 6B 8A E8 19 00 68 12 90 78 56 34 12 68 14 0D 34 38 37 1E 3B 33 33 33 44 44 44 44 35 81 16 89 16 C6 16"                            File: Line:0 Function: Type:Debug:
DateTime:2026-09-12 16:23:47.347:"工装接收：68 32 00 32 00 68 80 00 00 00 00 00 00 60 00 00 01 00 E1 16"                            File: Line:0 Function: Type:Debug:
DateTime:2026-09-12 16:23:47.347:"m_baRecvMsg:"                            File: Line:0 Function: Type:Debug:
DateTime:2026-09-12 16:23:47.347:"frameList.size():1"                            File: Line:0 Function: Type:Debug:
DateTime:2026-09-12 16:23:47.347:"进入报文解析"                            File: Line:0 Function: Type:Debug:
DateTime:2026-09-12 16:23:47.347:"68 32 00 32 00 68 80 00 00 00 00 00 00 60 00 00 01 00 E1 16"                            File: Line:0 Function: Type:Debug:
DateTime:2026-09-12 16:23:47.347:"解码完成，功能码: 1"                            File: Line:0 Function: Type:Debug:
DateTime:2026-09-12 16:23:47.347:"工装回复确认帧"                            File: Line:0 Function: Type:Debug:
DateTime:2026-09-12 16:23:47.408:"工装接收：68 32 00 32 00 68 80 00 00 00 00 00 00 60 00 00 01 00 E1 16"                            File: Line:0 Function: Type:Debug:
DateTime:2026-09-12 16:23:47.408:"m_baRecvMsg:"                            File: Line:0 Function: Type:Debug:
DateTime:2026-09-12 16:23:47.408:"frameList.size():1"                            File: Line:0 Function: Type:Debug:
DateTime:2026-09-12 16:23:47.408:"进入报文解析"                            File: Line:0 Function: Type:Debug:
DateTime:2026-09-12 16:23:47.408:"68 32 00 32 00 68 80 00 00 00 00 00 00 60 00 00 01 00 E1 16"                            File: Line:0 Function: Type:Debug:
DateTime:2026-09-12 16:23:47.408:"解码完成，功能码: 1"                            File: Line:0 Function: Type:Debug:
DateTime:2026-09-12 16:23:47.408:"工装回复确认帧"                            File: Line:0 Function: Type:Debug:
DateTime:2026-09-12 16:23:47.598:"工装接收：68 E2 01 E2 01 68 80 00 00 00 00 00 22 60 00 00 01 00 02 69 00 68 24 00 80 00 00 00 00 00 2D 52 01 00 02 12 90 78 56 34 12 0C 00 68 12 90 78 56 34 12 68 94 00 1A 16 0E 16 68 45 00 C3 04 00 00 00 00 0B 08 01 10 00 16 19 12 90 78 56 34 12 06 40 06 01 02 26 00 68 24 00 83 05 08 01 10 00 16 19 00 F8 49 88 01 00 01 EB 03 01 01 01 09 08 01 12 34 56 78 90 12 64 00 00 25 EE 16 B2 16 53 16"                            File: Line:0 Function: Type:Debug:
DateTime:2026-09-12 16:23:47.598:"m_baRecvMsg:"                            File: Line:0 Function: Type:Debug:
DateTime:2026-09-12 16:23:47.598:"frameList.size():1"                            File: Line:0 Function: Type:Debug:
DateTime:2026-09-12 16:23:47.598:"进入报文解析"                            File: Line:0 Function: Type:Debug:
DateTime:2026-09-12 16:23:47.598:"68 E2 01 E2 01 68 80 00 00 00 00 00 22 60 00 00 01 00 02 69 00 68 24 00 80 00 00 00 00 00 2D 52 01 00 02 12 90 78 56 34 12 0C 00 68 12 90 78 56 34 12 68 94 00 1A 16 0E 16 68 45 00 C3 04 00 00 00 00 0B 08 01 10 00 16 19 12 90 78 56 34 12 06 40 06 01 02 26 00 68 24 00 83 05 08 01 10 00 16 19 00 F8 49 88 01 00 01 EB 03 01 01 01 09 08 01 12 34 56 78 90 12 64 00 00 25 EE 16 B2 16 53 16"                            File: Line:0 Function: Type:Debug:
DateTime:2026-09-12 16:23:47.599:"解码完成，功能码: 4"                            File: Line:0 Function: Type:Debug:
DateTime:2026-09-12 16:23:47.599:"工装接收到透传报文"                            File: Line:0 Function: Type:Debug:
DateTime:2026-09-12 16:23:47.599:"0269006824008000000000002D520100021290785634120C00681290785634126894001A160E16684500C304000000000B08011000161912907856341206400601022600682400830508011000161900F84988010001EB0301010109080112345678901264000025EE16B216"                            File: Line:0 Function: Type:Debug:
DateTime:2026-09-12 16:23:47.599:"透传报文内容:68 24 00 80 00 00 00 00 00 2d 52 01 00 02 12 90 78 56 34 12 0c 00 68 12 90 78 56 34 12 68 94 00 1a 16 0e 16 68 45 00 c3 04 00 00 00 00 0b 08 01 10 00 16 19 12 90 78 56 34 12 06 40 06 01 02 26 00 68 24 00 83 05 08 01 10 00 16 19 00 f8 49 88 01 00 01 eb 03 01 01 01 09 08 01 12 34 56 78 90 12 64 00 00 25 ee 16 b2 16"                            File: Line:0 Function: Type:Debug:
DateTime:2026-09-12 16:23:50.419:"uTimeSecond_ms:30000"                            File: Line:0 Function: Type:Debug:
DateTime:2026-09-12 16:23:50.419:"查找结果: iret=0, wStart=0, dwOutLen=36, dwStreamLen=105, dwFindPos=0"                            File: Line:0 Function: Type:Debug:
DateTime:2026-09-12 16:23:50.419:"Receive:<= 68 24 00 80 00 00 00 00 00 2D 52 01 00 02 12 90 78 56 34 12 0C 00 68 12 90 78 56 34 12 68 94 00 1A 16 0E 16"                            File: Line:0 Function: Type:Debug:
DateTime:2026-09-12 16:23:50.419:"解析：功能码-AFN=52H,Fn=1："                            File: Line:0 Function: Type:Debug:
DateTime:2026-09-12 16:23:50.419:"查找结果: iret=0, wStart=0, dwOutLen=69, dwStreamLen=69, dwFindPos=36"                            File: Line:0 Function: Type:Debug:
DateTime:2026-09-12 16:23:50.419:"Receive:<= 68 45 00 C3 04 00 00 00 00 0B 08 01 10 00 16 19 12 90 78 56 34 12 06 40 06 01 02 26 00 68 24 00 83 05 08 01 10 00 16 19 00 F8 49 88 01 00 01 EB 03 01 01 01 09 08 01 12 34 56 78 90 12 64 00 00 25 EE 16 B2 16"                            File: Line:0 Function: Type:Debug:
DateTime:2026-09-12 16:23:50.419:"解析：功能码-AFN=06H,Fn=55："                            File: Line:0 Function: Type:Debug:
DateTime:2026-09-12 16:23:50.419:"AFN或者Fn与预判不一致"                            File: Line:0 Function: Type:Debug:
DateTime:2026-09-12 16:23:50.419:"Send(确认)：=> 68 0F 00 43 00 00 00 00 00 0B 50 01 00 9F 16"                            File: Line:0 Function: Type:Debug:
DateTime:2026-09-12 16:23:50.419:"槽位2透传:687E007E006840000000000022600000010002013C00680F004300000000000B5001009F16CD16"                            File: Line:0 Function: Type:Debug:
DateTime:2026-09-12 16:23:50.419:"工装发送：68 7E 00 7E 00 68 40 00 00 00 00 00 22 60 00 00 01 00 02 01 3C 00 68 0F 00 43 00 00 00 00 00 0B 50 01 00 9F 16 CD 16"                            File: Line:0 Function: Type:Debug:
DateTime:2026-09-12 16:23:50.419:"透传回复内容：021290785634120C00681290785634126894001A16"                            File: Line:0 Function: Type:Debug:
DateTime:2026-09-12 16:23:50.420:"设置成功"                            File: Line:0 Function: Type:Debug:
DateTime:2026-09-12 16:23:50.420:dll输出信息: ""                            File: Line:0 Function: Type:Debug:
DateTime:2026-09-12 16:23:50.420:接口函数调用成功，返回的结果为 0                            File: Line:0 Function: Type:Debug:
DateTime:2026-09-12 16:23:50.420:"外部传入的para：0，返回的result：0,返回的pValRet：0"                            File: Line:0 Function: Type:Debug:
DateTime:2026-09-12 16:23:50.420:"执行接口函数CCO_AFN52_F1_EB040501_set完成"                            File: Line:0 Function: Type:Debug:
DateTime:2026-09-12 16:23:50.421:coorIndex 0                            File: Line:0 Function: Type:Debug:
DateTime:2026-09-12 16:23:50.422:当前流程结束                            File: Line:0 Function: Type:Debug:
DateTime:2026-09-12 16:23:50.422:退出connect函数                            File: Line:0 Function: Type:Debug:
DateTime:2026-09-12 16:23:50.422:"=========【Step31-EB040501设置读取双字节主动上报】结束=========="                            File: Line:0 Function: Type:Debug:
DateTime:2026-09-12 16:23:50.422:"-----------------------------"                            File: Line:0 Function: Type:Debug:
DateTime:2026-09-12 16:23:50.422:"=============执行【Step32-EB040503设置645格式】==================="                            File: Line:0 Function: Type:Debug:
DateTime:2026-09-12 16:23:50.423:"执行接口函数CCO_AFN52_F1_EB040503_set"                            File: Line:0 Function: Type:Debug:
DateTime:2026-09-12 16:23:50.423:callWorkFunction: CCO_AFN52_F1_EB040503_set                            File: Line:0 Function: Type:Debug:
DateTime:2026-09-12 16:23:50.423:找到对应函数，进入执行                            File: Line:0 Function: Type:Debug:
DateTime:2026-09-12 16:23:50.437:"工装接收：68 32 00 32 00 68 80 00 00 00 00 00 00 60 00 00 01 00 E1 16"                            File: Line:0 Function: Type:Debug:
DateTime:2026-09-12 16:23:50.437:"m_baRecvMsg:"                            File: Line:0 Function: Type:Debug:
DateTime:2026-09-12 16:23:50.437:"rameList.size():"                            File: Line:0 Function: Type:Debug:
DateTime:2026-09-12 16:23:50.437:"进入报文解析"                            File: Line:0 Function: Type:Debug:
DateTime:2026-09-12 16:23:50.437:"68 32 00 32 00 68 80 00 00 00 00 00 00 60 00 00 01 00 E1 16"                            File: Line:0 Function: Type:Debug:
DateTime:2026-09-12 16:23:50.437:"解码完成，功能码: 1"                            File: Line:0 Function: Type:Debug:
DateTime:2026-09-12 16:23:50.437:"工装回复确认帧"                            File: Line:0 Function: Type:Debug:
DateTime:2026-09-12 16:23:50.709:"工装接收：68 52 01 52 01 68 80 00 00 00 00 00 22 60 00 00 01 00 02 45 00 68 45 00 C3 04 00 00 00 00 0C 05 01 10 00 16 19 12 90 78 56 34 12 06 40 06 01 02 26 00 68 24 00 83 05 05 01 10 00 16 19 00 B7 67 88 01 00 01 EB 03 01 01 01 09 08 01 12 34 56 78 90 12 64 00 00 25 EE 16 8A 16 21 16"                            File: Line:0 Function: Type:Debug:
DateTime:2026-09-12 16:23:50.709:"m_baRecvMsg:"                            File: Line:0 Function: Type:Debug:
DateTime:2026-09-12 16:23:50.709:"rameList.size():"                            File: Line:0 Function: Type:Debug:
DateTime:2026-09-12 16:23:50.709:"进入报文解析"                            File: Line:0 Function: Type:Debug:
DateTime:2026-09-12 16:23:50.709:"68 52 01 52 01 68 80 00 00 00 00 00 22 60 00 00 01 00 02 45 00 68 45 00 C3 04 00 00 00 00 0C 05 01 10 00 16 19 12 90 78 56 34 12 06 40 06 01 02 26 00 68 24 00 83 05 05 01 10 00 16 19 00 B7 67 88 01 00 01 EB 03 01 01 01 09 08 01 12 34 56 78 90 12 64 00 00 25 EE 16 8A 16 21 16"                            File: Line:0 Function: Type:Debug:
DateTime:2026-09-12 16:23:50.710:"解码完成，功能码: 4"                            File: Line:0 Function: Type:Debug:
DateTime:2026-09-12 16:23:50.710:"工装回复透传报文"                            File: Line:0 Function: Type:Debug:
DateTime:2026-09-12 16:23:50.710:"024500684500C304000000000C05011000161912907856341206400601022600682400830505011000161900B76788010001EB0301010109080112345678901264000025EE168A16"                            File: Line:0 Function: Type:Debug:
DateTime:2026-09-12 16:23:50.710:"内容:68 45 00 c3 04 00 00 00 00 0c 05 01 10 00 16 19 12 90 78 56 34 12 06 40 06 01 02 26 00 68 24 00 83 05 05 01 10 00 16 19 00 b7 67 88 01 00 01 eb 03 01 01 01 09 08 01 12 34 56 78 90 12 64 00 00 25 ee 16 8a 16"                            File: Line:0 Function: Type:Debug:
DateTime:2026-09-12 16:23:51.012:"开始寻找698帧"                            File: Line:0 Function: Type:Debug:
DateTime:2026-09-12 16:23:51.012:"寻找698帧结束"                            File: Line:0 Function: Type:Debug:
DateTime:2026-09-12 16:23:51.012:"Receive报文:68 45 00 C3 04 00 00 00 00 0C 05 01 10 00 16 19 12 90 78 56 34 12 06 40 06 01 02 26 00 68 24 00 83 05 05 01 10 00 16 19 00 B7 67 88 01 00 01 EB 03 01 01 01 09 08 01 12 34 56 78 90 12 64 00 00 25 EE 16 8A 16"                            File: Line:0 Function: Type:Debug:
DateTime:2026-09-12 16:23:51.012:"解析：功能码-AFN=06H,Fn=55："                            File: Line:0 Function: Type:Debug:
DateTime:2026-09-12 16:23:51.012:"Send(确认)：=> 68 0F 00 43 00 00 00 00 00 0C 50 01 00 A0 16"                            File: Line:0 Function: Type:Debug:
DateTime:2026-09-12 16:23:51.012:"槽位2透传:687E007E006840000000000022600000010002013C00680F004300000000000C500100A016CF16"                            File: Line:0 Function: Type:Debug:
DateTime:2026-09-12 16:23:51.012:"工装发送：68 7E 00 7E 00 68 40 00 00 00 00 00 22 60 00 00 01 00 02 01 3C 00 68 0F 00 43 00 00 00 00 00 0C 50 01 00 A0 16 CF 16"                            File: Line:0 Function: Type:Debug:
DateTime:2026-09-12 16:23:51.112:"开始组帧"                            File: Line:0 Function: Type:Debug:
DateTime:2026-09-12 16:23:51.112:"组帧结束"                            File: Line:0 Function: Type:Debug:
DateTime:2026-09-12 16:23:51.112:"367.2Send:数据转发(设置-存量CCO加工处理的事件主动上报方式EB040503)：=>68 34 00 43 00 00 00 00 00 2E 52 01 00 02 12 90 78 56 34 12 6B 8A E8 19 00 68 12 90 78 56 34 12 68 14 0D 36 38 37 1E 3B 33 33 33 44 44 44 44 33 81 16 8A 16"                            File: Line:0 Function: Type:Debug:
DateTime:2026-09-12 16:23:51.112:"槽位2透传:68120112016840000000000022600000010002013C006834004300000000002E520100021290785634126B8AE819006812907856341268140D3638371E3B333333444444443381168A16C816"                            File: Line:0 Function: Type:Debug:
DateTime:2026-09-12 16:23:51.112:"工装发送：68 12 01 12 01 68 40 00 00 00 00 00 22 60 00 00 01 00 02 01 3C 00 68 34 00 43 00 00 00 00 00 2E 52 01 00 02 12 90 78 56 34 12 6B 8A E8 19 00 68 12 90 78 56 34 12 68 14 0D 36 38 37 1E 3B 33 33 33 44 44 44 44 33 81 16 8A 16 C8 16"                            File: Line:0 Function: Type:Debug:
DateTime:2026-09-12 16:23:51.112:"工装接收：68 32 00 32 00 68 80 00 00 00 00 00 00 60 00 00 01 00 E1 16"                            File: Line:0 Function: Type:Debug:
DateTime:2026-09-12 16:23:51.112:"m_baRecvMsg:"                            File: Line:0 Function: Type:Debug:
DateTime:2026-09-12 16:23:51.112:"frameList.size():1"                            File: Line:0 Function: Type:Debug:
DateTime:2026-09-12 16:23:51.112:"进入报文解析"                            File: Line:0 Function: Type:Debug:
DateTime:2026-09-12 16:23:51.112:"68 32 00 32 00 68 80 00 00 00 00 00 00 60 00 00 01 00 E1 16"                            File: Line:0 Function: Type:Debug:
DateTime:2026-09-12 16:23:51.112:"解码完成，功能码: 1"                            File: Line:0 Function: Type:Debug:
DateTime:2026-09-12 16:23:51.112:"工装回复确认帧"                            File: Line:0 Function: Type:Debug:
DateTime:2026-09-12 16:23:51.172:"工装接收：68 32 00 32 00 68 80 00 00 00 00 00 00 60 00 00 01 00 E1 16"                            File: Line:0 Function: Type:Debug:
DateTime:2026-09-12 16:23:51.173:"m_baRecvMsg:"                            File: Line:0 Function: Type:Debug:
DateTime:2026-09-12 16:23:51.173:"frameList.size():1"                            File: Line:0 Function: Type:Debug:
DateTime:2026-09-12 16:23:51.173:"进入报文解析"                            File: Line:0 Function: Type:Debug:
DateTime:2026-09-12 16:23:51.173:"68 32 00 32 00 68 80 00 00 00 00 00 00 60 00 00 01 00 E1 16"                            File: Line:0 Function: Type:Debug:
DateTime:2026-09-12 16:23:51.173:"解码完成，功能码: 1"                            File: Line:0 Function: Type:Debug:
DateTime:2026-09-12 16:23:51.173:"工装回复确认帧"                            File: Line:0 Function: Type:Debug:
DateTime:2026-09-12 16:23:51.347:"工装接收：68 AA 01 AA 01 68 80 00 00 00 00 00 22 60 00 00 01 00 02 5B 00 68 24 00 80 00 00 00 00 00 2E 52 01 00 02 12 90 78 56 34 12 0C 00 68 12 90 78 56 34 12 68 94 00 1A 16 0F 16 68 37 00 C3 04 00 00 00 00 0D 04 01 10 00 16 19 12 90 78 56 34 12 06 40 06 01 02 18 00 68 04 01 10 00 16 19 68 81 0C 34 34 36 1E 34 45 C3 AB 89 67 45 97 10 16 6B 16 AB 16"                            File: Line:0 Function: Type:Debug:
DateTime:2026-09-12 16:23:51.347:"m_baRecvMsg:"                            File: Line:0 Function: Type:Debug:
DateTime:2026-09-12 16:23:51.347:"frameList.size():1"                            File: Line:0 Function: Type:Debug:
DateTime:2026-09-12 16:23:51.347:"进入报文解析"                            File: Line:0 Function: Type:Debug:
DateTime:2026-09-12 16:23:51.347:"68 AA 01 AA 01 68 80 00 00 00 00 00 22 60 00 00 01 00 02 5B 00 68 24 00 80 00 00 00 00 00 2E 52 01 00 02 12 90 78 56 34 12 0C 00 68 12 90 78 56 34 12 68 94 00 1A 16 0F 16 68 37 00 C3 04 00 00 00 00 0D 04 01 10 00 16 19 12 90 78 56 34 12 06 40 06 01 02 18 00 68 04 01 10 00 16 19 68 81 0C 34 34 36 1E 34 45 C3 AB 89 67 45 97 10 16 6B 16 AB 16"                            File: Line:0 Function: Type:Debug:
DateTime:2026-09-12 16:23:51.347:"解码完成，功能码: 4"                            File: Line:0 Function: Type:Debug:
DateTime:2026-09-12 16:23:51.347:"工装接收到透传报文"                            File: Line:0 Function: Type:Debug:
DateTime:2026-09-12 16:23:51.347:"025B006824008000000000002E520100021290785634120C00681290785634126894001A160F16683700C304000000000D040110001619129078563412064006010218006804011000161968810C3434361E3445C3AB8967459710166B16"                            File: Line:0 Function: Type:Debug:
DateTime:2026-09-12 16:23:51.347:"透传报文内容:68 24 00 80 00 00 00 00 00 2e 52 01 00 02 12 90 78 56 34 12 0c 00 68 12 90 78 56 34 12 68 94 00 1a 16 0f 16 68 37 00 c3 04 00 00 00 00 0d 04 01 10 00 16 19 12 90 78 56 34 12 06 40 06 01 02 18 00 68 04 01 10 00 16 19 68 81 0c 34 34 36 1e 34 45 c3 ab 89 67 45 97 10 16 6b 16"                            File: Line:0 Function: Type:Debug:
DateTime:2026-09-12 16:23:54.167:"uTimeSecond_ms:30000"                            File: Line:0 Function: Type:Debug:
DateTime:2026-09-12 16:23:54.167:"查找结果: iret=0, wStart=0, dwOutLen=36, dwStreamLen=91, dwFindPos=0"                            File: Line:0 Function: Type:Debug:
DateTime:2026-09-12 16:23:54.167:"Receive:<= 68 24 00 80 00 00 00 00 00 2E 52 01 00 02 12 90 78 56 34 12 0C 00 68 12 90 78 56 34 12 68 94 00 1A 16 0F 16"                            File: Line:0 Function: Type:Debug:
DateTime:2026-09-12 16:23:54.167:"解析：功能码-AFN=52H,Fn=1："                            File: Line:0 Function: Type:Debug:
DateTime:2026-09-12 16:23:54.167:"查找结果: iret=0, wStart=0, dwOutLen=55, dwStreamLen=55, dwFindPos=36"                            File: Line:0 Function: Type:Debug:
DateTime:2026-09-12 16:23:54.167:"Receive:<= 68 37 00 C3 04 00 00 00 00 0D 04 01 10 00 16 19 12 90 78 56 34 12 06 40 06 01 02 18 00 68 04 01 10 00 16 19 68 81 0C 34 34 36 1E 34 45 C3 AB 89 67 45 97 10 16 6B 16"                            File: Line:0 Function: Type:Debug:
DateTime:2026-09-12 16:23:54.167:"解析：功能码-AFN=06H,Fn=55："                            File: Line:0 Function: Type:Debug:
DateTime:2026-09-12 16:23:54.167:"AFN或者Fn与预判不一致"                            File: Line:0 Function: Type:Debug:
DateTime:2026-09-12 16:23:54.167:"Send(确认)：=> 68 0F 00 43 00 00 00 00 00 0D 50 01 00 A1 16"                            File: Line:0 Function: Type:Debug:
DateTime:2026-09-12 16:23:54.167:"槽位2透传:687E007E006840000000000022600000010002013C00680F004300000000000D500100A116D116"                            File: Line:0 Function: Type:Debug:
DateTime:2026-09-12 16:23:54.167:"工装发送：68 7E 00 7E 00 68 40 00 00 00 00 00 22 60 00 00 01 00 02 01 3C 00 68 0F 00 43 00 00 00 00 00 0D 50 01 00 A1 16 D1 16"                            File: Line:0 Function: Type:Debug:
DateTime:2026-09-12 16:23:54.167:"透传回复内容：021290785634120C00681290785634126894001A16"                            File: Line:0 Function: Type:Debug:
DateTime:2026-09-12 16:23:54.168:"设置成功"                            File: Line:0 Function: Type:Debug:
DateTime:2026-09-12 16:23:54.168:dll输出信息: ""                            File: Line:0 Function: Type:Debug:
DateTime:2026-09-12 16:23:54.168:接口函数调用成功，返回的结果为 0                            File: Line:0 Function: Type:Debug:
DateTime:2026-09-12 16:23:54.168:"外部传入的para：0，返回的result：0,返回的pValRet：0"                            File: Line:0 Function: Type:Debug:
DateTime:2026-09-12 16:23:54.168:"执行接口函数CCO_AFN52_F1_EB040503_set完成"                            File: Line:0 Function: Type:Debug:
DateTime:2026-09-12 16:23:54.169:coorIndex 0                            File: Line:0 Function: Type:Debug:
DateTime:2026-09-12 16:23:54.170:当前流程结束                            File: Line:0 Function: Type:Debug:
DateTime:2026-09-12 16:23:54.170:退出connect函数                            File: Line:0 Function: Type:Debug:
DateTime:2026-09-12 16:23:54.170:"=========【Step32-EB040503设置645格式】结束=========="                            File: Line:0 Function: Type:Debug:
DateTime:2026-09-12 16:23:54.170:"-----------------------------"                            File: Line:0 Function: Type:Debug:
DateTime:2026-09-12 16:23:54.170:"=============执行【Step33-触发电表一般事件，事件引脚拉高】==================="                            File: Line:0 Function: Type:Debug:
DateTime:2026-09-12 16:23:54.171:"执行接口函数SimuCorn_set_event"                            File: Line:0 Function: Type:Debug:
DateTime:2026-09-12 16:23:54.171:callWorkFunction: SimuCorn_set_event                            File: Line:0 Function: Type:Debug:
DateTime:2026-09-12 16:23:54.171:找到对应函数，进入执行                            File: Line:0 Function: Type:Debug:
DateTime:2026-09-12 16:23:54.171:"工装发送：68 3E 00 3E 00 68 40 00 00 00 00 00 21 60 00 00 02 00 03 03 01 CA 16"                            File: Line:0 Function: Type:Debug:
DateTime:2026-09-12 16:23:54.185:"工装接收：68 32 00 32 00 68 80 00 00 00 00 00 00 60 00 00 01 00 E1 16"                            File: Line:0 Function: Type:Debug:
DateTime:2026-09-12 16:23:54.185:"m_baRecvMsg:"                            File: Line:0 Function: Type:Debug:
DateTime:2026-09-12 16:23:54.185:"frameList.size():1"                            File: Line:0 Function: Type:Debug:
DateTime:2026-09-12 16:23:54.185:"进入报文解析"                            File: Line:0 Function: Type:Debug:
DateTime:2026-09-12 16:23:54.185:"68 32 00 32 00 68 80 00 00 00 00 00 00 60 00 00 01 00 E1 16"                            File: Line:0 Function: Type:Debug:
DateTime:2026-09-12 16:23:54.185:"解码完成，功能码: 1"                            File: Line:0 Function: Type:Debug:
DateTime:2026-09-12 16:23:54.185:"工装回复确认帧"                            File: Line:0 Function: Type:Debug:
DateTime:2026-09-12 16:23:54.185:"全部槽位模块事件引脚成功"                            File: Line:0 Function: Type:Debug:
DateTime:2026-09-12 16:23:54.287:dll输出信息: ""                            File: Line:0 Function: Type:Debug:
DateTime:2026-09-12 16:23:54.287:接口函数调用成功，返回的结果为 0                            File: Line:0 Function: Type:Debug:
DateTime:2026-09-12 16:23:54.287:"外部传入的para：0，返回的result：0,返回的pValRet：0"                            File: Line:0 Function: Type:Debug:
DateTime:2026-09-12 16:23:54.287:"执行接口函数SimuCorn_set_event完成"                            File: Line:0 Function: Type:Debug:
DateTime:2026-09-12 16:23:54.288:coorIndex 0                            File: Line:0 Function: Type:Debug:
DateTime:2026-09-12 16:23:54.288:当前流程结束                            File: Line:0 Function: Type:Debug:
DateTime:2026-09-12 16:23:54.288:退出connect函数                            File: Line:0 Function: Type:Debug:
DateTime:2026-09-12 16:23:54.289:"=========【Step33-触发电表一般事件，事件引脚拉高】结束=========="                            File: Line:0 Function: Type:Debug:
DateTime:2026-09-12 16:23:54.289:"-----------------------------"                            File: Line:0 Function: Type:Debug:
DateTime:2026-09-12 16:23:54.289:"=============执行【执行延时】==================="                            File: Line:0 Function: Type:Debug:
DateTime:2026-09-12 16:23:54.290:"执行接口函数Func_Delay"                            File: Line:0 Function: Type:Debug:
DateTime:2026-09-12 16:23:54.290:callWorkFunction: Func_Delay                            File: Line:0 Function: Type:Debug:
DateTime:2026-09-12 16:23:54.290:找到对应函数，进入执行                            File: Line:0 Function: Type:Debug:
DateTime:2026-09-12 16:23:54.290:"延时时间为2s"                            File: Line:0 Function: Type:Debug:
DateTime:2026-09-12 16:23:54.290:"uTimeSecond_ms:2000"                            File: Line:0 Function: Type:Debug:
DateTime:2026-09-12 16:23:57.312:"等待工装回复超时"                            File: Line:0 Function: Type:Debug:
DateTime:2026-09-12 16:23:57.312:"延时时间到"                            File: Line:0 Function: Type:Debug:
DateTime:2026-09-12 16:23:57.413:dll输出信息: ""                            File: Line:0 Function: Type:Debug:
DateTime:2026-09-12 16:23:57.425:接口函数调用成功，返回的结果为 0                            File: Line:0 Function: Type:Debug:
DateTime:2026-09-12 16:23:57.425:"外部传入的para：0，返回的result：0,返回的pValRet：0"                            File: Line:0 Function: Type:Debug:
DateTime:2026-09-12 16:23:57.425:"执行接口函数Func_Delay完成"                            File: Line:0 Function: Type:Debug:
DateTime:2026-09-12 16:23:57.426:coorIndex 0                            File: Line:0 Function: Type:Debug:
DateTime:2026-09-12 16:23:57.426:当前流程结束                            File: Line:0 Function: Type:Debug:
DateTime:2026-09-12 16:23:57.426:退出connect函数                            File: Line:0 Function: Type:Debug:
DateTime:2026-09-12 16:23:57.426:"=========【执行延时】结束=========="                            File: Line:0 Function: Type:Debug:
DateTime:2026-09-12 16:23:57.426:"-----------------------------"                            File: Line:0 Function: Type:Debug:
DateTime:2026-09-12 16:23:57.427:"=============执行【Step34-事件引脚拉低复位】==================="                            File: Line:0 Function: Type:Debug:
DateTime:2026-09-12 16:23:57.427:"执行接口函数SimuCorn_set_event"                            File: Line:0 Function: Type:Debug:
DateTime:2026-09-12 16:23:57.427:callWorkFunction: SimuCorn_set_event                            File: Line:0 Function: Type:Debug:
DateTime:2026-09-12 16:23:57.427:找到对应函数，进入执行                            File: Line:0 Function: Type:Debug:
DateTime:2026-09-12 16:23:57.427:"工装发送：68 3E 00 3E 00 68 40 00 00 00 00 00 21 60 00 00 02 00 03 03 00 C9 16"                            File: Line:0 Function: Type:Debug:
DateTime:2026-09-12 16:23:57.427:"工装接收：68 32 00 32 00 68 80 00 00 00 00 00 00 60 00 00 01 00 E1 16 68 32 00 32 00 68 80 00 00 00 00 00 00 60 00 00 01 00 E1 16"                            File: Line:0 Function: Type:Debug:
DateTime:2026-09-12 16:23:57.428:"m_baRecvMsg:"                            File: Line:0 Function: Type:Debug:
DateTime:2026-09-12 16:23:57.428:"frameList.size():2"                            File: Line:0 Function: Type:Debug:
DateTime:2026-09-12 16:23:57.428:"进入报文解析"                            File: Line:0 Function: Type:Debug:
DateTime:2026-09-12 16:23:57.428:"68 32 00 32 00 68 80 00 00 00 00 00 00 60 00 00 01 00 E1 16"                            File: Line:0 Function: Type:Debug:
DateTime:2026-09-12 16:23:57.428:"解码完成，功能码: 1"                            File: Line:0 Function: Type:Debug:
DateTime:2026-09-12 16:23:57.428:"工装回复确认帧"                            File: Line:0 Function: Type:Debug:
DateTime:2026-09-12 16:23:57.428:"全部槽位模块事件引脚成功"                            File: Line:0 Function: Type:Debug:
DateTime:2026-09-12 16:23:57.528:dll输出信息: ""                            File: Line:0 Function: Type:Debug:
DateTime:2026-09-12 16:23:57.528:接口函数调用成功，返回的结果为 0                            File: Line:0 Function: Type:Debug:
DateTime:2026-09-12 16:23:57.528:"外部传入的para：0，返回的result：0,返回的pValRet：0"                            File: Line:0 Function: Type:Debug:
DateTime:2026-09-12 16:23:57.528:"执行接口函数SimuCorn_set_event完成"                            File: Line:0 Function: Type:Debug:
DateTime:2026-09-12 16:23:57.531:coorIndex 0                            File: Line:0 Function: Type:Debug:
DateTime:2026-09-12 16:23:57.531:当前流程结束                            File: Line:0 Function: Type:Debug:
DateTime:2026-09-12 16:23:57.531:退出connect函数                            File: Line:0 Function: Type:Debug:
DateTime:2026-09-12 16:23:57.531:"=========【Step34-事件引脚拉低复位】结束=========="                            File: Line:0 Function: Type:Debug:
DateTime:2026-09-12 16:23:57.531:"-----------------------------"                            File: Line:0 Function: Type:Debug:
DateTime:2026-09-12 16:23:57.532:"=============执行【Step35-双字节上报(645格式)】==================="                            File: Line:0 Function: Type:Debug:
DateTime:2026-09-12 16:23:57.532:"执行接口函数CCO_Func_Event_Report_double_byte"                            File: Line:0 Function: Type:Debug:
DateTime:2026-09-12 16:23:57.532:callWorkFunction: CCO_Func_Event_Report_double_byte                            File: Line:0 Function: Type:Debug:
DateTime:2026-09-12 16:23:57.532:找到对应函数，进入执行                            File: Line:0 Function: Type:Debug:
DateTime:2026-09-12 16:23:57.532:"uTimeSecond_ms:5000"                            File: Line:0 Function: Type:Debug:
DateTime:2026-09-12 16:24:00.554:"等待工装回复超时"                            File: Line:0 Function: Type:Debug:
DateTime:2026-09-12 16:24:03.576:"等待工装回复超时"                            File: Line:0 Function: Type:Debug:
DateTime:2026-09-12 16:24:03.576:"uTimeSecond_ms:5000"                            File: Line:0 Function: Type:Debug:
DateTime:2026-09-12 16:24:06.598:"等待工装回复超时"                            File: Line:0 Function: Type:Debug:
DateTime:2026-09-12 16:24:07.719:"工装接收：68 92 01 92 01 68 80 00 00 00 00 00 22 60 00 00 01 00 02 55 00 68 55 00 C3 04 00 00 00 00 0E 12 90 78 56 34 12 12 90 78 56 34 12 06 40 06 01 02 36 00 68 12 90 78 56 34 12 68 81 2A 39 38 37 1E 34 39 37 34 43 33 49 4C 36 34 43 33 49 4C 3A 34 43 33 49 4C 39 34 43 33 49 4C 38 34 43 33 49 4C 3B 34 43 33 49 4C 31 16 3E 16 A9 16"                            File: Line:0 Function: Type:Debug:
DateTime:2026-09-12 16:24:07.719:"m_baRecvMsg:"                            File: Line:0 Function: Type:Debug:
DateTime:2026-09-12 16:24:07.719:"rameList.size():"                            File: Line:0 Function: Type:Debug:
DateTime:2026-09-12 16:24:07.719:"进入报文解析"                            File: Line:0 Function: Type:Debug:
DateTime:2026-09-12 16:24:07.719:"68 92 01 92 01 68 80 00 00 00 00 00 22 60 00 00 01 00 02 55 00 68 55 00 C3 04 00 00 00 00 0E 12 90 78 56 34 12 12 90 78 56 34 12 06 40 06 01 02 36 00 68 12 90 78 56 34 12 68 81 2A 39 38 37 1E 34 39 37 34 43 33 49 4C 36 34 43 33 49 4C 3A 34 43 33 49 4C 39 34 43 33 49 4C 38 34 43 33 49 4C 3B 34 43 33 49 4C 31 16 3E 16 A9 16"                            File: Line:0 Function: Type:Debug:
DateTime:2026-09-12 16:24:07.719:"解码完成，功能码: 4"                            File: Line:0 Function: Type:Debug:
DateTime:2026-09-12 16:24:07.719:"工装回复透传报文"                            File: Line:0 Function: Type:Debug:
DateTime:2026-09-12 16:24:07.719:"025500685500C304000000000E129078563412129078563412064006010236006812907856341268812A3938371E343937344333494C36344333494C3A344333494C39344333494C38344333494C3B344333494C31163E16"                            File: Line:0 Function: Type:Debug:
DateTime:2026-09-12 16:24:07.719:"内容:68 55 00 c3 04 00 00 00 00 0e 12 90 78 56 34 12 12 90 78 56 34 12 06 40 06 01 02 36 00 68 12 90 78 56 34 12 68 81 2a 39 38 37 1e 34 39 37 34 43 33 49 4c 36 34 43 33 49 4c 3a 34 43 33 49 4c 39 34 43 33 49 4c 38 34 43 33 49 4c 3b 34 43 33 49 4c 31 16 3e 16"                            File: Line:0 Function: Type:Debug:
DateTime:2026-09-12 16:24:09.633:"等待工装回复超时"                            File: Line:0 Function: Type:Debug:
DateTime:2026-09-12 16:24:09.633:"uTimeSecond_ms:5000"                            File: Line:0 Function: Type:Debug:
DateTime:2026-09-12 16:24:09.633:"查找结果: iret=0, wStart=0, dwOutLen=85, dwStreamLen=85, dwFindPos=0"                            File: Line:0 Function: Type:Debug:
DateTime:2026-09-12 16:24:09.633:"Receive:<= 68 55 00 C3 04 00 00 00 00 0E 12 90 78 56 34 12 12 90 78 56 34 12 06 40 06 01 02 36 00 68 12 90 78 56 34 12 68 81 2A 39 38 37 1E 34 39 37 34 43 33 49 4C 36 34 43 33 49 4C 3A 34 43 33 49 4C 39 34 43 33 49 4C 38 34 43 33 49 4C 3B 34 43 33 49 4C 31 16 3E 16"                            File: Line:0 Function: Type:Debug:
DateTime:2026-09-12 16:24:09.633:"解析：功能码-AFN=06H,Fn=55："                            File: Line:0 Function: Type:Debug:
DateTime:2026-09-12 16:24:09.633:"Send(确认)：=> 68 0F 00 43 00 00 00 00 00 0E 50 01 00 A2 16"                            File: Line:0 Function: Type:Debug:
DateTime:2026-09-12 16:24:09.633:"槽位2透传:687E007E006840000000000022600000010002013C00680F004300000000000E500100A216D316"                            File: Line:0 Function: Type:Debug:
DateTime:2026-09-12 16:24:09.633:"工装发送：68 7E 00 7E 00 68 40 00 00 00 00 00 22 60 00 00 01 00 02 01 3C 00 68 0F 00 43 00 00 00 00 00 0E 50 01 00 A2 16 D3 16"                            File: Line:0 Function: Type:Debug:
DateTime:2026-09-12 16:24:09.633:"非预判事件地址:\u00124Vx�\u0012�*0��\u0018"                            File: Line:0 Function: Type:Debug:
DateTime:2026-09-12 16:24:09.633:"uTimeSecond_ms:5000"                            File: Line:0 Function: Type:Debug:
DateTime:2026-09-12 16:24:09.651:"工装接收：68 32 00 32 00 68 80 00 00 00 00 00 00 60 00 00 01 00 E1 16"                            File: Line:0 Function: Type:Debug:
DateTime:2026-09-12 16:24:09.651:"m_baRecvMsg:"                            File: Line:0 Function: Type:Debug:
DateTime:2026-09-12 16:24:09.651:"rameList.size():"                            File: Line:0 Function: Type:Debug:
DateTime:2026-09-12 16:24:09.651:"进入报文解析"                            File: Line:0 Function: Type:Debug:
DateTime:2026-09-12 16:24:09.651:"68 32 00 32 00 68 80 00 00 00 00 00 00 60 00 00 01 00 E1 16"                            File: Line:0 Function: Type:Debug:
DateTime:2026-09-12 16:24:09.651:"解码完成，功能码: 1"                            File: Line:0 Function: Type:Debug:
DateTime:2026-09-12 16:24:09.651:"工装回复确认帧"                            File: Line:0 Function: Type:Debug:
DateTime:2026-09-12 16:24:09.756:"工装接收：68 92 01 92 01 68 80 00 00 00 00 00 22 60 00 00 01 00 02 55 00 68 55 00 C3 04 00 00 00 00 0F 12 90 78 56 34 12 12 90 78 56 34 12 06 40 06 01 02 36 00 68 12 90 78 56 34 12 68 81 2A 39 38 37 1E 35 39 37 34 43 33 49 4C 3B 34 43 33 49 4C 3A 34 43 33 49 4C 38 34 43 33 49 4C 39 34 43 33 49 4C 36 34 43 33 49 4C 32 16 41 16 AF 16"                            File: Line:0 Function: Type:Debug:
DateTime:2026-09-12 16:24:09.756:"m_baRecvMsg:"                            File: Line:0 Function: Type:Debug:
DateTime:2026-09-12 16:24:09.756:"rameList.size():"                            File: Line:0 Function: Type:Debug:
DateTime:2026-09-12 16:24:09.756:"进入报文解析"                            File: Line:0 Function: Type:Debug:
DateTime:2026-09-12 16:24:09.756:"68 92 01 92 01 68 80 00 00 00 00 00 22 60 00 00 01 00 02 55 00 68 55 00 C3 04 00 00 00 00 0F 12 90 78 56 34 12 12 90 78 56 34 12 06 40 06 01 02 36 00 68 12 90 78 56 34 12 68 81 2A 39 38 37 1E 35 39 37 34 43 33 49 4C 3B 34 43 33 49 4C 3A 34 43 33 49 4C 38 34 43 33 49 4C 39 34 43 33 49 4C 36 34 43 33 49 4C 32 16 41 16 AF 16"                            File: Line:0 Function: Type:Debug:
DateTime:2026-09-12 16:24:09.756:"解码完成，功能码: 4"                            File: Line:0 Function: Type:Debug:
DateTime:2026-09-12 16:24:09.756:"工装回复透传报文"                            File: Line:0 Function: Type:Debug:
DateTime:2026-09-12 16:24:09.756:"025500685500C304000000000F129078563412129078563412064006010236006812907856341268812A3938371E353937344333494C3B344333494C3A344333494C38344333494C39344333494C36344333494C32164116"                            File: Line:0 Function: Type:Debug:
DateTime:2026-09-12 16:24:09.756:"内容:68 55 00 c3 04 00 00 00 00 0f 12 90 78 56 34 12 12 90 78 56 34 12 06 40 06 01 02 36 00 68 12 90 78 56 34 12 68 81 2a 39 38 37 1e 35 39 37 34 43 33 49 4c 3b 34 43 33 49 4c 3a 34 43 33 49 4c 38 34 43 33 49 4c 39 34 43 33 49 4c 36 34 43 33 49 4c 32 16 41 16"                            File: Line:0 Function: Type:Debug:
DateTime:2026-09-12 16:24:12.678:"查找结果: iret=0, wStart=0, dwOutLen=85, dwStreamLen=85, dwFindPos=0"                            File: Line:0 Function: Type:Debug:
DateTime:2026-09-12 16:24:12.678:"Receive:<= 68 55 00 C3 04 00 00 00 00 0F 12 90 78 56 34 12 12 90 78 56 34 12 06 40 06 01 02 36 00 68 12 90 78 56 34 12 68 81 2A 39 38 37 1E 35 39 37 34 43 33 49 4C 3B 34 43 33 49 4C 3A 34 43 33 49 4C 38 34 43 33 49 4C 39 34 43 33 49 4C 36 34 43 33 49 4C 32 16 41 16"                            File: Line:0 Function: Type:Debug:
DateTime:2026-09-12 16:24:12.678:"解析：功能码-AFN=06H,Fn=55："                            File: Line:0 Function: Type:Debug:
DateTime:2026-09-12 16:24:12.678:"Send(确认)：=> 68 0F 00 43 00 00 00 00 00 0F 50 01 00 A3 16"                            File: Line:0 Function: Type:Debug:
DateTime:2026-09-12 16:24:12.678:"槽位2透传:687E007E006840000000000022600000010002013C00680F004300000000000F500100A316D516"                            File: Line:0 Function: Type:Debug:
DateTime:2026-09-12 16:24:12.678:"工装发送：68 7E 00 7E 00 68 40 00 00 00 00 00 22 60 00 00 01 00 02 01 3C 00 68 0F 00 43 00 00 00 00 00 0F 50 01 00 A3 16 D5 16"                            File: Line:0 Function: Type:Debug:
DateTime:2026-09-12 16:24:12.678:"非预判事件地址:\u00124Vx�\u0012�*@��\u0018"                            File: Line:0 Function: Type:Debug:
DateTime:2026-09-12 16:24:12.678:"uTimeSecond_ms:5000"                            File: Line:0 Function: Type:Debug:
DateTime:2026-09-12 16:24:12.696:"工装接收：68 32 00 32 00 68 80 00 00 00 00 00 00 60 00 00 01 00 E1 16"                            File: Line:0 Function: Type:Debug:
DateTime:2026-09-12 16:24:12.696:"m_baRecvMsg:"                            File: Line:0 Function: Type:Debug:
DateTime:2026-09-12 16:24:12.696:"rameList.size():"                            File: Line:0 Function: Type:Debug:
DateTime:2026-09-12 16:24:12.696:"进入报文解析"                            File: Line:0 Function: Type:Debug:
DateTime:2026-09-12 16:24:12.696:"68 32 00 32 00 68 80 00 00 00 00 00 00 60 00 00 01 00 E1 16"                            File: Line:0 Function: Type:Debug:
DateTime:2026-09-12 16:24:12.696:"解码完成，功能码: 1"                            File: Line:0 Function: Type:Debug:
DateTime:2026-09-12 16:24:12.696:"工装回复确认帧"                            File: Line:0 Function: Type:Debug:
DateTime:2026-09-12 16:24:18.740:"等待工装回复超时"                            File: Line:0 Function: Type:Debug:
DateTime:2026-09-12 16:24:18.740:"uTimeSecond_ms:5000"                            File: Line:0 Function: Type:Debug:
DateTime:2026-09-12 16:24:21.761:"等待工装回复超时"                            File: Line:0 Function: Type:Debug:
DateTime:2026-09-12 16:24:24.783:"等待工装回复超时"                            File: Line:0 Function: Type:Debug:
DateTime:2026-09-12 16:24:24.783:"uTimeSecond_ms:5000"                            File: Line:0 Function: Type:Debug:
DateTime:2026-09-12 16:24:27.805:"等待工装回复超时"                            File: Line:0 Function: Type:Debug:
DateTime:2026-09-12 16:24:30.827:"等待工装回复超时"                            File: Line:0 Function: Type:Debug:
DateTime:2026-09-12 16:24:30.827:"uTimeSecond_ms:5000"                            File: Line:0 Function: Type:Debug:
DateTime:2026-09-12 16:24:33.849:"等待工装回复超时"                            File: Line:0 Function: Type:Debug:
DateTime:2026-09-12 16:24:36.871:"等待工装回复超时"                            File: Line:0 Function: Type:Debug:
DateTime:2026-09-12 16:24:36.871:"uTimeSecond_ms:5000"                            File: Line:0 Function: Type:Debug:
DateTime:2026-09-12 16:24:36.952:"工装接收：68 7A 00 7A 00 68 80 00 00 00 00 00 22 60 00 00 01 00 02 0F 00 68 0F 00 C3 00 00 00 00 00 10 14 02 00 E9 16 73 16"                            File: Line:0 Function: Type:Debug:
DateTime:2026-09-12 16:24:36.952:"m_baRecvMsg:"                            File: Line:0 Function: Type:Debug:
DateTime:2026-09-12 16:24:36.952:"rameList.size():"                            File: Line:0 Function: Type:Debug:
DateTime:2026-09-12 16:24:36.953:"进入报文解析"                            File: Line:0 Function: Type:Debug:
DateTime:2026-09-12 16:24:36.953:"68 7A 00 7A 00 68 80 00 00 00 00 00 22 60 00 00 01 00 02 0F 00 68 0F 00 C3 00 00 00 00 00 10 14 02 00 E9 16 73 16"                            File: Line:0 Function: Type:Debug:
DateTime:2026-09-12 16:24:36.953:"解码完成，功能码: 4"                            File: Line:0 Function: Type:Debug:
DateTime:2026-09-12 16:24:36.953:"工装回复透传报文"                            File: Line:0 Function: Type:Debug:
DateTime:2026-09-12 16:24:36.953:"020F00680F00C3000000000010140200E916"                            File: Line:0 Function: Type:Debug:
DateTime:2026-09-12 16:24:36.953:"内容:68 0f 00 c3 00 00 00 00 00 10 14 02 00 e9 16"                            File: Line:0 Function: Type:Debug:
DateTime:2026-09-12 16:24:39.874:"等待工装回复超时"                            File: Line:0 Function: Type:Debug:
DateTime:2026-09-12 16:24:39.874:"查找结果: iret=0, wStart=0, dwOutLen=15, dwStreamLen=15, dwFindPos=0"                            File: Line:0 Function: Type:Debug:
DateTime:2026-09-12 16:24:39.874:"Receive:<= 68 0F 00 C3 00 00 00 00 00 10 14 02 00 E9 16"                            File: Line:0 Function: Type:Debug:
DateTime:2026-09-12 16:24:39.874:"解析：功能码-AFN=14H,Fn=2："                            File: Line:0 Function: Type:Debug:
DateTime:2026-09-12 16:24:39.874:"Send(回复路由请求集中器时钟)：=> 68 15 00 03 00 00 00 00 00 10 14 02 00 39 24 16 12 09 26 DD 16"                            File: Line:0 Function: Type:Debug:
DateTime:2026-09-12 16:24:39.874:"槽位2透传:68960096006840000000000022600000010002013C0068150003000000000010140200392416120926DD164F16"                            File: Line:0 Function: Type:Debug:
DateTime:2026-09-12 16:24:39.874:"工装发送：68 96 00 96 00 68 40 00 00 00 00 00 22 60 00 00 01 00 02 01 3C 00 68 15 00 03 00 00 00 00 00 10 14 02 00 39 24 16 12 09 26 DD 16 4F 16"                            File: Line:0 Function: Type:Debug:
DateTime:2026-09-12 16:24:39.899:"工装接收：68 32 00 32 00 68 80 00 00 00 00 00 00 60 00 00 01 00 E1 16"                            File: Line:0 Function: Type:Debug:
DateTime:2026-09-12 16:24:39.899:"m_baRecvMsg:"                            File: Line:0 Function: Type:Debug:
DateTime:2026-09-12 16:24:39.899:"rameList.size():"                            File: Line:0 Function: Type:Debug:
DateTime:2026-09-12 16:24:39.899:"进入报文解析"                            File: Line:0 Function: Type:Debug:
DateTime:2026-09-12 16:24:39.899:"68 32 00 32 00 68 80 00 00 00 00 00 00 60 00 00 01 00 E1 16"                            File: Line:0 Function: Type:Debug:
DateTime:2026-09-12 16:24:39.899:"解码完成，功能码: 1"                            File: Line:0 Function: Type:Debug:
DateTime:2026-09-12 16:24:39.899:"工装回复确认帧"                            File: Line:0 Function: Type:Debug:
DateTime:2026-09-12 16:24:42.921:"uTimeSecond_ms:5000"                            File: Line:0 Function: Type:Debug:
DateTime:2026-09-12 16:24:45.943:"等待工装回复超时"                            File: Line:0 Function: Type:Debug:
DateTime:2026-09-12 16:24:48.965:"等待工装回复超时"                            File: Line:0 Function: Type:Debug:
DateTime:2026-09-12 16:24:48.965:"uTimeSecond_ms:5000"                            File: Line:0 Function: Type:Debug:
DateTime:2026-09-12 16:24:49.440:"工装接收：68 1A 01 1A 01 68 80 00 00 00 00 00 22 60 00 00 01 00 02 37 00 68 37 00 C3 04 00 00 00 00 12 07 01 10 00 16 19 12 90 78 56 34 12 06 40 06 01 02 18 00 68 07 01 10 00 16 19 68 81 0C 34 34 36 1E 34 45 C3 AB 89 67 45 97 13 16 79 16 E3 16"                            File: Line:0 Function: Type:Debug:
DateTime:2026-09-12 16:24:49.440:"m_baRecvMsg:"                            File: Line:0 Function: Type:Debug:
DateTime:2026-09-12 16:24:49.440:"rameList.size():"                            File: Line:0 Function: Type:Debug:
DateTime:2026-09-12 16:24:49.440:"进入报文解析"                            File: Line:0 Function: Type:Debug:
DateTime:2026-09-12 16:24:49.440:"68 1A 01 1A 01 68 80 00 00 00 00 00 22 60 00 00 01 00 02 37 00 68 37 00 C3 04 00 00 00 00 12 07 01 10 00 16 19 12 90 78 56 34 12 06 40 06 01 02 18 00 68 07 01 10 00 16 19 68 81 0C 34 34 36 1E 34 45 C3 AB 89 67 45 97 13 16 79 16 E3 16"                            File: Line:0 Function: Type:Debug:
DateTime:2026-09-12 16:24:49.440:"解码完成，功能码: 4"                            File: Line:0 Function: Type:Debug:
DateTime:2026-09-12 16:24:49.440:"工装回复透传报文"                            File: Line:0 Function: Type:Debug:
DateTime:2026-09-12 16:24:49.440:"023700683700C3040000000012070110001619129078563412064006010218006807011000161968810C3434361E3445C3AB8967459713167916"                            File: Line:0 Function: Type:Debug:
DateTime:2026-09-12 16:24:49.440:"内容:68 37 00 c3 04 00 00 00 00 12 07 01 10 00 16 19 12 90 78 56 34 12 06 40 06 01 02 18 00 68 07 01 10 00 16 19 68 81 0c 34 34 36 1e 34 45 c3 ab 89 67 45 97 13 16 79 16"                            File: Line:0 Function: Type:Debug:
DateTime:2026-09-12 16:24:52.059:"等待工装回复超时"                            File: Line:0 Function: Type:Debug:
DateTime:2026-09-12 16:24:52.059:"查找结果: iret=0, wStart=0, dwOutLen=55, dwStreamLen=55, dwFindPos=0"                            File: Line:0 Function: Type:Debug:
DateTime:2026-09-12 16:24:52.059:"Receive:<= 68 37 00 C3 04 00 00 00 00 12 07 01 10 00 16 19 12 90 78 56 34 12 06 40 06 01 02 18 00 68 07 01 10 00 16 19 68 81 0C 34 34 36 1E 34 45 C3 AB 89 67 45 97 13 16 79 16"                            File: Line:0 Function: Type:Debug:
DateTime:2026-09-12 16:24:52.059:"解析：功能码-AFN=06H,Fn=55："                            File: Line:0 Function: Type:Debug:
DateTime:2026-09-12 16:24:52.059:"Send(确认)：=> 68 0F 00 43 00 00 00 00 00 12 50 01 00 A6 16"                            File: Line:0 Function: Type:Debug:
DateTime:2026-09-12 16:24:52.059:"槽位2透传:687E007E006840000000000022600000010002013C00680F0043000000000012500100A616DB16"                            File: Line:0 Function: Type:Debug:
DateTime:2026-09-12 16:24:52.059:"工装发送：68 7E 00 7E 00 68 40 00 00 00 00 00 22 60 00 00 01 00 02 01 3C 00 68 0F 00 43 00 00 00 00 00 12 50 01 00 A6 16 DB 16"                            File: Line:0 Function: Type:Debug:
DateTime:2026-09-12 16:24:52.059:"非预判事件地址:    \u0019\u0016"                            File: Line:0 Function: Type:Debug:
DateTime:2026-09-12 16:24:52.059:"uTimeSecond_ms:5000"                            File: Line:0 Function: Type:Debug:
DateTime:2026-09-12 16:24:52.077:"工装接收：68 32 00 32 00 68 80 00 00 00 00 00 00 60 00 00 01 00 E1 16"                            File: Line:0 Function: Type:Debug:
DateTime:2026-09-12 16:24:52.077:"m_baRecvMsg:"                            File: Line:0 Function: Type:Debug:
DateTime:2026-09-12 16:24:52.077:"rameList.size():"                            File: Line:0 Function: Type:Debug:
DateTime:2026-09-12 16:24:52.077:"进入报文解析"                            File: Line:0 Function: Type:Debug:
DateTime:2026-09-12 16:24:52.077:"68 32 00 32 00 68 80 00 00 00 00 00 00 60 00 00 01 00 E1 16"                            File: Line:0 Function: Type:Debug:
DateTime:2026-09-12 16:24:52.077:"解码完成，功能码: 1"                            File: Line:0 Function: Type:Debug:
DateTime:2026-09-12 16:24:52.077:"工装回复确认帧"                            File: Line:0 Function: Type:Debug:
DateTime:2026-09-12 16:24:58.121:"等待工装回复超时"                            File: Line:0 Function: Type:Debug:
DateTime:2026-09-12 16:24:58.121:"uTimeSecond_ms:5000"                            File: Line:0 Function: Type:Debug:
DateTime:2026-09-12 16:25:01.143:"等待工装回复超时"                            File: Line:0 Function: Type:Debug:
DateTime:2026-09-12 16:25:04.165:"等待工装回复超时"                            File: Line:0 Function: Type:Debug:
DateTime:2026-09-12 16:25:04.165:"uTimeSecond_ms:5000"                            File: Line:0 Function: Type:Debug:
DateTime:2026-09-12 16:25:07.187:"等待工装回复超时"                            File: Line:0 Function: Type:Debug:
DateTime:2026-09-12 16:25:10.209:"等待工装回复超时"                            File: Line:0 Function: Type:Debug:
DateTime:2026-09-12 16:25:10.209:"uTimeSecond_ms:5000"                            File: Line:0 Function: Type:Debug:
DateTime:2026-09-12 16:25:13.231:"等待工装回复超时"                            File: Line:0 Function: Type:Debug:
DateTime:2026-09-12 16:25:16.253:"等待工装回复超时"                            File: Line:0 Function: Type:Debug:
DateTime:2026-09-12 16:25:16.253:"uTimeSecond_ms:5000"                            File: Line:0 Function: Type:Debug:
DateTime:2026-09-12 16:25:19.275:"等待工装回复超时"                            File: Line:0 Function: Type:Debug:
DateTime:2026-09-12 16:25:22.297:"等待工装回复超时"                            File: Line:0 Function: Type:Debug:
DateTime:2026-09-12 16:25:22.297:"uTimeSecond_ms:5000"                            File: Line:0 Function: Type:Debug:
DateTime:2026-09-12 16:25:25.318:"等待工装回复超时"                            File: Line:0 Function: Type:Debug:
DateTime:2026-09-12 16:25:25.910:"工装接收：68 7A 00 7A 00 68 80 00 00 00 00 00 22 60 00 00 01 00 02 0F 00 68 0F 00 C3 00 00 00 00 00 13 14 02 00 EC 16 79 16"                            File: Line:0 Function: Type:Debug:
DateTime:2026-09-12 16:25:25.911:"m_baRecvMsg:"                            File: Line:0 Function: Type:Debug:
DateTime:2026-09-12 16:25:25.911:"rameList.size():"                            File: Line:0 Function: Type:Debug:
DateTime:2026-09-12 16:25:25.911:"进入报文解析"                            File: Line:0 Function: Type:Debug:
DateTime:2026-09-12 16:25:25.911:"68 7A 00 7A 00 68 80 00 00 00 00 00 22 60 00 00 01 00 02 0F 00 68 0F 00 C3 00 00 00 00 00 13 14 02 00 EC 16 79 16"                            File: Line:0 Function: Type:Debug:
DateTime:2026-09-12 16:25:25.911:"解码完成，功能码: 4"                            File: Line:0 Function: Type:Debug:
DateTime:2026-09-12 16:25:25.911:"工装回复透传报文"                            File: Line:0 Function: Type:Debug:
DateTime:2026-09-12 16:25:25.911:"020F00680F00C3000000000013140200EC16"                            File: Line:0 Function: Type:Debug:
DateTime:2026-09-12 16:25:25.911:"内容:68 0f 00 c3 00 00 00 00 00 13 14 02 00 ec 16"                            File: Line:0 Function: Type:Debug:
DateTime:2026-09-12 16:25:28.328:"等待工装回复超时"                            File: Line:0 Function: Type:Debug:
DateTime:2026-09-12 16:25:28.328:"uTimeSecond_ms:5000"                            File: Line:0 Function: Type:Debug:
DateTime:2026-09-12 16:25:28.328:"查找结果: iret=0, wStart=0, dwOutLen=15, dwStreamLen=15, dwFindPos=0"                            File: Line:0 Function: Type:Debug:
DateTime:2026-09-12 16:25:28.328:"Receive:<= 68 0F 00 C3 00 00 00 00 00 13 14 02 00 EC 16"                            File: Line:0 Function: Type:Debug:
DateTime:2026-09-12 16:25:28.328:"解析：功能码-AFN=14H,Fn=2："                            File: Line:0 Function: Type:Debug:
DateTime:2026-09-12 16:25:28.328:"Send(回复路由请求集中器时钟)：=> 68 15 00 03 00 00 00 00 00 13 14 02 00 28 25 16 12 09 26 D0 16"                            File: Line:0 Function: Type:Debug:
DateTime:2026-09-12 16:25:28.328:"槽位2透传:68960096006840000000000022600000010002013C0068150003000000000013140200282516120926D0163516"                            File: Line:0 Function: Type:Debug:
DateTime:2026-09-12 16:25:28.328:"工装发送：68 96 00 96 00 68 40 00 00 00 00 00 22 60 00 00 01 00 02 01 3C 00 68 15 00 03 00 00 00 00 00 13 14 02 00 28 25 16 12 09 26 D0 16 35 16"                            File: Line:0 Function: Type:Debug:
DateTime:2026-09-12 16:25:28.353:"工装接收：68 32 00 32 00 68 80 00 00 00 00 00 00 60 00 00 01 00 E1 16"                            File: Line:0 Function: Type:Debug:
DateTime:2026-09-12 16:25:28.353:"m_baRecvMsg:"                            File: Line:0 Function: Type:Debug:
DateTime:2026-09-12 16:25:28.353:"rameList.size():"                            File: Line:0 Function: Type:Debug:
DateTime:2026-09-12 16:25:28.353:"进入报文解析"                            File: Line:0 Function: Type:Debug:
DateTime:2026-09-12 16:25:28.353:"68 32 00 32 00 68 80 00 00 00 00 00 00 60 00 00 01 00 E1 16"                            File: Line:0 Function: Type:Debug:
DateTime:2026-09-12 16:25:28.353:"解码完成，功能码: 1"                            File: Line:0 Function: Type:Debug:
DateTime:2026-09-12 16:25:28.353:"工装回复确认帧"                            File: Line:0 Function: Type:Debug:
DateTime:2026-09-12 16:25:34.397:"等待工装回复超时"                            File: Line:0 Function: Type:Debug:
DateTime:2026-09-12 16:25:34.397:"uTimeSecond_ms:5000"                            File: Line:0 Function: Type:Debug:
DateTime:2026-09-12 16:25:37.419:"等待工装回复超时"                            File: Line:0 Function: Type:Debug:
DateTime:2026-09-12 16:25:40.441:"等待工装回复超时"                            File: Line:0 Function: Type:Debug:
DateTime:2026-09-12 16:25:40.441:"uTimeSecond_ms:5000"                            File: Line:0 Function: Type:Debug:
DateTime:2026-09-12 16:25:43.463:"等待工装回复超时"                            File: Line:0 Function: Type:Debug:
DateTime:2026-09-12 16:25:46.485:"等待工装回复超时"                            File: Line:0 Function: Type:Debug:
DateTime:2026-09-12 16:25:46.485:"uTimeSecond_ms:5000"                            File: Line:0 Function: Type:Debug:
DateTime:2026-09-12 16:25:49.507:"等待工装回复超时"                            File: Line:0 Function: Type:Debug:
DateTime:2026-09-12 16:25:52.529:"等待工装回复超时"                            File: Line:0 Function: Type:Debug:
DateTime:2026-09-12 16:25:52.529:"uTimeSecond_ms:5000"                            File: Line:0 Function: Type:Debug:
DateTime:2026-09-12 16:25:55.551:"等待工装回复超时"                            File: Line:0 Function: Type:Debug:
DateTime:2026-09-12 16:25:58.572:"等待工装回复超时"                            File: Line:0 Function: Type:Debug:
DateTime:2026-09-12 16:25:58.572:"事件上报时间到，成功率:0%"                            File: Line:0 Function: Type:Debug:
DateTime:2026-09-12 16:25:58.572:dll输出信息: ""                            File: Line:0 Function: Type:Debug:
DateTime:2026-09-12 16:25:58.572:接口函数调用成功，返回的结果为 -1                            File: Line:0 Function: Type:Debug:
DateTime:2026-09-12 16:25:58.572:"外部传入的para：0，返回的result：-1,返回的pValRet：-1"                            File: Line:0 Function: Type:Debug:
DateTime:2026-09-12 16:25:58.572:返回结果不满足预期值                            File: Line:0 Function: Type:Debug:
DateTime:2026-09-12 16:25:58.574:coorIndex 0                            File: Line:0 Function: Type:Debug:
DateTime:2026-09-12 16:25:58.574:当前流程结束                            File: Line:0 Function: Type:Debug:
DateTime:2026-09-12 16:25:58.574:退出connect函数                            File: Line:0 Function: Type:Debug:
DateTime:2026-09-12 16:25:58.574:"=========【Step35-双字节上报(645格式)】结束=========="                            File: Line:0 Function: Type:Debug:
DateTime:2026-09-12 16:25:58.574:"-----------------------------"                            File: Line:0 Function: Type:Debug:
DateTime:2026-09-12 16:25:58.577:"=============执行【Step36-EB040503设置698格式】==================="                            File: Line:0 Function: Type:Debug:
DateTime:2026-09-12 16:25:58.578:"执行接口函数CCO_AFN52_F1_EB040503_set"                            File: Line:0 Function: Type:Debug:
DateTime:2026-09-12 16:25:58.578:callWorkFunction: CCO_AFN52_F1_EB040503_set                            File: Line:0 Function: Type:Debug:
DateTime:2026-09-12 16:25:58.578:找到对应函数，进入执行                            File: Line:0 Function: Type:Debug:
DateTime:2026-09-12 16:25:59.082:"等待工装回复超时"                            File: Line:0 Function: Type:Debug:
DateTime:2026-09-12 16:25:59.082:"开始组帧"                            File: Line:0 Function: Type:Debug:
DateTime:2026-09-12 16:25:59.082:"组帧结束"                            File: Line:0 Function: Type:Debug:
DateTime:2026-09-12 16:25:59.082:"367.2Send:数据转发(设置-存量CCO加工处理的事件主动上报方式EB040503)：=>68 34 00 43 00 00 00 00 00 2F 52 01 00 02 12 90 78 56 34 12 6B 8A E8 19 00 68 12 90 78 56 34 12 68 14 0D 36 38 37 1E 3B 33 33 33 44 44 44 44 34 82 16 8D 16"                            File: Line:0 Function: Type:Debug:
DateTime:2026-09-12 16:25:59.082:"槽位2透传:68120112016840000000000022600000010002013C006834004300000000002F520100021290785634126B8AE819006812907856341268140D3638371E3B333333444444443482168D16CE16"                            File: Line:0 Function: Type:Debug:
DateTime:2026-09-12 16:25:59.082:"工装发送：68 12 01 12 01 68 40 00 00 00 00 00 22 60 00 00 01 00 02 01 3C 00 68 34 00 43 00 00 00 00 00 2F 52 01 00 02 12 90 78 56 34 12 6B 8A E8 19 00 68 12 90 78 56 34 12 68 14 0D 36 38 37 1E 3B 33 33 33 44 44 44 44 34 82 16 8D 16 CE 16"                            File: Line:0 Function: Type:Debug:
DateTime:2026-09-12 16:25:59.143:"工装接收：68 32 00 32 00 68 80 00 00 00 00 00 00 60 00 00 01 00 E1 16"                            File: Line:0 Function: Type:Debug:
DateTime:2026-09-12 16:25:59.143:"m_baRecvMsg:"                            File: Line:0 Function: Type:Debug:
DateTime:2026-09-12 16:25:59.143:"frameList.size():1"                            File: Line:0 Function: Type:Debug:
DateTime:2026-09-12 16:25:59.143:"进入报文解析"                            File: Line:0 Function: Type:Debug:
DateTime:2026-09-12 16:25:59.143:"68 32 00 32 00 68 80 00 00 00 00 00 00 60 00 00 01 00 E1 16"                            File: Line:0 Function: Type:Debug:
DateTime:2026-09-12 16:25:59.143:"解码完成，功能码: 1"                            File: Line:0 Function: Type:Debug:
DateTime:2026-09-12 16:25:59.143:"工装回复确认帧"                            File: Line:0 Function: Type:Debug:
DateTime:2026-09-12 16:25:59.255:"工装接收：68 CE 00 CE 00 68 80 00 00 00 00 00 22 60 00 00 01 00 02 24 00 68 24 00 80 00 00 00 00 00 2F 52 01 00 02 12 90 78 56 34 12 0C 00 68 12 90 78 56 34 12 68 94 00 1A 16 10 16 EB 16"                            File: Line:0 Function: Type:Debug:
DateTime:2026-09-12 16:25:59.255:"m_baRecvMsg:"                            File: Line:0 Function: Type:Debug:
DateTime:2026-09-12 16:25:59.255:"frameList.size():1"                            File: Line:0 Function: Type:Debug:
DateTime:2026-09-12 16:25:59.255:"进入报文解析"                            File: Line:0 Function: Type:Debug:
DateTime:2026-09-12 16:25:59.255:"68 CE 00 CE 00 68 80 00 00 00 00 00 22 60 00 00 01 00 02 24 00 68 24 00 80 00 00 00 00 00 2F 52 01 00 02 12 90 78 56 34 12 0C 00 68 12 90 78 56 34 12 68 94 00 1A 16 10 16 EB 16"                            File: Line:0 Function: Type:Debug:
DateTime:2026-09-12 16:25:59.255:"解码完成，功能码: 4"                            File: Line:0 Function: Type:Debug:
DateTime:2026-09-12 16:25:59.255:"工装接收到透传报文"                            File: Line:0 Function: Type:Debug:
DateTime:2026-09-12 16:25:59.255:"0224006824008000000000002F520100021290785634120C00681290785634126894001A161016"                            File: Line:0 Function: Type:Debug:
DateTime:2026-09-12 16:25:59.255:"透传报文内容:68 24 00 80 00 00 00 00 00 2f 52 01 00 02 12 90 78 56 34 12 0c 00 68 12 90 78 56 34 12 68 94 00 1a 16 10 16"                            File: Line:0 Function: Type:Debug:
DateTime:2026-09-12 16:26:02.176:"uTimeSecond_ms:30000"                            File: Line:0 Function: Type:Debug:
DateTime:2026-09-12 16:26:02.176:"查找结果: iret=0, wStart=0, dwOutLen=36, dwStreamLen=36, dwFindPos=0"                            File: Line:0 Function: Type:Debug:
DateTime:2026-09-12 16:26:02.176:"Receive:<= 68 24 00 80 00 00 00 00 00 2F 52 01 00 02 12 90 78 56 34 12 0C 00 68 12 90 78 56 34 12 68 94 00 1A 16 10 16"                            File: Line:0 Function: Type:Debug:
DateTime:2026-09-12 16:26:02.176:"解析：功能码-AFN=52H,Fn=1："                            File: Line:0 Function: Type:Debug:
DateTime:2026-09-12 16:26:02.176:"透传回复内容：021290785634120C00681290785634126894001A16"                            File: Line:0 Function: Type:Debug:
DateTime:2026-09-12 16:26:02.176:"设置成功"                            File: Line:0 Function: Type:Debug:
DateTime:2026-09-12 16:26:02.176:dll输出信息: ""                            File: Line:0 Function: Type:Debug:
DateTime:2026-09-12 16:26:02.176:接口函数调用成功，返回的结果为 0                            File: Line:0 Function: Type:Debug:
DateTime:2026-09-12 16:26:02.176:"外部传入的para：0，返回的result：0,返回的pValRet：0"                            File: Line:0 Function: Type:Debug:
DateTime:2026-09-12 16:26:02.176:"执行接口函数CCO_AFN52_F1_EB040503_set完成"                            File: Line:0 Function: Type:Debug:
DateTime:2026-09-12 16:26:02.178:coorIndex 0                            File: Line:0 Function: Type:Debug:
DateTime:2026-09-12 16:26:02.178:当前流程结束                            File: Line:0 Function: Type:Debug:
DateTime:2026-09-12 16:26:02.178:退出connect函数                            File: Line:0 Function: Type:Debug:
DateTime:2026-09-12 16:26:02.178:"=========【Step36-EB040503设置698格式】结束=========="                            File: Line:0 Function: Type:Debug:
DateTime:2026-09-12 16:26:02.178:"-----------------------------"                            File: Line:0 Function: Type:Debug:
DateTime:2026-09-12 16:26:02.179:"=============执行【Step37-参数初始化，清除表档案】==================="                            File: Line:0 Function: Type:Debug:
DateTime:2026-09-12 16:26:02.179:"执行接口函数CCO_AFN51_F2"                            File: Line:0 Function: Type:Debug:
DateTime:2026-09-12 16:26:02.179:callWorkFunction: CCO_AFN51_F2                            File: Line:0 Function: Type:Debug:
DateTime:2026-09-12 16:26:02.179:找到对应函数，进入执行                            File: Line:0 Function: Type:Debug:
DateTime:2026-09-12 16:26:02.682:"等待工装回复超时"                            File: Line:0 Function: Type:Debug:
DateTime:2026-09-12 16:26:02.682:"开始组帧"                            File: Line:0 Function: Type:Debug:
DateTime:2026-09-12 16:26:02.682:"组帧结束"                            File: Line:0 Function: Type:Debug:
DateTime:2026-09-12 16:26:02.682:"367.2Send:参数初始化(51H-F2)：=>68 0F 00 43 00 00 00 00 00 30 51 02 00 C6 16"                            File: Line:0 Function: Type:Debug:
DateTime:2026-09-12 16:26:02.682:"槽位2透传:687E007E006840000000000022600000010002013C00680F0043000000000030510200C6161B16"                            File: Line:0 Function: Type:Debug:
DateTime:2026-09-12 16:26:02.682:"工装发送：68 7E 00 7E 00 68 40 00 00 00 00 00 22 60 00 00 01 00 02 01 3C 00 68 0F 00 43 00 00 00 00 00 30 51 02 00 C6 16 1B 16"                            File: Line:0 Function: Type:Debug:
DateTime:2026-09-12 16:26:02.700:"工装接收：68 32 00 32 00 68 80 00 00 00 00 00 00 60 00 00 01 00 E1 16"                            File: Line:0 Function: Type:Debug:
DateTime:2026-09-12 16:26:02.700:"m_baRecvMsg:"                            File: Line:0 Function: Type:Debug:
DateTime:2026-09-12 16:26:02.700:"frameList.size():1"                            File: Line:0 Function: Type:Debug:
DateTime:2026-09-12 16:26:02.700:"进入报文解析"                            File: Line:0 Function: Type:Debug:
DateTime:2026-09-12 16:26:02.700:"68 32 00 32 00 68 80 00 00 00 00 00 00 60 00 00 01 00 E1 16"                            File: Line:0 Function: Type:Debug:
DateTime:2026-09-12 16:26:02.700:"解码完成，功能码: 1"                            File: Line:0 Function: Type:Debug:
DateTime:2026-09-12 16:26:02.700:"工装回复确认帧"                            File: Line:0 Function: Type:Debug:
DateTime:2026-09-12 16:26:02.745:"工装接收：68 7A 00 7A 00 68 80 00 00 00 00 00 22 60 00 00 01 00 02 0F 00 68 0F 00 80 00 00 00 00 00 30 50 01 00 01 16 A3 16"                            File: Line:0 Function: Type:Debug:
DateTime:2026-09-12 16:26:02.745:"m_baRecvMsg:"                            File: Line:0 Function: Type:Debug:
DateTime:2026-09-12 16:26:02.745:"frameList.size():1"                            File: Line:0 Function: Type:Debug:
DateTime:2026-09-12 16:26:02.745:"进入报文解析"                            File: Line:0 Function: Type:Debug:
DateTime:2026-09-12 16:26:02.745:"68 7A 00 7A 00 68 80 00 00 00 00 00 22 60 00 00 01 00 02 0F 00 68 0F 00 80 00 00 00 00 00 30 50 01 00 01 16 A3 16"                            File: Line:0 Function: Type:Debug:
DateTime:2026-09-12 16:26:02.745:"解码完成，功能码: 4"                            File: Line:0 Function: Type:Debug:
DateTime:2026-09-12 16:26:02.745:"工装接收到透传报文"                            File: Line:0 Function: Type:Debug:
DateTime:2026-09-12 16:26:02.745:"020F00680F00800000000000305001000116"                            File: Line:0 Function: Type:Debug:
DateTime:2026-09-12 16:26:02.745:"透传报文内容:68 0f 00 80 00 00 00 00 00 30 50 01 00 01 16"                            File: Line:0 Function: Type:Debug:
DateTime:2026-09-12 16:26:05.767:"uTimeSecond_ms:20000"                            File: Line:0 Function: Type:Debug:
DateTime:2026-09-12 16:26:05.767:"查找结果: iret=0, wStart=0, dwOutLen=15, dwStreamLen=15, dwFindPos=0"                            File: Line:0 Function: Type:Debug:
DateTime:2026-09-12 16:26:05.767:"Receive:<= 68 0F 00 80 00 00 00 00 00 30 50 01 00 01 16"                            File: Line:0 Function: Type:Debug:
DateTime:2026-09-12 16:26:05.767:"解析：功能码-AFN=50H,Fn=1："                            File: Line:0 Function: Type:Debug:
DateTime:2026-09-12 16:26:05.767:"参数区初始化成功"                            File: Line:0 Function: Type:Debug:
DateTime:2026-09-12 16:26:05.767:dll输出信息: ""                            File: Line:0 Function: Type:Debug:
DateTime:2026-09-12 16:26:05.767:接口函数调用成功，返回的结果为 0                            File: Line:0 Function: Type:Debug:
DateTime:2026-09-12 16:26:05.767:"外部传入的para：0，返回的result：0,返回的pValRet：0"                            File: Line:0 Function: Type:Debug:
DateTime:2026-09-12 16:26:05.767:"执行接口函数CCO_AFN51_F2完成"                            File: Line:0 Function: Type:Debug:
DateTime:2026-09-12 16:26:05.769:coorIndex 0                            File: Line:0 Function: Type:Debug:
DateTime:2026-09-12 16:26:05.769:当前流程结束                            File: Line:0 Function: Type:Debug:
DateTime:2026-09-12 16:26:05.769:退出connect函数                            File: Line:0 Function: Type:Debug:
DateTime:2026-09-12 16:26:05.769:"=========【Step37-参数初始化，清除表档案】结束=========="                            File: Line:0 Function: Type:Debug:
DateTime:2026-09-12 16:26:05.769:"-----------------------------"                            File: Line:0 Function: Type:Debug:
DateTime:2026-09-12 16:26:05.769:"=============执行【执行延时】==================="                            File: Line:0 Function: Type:Debug:
DateTime:2026-09-12 16:26:05.770:"执行接口函数Func_Delay"                            File: Line:0 Function: Type:Debug:
DateTime:2026-09-12 16:26:05.770:callWorkFunction: Func_Delay                            File: Line:0 Function: Type:Debug:
DateTime:2026-09-12 16:26:05.770:找到对应函数，进入执行                            File: Line:0 Function: Type:Debug:
DateTime:2026-09-12 16:26:05.770:"延时时间为5s"                            File: Line:0 Function: Type:Debug:
DateTime:2026-09-12 16:26:05.770:"uTimeSecond_ms:5000"                            File: Line:0 Function: Type:Debug:
DateTime:2026-09-12 16:26:08.792:"等待工装回复超时"                            File: Line:0 Function: Type:Debug:
DateTime:2026-09-12 16:26:11.814:"等待工装回复超时"                            File: Line:0 Function: Type:Debug:
DateTime:2026-09-12 16:26:11.814:"延时时间到"                            File: Line:0 Function: Type:Debug:
DateTime:2026-09-12 16:26:11.915:dll输出信息: ""                            File: Line:0 Function: Type:Debug:
DateTime:2026-09-12 16:26:11.915:接口函数调用成功，返回的结果为 0                            File: Line:0 Function: Type:Debug:
DateTime:2026-09-12 16:26:11.915:"外部传入的para：0，返回的result：0,返回的pValRet：0"                            File: Line:0 Function: Type:Debug:
DateTime:2026-09-12 16:26:11.915:"执行接口函数Func_Delay完成"                            File: Line:0 Function: Type:Debug:
DateTime:2026-09-12 16:26:11.916:coorIndex 0                            File: Line:0 Function: Type:Debug:
DateTime:2026-09-12 16:26:11.916:当前流程结束                            File: Line:0 Function: Type:Debug:
DateTime:2026-09-12 16:26:11.916:退出connect函数                            File: Line:0 Function: Type:Debug:
DateTime:2026-09-12 16:26:11.916:"=========【执行延时】结束=========="                            File: Line:0 Function: Type:Debug:
DateTime:2026-09-12 16:26:11.916:"-----------------------------"                            File: Line:0 Function: Type:Debug:
DateTime:2026-09-12 16:26:11.916:"=============执行【Step38-启动搜表，等待上报】==================="                            File: Line:0 Function: Type:Debug:
DateTime:2026-09-12 16:26:11.917:"执行接口函数CCO_AFN55_F6"                            File: Line:0 Function: Type:Debug:
DateTime:2026-09-12 16:26:11.917:callWorkFunction: CCO_AFN55_F6                            File: Line:0 Function: Type:Debug:
DateTime:2026-09-12 16:26:11.917:找到对应函数，进入执行                            File: Line:0 Function: Type:Debug:
DateTime:2026-09-12 16:26:12.420:"等待工装回复超时"                            File: Line:0 Function: Type:Debug:
DateTime:2026-09-12 16:26:12.420:"开始组帧"                            File: Line:0 Function: Type:Debug:
DateTime:2026-09-12 16:26:12.420:"组帧结束"                            File: Line:0 Function: Type:Debug:
DateTime:2026-09-12 16:26:12.420:"367.2Send:启动从节点主动注册(55H-F6)：=>68 11 00 43 00 00 00 00 00 31 55 20 00 05 00 EE 16"                            File: Line:0 Function: Type:Debug:
DateTime:2026-09-12 16:26:12.420:"槽位2透传:68860086006840000000000022600000010002013C00681100430000000000315520000500EE166D16"                            File: Line:0 Function: Type:Debug:
DateTime:2026-09-12 16:26:12.420:"工装发送：68 86 00 86 00 68 40 00 00 00 00 00 22 60 00 00 01 00 02 01 3C 00 68 11 00 43 00 00 00 00 00 31 55 20 00 05 00 EE 16 6D 16"                            File: Line:0 Function: Type:Debug:
DateTime:2026-09-12 16:26:12.440:"工装接收：68 32 00 32 00 68 80 00 00 00 00 00 00 60 00 00 01 00 E1 16"                            File: Line:0 Function: Type:Debug:
DateTime:2026-09-12 16:26:12.440:"m_baRecvMsg:"                            File: Line:0 Function: Type:Debug:
DateTime:2026-09-12 16:26:12.440:"frameList.size():1"                            File: Line:0 Function: Type:Debug:
DateTime:2026-09-12 16:26:12.440:"进入报文解析"                            File: Line:0 Function: Type:Debug:
DateTime:2026-09-12 16:26:12.440:"68 32 00 32 00 68 80 00 00 00 00 00 00 60 00 00 01 00 E1 16"                            File: Line:0 Function: Type:Debug:
DateTime:2026-09-12 16:26:12.440:"解码完成，功能码: 1"                            File: Line:0 Function: Type:Debug:
DateTime:2026-09-12 16:26:12.440:"工装回复确认帧"                            File: Line:0 Function: Type:Debug:
DateTime:2026-09-12 16:26:12.539:"工装接收：68 7A 00 7A 00 68 80 00 00 00 00 00 22 60 00 00 01 00 02 0F 00 68 0F 00 80 00 00 00 00 00 31 50 01 00 02 16 A5 16"                            File: Line:0 Function: Type:Debug:
DateTime:2026-09-12 16:26:12.539:"m_baRecvMsg:"                            File: Line:0 Function: Type:Debug:
DateTime:2026-09-12 16:26:12.539:"frameList.size():1"                            File: Line:0 Function: Type:Debug:
DateTime:2026-09-12 16:26:12.539:"进入报文解析"                            File: Line:0 Function: Type:Debug:
DateTime:2026-09-12 16:26:12.539:"68 7A 00 7A 00 68 80 00 00 00 00 00 22 60 00 00 01 00 02 0F 00 68 0F 00 80 00 00 00 00 00 31 50 01 00 02 16 A5 16"                            File: Line:0 Function: Type:Debug:
DateTime:2026-09-12 16:26:12.539:"解码完成，功能码: 4"                            File: Line:0 Function: Type:Debug:
DateTime:2026-09-12 16:26:12.539:"工装接收到透传报文"                            File: Line:0 Function: Type:Debug:
DateTime:2026-09-12 16:26:12.539:"020F00680F00800000000000315001000216"                            File: Line:0 Function: Type:Debug:
DateTime:2026-09-12 16:26:12.539:"透传报文内容:68 0f 00 80 00 00 00 00 00 31 50 01 00 02 16"                            File: Line:0 Function: Type:Debug:
DateTime:2026-09-12 16:26:15.460:"uTimeSecond_ms:5000"                            File: Line:0 Function: Type:Debug:
DateTime:2026-09-12 16:26:15.460:"查找结果: iret=0, wStart=0, dwOutLen=15, dwStreamLen=15, dwFindPos=0"                            File: Line:0 Function: Type:Debug:
DateTime:2026-09-12 16:26:15.460:"Receive:<= 68 0F 00 80 00 00 00 00 00 31 50 01 00 02 16"                            File: Line:0 Function: Type:Debug:
DateTime:2026-09-12 16:26:15.460:"解析：功能码-AFN=50H,Fn=1："                            File: Line:0 Function: Type:Debug:
DateTime:2026-09-12 16:26:15.460:"启动从节点主动注册成功"                            File: Line:0 Function: Type:Debug:
DateTime:2026-09-12 16:26:15.460:dll输出信息: ""                            File: Line:0 Function: Type:Debug:
DateTime:2026-09-12 16:26:15.460:接口函数调用成功，返回的结果为 0                            File: Line:0 Function: Type:Debug:
DateTime:2026-09-12 16:26:15.460:"外部传入的para：0，返回的result：0,返回的pValRet：0"                            File: Line:0 Function: Type:Debug:
DateTime:2026-09-12 16:26:15.460:"执行接口函数CCO_AFN55_F6完成"                            File: Line:0 Function: Type:Debug:
DateTime:2026-09-12 16:26:15.462:coorIndex 0                            File: Line:0 Function: Type:Debug:
DateTime:2026-09-12 16:26:15.462:当前流程结束                            File: Line:0 Function: Type:Debug:
DateTime:2026-09-12 16:26:15.462:退出connect函数                            File: Line:0 Function: Type:Debug:
DateTime:2026-09-12 16:26:15.462:"=========【Step38-启动搜表，等待上报】结束=========="                            File: Line:0 Function: Type:Debug:
DateTime:2026-09-12 16:26:15.462:"-----------------------------"                            File: Line:0 Function: Type:Debug:
DateTime:2026-09-12 16:26:15.463:"=============执行【Step39-双字节上报(698格式)】==================="                            File: Line:0 Function: Type:Debug:
DateTime:2026-09-12 16:26:15.463:"执行接口函数CCO_Func_Event_Report_double_byte_withPrejudgeOAD"                            File: Line:0 Function: Type:Debug:
DateTime:2026-09-12 16:26:15.463:callWorkFunction: CCO_Func_Event_Report_double_byte_withPrejudgeOAD                            File: Line:0 Function: Type:Debug:
DateTime:2026-09-12 16:26:15.463:找到对应函数，进入执行                            File: Line:0 Function: Type:Debug:
DateTime:2026-09-12 16:26:15.463:"uTimeSecond_ms:5000"                            File: Line:0 Function: Type:Debug:
DateTime:2026-09-12 16:26:18.485:"等待工装回复超时"                            File: Line:0 Function: Type:Debug:
DateTime:2026-09-12 16:26:21.507:"等待工装回复超时"                            File: Line:0 Function: Type:Debug:
DateTime:2026-09-12 16:26:21.507:"uTimeSecond_ms:5000"                            File: Line:0 Function: Type:Debug:
DateTime:2026-09-12 16:26:24.529:"等待工装回复超时"                            File: Line:0 Function: Type:Debug:
DateTime:2026-09-12 16:26:27.551:"等待工装回复超时"                            File: Line:0 Function: Type:Debug:
DateTime:2026-09-12 16:26:27.551:"uTimeSecond_ms:5000"                            File: Line:0 Function: Type:Debug:
DateTime:2026-09-12 16:26:29.723:"工装接收：68 52 01 52 01 68 80 00 00 00 00 00 22 60 00 00 01 00 02 45 00 68 45 00 C3 04 00 00 00 00 15 07 01 10 00 16 19 12 90 78 56 34 12 06 40 06 01 02 26 00 68 24 00 83 05 07 01 10 00 16 19 00 0C 50 88 01 00 01 EB 03 01 01 01 09 08 01 12 34 56 78 90 12 64 00 00 25 EE 16 D5 16 B7 16"                            File: Line:0 Function: Type:Debug:
DateTime:2026-09-12 16:26:29.723:"m_baRecvMsg:"                            File: Line:0 Function: Type:Debug:
DateTime:2026-09-12 16:26:29.723:"rameList.size():"                            File: Line:0 Function: Type:Debug:
DateTime:2026-09-12 16:26:29.723:"进入报文解析"                            File: Line:0 Function: Type:Debug:
DateTime:2026-09-12 16:26:29.723:"68 52 01 52 01 68 80 00 00 00 00 00 22 60 00 00 01 00 02 45 00 68 45 00 C3 04 00 00 00 00 15 07 01 10 00 16 19 12 90 78 56 34 12 06 40 06 01 02 26 00 68 24 00 83 05 07 01 10 00 16 19 00 0C 50 88 01 00 01 EB 03 01 01 01 09 08 01 12 34 56 78 90 12 64 00 00 25 EE 16 D5 16 B7 16"                            File: Line:0 Function: Type:Debug:
DateTime:2026-09-12 16:26:29.723:"解码完成，功能码: 4"                            File: Line:0 Function: Type:Debug:
DateTime:2026-09-12 16:26:29.723:"工装回复透传报文"                            File: Line:0 Function: Type:Debug:
DateTime:2026-09-12 16:26:29.723:"024500684500C3040000000015070110001619129078563412064006010226006824008305070110001619000C5088010001EB0301010109080112345678901264000025EE16D516"                            File: Line:0 Function: Type:Debug:
DateTime:2026-09-12 16:26:29.724:"内容:68 45 00 c3 04 00 00 00 00 15 07 01 10 00 16 19 12 90 78 56 34 12 06 40 06 01 02 26 00 68 24 00 83 05 07 01 10 00 16 19 00 0c 50 88 01 00 01 eb 03 01 01 01 09 08 01 12 34 56 78 90 12 64 00 00 25 ee 16 d5 16"                            File: Line:0 Function: Type:Debug:
DateTime:2026-09-12 16:26:30.631:"等待工装回复超时"                            File: Line:0 Function: Type:Debug:
DateTime:2026-09-12 16:26:30.631:"查找结果: iret=0, wStart=0, dwOutLen=69, dwStreamLen=69, dwFindPos=0"                            File: Line:0 Function: Type:Debug:
DateTime:2026-09-12 16:26:30.631:"Receive:<= 68 45 00 C3 04 00 00 00 00 15 07 01 10 00 16 19 12 90 78 56 34 12 06 40 06 01 02 26 00 68 24 00 83 05 07 01 10 00 16 19 00 0C 50 88 01 00 01 EB 03 01 01 01 09 08 01 12 34 56 78 90 12 64 00 00 25 EE 16 D5 16"                            File: Line:0 Function: Type:Debug:
DateTime:2026-09-12 16:26:30.631:"解析：功能码-AFN=06H,Fn=55："                            File: Line:0 Function: Type:Debug:
DateTime:2026-09-12 16:26:30.631:"Send(确认)：=> 68 0F 00 43 00 00 00 00 00 15 50 01 00 A9 16"                            File: Line:0 Function: Type:Debug:
DateTime:2026-09-12 16:26:30.631:"槽位2透传:687E007E006840000000000022600000010002013C00680F0043000000000015500100A916E116"                            File: Line:0 Function: Type:Debug:
DateTime:2026-09-12 16:26:30.631:"工装发送：68 7E 00 7E 00 68 40 00 00 00 00 00 22 60 00 00 01 00 02 01 3C 00 68 0F 00 43 00 00 00 00 00 15 50 01 00 A9 16 E1 16"                            File: Line:0 Function: Type:Debug:
DateTime:2026-09-12 16:26:30.631:"非预判事件地址:    \u0019\u0016"                            File: Line:0 Function: Type:Debug:
DateTime:2026-09-12 16:26:30.631:"uTimeSecond_ms:5000"                            File: Line:0 Function: Type:Debug:
DateTime:2026-09-12 16:26:30.649:"工装接收：68 32 00 32 00 68 80 00 00 00 00 00 00 60 00 00 01 00 E1 16"                            File: Line:0 Function: Type:Debug:
DateTime:2026-09-12 16:26:30.649:"m_baRecvMsg:"                            File: Line:0 Function: Type:Debug:
DateTime:2026-09-12 16:26:30.649:"rameList.size():"                            File: Line:0 Function: Type:Debug:
DateTime:2026-09-12 16:26:30.649:"进入报文解析"                            File: Line:0 Function: Type:Debug:
DateTime:2026-09-12 16:26:30.649:"68 32 00 32 00 68 80 00 00 00 00 00 00 60 00 00 01 00 E1 16"                            File: Line:0 Function: Type:Debug:
DateTime:2026-09-12 16:26:30.649:"解码完成，功能码: 1"                            File: Line:0 Function: Type:Debug:
DateTime:2026-09-12 16:26:30.649:"工装回复确认帧"                            File: Line:0 Function: Type:Debug:
DateTime:2026-09-12 16:26:30.923:"工装接收：68 52 01 52 01 68 80 00 00 00 00 00 22 60 00 00 01 00 02 45 00 68 45 00 C3 04 00 00 00 00 16 04 01 10 00 16 19 12 90 78 56 34 12 06 40 06 01 02 26 00 68 24 00 83 05 04 01 10 00 16 19 00 62 F8 88 01 00 01 EB 03 01 01 01 09 08 01 12 34 56 78 90 12 64 00 00 25 EE 16 CE 16 A9 16"                            File: Line:0 Function: Type:Debug:
DateTime:2026-09-12 16:26:30.923:"m_baRecvMsg:"                            File: Line:0 Function: Type:Debug:
DateTime:2026-09-12 16:26:30.923:"rameList.size():"                            File: Line:0 Function: Type:Debug:
DateTime:2026-09-12 16:26:30.923:"进入报文解析"                            File: Line:0 Function: Type:Debug:
DateTime:2026-09-12 16:26:30.923:"68 52 01 52 01 68 80 00 00 00 00 00 22 60 00 00 01 00 02 45 00 68 45 00 C3 04 00 00 00 00 16 04 01 10 00 16 19 12 90 78 56 34 12 06 40 06 01 02 26 00 68 24 00 83 05 04 01 10 00 16 19 00 62 F8 88 01 00 01 EB 03 01 01 01 09 08 01 12 34 56 78 90 12 64 00 00 25 EE 16 CE 16 A9 16"                            File: Line:0 Function: Type:Debug:
DateTime:2026-09-12 16:26:30.923:"解码完成，功能码: 4"                            File: Line:0 Function: Type:Debug:
DateTime:2026-09-12 16:26:30.923:"工装回复透传报文"                            File: Line:0 Function: Type:Debug:
DateTime:2026-09-12 16:26:30.924:"024500684500C30400000000160401100016191290785634120640060102260068240083050401100016190062F888010001EB0301010109080112345678901264000025EE16CE16"                            File: Line:0 Function: Type:Debug:
DateTime:2026-09-12 16:26:30.924:"内容:68 45 00 c3 04 00 00 00 00 16 04 01 10 00 16 19 12 90 78 56 34 12 06 40 06 01 02 26 00 68 24 00 83 05 04 01 10 00 16 19 00 62 f8 88 01 00 01 eb 03 01 01 01 09 08 01 12 34 56 78 90 12 64 00 00 25 ee 16 ce 16"                            File: Line:0 Function: Type:Debug:
DateTime:2026-09-12 16:26:33.644:"查找结果: iret=0, wStart=0, dwOutLen=69, dwStreamLen=69, dwFindPos=0"                            File: Line:0 Function: Type:Debug:
DateTime:2026-09-12 16:26:33.644:"Receive:<= 68 45 00 C3 04 00 00 00 00 16 04 01 10 00 16 19 12 90 78 56 34 12 06 40 06 01 02 26 00 68 24 00 83 05 04 01 10 00 16 19 00 62 F8 88 01 00 01 EB 03 01 01 01 09 08 01 12 34 56 78 90 12 64 00 00 25 EE 16 CE 16"                            File: Line:0 Function: Type:Debug:
DateTime:2026-09-12 16:26:33.644:"解析：功能码-AFN=06H,Fn=55："                            File: Line:0 Function: Type:Debug:
DateTime:2026-09-12 16:26:33.644:"Send(确认)：=> 68 0F 00 43 00 00 00 00 00 16 50 01 00 AA 16"                            File: Line:0 Function: Type:Debug:
DateTime:2026-09-12 16:26:33.644:"槽位2透传:687E007E006840000000000022600000010002013C00680F0043000000000016500100AA16E316"                            File: Line:0 Function: Type:Debug:
DateTime:2026-09-12 16:26:33.644:"工装发送：68 7E 00 7E 00 68 40 00 00 00 00 00 22 60 00 00 01 00 02 01 3C 00 68 0F 00 43 00 00 00 00 00 16 50 01 00 AA 16 E3 16"                            File: Line:0 Function: Type:Debug:
DateTime:2026-09-12 16:26:33.644:"非预判事件地址:    \u0019\u0016"                            File: Line:0 Function: Type:Debug:
DateTime:2026-09-12 16:26:33.644:"uTimeSecond_ms:5000"                            File: Line:0 Function: Type:Debug:
DateTime:2026-09-12 16:26:33.662:"工装接收：68 32 00 32 00 68 80 00 00 00 00 00 00 60 00 00 01 00 E1 16"                            File: Line:0 Function: Type:Debug:
DateTime:2026-09-12 16:26:33.662:"m_baRecvMsg:"                            File: Line:0 Function: Type:Debug:
DateTime:2026-09-12 16:26:33.662:"rameList.size():"                            File: Line:0 Function: Type:Debug:
DateTime:2026-09-12 16:26:33.662:"进入报文解析"                            File: Line:0 Function: Type:Debug:
DateTime:2026-09-12 16:26:33.662:"68 32 00 32 00 68 80 00 00 00 00 00 00 60 00 00 01 00 E1 16"                            File: Line:0 Function: Type:Debug:
DateTime:2026-09-12 16:26:33.662:"解码完成，功能码: 1"                            File: Line:0 Function: Type:Debug:
DateTime:2026-09-12 16:26:33.662:"工装回复确认帧"                            File: Line:0 Function: Type:Debug:
DateTime:2026-09-12 16:26:33.944:"工装接收：68 52 01 52 01 68 80 00 00 00 00 00 22 60 00 00 01 00 02 45 00 68 45 00 C3 04 00 00 00 00 17 03 01 10 00 16 19 12 90 78 56 34 12 06 40 06 01 02 26 00 68 24 00 83 05 03 01 10 00 16 19 00 7A 3F 88 01 00 01 EB 03 01 01 01 09 08 01 12 34 56 78 90 12 64 00 00 25 EE 16 2C 16 65 16"                            File: Line:0 Function: Type:Debug:
DateTime:2026-09-12 16:26:33.944:"m_baRecvMsg:"                            File: Line:0 Function: Type:Debug:
DateTime:2026-09-12 16:26:33.944:"rameList.size():"                            File: Line:0 Function: Type:Debug:
DateTime:2026-09-12 16:26:33.944:"进入报文解析"                            File: Line:0 Function: Type:Debug:
DateTime:2026-09-12 16:26:33.944:"68 52 01 52 01 68 80 00 00 00 00 00 22 60 00 00 01 00 02 45 00 68 45 00 C3 04 00 00 00 00 17 03 01 10 00 16 19 12 90 78 56 34 12 06 40 06 01 02 26 00 68 24 00 83 05 03 01 10 00 16 19 00 7A 3F 88 01 00 01 EB 03 01 01 01 09 08 01 12 34 56 78 90 12 64 00 00 25 EE 16 2C 16 65 16"                            File: Line:0 Function: Type:Debug:
DateTime:2026-09-12 16:26:33.944:"解码完成，功能码: 4"                            File: Line:0 Function: Type:Debug:
DateTime:2026-09-12 16:26:33.944:"工装回复透传报文"                            File: Line:0 Function: Type:Debug:
DateTime:2026-09-12 16:26:33.944:"024500684500C3040000000017030110001619129078563412064006010226006824008305030110001619007A3F88010001EB0301010109080112345678901264000025EE162C16"                            File: Line:0 Function: Type:Debug:
DateTime:2026-09-12 16:26:33.944:"内容:68 45 00 c3 04 00 00 00 00 17 03 01 10 00 16 19 12 90 78 56 34 12 06 40 06 01 02 26 00 68 24 00 83 05 03 01 10 00 16 19 00 7a 3f 88 01 00 01 eb 03 01 01 01 09 08 01 12 34 56 78 90 12 64 00 00 25 ee 16 2c 16"                            File: Line:0 Function: Type:Debug:
DateTime:2026-09-12 16:26:36.664:"查找结果: iret=0, wStart=0, dwOutLen=69, dwStreamLen=69, dwFindPos=0"                            File: Line:0 Function: Type:Debug:
DateTime:2026-09-12 16:26:36.664:"Receive:<= 68 45 00 C3 04 00 00 00 00 17 03 01 10 00 16 19 12 90 78 56 34 12 06 40 06 01 02 26 00 68 24 00 83 05 03 01 10 00 16 19 00 7A 3F 88 01 00 01 EB 03 01 01 01 09 08 01 12 34 56 78 90 12 64 00 00 25 EE 16 2C 16"                            File: Line:0 Function: Type:Debug:
DateTime:2026-09-12 16:26:36.664:"解析：功能码-AFN=06H,Fn=55："                            File: Line:0 Function: Type:Debug:
DateTime:2026-09-12 16:26:36.664:"Send(确认)：=> 68 0F 00 43 00 00 00 00 00 17 50 01 00 AB 16"                            File: Line:0 Function: Type:Debug:
DateTime:2026-09-12 16:26:36.664:"槽位2透传:687E007E006840000000000022600000010002013C00680F0043000000000017500100AB16E516"                            File: Line:0 Function: Type:Debug:
DateTime:2026-09-12 16:26:36.664:"工装发送：68 7E 00 7E 00 68 40 00 00 00 00 00 22 60 00 00 01 00 02 01 3C 00 68 0F 00 43 00 00 00 00 00 17 50 01 00 AB 16 E5 16"                            File: Line:0 Function: Type:Debug:
DateTime:2026-09-12 16:26:36.664:"预判数据标识上报完成,成功率100%."                            File: Line:0 Function: Type:Debug:
DateTime:2026-09-12 16:26:36.664:dll输出信息: ""                            File: Line:0 Function: Type:Debug:
DateTime:2026-09-12 16:26:36.664:接口函数调用成功，返回的结果为 0                            File: Line:0 Function: Type:Debug:
DateTime:2026-09-12 16:26:36.664:"外部传入的para：0，返回的result：0,返回的pValRet：0"                            File: Line:0 Function: Type:Debug:
DateTime:2026-09-12 16:26:36.665:"执行接口函数CCO_Func_Event_Report_double_byte_withPrejudgeOAD完成"                            File: Line:0 Function: Type:Debug:
DateTime:2026-09-12 16:26:36.666:coorIndex 0                            File: Line:0 Function: Type:Debug:
DateTime:2026-09-12 16:26:36.666:当前流程结束                            File: Line:0 Function: Type:Debug:
DateTime:2026-09-12 16:26:36.666:退出connect函数                            File: Line:0 Function: Type:Debug:
DateTime:2026-09-12 16:26:36.666:"=========【Step39-双字节上报(698格式)】结束=========="                            File: Line:0 Function: Type:Debug:
DateTime:2026-09-12 16:26:36.666:"-----------------------------"                            File: Line:0 Function: Type:Debug:
DateTime:2026-09-12 16:26:36.667:"=============执行【EB040501设置默认方式主动上报】==================="                            File: Line:0 Function: Type:Debug:
DateTime:2026-09-12 16:26:36.667:"执行接口函数CCO_AFN52_F1_EB040501_set"                            File: Line:0 Function: Type:Debug:
DateTime:2026-09-12 16:26:36.667:callWorkFunction: CCO_AFN52_F1_EB040501_set                            File: Line:0 Function: Type:Debug:
DateTime:2026-09-12 16:26:36.667:找到对应函数，进入执行                            File: Line:0 Function: Type:Debug:
DateTime:2026-09-12 16:26:36.682:"工装接收：68 32 00 32 00 68 80 00 00 00 00 00 00 60 00 00 01 00 E1 16"                            File: Line:0 Function: Type:Debug:
DateTime:2026-09-12 16:26:36.682:"m_baRecvMsg:"                            File: Line:0 Function: Type:Debug:
DateTime:2026-09-12 16:26:36.682:"rameList.size():"                            File: Line:0 Function: Type:Debug:
DateTime:2026-09-12 16:26:36.682:"进入报文解析"                            File: Line:0 Function: Type:Debug:
DateTime:2026-09-12 16:26:36.682:"68 32 00 32 00 68 80 00 00 00 00 00 00 60 00 00 01 00 E1 16"                            File: Line:0 Function: Type:Debug:
DateTime:2026-09-12 16:26:36.682:"解码完成，功能码: 1"                            File: Line:0 Function: Type:Debug:
DateTime:2026-09-12 16:26:36.682:"工装回复确认帧"                            File: Line:0 Function: Type:Debug:
DateTime:2026-09-12 16:26:36.963:"工装接收：68 52 01 52 01 68 80 00 00 00 00 00 22 60 00 00 01 00 02 45 00 68 45 00 C3 04 00 00 00 00 18 08 01 10 00 16 19 12 90 78 56 34 12 06 40 06 01 02 26 00 68 24 00 83 05 08 01 10 00 16 19 00 F8 49 88 01 00 01 EB 03 01 01 01 09 08 01 12 34 56 78 90 12 64 00 00 25 EE 16 BF 16 8B 16"                            File: Line:0 Function: Type:Debug:
DateTime:2026-09-12 16:26:36.963:"m_baRecvMsg:"                            File: Line:0 Function: Type:Debug:
DateTime:2026-09-12 16:26:36.963:"rameList.size():"                            File: Line:0 Function: Type:Debug:
DateTime:2026-09-12 16:26:36.963:"进入报文解析"                            File: Line:0 Function: Type:Debug:
DateTime:2026-09-12 16:26:36.963:"68 52 01 52 01 68 80 00 00 00 00 00 22 60 00 00 01 00 02 45 00 68 45 00 C3 04 00 00 00 00 18 08 01 10 00 16 19 12 90 78 56 34 12 06 40 06 01 02 26 00 68 24 00 83 05 08 01 10 00 16 19 00 F8 49 88 01 00 01 EB 03 01 01 01 09 08 01 12 34 56 78 90 12 64 00 00 25 EE 16 BF 16 8B 16"                            File: Line:0 Function: Type:Debug:
DateTime:2026-09-12 16:26:36.963:"解码完成，功能码: 4"                            File: Line:0 Function: Type:Debug:
DateTime:2026-09-12 16:26:36.963:"工装回复透传报文"                            File: Line:0 Function: Type:Debug:
DateTime:2026-09-12 16:26:36.963:"024500684500C304000000001808011000161912907856341206400601022600682400830508011000161900F84988010001EB0301010109080112345678901264000025EE16BF16"                            File: Line:0 Function: Type:Debug:
DateTime:2026-09-12 16:26:36.963:"内容:68 45 00 c3 04 00 00 00 00 18 08 01 10 00 16 19 12 90 78 56 34 12 06 40 06 01 02 26 00 68 24 00 83 05 08 01 10 00 16 19 00 f8 49 88 01 00 01 eb 03 01 01 01 09 08 01 12 34 56 78 90 12 64 00 00 25 ee 16 bf 16"                            File: Line:0 Function: Type:Debug:
DateTime:2026-09-12 16:26:37.265:"开始寻找698帧"                            File: Line:0 Function: Type:Debug:
DateTime:2026-09-12 16:26:37.265:"寻找698帧结束"                            File: Line:0 Function: Type:Debug:
DateTime:2026-09-12 16:26:37.265:"Receive报文:68 45 00 C3 04 00 00 00 00 18 08 01 10 00 16 19 12 90 78 56 34 12 06 40 06 01 02 26 00 68 24 00 83 05 08 01 10 00 16 19 00 F8 49 88 01 00 01 EB 03 01 01 01 09 08 01 12 34 56 78 90 12 64 00 00 25 EE 16 BF 16"                            File: Line:0 Function: Type:Debug:
DateTime:2026-09-12 16:26:37.265:"解析：功能码-AFN=06H,Fn=55："                            File: Line:0 Function: Type:Debug:
DateTime:2026-09-12 16:26:37.265:"Send(确认)：=> 68 0F 00 43 00 00 00 00 00 18 50 01 00 AC 16"                            File: Line:0 Function: Type:Debug:
DateTime:2026-09-12 16:26:37.265:"槽位2透传:687E007E006840000000000022600000010002013C00680F0043000000000018500100AC16E716"                            File: Line:0 Function: Type:Debug:
DateTime:2026-09-12 16:26:37.265:"工装发送：68 7E 00 7E 00 68 40 00 00 00 00 00 22 60 00 00 01 00 02 01 3C 00 68 0F 00 43 00 00 00 00 00 18 50 01 00 AC 16 E7 16"                            File: Line:0 Function: Type:Debug:
DateTime:2026-09-12 16:26:37.366:"开始组帧"                            File: Line:0 Function: Type:Debug:
DateTime:2026-09-12 16:26:37.366:"组帧结束"                            File: Line:0 Function: Type:Debug:
DateTime:2026-09-12 16:26:37.366:"367.2Send:数据转发(设置-存量CCO加工处理的事件主动上报方式EB040503)：=>68 34 00 43 00 00 00 00 00 32 52 01 00 02 12 90 78 56 34 12 6B 8A E8 19 00 68 12 90 78 56 34 12 68 14 0D 34 38 37 1E 3B 33 33 33 44 44 44 44 33 7F 16 8A 16"                            File: Line:0 Function: Type:Debug:
DateTime:2026-09-12 16:26:37.366:"槽位2透传:68120112016840000000000022600000010002013C0068340043000000000032520100021290785634126B8AE819006812907856341268140D3438371E3B33333344444444337F168A16C816"                            File: Line:0 Function: Type:Debug:
DateTime:2026-09-12 16:26:37.366:"工装发送：68 12 01 12 01 68 40 00 00 00 00 00 22 60 00 00 01 00 02 01 3C 00 68 34 00 43 00 00 00 00 00 32 52 01 00 02 12 90 78 56 34 12 6B 8A E8 19 00 68 12 90 78 56 34 12 68 14 0D 34 38 37 1E 3B 33 33 33 44 44 44 44 33 7F 16 8A 16 C8 16"                            File: Line:0 Function: Type:Debug:
DateTime:2026-09-12 16:26:37.366:"工装接收：68 32 00 32 00 68 80 00 00 00 00 00 00 60 00 00 01 00 E1 16"                            File: Line:0 Function: Type:Debug:
DateTime:2026-09-12 16:26:37.366:"m_baRecvMsg:"                            File: Line:0 Function: Type:Debug:
DateTime:2026-09-12 16:26:37.366:"frameList.size():1"                            File: Line:0 Function: Type:Debug:
DateTime:2026-09-12 16:26:37.366:"进入报文解析"                            File: Line:0 Function: Type:Debug:
DateTime:2026-09-12 16:26:37.366:"68 32 00 32 00 68 80 00 00 00 00 00 00 60 00 00 01 00 E1 16"                            File: Line:0 Function: Type:Debug:
DateTime:2026-09-12 16:26:37.366:"解码完成，功能码: 1"                            File: Line:0 Function: Type:Debug:
DateTime:2026-09-12 16:26:37.366:"工装回复确认帧"                            File: Line:0 Function: Type:Debug:
DateTime:2026-09-12 16:26:37.427:"工装接收：68 32 00 32 00 68 80 00 00 00 00 00 00 60 00 00 01 00 E1 16"                            File: Line:0 Function: Type:Debug:
DateTime:2026-09-12 16:26:37.427:"m_baRecvMsg:"                            File: Line:0 Function: Type:Debug:
DateTime:2026-09-12 16:26:37.427:"frameList.size():1"                            File: Line:0 Function: Type:Debug:
DateTime:2026-09-12 16:26:37.427:"进入报文解析"                            File: Line:0 Function: Type:Debug:
DateTime:2026-09-12 16:26:37.427:"68 32 00 32 00 68 80 00 00 00 00 00 00 60 00 00 01 00 E1 16"                            File: Line:0 Function: Type:Debug:
DateTime:2026-09-12 16:26:37.427:"解码完成，功能码: 1"                            File: Line:0 Function: Type:Debug:
DateTime:2026-09-12 16:26:37.427:"工装回复确认帧"                            File: Line:0 Function: Type:Debug:
DateTime:2026-09-12 16:26:37.606:"工装接收：68 C2 01 C2 01 68 80 00 00 00 00 00 22 60 00 00 01 00 02 61 00 68 24 00 80 00 00 00 00 00 32 52 01 00 02 12 90 78 56 34 12 0C 00 68 12 90 78 56 34 12 68 94 00 1A 16 13 16 68 3D 00 C0 00 00 00 00 00 19 56 02 00 03 06 01 10 00 16 19 26 68 24 00 83 05 06 01 10 00 16 19 00 D9 CF 88 01 00 01 EB 03 01 01 01 09 08 01 12 34 56 78 90 12 64 00 00 25 EE 16 72 16 CD 16"                            File: Line:0 Function: Type:Debug:
DateTime:2026-09-12 16:26:37.606:"m_baRecvMsg:"                            File: Line:0 Function: Type:Debug:
DateTime:2026-09-12 16:26:37.606:"frameList.size():1"                            File: Line:0 Function: Type:Debug:
DateTime:2026-09-12 16:26:37.606:"进入报文解析"                            File: Line:0 Function: Type:Debug:
DateTime:2026-09-12 16:26:37.606:"68 C2 01 C2 01 68 80 00 00 00 00 00 22 60 00 00 01 00 02 61 00 68 24 00 80 00 00 00 00 00 32 52 01 00 02 12 90 78 56 34 12 0C 00 68 12 90 78 56 34 12 68 94 00 1A 16 13 16 68 3D 00 C0 00 00 00 00 00 19 56 02 00 03 06 01 10 00 16 19 26 68 24 00 83 05 06 01 10 00 16 19 00 D9 CF 88 01 00 01 EB 03 01 01 01 09 08 01 12 34 56 78 90 12 64 00 00 25 EE 16 72 16 CD 16"                            File: Line:0 Function: Type:Debug:
DateTime:2026-09-12 16:26:37.606:"解码完成，功能码: 4"                            File: Line:0 Function: Type:Debug:
DateTime:2026-09-12 16:26:37.606:"工装接收到透传报文"                            File: Line:0 Function: Type:Debug:
DateTime:2026-09-12 16:26:37.606:"02610068240080000000000032520100021290785634120C00681290785634126894001A161316683D00C00000000000195602000306011000161926682400830506011000161900D9CF88010001EB0301010109080112345678901264000025EE167216"                            File: Line:0 Function: Type:Debug:
DateTime:2026-09-12 16:26:37.606:"透传报文内容:68 24 00 80 00 00 00 00 00 32 52 01 00 02 12 90 78 56 34 12 0c 00 68 12 90 78 56 34 12 68 94 00 1a 16 13 16 68 3d 00 c0 00 00 00 00 00 19 56 02 00 03 06 01 10 00 16 19 26 68 24 00 83 05 06 01 10 00 16 19 00 d9 cf 88 01 00 01 eb 03 01 01 01 09 08 01 12 34 56 78 90 12 64 00 00 25 ee 16 72 16"                            File: Line:0 Function: Type:Debug:
DateTime:2026-09-12 16:26:40.427:"uTimeSecond_ms:30000"                            File: Line:0 Function: Type:Debug:
DateTime:2026-09-12 16:26:40.427:"查找结果: iret=0, wStart=0, dwOutLen=36, dwStreamLen=97, dwFindPos=0"                            File: Line:0 Function: Type:Debug:
DateTime:2026-09-12 16:26:40.427:"Receive:<= 68 24 00 80 00 00 00 00 00 32 52 01 00 02 12 90 78 56 34 12 0C 00 68 12 90 78 56 34 12 68 94 00 1A 16 13 16"                            File: Line:0 Function: Type:Debug:
DateTime:2026-09-12 16:26:40.427:"解析：功能码-AFN=52H,Fn=1："                            File: Line:0 Function: Type:Debug:
DateTime:2026-09-12 16:26:40.427:"查找结果: iret=0, wStart=0, dwOutLen=61, dwStreamLen=61, dwFindPos=36"                            File: Line:0 Function: Type:Debug:
DateTime:2026-09-12 16:26:40.427:"Receive:<= 68 3D 00 C0 00 00 00 00 00 19 56 02 00 03 06 01 10 00 16 19 26 68 24 00 83 05 06 01 10 00 16 19 00 D9 CF 88 01 00 01 EB 03 01 01 01 09 08 01 12 34 56 78 90 12 64 00 00 25 EE 16 72 16"                            File: Line:0 Function: Type:Debug:
DateTime:2026-09-12 16:26:40.427:"解析：功能码-AFN=56H,Fn=2："                            File: Line:0 Function: Type:Debug:
DateTime:2026-09-12 16:26:40.427:"AFN或者Fn与预判不一致"                            File: Line:0 Function: Type:Debug:
DateTime:2026-09-12 16:26:40.427:"Send(确认)：=> 68 0F 00 43 00 00 00 00 00 19 50 01 00 AD 16"                            File: Line:0 Function: Type:Debug:
DateTime:2026-09-12 16:26:40.427:"槽位2透传:687E007E006840000000000022600000010002013C00680F0043000000000019500100AD16E916"                            File: Line:0 Function: Type:Debug:
DateTime:2026-09-12 16:26:40.427:"工装发送：68 7E 00 7E 00 68 40 00 00 00 00 00 22 60 00 00 01 00 02 01 3C 00 68 0F 00 43 00 00 00 00 00 19 50 01 00 AD 16 E9 16"                            File: Line:0 Function: Type:Debug:
DateTime:2026-09-12 16:26:40.428:"透传回复内容：021290785634120C00681290785634126894001A16"                            File: Line:0 Function: Type:Debug:
DateTime:2026-09-12 16:26:40.428:"设置成功"                            File: Line:0 Function: Type:Debug:
DateTime:2026-09-12 16:26:40.428:dll输出信息: ""                            File: Line:0 Function: Type:Debug:
DateTime:2026-09-12 16:26:40.428:接口函数调用成功，返回的结果为 0                            File: Line:0 Function: Type:Debug:
DateTime:2026-09-12 16:26:40.428:"外部传入的para：0，返回的result：0,返回的pValRet：0"                            File: Line:0 Function: Type:Debug:
DateTime:2026-09-12 16:26:40.428:"执行接口函数CCO_AFN52_F1_EB040501_set完成"                            File: Line:0 Function: Type:Debug:
DateTime:2026-09-12 16:26:40.429:coorIndex 0                            File: Line:0 Function: Type:Debug:
DateTime:2026-09-12 16:26:40.429:当前流程结束                            File: Line:0 Function: Type:Debug:
DateTime:2026-09-12 16:26:40.429:退出connect函数                            File: Line:0 Function: Type:Debug:
DateTime:2026-09-12 16:26:40.429:"=========【EB040501设置默认方式主动上报】结束=========="                            File: Line:0 Function: Type:Debug:
DateTime:2026-09-12 16:26:40.429:"-----------------------------"                            File: Line:0 Function: Type:Debug:
DateTime:2026-09-12 16:26:40.430:"=============执行【EB040503设置645格式】==================="                            File: Line:0 Function: Type:Debug:
DateTime:2026-09-12 16:26:40.431:"执行接口函数CCO_AFN52_F1_EB040503_set"                            File: Line:0 Function: Type:Debug:
DateTime:2026-09-12 16:26:40.431:callWorkFunction: CCO_AFN52_F1_EB040503_set                            File: Line:0 Function: Type:Debug:
DateTime:2026-09-12 16:26:40.431:找到对应函数，进入执行                            File: Line:0 Function: Type:Debug:
DateTime:2026-09-12 16:26:40.444:"工装接收：68 32 00 32 00 68 80 00 00 00 00 00 00 60 00 00 01 00 E1 16"                            File: Line:0 Function: Type:Debug:
DateTime:2026-09-12 16:26:40.444:"m_baRecvMsg:"                            File: Line:0 Function: Type:Debug:
DateTime:2026-09-12 16:26:40.444:"rameList.size():"                            File: Line:0 Function: Type:Debug:
DateTime:2026-09-12 16:26:40.444:"进入报文解析"                            File: Line:0 Function: Type:Debug:
DateTime:2026-09-12 16:26:40.444:"68 32 00 32 00 68 80 00 00 00 00 00 00 60 00 00 01 00 E1 16"                            File: Line:0 Function: Type:Debug:
DateTime:2026-09-12 16:26:40.445:"解码完成，功能码: 1"                            File: Line:0 Function: Type:Debug:
DateTime:2026-09-12 16:26:40.445:"工装回复确认帧"                            File: Line:0 Function: Type:Debug:
DateTime:2026-09-12 16:26:41.453:"等待工装回复超时"                            File: Line:0 Function: Type:Debug:
DateTime:2026-09-12 16:26:41.453:"开始组帧"                            File: Line:0 Function: Type:Debug:
DateTime:2026-09-12 16:26:41.453:"组帧结束"                            File: Line:0 Function: Type:Debug:
DateTime:2026-09-12 16:26:41.453:"367.2Send:数据转发(设置-存量CCO加工处理的事件主动上报方式EB040503)：=>68 34 00 43 00 00 00 00 00 33 52 01 00 02 12 90 78 56 34 12 6B 8A E8 19 00 68 12 90 78 56 34 12 68 14 0D 36 38 37 1E 3B 33 33 33 44 44 44 44 33 81 16 8F 16"                            File: Line:0 Function: Type:Debug:
DateTime:2026-09-12 16:26:41.453:"槽位2透传:68120112016840000000000022600000010002013C0068340043000000000033520100021290785634126B8AE819006812907856341268140D3638371E3B333333444444443381168F16D216"                            File: Line:0 Function: Type:Debug:
DateTime:2026-09-12 16:26:41.453:"工装发送：68 12 01 12 01 68 40 00 00 00 00 00 22 60 00 00 01 00 02 01 3C 00 68 34 00 43 00 00 00 00 00 33 52 01 00 02 12 90 78 56 34 12 6B 8A E8 19 00 68 12 90 78 56 34 12 68 14 0D 36 38 37 1E 3B 33 33 33 44 44 44 44 33 81 16 8F 16 D2 16"                            File: Line:0 Function: Type:Debug:
DateTime:2026-09-12 16:26:41.514:"工装接收：68 32 00 32 00 68 80 00 00 00 00 00 00 60 00 00 01 00 E1 16"                            File: Line:0 Function: Type:Debug:
DateTime:2026-09-12 16:26:41.514:"m_baRecvMsg:"                            File: Line:0 Function: Type:Debug:
DateTime:2026-09-12 16:26:41.514:"frameList.size():1"                            File: Line:0 Function: Type:Debug:
DateTime:2026-09-12 16:26:41.514:"进入报文解析"                            File: Line:0 Function: Type:Debug:
DateTime:2026-09-12 16:26:41.514:"68 32 00 32 00 68 80 00 00 00 00 00 00 60 00 00 01 00 E1 16"                            File: Line:0 Function: Type:Debug:
DateTime:2026-09-12 16:26:41.514:"解码完成，功能码: 1"                            File: Line:0 Function: Type:Debug:
DateTime:2026-09-12 16:26:41.514:"工装回复确认帧"                            File: Line:0 Function: Type:Debug:
DateTime:2026-09-12 16:26:41.625:"工装接收：68 CE 00 CE 00 68 80 00 00 00 00 00 22 60 00 00 01 00 02 24 00 68 24 00 80 00 00 00 00 00 33 52 01 00 02 12 90 78 56 34 12 0C 00 68 12 90 78 56 34 12 68 94 00 1A 16 14 16 F3 16"                            File: Line:0 Function: Type:Debug:
DateTime:2026-09-12 16:26:41.625:"m_baRecvMsg:"                            File: Line:0 Function: Type:Debug:
DateTime:2026-09-12 16:26:41.625:"frameList.size():1"                            File: Line:0 Function: Type:Debug:
DateTime:2026-09-12 16:26:41.625:"进入报文解析"                            File: Line:0 Function: Type:Debug:
DateTime:2026-09-12 16:26:41.625:"68 CE 00 CE 00 68 80 00 00 00 00 00 22 60 00 00 01 00 02 24 00 68 24 00 80 00 00 00 00 00 33 52 01 00 02 12 90 78 56 34 12 0C 00 68 12 90 78 56 34 12 68 94 00 1A 16 14 16 F3 16"                            File: Line:0 Function: Type:Debug:
DateTime:2026-09-12 16:26:41.626:"解码完成，功能码: 4"                            File: Line:0 Function: Type:Debug:
DateTime:2026-09-12 16:26:41.626:"工装接收到透传报文"                            File: Line:0 Function: Type:Debug:
DateTime:2026-09-12 16:26:41.626:"02240068240080000000000033520100021290785634120C00681290785634126894001A161416"                            File: Line:0 Function: Type:Debug:
DateTime:2026-09-12 16:26:41.626:"透传报文内容:68 24 00 80 00 00 00 00 00 33 52 01 00 02 12 90 78 56 34 12 0c 00 68 12 90 78 56 34 12 68 94 00 1a 16 14 16"                            File: Line:0 Function: Type:Debug:
DateTime:2026-09-12 16:26:44.547:"uTimeSecond_ms:30000"                            File: Line:0 Function: Type:Debug:
DateTime:2026-09-12 16:26:44.547:"查找结果: iret=0, wStart=0, dwOutLen=36, dwStreamLen=36, dwFindPos=0"                            File: Line:0 Function: Type:Debug:
DateTime:2026-09-12 16:26:44.547:"Receive:<= 68 24 00 80 00 00 00 00 00 33 52 01 00 02 12 90 78 56 34 12 0C 00 68 12 90 78 56 34 12 68 94 00 1A 16 14 16"                            File: Line:0 Function: Type:Debug:
DateTime:2026-09-12 16:26:44.547:"解析：功能码-AFN=52H,Fn=1："                            File: Line:0 Function: Type:Debug:
DateTime:2026-09-12 16:26:44.547:"透传回复内容：021290785634120C00681290785634126894001A16"                            File: Line:0 Function: Type:Debug:
DateTime:2026-09-12 16:26:44.547:"设置成功"                            File: Line:0 Function: Type:Debug:
DateTime:2026-09-12 16:26:44.547:dll输出信息: ""                            File: Line:0 Function: Type:Debug:
DateTime:2026-09-12 16:26:44.547:接口函数调用成功，返回的结果为 0                            File: Line:0 Function: Type:Debug:
DateTime:2026-09-12 16:26:44.547:"外部传入的para：0，返回的result：0,返回的pValRet：0"                            File: Line:0 Function: Type:Debug:
DateTime:2026-09-12 16:26:44.547:"执行接口函数CCO_AFN52_F1_EB040503_set完成"                            File: Line:0 Function: Type:Debug:
DateTime:2026-09-12 16:26:44.548:coorIndex 0                            File: Line:0 Function: Type:Debug:
DateTime:2026-09-12 16:26:44.548:当前流程结束                            File: Line:0 Function: Type:Debug:
DateTime:2026-09-12 16:26:44.548:退出connect函数                            File: Line:0 Function: Type:Debug:
DateTime:2026-09-12 16:26:44.548:"=========【EB040503设置645格式】结束=========="                            File: Line:0 Function: Type:Debug:
DateTime:2026-09-12 16:26:44.548:"-----------------------------"                            File: Line:0 Function: Type:Debug:
DateTime:2026-09-12 16:26:44.549:"=============执行【测试结束EB031101清空从节点档案】==================="                            File: Line:0 Function: Type:Debug:
DateTime:2026-09-12 16:26:44.549:"执行接口函数CCO_AFN52_F1_EB031101_set"                            File: Line:0 Function: Type:Debug:
DateTime:2026-09-12 16:26:44.549:callWorkFunction: CCO_AFN52_F1_EB031101_set                            File: Line:0 Function: Type:Debug:
DateTime:2026-09-12 16:26:44.549:找到对应函数，进入执行                            File: Line:0 Function: Type:Debug:
DateTime:2026-09-12 16:26:45.053:"等待工装回复超时"                            File: Line:0 Function: Type:Debug:
DateTime:2026-09-12 16:26:45.053:"开始组帧"                            File: Line:0 Function: Type:Debug:
DateTime:2026-09-12 16:26:45.053:"组帧结束"                            File: Line:0 Function: Type:Debug:
DateTime:2026-09-12 16:26:45.053:"367.2Send:数据转发(设置-从节点档案清单管理-删除表,EB031101)：=>68 59 00 43 00 00 00 00 00 34 52 01 00 02 12 90 78 56 34 12 6B 8A E8 3E 00 68 12 90 78 56 34 12 68 14 32 34 44 36 1E 3B 33 33 33 44 44 44 44 33 39 36 34 43 33 49 4C 37 34 43 33 49 4C 38 34 43 33 49 4C 39 34 43 33 49 4C 3A 34 43 33 49 4C 3B 34 43 33 49 4C B5 16 1D 16"                            File: Line:0 Function: Type:Debug:
DateTime:2026-09-12 16:26:45.053:"槽位2透传:68A601A6016840000000000022600000010002013C0068590043000000000034520100021290785634126B8AE83E00681290785634126814323444361E3B33333344444444333936344333494C37344333494C38344333494C39344333494C3A344333494C3B344333494CB5161D161316"                            File: Line:0 Function: Type:Debug:
DateTime:2026-09-12 16:26:45.053:"工装发送：68 A6 01 A6 01 68 40 00 00 00 00 00 22 60 00 00 01 00 02 01 3C 00 68 59 00 43 00 00 00 00 00 34 52 01 00 02 12 90 78 56 34 12 6B 8A E8 3E 00 68 12 90 78 56 34 12 68 14 32 34 44 36 1E 3B 33 33 33 44 44 44 44 33 39 36 34 43 33 49 4C 37 34 43 33 49 4C 38 34 43 33 49 4C 39 34 43 33 49 4C 3A 34 43 33 49 4C 3B 34 43 33 49 4C B5 16 1D 16 13 16"                            File: Line:0 Function: Type:Debug:
DateTime:2026-09-12 16:26:45.157:"工装接收：68 32 00 32 00 68 80 00 00 00 00 00 00 60 00 00 01 00 E1 16"                            File: Line:0 Function: Type:Debug:
DateTime:2026-09-12 16:26:45.157:"m_baRecvMsg:"                            File: Line:0 Function: Type:Debug:
DateTime:2026-09-12 16:26:45.157:"frameList.size():1"                            File: Line:0 Function: Type:Debug:
DateTime:2026-09-12 16:26:45.157:"进入报文解析"                            File: Line:0 Function: Type:Debug:
DateTime:2026-09-12 16:26:45.157:"68 32 00 32 00 68 80 00 00 00 00 00 00 60 00 00 01 00 E1 16"                            File: Line:0 Function: Type:Debug:
DateTime:2026-09-12 16:26:45.157:"解码完成，功能码: 1"                            File: Line:0 Function: Type:Debug:
DateTime:2026-09-12 16:26:45.157:"工装回复确认帧"                            File: Line:0 Function: Type:Debug:
DateTime:2026-09-12 16:26:45.210:"工装接收：68 D2 00 D2 00 68 80 00 00 00 00 00 22 60 00 00 01 00 02 25 00 68 25 00 80 00 00 00 00 00 34 52 01 00 02 12 90 78 56 34 12 0D 00 68 12 90 78 56 34 12 68 D4 01 34 8F 16 00 16 CD 16"                            File: Line:0 Function: Type:Debug:
DateTime:2026-09-12 16:26:45.210:"m_baRecvMsg:"                            File: Line:0 Function: Type:Debug:
DateTime:2026-09-12 16:26:45.210:"frameList.size():1"                            File: Line:0 Function: Type:Debug:
DateTime:2026-09-12 16:26:45.210:"进入报文解析"                            File: Line:0 Function: Type:Debug:
DateTime:2026-09-12 16:26:45.210:"68 D2 00 D2 00 68 80 00 00 00 00 00 22 60 00 00 01 00 02 25 00 68 25 00 80 00 00 00 00 00 34 52 01 00 02 12 90 78 56 34 12 0D 00 68 12 90 78 56 34 12 68 D4 01 34 8F 16 00 16 CD 16"                            File: Line:0 Function: Type:Debug:
DateTime:2026-09-12 16:26:45.210:"解码完成，功能码: 4"                            File: Line:0 Function: Type:Debug:
DateTime:2026-09-12 16:26:45.210:"工装接收到透传报文"                            File: Line:0 Function: Type:Debug:
DateTime:2026-09-12 16:26:45.211:"02250068250080000000000034520100021290785634120D006812907856341268D401348F160016"                            File: Line:0 Function: Type:Debug:
DateTime:2026-09-12 16:26:45.211:"透传报文内容:68 25 00 80 00 00 00 00 00 34 52 01 00 02 12 90 78 56 34 12 0d 00 68 12 90 78 56 34 12 68 d4 01 34 8f 16 00 16"                            File: Line:0 Function: Type:Debug:
DateTime:2026-09-12 16:26:48.132:"uTimeSecond_ms:30000"                            File: Line:0 Function: Type:Debug:
DateTime:2026-09-12 16:26:48.132:"查找结果: iret=0, wStart=0, dwOutLen=37, dwStreamLen=37, dwFindPos=0"                            File: Line:0 Function: Type:Debug:
DateTime:2026-09-12 16:26:48.132:"Receive:<= 68 25 00 80 00 00 00 00 00 34 52 01 00 02 12 90 78 56 34 12 0D 00 68 12 90 78 56 34 12 68 D4 01 34 8F 16 00 16"                            File: Line:0 Function: Type:Debug:
DateTime:2026-09-12 16:26:48.132:"解析：功能码-AFN=52H,Fn=1："                            File: Line:0 Function: Type:Debug:
DateTime:2026-09-12 16:26:48.132:"透传回复内容：021290785634120D006812907856341268D401348F16"                            File: Line:0 Function: Type:Debug:
DateTime:2026-09-12 16:26:48.132:"DL/T645-2007协议 回复报文信息：控制码：d4 "                            File: Line:0 Function: Type:Debug:
DateTime:2026-09-12 16:26:48.132:"不支持"                            File: Line:0 Function: Type:Debug:
DateTime:2026-09-12 16:26:48.132:"设置失败"                            File: Line:0 Function: Type:Debug:
DateTime:2026-09-12 16:26:48.636:"等待工装回复超时"                            File: Line:0 Function: Type:Debug:
DateTime:2026-09-12 16:26:48.636:"开始组帧"                            File: Line:0 Function: Type:Debug:
DateTime:2026-09-12 16:26:48.636:"组帧结束"                            File: Line:0 Function: Type:Debug:
DateTime:2026-09-12 16:26:48.636:"367.2Send:数据转发(设置-从节点档案清单管理-删除表,EB031101)：=>68 53 00 43 00 00 00 00 00 34 52 01 00 02 12 90 78 56 34 12 6B 8A E8 38 00 68 12 90 78 56 34 12 68 14 2C 34 44 36 1E 3B 33 33 33 44 44 44 44 33 38 37 34 43 33 49 4C 38 34 43 33 49 4C 39 34 43 33 49 4C 3A 34 43 33 49 4C 3B 34 43 33 49 4C 39 16 1F 16"                            File: Line:0 Function: Type:Debug:
DateTime:2026-09-12 16:26:48.636:"槽位2透传:688E018E016840000000000022600000010002013C0068530043000000000034520100021290785634126B8AE838006812907856341268142C3444361E3B33333344444444333837344333494C38344333494C39344333494C3A344333494C3B344333494C39161F161116"                            File: Line:0 Function: Type:Debug:
DateTime:2026-09-12 16:26:48.636:"工装发送：68 8E 01 8E 01 68 40 00 00 00 00 00 22 60 00 00 01 00 02 01 3C 00 68 53 00 43 00 00 00 00 00 34 52 01 00 02 12 90 78 56 34 12 6B 8A E8 38 00 68 12 90 78 56 34 12 68 14 2C 34 44 36 1E 3B 33 33 33 44 44 44 44 33 38 37 34 43 33 49 4C 38 34 43 33 49 4C 39 34 43 33 49 4C 3A 34 43 33 49 4C 3B 34 43 33 49 4C 39 16 1F 16 11 16"                            File: Line:0 Function: Type:Debug:
DateTime:2026-09-12 16:26:48.732:"工装接收：68 32 00 32 00 68 80 00 00 00 00 00 00 60 00 00 01 00 E1 16"                            File: Line:0 Function: Type:Debug:
DateTime:2026-09-12 16:26:48.732:"m_baRecvMsg:"                            File: Line:0 Function: Type:Debug:
DateTime:2026-09-12 16:26:48.732:"frameList.size():1"                            File: Line:0 Function: Type:Debug:
DateTime:2026-09-12 16:26:48.732:"进入报文解析"                            File: Line:0 Function: Type:Debug:
DateTime:2026-09-12 16:26:48.732:"68 32 00 32 00 68 80 00 00 00 00 00 00 60 00 00 01 00 E1 16"                            File: Line:0 Function: Type:Debug:
DateTime:2026-09-12 16:26:48.732:"解码完成，功能码: 1"                            File: Line:0 Function: Type:Debug:
DateTime:2026-09-12 16:26:48.732:"工装回复确认帧"                            File: Line:0 Function: Type:Debug:
DateTime:2026-09-12 16:26:48.788:"工装接收：68 D2 00 D2 00 68 80 00 00 00 00 00 22 60 00 00 01 00 02 25 00 68 25 00 80 00 00 00 00 00 34 52 01 00 02 12 90 78 56 34 12 0D 00 68 12 90 78 56 34 12 68 D4 01 34 8F 16 00 16 CD 16"                            File: Line:0 Function: Type:Debug:
DateTime:2026-09-12 16:26:48.788:"m_baRecvMsg:"                            File: Line:0 Function: Type:Debug:
DateTime:2026-09-12 16:26:48.788:"frameList.size():1"                            File: Line:0 Function: Type:Debug:
DateTime:2026-09-12 16:26:48.788:"进入报文解析"                            File: Line:0 Function: Type:Debug:
DateTime:2026-09-12 16:26:48.788:"68 D2 00 D2 00 68 80 00 00 00 00 00 22 60 00 00 01 00 02 25 00 68 25 00 80 00 00 00 00 00 34 52 01 00 02 12 90 78 56 34 12 0D 00 68 12 90 78 56 34 12 68 D4 01 34 8F 16 00 16 CD 16"                            File: Line:0 Function: Type:Debug:
DateTime:2026-09-12 16:26:48.788:"解码完成，功能码: 4"                            File: Line:0 Function: Type:Debug:
DateTime:2026-09-12 16:26:48.788:"工装接收到透传报文"                            File: Line:0 Function: Type:Debug:
DateTime:2026-09-12 16:26:48.788:"02250068250080000000000034520100021290785634120D006812907856341268D401348F160016"                            File: Line:0 Function: Type:Debug:
DateTime:2026-09-12 16:26:48.788:"透传报文内容:68 25 00 80 00 00 00 00 00 34 52 01 00 02 12 90 78 56 34 12 0d 00 68 12 90 78 56 34 12 68 d4 01 34 8f 16 00 16"                            File: Line:0 Function: Type:Debug:
DateTime:2026-09-12 16:26:51.709:"uTimeSecond_ms:30000"                            File: Line:0 Function: Type:Debug:
DateTime:2026-09-12 16:26:51.709:"查找结果: iret=0, wStart=0, dwOutLen=37, dwStreamLen=37, dwFindPos=0"                            File: Line:0 Function: Type:Debug:
DateTime:2026-09-12 16:26:51.709:"Receive:<= 68 25 00 80 00 00 00 00 00 34 52 01 00 02 12 90 78 56 34 12 0D 00 68 12 90 78 56 34 12 68 D4 01 34 8F 16 00 16"                            File: Line:0 Function: Type:Debug:
DateTime:2026-09-12 16:26:51.709:"解析：功能码-AFN=52H,Fn=1："                            File: Line:0 Function: Type:Debug:
DateTime:2026-09-12 16:26:51.709:"透传回复内容：021290785634120D006812907856341268D401348F16"                            File: Line:0 Function: Type:Debug:
DateTime:2026-09-12 16:26:51.709:"DL/T645-2007协议 回复报文信息：控制码：d4 "                            File: Line:0 Function: Type:Debug:
DateTime:2026-09-12 16:26:51.709:"不支持"                            File: Line:0 Function: Type:Debug:
DateTime:2026-09-12 16:26:51.709:"设置失败"                            File: Line:0 Function: Type:Debug:
DateTime:2026-09-12 16:26:52.213:"等待工装回复超时"                            File: Line:0 Function: Type:Debug:
DateTime:2026-09-12 16:26:52.213:"开始组帧"                            File: Line:0 Function: Type:Debug:
DateTime:2026-09-12 16:26:52.213:"组帧结束"                            File: Line:0 Function: Type:Debug:
DateTime:2026-09-12 16:26:52.213:"367.2Send:数据转发(设置-从节点档案清单管理-删除表,EB031101)：=>68 4D 00 43 00 00 00 00 00 34 52 01 00 02 12 90 78 56 34 12 6B 8A E8 32 00 68 12 90 78 56 34 12 68 14 26 34 44 36 1E 3B 33 33 33 44 44 44 44 33 37 38 34 43 33 49 4C 39 34 43 33 49 4C 3A 34 43 33 49 4C 3B 34 43 33 49 4C BC 16 1F 16"                            File: Line:0 Function: Type:Debug:
DateTime:2026-09-12 16:26:52.213:"槽位2透传:68760176016840000000000022600000010002013C00684D0043000000000034520100021290785634126B8AE83200681290785634126814263444361E3B33333344444444333738344333494C39344333494C3A344333494C3B344333494CBC161F160B16"                            File: Line:0 Function: Type:Debug:
DateTime:2026-09-12 16:26:52.213:"工装发送：68 76 01 76 01 68 40 00 00 00 00 00 22 60 00 00 01 00 02 01 3C 00 68 4D 00 43 00 00 00 00 00 34 52 01 00 02 12 90 78 56 34 12 6B 8A E8 32 00 68 12 90 78 56 34 12 68 14 26 34 44 36 1E 3B 33 33 33 44 44 44 44 33 37 38 34 43 33 49 4C 39 34 43 33 49 4C 3A 34 43 33 49 4C 3B 34 43 33 49 4C BC 16 1F 16 0B 16"                            File: Line:0 Function: Type:Debug:
DateTime:2026-09-12 16:26:52.303:"工装接收：68 32 00 32 00 68 80 00 00 00 00 00 00 60 00 00 01 00 E1 16"                            File: Line:0 Function: Type:Debug:
DateTime:2026-09-12 16:26:52.303:"m_baRecvMsg:"                            File: Line:0 Function: Type:Debug:
DateTime:2026-09-12 16:26:52.303:"frameList.size():1"                            File: Line:0 Function: Type:Debug:
DateTime:2026-09-12 16:26:52.303:"进入报文解析"                            File: Line:0 Function: Type:Debug:
DateTime:2026-09-12 16:26:52.303:"68 32 00 32 00 68 80 00 00 00 00 00 00 60 00 00 01 00 E1 16"                            File: Line:0 Function: Type:Debug:
DateTime:2026-09-12 16:26:52.303:"解码完成，功能码: 1"                            File: Line:0 Function: Type:Debug:
DateTime:2026-09-12 16:26:52.303:"工装回复确认帧"                            File: Line:0 Function: Type:Debug:
DateTime:2026-09-12 16:26:52.358:"工装接收：68 D2 00 D2 00 68 80 00 00 00 00 00 22 60 00 00 01 00 02 25 00 68 25 00 80 00 00 00 00 00 34 52 01 00 02 12 90 78 56 34 12 0D 00 68 12 90 78 56 34 12 68 D4 01 34 8F 16 00 16 CD 16"                            File: Line:0 Function: Type:Debug:
DateTime:2026-09-12 16:26:52.358:"m_baRecvMsg:"                            File: Line:0 Function: Type:Debug:
DateTime:2026-09-12 16:26:52.358:"frameList.size():1"                            File: Line:0 Function: Type:Debug:
DateTime:2026-09-12 16:26:52.358:"进入报文解析"                            File: Line:0 Function: Type:Debug:
DateTime:2026-09-12 16:26:52.358:"68 D2 00 D2 00 68 80 00 00 00 00 00 22 60 00 00 01 00 02 25 00 68 25 00 80 00 00 00 00 00 34 52 01 00 02 12 90 78 56 34 12 0D 00 68 12 90 78 56 34 12 68 D4 01 34 8F 16 00 16 CD 16"                            File: Line:0 Function: Type:Debug:
DateTime:2026-09-12 16:26:52.358:"解码完成，功能码: 4"                            File: Line:0 Function: Type:Debug:
DateTime:2026-09-12 16:26:52.358:"工装接收到透传报文"                            File: Line:0 Function: Type:Debug:
DateTime:2026-09-12 16:26:52.358:"02250068250080000000000034520100021290785634120D006812907856341268D401348F160016"                            File: Line:0 Function: Type:Debug:
DateTime:2026-09-12 16:26:52.358:"透传报文内容:68 25 00 80 00 00 00 00 00 34 52 01 00 02 12 90 78 56 34 12 0d 00 68 12 90 78 56 34 12 68 d4 01 34 8f 16 00 16"                            File: Line:0 Function: Type:Debug:
DateTime:2026-09-12 16:26:55.279:"uTimeSecond_ms:30000"                            File: Line:0 Function: Type:Debug:
DateTime:2026-09-12 16:26:55.279:"查找结果: iret=0, wStart=0, dwOutLen=37, dwStreamLen=37, dwFindPos=0"                            File: Line:0 Function: Type:Debug:
DateTime:2026-09-12 16:26:55.279:"Receive:<= 68 25 00 80 00 00 00 00 00 34 52 01 00 02 12 90 78 56 34 12 0D 00 68 12 90 78 56 34 12 68 D4 01 34 8F 16 00 16"                            File: Line:0 Function: Type:Debug:
DateTime:2026-09-12 16:26:55.279:"解析：功能码-AFN=52H,Fn=1："                            File: Line:0 Function: Type:Debug:
DateTime:2026-09-12 16:26:55.279:"透传回复内容：021290785634120D006812907856341268D401348F16"                            File: Line:0 Function: Type:Debug:
DateTime:2026-09-12 16:26:55.279:"DL/T645-2007协议 回复报文信息：控制码：d4 "                            File: Line:0 Function: Type:Debug:
DateTime:2026-09-12 16:26:55.279:"不支持"                            File: Line:0 Function: Type:Debug:
DateTime:2026-09-12 16:26:55.279:"设置失败"                            File: Line:0 Function: Type:Debug:
DateTime:2026-09-12 16:26:55.782:"等待工装回复超时"                            File: Line:0 Function: Type:Debug:
DateTime:2026-09-12 16:26:55.782:"开始组帧"                            File: Line:0 Function: Type:Debug:
DateTime:2026-09-12 16:26:55.782:"组帧结束"                            File: Line:0 Function: Type:Debug:
DateTime:2026-09-12 16:26:55.782:"367.2Send:数据转发(设置-从节点档案清单管理-删除表,EB031101)：=>68 47 00 43 00 00 00 00 00 34 52 01 00 02 12 90 78 56 34 12 6B 8A E8 2C 00 68 12 90 78 56 34 12 68 14 20 34 44 36 1E 3B 33 33 33 44 44 44 44 33 36 39 34 43 33 49 4C 3A 34 43 33 49 4C 3B 34 43 33 49 4C 3E 16 1D 16"                            File: Line:0 Function: Type:Debug:
DateTime:2026-09-12 16:26:55.782:"槽位2透传:685E015E016840000000000022600000010002013C0068470043000000000034520100021290785634126B8AE82C00681290785634126814203444361E3B33333344444444333639344333494C3A344333494C3B344333494C3E161D160116"                            File: Line:0 Function: Type:Debug:
DateTime:2026-09-12 16:26:55.782:"工装发送：68 5E 01 5E 01 68 40 00 00 00 00 00 22 60 00 00 01 00 02 01 3C 00 68 47 00 43 00 00 00 00 00 34 52 01 00 02 12 90 78 56 34 12 6B 8A E8 2C 00 68 12 90 78 56 34 12 68 14 20 34 44 36 1E 3B 33 33 33 44 44 44 44 33 36 39 34 43 33 49 4C 3A 34 43 33 49 4C 3B 34 43 33 49 4C 3E 16 1D 16 01 16"                            File: Line:0 Function: Type:Debug:
DateTime:2026-09-12 16:26:55.865:"工装接收：68 32 00 32 00 68 80 00 00 00 00 00 00 60 00 00 01 00 E1 16"                            File: Line:0 Function: Type:Debug:
DateTime:2026-09-12 16:26:55.865:"m_baRecvMsg:"                            File: Line:0 Function: Type:Debug:
DateTime:2026-09-12 16:26:55.865:"frameList.size():1"                            File: Line:0 Function: Type:Debug:
DateTime:2026-09-12 16:26:55.865:"进入报文解析"                            File: Line:0 Function: Type:Debug:
DateTime:2026-09-12 16:26:55.865:"68 32 00 32 00 68 80 00 00 00 00 00 00 60 00 00 01 00 E1 16"                            File: Line:0 Function: Type:Debug:
DateTime:2026-09-12 16:26:55.865:"解码完成，功能码: 1"                            File: Line:0 Function: Type:Debug:
DateTime:2026-09-12 16:26:55.865:"工装回复确认帧"                            File: Line:0 Function: Type:Debug:
DateTime:2026-09-12 16:26:55.916:"工装接收：68 D2 00 D2 00 68 80 00 00 00 00 00 22 60 00 00 01 00 02 25 00 68 25 00 80 00 00 00 00 00 34 52 01 00 02 12 90 78 56 34 12 0D 00 68 12 90 78 56 34 12 68 D4 01 34 8F 16 00 16 CD 16"                            File: Line:0 Function: Type:Debug:
DateTime:2026-09-12 16:26:55.916:"m_baRecvMsg:"                            File: Line:0 Function: Type:Debug:
DateTime:2026-09-12 16:26:55.917:"frameList.size():1"                            File: Line:0 Function: Type:Debug:
DateTime:2026-09-12 16:26:55.917:"进入报文解析"                            File: Line:0 Function: Type:Debug:
DateTime:2026-09-12 16:26:55.917:"68 D2 00 D2 00 68 80 00 00 00 00 00 22 60 00 00 01 00 02 25 00 68 25 00 80 00 00 00 00 00 34 52 01 00 02 12 90 78 56 34 12 0D 00 68 12 90 78 56 34 12 68 D4 01 34 8F 16 00 16 CD 16"                            File: Line:0 Function: Type:Debug:
DateTime:2026-09-12 16:26:55.917:"解码完成，功能码: 4"                            File: Line:0 Function: Type:Debug:
DateTime:2026-09-12 16:26:55.917:"工装接收到透传报文"                            File: Line:0 Function: Type:Debug:
DateTime:2026-09-12 16:26:55.917:"02250068250080000000000034520100021290785634120D006812907856341268D401348F160016"                            File: Line:0 Function: Type:Debug:
DateTime:2026-09-12 16:26:55.917:"透传报文内容:68 25 00 80 00 00 00 00 00 34 52 01 00 02 12 90 78 56 34 12 0d 00 68 12 90 78 56 34 12 68 d4 01 34 8f 16 00 16"                            File: Line:0 Function: Type:Debug:
DateTime:2026-09-12 16:26:58.838:"uTimeSecond_ms:30000"                            File: Line:0 Function: Type:Debug:
DateTime:2026-09-12 16:26:58.838:"查找结果: iret=0, wStart=0, dwOutLen=37, dwStreamLen=37, dwFindPos=0"                            File: Line:0 Function: Type:Debug:
DateTime:2026-09-12 16:26:58.838:"Receive:<= 68 25 00 80 00 00 00 00 00 34 52 01 00 02 12 90 78 56 34 12 0D 00 68 12 90 78 56 34 12 68 D4 01 34 8F 16 00 16"                            File: Line:0 Function: Type:Debug:
DateTime:2026-09-12 16:26:58.838:"解析：功能码-AFN=52H,Fn=1："                            File: Line:0 Function: Type:Debug:
DateTime:2026-09-12 16:26:58.838:"透传回复内容：021290785634120D006812907856341268D401348F16"                            File: Line:0 Function: Type:Debug:
DateTime:2026-09-12 16:26:58.838:"DL/T645-2007协议 回复报文信息：控制码：d4 "                            File: Line:0 Function: Type:Debug:
DateTime:2026-09-12 16:26:58.838:"不支持"                            File: Line:0 Function: Type:Debug:
DateTime:2026-09-12 16:26:58.838:"设置失败"                            File: Line:0 Function: Type:Debug:
DateTime:2026-09-12 16:26:59.342:"等待工装回复超时"                            File: Line:0 Function: Type:Debug:
DateTime:2026-09-12 16:26:59.342:"开始组帧"                            File: Line:0 Function: Type:Debug:
DateTime:2026-09-12 16:26:59.342:"组帧结束"                            File: Line:0 Function: Type:Debug:
DateTime:2026-09-12 16:26:59.342:"367.2Send:数据转发(设置-从节点档案清单管理-删除表,EB031101)：=>68 41 00 43 00 00 00 00 00 34 52 01 00 02 12 90 78 56 34 12 6B 8A E8 26 00 68 12 90 78 56 34 12 68 14 1A 34 44 36 1E 3B 33 33 33 44 44 44 44 33 35 3A 34 43 33 49 4C 3B 34 43 33 49 4C BF 16 19 16"                            File: Line:0 Function: Type:Debug:
DateTime:2026-09-12 16:26:59.342:"槽位2透传:68460146016840000000000022600000010002013C0068410043000000000034520100021290785634126B8AE826006812907856341268141A3444361E3B3333334444444433353A344333494C3B344333494CBF161916F316"                            File: Line:0 Function: Type:Debug:
DateTime:2026-09-12 16:26:59.342:"工装发送：68 46 01 46 01 68 40 00 00 00 00 00 22 60 00 00 01 00 02 01 3C 00 68 41 00 43 00 00 00 00 00 34 52 01 00 02 12 90 78 56 34 12 6B 8A E8 26 00 68 12 90 78 56 34 12 68 14 1A 34 44 36 1E 3B 33 33 33 44 44 44 44 33 35 3A 34 43 33 49 4C 3B 34 43 33 49 4C BF 16 19 16 F3 16"                            File: Line:0 Function: Type:Debug:
DateTime:2026-09-12 16:26:59.418:"工装接收：68 32 00 32 00 68 80 00 00 00 00 00 00 60 00 00 01 00 E1 16"                            File: Line:0 Function: Type:Debug:
DateTime:2026-09-12 16:26:59.418:"m_baRecvMsg:"                            File: Line:0 Function: Type:Debug:
DateTime:2026-09-12 16:26:59.418:"frameList.size():1"                            File: Line:0 Function: Type:Debug:
DateTime:2026-09-12 16:26:59.418:"进入报文解析"                            File: Line:0 Function: Type:Debug:
DateTime:2026-09-12 16:26:59.418:"68 32 00 32 00 68 80 00 00 00 00 00 00 60 00 00 01 00 E1 16"                            File: Line:0 Function: Type:Debug:
DateTime:2026-09-12 16:26:59.418:"解码完成，功能码: 1"                            File: Line:0 Function: Type:Debug:
DateTime:2026-09-12 16:26:59.418:"工装回复确认帧"                            File: Line:0 Function: Type:Debug:
DateTime:2026-09-12 16:26:59.469:"工装接收：68 D2 00 D2 00 68 80 00 00 00 00 00 22 60 00 00 01 00 02 25 00 68 25 00 80 00 00 00 00 00 34 52 01 00 02 12 90 78 56 34 12 0D 00 68 12 90 78 56 34 12 68 D4 01 34 8F 16 00 16 CD 16"                            File: Line:0 Function: Type:Debug:
DateTime:2026-09-12 16:26:59.469:"m_baRecvMsg:"                            File: Line:0 Function: Type:Debug:
DateTime:2026-09-12 16:26:59.469:"frameList.size():1"                            File: Line:0 Function: Type:Debug:
DateTime:2026-09-12 16:26:59.469:"进入报文解析"                            File: Line:0 Function: Type:Debug:
DateTime:2026-09-12 16:26:59.469:"68 D2 00 D2 00 68 80 00 00 00 00 00 22 60 00 00 01 00 02 25 00 68 25 00 80 00 00 00 00 00 34 52 01 00 02 12 90 78 56 34 12 0D 00 68 12 90 78 56 34 12 68 D4 01 34 8F 16 00 16 CD 16"                            File: Line:0 Function: Type:Debug:
DateTime:2026-09-12 16:26:59.469:"解码完成，功能码: 4"                            File: Line:0 Function: Type:Debug:
DateTime:2026-09-12 16:26:59.469:"工装接收到透传报文"                            File: Line:0 Function: Type:Debug:
DateTime:2026-09-12 16:26:59.469:"02250068250080000000000034520100021290785634120D006812907856341268D401348F160016"                            File: Line:0 Function: Type:Debug:
DateTime:2026-09-12 16:26:59.470:"透传报文内容:68 25 00 80 00 00 00 00 00 34 52 01 00 02 12 90 78 56 34 12 0d 00 68 12 90 78 56 34 12 68 d4 01 34 8f 16 00 16"                            File: Line:0 Function: Type:Debug:
DateTime:2026-09-12 16:27:02.391:"uTimeSecond_ms:30000"                            File: Line:0 Function: Type:Debug:
DateTime:2026-09-12 16:27:02.391:"查找结果: iret=0, wStart=0, dwOutLen=37, dwStreamLen=37, dwFindPos=0"                            File: Line:0 Function: Type:Debug:
DateTime:2026-09-12 16:27:02.391:"Receive:<= 68 25 00 80 00 00 00 00 00 34 52 01 00 02 12 90 78 56 34 12 0D 00 68 12 90 78 56 34 12 68 D4 01 34 8F 16 00 16"                            File: Line:0 Function: Type:Debug:
DateTime:2026-09-12 16:27:02.391:"解析：功能码-AFN=52H,Fn=1："                            File: Line:0 Function: Type:Debug:
DateTime:2026-09-12 16:27:02.391:"透传回复内容：021290785634120D006812907856341268D401348F16"                            File: Line:0 Function: Type:Debug:
DateTime:2026-09-12 16:27:02.391:"DL/T645-2007协议 回复报文信息：控制码：d4 "                            File: Line:0 Function: Type:Debug:
DateTime:2026-09-12 16:27:02.391:"不支持"                            File: Line:0 Function: Type:Debug:
DateTime:2026-09-12 16:27:02.391:"设置失败"                            File: Line:0 Function: Type:Debug:
DateTime:2026-09-12 16:27:02.894:"等待工装回复超时"                            File: Line:0 Function: Type:Debug:
DateTime:2026-09-12 16:27:02.894:"开始组帧"                            File: Line:0 Function: Type:Debug:
DateTime:2026-09-12 16:27:02.894:"组帧结束"                            File: Line:0 Function: Type:Debug:
DateTime:2026-09-12 16:27:02.894:"367.2Send:数据转发(设置-从节点档案清单管理-删除表,EB031101)：=>68 3B 00 43 00 00 00 00 00 34 52 01 00 02 12 90 78 56 34 12 6B 8A E8 20 00 68 12 90 78 56 34 12 68 14 14 34 44 36 1E 3B 33 33 33 44 44 44 44 33 34 3B 34 43 33 49 4C 3F 16 13 16"                            File: Line:0 Function: Type:Debug:
DateTime:2026-09-12 16:27:02.894:"槽位2透传:682E012E016840000000000022600000010002013C00683B0043000000000034520100021290785634126B8AE82000681290785634126814143444361E3B3333334444444433343B344333494C3F161316E116"                            File: Line:0 Function: Type:Debug:
DateTime:2026-09-12 16:27:02.894:"工装发送：68 2E 01 2E 01 68 40 00 00 00 00 00 22 60 00 00 01 00 02 01 3C 00 68 3B 00 43 00 00 00 00 00 34 52 01 00 02 12 90 78 56 34 12 6B 8A E8 20 00 68 12 90 78 56 34 12 68 14 14 34 44 36 1E 3B 33 33 33 44 44 44 44 33 34 3B 34 43 33 49 4C 3F 16 13 16 E1 16"                            File: Line:0 Function: Type:Debug:
DateTime:2026-09-12 16:27:02.963:"工装接收：68 32 00 32 00 68 80 00 00 00 00 00 00 60 00 00 01 00 E1 16"                            File: Line:0 Function: Type:Debug:
DateTime:2026-09-12 16:27:02.963:"m_baRecvMsg:"                            File: Line:0 Function: Type:Debug:
DateTime:2026-09-12 16:27:02.963:"frameList.size():1"                            File: Line:0 Function: Type:Debug:
DateTime:2026-09-12 16:27:02.963:"进入报文解析"                            File: Line:0 Function: Type:Debug:
DateTime:2026-09-12 16:27:02.963:"68 32 00 32 00 68 80 00 00 00 00 00 00 60 00 00 01 00 E1 16"                            File: Line:0 Function: Type:Debug:
DateTime:2026-09-12 16:27:02.963:"解码完成，功能码: 1"                            File: Line:0 Function: Type:Debug:
DateTime:2026-09-12 16:27:02.963:"工装回复确认帧"                            File: Line:0 Function: Type:Debug:
DateTime:2026-09-12 16:27:03.015:"工装接收：68 D2 00 D2 00 68 80 00 00 00 00 00 22 60 00 00 01 00 02 25 00 68 25 00 80 00 00 00 00 00 34 52 01 00 02 12 90 78 56 34 12 0D 00 68 12 90 78 56 34 12 68 D4 01 34 8F 16 00 16 CD 16"                            File: Line:0 Function: Type:Debug:
DateTime:2026-09-12 16:27:03.015:"m_baRecvMsg:"                            File: Line:0 Function: Type:Debug:
DateTime:2026-09-12 16:27:03.015:"frameList.size():1"                            File: Line:0 Function: Type:Debug:
DateTime:2026-09-12 16:27:03.015:"进入报文解析"                            File: Line:0 Function: Type:Debug:
DateTime:2026-09-12 16:27:03.015:"68 D2 00 D2 00 68 80 00 00 00 00 00 22 60 00 00 01 00 02 25 00 68 25 00 80 00 00 00 00 00 34 52 01 00 02 12 90 78 56 34 12 0D 00 68 12 90 78 56 34 12 68 D4 01 34 8F 16 00 16 CD 16"                            File: Line:0 Function: Type:Debug:
DateTime:2026-09-12 16:27:03.015:"解码完成，功能码: 4"                            File: Line:0 Function: Type:Debug:
DateTime:2026-09-12 16:27:03.015:"工装接收到透传报文"                            File: Line:0 Function: Type:Debug:
DateTime:2026-09-12 16:27:03.015:"02250068250080000000000034520100021290785634120D006812907856341268D401348F160016"                            File: Line:0 Function: Type:Debug:
DateTime:2026-09-12 16:27:03.015:"透传报文内容:68 25 00 80 00 00 00 00 00 34 52 01 00 02 12 90 78 56 34 12 0d 00 68 12 90 78 56 34 12 68 d4 01 34 8f 16 00 16"                            File: Line:0 Function: Type:Debug:
DateTime:2026-09-12 16:27:05.936:"uTimeSecond_ms:30000"                            File: Line:0 Function: Type:Debug:
DateTime:2026-09-12 16:27:05.936:"查找结果: iret=0, wStart=0, dwOutLen=37, dwStreamLen=37, dwFindPos=0"                            File: Line:0 Function: Type:Debug:
DateTime:2026-09-12 16:27:05.936:"Receive:<= 68 25 00 80 00 00 00 00 00 34 52 01 00 02 12 90 78 56 34 12 0D 00 68 12 90 78 56 34 12 68 D4 01 34 8F 16 00 16"                            File: Line:0 Function: Type:Debug:
DateTime:2026-09-12 16:27:05.936:"解析：功能码-AFN=52H,Fn=1："                            File: Line:0 Function: Type:Debug:
DateTime:2026-09-12 16:27:05.936:"透传回复内容：021290785634120D006812907856341268D401348F16"                            File: Line:0 Function: Type:Debug:
DateTime:2026-09-12 16:27:05.936:"DL/T645-2007协议 回复报文信息：控制码：d4 "                            File: Line:0 Function: Type:Debug:
DateTime:2026-09-12 16:27:05.936:"不支持"                            File: Line:0 Function: Type:Debug:
DateTime:2026-09-12 16:27:05.936:"设置失败"                            File: Line:0 Function: Type:Debug:
DateTime:2026-09-12 16:27:05.936:"删除表总数量：6,成功数量：0,失败数量：6 "                            File: Line:0 Function: Type:Debug:
DateTime:2026-09-12 16:27:05.936:dll输出信息: ""                            File: Line:0 Function: Type:Debug:
DateTime:2026-09-12 16:27:05.936:接口函数调用成功，返回的结果为 0                            File: Line:0 Function: Type:Debug:
DateTime:2026-09-12 16:27:05.936:"外部传入的para：0，返回的result：0,返回的pValRet：-1"                            File: Line:0 Function: Type:Debug:
DateTime:2026-09-12 16:27:05.936:返回结果不满足预期值                            File: Line:0 Function: Type:Debug:
DateTime:2026-09-12 16:27:05.937:coorIndex 0                            File: Line:0 Function: Type:Debug:
DateTime:2026-09-12 16:27:05.937:当前流程结束                            File: Line:0 Function: Type:Debug:
DateTime:2026-09-12 16:27:05.937:退出connect函数                            File: Line:0 Function: Type:Debug:
DateTime:2026-09-12 16:27:05.937:"=========【测试结束EB031101清空从节点档案】结束=========="                            File: Line:0 Function: Type:Debug:
DateTime:2026-09-12 16:27:05.937:"-----------------------------"                            File: Line:0 Function: Type:Debug:
DateTime:2026-09-12 16:27:05.938:"=============执行【测试槽位透传关闭】==================="                            File: Line:0 Function: Type:Debug:
DateTime:2026-09-12 16:27:05.938:"执行接口函数SimuCorn_close_transport"                            File: Line:0 Function: Type:Debug:
DateTime:2026-09-12 16:27:05.938:callWorkFunction: SimuCorn_close_transport                            File: Line:0 Function: Type:Debug:
DateTime:2026-09-12 16:27:05.938:找到对应函数，进入执行                            File: Line:0 Function: Type:Debug:
DateTime:2026-09-12 16:27:05.938:"工装发送：68 42 00 42 00 68 40 00 00 00 00 00 22 60 00 00 01 00 02 00 3C 00 01 16"                            File: Line:0 Function: Type:Debug:
DateTime:2026-09-12 16:27:05.939:"工装接收：68 32 00 32 00 68 80 00 00 00 00 00 00 60 00 00 01 00 E1 16"                            File: Line:0 Function: Type:Debug:
DateTime:2026-09-12 16:27:05.939:"m_baRecvMsg:"                            File: Line:0 Function: Type:Debug:
DateTime:2026-09-12 16:27:05.939:"frameList.size():1"                            File: Line:0 Function: Type:Debug:
DateTime:2026-09-12 16:27:05.939:"进入报文解析"                            File: Line:0 Function: Type:Debug:
DateTime:2026-09-12 16:27:05.939:"68 32 00 32 00 68 80 00 00 00 00 00 00 60 00 00 01 00 E1 16"                            File: Line:0 Function: Type:Debug:
DateTime:2026-09-12 16:27:05.939:"解码完成，功能码: 1"                            File: Line:0 Function: Type:Debug:
DateTime:2026-09-12 16:27:05.939:"工装回复确认帧"                            File: Line:0 Function: Type:Debug:
DateTime:2026-09-12 16:27:05.939:"全部槽位关闭透传成功"                            File: Line:0 Function: Type:Debug:
DateTime:2026-09-12 16:27:06.041:dll输出信息: ""                            File: Line:0 Function: Type:Debug:
DateTime:2026-09-12 16:27:06.041:接口函数调用成功，返回的结果为 0                            File: Line:0 Function: Type:Debug:
DateTime:2026-09-12 16:27:06.041:"外部传入的para：0，返回的result：0,返回的pValRet：0"                            File: Line:0 Function: Type:Debug:
DateTime:2026-09-12 16:27:06.041:"执行接口函数SimuCorn_close_transport完成"                            File: Line:0 Function: Type:Debug:
DateTime:2026-09-12 16:27:06.042:coorIndex 0                            File: Line:0 Function: Type:Debug:
DateTime:2026-09-12 16:27:06.042:当前流程结束                            File: Line:0 Function: Type:Debug:
DateTime:2026-09-12 16:27:06.042:退出connect函数                            File: Line:0 Function: Type:Debug:
DateTime:2026-09-12 16:27:06.042:"=========【测试槽位透传关闭】结束=========="                            File: Line:0 Function: Type:Debug:
DateTime:2026-09-12 16:27:06.042:"-----------------------------"                            File: Line:0 Function: Type:Debug:
DateTime:2026-09-12 16:27:06.042:"=============执行【测试槽位下电】==================="                            File: Line:0 Function: Type:Debug:
DateTime:2026-09-12 16:27:06.043:"执行接口函数SimuCorn_power_off"                            File: Line:0 Function: Type:Debug:
DateTime:2026-09-12 16:27:06.043:callWorkFunction: SimuCorn_power_off                            File: Line:0 Function: Type:Debug:
DateTime:2026-09-12 16:27:06.043:找到对应函数，进入执行                            File: Line:0 Function: Type:Debug:
DateTime:2026-09-12 16:27:06.043:"工装发送：68 3E 00 3E 00 68 40 00 00 00 00 00 21 60 00 00 02 00 01 02 00 C6 16"                            File: Line:0 Function: Type:Debug:
DateTime:2026-09-12 16:27:06.043:"工装接收：68 32 00 32 00 68 80 00 00 00 00 00 00 60 00 00 01 00 E1 16"                            File: Line:0 Function: Type:Debug:
DateTime:2026-09-12 16:27:06.043:"m_baRecvMsg:"                            File: Line:0 Function: Type:Debug:
DateTime:2026-09-12 16:27:06.043:"frameList.size():1"                            File: Line:0 Function: Type:Debug:
DateTime:2026-09-12 16:27:06.043:"进入报文解析"                            File: Line:0 Function: Type:Debug:
DateTime:2026-09-12 16:27:06.043:"68 32 00 32 00 68 80 00 00 00 00 00 00 60 00 00 01 00 E1 16"                            File: Line:0 Function: Type:Debug:
DateTime:2026-09-12 16:27:06.044:"解码完成，功能码: 1"                            File: Line:0 Function: Type:Debug:
DateTime:2026-09-12 16:27:06.044:"工装回复确认帧"                            File: Line:0 Function: Type:Debug:
DateTime:2026-09-12 16:27:06.044:"工装发送：68 3E 00 3E 00 68 40 00 00 00 00 00 21 60 00 00 02 00 02 02 00 C7 16"                            File: Line:0 Function: Type:Debug:
DateTime:2026-09-12 16:27:06.044:"工装接收：68 32 00 32 00 68 80 00 00 00 00 00 00 60 00 00 01 00 E1 16"                            File: Line:0 Function: Type:Debug:
DateTime:2026-09-12 16:27:06.044:"m_baRecvMsg:"                            File: Line:0 Function: Type:Debug:
DateTime:2026-09-12 16:27:06.044:"frameList.size():1"                            File: Line:0 Function: Type:Debug:
DateTime:2026-09-12 16:27:06.044:"进入报文解析"                            File: Line:0 Function: Type:Debug:
DateTime:2026-09-12 16:27:06.044:"68 32 00 32 00 68 80 00 00 00 00 00 00 60 00 00 01 00 E1 16"                            File: Line:0 Function: Type:Debug:
DateTime:2026-09-12 16:27:06.044:"解码完成，功能码: 1"                            File: Line:0 Function: Type:Debug:
DateTime:2026-09-12 16:27:06.044:"工装回复确认帧"                            File: Line:0 Function: Type:Debug:
DateTime:2026-09-12 16:27:06.044:"工装发送：68 3E 00 3E 00 68 40 00 00 00 00 00 21 60 00 00 02 00 03 02 00 C8 16"                            File: Line:0 Function: Type:Debug:
DateTime:2026-09-12 16:27:06.045:"工装接收：68 32 00 32 00 68 80 00 00 00 00 00 00 60 00 00 01 00 E1 16"                            File: Line:0 Function: Type:Debug:
DateTime:2026-09-12 16:27:06.045:"m_baRecvMsg:"                            File: Line:0 Function: Type:Debug:
DateTime:2026-09-12 16:27:06.045:"frameList.size():1"                            File: Line:0 Function: Type:Debug:
DateTime:2026-09-12 16:27:06.045:"进入报文解析"                            File: Line:0 Function: Type:Debug:
DateTime:2026-09-12 16:27:06.045:"68 32 00 32 00 68 80 00 00 00 00 00 00 60 00 00 01 00 E1 16"                            File: Line:0 Function: Type:Debug:
DateTime:2026-09-12 16:27:06.045:"解码完成，功能码: 1"                            File: Line:0 Function: Type:Debug:
DateTime:2026-09-12 16:27:06.045:"工装回复确认帧"                            File: Line:0 Function: Type:Debug:
DateTime:2026-09-12 16:27:06.045:"工装发送：68 3E 00 3E 00 68 40 00 00 00 00 00 21 60 00 00 02 00 04 02 00 C9 16"                            File: Line:0 Function: Type:Debug:
DateTime:2026-09-12 16:27:06.046:"工装接收：68 32 00 32 00 68 80 00 00 00 00 00 00 60 00 00 01 00 E1 16"                            File: Line:0 Function: Type:Debug:
DateTime:2026-09-12 16:27:06.046:"m_baRecvMsg:"                            File: Line:0 Function: Type:Debug:
DateTime:2026-09-12 16:27:06.046:"frameList.size():1"                            File: Line:0 Function: Type:Debug:
DateTime:2026-09-12 16:27:06.046:"进入报文解析"                            File: Line:0 Function: Type:Debug:
DateTime:2026-09-12 16:27:06.046:"68 32 00 32 00 68 80 00 00 00 00 00 00 60 00 00 01 00 E1 16"                            File: Line:0 Function: Type:Debug:
DateTime:2026-09-12 16:27:06.046:"解码完成，功能码: 1"                            File: Line:0 Function: Type:Debug:
DateTime:2026-09-12 16:27:06.046:"工装回复确认帧"                            File: Line:0 Function: Type:Debug:
DateTime:2026-09-12 16:27:06.046:"工装发送：68 3E 00 3E 00 68 40 00 00 00 00 00 21 60 00 00 02 00 05 02 00 CA 16"                            File: Line:0 Function: Type:Debug:
DateTime:2026-09-12 16:27:06.046:"工装接收：68 32 00 32 00 68 80 00 00 00 00 00 00 60 00 00 01 00 E1 16"                            File: Line:0 Function: Type:Debug:
DateTime:2026-09-12 16:27:06.046:"m_baRecvMsg:"                            File: Line:0 Function: Type:Debug:
DateTime:2026-09-12 16:27:06.046:"frameList.size():1"                            File: Line:0 Function: Type:Debug:
DateTime:2026-09-12 16:27:06.046:"进入报文解析"                            File: Line:0 Function: Type:Debug:
DateTime:2026-09-12 16:27:06.046:"68 32 00 32 00 68 80 00 00 00 00 00 00 60 00 00 01 00 E1 16"                            File: Line:0 Function: Type:Debug:
DateTime:2026-09-12 16:27:06.046:"解码完成，功能码: 1"                            File: Line:0 Function: Type:Debug:
DateTime:2026-09-12 16:27:06.046:"工装回复确认帧"                            File: Line:0 Function: Type:Debug:
DateTime:2026-09-12 16:27:06.047:"工装发送：68 3E 00 3E 00 68 40 00 00 00 00 00 21 60 00 00 02 00 06 02 00 CB 16"                            File: Line:0 Function: Type:Debug:
DateTime:2026-09-12 16:27:06.047:"工装接收：68 32 00 32 00 68 80 00 00 00 00 00 00 60 00 00 01 00 E1 16"                            File: Line:0 Function: Type:Debug:
DateTime:2026-09-12 16:27:06.047:"m_baRecvMsg:"                            File: Line:0 Function: Type:Debug:
DateTime:2026-09-12 16:27:06.047:"frameList.size():1"                            File: Line:0 Function: Type:Debug:
DateTime:2026-09-12 16:27:06.047:"进入报文解析"                            File: Line:0 Function: Type:Debug:
DateTime:2026-09-12 16:27:06.047:"68 32 00 32 00 68 80 00 00 00 00 00 00 60 00 00 01 00 E1 16"                            File: Line:0 Function: Type:Debug:
DateTime:2026-09-12 16:27:06.047:"解码完成，功能码: 1"                            File: Line:0 Function: Type:Debug:
DateTime:2026-09-12 16:27:06.047:"工装回复确认帧"                            File: Line:0 Function: Type:Debug:
DateTime:2026-09-12 16:27:06.047:"工装发送：68 3E 00 3E 00 68 40 00 00 00 00 00 21 60 00 00 02 00 07 02 00 CC 16"                            File: Line:0 Function: Type:Debug:
DateTime:2026-09-12 16:27:06.048:"工装接收：68 32 00 32 00 68 80 00 00 00 00 00 00 60 00 00 01 00 E1 16"                            File: Line:0 Function: Type:Debug:
DateTime:2026-09-12 16:27:06.048:"m_baRecvMsg:"                            File: Line:0 Function: Type:Debug:
DateTime:2026-09-12 16:27:06.048:"frameList.size():1"                            File: Line:0 Function: Type:Debug:
DateTime:2026-09-12 16:27:06.048:"进入报文解析"                            File: Line:0 Function: Type:Debug:
DateTime:2026-09-12 16:27:06.048:"68 32 00 32 00 68 80 00 00 00 00 00 00 60 00 00 01 00 E1 16"                            File: Line:0 Function: Type:Debug:
DateTime:2026-09-12 16:27:06.048:"解码完成，功能码: 1"                            File: Line:0 Function: Type:Debug:
DateTime:2026-09-12 16:27:06.048:"工装回复确认帧"                            File: Line:0 Function: Type:Debug:
DateTime:2026-09-12 16:27:06.048:"工装发送：68 3E 00 3E 00 68 40 00 00 00 00 00 21 60 00 00 02 00 08 02 00 CD 16"                            File: Line:0 Function: Type:Debug:
DateTime:2026-09-12 16:27:06.049:"工装接收：68 32 00 32 00 68 80 00 00 00 00 00 00 60 00 00 01 00 E1 16"                            File: Line:0 Function: Type:Debug:
DateTime:2026-09-12 16:27:06.049:"m_baRecvMsg:"                            File: Line:0 Function: Type:Debug:
DateTime:2026-09-12 16:27:06.049:"frameList.size():1"                            File: Line:0 Function: Type:Debug:
DateTime:2026-09-12 16:27:06.049:"进入报文解析"                            File: Line:0 Function: Type:Debug:
DateTime:2026-09-12 16:27:06.049:"68 32 00 32 00 68 80 00 00 00 00 00 00 60 00 00 01 00 E1 16"                            File: Line:0 Function: Type:Debug:
DateTime:2026-09-12 16:27:06.049:"解码完成，功能码: 1"                            File: Line:0 Function: Type:Debug:
DateTime:2026-09-12 16:27:06.049:"工装回复确认帧"                            File: Line:0 Function: Type:Debug:
DateTime:2026-09-12 16:27:06.049:"所有槽位下电成功"                            File: Line:0 Function: Type:Debug:
DateTime:2026-09-12 16:27:06.150:dll输出信息: ""                            File: Line:0 Function: Type:Debug:
DateTime:2026-09-12 16:27:06.150:接口函数调用成功，返回的结果为 0                            File: Line:0 Function: Type:Debug:
DateTime:2026-09-12 16:27:06.150:"外部传入的para：0，返回的result：0,返回的pValRet：0"                            File: Line:0 Function: Type:Debug:
DateTime:2026-09-12 16:27:06.150:"执行接口函数SimuCorn_power_off完成"                            File: Line:0 Function: Type:Debug:
DateTime:2026-09-12 16:27:06.151:coorIndex 0                            File: Line:0 Function: Type:Debug:
DateTime:2026-09-12 16:27:06.151:当前流程结束                            File: Line:0 Function: Type:Debug:
DateTime:2026-09-12 16:27:06.151:退出connect函数                            File: Line:0 Function: Type:Debug:
DateTime:2026-09-12 16:27:06.151:"=========【测试槽位下电】结束=========="                            File: Line:0 Function: Type:Debug:
DateTime:2026-09-12 16:27:06.151:"-----------------------------"                            File: Line:0 Function: Type:Debug:
DateTime:2026-09-12 16:27:06.151:"=============执行【三相功率源关源】==================="                            File: Line:0 Function: Type:Debug:
DateTime:2026-09-12 16:27:06.152:"--发送:A1 01 04 DC 07 00 E3"                            File: Line:0 Function: Type:Debug:
DateTime:2026-09-12 16:27:06.252:三相功率源关源成功                            File: Line:0 Function: Type:Debug:
DateTime:2026-09-12 16:27:06.252:"=========【三相功率源关源】结束=========="                            File: Line:0 Function: Type:Debug:
DateTime:2026-09-12 16:27:06.252:"-----------------------------"                            File: Line:0 Function: Type:Debug:
DateTime:2026-09-12 16:27:06.252:"=============执行【关闭应用串口】==================="                            File: Line:0 Function: Type:Debug:
DateTime:2026-09-12 16:27:06.253:"执行接口函数ini_SimuCorn_Connect_Close"                            File: Line:0 Function: Type:Debug:
DateTime:2026-09-12 16:27:06.253:callWorkFunction: ini_SimuCorn_Connect_Close                            File: Line:0 Function: Type:Debug:
DateTime:2026-09-12 16:27:06.253:找到对应函数，进入执行                            File: Line:0 Function: Type:Debug:
DateTime:2026-09-12 16:27:06.253:"工装板连接关闭"                            File: Line:0 Function: Type:Debug:
DateTime:2026-09-12 16:27:06.355:dll输出信息: ""                            File: Line:0 Function: Type:Debug:
DateTime:2026-09-12 16:27:06.355:接口函数调用成功，返回的结果为 0                            File: Line:0 Function: Type:Debug:
DateTime:2026-09-12 16:27:06.355:"外部传入的para：0，返回的result：0,返回的pValRet：0"                            File: Line:0 Function: Type:Debug:
DateTime:2026-09-12 16:27:06.355:"执行接口函数ini_SimuCorn_Connect_Close完成"                            File: Line:0 Function: Type:Debug:
DateTime:2026-09-12 16:27:06.356:coorIndex 0                            File: Line:0 Function: Type:Debug:
DateTime:2026-09-12 16:27:06.356:当前流程结束                            File: Line:0 Function: Type:Debug:
DateTime:2026-09-12 16:27:06.356:退出connect函数                            File: Line:0 Function: Type:Debug:
DateTime:2026-09-12 16:27:06.356:"=========【关闭应用串口】结束=========="                            File: Line:0 Function: Type:Debug:
DateTime:2026-09-12 16:27:06.356:"-----------------------------"                            File: Line:0 Function: Type:Debug:
DateTime:2026-09-12 16:27:06.357:工作结束,开始存储本地数据                            File: Line:0 Function: Type:Debug:
DateTime:2026-09-12 16:27:06.384:三相功率源串口关闭成功                            File: Line:0 Function: Type:Debug:
DateTime:2026-09-12 16:27:06.384:高低温箱串口关闭成功                            File: Line:0 Function: Type:Debug:
DateTime:2026-09-12 16:27:06.388:"保存测试结果成功"                            File: Line:0 Function: Type:Debug:
DateTime:2026-09-12 16:27:06.388:"=============执行【关闭测试项日志】==================="                            File: Line:0 Function: Type:Debug:
====== 测试项结束: 事件上报测试 ======
时间: 2026-09-12 16:27:06

