====== 测试项开始: 停复电事件上报测试 ======
时间: 2026-09-14 15:05:33
DateTime:2026-09-14 15:05:33.988:"=========【开启测试项日志】结束=========="                            File: Line:0 Function: Type:Debug:
DateTime:2026-09-14 15:05:33.988:"-----------------------------"                            File: Line:0 Function: Type:Debug:
DateTime:2026-09-14 15:05:33.993:"=============执行【Step1-应用串口初始化】==================="                            File: Line:0 Function: Type:Debug:
DateTime:2026-09-14 15:05:33.993:"执行接口函数ini_SimuCorn_Connect"                            File: Line:0 Function: Type:Debug:
DateTime:2026-09-14 15:05:33.993:callWorkFunction: ini_SimuCorn_Connect                            File: Line:0 Function: Type:Debug:
DateTime:2026-09-14 15:05:34.005:找到对应函数，进入执行                            File: Line:0 Function: Type:Debug:
DateTime:2026-09-14 15:05:34.005:QAbstractSocket::connectToHost() called when already looking up or connecting/connected to "192.168.6.101"                            File: Line:0 Function: Type:Warning:
DateTime:2026-09-14 15:05:34.005:QAbstractSocket::connectToHost() called when already looking up or connecting/connected to "192.168.6.102"                            File: Line:0 Function: Type:Warning:
DateTime:2026-09-14 15:05:34.005:QAbstractSocket::connectToHost() called when already looking up or connecting/connected to "192.168.6.103"                            File: Line:0 Function: Type:Warning:
DateTime:2026-09-14 15:05:34.005:QAbstractSocket::connectToHost() called when already looking up or connecting/connected to "192.168.6.105"                            File: Line:0 Function: Type:Warning:
DateTime:2026-09-14 15:05:34.005:"全部工装板连接成功"                            File: Line:0 Function: Type:Debug:
DateTime:2026-09-14 15:05:34.093:"工作状态变更,当前状态:运行"                            File: Line:0 Function: Type:Debug:
DateTime:2026-09-14 15:05:34.106:dll输出信息: ""                            File: Line:0 Function: Type:Debug:
DateTime:2026-09-14 15:05:34.106:接口函数调用成功，返回的结果为 0                            File: Line:0 Function: Type:Debug:
DateTime:2026-09-14 15:05:34.106:"外部传入的para：0，返回的result：0,返回的pValRet：0"                            File: Line:0 Function: Type:Debug:
DateTime:2026-09-14 15:05:34.106:"执行接口函数ini_SimuCorn_Connect完成"                            File: Line:0 Function: Type:Debug:
DateTime:2026-09-14 15:05:34.106:coorIndex 0                            File: Line:0 Function: Type:Debug:
DateTime:2026-09-14 15:05:34.106:当前流程结束                            File: Line:0 Function: Type:Debug:
DateTime:2026-09-14 15:05:34.107:退出connect函数                            File: Line:0 Function: Type:Debug:
DateTime:2026-09-14 15:05:34.107:"=========【Step1-应用串口初始化】结束=========="                            File: Line:0 Function: Type:Debug:
DateTime:2026-09-14 15:05:34.107:"-----------------------------"                            File: Line:0 Function: Type:Debug:
DateTime:2026-09-14 15:05:34.108:"=============执行【三相功率源初始化连接】==================="                            File: Line:0 Function: Type:Debug:
DateTime:2026-09-14 15:05:34.108:port "COM11"                            File: Line:0 Function: Type:Debug:
DateTime:2026-09-14 15:05:34.109:"RocketMq上报工况(设备工作状态信息):{\"curWkStatusCode\":\"04\",\"plantNo\":\"YL-101601\",\"previousState\":\"02\",\"receiveTime\":\"2026-09-14 15:05:34\",\"startTime\":\"2026-09-14 15:05:34\"}"                            File: Line:0 Function: Type:Debug:
DateTime:2026-09-14 15:05:34.109:QAbstractSocket::waitForDisconnected() is not allowed in UnconnectedState                            File: Line:0 Function: Type:Warning:
DateTime:2026-09-14 15:05:34.109:三相功率源初始化连接成功                            File: Line:0 Function: Type:Debug:
DateTime:2026-09-14 15:05:34.109:"=========【三相功率源初始化连接】结束=========="                            File: Line:0 Function: Type:Debug:
DateTime:2026-09-14 15:05:34.109:"-----------------------------"                            File: Line:0 Function: Type:Debug:
DateTime:2026-09-14 15:05:34.110:"=============执行【三相功率源生源参数初始化】==================="                            File: Line:0 Function: Type:Debug:
DateTime:2026-09-14 15:05:34.110:"--发送:A1 01 04 D1 10 01 E2"                            File: Line:0 Function: Type:Debug:
DateTime:2026-09-14 15:05:34.211:"--发送:A1 01 05 C8 05 00 00 CD"                            File: Line:0 Function: Type:Debug:
DateTime:2026-09-14 15:05:34.312:"--发送:A1 01 07 D6 00 02 20 00 00 F8"                            File: Line:0 Function: Type:Debug:
DateTime:2026-09-14 15:05:34.413:"--发送:A1 01 07 D8 00 01 00 00 00 D9"                            File: Line:0 Function: Type:Debug:
DateTime:2026-09-14 15:05:34.513:"--发送:A1 01 05 D5 50 00 00 25"                            File: Line:0 Function: Type:Debug:
DateTime:2026-09-14 15:05:34.614:"=========【三相功率源生源参数初始化】结束=========="                            File: Line:0 Function: Type:Debug:
DateTime:2026-09-14 15:05:34.614:"-----------------------------"                            File: Line:0 Function: Type:Debug:
DateTime:2026-09-14 15:05:34.615:"=============执行【三相功率源生源】==================="                            File: Line:0 Function: Type:Debug:
DateTime:2026-09-14 15:05:34.615:"--发送:A1 01 04 DC 07 01 E4"                            File: Line:0 Function: Type:Debug:
DateTime:2026-09-14 15:05:34.716:三相功率源生源成功                            File: Line:0 Function: Type:Debug:
DateTime:2026-09-14 15:05:34.716:"=========【三相功率源生源】结束=========="                            File: Line:0 Function: Type:Debug:
DateTime:2026-09-14 15:05:34.716:"-----------------------------"                            File: Line:0 Function: Type:Debug:
DateTime:2026-09-14 15:05:34.717:"=============执行【初始化工装参数】==================="                            File: Line:0 Function: Type:Debug:
DateTime:2026-09-14 15:05:34.717:"执行接口函数ini_SimuCorn_Para"                            File: Line:0 Function: Type:Debug:
DateTime:2026-09-14 15:05:34.717:callWorkFunction: ini_SimuCorn_Para                            File: Line:0 Function: Type:Debug:
DateTime:2026-09-14 15:05:34.717:找到对应函数，进入执行                            File: Line:0 Function: Type:Debug:
DateTime:2026-09-14 15:05:34.717:"工装板参数初始化完成"                            File: Line:0 Function: Type:Debug:
DateTime:2026-09-14 15:05:34.818:dll输出信息: ""                            File: Line:0 Function: Type:Debug:
DateTime:2026-09-14 15:05:34.818:接口函数调用成功，返回的结果为 0                            File: Line:0 Function: Type:Debug:
DateTime:2026-09-14 15:05:34.818:"外部传入的para：0，返回的result：0,返回的pValRet：0"                            File: Line:0 Function: Type:Debug:
DateTime:2026-09-14 15:05:34.818:"执行接口函数ini_SimuCorn_Para完成"                            File: Line:0 Function: Type:Debug:
DateTime:2026-09-14 15:05:34.818:coorIndex 0                            File: Line:0 Function: Type:Debug:
DateTime:2026-09-14 15:05:34.818:当前流程结束                            File: Line:0 Function: Type:Debug:
DateTime:2026-09-14 15:05:34.818:退出connect函数                            File: Line:0 Function: Type:Debug:
DateTime:2026-09-14 15:05:34.819:"=========【初始化工装参数】结束=========="                            File: Line:0 Function: Type:Debug:
DateTime:2026-09-14 15:05:34.819:"-----------------------------"                            File: Line:0 Function: Type:Debug:
DateTime:2026-09-14 15:05:34.820:"=============执行【测试槽位设置波特率】==================="                            File: Line:0 Function: Type:Debug:
DateTime:2026-09-14 15:05:34.820:"执行接口函数SimuCorn_set_baudrate"                            File: Line:0 Function: Type:Debug:
DateTime:2026-09-14 15:05:34.820:callWorkFunction: SimuCorn_set_baudrate                            File: Line:0 Function: Type:Debug:
DateTime:2026-09-14 15:05:34.820:找到对应函数，进入执行                            File: Line:0 Function: Type:Debug:
DateTime:2026-09-14 15:05:34.820:"工装发送：68 3A 00 3A 00 68 40 00 00 00 00 00 22 60 00 00 08 00 02 02 CE 16"                            File: Line:0 Function: Type:Debug:
DateTime:2026-09-14 15:05:34.821:"工装接收：68 9A 00 9A 00 68 80 00 00 00 00 00 22 60 00 00 01 00 02 17 00 68 17 00 C3 00 00 00 00 00 0E 14 08 01 96 09 48 02 15 14 09 26 2F 16 0F 16 68 7A 00 7A 00 68 80 00 00 00 00 00 22 60 00 00 01 00 02 0F 00 68 0F 00 C3 00 00 00 00 00 0F 14 02 00 E8 16 71 16 68 7A 00 7A 00 68 80 00 00 00 00 00 22 60 00 00 01 00 02 0F 00 68 0F 00 C3 00 00 00 00 00 0F 14 02 00 E8 16 71 16 68 42 00 42 00 68 80 00 00 00 00 00 22 60 00 00 01 00 02 01 00 00 06 16 68 9A 00 9A 00 68 80 00 00 00 00 00 22 60 00 00 01 00 02 17 00 68 17 00 C3 00 00 00 00 00 00 14 08 01 00 06 00 01 00 01 01 20 09 16 C3 16 68 7A 00 7A 00 68 80 00 00 00 00 00 22 60 00 00 01 00 02 0F 00 68 0F 00 C3 00 00 00 00 00 01 14 02 00 DA 16 55 16 68 32 00 32 00 68 80 00 00 00 00 00 00 60 00 00 01 00 E1 16"                            File: Line:0 Function: Type:Debug:
DateTime:2026-09-14 15:05:34.821:"m_baRecvMsg:"                            File: Line:0 Function: Type:Debug:
DateTime:2026-09-14 15:05:34.821:"frameList.size():7"                            File: Line:0 Function: Type:Debug:
DateTime:2026-09-14 15:05:34.821:"进入报文解析"                            File: Line:0 Function: Type:Debug:
DateTime:2026-09-14 15:05:34.821:"68 9A 00 9A 00 68 80 00 00 00 00 00 22 60 00 00 01 00 02 17 00 68 17 00 C3 00 00 00 00 00 0E 14 08 01 96 09 48 02 15 14 09 26 2F 16 0F 16"                            File: Line:0 Function: Type:Debug:
DateTime:2026-09-14 15:05:34.821:"解码完成，功能码: 4"                            File: Line:0 Function: Type:Debug:
DateTime:2026-09-14 15:05:34.821:"工装接收到透传报文"                            File: Line:0 Function: Type:Debug:
DateTime:2026-09-14 15:05:34.821:"021700681700C300000000000E14080196094802151409262F16"                            File: Line:0 Function: Type:Debug:
DateTime:2026-09-14 15:05:34.821:"透传报文内容:68 17 00 c3 00 00 00 00 00 0e 14 08 01 96 09 48 02 15 14 09 26 2f 16"                            File: Line:0 Function: Type:Debug:
DateTime:2026-09-14 15:05:34.821:"进入报文解析"                            File: Line:0 Function: Type:Debug:
DateTime:2026-09-14 15:05:34.821:"68 7A 00 7A 00 68 80 00 00 00 00 00 22 60 00 00 01 00 02 0F 00 68 0F 00 C3 00 00 00 00 00 0F 14 02 00 E8 16 71 16"                            File: Line:0 Function: Type:Debug:
DateTime:2026-09-14 15:05:34.821:"解码完成，功能码: 4"                            File: Line:0 Function: Type:Debug:
DateTime:2026-09-14 15:05:34.821:"工装接收到透传报文"                            File: Line:0 Function: Type:Debug:
DateTime:2026-09-14 15:05:34.821:"020F00680F00C300000000000F140200E816"                            File: Line:0 Function: Type:Debug:
DateTime:2026-09-14 15:05:34.821:"透传报文内容:68 0f 00 c3 00 00 00 00 00 0f 14 02 00 e8 16"                            File: Line:0 Function: Type:Debug:
DateTime:2026-09-14 15:05:34.821:"进入报文解析"                            File: Line:0 Function: Type:Debug:
DateTime:2026-09-14 15:05:34.821:"68 7A 00 7A 00 68 80 00 00 00 00 00 22 60 00 00 01 00 02 0F 00 68 0F 00 C3 00 00 00 00 00 0F 14 02 00 E8 16 71 16"                            File: Line:0 Function: Type:Debug:
DateTime:2026-09-14 15:05:34.821:"解码完成，功能码: 4"                            File: Line:0 Function: Type:Debug:
DateTime:2026-09-14 15:05:34.821:"工装接收到透传报文"                            File: Line:0 Function: Type:Debug:
DateTime:2026-09-14 15:05:34.821:"020F00680F00C300000000000F140200E816"                            File: Line:0 Function: Type:Debug:
DateTime:2026-09-14 15:05:34.822:"透传报文内容:68 0f 00 c3 00 00 00 00 00 0f 14 02 00 e8 16"                            File: Line:0 Function: Type:Debug:
DateTime:2026-09-14 15:05:34.822:"进入报文解析"                            File: Line:0 Function: Type:Debug:
DateTime:2026-09-14 15:05:34.822:"68 42 00 42 00 68 80 00 00 00 00 00 22 60 00 00 01 00 02 01 00 00 06 16"                            File: Line:0 Function: Type:Debug:
DateTime:2026-09-14 15:05:34.822:"解码完成，功能码: 4"                            File: Line:0 Function: Type:Debug:
DateTime:2026-09-14 15:05:34.822:"工装接收到透传报文"                            File: Line:0 Function: Type:Debug:
DateTime:2026-09-14 15:05:34.822:"02010000"                            File: Line:0 Function: Type:Debug:
DateTime:2026-09-14 15:05:34.822:"透传报文内容:00"                            File: Line:0 Function: Type:Debug:
DateTime:2026-09-14 15:05:34.822:"进入报文解析"                            File: Line:0 Function: Type:Debug:
DateTime:2026-09-14 15:05:34.822:"68 9A 00 9A 00 68 80 00 00 00 00 00 22 60 00 00 01 00 02 17 00 68 17 00 C3 00 00 00 00 00 00 14 08 01 00 06 00 01 00 01 01 20 09 16 C3 16"                            File: Line:0 Function: Type:Debug:
DateTime:2026-09-14 15:05:34.822:"解码完成，功能码: 4"                            File: Line:0 Function: Type:Debug:
DateTime:2026-09-14 15:05:34.822:"工装接收到透传报文"                            File: Line:0 Function: Type:Debug:
DateTime:2026-09-14 15:05:34.822:"021700681700C300000000000014080100060001000101200916"                            File: Line:0 Function: Type:Debug:
DateTime:2026-09-14 15:05:34.822:"透传报文内容:68 17 00 c3 00 00 00 00 00 00 14 08 01 00 06 00 01 00 01 01 20 09 16"                            File: Line:0 Function: Type:Debug:
DateTime:2026-09-14 15:05:34.822:"进入报文解析"                            File: Line:0 Function: Type:Debug:
DateTime:2026-09-14 15:05:34.822:"68 7A 00 7A 00 68 80 00 00 00 00 00 22 60 00 00 01 00 02 0F 00 68 0F 00 C3 00 00 00 00 00 01 14 02 00 DA 16 55 16"                            File: Line:0 Function: Type:Debug:
DateTime:2026-09-14 15:05:34.822:"解码完成，功能码: 4"                            File: Line:0 Function: Type:Debug:
DateTime:2026-09-14 15:05:34.822:"工装接收到透传报文"                            File: Line:0 Function: Type:Debug:
DateTime:2026-09-14 15:05:34.822:"020F00680F00C3000000000001140200DA16"                            File: Line:0 Function: Type:Debug:
DateTime:2026-09-14 15:05:34.822:"透传报文内容:68 0f 00 c3 00 00 00 00 00 01 14 02 00 da 16"                            File: Line:0 Function: Type:Debug:
DateTime:2026-09-14 15:05:34.822:"进入报文解析"                            File: Line:0 Function: Type:Debug:
DateTime:2026-09-14 15:05:34.822:"68 32 00 32 00 68 80 00 00 00 00 00 00 60 00 00 01 00 E1 16"                            File: Line:0 Function: Type:Debug:
DateTime:2026-09-14 15:05:34.822:"解码完成，功能码: 1"                            File: Line:0 Function: Type:Debug:
DateTime:2026-09-14 15:05:34.822:"工装回复确认帧"                            File: Line:0 Function: Type:Debug:
DateTime:2026-09-14 15:05:34.822:"全部槽位设置波特率成功"                            File: Line:0 Function: Type:Debug:
DateTime:2026-09-14 15:05:34.923:dll输出信息: ""                            File: Line:0 Function: Type:Debug:
DateTime:2026-09-14 15:05:34.923:接口函数调用成功，返回的结果为 0                            File: Line:0 Function: Type:Debug:
DateTime:2026-09-14 15:05:34.923:"外部传入的para：0，返回的result：0,返回的pValRet：0"                            File: Line:0 Function: Type:Debug:
DateTime:2026-09-14 15:05:34.923:"执行接口函数SimuCorn_set_baudrate完成"                            File: Line:0 Function: Type:Debug:
DateTime:2026-09-14 15:05:34.923:coorIndex 0                            File: Line:0 Function: Type:Debug:
DateTime:2026-09-14 15:05:34.923:当前流程结束                            File: Line:0 Function: Type:Debug:
DateTime:2026-09-14 15:05:34.923:退出connect函数                            File: Line:0 Function: Type:Debug:
DateTime:2026-09-14 15:05:34.923:"=========【测试槽位设置波特率】结束=========="                            File: Line:0 Function: Type:Debug:
DateTime:2026-09-14 15:05:34.923:"-----------------------------"                            File: Line:0 Function: Type:Debug:
DateTime:2026-09-14 15:05:34.924:"=============执行【测试槽位开启透传】==================="                            File: Line:0 Function: Type:Debug:
DateTime:2026-09-14 15:05:34.924:"执行接口函数SimuCorn_open_transport"                            File: Line:0 Function: Type:Debug:
DateTime:2026-09-14 15:05:34.924:callWorkFunction: SimuCorn_open_transport                            File: Line:0 Function: Type:Debug:
DateTime:2026-09-14 15:05:34.925:找到对应函数，进入执行                            File: Line:0 Function: Type:Debug:
DateTime:2026-09-14 15:05:34.925:"工装发送：68 42 00 42 00 68 40 00 00 00 00 00 22 60 00 00 01 00 02 01 3C 00 02 16"                            File: Line:0 Function: Type:Debug:
DateTime:2026-09-14 15:05:34.925:"工装接收：68 32 00 32 00 68 80 00 00 00 00 00 00 60 00 00 01 00 E1 16"                            File: Line:0 Function: Type:Debug:
DateTime:2026-09-14 15:05:34.925:"m_baRecvMsg:"                            File: Line:0 Function: Type:Debug:
DateTime:2026-09-14 15:05:34.925:"frameList.size():1"                            File: Line:0 Function: Type:Debug:
DateTime:2026-09-14 15:05:34.925:"进入报文解析"                            File: Line:0 Function: Type:Debug:
DateTime:2026-09-14 15:05:34.925:"68 32 00 32 00 68 80 00 00 00 00 00 00 60 00 00 01 00 E1 16"                            File: Line:0 Function: Type:Debug:
DateTime:2026-09-14 15:05:34.925:"解码完成，功能码: 1"                            File: Line:0 Function: Type:Debug:
DateTime:2026-09-14 15:05:34.925:"工装回复确认帧"                            File: Line:0 Function: Type:Debug:
DateTime:2026-09-14 15:05:34.925:"全部槽位开启透传成功"                            File: Line:0 Function: Type:Debug:
DateTime:2026-09-14 15:05:35.027:dll输出信息: ""                            File: Line:0 Function: Type:Debug:
DateTime:2026-09-14 15:05:35.027:接口函数调用成功，返回的结果为 0                            File: Line:0 Function: Type:Debug:
DateTime:2026-09-14 15:05:35.027:"外部传入的para：0，返回的result：0,返回的pValRet：0"                            File: Line:0 Function: Type:Debug:
DateTime:2026-09-14 15:05:35.027:"执行接口函数SimuCorn_open_transport完成"                            File: Line:0 Function: Type:Debug:
DateTime:2026-09-14 15:05:35.027:coorIndex 0                            File: Line:0 Function: Type:Debug:
DateTime:2026-09-14 15:05:35.027:当前流程结束                            File: Line:0 Function: Type:Debug:
DateTime:2026-09-14 15:05:35.027:退出connect函数                            File: Line:0 Function: Type:Debug:
DateTime:2026-09-14 15:05:35.027:"=========【测试槽位开启透传】结束=========="                            File: Line:0 Function: Type:Debug:
DateTime:2026-09-14 15:05:35.027:"-----------------------------"                            File: Line:0 Function: Type:Debug:
DateTime:2026-09-14 15:05:35.027:"=============执行【测试槽位透传关闭】==================="                            File: Line:0 Function: Type:Debug:
DateTime:2026-09-14 15:05:35.027:"执行接口函数SimuCorn_close_transport"                            File: Line:0 Function: Type:Debug:
DateTime:2026-09-14 15:05:35.027:callWorkFunction: SimuCorn_close_transport                            File: Line:0 Function: Type:Debug:
DateTime:2026-09-14 15:05:35.027:找到对应函数，进入执行                            File: Line:0 Function: Type:Debug:
DateTime:2026-09-14 15:05:35.027:"工装发送：68 42 00 42 00 68 40 00 00 00 00 00 22 60 00 00 01 00 03 00 3C 00 02 16"                            File: Line:0 Function: Type:Debug:
DateTime:2026-09-14 15:05:35.028:"工装接收：68 32 00 32 00 68 80 00 00 00 00 00 00 60 00 00 01 00 E1 16"                            File: Line:0 Function: Type:Debug:
DateTime:2026-09-14 15:05:35.028:"m_baRecvMsg:"                            File: Line:0 Function: Type:Debug:
DateTime:2026-09-14 15:05:35.028:"frameList.size():1"                            File: Line:0 Function: Type:Debug:
DateTime:2026-09-14 15:05:35.028:"进入报文解析"                            File: Line:0 Function: Type:Debug:
DateTime:2026-09-14 15:05:35.028:"68 32 00 32 00 68 80 00 00 00 00 00 00 60 00 00 01 00 E1 16"                            File: Line:0 Function: Type:Debug:
DateTime:2026-09-14 15:05:35.028:"解码完成，功能码: 1"                            File: Line:0 Function: Type:Debug:
DateTime:2026-09-14 15:05:35.028:"工装回复确认帧"                            File: Line:0 Function: Type:Debug:
DateTime:2026-09-14 15:05:35.028:"工装发送：68 42 00 42 00 68 40 00 00 00 00 00 22 60 00 00 01 00 04 00 3C 00 03 16"                            File: Line:0 Function: Type:Debug:
DateTime:2026-09-14 15:05:35.028:"工装接收：68 32 00 32 00 68 80 00 00 00 00 00 00 60 00 00 01 00 E1 16"                            File: Line:0 Function: Type:Debug:
DateTime:2026-09-14 15:05:35.028:"m_baRecvMsg:"                            File: Line:0 Function: Type:Debug:
DateTime:2026-09-14 15:05:35.028:"frameList.size():1"                            File: Line:0 Function: Type:Debug:
DateTime:2026-09-14 15:05:35.028:"进入报文解析"                            File: Line:0 Function: Type:Debug:
DateTime:2026-09-14 15:05:35.028:"68 32 00 32 00 68 80 00 00 00 00 00 00 60 00 00 01 00 E1 16"                            File: Line:0 Function: Type:Debug:
DateTime:2026-09-14 15:05:35.028:"解码完成，功能码: 1"                            File: Line:0 Function: Type:Debug:
DateTime:2026-09-14 15:05:35.028:"工装回复确认帧"                            File: Line:0 Function: Type:Debug:
DateTime:2026-09-14 15:05:35.028:"工装发送：68 42 00 42 00 68 40 00 00 00 00 00 22 60 00 00 01 00 05 00 3C 00 04 16"                            File: Line:0 Function: Type:Debug:
DateTime:2026-09-14 15:05:35.029:"工装接收：68 32 00 32 00 68 80 00 00 00 00 00 00 60 00 00 01 00 E1 16"                            File: Line:0 Function: Type:Debug:
DateTime:2026-09-14 15:05:35.029:"m_baRecvMsg:"                            File: Line:0 Function: Type:Debug:
DateTime:2026-09-14 15:05:35.029:"frameList.size():1"                            File: Line:0 Function: Type:Debug:
DateTime:2026-09-14 15:05:35.029:"进入报文解析"                            File: Line:0 Function: Type:Debug:
DateTime:2026-09-14 15:05:35.029:"68 32 00 32 00 68 80 00 00 00 00 00 00 60 00 00 01 00 E1 16"                            File: Line:0 Function: Type:Debug:
DateTime:2026-09-14 15:05:35.029:"解码完成，功能码: 1"                            File: Line:0 Function: Type:Debug:
DateTime:2026-09-14 15:05:35.029:"工装回复确认帧"                            File: Line:0 Function: Type:Debug:
DateTime:2026-09-14 15:05:35.029:"工装发送：68 42 00 42 00 68 40 00 00 00 00 00 22 60 00 00 01 00 06 00 3C 00 05 16"                            File: Line:0 Function: Type:Debug:
DateTime:2026-09-14 15:05:35.029:"工装接收：68 32 00 32 00 68 80 00 00 00 00 00 00 60 00 00 01 00 E1 16"                            File: Line:0 Function: Type:Debug:
DateTime:2026-09-14 15:05:35.029:"m_baRecvMsg:"                            File: Line:0 Function: Type:Debug:
DateTime:2026-09-14 15:05:35.029:"frameList.size():1"                            File: Line:0 Function: Type:Debug:
DateTime:2026-09-14 15:05:35.029:"进入报文解析"                            File: Line:0 Function: Type:Debug:
DateTime:2026-09-14 15:05:35.029:"68 32 00 32 00 68 80 00 00 00 00 00 00 60 00 00 01 00 E1 16"                            File: Line:0 Function: Type:Debug:
DateTime:2026-09-14 15:05:35.029:"解码完成，功能码: 1"                            File: Line:0 Function: Type:Debug:
DateTime:2026-09-14 15:05:35.029:"工装回复确认帧"                            File: Line:0 Function: Type:Debug:
DateTime:2026-09-14 15:05:35.029:"工装发送：68 42 00 42 00 68 40 00 00 00 00 00 22 60 00 00 01 00 07 00 3C 00 06 16"                            File: Line:0 Function: Type:Debug:
DateTime:2026-09-14 15:05:35.029:"工装接收：68 32 00 32 00 68 80 00 00 00 00 00 00 60 00 00 01 00 E1 16"                            File: Line:0 Function: Type:Debug:
DateTime:2026-09-14 15:05:35.029:"m_baRecvMsg:"                            File: Line:0 Function: Type:Debug:
DateTime:2026-09-14 15:05:35.029:"frameList.size():1"                            File: Line:0 Function: Type:Debug:
DateTime:2026-09-14 15:05:35.029:"进入报文解析"                            File: Line:0 Function: Type:Debug:
DateTime:2026-09-14 15:05:35.029:"68 32 00 32 00 68 80 00 00 00 00 00 00 60 00 00 01 00 E1 16"                            File: Line:0 Function: Type:Debug:
DateTime:2026-09-14 15:05:35.029:"解码完成，功能码: 1"                            File: Line:0 Function: Type:Debug:
DateTime:2026-09-14 15:05:35.029:"工装回复确认帧"                            File: Line:0 Function: Type:Debug:
DateTime:2026-09-14 15:05:35.029:"工装发送：68 42 00 42 00 68 40 00 00 00 00 00 22 60 00 00 01 00 08 00 3C 00 07 16"                            File: Line:0 Function: Type:Debug:
DateTime:2026-09-14 15:05:35.030:"工装接收：68 32 00 32 00 68 80 00 00 00 00 00 00 60 00 00 01 00 E1 16"                            File: Line:0 Function: Type:Debug:
DateTime:2026-09-14 15:05:35.030:"m_baRecvMsg:"                            File: Line:0 Function: Type:Debug:
DateTime:2026-09-14 15:05:35.030:"frameList.size():1"                            File: Line:0 Function: Type:Debug:
DateTime:2026-09-14 15:05:35.030:"进入报文解析"                            File: Line:0 Function: Type:Debug:
DateTime:2026-09-14 15:05:35.030:"68 32 00 32 00 68 80 00 00 00 00 00 00 60 00 00 01 00 E1 16"                            File: Line:0 Function: Type:Debug:
DateTime:2026-09-14 15:05:35.030:"解码完成，功能码: 1"                            File: Line:0 Function: Type:Debug:
DateTime:2026-09-14 15:05:35.030:"工装回复确认帧"                            File: Line:0 Function: Type:Debug:
DateTime:2026-09-14 15:05:35.030:"全部槽位关闭透传成功"                            File: Line:0 Function: Type:Debug:
DateTime:2026-09-14 15:05:35.131:dll输出信息: ""                            File: Line:0 Function: Type:Debug:
DateTime:2026-09-14 15:05:35.131:接口函数调用成功，返回的结果为 0                            File: Line:0 Function: Type:Debug:
DateTime:2026-09-14 15:05:35.131:"外部传入的para：0，返回的result：0,返回的pValRet：0"                            File: Line:0 Function: Type:Debug:
DateTime:2026-09-14 15:05:35.131:"执行接口函数SimuCorn_close_transport完成"                            File: Line:0 Function: Type:Debug:
DateTime:2026-09-14 15:05:35.131:coorIndex 0                            File: Line:0 Function: Type:Debug:
DateTime:2026-09-14 15:05:35.131:当前流程结束                            File: Line:0 Function: Type:Debug:
DateTime:2026-09-14 15:05:35.131:退出connect函数                            File: Line:0 Function: Type:Debug:
DateTime:2026-09-14 15:05:35.131:"=========【测试槽位透传关闭】结束=========="                            File: Line:0 Function: Type:Debug:
DateTime:2026-09-14 15:05:35.131:"-----------------------------"                            File: Line:0 Function: Type:Debug:
DateTime:2026-09-14 15:05:35.132:"=============执行【测试槽位上电】==================="                            File: Line:0 Function: Type:Debug:
DateTime:2026-09-14 15:05:35.133:"执行接口函数SimuCorn_power_on"                            File: Line:0 Function: Type:Debug:
DateTime:2026-09-14 15:05:35.133:callWorkFunction: SimuCorn_power_on                            File: Line:0 Function: Type:Debug:
DateTime:2026-09-14 15:05:35.133:找到对应函数，进入执行                            File: Line:0 Function: Type:Debug:
DateTime:2026-09-14 15:05:35.133:"工装发送：68 3E 00 3E 00 68 40 00 00 00 00 00 21 60 00 00 02 00 02 02 01 C8 16"                            File: Line:0 Function: Type:Debug:
DateTime:2026-09-14 15:05:35.133:"工装接收：68 32 00 32 00 68 80 00 00 00 00 00 00 60 00 00 01 00 E1 16"                            File: Line:0 Function: Type:Debug:
DateTime:2026-09-14 15:05:35.133:"m_baRecvMsg:"                            File: Line:0 Function: Type:Debug:
DateTime:2026-09-14 15:05:35.134:"frameList.size():1"                            File: Line:0 Function: Type:Debug:
DateTime:2026-09-14 15:05:35.134:"进入报文解析"                            File: Line:0 Function: Type:Debug:
DateTime:2026-09-14 15:05:35.134:"68 32 00 32 00 68 80 00 00 00 00 00 00 60 00 00 01 00 E1 16"                            File: Line:0 Function: Type:Debug:
DateTime:2026-09-14 15:05:35.134:"解码完成，功能码: 1"                            File: Line:0 Function: Type:Debug:
DateTime:2026-09-14 15:05:35.134:"工装回复确认帧"                            File: Line:0 Function: Type:Debug:
DateTime:2026-09-14 15:05:35.134:"工装发送：68 3E 00 3E 00 68 40 00 00 00 00 00 21 60 00 00 02 00 03 02 01 C9 16"                            File: Line:0 Function: Type:Debug:
DateTime:2026-09-14 15:05:35.134:"工装接收：68 32 00 32 00 68 80 00 00 00 00 00 00 60 00 00 01 00 E1 16"                            File: Line:0 Function: Type:Debug:
DateTime:2026-09-14 15:05:35.134:"m_baRecvMsg:"                            File: Line:0 Function: Type:Debug:
DateTime:2026-09-14 15:05:35.134:"frameList.size():1"                            File: Line:0 Function: Type:Debug:
DateTime:2026-09-14 15:05:35.134:"进入报文解析"                            File: Line:0 Function: Type:Debug:
DateTime:2026-09-14 15:05:35.135:"68 32 00 32 00 68 80 00 00 00 00 00 00 60 00 00 01 00 E1 16"                            File: Line:0 Function: Type:Debug:
DateTime:2026-09-14 15:05:35.135:"解码完成，功能码: 1"                            File: Line:0 Function: Type:Debug:
DateTime:2026-09-14 15:05:35.135:"工装回复确认帧"                            File: Line:0 Function: Type:Debug:
DateTime:2026-09-14 15:05:35.135:"工装发送：68 3E 00 3E 00 68 40 00 00 00 00 00 21 60 00 00 02 00 04 02 01 CA 16"                            File: Line:0 Function: Type:Debug:
DateTime:2026-09-14 15:05:35.135:"工装接收：68 32 00 32 00 68 80 00 00 00 00 00 00 60 00 00 01 00 E1 16"                            File: Line:0 Function: Type:Debug:
DateTime:2026-09-14 15:05:35.135:"m_baRecvMsg:"                            File: Line:0 Function: Type:Debug:
DateTime:2026-09-14 15:05:35.135:"frameList.size():1"                            File: Line:0 Function: Type:Debug:
DateTime:2026-09-14 15:05:35.135:"进入报文解析"                            File: Line:0 Function: Type:Debug:
DateTime:2026-09-14 15:05:35.135:"68 32 00 32 00 68 80 00 00 00 00 00 00 60 00 00 01 00 E1 16"                            File: Line:0 Function: Type:Debug:
DateTime:2026-09-14 15:05:35.135:"解码完成，功能码: 1"                            File: Line:0 Function: Type:Debug:
DateTime:2026-09-14 15:05:35.135:"工装回复确认帧"                            File: Line:0 Function: Type:Debug:
DateTime:2026-09-14 15:05:35.136:"工装发送：68 3E 00 3E 00 68 40 00 00 00 00 00 21 60 00 00 02 00 05 02 01 CB 16"                            File: Line:0 Function: Type:Debug:
DateTime:2026-09-14 15:05:35.136:"工装接收：68 32 00 32 00 68 80 00 00 00 00 00 00 60 00 00 01 00 E1 16"                            File: Line:0 Function: Type:Debug:
DateTime:2026-09-14 15:05:35.136:"m_baRecvMsg:"                            File: Line:0 Function: Type:Debug:
DateTime:2026-09-14 15:05:35.136:"frameList.size():1"                            File: Line:0 Function: Type:Debug:
DateTime:2026-09-14 15:05:35.136:"进入报文解析"                            File: Line:0 Function: Type:Debug:
DateTime:2026-09-14 15:05:35.136:"68 32 00 32 00 68 80 00 00 00 00 00 00 60 00 00 01 00 E1 16"                            File: Line:0 Function: Type:Debug:
DateTime:2026-09-14 15:05:35.136:"解码完成，功能码: 1"                            File: Line:0 Function: Type:Debug:
DateTime:2026-09-14 15:05:35.137:"工装回复确认帧"                            File: Line:0 Function: Type:Debug:
DateTime:2026-09-14 15:05:35.137:"工装发送：68 3E 00 3E 00 68 40 00 00 00 00 00 21 60 00 00 02 00 06 02 01 CC 16"                            File: Line:0 Function: Type:Debug:
DateTime:2026-09-14 15:05:35.137:"工装接收：68 32 00 32 00 68 80 00 00 00 00 00 00 60 00 00 01 00 E1 16"                            File: Line:0 Function: Type:Debug:
DateTime:2026-09-14 15:05:35.137:"m_baRecvMsg:"                            File: Line:0 Function: Type:Debug:
DateTime:2026-09-14 15:05:35.137:"frameList.size():1"                            File: Line:0 Function: Type:Debug:
DateTime:2026-09-14 15:05:35.137:"进入报文解析"                            File: Line:0 Function: Type:Debug:
DateTime:2026-09-14 15:05:35.137:"68 32 00 32 00 68 80 00 00 00 00 00 00 60 00 00 01 00 E1 16"                            File: Line:0 Function: Type:Debug:
DateTime:2026-09-14 15:05:35.137:"解码完成，功能码: 1"                            File: Line:0 Function: Type:Debug:
DateTime:2026-09-14 15:05:35.137:"工装回复确认帧"                            File: Line:0 Function: Type:Debug:
DateTime:2026-09-14 15:05:35.137:"工装发送：68 3E 00 3E 00 68 40 00 00 00 00 00 21 60 00 00 02 00 07 02 01 CD 16"                            File: Line:0 Function: Type:Debug:
DateTime:2026-09-14 15:05:35.138:"工装接收：68 32 00 32 00 68 80 00 00 00 00 00 00 60 00 00 01 00 E1 16"                            File: Line:0 Function: Type:Debug:
DateTime:2026-09-14 15:05:35.138:"m_baRecvMsg:"                            File: Line:0 Function: Type:Debug:
DateTime:2026-09-14 15:05:35.138:"frameList.size():1"                            File: Line:0 Function: Type:Debug:
DateTime:2026-09-14 15:05:35.138:"进入报文解析"                            File: Line:0 Function: Type:Debug:
DateTime:2026-09-14 15:05:35.138:"68 32 00 32 00 68 80 00 00 00 00 00 00 60 00 00 01 00 E1 16"                            File: Line:0 Function: Type:Debug:
DateTime:2026-09-14 15:05:35.138:"解码完成，功能码: 1"                            File: Line:0 Function: Type:Debug:
DateTime:2026-09-14 15:05:35.138:"工装回复确认帧"                            File: Line:0 Function: Type:Debug:
DateTime:2026-09-14 15:05:35.138:"工装发送：68 3E 00 3E 00 68 40 00 00 00 00 00 21 60 00 00 02 00 08 02 01 CE 16"                            File: Line:0 Function: Type:Debug:
DateTime:2026-09-14 15:05:35.138:"工装接收：68 32 00 32 00 68 80 00 00 00 00 00 00 60 00 00 01 00 E1 16"                            File: Line:0 Function: Type:Debug:
DateTime:2026-09-14 15:05:35.138:"m_baRecvMsg:"                            File: Line:0 Function: Type:Debug:
DateTime:2026-09-14 15:05:35.138:"frameList.size():1"                            File: Line:0 Function: Type:Debug:
DateTime:2026-09-14 15:05:35.138:"进入报文解析"                            File: Line:0 Function: Type:Debug:
DateTime:2026-09-14 15:05:35.138:"68 32 00 32 00 68 80 00 00 00 00 00 00 60 00 00 01 00 E1 16"                            File: Line:0 Function: Type:Debug:
DateTime:2026-09-14 15:05:35.138:"解码完成，功能码: 1"                            File: Line:0 Function: Type:Debug:
DateTime:2026-09-14 15:05:35.138:"工装回复确认帧"                            File: Line:0 Function: Type:Debug:
DateTime:2026-09-14 15:05:35.138:"所有槽位上电成功"                            File: Line:0 Function: Type:Debug:
DateTime:2026-09-14 15:05:35.240:dll输出信息: ""                            File: Line:0 Function: Type:Debug:
DateTime:2026-09-14 15:05:35.240:接口函数调用成功，返回的结果为 0                            File: Line:0 Function: Type:Debug:
DateTime:2026-09-14 15:05:35.240:"外部传入的para：0，返回的result：0,返回的pValRet：0"                            File: Line:0 Function: Type:Debug:
DateTime:2026-09-14 15:05:35.240:"执行接口函数SimuCorn_power_on完成"                            File: Line:0 Function: Type:Debug:
DateTime:2026-09-14 15:05:35.240:coorIndex 0                            File: Line:0 Function: Type:Debug:
DateTime:2026-09-14 15:05:35.240:当前流程结束                            File: Line:0 Function: Type:Debug:
DateTime:2026-09-14 15:05:35.240:退出connect函数                            File: Line:0 Function: Type:Debug:
DateTime:2026-09-14 15:05:35.240:"=========【测试槽位上电】结束=========="                            File: Line:0 Function: Type:Debug:
DateTime:2026-09-14 15:05:35.240:"-----------------------------"                            File: Line:0 Function: Type:Debug:
DateTime:2026-09-14 15:05:35.241:"=============执行【设置强电通路闭合(槽位5,6)】==================="                            File: Line:0 Function: Type:Debug:
DateTime:2026-09-14 15:05:35.241:"执行接口函数SimuCorn_get_set_simu_relay"                            File: Line:0 Function: Type:Debug:
DateTime:2026-09-14 15:05:35.242:callWorkFunction: SimuCorn_get_set_simu_relay                            File: Line:0 Function: Type:Debug:
DateTime:2026-09-14 15:05:35.242:找到对应函数，进入执行                            File: Line:0 Function: Type:Debug:
DateTime:2026-09-14 15:05:35.242:"工装发送：68 42 00 42 00 68 40 00 00 00 00 00 22 60 00 00 20 00 01 02 03 04 EC 16"                            File: Line:0 Function: Type:Debug:
DateTime:2026-09-14 15:05:35.249:"工装接收：68 32 00 32 00 68 80 00 00 00 00 00 00 60 00 00 01 00 E1 16"                            File: Line:0 Function: Type:Debug:
DateTime:2026-09-14 15:05:35.249:"m_baRecvMsg:"                            File: Line:0 Function: Type:Debug:
DateTime:2026-09-14 15:05:35.249:"frameList.size():1"                            File: Line:0 Function: Type:Debug:
DateTime:2026-09-14 15:05:35.249:"进入报文解析"                            File: Line:0 Function: Type:Debug:
DateTime:2026-09-14 15:05:35.249:"68 32 00 32 00 68 80 00 00 00 00 00 00 60 00 00 01 00 E1 16"                            File: Line:0 Function: Type:Debug:
DateTime:2026-09-14 15:05:35.249:"解码完成，功能码: 1"                            File: Line:0 Function: Type:Debug:
DateTime:2026-09-14 15:05:35.249:"工装回复确认帧"                            File: Line:0 Function: Type:Debug:
DateTime:2026-09-14 15:05:35.249:"设置强电通路成功"                            File: Line:0 Function: Type:Debug:
DateTime:2026-09-14 15:05:35.350:dll输出信息: ""                            File: Line:0 Function: Type:Debug:
DateTime:2026-09-14 15:05:35.350:接口函数调用成功，返回的结果为 0                            File: Line:0 Function: Type:Debug:
DateTime:2026-09-14 15:05:35.350:"外部传入的para：0，返回的result：0,返回的pValRet：0"                            File: Line:0 Function: Type:Debug:
DateTime:2026-09-14 15:05:35.350:"执行接口函数SimuCorn_get_set_simu_relay完成"                            File: Line:0 Function: Type:Debug:
DateTime:2026-09-14 15:05:35.350:coorIndex 0                            File: Line:0 Function: Type:Debug:
DateTime:2026-09-14 15:05:35.350:当前流程结束                            File: Line:0 Function: Type:Debug:
DateTime:2026-09-14 15:05:35.350:退出connect函数                            File: Line:0 Function: Type:Debug:
DateTime:2026-09-14 15:05:35.350:"=========【设置强电通路闭合(槽位5,6)】结束=========="                            File: Line:0 Function: Type:Debug:
DateTime:2026-09-14 15:05:35.350:"-----------------------------"                            File: Line:0 Function: Type:Debug:
DateTime:2026-09-14 15:05:35.350:"=============执行【设置强电通路闭合(槽位7,8)】==================="                            File: Line:0 Function: Type:Debug:
DateTime:2026-09-14 15:05:35.350:"执行接口函数SimuCorn_get_set_simu_relay"                            File: Line:0 Function: Type:Debug:
DateTime:2026-09-14 15:05:35.350:callWorkFunction: SimuCorn_get_set_simu_relay                            File: Line:0 Function: Type:Debug:
DateTime:2026-09-14 15:05:35.350:找到对应函数，进入执行                            File: Line:0 Function: Type:Debug:
DateTime:2026-09-14 15:05:35.350:"工装发送：68 42 00 42 00 68 40 00 00 00 00 00 22 60 00 00 20 00 11 12 13 14 2C 16"                            File: Line:0 Function: Type:Debug:
DateTime:2026-09-14 15:05:35.358:"工装接收：68 32 00 32 00 68 80 00 00 00 00 00 00 60 00 00 01 00 E1 16"                            File: Line:0 Function: Type:Debug:
DateTime:2026-09-14 15:05:35.358:"m_baRecvMsg:"                            File: Line:0 Function: Type:Debug:
DateTime:2026-09-14 15:05:35.358:"frameList.size():1"                            File: Line:0 Function: Type:Debug:
DateTime:2026-09-14 15:05:35.358:"进入报文解析"                            File: Line:0 Function: Type:Debug:
DateTime:2026-09-14 15:05:35.358:"68 32 00 32 00 68 80 00 00 00 00 00 00 60 00 00 01 00 E1 16"                            File: Line:0 Function: Type:Debug:
DateTime:2026-09-14 15:05:35.358:"解码完成，功能码: 1"                            File: Line:0 Function: Type:Debug:
DateTime:2026-09-14 15:05:35.358:"工装回复确认帧"                            File: Line:0 Function: Type:Debug:
DateTime:2026-09-14 15:05:35.358:"设置强电通路成功"                            File: Line:0 Function: Type:Debug:
DateTime:2026-09-14 15:05:35.459:dll输出信息: ""                            File: Line:0 Function: Type:Debug:
DateTime:2026-09-14 15:05:35.459:接口函数调用成功，返回的结果为 0                            File: Line:0 Function: Type:Debug:
DateTime:2026-09-14 15:05:35.459:"外部传入的para：0，返回的result：0,返回的pValRet：0"                            File: Line:0 Function: Type:Debug:
DateTime:2026-09-14 15:05:35.459:"执行接口函数SimuCorn_get_set_simu_relay完成"                            File: Line:0 Function: Type:Debug:
DateTime:2026-09-14 15:05:35.459:coorIndex 0                            File: Line:0 Function: Type:Debug:
DateTime:2026-09-14 15:05:35.459:当前流程结束                            File: Line:0 Function: Type:Debug:
DateTime:2026-09-14 15:05:35.459:退出connect函数                            File: Line:0 Function: Type:Debug:
DateTime:2026-09-14 15:05:35.459:"=========【设置强电通路闭合(槽位7,8)】结束=========="                            File: Line:0 Function: Type:Debug:
DateTime:2026-09-14 15:05:35.459:"-----------------------------"                            File: Line:0 Function: Type:Debug:
DateTime:2026-09-14 15:05:35.460:"=============执行【执行延时】==================="                            File: Line:0 Function: Type:Debug:
DateTime:2026-09-14 15:05:35.460:"执行接口函数Func_Delay"                            File: Line:0 Function: Type:Debug:
DateTime:2026-09-14 15:05:35.460:callWorkFunction: Func_Delay                            File: Line:0 Function: Type:Debug:
DateTime:2026-09-14 15:05:35.461:找到对应函数，进入执行                            File: Line:0 Function: Type:Debug:
DateTime:2026-09-14 15:05:35.461:"延时时间为5s"                            File: Line:0 Function: Type:Debug:
DateTime:2026-09-14 15:05:35.461:"uTimeSecond_ms:5000"                            File: Line:0 Function: Type:Debug:
DateTime:2026-09-14 15:05:38.483:"等待工装回复超时"                            File: Line:0 Function: Type:Debug:
DateTime:2026-09-14 15:05:39.350:"工装接收：68 7A 00 7A 00 68 80 00 00 00 00 00 22 60 00 00 01 00 02 0F 00 68 0F 00 C3 00 00 00 00 00 01 14 02 00 DA 16 55 16"                            File: Line:0 Function: Type:Debug:
DateTime:2026-09-14 15:05:39.350:"m_baRecvMsg:"                            File: Line:0 Function: Type:Debug:
DateTime:2026-09-14 15:05:39.350:"rameList.size():"                            File: Line:0 Function: Type:Debug:
DateTime:2026-09-14 15:05:39.350:"进入报文解析"                            File: Line:0 Function: Type:Debug:
DateTime:2026-09-14 15:05:39.350:"68 7A 00 7A 00 68 80 00 00 00 00 00 22 60 00 00 01 00 02 0F 00 68 0F 00 C3 00 00 00 00 00 01 14 02 00 DA 16 55 16"                            File: Line:0 Function: Type:Debug:
DateTime:2026-09-14 15:05:39.350:"解码完成，功能码: 4"                            File: Line:0 Function: Type:Debug:
DateTime:2026-09-14 15:05:39.350:"工装回复透传报文"                            File: Line:0 Function: Type:Debug:
DateTime:2026-09-14 15:05:39.350:"020F00680F00C3000000000001140200DA16"                            File: Line:0 Function: Type:Debug:
DateTime:2026-09-14 15:05:39.350:"内容:68 0f 00 c3 00 00 00 00 00 01 14 02 00 da 16"                            File: Line:0 Function: Type:Debug:
DateTime:2026-09-14 15:05:41.566:"等待工装回复超时"                            File: Line:0 Function: Type:Debug:
DateTime:2026-09-14 15:05:41.566:"延时时间到"                            File: Line:0 Function: Type:Debug:
DateTime:2026-09-14 15:05:41.666:dll输出信息: ""                            File: Line:0 Function: Type:Debug:
DateTime:2026-09-14 15:05:41.666:接口函数调用成功，返回的结果为 0                            File: Line:0 Function: Type:Debug:
DateTime:2026-09-14 15:05:41.666:"外部传入的para：0，返回的result：0,返回的pValRet：0"                            File: Line:0 Function: Type:Debug:
DateTime:2026-09-14 15:05:41.666:"执行接口函数Func_Delay完成"                            File: Line:0 Function: Type:Debug:
DateTime:2026-09-14 15:05:41.666:coorIndex 0                            File: Line:0 Function: Type:Debug:
DateTime:2026-09-14 15:05:41.666:当前流程结束                            File: Line:0 Function: Type:Debug:
DateTime:2026-09-14 15:05:41.666:退出connect函数                            File: Line:0 Function: Type:Debug:
DateTime:2026-09-14 15:05:41.666:"=========【执行延时】结束=========="                            File: Line:0 Function: Type:Debug:
DateTime:2026-09-14 15:05:41.666:"-----------------------------"                            File: Line:0 Function: Type:Debug:
DateTime:2026-09-14 15:05:41.667:"=============执行【Step2-AFN51F2参数区初始化】==================="                            File: Line:0 Function: Type:Debug:
DateTime:2026-09-14 15:05:41.668:"执行接口函数CCO_AFN51_F2"                            File: Line:0 Function: Type:Debug:
DateTime:2026-09-14 15:05:41.668:callWorkFunction: CCO_AFN51_F2                            File: Line:0 Function: Type:Debug:
DateTime:2026-09-14 15:05:41.668:找到对应函数，进入执行                            File: Line:0 Function: Type:Debug:
DateTime:2026-09-14 15:05:42.172:"等待工装回复超时"                            File: Line:0 Function: Type:Debug:
DateTime:2026-09-14 15:05:42.172:"开始组帧"                            File: Line:0 Function: Type:Debug:
DateTime:2026-09-14 15:05:42.172:"组帧结束"                            File: Line:0 Function: Type:Debug:
DateTime:2026-09-14 15:05:42.172:"367.2Send:参数初始化(51H-F2)：=>68 0F 00 43 00 00 00 00 00 77 51 02 00 0D 16"                            File: Line:0 Function: Type:Debug:
DateTime:2026-09-14 15:05:42.172:"槽位2透传:687E007E006840000000000022600000010002013C00680F00430000000000775102000D16A916"                            File: Line:0 Function: Type:Debug:
DateTime:2026-09-14 15:05:42.172:"工装发送：68 7E 00 7E 00 68 40 00 00 00 00 00 22 60 00 00 01 00 02 01 3C 00 68 0F 00 43 00 00 00 00 00 77 51 02 00 0D 16 A9 16"                            File: Line:0 Function: Type:Debug:
DateTime:2026-09-14 15:05:42.190:"工装接收：68 32 00 32 00 68 80 00 00 00 00 00 00 60 00 00 01 00 E1 16"                            File: Line:0 Function: Type:Debug:
DateTime:2026-09-14 15:05:42.190:"m_baRecvMsg:"                            File: Line:0 Function: Type:Debug:
DateTime:2026-09-14 15:05:42.190:"frameList.size():1"                            File: Line:0 Function: Type:Debug:
DateTime:2026-09-14 15:05:42.190:"进入报文解析"                            File: Line:0 Function: Type:Debug:
DateTime:2026-09-14 15:05:42.190:"68 32 00 32 00 68 80 00 00 00 00 00 00 60 00 00 01 00 E1 16"                            File: Line:0 Function: Type:Debug:
DateTime:2026-09-14 15:05:42.190:"解码完成，功能码: 1"                            File: Line:0 Function: Type:Debug:
DateTime:2026-09-14 15:05:42.190:"工装回复确认帧"                            File: Line:0 Function: Type:Debug:
DateTime:2026-09-14 15:05:42.656:"工装接收：68 7A 00 7A 00 68 80 00 00 00 00 00 22 60 00 00 01 00 02 0F 00 68 0F 00 80 00 00 00 00 00 77 50 01 00 48 16 31 16"                            File: Line:0 Function: Type:Debug:
DateTime:2026-09-14 15:05:42.656:"m_baRecvMsg:"                            File: Line:0 Function: Type:Debug:
DateTime:2026-09-14 15:05:42.656:"frameList.size():1"                            File: Line:0 Function: Type:Debug:
DateTime:2026-09-14 15:05:42.656:"进入报文解析"                            File: Line:0 Function: Type:Debug:
DateTime:2026-09-14 15:05:42.656:"68 7A 00 7A 00 68 80 00 00 00 00 00 22 60 00 00 01 00 02 0F 00 68 0F 00 80 00 00 00 00 00 77 50 01 00 48 16 31 16"                            File: Line:0 Function: Type:Debug:
DateTime:2026-09-14 15:05:42.656:"解码完成，功能码: 4"                            File: Line:0 Function: Type:Debug:
DateTime:2026-09-14 15:05:42.656:"工装接收到透传报文"                            File: Line:0 Function: Type:Debug:
DateTime:2026-09-14 15:05:42.656:"020F00680F00800000000000775001004816"                            File: Line:0 Function: Type:Debug:
DateTime:2026-09-14 15:05:42.656:"透传报文内容:68 0f 00 80 00 00 00 00 00 77 50 01 00 48 16"                            File: Line:0 Function: Type:Debug:
DateTime:2026-09-14 15:05:45.174:"uTimeSecond_ms:20000"                            File: Line:0 Function: Type:Debug:
DateTime:2026-09-14 15:05:45.174:"查找结果: iret=0, wStart=0, dwOutLen=15, dwStreamLen=15, dwFindPos=0"                            File: Line:0 Function: Type:Debug:
DateTime:2026-09-14 15:05:45.174:"Receive:<= 68 0F 00 80 00 00 00 00 00 77 50 01 00 48 16"                            File: Line:0 Function: Type:Debug:
DateTime:2026-09-14 15:05:45.174:"解析：功能码-AFN=50H,Fn=1："                            File: Line:0 Function: Type:Debug:
DateTime:2026-09-14 15:05:45.174:"参数区初始化成功"                            File: Line:0 Function: Type:Debug:
DateTime:2026-09-14 15:05:45.174:dll输出信息: ""                            File: Line:0 Function: Type:Debug:
DateTime:2026-09-14 15:05:45.174:接口函数调用成功，返回的结果为 0                            File: Line:0 Function: Type:Debug:
DateTime:2026-09-14 15:05:45.174:"外部传入的para：0，返回的result：0,返回的pValRet：0"                            File: Line:0 Function: Type:Debug:
DateTime:2026-09-14 15:05:45.174:"执行接口函数CCO_AFN51_F2完成"                            File: Line:0 Function: Type:Debug:
DateTime:2026-09-14 15:05:45.175:coorIndex 0                            File: Line:0 Function: Type:Debug:
DateTime:2026-09-14 15:05:45.175:当前流程结束                            File: Line:0 Function: Type:Debug:
DateTime:2026-09-14 15:05:45.175:退出connect函数                            File: Line:0 Function: Type:Debug:
DateTime:2026-09-14 15:05:45.175:"=========【Step2-AFN51F2参数区初始化】结束=========="                            File: Line:0 Function: Type:Debug:
DateTime:2026-09-14 15:05:45.175:"-----------------------------"                            File: Line:0 Function: Type:Debug:
DateTime:2026-09-14 15:05:45.178:"=============执行【Step3-EB040501设置默认方式主动上报】==================="                            File: Line:0 Function: Type:Debug:
DateTime:2026-09-14 15:05:45.178:"执行接口函数CCO_AFN52_F1_EB040501_set"                            File: Line:0 Function: Type:Debug:
DateTime:2026-09-14 15:05:45.178:callWorkFunction: CCO_AFN52_F1_EB040501_set                            File: Line:0 Function: Type:Debug:
DateTime:2026-09-14 15:05:45.178:找到对应函数，进入执行                            File: Line:0 Function: Type:Debug:
DateTime:2026-09-14 15:05:45.682:"等待工装回复超时"                            File: Line:0 Function: Type:Debug:
DateTime:2026-09-14 15:05:45.682:"开始组帧"                            File: Line:0 Function: Type:Debug:
DateTime:2026-09-14 15:05:45.682:"组帧结束"                            File: Line:0 Function: Type:Debug:
DateTime:2026-09-14 15:05:45.682:"367.2Send:数据转发(设置-存量CCO加工处理的事件主动上报方式EB040503)：=>68 34 00 43 00 00 00 00 00 78 52 01 00 02 12 90 78 56 34 12 6B 8A E8 19 00 68 12 90 78 56 34 12 68 14 0D 34 38 37 1E 3B 33 33 33 44 44 44 44 33 7F 16 D0 16"                            File: Line:0 Function: Type:Debug:
DateTime:2026-09-14 15:05:45.682:"槽位2透传:68120112016840000000000022600000010002013C0068340043000000000078520100021290785634126B8AE819006812907856341268140D3438371E3B33333344444444337F16D0165416"                            File: Line:0 Function: Type:Debug:
DateTime:2026-09-14 15:05:45.682:"工装发送：68 12 01 12 01 68 40 00 00 00 00 00 22 60 00 00 01 00 02 01 3C 00 68 34 00 43 00 00 00 00 00 78 52 01 00 02 12 90 78 56 34 12 6B 8A E8 19 00 68 12 90 78 56 34 12 68 14 0D 34 38 37 1E 3B 33 33 33 44 44 44 44 33 7F 16 D0 16 54 16"                            File: Line:0 Function: Type:Debug:
DateTime:2026-09-14 15:05:45.742:"工装接收：68 32 00 32 00 68 80 00 00 00 00 00 00 60 00 00 01 00 E1 16"                            File: Line:0 Function: Type:Debug:
DateTime:2026-09-14 15:05:45.742:"m_baRecvMsg:"                            File: Line:0 Function: Type:Debug:
DateTime:2026-09-14 15:05:45.742:"frameList.size():1"                            File: Line:0 Function: Type:Debug:
DateTime:2026-09-14 15:05:45.742:"进入报文解析"                            File: Line:0 Function: Type:Debug:
DateTime:2026-09-14 15:05:45.742:"68 32 00 32 00 68 80 00 00 00 00 00 00 60 00 00 01 00 E1 16"                            File: Line:0 Function: Type:Debug:
DateTime:2026-09-14 15:05:45.742:"解码完成，功能码: 1"                            File: Line:0 Function: Type:Debug:
DateTime:2026-09-14 15:05:45.742:"工装回复确认帧"                            File: Line:0 Function: Type:Debug:
DateTime:2026-09-14 15:05:45.927:"工装接收：68 CE 00 CE 00 68 80 00 00 00 00 00 22 60 00 00 01 00 02 24 00 68 24 00 80 00 00 00 00 00 78 52 01 00 02 12 90 78 56 34 12 0C 00 68 12 90 78 56 34 12 68 94 00 1A 16 59 16 7D 16"                            File: Line:0 Function: Type:Debug:
DateTime:2026-09-14 15:05:45.927:"m_baRecvMsg:"                            File: Line:0 Function: Type:Debug:
DateTime:2026-09-14 15:05:45.927:"frameList.size():1"                            File: Line:0 Function: Type:Debug:
DateTime:2026-09-14 15:05:45.927:"进入报文解析"                            File: Line:0 Function: Type:Debug:
DateTime:2026-09-14 15:05:45.927:"68 CE 00 CE 00 68 80 00 00 00 00 00 22 60 00 00 01 00 02 24 00 68 24 00 80 00 00 00 00 00 78 52 01 00 02 12 90 78 56 34 12 0C 00 68 12 90 78 56 34 12 68 94 00 1A 16 59 16 7D 16"                            File: Line:0 Function: Type:Debug:
DateTime:2026-09-14 15:05:45.927:"解码完成，功能码: 4"                            File: Line:0 Function: Type:Debug:
DateTime:2026-09-14 15:05:45.927:"工装接收到透传报文"                            File: Line:0 Function: Type:Debug:
DateTime:2026-09-14 15:05:45.928:"02240068240080000000000078520100021290785634120C00681290785634126894001A165916"                            File: Line:0 Function: Type:Debug:
DateTime:2026-09-14 15:05:45.928:"透传报文内容:68 24 00 80 00 00 00 00 00 78 52 01 00 02 12 90 78 56 34 12 0c 00 68 12 90 78 56 34 12 68 94 00 1a 16 59 16"                            File: Line:0 Function: Type:Debug:
DateTime:2026-09-14 15:05:48.748:"uTimeSecond_ms:30000"                            File: Line:0 Function: Type:Debug:
DateTime:2026-09-14 15:05:48.748:"查找结果: iret=0, wStart=0, dwOutLen=36, dwStreamLen=36, dwFindPos=0"                            File: Line:0 Function: Type:Debug:
DateTime:2026-09-14 15:05:48.748:"Receive:<= 68 24 00 80 00 00 00 00 00 78 52 01 00 02 12 90 78 56 34 12 0C 00 68 12 90 78 56 34 12 68 94 00 1A 16 59 16"                            File: Line:0 Function: Type:Debug:
DateTime:2026-09-14 15:05:48.748:"解析：功能码-AFN=52H,Fn=1："                            File: Line:0 Function: Type:Debug:
DateTime:2026-09-14 15:05:48.748:"透传回复内容：021290785634120C00681290785634126894001A16"                            File: Line:0 Function: Type:Debug:
DateTime:2026-09-14 15:05:48.748:"设置成功"                            File: Line:0 Function: Type:Debug:
DateTime:2026-09-14 15:05:48.748:dll输出信息: ""                            File: Line:0 Function: Type:Debug:
DateTime:2026-09-14 15:05:48.748:接口函数调用成功，返回的结果为 0                            File: Line:0 Function: Type:Debug:
DateTime:2026-09-14 15:05:48.748:"外部传入的para：0，返回的result：0,返回的pValRet：0"                            File: Line:0 Function: Type:Debug:
DateTime:2026-09-14 15:05:48.748:"执行接口函数CCO_AFN52_F1_EB040501_set完成"                            File: Line:0 Function: Type:Debug:
DateTime:2026-09-14 15:05:48.749:coorIndex 0                            File: Line:0 Function: Type:Debug:
DateTime:2026-09-14 15:05:48.749:当前流程结束                            File: Line:0 Function: Type:Debug:
DateTime:2026-09-14 15:05:48.749:退出connect函数                            File: Line:0 Function: Type:Debug:
DateTime:2026-09-14 15:05:48.749:"=========【Step3-EB040501设置默认方式主动上报】结束=========="                            File: Line:0 Function: Type:Debug:
DateTime:2026-09-14 15:05:48.750:"-----------------------------"                            File: Line:0 Function: Type:Debug:
DateTime:2026-09-14 15:05:48.752:"=============执行【Step4-AFN55F9预告抄读对象，延时15min（给模块电容充电）】==================="                            File: Line:0 Function: Type:Debug:
DateTime:2026-09-14 15:05:48.752:"执行接口函数CCO_AFN55_F9"                            File: Line:0 Function: Type:Debug:
DateTime:2026-09-14 15:05:48.752:callWorkFunction: CCO_AFN55_F9                            File: Line:0 Function: Type:Debug:
DateTime:2026-09-14 15:05:48.752:找到对应函数，进入执行                            File: Line:0 Function: Type:Debug:
DateTime:2026-09-14 15:05:49.256:"等待工装回复超时"                            File: Line:0 Function: Type:Debug:
DateTime:2026-09-14 15:05:49.256:"开始组帧"                            File: Line:0 Function: Type:Debug:
DateTime:2026-09-14 15:05:49.256:"组帧结束"                            File: Line:0 Function: Type:Debug:
DateTime:2026-09-14 15:05:49.256:"367.2Send:预告抄读对象(55H-F9)：=>68 48 00 43 00 00 00 00 00 79 55 01 01 06 00 00 01 00 03 03 01 10 00 16 19 02 00 03 04 01 10 00 16 19 03 00 03 05 01 10 00 16 19 04 00 03 06 01 10 00 16 19 05 00 03 07 01 10 00 16 19 06 00 03 08 01 10 00 16 19 E1 16"                            File: Line:0 Function: Type:Debug:
DateTime:2026-09-14 15:05:49.256:"槽位2透传:68620162016840000000000022600000010002013C0068480043000000000079550101060000010003030110001619020003040110001619030003050110001619040003060110001619050003070110001619060003080110001619E1168A16"                            File: Line:0 Function: Type:Debug:
DateTime:2026-09-14 15:05:49.256:"工装发送：68 62 01 62 01 68 40 00 00 00 00 00 22 60 00 00 01 00 02 01 3C 00 68 48 00 43 00 00 00 00 00 79 55 01 01 06 00 00 01 00 03 03 01 10 00 16 19 02 00 03 04 01 10 00 16 19 03 00 03 05 01 10 00 16 19 04 00 03 06 01 10 00 16 19 05 00 03 07 01 10 00 16 19 06 00 03 08 01 10 00 16 19 E1 16 8A 16"                            File: Line:0 Function: Type:Debug:
DateTime:2026-09-14 15:05:49.340:"工装接收：68 32 00 32 00 68 80 00 00 00 00 00 00 60 00 00 01 00 E1 16"                            File: Line:0 Function: Type:Debug:
DateTime:2026-09-14 15:05:49.340:"m_baRecvMsg:"                            File: Line:0 Function: Type:Debug:
DateTime:2026-09-14 15:05:49.340:"frameList.size():1"                            File: Line:0 Function: Type:Debug:
DateTime:2026-09-14 15:05:49.340:"进入报文解析"                            File: Line:0 Function: Type:Debug:
DateTime:2026-09-14 15:05:49.340:"68 32 00 32 00 68 80 00 00 00 00 00 00 60 00 00 01 00 E1 16"                            File: Line:0 Function: Type:Debug:
DateTime:2026-09-14 15:05:49.340:"解码完成，功能码: 1"                            File: Line:0 Function: Type:Debug:
DateTime:2026-09-14 15:05:49.340:"工装回复确认帧"                            File: Line:0 Function: Type:Debug:
DateTime:2026-09-14 15:05:49.394:"工装接收：68 7A 00 7A 00 68 80 00 00 00 00 00 22 60 00 00 01 00 02 0F 00 68 0F 00 80 00 00 00 00 00 79 50 01 00 4A 16 35 16"                            File: Line:0 Function: Type:Debug:
DateTime:2026-09-14 15:05:49.394:"m_baRecvMsg:"                            File: Line:0 Function: Type:Debug:
DateTime:2026-09-14 15:05:49.394:"frameList.size():1"                            File: Line:0 Function: Type:Debug:
DateTime:2026-09-14 15:05:49.394:"进入报文解析"                            File: Line:0 Function: Type:Debug:
DateTime:2026-09-14 15:05:49.394:"68 7A 00 7A 00 68 80 00 00 00 00 00 22 60 00 00 01 00 02 0F 00 68 0F 00 80 00 00 00 00 00 79 50 01 00 4A 16 35 16"                            File: Line:0 Function: Type:Debug:
DateTime:2026-09-14 15:05:49.394:"解码完成，功能码: 4"                            File: Line:0 Function: Type:Debug:
DateTime:2026-09-14 15:05:49.394:"工装接收到透传报文"                            File: Line:0 Function: Type:Debug:
DateTime:2026-09-14 15:05:49.394:"020F00680F00800000000000795001004A16"                            File: Line:0 Function: Type:Debug:
DateTime:2026-09-14 15:05:49.394:"透传报文内容:68 0f 00 80 00 00 00 00 00 79 50 01 00 4a 16"                            File: Line:0 Function: Type:Debug:
DateTime:2026-09-14 15:05:52.315:"uTimeSecond_ms:5000"                            File: Line:0 Function: Type:Debug:
DateTime:2026-09-14 15:05:52.315:"查找结果: iret=0, wStart=0, dwOutLen=15, dwStreamLen=15, dwFindPos=0"                            File: Line:0 Function: Type:Debug:
DateTime:2026-09-14 15:05:52.315:"Receive:<= 68 0F 00 80 00 00 00 00 00 79 50 01 00 4A 16"                            File: Line:0 Function: Type:Debug:
DateTime:2026-09-14 15:05:52.315:"解析：功能码-AFN=50H,Fn=1："                            File: Line:0 Function: Type:Debug:
DateTime:2026-09-14 15:05:52.315:"预告抄读对象成功"                            File: Line:0 Function: Type:Debug:
DateTime:2026-09-14 15:05:52.315:"成功数量：6"                            File: Line:0 Function: Type:Debug:
DateTime:2026-09-14 15:05:52.336:"预告抄读对象总数量：6 全部成功 "                            File: Line:0 Function: Type:Debug:
DateTime:2026-09-14 15:05:52.336:dll输出信息: ""                            File: Line:0 Function: Type:Debug:
DateTime:2026-09-14 15:05:52.336:接口函数调用成功，返回的结果为 0                            File: Line:0 Function: Type:Debug:
DateTime:2026-09-14 15:05:52.336:"外部传入的para：0，返回的result：0,返回的pValRet：0"                            File: Line:0 Function: Type:Debug:
DateTime:2026-09-14 15:05:52.336:"执行接口函数CCO_AFN55_F9完成"                            File: Line:0 Function: Type:Debug:
DateTime:2026-09-14 15:05:52.337:coorIndex 0                            File: Line:0 Function: Type:Debug:
DateTime:2026-09-14 15:05:52.337:当前流程结束                            File: Line:0 Function: Type:Debug:
DateTime:2026-09-14 15:05:52.337:退出connect函数                            File: Line:0 Function: Type:Debug:
DateTime:2026-09-14 15:05:52.337:"=========【Step4-AFN55F9预告抄读对象，延时15min（给模块电容充电）】结束=========="                            File: Line:0 Function: Type:Debug:
DateTime:2026-09-14 15:05:52.337:"-----------------------------"                            File: Line:0 Function: Type:Debug:
DateTime:2026-09-14 15:05:52.340:"=============执行【执行延时】==================="                            File: Line:0 Function: Type:Debug:
DateTime:2026-09-14 15:05:52.340:"执行接口函数Func_Delay"                            File: Line:0 Function: Type:Debug:
DateTime:2026-09-14 15:05:52.340:callWorkFunction: Func_Delay                            File: Line:0 Function: Type:Debug:
DateTime:2026-09-14 15:05:52.340:找到对应函数，进入执行                            File: Line:0 Function: Type:Debug:
DateTime:2026-09-14 15:05:52.340:"延时时间为300s"                            File: Line:0 Function: Type:Debug:
DateTime:2026-09-14 15:05:52.340:"uTimeSecond_ms:300000"                            File: Line:0 Function: Type:Debug:
DateTime:2026-09-14 15:05:52.413:"工装接收：68 FA 00 FA 00 68 80 00 00 00 00 00 22 60 00 00 01 00 02 2F 00 68 2F 00 C0 00 00 00 00 00 00 56 02 00 05 04 01 10 00 16 19 18 68 04 01 10 00 16 19 68 81 0C 35 33 36 1E 34 34 37 34 43 33 49 4C 3B 16 05 16 EB 16"                            File: Line:0 Function: Type:Debug:
DateTime:2026-09-14 15:05:52.413:"m_baRecvMsg:"                            File: Line:0 Function: Type:Debug:
DateTime:2026-09-14 15:05:52.413:"rameList.size():"                            File: Line:0 Function: Type:Debug:
DateTime:2026-09-14 15:05:52.413:"进入报文解析"                            File: Line:0 Function: Type:Debug:
DateTime:2026-09-14 15:05:52.413:"68 FA 00 FA 00 68 80 00 00 00 00 00 22 60 00 00 01 00 02 2F 00 68 2F 00 C0 00 00 00 00 00 00 56 02 00 05 04 01 10 00 16 19 18 68 04 01 10 00 16 19 68 81 0C 35 33 36 1E 34 34 37 34 43 33 49 4C 3B 16 05 16 EB 16"                            File: Line:0 Function: Type:Debug:
DateTime:2026-09-14 15:05:52.413:"解码完成，功能码: 4"                            File: Line:0 Function: Type:Debug:
DateTime:2026-09-14 15:05:52.413:"工装回复透传报文"                            File: Line:0 Function: Type:Debug:
DateTime:2026-09-14 15:05:52.413:"022F00682F00C000000000000056020005040110001619186804011000161968810C3533361E343437344333494C3B160516"                            File: Line:0 Function: Type:Debug:
DateTime:2026-09-14 15:05:52.413:"内容:68 2f 00 c0 00 00 00 00 00 00 56 02 00 05 04 01 10 00 16 19 18 68 04 01 10 00 16 19 68 81 0c 35 33 36 1e 34 34 37 34 43 33 49 4c 3b 16 05 16"                            File: Line:0 Function: Type:Debug:
DateTime:2026-09-14 15:05:55.434:"等待工装回复超时"                            File: Line:0 Function: Type:Debug:
DateTime:2026-09-14 15:05:55.434:"查找结果: iret=0, wStart=0, dwOutLen=47, dwStreamLen=47, dwFindPos=0"                            File: Line:0 Function: Type:Debug:
DateTime:2026-09-14 15:05:55.434:"Receive:<= 68 2F 00 C0 00 00 00 00 00 00 56 02 00 05 04 01 10 00 16 19 18 68 04 01 10 00 16 19 68 81 0C 35 33 36 1E 34 34 37 34 43 33 49 4C 3B 16 05 16"                            File: Line:0 Function: Type:Debug:
DateTime:2026-09-14 15:05:55.434:"解析：功能码-AFN=56H,Fn=2："                            File: Line:0 Function: Type:Debug:
DateTime:2026-09-14 15:05:55.434:"AFN或者Fn与预判不一致"                            File: Line:0 Function: Type:Debug:
DateTime:2026-09-14 15:05:55.434:"Send(确认)：=> 68 0F 00 43 00 00 00 00 00 00 50 01 00 94 16"                            File: Line:0 Function: Type:Debug:
DateTime:2026-09-14 15:05:55.434:"槽位2透传:687E007E006840000000000022600000010002013C00680F00430000000000005001009416B716"                            File: Line:0 Function: Type:Debug:
DateTime:2026-09-14 15:05:55.434:"工装发送：68 7E 00 7E 00 68 40 00 00 00 00 00 22 60 00 00 01 00 02 01 3C 00 68 0F 00 43 00 00 00 00 00 00 50 01 00 94 16 B7 16"                            File: Line:0 Function: Type:Debug:
DateTime:2026-09-14 15:05:55.452:"工装接收：68 32 00 32 00 68 80 00 00 00 00 00 00 60 00 00 01 00 E1 16"                            File: Line:0 Function: Type:Debug:
DateTime:2026-09-14 15:05:55.452:"m_baRecvMsg:"                            File: Line:0 Function: Type:Debug:
DateTime:2026-09-14 15:05:55.452:"rameList.size():"                            File: Line:0 Function: Type:Debug:
DateTime:2026-09-14 15:05:55.452:"进入报文解析"                            File: Line:0 Function: Type:Debug:
DateTime:2026-09-14 15:05:55.452:"68 32 00 32 00 68 80 00 00 00 00 00 00 60 00 00 01 00 E1 16"                            File: Line:0 Function: Type:Debug:
DateTime:2026-09-14 15:05:55.452:"解码完成，功能码: 1"                            File: Line:0 Function: Type:Debug:
DateTime:2026-09-14 15:05:55.452:"工装回复确认帧"                            File: Line:0 Function: Type:Debug:
DateTime:2026-09-14 15:06:01.496:"等待工装回复超时"                            File: Line:0 Function: Type:Debug:
DateTime:2026-09-14 15:06:04.518:"等待工装回复超时"                            File: Line:0 Function: Type:Debug:
DateTime:2026-09-14 15:06:07.540:"等待工装回复超时"                            File: Line:0 Function: Type:Debug:
DateTime:2026-09-14 15:06:10.562:"等待工装回复超时"                            File: Line:0 Function: Type:Debug:
DateTime:2026-09-14 15:06:13.581:"等待工装回复超时"                            File: Line:0 Function: Type:Debug:
DateTime:2026-09-14 15:06:16.603:"等待工装回复超时"                            File: Line:0 Function: Type:Debug:
DateTime:2026-09-14 15:06:19.625:"等待工装回复超时"                            File: Line:0 Function: Type:Debug:
DateTime:2026-09-14 15:06:19.820:"工装接收：68 FA 00 FA 00 68 80 00 00 00 00 00 22 60 00 00 01 00 02 2F 00 68 2F 00 C0 00 00 00 00 00 01 56 02 00 05 07 01 10 00 16 19 18 68 07 01 10 00 16 19 68 81 0C 35 33 36 1E 34 34 3A 34 43 33 49 4C 41 16 15 16 0B 16"                            File: Line:0 Function: Type:Debug:
DateTime:2026-09-14 15:06:19.820:"m_baRecvMsg:"                            File: Line:0 Function: Type:Debug:
DateTime:2026-09-14 15:06:19.820:"rameList.size():"                            File: Line:0 Function: Type:Debug:
DateTime:2026-09-14 15:06:19.820:"进入报文解析"                            File: Line:0 Function: Type:Debug:
DateTime:2026-09-14 15:06:19.820:"68 FA 00 FA 00 68 80 00 00 00 00 00 22 60 00 00 01 00 02 2F 00 68 2F 00 C0 00 00 00 00 00 01 56 02 00 05 07 01 10 00 16 19 18 68 07 01 10 00 16 19 68 81 0C 35 33 36 1E 34 34 3A 34 43 33 49 4C 41 16 15 16 0B 16"                            File: Line:0 Function: Type:Debug:
DateTime:2026-09-14 15:06:19.820:"解码完成，功能码: 4"                            File: Line:0 Function: Type:Debug:
DateTime:2026-09-14 15:06:19.820:"工装回复透传报文"                            File: Line:0 Function: Type:Debug:
DateTime:2026-09-14 15:06:19.820:"022F00682F00C000000000000156020005070110001619186807011000161968810C3533361E34343A344333494C41161516"                            File: Line:0 Function: Type:Debug:
DateTime:2026-09-14 15:06:19.820:"内容:68 2f 00 c0 00 00 00 00 00 01 56 02 00 05 07 01 10 00 16 19 18 68 07 01 10 00 16 19 68 81 0c 35 33 36 1e 34 34 3a 34 43 33 49 4c 41 16 15 16"                            File: Line:0 Function: Type:Debug:
DateTime:2026-09-14 15:06:22.641:"等待工装回复超时"                            File: Line:0 Function: Type:Debug:
DateTime:2026-09-14 15:06:22.641:"查找结果: iret=0, wStart=0, dwOutLen=47, dwStreamLen=47, dwFindPos=0"                            File: Line:0 Function: Type:Debug:
DateTime:2026-09-14 15:06:22.641:"Receive:<= 68 2F 00 C0 00 00 00 00 00 01 56 02 00 05 07 01 10 00 16 19 18 68 07 01 10 00 16 19 68 81 0C 35 33 36 1E 34 34 3A 34 43 33 49 4C 41 16 15 16"                            File: Line:0 Function: Type:Debug:
DateTime:2026-09-14 15:06:22.641:"解析：功能码-AFN=56H,Fn=2："                            File: Line:0 Function: Type:Debug:
DateTime:2026-09-14 15:06:22.641:"AFN或者Fn与预判不一致"                            File: Line:0 Function: Type:Debug:
DateTime:2026-09-14 15:06:22.641:"Send(确认)：=> 68 0F 00 43 00 00 00 00 00 01 50 01 00 95 16"                            File: Line:0 Function: Type:Debug:
DateTime:2026-09-14 15:06:22.641:"槽位2透传:687E007E006840000000000022600000010002013C00680F00430000000000015001009516B916"                            File: Line:0 Function: Type:Debug:
DateTime:2026-09-14 15:06:22.641:"工装发送：68 7E 00 7E 00 68 40 00 00 00 00 00 22 60 00 00 01 00 02 01 3C 00 68 0F 00 43 00 00 00 00 00 01 50 01 00 95 16 B9 16"                            File: Line:0 Function: Type:Debug:
DateTime:2026-09-14 15:06:22.659:"工装接收：68 32 00 32 00 68 80 00 00 00 00 00 00 60 00 00 01 00 E1 16"                            File: Line:0 Function: Type:Debug:
DateTime:2026-09-14 15:06:22.659:"m_baRecvMsg:"                            File: Line:0 Function: Type:Debug:
DateTime:2026-09-14 15:06:22.659:"rameList.size():"                            File: Line:0 Function: Type:Debug:
DateTime:2026-09-14 15:06:22.659:"进入报文解析"                            File: Line:0 Function: Type:Debug:
DateTime:2026-09-14 15:06:22.659:"68 32 00 32 00 68 80 00 00 00 00 00 00 60 00 00 01 00 E1 16"                            File: Line:0 Function: Type:Debug:
DateTime:2026-09-14 15:06:22.659:"解码完成，功能码: 1"                            File: Line:0 Function: Type:Debug:
DateTime:2026-09-14 15:06:22.659:"工装回复确认帧"                            File: Line:0 Function: Type:Debug:
DateTime:2026-09-14 15:06:22.740:"工装接收：68 12 01 12 01 68 80 00 00 00 00 00 22 60 00 00 01 00 02 35 00 68 35 00 C0 00 00 00 00 00 02 56 02 00 01 12 90 78 56 34 12 1E 68 12 90 78 56 34 12 68 81 12 39 38 37 1E 34 35 36 34 43 33 49 4C 3B 34 43 33 49 4C 37 16 73 16 D3 16"                            File: Line:0 Function: Type:Debug:
DateTime:2026-09-14 15:06:22.740:"m_baRecvMsg:"                            File: Line:0 Function: Type:Debug:
DateTime:2026-09-14 15:06:22.740:"rameList.size():"                            File: Line:0 Function: Type:Debug:
DateTime:2026-09-14 15:06:22.740:"进入报文解析"                            File: Line:0 Function: Type:Debug:
DateTime:2026-09-14 15:06:22.740:"68 12 01 12 01 68 80 00 00 00 00 00 22 60 00 00 01 00 02 35 00 68 35 00 C0 00 00 00 00 00 02 56 02 00 01 12 90 78 56 34 12 1E 68 12 90 78 56 34 12 68 81 12 39 38 37 1E 34 35 36 34 43 33 49 4C 3B 34 43 33 49 4C 37 16 73 16 D3 16"                            File: Line:0 Function: Type:Debug:
DateTime:2026-09-14 15:06:22.740:"解码完成，功能码: 4"                            File: Line:0 Function: Type:Debug:
DateTime:2026-09-14 15:06:22.740:"工装回复透传报文"                            File: Line:0 Function: Type:Debug:
DateTime:2026-09-14 15:06:22.740:"023500683500C0000000000002560200011290785634121E681290785634126881123938371E343536344333494C3B344333494C37167316"                            File: Line:0 Function: Type:Debug:
DateTime:2026-09-14 15:06:22.740:"内容:68 35 00 c0 00 00 00 00 00 02 56 02 00 01 12 90 78 56 34 12 1e 68 12 90 78 56 34 12 68 81 12 39 38 37 1e 34 35 36 34 43 33 49 4c 3b 34 43 33 49 4c 37 16 73 16"                            File: Line:0 Function: Type:Debug:
DateTime:2026-09-14 15:06:25.661:"查找结果: iret=0, wStart=0, dwOutLen=53, dwStreamLen=53, dwFindPos=0"                            File: Line:0 Function: Type:Debug:
DateTime:2026-09-14 15:06:25.661:"Receive:<= 68 35 00 C0 00 00 00 00 00 02 56 02 00 01 12 90 78 56 34 12 1E 68 12 90 78 56 34 12 68 81 12 39 38 37 1E 34 35 36 34 43 33 49 4C 3B 34 43 33 49 4C 37 16 73 16"                            File: Line:0 Function: Type:Debug:
DateTime:2026-09-14 15:06:25.661:"解析：功能码-AFN=56H,Fn=2："                            File: Line:0 Function: Type:Debug:
DateTime:2026-09-14 15:06:25.661:"AFN或者Fn与预判不一致"                            File: Line:0 Function: Type:Debug:
DateTime:2026-09-14 15:06:25.661:"Send(确认)：=> 68 0F 00 43 00 00 00 00 00 02 50 01 00 96 16"                            File: Line:0 Function: Type:Debug:
DateTime:2026-09-14 15:06:25.661:"槽位2透传:687E007E006840000000000022600000010002013C00680F00430000000000025001009616BB16"                            File: Line:0 Function: Type:Debug:
DateTime:2026-09-14 15:06:25.661:"工装发送：68 7E 00 7E 00 68 40 00 00 00 00 00 22 60 00 00 01 00 02 01 3C 00 68 0F 00 43 00 00 00 00 00 02 50 01 00 96 16 BB 16"                            File: Line:0 Function: Type:Debug:
DateTime:2026-09-14 15:06:25.679:"工装接收：68 32 00 32 00 68 80 00 00 00 00 00 00 60 00 00 01 00 E1 16"                            File: Line:0 Function: Type:Debug:
DateTime:2026-09-14 15:06:25.679:"m_baRecvMsg:"                            File: Line:0 Function: Type:Debug:
DateTime:2026-09-14 15:06:25.679:"rameList.size():"                            File: Line:0 Function: Type:Debug:
DateTime:2026-09-14 15:06:25.679:"进入报文解析"                            File: Line:0 Function: Type:Debug:
DateTime:2026-09-14 15:06:25.679:"68 32 00 32 00 68 80 00 00 00 00 00 00 60 00 00 01 00 E1 16"                            File: Line:0 Function: Type:Debug:
DateTime:2026-09-14 15:06:25.679:"解码完成，功能码: 1"                            File: Line:0 Function: Type:Debug:
DateTime:2026-09-14 15:06:25.679:"工装回复确认帧"                            File: Line:0 Function: Type:Debug:
DateTime:2026-09-14 15:06:29.820:"工装接收：68 FA 00 FA 00 68 80 00 00 00 00 00 22 60 00 00 01 00 02 2F 00 68 2F 00 C0 00 00 00 00 00 03 56 02 00 05 06 01 10 00 16 19 18 68 06 01 10 00 16 19 68 81 0C 35 33 36 1E 34 34 39 34 43 33 49 4C 3F 16 12 16 05 16"                            File: Line:0 Function: Type:Debug:
DateTime:2026-09-14 15:06:29.820:"m_baRecvMsg:"                            File: Line:0 Function: Type:Debug:
DateTime:2026-09-14 15:06:29.820:"rameList.size():"                            File: Line:0 Function: Type:Debug:
DateTime:2026-09-14 15:06:29.820:"进入报文解析"                            File: Line:0 Function: Type:Debug:
DateTime:2026-09-14 15:06:29.820:"68 FA 00 FA 00 68 80 00 00 00 00 00 22 60 00 00 01 00 02 2F 00 68 2F 00 C0 00 00 00 00 00 03 56 02 00 05 06 01 10 00 16 19 18 68 06 01 10 00 16 19 68 81 0C 35 33 36 1E 34 34 39 34 43 33 49 4C 3F 16 12 16 05 16"                            File: Line:0 Function: Type:Debug:
DateTime:2026-09-14 15:06:29.820:"解码完成，功能码: 4"                            File: Line:0 Function: Type:Debug:
DateTime:2026-09-14 15:06:29.820:"工装回复透传报文"                            File: Line:0 Function: Type:Debug:
DateTime:2026-09-14 15:06:29.820:"022F00682F00C000000000000356020005060110001619186806011000161968810C3533361E343439344333494C3F161216"                            File: Line:0 Function: Type:Debug:
DateTime:2026-09-14 15:06:29.821:"内容:68 2f 00 c0 00 00 00 00 00 03 56 02 00 05 06 01 10 00 16 19 18 68 06 01 10 00 16 19 68 81 0c 35 33 36 1e 34 34 39 34 43 33 49 4c 3f 16 12 16"                            File: Line:0 Function: Type:Debug:
DateTime:2026-09-14 15:06:31.734:"等待工装回复超时"                            File: Line:0 Function: Type:Debug:
DateTime:2026-09-14 15:06:31.734:"查找结果: iret=0, wStart=0, dwOutLen=47, dwStreamLen=47, dwFindPos=0"                            File: Line:0 Function: Type:Debug:
DateTime:2026-09-14 15:06:31.734:"Receive:<= 68 2F 00 C0 00 00 00 00 00 03 56 02 00 05 06 01 10 00 16 19 18 68 06 01 10 00 16 19 68 81 0C 35 33 36 1E 34 34 39 34 43 33 49 4C 3F 16 12 16"                            File: Line:0 Function: Type:Debug:
DateTime:2026-09-14 15:06:31.734:"解析：功能码-AFN=56H,Fn=2："                            File: Line:0 Function: Type:Debug:
DateTime:2026-09-14 15:06:31.734:"AFN或者Fn与预判不一致"                            File: Line:0 Function: Type:Debug:
DateTime:2026-09-14 15:06:31.734:"Send(确认)：=> 68 0F 00 43 00 00 00 00 00 03 50 01 00 97 16"                            File: Line:0 Function: Type:Debug:
DateTime:2026-09-14 15:06:31.734:"槽位2透传:687E007E006840000000000022600000010002013C00680F00430000000000035001009716BD16"                            File: Line:0 Function: Type:Debug:
DateTime:2026-09-14 15:06:31.734:"工装发送：68 7E 00 7E 00 68 40 00 00 00 00 00 22 60 00 00 01 00 02 01 3C 00 68 0F 00 43 00 00 00 00 00 03 50 01 00 97 16 BD 16"                            File: Line:0 Function: Type:Debug:
DateTime:2026-09-14 15:06:31.752:"工装接收：68 32 00 32 00 68 80 00 00 00 00 00 00 60 00 00 01 00 E1 16"                            File: Line:0 Function: Type:Debug:
DateTime:2026-09-14 15:06:31.752:"m_baRecvMsg:"                            File: Line:0 Function: Type:Debug:
DateTime:2026-09-14 15:06:31.752:"rameList.size():"                            File: Line:0 Function: Type:Debug:
DateTime:2026-09-14 15:06:31.752:"进入报文解析"                            File: Line:0 Function: Type:Debug:
DateTime:2026-09-14 15:06:31.752:"68 32 00 32 00 68 80 00 00 00 00 00 00 60 00 00 01 00 E1 16"                            File: Line:0 Function: Type:Debug:
DateTime:2026-09-14 15:06:31.752:"解码完成，功能码: 1"                            File: Line:0 Function: Type:Debug:
DateTime:2026-09-14 15:06:31.752:"工装回复确认帧"                            File: Line:0 Function: Type:Debug:
DateTime:2026-09-14 15:06:37.792:"等待工装回复超时"                            File: Line:0 Function: Type:Debug:
DateTime:2026-09-14 15:06:39.828:"工装接收：68 12 01 12 01 68 80 00 00 00 00 00 22 60 00 00 01 00 02 35 00 68 35 00 C0 00 00 00 00 00 04 56 02 00 05 05 01 10 00 16 19 1E 68 99 99 99 99 99 99 68 81 12 35 33 36 1E 34 35 38 34 43 33 49 4C 3B 34 43 33 49 4C 0F 16 B8 16 5D 16"                            File: Line:0 Function: Type:Debug:
DateTime:2026-09-14 15:06:39.828:"m_baRecvMsg:"                            File: Line:0 Function: Type:Debug:
DateTime:2026-09-14 15:06:39.829:"rameList.size():"                            File: Line:0 Function: Type:Debug:
DateTime:2026-09-14 15:06:39.829:"进入报文解析"                            File: Line:0 Function: Type:Debug:
DateTime:2026-09-14 15:06:39.829:"68 12 01 12 01 68 80 00 00 00 00 00 22 60 00 00 01 00 02 35 00 68 35 00 C0 00 00 00 00 00 04 56 02 00 05 05 01 10 00 16 19 1E 68 99 99 99 99 99 99 68 81 12 35 33 36 1E 34 35 38 34 43 33 49 4C 3B 34 43 33 49 4C 0F 16 B8 16 5D 16"                            File: Line:0 Function: Type:Debug:
DateTime:2026-09-14 15:06:39.829:"解码完成，功能码: 4"                            File: Line:0 Function: Type:Debug:
DateTime:2026-09-14 15:06:39.829:"工装回复透传报文"                            File: Line:0 Function: Type:Debug:
DateTime:2026-09-14 15:06:39.829:"023500683500C0000000000004560200050501100016191E689999999999996881123533361E343538344333494C3B344333494C0F16B816"                            File: Line:0 Function: Type:Debug:
DateTime:2026-09-14 15:06:39.829:"内容:68 35 00 c0 00 00 00 00 00 04 56 02 00 05 05 01 10 00 16 19 1e 68 99 99 99 99 99 99 68 81 12 35 33 36 1e 34 35 38 34 43 33 49 4c 3b 34 43 33 49 4c 0f 16 b8 16"                            File: Line:0 Function: Type:Debug:
DateTime:2026-09-14 15:06:40.837:"等待工装回复超时"                            File: Line:0 Function: Type:Debug:
DateTime:2026-09-14 15:06:40.837:"查找结果: iret=0, wStart=0, dwOutLen=53, dwStreamLen=53, dwFindPos=0"                            File: Line:0 Function: Type:Debug:
DateTime:2026-09-14 15:06:40.837:"Receive:<= 68 35 00 C0 00 00 00 00 00 04 56 02 00 05 05 01 10 00 16 19 1E 68 99 99 99 99 99 99 68 81 12 35 33 36 1E 34 35 38 34 43 33 49 4C 3B 34 43 33 49 4C 0F 16 B8 16"                            File: Line:0 Function: Type:Debug:
DateTime:2026-09-14 15:06:40.837:"解析：功能码-AFN=56H,Fn=2："                            File: Line:0 Function: Type:Debug:
DateTime:2026-09-14 15:06:40.837:"AFN或者Fn与预判不一致"                            File: Line:0 Function: Type:Debug:
DateTime:2026-09-14 15:06:40.837:"Send(确认)：=> 68 0F 00 43 00 00 00 00 00 04 50 01 00 98 16"                            File: Line:0 Function: Type:Debug:
DateTime:2026-09-14 15:06:40.837:"槽位2透传:687E007E006840000000000022600000010002013C00680F00430000000000045001009816BF16"                            File: Line:0 Function: Type:Debug:
DateTime:2026-09-14 15:06:40.837:"工装发送：68 7E 00 7E 00 68 40 00 00 00 00 00 22 60 00 00 01 00 02 01 3C 00 68 0F 00 43 00 00 00 00 00 04 50 01 00 98 16 BF 16"                            File: Line:0 Function: Type:Debug:
DateTime:2026-09-14 15:06:40.855:"工装接收：68 32 00 32 00 68 80 00 00 00 00 00 00 60 00 00 01 00 E1 16"                            File: Line:0 Function: Type:Debug:
DateTime:2026-09-14 15:06:40.855:"m_baRecvMsg:"                            File: Line:0 Function: Type:Debug:
DateTime:2026-09-14 15:06:40.855:"rameList.size():"                            File: Line:0 Function: Type:Debug:
DateTime:2026-09-14 15:06:40.855:"进入报文解析"                            File: Line:0 Function: Type:Debug:
DateTime:2026-09-14 15:06:40.855:"68 32 00 32 00 68 80 00 00 00 00 00 00 60 00 00 01 00 E1 16"                            File: Line:0 Function: Type:Debug:
DateTime:2026-09-14 15:06:40.855:"解码完成，功能码: 1"                            File: Line:0 Function: Type:Debug:
DateTime:2026-09-14 15:06:40.855:"工装回复确认帧"                            File: Line:0 Function: Type:Debug:
DateTime:2026-09-14 15:06:46.898:"等待工装回复超时"                            File: Line:0 Function: Type:Debug:
DateTime:2026-09-14 15:06:49.821:"工装接收：68 FA 00 FA 00 68 80 00 00 00 00 00 22 60 00 00 01 00 02 2F 00 68 2F 00 C0 00 00 00 00 00 05 56 02 00 05 03 01 10 00 16 19 18 68 03 01 10 00 16 19 68 81 0C 35 33 36 1E 34 34 36 34 43 33 49 4C 39 16 05 16 EB 16"                            File: Line:0 Function: Type:Debug:
DateTime:2026-09-14 15:06:49.821:"m_baRecvMsg:"                            File: Line:0 Function: Type:Debug:
DateTime:2026-09-14 15:06:49.821:"rameList.size():"                            File: Line:0 Function: Type:Debug:
DateTime:2026-09-14 15:06:49.821:"进入报文解析"                            File: Line:0 Function: Type:Debug:
DateTime:2026-09-14 15:06:49.821:"68 FA 00 FA 00 68 80 00 00 00 00 00 22 60 00 00 01 00 02 2F 00 68 2F 00 C0 00 00 00 00 00 05 56 02 00 05 03 01 10 00 16 19 18 68 03 01 10 00 16 19 68 81 0C 35 33 36 1E 34 34 36 34 43 33 49 4C 39 16 05 16 EB 16"                            File: Line:0 Function: Type:Debug:
DateTime:2026-09-14 15:06:49.821:"解码完成，功能码: 4"                            File: Line:0 Function: Type:Debug:
DateTime:2026-09-14 15:06:49.822:"工装回复透传报文"                            File: Line:0 Function: Type:Debug:
DateTime:2026-09-14 15:06:49.822:"022F00682F00C000000000000556020005030110001619186803011000161968810C3533361E343436344333494C39160516"                            File: Line:0 Function: Type:Debug:
DateTime:2026-09-14 15:06:49.822:"内容:68 2f 00 c0 00 00 00 00 00 05 56 02 00 05 03 01 10 00 16 19 18 68 03 01 10 00 16 19 68 81 0c 35 33 36 1e 34 34 36 34 43 33 49 4c 39 16 05 16"                            File: Line:0 Function: Type:Debug:
DateTime:2026-09-14 15:06:49.922:"等待工装回复超时"                            File: Line:0 Function: Type:Debug:
DateTime:2026-09-14 15:06:49.922:"查找结果: iret=0, wStart=0, dwOutLen=47, dwStreamLen=47, dwFindPos=0"                            File: Line:0 Function: Type:Debug:
DateTime:2026-09-14 15:06:49.922:"Receive:<= 68 2F 00 C0 00 00 00 00 00 05 56 02 00 05 03 01 10 00 16 19 18 68 03 01 10 00 16 19 68 81 0C 35 33 36 1E 34 34 36 34 43 33 49 4C 39 16 05 16"                            File: Line:0 Function: Type:Debug:
DateTime:2026-09-14 15:06:49.922:"解析：功能码-AFN=56H,Fn=2："                            File: Line:0 Function: Type:Debug:
DateTime:2026-09-14 15:06:49.922:"AFN或者Fn与预判不一致"                            File: Line:0 Function: Type:Debug:
DateTime:2026-09-14 15:06:49.922:"Send(确认)：=> 68 0F 00 43 00 00 00 00 00 05 50 01 00 99 16"                            File: Line:0 Function: Type:Debug:
DateTime:2026-09-14 15:06:49.922:"槽位2透传:687E007E006840000000000022600000010002013C00680F00430000000000055001009916C116"                            File: Line:0 Function: Type:Debug:
DateTime:2026-09-14 15:06:49.922:"工装发送：68 7E 00 7E 00 68 40 00 00 00 00 00 22 60 00 00 01 00 02 01 3C 00 68 0F 00 43 00 00 00 00 00 05 50 01 00 99 16 C1 16"                            File: Line:0 Function: Type:Debug:
DateTime:2026-09-14 15:06:49.940:"工装接收：68 32 00 32 00 68 80 00 00 00 00 00 00 60 00 00 01 00 E1 16"                            File: Line:0 Function: Type:Debug:
DateTime:2026-09-14 15:06:49.940:"m_baRecvMsg:"                            File: Line:0 Function: Type:Debug:
DateTime:2026-09-14 15:06:49.940:"rameList.size():"                            File: Line:0 Function: Type:Debug:
DateTime:2026-09-14 15:06:49.940:"进入报文解析"                            File: Line:0 Function: Type:Debug:
DateTime:2026-09-14 15:06:49.940:"68 32 00 32 00 68 80 00 00 00 00 00 00 60 00 00 01 00 E1 16"                            File: Line:0 Function: Type:Debug:
DateTime:2026-09-14 15:06:49.940:"解码完成，功能码: 1"                            File: Line:0 Function: Type:Debug:
DateTime:2026-09-14 15:06:49.940:"工装回复确认帧"                            File: Line:0 Function: Type:Debug:
DateTime:2026-09-14 15:06:55.984:"等待工装回复超时"                            File: Line:0 Function: Type:Debug:
DateTime:2026-09-14 15:06:59.006:"等待工装回复超时"                            File: Line:0 Function: Type:Debug:
DateTime:2026-09-14 15:07:02.028:"等待工装回复超时"                            File: Line:0 Function: Type:Debug:
DateTime:2026-09-14 15:07:05.050:"等待工装回复超时"                            File: Line:0 Function: Type:Debug:
DateTime:2026-09-14 15:07:08.072:"等待工装回复超时"                            File: Line:0 Function: Type:Debug:
DateTime:2026-09-14 15:07:11.094:"等待工装回复超时"                            File: Line:0 Function: Type:Debug:
DateTime:2026-09-14 15:07:14.116:"等待工装回复超时"                            File: Line:0 Function: Type:Debug:
DateTime:2026-09-14 15:07:17.138:"等待工装回复超时"                            File: Line:0 Function: Type:Debug:
DateTime:2026-09-14 15:07:20.160:"等待工装回复超时"                            File: Line:0 Function: Type:Debug:
DateTime:2026-09-14 15:07:23.181:"等待工装回复超时"                            File: Line:0 Function: Type:Debug:
DateTime:2026-09-14 15:07:26.203:"等待工装回复超时"                            File: Line:0 Function: Type:Debug:
DateTime:2026-09-14 15:07:29.225:"等待工装回复超时"                            File: Line:0 Function: Type:Debug:
DateTime:2026-09-14 15:07:32.247:"等待工装回复超时"                            File: Line:0 Function: Type:Debug:
DateTime:2026-09-14 15:07:35.269:"等待工装回复超时"                            File: Line:0 Function: Type:Debug:
DateTime:2026-09-14 15:07:38.291:"等待工装回复超时"                            File: Line:0 Function: Type:Debug:
DateTime:2026-09-14 15:07:41.313:"等待工装回复超时"                            File: Line:0 Function: Type:Debug:
DateTime:2026-09-14 15:07:44.335:"等待工装回复超时"                            File: Line:0 Function: Type:Debug:
DateTime:2026-09-14 15:07:47.357:"等待工装回复超时"                            File: Line:0 Function: Type:Debug:
DateTime:2026-09-14 15:07:50.379:"等待工装回复超时"                            File: Line:0 Function: Type:Debug:
DateTime:2026-09-14 15:07:53.401:"等待工装回复超时"                            File: Line:0 Function: Type:Debug:
DateTime:2026-09-14 15:07:56.422:"等待工装回复超时"                            File: Line:0 Function: Type:Debug:
DateTime:2026-09-14 15:07:59.444:"等待工装回复超时"                            File: Line:0 Function: Type:Debug:
DateTime:2026-09-14 15:08:02.466:"等待工装回复超时"                            File: Line:0 Function: Type:Debug:
DateTime:2026-09-14 15:08:05.488:"等待工装回复超时"                            File: Line:0 Function: Type:Debug:
DateTime:2026-09-14 15:08:08.510:"等待工装回复超时"                            File: Line:0 Function: Type:Debug:
DateTime:2026-09-14 15:08:11.532:"等待工装回复超时"                            File: Line:0 Function: Type:Debug:
DateTime:2026-09-14 15:08:14.554:"等待工装回复超时"                            File: Line:0 Function: Type:Debug:
DateTime:2026-09-14 15:08:17.576:"等待工装回复超时"                            File: Line:0 Function: Type:Debug:
DateTime:2026-09-14 15:08:20.598:"等待工装回复超时"                            File: Line:0 Function: Type:Debug:
DateTime:2026-09-14 15:08:23.620:"等待工装回复超时"                            File: Line:0 Function: Type:Debug:
DateTime:2026-09-14 15:08:26.642:"等待工装回复超时"                            File: Line:0 Function: Type:Debug:
DateTime:2026-09-14 15:08:29.664:"等待工装回复超时"                            File: Line:0 Function: Type:Debug:
DateTime:2026-09-14 15:08:32.685:"等待工装回复超时"                            File: Line:0 Function: Type:Debug:
DateTime:2026-09-14 15:08:35.707:"等待工装回复超时"                            File: Line:0 Function: Type:Debug:
DateTime:2026-09-14 15:08:38.729:"等待工装回复超时"                            File: Line:0 Function: Type:Debug:
DateTime:2026-09-14 15:08:41.751:"等待工装回复超时"                            File: Line:0 Function: Type:Debug:
DateTime:2026-09-14 15:08:44.773:"等待工装回复超时"                            File: Line:0 Function: Type:Debug:
DateTime:2026-09-14 15:08:47.795:"等待工装回复超时"                            File: Line:0 Function: Type:Debug:
DateTime:2026-09-14 15:08:50.817:"等待工装回复超时"                            File: Line:0 Function: Type:Debug:
DateTime:2026-09-14 15:08:53.839:"等待工装回复超时"                            File: Line:0 Function: Type:Debug:
DateTime:2026-09-14 15:08:56.861:"等待工装回复超时"                            File: Line:0 Function: Type:Debug:
DateTime:2026-09-14 15:08:59.883:"等待工装回复超时"                            File: Line:0 Function: Type:Debug:
DateTime:2026-09-14 15:09:02.905:"等待工装回复超时"                            File: Line:0 Function: Type:Debug:
DateTime:2026-09-14 15:09:05.927:"等待工装回复超时"                            File: Line:0 Function: Type:Debug:
DateTime:2026-09-14 15:09:08.948:"等待工装回复超时"                            File: Line:0 Function: Type:Debug:
DateTime:2026-09-14 15:09:11.970:"等待工装回复超时"                            File: Line:0 Function: Type:Debug:
DateTime:2026-09-14 15:09:14.992:"等待工装回复超时"                            File: Line:0 Function: Type:Debug:
DateTime:2026-09-14 15:09:18.014:"等待工装回复超时"                            File: Line:0 Function: Type:Debug:
DateTime:2026-09-14 15:09:21.036:"等待工装回复超时"                            File: Line:0 Function: Type:Debug:
DateTime:2026-09-14 15:09:24.058:"等待工装回复超时"                            File: Line:0 Function: Type:Debug:
DateTime:2026-09-14 15:09:27.080:"等待工装回复超时"                            File: Line:0 Function: Type:Debug:
DateTime:2026-09-14 15:09:30.102:"等待工装回复超时"                            File: Line:0 Function: Type:Debug:
DateTime:2026-09-14 15:09:33.124:"等待工装回复超时"                            File: Line:0 Function: Type:Debug:
DateTime:2026-09-14 15:09:36.146:"等待工装回复超时"                            File: Line:0 Function: Type:Debug:
DateTime:2026-09-14 15:09:39.168:"等待工装回复超时"                            File: Line:0 Function: Type:Debug:
DateTime:2026-09-14 15:09:42.190:"等待工装回复超时"                            File: Line:0 Function: Type:Debug:
DateTime:2026-09-14 15:09:45.211:"等待工装回复超时"                            File: Line:0 Function: Type:Debug:
DateTime:2026-09-14 15:09:48.233:"等待工装回复超时"                            File: Line:0 Function: Type:Debug:
DateTime:2026-09-14 15:09:51.255:"等待工装回复超时"                            File: Line:0 Function: Type:Debug:
DateTime:2026-09-14 15:09:53.374:"工装接收：68 DE 00 DE 00 68 80 00 00 00 00 00 22 60 00 00 01 00 02 28 00 68 28 00 C0 00 00 00 00 00 06 56 02 00 01 12 90 78 56 34 12 11 68 12 90 78 56 34 12 68 81 05 39 36 36 1E 36 05 16 06 16 DF 16"                            File: Line:0 Function: Type:Debug:
DateTime:2026-09-14 15:09:53.374:"m_baRecvMsg:"                            File: Line:0 Function: Type:Debug:
DateTime:2026-09-14 15:09:53.374:"rameList.size():"                            File: Line:0 Function: Type:Debug:
DateTime:2026-09-14 15:09:53.374:"进入报文解析"                            File: Line:0 Function: Type:Debug:
DateTime:2026-09-14 15:09:53.374:"68 DE 00 DE 00 68 80 00 00 00 00 00 22 60 00 00 01 00 02 28 00 68 28 00 C0 00 00 00 00 00 06 56 02 00 01 12 90 78 56 34 12 11 68 12 90 78 56 34 12 68 81 05 39 36 36 1E 36 05 16 06 16 DF 16"                            File: Line:0 Function: Type:Debug:
DateTime:2026-09-14 15:09:53.374:"解码完成，功能码: 4"                            File: Line:0 Function: Type:Debug:
DateTime:2026-09-14 15:09:53.374:"工装回复透传报文"                            File: Line:0 Function: Type:Debug:
DateTime:2026-09-14 15:09:53.374:"022800682800C00000000000065602000112907856341211681290785634126881053936361E3605160616"                            File: Line:0 Function: Type:Debug:
DateTime:2026-09-14 15:09:53.374:"内容:68 28 00 c0 00 00 00 00 00 06 56 02 00 01 12 90 78 56 34 12 11 68 12 90 78 56 34 12 68 81 05 39 36 36 1e 36 05 16 06 16"                            File: Line:0 Function: Type:Debug:
DateTime:2026-09-14 15:09:54.280:"等待工装回复超时"                            File: Line:0 Function: Type:Debug:
DateTime:2026-09-14 15:09:54.280:"查找结果: iret=0, wStart=0, dwOutLen=40, dwStreamLen=40, dwFindPos=0"                            File: Line:0 Function: Type:Debug:
DateTime:2026-09-14 15:09:54.280:"Receive:<= 68 28 00 C0 00 00 00 00 00 06 56 02 00 01 12 90 78 56 34 12 11 68 12 90 78 56 34 12 68 81 05 39 36 36 1E 36 05 16 06 16"                            File: Line:0 Function: Type:Debug:
DateTime:2026-09-14 15:09:54.280:"解析：功能码-AFN=56H,Fn=2："                            File: Line:0 Function: Type:Debug:
DateTime:2026-09-14 15:09:54.280:"AFN或者Fn与预判不一致"                            File: Line:0 Function: Type:Debug:
DateTime:2026-09-14 15:09:54.280:"Send(确认)：=> 68 0F 00 43 00 00 00 00 00 06 50 01 00 9A 16"                            File: Line:0 Function: Type:Debug:
DateTime:2026-09-14 15:09:54.280:"槽位2透传:687E007E006840000000000022600000010002013C00680F00430000000000065001009A16C316"                            File: Line:0 Function: Type:Debug:
DateTime:2026-09-14 15:09:54.280:"工装发送：68 7E 00 7E 00 68 40 00 00 00 00 00 22 60 00 00 01 00 02 01 3C 00 68 0F 00 43 00 00 00 00 00 06 50 01 00 9A 16 C3 16"                            File: Line:0 Function: Type:Debug:
DateTime:2026-09-14 15:09:54.298:"工装接收：68 32 00 32 00 68 80 00 00 00 00 00 00 60 00 00 01 00 E1 16"                            File: Line:0 Function: Type:Debug:
DateTime:2026-09-14 15:09:54.298:"m_baRecvMsg:"                            File: Line:0 Function: Type:Debug:
DateTime:2026-09-14 15:09:54.298:"rameList.size():"                            File: Line:0 Function: Type:Debug:
DateTime:2026-09-14 15:09:54.298:"进入报文解析"                            File: Line:0 Function: Type:Debug:
DateTime:2026-09-14 15:09:54.298:"68 32 00 32 00 68 80 00 00 00 00 00 00 60 00 00 01 00 E1 16"                            File: Line:0 Function: Type:Debug:
DateTime:2026-09-14 15:09:54.298:"解码完成，功能码: 1"                            File: Line:0 Function: Type:Debug:
DateTime:2026-09-14 15:09:54.298:"工装回复确认帧"                            File: Line:0 Function: Type:Debug:
DateTime:2026-09-14 15:10:00.342:"等待工装回复超时"                            File: Line:0 Function: Type:Debug:
DateTime:2026-09-14 15:10:03.364:"等待工装回复超时"                            File: Line:0 Function: Type:Debug:
DateTime:2026-09-14 15:10:06.386:"等待工装回复超时"                            File: Line:0 Function: Type:Debug:
DateTime:2026-09-14 15:10:09.408:"等待工装回复超时"                            File: Line:0 Function: Type:Debug:
DateTime:2026-09-14 15:10:12.430:"等待工装回复超时"                            File: Line:0 Function: Type:Debug:
DateTime:2026-09-14 15:10:15.452:"等待工装回复超时"                            File: Line:0 Function: Type:Debug:
DateTime:2026-09-14 15:10:17.922:"工装接收：68 9A 00 9A 00 68 80 00 00 00 00 00 22 60 00 00 01 00 02 17 00 68 17 00 C3 00 00 00 00 00 07 14 08 01 96 02 55 05 00 01 01 20 FB 16 A7 16"                            File: Line:0 Function: Type:Debug:
DateTime:2026-09-14 15:10:17.922:"m_baRecvMsg:"                            File: Line:0 Function: Type:Debug:
DateTime:2026-09-14 15:10:17.922:"rameList.size():"                            File: Line:0 Function: Type:Debug:
DateTime:2026-09-14 15:10:17.922:"进入报文解析"                            File: Line:0 Function: Type:Debug:
DateTime:2026-09-14 15:10:17.922:"68 9A 00 9A 00 68 80 00 00 00 00 00 22 60 00 00 01 00 02 17 00 68 17 00 C3 00 00 00 00 00 07 14 08 01 96 02 55 05 00 01 01 20 FB 16 A7 16"                            File: Line:0 Function: Type:Debug:
DateTime:2026-09-14 15:10:17.922:"解码完成，功能码: 4"                            File: Line:0 Function: Type:Debug:
DateTime:2026-09-14 15:10:17.922:"工装回复透传报文"                            File: Line:0 Function: Type:Debug:
DateTime:2026-09-14 15:10:17.922:"021700681700C30000000000071408019602550500010120FB16"                            File: Line:0 Function: Type:Debug:
DateTime:2026-09-14 15:10:17.922:"内容:68 17 00 c3 00 00 00 00 00 07 14 08 01 96 02 55 05 00 01 01 20 fb 16"                            File: Line:0 Function: Type:Debug:
DateTime:2026-09-14 15:10:18.526:"等待工装回复超时"                            File: Line:0 Function: Type:Debug:
DateTime:2026-09-14 15:10:18.526:"查找结果: iret=0, wStart=0, dwOutLen=23, dwStreamLen=23, dwFindPos=0"                            File: Line:0 Function: Type:Debug:
DateTime:2026-09-14 15:10:18.526:"Receive:<= 68 17 00 C3 00 00 00 00 00 07 14 08 01 96 02 55 05 00 01 01 20 FB 16"                            File: Line:0 Function: Type:Debug:
DateTime:2026-09-14 15:10:18.526:"解析：功能码-AFN=14H,Fn=12："                            File: Line:0 Function: Type:Debug:
DateTime:2026-09-14 15:10:18.526:"Send(14F12回复时钟请求)：=> 68 20 00 43 00 00 00 00 00 07 14 08 01 30 D0 00 00 08 74 00 00 08 74 00 00 39 30 36 32 31 61 16"                            File: Line:0 Function: Type:Debug:
DateTime:2026-09-14 15:10:18.526:"槽位2透传:68C200C2006840000000000022600000010002013C006820004300000000000714080130D000000874000008740000393036323161166216"                            File: Line:0 Function: Type:Debug:
DateTime:2026-09-14 15:10:18.526:"工装发送：68 C2 00 C2 00 68 40 00 00 00 00 00 22 60 00 00 01 00 02 01 3C 00 68 20 00 43 00 00 00 00 00 07 14 08 01 30 D0 00 00 08 74 00 00 08 74 00 00 39 30 36 32 31 61 16 62 16"                            File: Line:0 Function: Type:Debug:
DateTime:2026-09-14 15:10:18.564:"工装接收：68 32 00 32 00 68 80 00 00 00 00 00 00 60 00 00 01 00 E1 16"                            File: Line:0 Function: Type:Debug:
DateTime:2026-09-14 15:10:18.564:"m_baRecvMsg:"                            File: Line:0 Function: Type:Debug:
DateTime:2026-09-14 15:10:18.564:"rameList.size():"                            File: Line:0 Function: Type:Debug:
DateTime:2026-09-14 15:10:18.564:"进入报文解析"                            File: Line:0 Function: Type:Debug:
DateTime:2026-09-14 15:10:18.564:"68 32 00 32 00 68 80 00 00 00 00 00 00 60 00 00 01 00 E1 16"                            File: Line:0 Function: Type:Debug:
DateTime:2026-09-14 15:10:18.564:"解码完成，功能码: 1"                            File: Line:0 Function: Type:Debug:
DateTime:2026-09-14 15:10:18.564:"工装回复确认帧"                            File: Line:0 Function: Type:Debug:
DateTime:2026-09-14 15:10:24.608:"等待工装回复超时"                            File: Line:0 Function: Type:Debug:
DateTime:2026-09-14 15:10:27.630:"等待工装回复超时"                            File: Line:0 Function: Type:Debug:
DateTime:2026-09-14 15:10:27.910:"工装接收：68 7A 00 7A 00 68 80 00 00 00 00 00 22 60 00 00 01 00 02 0F 00 68 0F 00 C3 00 00 00 00 00 08 14 02 00 E1 16 63 16"                            File: Line:0 Function: Type:Debug:
DateTime:2026-09-14 15:10:27.910:"m_baRecvMsg:"                            File: Line:0 Function: Type:Debug:
DateTime:2026-09-14 15:10:27.910:"rameList.size():"                            File: Line:0 Function: Type:Debug:
DateTime:2026-09-14 15:10:27.910:"进入报文解析"                            File: Line:0 Function: Type:Debug:
DateTime:2026-09-14 15:10:27.910:"68 7A 00 7A 00 68 80 00 00 00 00 00 22 60 00 00 01 00 02 0F 00 68 0F 00 C3 00 00 00 00 00 08 14 02 00 E1 16 63 16"                            File: Line:0 Function: Type:Debug:
DateTime:2026-09-14 15:10:27.910:"解码完成，功能码: 4"                            File: Line:0 Function: Type:Debug:
DateTime:2026-09-14 15:10:27.910:"工装回复透传报文"                            File: Line:0 Function: Type:Debug:
DateTime:2026-09-14 15:10:27.910:"020F00680F00C3000000000008140200E116"                            File: Line:0 Function: Type:Debug:
DateTime:2026-09-14 15:10:27.910:"内容:68 0f 00 c3 00 00 00 00 00 08 14 02 00 e1 16"                            File: Line:0 Function: Type:Debug:
DateTime:2026-09-14 15:10:30.731:"等待工装回复超时"                            File: Line:0 Function: Type:Debug:
DateTime:2026-09-14 15:10:30.731:"查找结果: iret=0, wStart=0, dwOutLen=15, dwStreamLen=15, dwFindPos=0"                            File: Line:0 Function: Type:Debug:
DateTime:2026-09-14 15:10:30.731:"Receive:<= 68 0F 00 C3 00 00 00 00 00 08 14 02 00 E1 16"                            File: Line:0 Function: Type:Debug:
DateTime:2026-09-14 15:10:30.731:"解析：功能码-AFN=14H,Fn=2："                            File: Line:0 Function: Type:Debug:
DateTime:2026-09-14 15:10:30.731:"Send(回复路由请求集中器时钟)：=> 68 15 00 03 00 00 00 00 00 08 14 02 00 30 10 15 14 09 26 B9 16"                            File: Line:0 Function: Type:Debug:
DateTime:2026-09-14 15:10:30.731:"槽位2透传:68960096006840000000000022600000010002013C0068150003000000000008140200301015140926B9160716"                            File: Line:0 Function: Type:Debug:
DateTime:2026-09-14 15:10:30.731:"工装发送：68 96 00 96 00 68 40 00 00 00 00 00 22 60 00 00 01 00 02 01 3C 00 68 15 00 03 00 00 00 00 00 08 14 02 00 30 10 15 14 09 26 B9 16 07 16"                            File: Line:0 Function: Type:Debug:
DateTime:2026-09-14 15:10:30.756:"工装接收：68 32 00 32 00 68 80 00 00 00 00 00 00 60 00 00 01 00 E1 16"                            File: Line:0 Function: Type:Debug:
DateTime:2026-09-14 15:10:30.756:"m_baRecvMsg:"                            File: Line:0 Function: Type:Debug:
DateTime:2026-09-14 15:10:30.756:"rameList.size():"                            File: Line:0 Function: Type:Debug:
DateTime:2026-09-14 15:10:30.756:"进入报文解析"                            File: Line:0 Function: Type:Debug:
DateTime:2026-09-14 15:10:30.756:"68 32 00 32 00 68 80 00 00 00 00 00 00 60 00 00 01 00 E1 16"                            File: Line:0 Function: Type:Debug:
DateTime:2026-09-14 15:10:30.756:"解码完成，功能码: 1"                            File: Line:0 Function: Type:Debug:
DateTime:2026-09-14 15:10:30.756:"工装回复确认帧"                            File: Line:0 Function: Type:Debug:
DateTime:2026-09-14 15:10:36.799:"等待工装回复超时"                            File: Line:0 Function: Type:Debug:
DateTime:2026-09-14 15:10:39.821:"等待工装回复超时"                            File: Line:0 Function: Type:Debug:
DateTime:2026-09-14 15:10:42.843:"等待工装回复超时"                            File: Line:0 Function: Type:Debug:
DateTime:2026-09-14 15:10:45.865:"等待工装回复超时"                            File: Line:0 Function: Type:Debug:
DateTime:2026-09-14 15:10:48.887:"等待工装回复超时"                            File: Line:0 Function: Type:Debug:
DateTime:2026-09-14 15:10:51.909:"等待工装回复超时"                            File: Line:0 Function: Type:Debug:
DateTime:2026-09-14 15:10:54.931:"等待工装回复超时"                            File: Line:0 Function: Type:Debug:
DateTime:2026-09-14 15:10:54.931:"延时时间到"                            File: Line:0 Function: Type:Debug:
DateTime:2026-09-14 15:10:55.032:dll输出信息: ""                            File: Line:0 Function: Type:Debug:
DateTime:2026-09-14 15:10:55.032:接口函数调用成功，返回的结果为 0                            File: Line:0 Function: Type:Debug:
DateTime:2026-09-14 15:10:55.032:"外部传入的para：0，返回的result：0,返回的pValRet：0"                            File: Line:0 Function: Type:Debug:
DateTime:2026-09-14 15:10:55.032:"执行接口函数Func_Delay完成"                            File: Line:0 Function: Type:Debug:
DateTime:2026-09-14 15:10:55.032:coorIndex 0                            File: Line:0 Function: Type:Debug:
DateTime:2026-09-14 15:10:55.032:当前流程结束                            File: Line:0 Function: Type:Debug:
DateTime:2026-09-14 15:10:55.032:退出connect函数                            File: Line:0 Function: Type:Debug:
DateTime:2026-09-14 15:10:55.032:"=========【执行延时】结束=========="                            File: Line:0 Function: Type:Debug:
DateTime:2026-09-14 15:10:55.032:"-----------------------------"                            File: Line:0 Function: Type:Debug:
DateTime:2026-09-14 15:10:55.034:"=============执行【Step5-组网测试】==================="                            File: Line:0 Function: Type:Debug:
DateTime:2026-09-14 15:10:55.034:"执行接口函数CCO_Func_FormNetWork"                            File: Line:0 Function: Type:Debug:
DateTime:2026-09-14 15:10:55.034:callWorkFunction: CCO_Func_FormNetWork                            File: Line:0 Function: Type:Debug:
DateTime:2026-09-14 15:10:55.034:找到对应函数，进入执行                            File: Line:0 Function: Type:Debug:
DateTime:2026-09-14 15:10:55.034:"addrs191600100103"                            File: Line:0 Function: Type:Debug:
DateTime:2026-09-14 15:10:55.034:"地址数量1"                            File: Line:0 Function: Type:Debug:
DateTime:2026-09-14 15:10:55.034:"addrs191600100104"                            File: Line:0 Function: Type:Debug:
DateTime:2026-09-14 15:10:55.034:"地址数量2"                            File: Line:0 Function: Type:Debug:
DateTime:2026-09-14 15:10:55.034:"addrs191600100105"                            File: Line:0 Function: Type:Debug:
DateTime:2026-09-14 15:10:55.034:"地址数量3"                            File: Line:0 Function: Type:Debug:
DateTime:2026-09-14 15:10:55.034:"addrs191600100106"                            File: Line:0 Function: Type:Debug:
DateTime:2026-09-14 15:10:55.034:"地址数量4"                            File: Line:0 Function: Type:Debug:
DateTime:2026-09-14 15:10:55.034:"addrs191600100107"                            File: Line:0 Function: Type:Debug:
DateTime:2026-09-14 15:10:55.034:"地址数量5"                            File: Line:0 Function: Type:Debug:
DateTime:2026-09-14 15:10:55.034:"addrs191600100108"                            File: Line:0 Function: Type:Debug:
DateTime:2026-09-14 15:10:55.034:"地址数量6"                            File: Line:0 Function: Type:Debug:
DateTime:2026-09-14 15:10:55.034:"传入的addrs数量6"                            File: Line:0 Function: Type:Debug:
DateTime:2026-09-14 15:10:55.035:"QString::fromLatin1(addrs[0])\u0019\u0016"                            File: Line:0 Function: Type:Debug:
DateTime:2026-09-14 15:10:55.538:"等待工装回复超时"                            File: Line:0 Function: Type:Debug:
DateTime:2026-09-14 15:10:55.538:"开始组帧"                            File: Line:0 Function: Type:Debug:
DateTime:2026-09-14 15:10:55.538:"组帧结束"                            File: Line:0 Function: Type:Debug:
DateTime:2026-09-14 15:10:55.538:"367.2Send:查询网络拓扑,节点起始序号:1：=>68 12 00 41 00 00 00 00 00 7A 10 10 02 01 00 0A E8 16"                            File: Line:0 Function: Type:Debug:
DateTime:2026-09-14 15:10:55.538:"槽位2透传:688A008A006840000000000022600000010002013C006812004100000000007A10100201000AE8166216"                            File: Line:0 Function: Type:Debug:
DateTime:2026-09-14 15:10:55.538:"工装发送：68 8A 00 8A 00 68 40 00 00 00 00 00 22 60 00 00 01 00 02 01 3C 00 68 12 00 41 00 00 00 00 00 7A 10 10 02 01 00 0A E8 16 62 16"                            File: Line:0 Function: Type:Debug:
DateTime:2026-09-14 15:10:55.559:"工装接收：68 32 00 32 00 68 80 00 00 00 00 00 00 60 00 00 01 00 E1 16"                            File: Line:0 Function: Type:Debug:
DateTime:2026-09-14 15:10:55.559:"m_baRecvMsg:"                            File: Line:0 Function: Type:Debug:
DateTime:2026-09-14 15:10:55.559:"frameList.size():1"                            File: Line:0 Function: Type:Debug:
DateTime:2026-09-14 15:10:55.559:"进入报文解析"                            File: Line:0 Function: Type:Debug:
DateTime:2026-09-14 15:10:55.559:"68 32 00 32 00 68 80 00 00 00 00 00 00 60 00 00 01 00 E1 16"                            File: Line:0 Function: Type:Debug:
DateTime:2026-09-14 15:10:55.559:"解码完成，功能码: 1"                            File: Line:0 Function: Type:Debug:
DateTime:2026-09-14 15:10:55.560:"工装回复确认帧"                            File: Line:0 Function: Type:Debug:
DateTime:2026-09-14 15:10:55.703:"工装接收：68 C2 01 C2 01 68 80 00 00 00 00 00 22 60 00 00 01 00 02 61 00 68 61 00 83 00 00 00 00 00 7A 10 10 02 07 00 01 00 07 12 90 78 56 34 12 01 00 00 00 40 07 01 10 00 16 19 02 00 01 00 11 04 01 10 00 16 19 03 00 01 00 11 06 01 10 00 16 19 04 00 01 00 11 05 01 10 00 16 19 05 00 01 00 11 03 01 10 00 16 19 06 00 01 00 11 08 01 10 00 16 19 07 00 01 00 11 4D 16 DF 16"                            File: Line:0 Function: Type:Debug:
DateTime:2026-09-14 15:10:55.703:"m_baRecvMsg:"                            File: Line:0 Function: Type:Debug:
DateTime:2026-09-14 15:10:55.703:"frameList.size():1"                            File: Line:0 Function: Type:Debug:
DateTime:2026-09-14 15:10:55.703:"进入报文解析"                            File: Line:0 Function: Type:Debug:
DateTime:2026-09-14 15:10:55.703:"68 C2 01 C2 01 68 80 00 00 00 00 00 22 60 00 00 01 00 02 61 00 68 61 00 83 00 00 00 00 00 7A 10 10 02 07 00 01 00 07 12 90 78 56 34 12 01 00 00 00 40 07 01 10 00 16 19 02 00 01 00 11 04 01 10 00 16 19 03 00 01 00 11 06 01 10 00 16 19 04 00 01 00 11 05 01 10 00 16 19 05 00 01 00 11 03 01 10 00 16 19 06 00 01 00 11 08 01 10 00 16 19 07 00 01 00 11 4D 16 DF 16"                            File: Line:0 Function: Type:Debug:
DateTime:2026-09-14 15:10:55.703:"解码完成，功能码: 4"                            File: Line:0 Function: Type:Debug:
DateTime:2026-09-14 15:10:55.703:"工装接收到透传报文"                            File: Line:0 Function: Type:Debug:
DateTime:2026-09-14 15:10:55.703:"0261006861008300000000007A101002070001000712907856341201000000400701100016190200010011040110001619030001001106011000161904000100110501100016190500010011030110001619060001001108011000161907000100114D16"                            File: Line:0 Function: Type:Debug:
DateTime:2026-09-14 15:10:55.704:"透传报文内容:68 61 00 83 00 00 00 00 00 7a 10 10 02 07 00 01 00 07 12 90 78 56 34 12 01 00 00 00 40 07 01 10 00 16 19 02 00 01 00 11 04 01 10 00 16 19 03 00 01 00 11 06 01 10 00 16 19 04 00 01 00 11 05 01 10 00 16 19 05 00 01 00 11 03 01 10 00 16 19 06 00 01 00 11 08 01 10 00 16 19 07 00 01 00 11 4d 16"                            File: Line:0 Function: Type:Debug:
DateTime:2026-09-14 15:10:58.625:"uTimeSecond_ms:5000"                            File: Line:0 Function: Type:Debug:
DateTime:2026-09-14 15:10:58.625:"查找结果: iret=0, wStart=0, dwOutLen=97, dwStreamLen=97, dwFindPos=0"                            File: Line:0 Function: Type:Debug:
DateTime:2026-09-14 15:10:58.625:"Receive:<= 68 61 00 83 00 00 00 00 00 7A 10 10 02 07 00 01 00 07 12 90 78 56 34 12 01 00 00 00 40 07 01 10 00 16 19 02 00 01 00 11 04 01 10 00 16 19 03 00 01 00 11 06 01 10 00 16 19 04 00 01 00 11 05 01 10 00 16 19 05 00 01 00 11 03 01 10 00 16 19 06 00 01 00 11 08 01 10 00 16 19 07 00 01 00 11 4D 16"                            File: Line:0 Function: Type:Debug:
DateTime:2026-09-14 15:10:58.625:"解析：功能码-AFN=10H,Fn=21："                            File: Line:0 Function: Type:Debug:
DateTime:2026-09-14 15:10:58.625:"从节点总数量：7, 节点起始序号：1, 本次应答的从节点数量：7"                            File: Line:0 Function: Type:Debug:
DateTime:2026-09-14 15:10:58.625:"节点1信息：地址:123456789012, 节点标识:1, 代理节点标识:0, 节点层级:0, 节点角色:主节点（CCO）"                            File: Line:0 Function: Type:Debug:
DateTime:2026-09-14 15:10:58.625:"nAddr123456789012ptAddr191600100103"                            File: Line:0 Function: Type:Debug:
DateTime:2026-09-14 15:10:58.625:"nAddr123456789012ptAddr191600100104"                            File: Line:0 Function: Type:Debug:
DateTime:2026-09-14 15:10:58.625:"nAddr123456789012ptAddr191600100105"                            File: Line:0 Function: Type:Debug:
DateTime:2026-09-14 15:10:58.625:"nAddr123456789012ptAddr191600100106"                            File: Line:0 Function: Type:Debug:
DateTime:2026-09-14 15:10:58.625:"nAddr123456789012ptAddr191600100107"                            File: Line:0 Function: Type:Debug:
DateTime:2026-09-14 15:10:58.625:"nAddr123456789012ptAddr191600100108"                            File: Line:0 Function: Type:Debug:
DateTime:2026-09-14 15:10:58.625:"节点2信息：地址:191600100107, 节点标识:2, 代理节点标识:1, 节点层级:1, 节点角色:末梢节点（STA）"                            File: Line:0 Function: Type:Debug:
DateTime:2026-09-14 15:10:58.625:"nAddr191600100107ptAddr191600100103"                            File: Line:0 Function: Type:Debug:
DateTime:2026-09-14 15:10:58.625:"nAddr191600100107ptAddr191600100104"                            File: Line:0 Function: Type:Debug:
DateTime:2026-09-14 15:10:58.625:"nAddr191600100107ptAddr191600100105"                            File: Line:0 Function: Type:Debug:
DateTime:2026-09-14 15:10:58.625:"nAddr191600100107ptAddr191600100106"                            File: Line:0 Function: Type:Debug:
DateTime:2026-09-14 15:10:58.626:"nAddr191600100107ptAddr191600100107"                            File: Line:0 Function: Type:Debug:
DateTime:2026-09-14 15:10:58.626:"入网成功数量：1，总数量：6"                            File: Line:0 Function: Type:Debug:
DateTime:2026-09-14 15:10:58.626:"节点3信息：地址:191600100104, 节点标识:3, 代理节点标识:1, 节点层级:1, 节点角色:末梢节点（STA）"                            File: Line:0 Function: Type:Debug:
DateTime:2026-09-14 15:10:58.626:"nAddr191600100104ptAddr191600100103"                            File: Line:0 Function: Type:Debug:
DateTime:2026-09-14 15:10:58.626:"nAddr191600100104ptAddr191600100104"                            File: Line:0 Function: Type:Debug:
DateTime:2026-09-14 15:10:58.626:"入网成功数量：2，总数量：6"                            File: Line:0 Function: Type:Debug:
DateTime:2026-09-14 15:10:58.626:"节点4信息：地址:191600100106, 节点标识:4, 代理节点标识:1, 节点层级:1, 节点角色:末梢节点（STA）"                            File: Line:0 Function: Type:Debug:
DateTime:2026-09-14 15:10:58.626:"nAddr191600100106ptAddr191600100103"                            File: Line:0 Function: Type:Debug:
DateTime:2026-09-14 15:10:58.626:"nAddr191600100106ptAddr191600100104"                            File: Line:0 Function: Type:Debug:
DateTime:2026-09-14 15:10:58.626:"nAddr191600100106ptAddr191600100105"                            File: Line:0 Function: Type:Debug:
DateTime:2026-09-14 15:10:58.626:"nAddr191600100106ptAddr191600100106"                            File: Line:0 Function: Type:Debug:
DateTime:2026-09-14 15:10:58.626:"入网成功数量：3，总数量：6"                            File: Line:0 Function: Type:Debug:
DateTime:2026-09-14 15:10:58.626:"节点5信息：地址:191600100105, 节点标识:5, 代理节点标识:1, 节点层级:1, 节点角色:末梢节点（STA）"                            File: Line:0 Function: Type:Debug:
DateTime:2026-09-14 15:10:58.626:"nAddr191600100105ptAddr191600100103"                            File: Line:0 Function: Type:Debug:
DateTime:2026-09-14 15:10:58.626:"nAddr191600100105ptAddr191600100104"                            File: Line:0 Function: Type:Debug:
DateTime:2026-09-14 15:10:58.626:"nAddr191600100105ptAddr191600100105"                            File: Line:0 Function: Type:Debug:
DateTime:2026-09-14 15:10:58.626:"入网成功数量：4，总数量：6"                            File: Line:0 Function: Type:Debug:
DateTime:2026-09-14 15:10:58.626:"节点6信息：地址:191600100103, 节点标识:6, 代理节点标识:1, 节点层级:1, 节点角色:末梢节点（STA）"                            File: Line:0 Function: Type:Debug:
DateTime:2026-09-14 15:10:58.626:"nAddr191600100103ptAddr191600100103"                            File: Line:0 Function: Type:Debug:
DateTime:2026-09-14 15:10:58.626:"入网成功数量：5，总数量：6"                            File: Line:0 Function: Type:Debug:
DateTime:2026-09-14 15:10:58.626:"节点7信息：地址:191600100108, 节点标识:7, 代理节点标识:1, 节点层级:1, 节点角色:末梢节点（STA）"                            File: Line:0 Function: Type:Debug:
DateTime:2026-09-14 15:10:58.626:"nAddr191600100108ptAddr191600100103"                            File: Line:0 Function: Type:Debug:
DateTime:2026-09-14 15:10:58.626:"nAddr191600100108ptAddr191600100104"                            File: Line:0 Function: Type:Debug:
DateTime:2026-09-14 15:10:58.626:"nAddr191600100108ptAddr191600100105"                            File: Line:0 Function: Type:Debug:
DateTime:2026-09-14 15:10:58.626:"nAddr191600100108ptAddr191600100106"                            File: Line:0 Function: Type:Debug:
DateTime:2026-09-14 15:10:58.627:"nAddr191600100108ptAddr191600100107"                            File: Line:0 Function: Type:Debug:
DateTime:2026-09-14 15:10:58.627:"nAddr191600100108ptAddr191600100108"                            File: Line:0 Function: Type:Debug:
DateTime:2026-09-14 15:10:58.627:"入网成功数量：6，总数量：6"                            File: Line:0 Function: Type:Debug:
DateTime:2026-09-14 15:10:58.638:"全部节点入网成功，总数量：6, 成功率：100%"                            File: Line:0 Function: Type:Debug:
DateTime:2026-09-14 15:11:58.639:"节点入网成功率：100%，总数量：6，成功数量：6，失败数量：0"                            File: Line:0 Function: Type:Debug:
DateTime:2026-09-14 15:11:58.739:dll输出信息: ""                            File: Line:0 Function: Type:Debug:
DateTime:2026-09-14 15:11:58.739:接口函数调用成功，返回的结果为 0                            File: Line:0 Function: Type:Debug:
DateTime:2026-09-14 15:11:58.739:"外部传入的para：0，返回的result：0,返回的pValRet：0"                            File: Line:0 Function: Type:Debug:
DateTime:2026-09-14 15:11:58.739:"执行接口函数CCO_Func_FormNetWork完成"                            File: Line:0 Function: Type:Debug:
DateTime:2026-09-14 15:11:58.740:coorIndex 0                            File: Line:0 Function: Type:Debug:
DateTime:2026-09-14 15:11:58.740:当前流程结束                            File: Line:0 Function: Type:Debug:
DateTime:2026-09-14 15:11:58.740:退出connect函数                            File: Line:0 Function: Type:Debug:
DateTime:2026-09-14 15:11:58.740:"=========【Step5-组网测试】结束=========="                            File: Line:0 Function: Type:Debug:
DateTime:2026-09-14 15:11:58.740:"-----------------------------"                            File: Line:0 Function: Type:Debug:
DateTime:2026-09-14 15:11:58.744:"=============执行【执行延时】==================="                            File: Line:0 Function: Type:Debug:
DateTime:2026-09-14 15:11:58.744:"执行接口函数Func_Delay"                            File: Line:0 Function: Type:Debug:
DateTime:2026-09-14 15:11:58.744:callWorkFunction: Func_Delay                            File: Line:0 Function: Type:Debug:
DateTime:2026-09-14 15:11:58.744:找到对应函数，进入执行                            File: Line:0 Function: Type:Debug:
DateTime:2026-09-14 15:11:58.744:"延时时间为30s"                            File: Line:0 Function: Type:Debug:
DateTime:2026-09-14 15:11:58.744:"uTimeSecond_ms:30000"                            File: Line:0 Function: Type:Debug:
DateTime:2026-09-14 15:12:01.766:"等待工装回复超时"                            File: Line:0 Function: Type:Debug:
DateTime:2026-09-14 15:12:04.788:"等待工装回复超时"                            File: Line:0 Function: Type:Debug:
DateTime:2026-09-14 15:12:07.810:"等待工装回复超时"                            File: Line:0 Function: Type:Debug:
DateTime:2026-09-14 15:12:10.832:"等待工装回复超时"                            File: Line:0 Function: Type:Debug:
DateTime:2026-09-14 15:12:13.854:"等待工装回复超时"                            File: Line:0 Function: Type:Debug:
DateTime:2026-09-14 15:12:16.876:"等待工装回复超时"                            File: Line:0 Function: Type:Debug:
DateTime:2026-09-14 15:12:19.898:"等待工装回复超时"                            File: Line:0 Function: Type:Debug:
DateTime:2026-09-14 15:12:22.920:"等待工装回复超时"                            File: Line:0 Function: Type:Debug:
DateTime:2026-09-14 15:12:25.942:"等待工装回复超时"                            File: Line:0 Function: Type:Debug:
DateTime:2026-09-14 15:12:28.963:"等待工装回复超时"                            File: Line:0 Function: Type:Debug:
DateTime:2026-09-14 15:12:28.963:"延时时间到"                            File: Line:0 Function: Type:Debug:
DateTime:2026-09-14 15:12:29.064:dll输出信息: ""                            File: Line:0 Function: Type:Debug:
DateTime:2026-09-14 15:12:29.064:接口函数调用成功，返回的结果为 0                            File: Line:0 Function: Type:Debug:
DateTime:2026-09-14 15:12:29.064:"外部传入的para：0，返回的result：0,返回的pValRet：0"                            File: Line:0 Function: Type:Debug:
DateTime:2026-09-14 15:12:29.064:"执行接口函数Func_Delay完成"                            File: Line:0 Function: Type:Debug:
DateTime:2026-09-14 15:12:29.064:coorIndex 0                            File: Line:0 Function: Type:Debug:
DateTime:2026-09-14 15:12:29.064:当前流程结束                            File: Line:0 Function: Type:Debug:
DateTime:2026-09-14 15:12:29.064:退出connect函数                            File: Line:0 Function: Type:Debug:
DateTime:2026-09-14 15:12:29.064:"=========【执行延时】结束=========="                            File: Line:0 Function: Type:Debug:
DateTime:2026-09-14 15:12:29.064:"-----------------------------"                            File: Line:0 Function: Type:Debug:
DateTime:2026-09-14 15:12:29.065:"=============执行【Step6-AFN55F7结束任务】==================="                            File: Line:0 Function: Type:Debug:
DateTime:2026-09-14 15:12:29.066:"执行接口函数CCO_AFN55_F7"                            File: Line:0 Function: Type:Debug:
DateTime:2026-09-14 15:12:29.066:callWorkFunction: CCO_AFN55_F7                            File: Line:0 Function: Type:Debug:
DateTime:2026-09-14 15:12:29.066:找到对应函数，进入执行                            File: Line:0 Function: Type:Debug:
DateTime:2026-09-14 15:12:29.570:"等待工装回复超时"                            File: Line:0 Function: Type:Debug:
DateTime:2026-09-14 15:12:29.570:"开始组帧"                            File: Line:0 Function: Type:Debug:
DateTime:2026-09-14 15:12:29.570:"组帧结束"                            File: Line:0 Function: Type:Debug:
DateTime:2026-09-14 15:12:29.570:"367.2Send:结束当前任务(55H-F7)：=>68 0F 00 43 00 00 00 00 00 7B 55 40 00 53 16"                            File: Line:0 Function: Type:Debug:
DateTime:2026-09-14 15:12:29.570:"槽位2透传:687E007E006840000000000022600000010002013C00680F004300000000007B55400053163516"                            File: Line:0 Function: Type:Debug:
DateTime:2026-09-14 15:12:29.570:"工装发送：68 7E 00 7E 00 68 40 00 00 00 00 00 22 60 00 00 01 00 02 01 3C 00 68 0F 00 43 00 00 00 00 00 7B 55 40 00 53 16 35 16"                            File: Line:0 Function: Type:Debug:
DateTime:2026-09-14 15:12:29.588:"工装接收：68 32 00 32 00 68 80 00 00 00 00 00 00 60 00 00 01 00 E1 16"                            File: Line:0 Function: Type:Debug:
DateTime:2026-09-14 15:12:29.588:"m_baRecvMsg:"                            File: Line:0 Function: Type:Debug:
DateTime:2026-09-14 15:12:29.588:"frameList.size():1"                            File: Line:0 Function: Type:Debug:
DateTime:2026-09-14 15:12:29.588:"进入报文解析"                            File: Line:0 Function: Type:Debug:
DateTime:2026-09-14 15:12:29.588:"68 32 00 32 00 68 80 00 00 00 00 00 00 60 00 00 01 00 E1 16"                            File: Line:0 Function: Type:Debug:
DateTime:2026-09-14 15:12:29.588:"解码完成，功能码: 1"                            File: Line:0 Function: Type:Debug:
DateTime:2026-09-14 15:12:29.588:"工装回复确认帧"                            File: Line:0 Function: Type:Debug:
DateTime:2026-09-14 15:12:29.643:"工装接收：68 7A 00 7A 00 68 80 00 00 00 00 00 22 60 00 00 01 00 02 0F 00 68 0F 00 80 00 00 00 00 00 7B 50 01 00 4C 16 39 16"                            File: Line:0 Function: Type:Debug:
DateTime:2026-09-14 15:12:29.643:"m_baRecvMsg:"                            File: Line:0 Function: Type:Debug:
DateTime:2026-09-14 15:12:29.643:"frameList.size():1"                            File: Line:0 Function: Type:Debug:
DateTime:2026-09-14 15:12:29.643:"进入报文解析"                            File: Line:0 Function: Type:Debug:
DateTime:2026-09-14 15:12:29.643:"68 7A 00 7A 00 68 80 00 00 00 00 00 22 60 00 00 01 00 02 0F 00 68 0F 00 80 00 00 00 00 00 7B 50 01 00 4C 16 39 16"                            File: Line:0 Function: Type:Debug:
DateTime:2026-09-14 15:12:29.643:"解码完成，功能码: 4"                            File: Line:0 Function: Type:Debug:
DateTime:2026-09-14 15:12:29.643:"工装接收到透传报文"                            File: Line:0 Function: Type:Debug:
DateTime:2026-09-14 15:12:29.643:"020F00680F008000000000007B5001004C16"                            File: Line:0 Function: Type:Debug:
DateTime:2026-09-14 15:12:29.643:"透传报文内容:68 0f 00 80 00 00 00 00 00 7b 50 01 00 4c 16"                            File: Line:0 Function: Type:Debug:
DateTime:2026-09-14 15:12:32.665:"uTimeSecond_ms:5000"                            File: Line:0 Function: Type:Debug:
DateTime:2026-09-14 15:12:32.665:"查找结果: iret=0, wStart=0, dwOutLen=15, dwStreamLen=15, dwFindPos=0"                            File: Line:0 Function: Type:Debug:
DateTime:2026-09-14 15:12:32.665:"Receive:<= 68 0F 00 80 00 00 00 00 00 7B 50 01 00 4C 16"                            File: Line:0 Function: Type:Debug:
DateTime:2026-09-14 15:12:32.665:"解析：功能码-AFN=50H,Fn=1："                            File: Line:0 Function: Type:Debug:
DateTime:2026-09-14 15:12:32.665:"结束当前任务成功"                            File: Line:0 Function: Type:Debug:
DateTime:2026-09-14 15:12:32.665:dll输出信息: ""                            File: Line:0 Function: Type:Debug:
DateTime:2026-09-14 15:12:32.665:接口函数调用成功，返回的结果为 0                            File: Line:0 Function: Type:Debug:
DateTime:2026-09-14 15:12:32.665:"外部传入的para：0，返回的result：0,返回的pValRet：0"                            File: Line:0 Function: Type:Debug:
DateTime:2026-09-14 15:12:32.665:"执行接口函数CCO_AFN55_F7完成"                            File: Line:0 Function: Type:Debug:
DateTime:2026-09-14 15:12:32.666:coorIndex 0                            File: Line:0 Function: Type:Debug:
DateTime:2026-09-14 15:12:32.666:当前流程结束                            File: Line:0 Function: Type:Debug:
DateTime:2026-09-14 15:12:32.666:退出connect函数                            File: Line:0 Function: Type:Debug:
DateTime:2026-09-14 15:12:32.666:"=========【Step6-AFN55F7结束任务】结束=========="                            File: Line:0 Function: Type:Debug:
DateTime:2026-09-14 15:12:32.666:"-----------------------------"                            File: Line:0 Function: Type:Debug:
DateTime:2026-09-14 15:12:32.669:"=============执行【Step7-点抄各表】==================="                            File: Line:0 Function: Type:Debug:
DateTime:2026-09-14 15:12:32.669:"执行接口函数CCO_Func_ReadMeter_AFN52F1"                            File: Line:0 Function: Type:Debug:
DateTime:2026-09-14 15:12:32.670:callWorkFunction: CCO_Func_ReadMeter_AFN52F1                            File: Line:0 Function: Type:Debug:
DateTime:2026-09-14 15:12:32.670:找到对应函数，进入执行                            File: Line:0 Function: Type:Debug:
DateTime:2026-09-14 15:12:33.173:"等待工装回复超时"                            File: Line:0 Function: Type:Debug:
DateTime:2026-09-14 15:12:33.173:"开始组帧"                            File: Line:0 Function: Type:Debug:
DateTime:2026-09-14 15:12:33.173:"组帧结束"                            File: Line:0 Function: Type:Debug:
DateTime:2026-09-14 15:12:33.173:"367.2Send:结束当前任务(55H-F7)：=>68 0F 00 43 00 00 00 00 00 7C 55 40 00 54 16"                            File: Line:0 Function: Type:Debug:
DateTime:2026-09-14 15:12:33.173:"槽位2透传:687E007E006840000000000022600000010002013C00680F004300000000007C55400054163716"                            File: Line:0 Function: Type:Debug:
DateTime:2026-09-14 15:12:33.173:"工装发送：68 7E 00 7E 00 68 40 00 00 00 00 00 22 60 00 00 01 00 02 01 3C 00 68 0F 00 43 00 00 00 00 00 7C 55 40 00 54 16 37 16"                            File: Line:0 Function: Type:Debug:
DateTime:2026-09-14 15:12:33.191:"工装接收：68 32 00 32 00 68 80 00 00 00 00 00 00 60 00 00 01 00 E1 16"                            File: Line:0 Function: Type:Debug:
DateTime:2026-09-14 15:12:33.191:"m_baRecvMsg:"                            File: Line:0 Function: Type:Debug:
DateTime:2026-09-14 15:12:33.191:"frameList.size():1"                            File: Line:0 Function: Type:Debug:
DateTime:2026-09-14 15:12:33.191:"进入报文解析"                            File: Line:0 Function: Type:Debug:
DateTime:2026-09-14 15:12:33.191:"68 32 00 32 00 68 80 00 00 00 00 00 00 60 00 00 01 00 E1 16"                            File: Line:0 Function: Type:Debug:
DateTime:2026-09-14 15:12:33.191:"解码完成，功能码: 1"                            File: Line:0 Function: Type:Debug:
DateTime:2026-09-14 15:12:33.191:"工装回复确认帧"                            File: Line:0 Function: Type:Debug:
DateTime:2026-09-14 15:12:33.238:"工装接收：68 7A 00 7A 00 68 80 00 00 00 00 00 22 60 00 00 01 00 02 0F 00 68 0F 00 80 00 00 00 00 00 7C 50 01 00 4D 16 3B 16"                            File: Line:0 Function: Type:Debug:
DateTime:2026-09-14 15:12:33.238:"m_baRecvMsg:"                            File: Line:0 Function: Type:Debug:
DateTime:2026-09-14 15:12:33.238:"frameList.size():1"                            File: Line:0 Function: Type:Debug:
DateTime:2026-09-14 15:12:33.238:"进入报文解析"                            File: Line:0 Function: Type:Debug:
DateTime:2026-09-14 15:12:33.238:"68 7A 00 7A 00 68 80 00 00 00 00 00 22 60 00 00 01 00 02 0F 00 68 0F 00 80 00 00 00 00 00 7C 50 01 00 4D 16 3B 16"                            File: Line:0 Function: Type:Debug:
DateTime:2026-09-14 15:12:33.238:"解码完成，功能码: 4"                            File: Line:0 Function: Type:Debug:
DateTime:2026-09-14 15:12:33.238:"工装接收到透传报文"                            File: Line:0 Function: Type:Debug:
DateTime:2026-09-14 15:12:33.238:"020F00680F008000000000007C5001004D16"                            File: Line:0 Function: Type:Debug:
DateTime:2026-09-14 15:12:33.238:"透传报文内容:68 0f 00 80 00 00 00 00 00 7c 50 01 00 4d 16"                            File: Line:0 Function: Type:Debug:
DateTime:2026-09-14 15:12:36.260:"uTimeSecond_ms:5000"                            File: Line:0 Function: Type:Debug:
DateTime:2026-09-14 15:12:36.260:"查找结果: iret=0, wStart=0, dwOutLen=15, dwStreamLen=15, dwFindPos=0"                            File: Line:0 Function: Type:Debug:
DateTime:2026-09-14 15:12:36.260:"Receive:<= 68 0F 00 80 00 00 00 00 00 7C 50 01 00 4D 16"                            File: Line:0 Function: Type:Debug:
DateTime:2026-09-14 15:12:36.260:"解析：功能码-AFN=50H,Fn=1："                            File: Line:0 Function: Type:Debug:
DateTime:2026-09-14 15:12:36.260:"结束当前任务成功"                            File: Line:0 Function: Type:Debug:
DateTime:2026-09-14 15:12:36.260:"开始抄读：191600100103"                            File: Line:0 Function: Type:Debug:
DateTime:2026-09-14 15:12:36.764:"等待工装回复超时"                            File: Line:0 Function: Type:Debug:
DateTime:2026-09-14 15:12:36.764:"开始组帧"                            File: Line:0 Function: Type:Debug:
DateTime:2026-09-14 15:12:36.764:"组帧结束"                            File: Line:0 Function: Type:Debug:
DateTime:2026-09-14 15:12:36.764:"367.2Send:数据转发载波从节点52H-F1:：=>68 2B 00 43 00 00 00 00 00 7D 52 01 00 03 03 01 10 00 16 19 6B 8A E8 10 00 68 03 01 10 00 16 19 68 11 04 33 33 34 33 F5 16 46 16"                            File: Line:0 Function: Type:Debug:
DateTime:2026-09-14 15:12:36.764:"槽位2透传:68EE00EE006840000000000022600000010002013C00682B004300000000007D520100030301100016196B8AE810006803011000161968110433333433F51646163716"                            File: Line:0 Function: Type:Debug:
DateTime:2026-09-14 15:12:36.764:"工装发送：68 EE 00 EE 00 68 40 00 00 00 00 00 22 60 00 00 01 00 02 01 3C 00 68 2B 00 43 00 00 00 00 00 7D 52 01 00 03 03 01 10 00 16 19 6B 8A E8 10 00 68 03 01 10 00 16 19 68 11 04 33 33 34 33 F5 16 46 16 37 16"                            File: Line:0 Function: Type:Debug:
DateTime:2026-09-14 15:12:36.813:"工装接收：68 32 00 32 00 68 80 00 00 00 00 00 00 60 00 00 01 00 E1 16"                            File: Line:0 Function: Type:Debug:
DateTime:2026-09-14 15:12:36.813:"m_baRecvMsg:"                            File: Line:0 Function: Type:Debug:
DateTime:2026-09-14 15:12:36.813:"frameList.size():1"                            File: Line:0 Function: Type:Debug:
DateTime:2026-09-14 15:12:36.813:"进入报文解析"                            File: Line:0 Function: Type:Debug:
DateTime:2026-09-14 15:12:36.813:"68 32 00 32 00 68 80 00 00 00 00 00 00 60 00 00 01 00 E1 16"                            File: Line:0 Function: Type:Debug:
DateTime:2026-09-14 15:12:36.813:"解码完成，功能码: 1"                            File: Line:0 Function: Type:Debug:
DateTime:2026-09-14 15:12:36.814:"工装回复确认帧"                            File: Line:0 Function: Type:Debug:
DateTime:2026-09-14 15:12:38.454:"工装接收：68 EE 00 EE 00 68 80 00 00 00 00 00 22 60 00 00 01 00 02 2C 00 68 2C 00 80 00 00 00 00 00 7D 52 01 00 03 03 01 10 00 16 19 14 00 68 03 01 10 00 16 19 68 91 08 33 33 34 33 C3 33 33 33 D5 16 6A 16 AF 16"                            File: Line:0 Function: Type:Debug:
DateTime:2026-09-14 15:12:38.454:"m_baRecvMsg:"                            File: Line:0 Function: Type:Debug:
DateTime:2026-09-14 15:12:38.454:"frameList.size():1"                            File: Line:0 Function: Type:Debug:
DateTime:2026-09-14 15:12:38.454:"进入报文解析"                            File: Line:0 Function: Type:Debug:
DateTime:2026-09-14 15:12:38.454:"68 EE 00 EE 00 68 80 00 00 00 00 00 22 60 00 00 01 00 02 2C 00 68 2C 00 80 00 00 00 00 00 7D 52 01 00 03 03 01 10 00 16 19 14 00 68 03 01 10 00 16 19 68 91 08 33 33 34 33 C3 33 33 33 D5 16 6A 16 AF 16"                            File: Line:0 Function: Type:Debug:
DateTime:2026-09-14 15:12:38.454:"解码完成，功能码: 4"                            File: Line:0 Function: Type:Debug:
DateTime:2026-09-14 15:12:38.454:"工装接收到透传报文"                            File: Line:0 Function: Type:Debug:
DateTime:2026-09-14 15:12:38.454:"022C00682C008000000000007D5201000303011000161914006803011000161968910833333433C3333333D5166A16"                            File: Line:0 Function: Type:Debug:
DateTime:2026-09-14 15:12:38.454:"透传报文内容:68 2c 00 80 00 00 00 00 00 7d 52 01 00 03 03 01 10 00 16 19 14 00 68 03 01 10 00 16 19 68 91 08 33 33 34 33 c3 33 33 33 d5 16 6a 16"                            File: Line:0 Function: Type:Debug:
DateTime:2026-09-14 15:12:39.765:"uTimeSecond_ms:30000"                            File: Line:0 Function: Type:Debug:
DateTime:2026-09-14 15:12:39.765:"查找结果: iret=0, wStart=0, dwOutLen=44, dwStreamLen=44, dwFindPos=0"                            File: Line:0 Function: Type:Debug:
DateTime:2026-09-14 15:12:39.765:"Receive:<= 68 2C 00 80 00 00 00 00 00 7D 52 01 00 03 03 01 10 00 16 19 14 00 68 03 01 10 00 16 19 68 91 08 33 33 34 33 C3 33 33 33 D5 16 6A 16"                            File: Line:0 Function: Type:Debug:
DateTime:2026-09-14 15:12:39.765:"解析：功能码-AFN=52H,Fn=1："                            File: Line:0 Function: Type:Debug:
DateTime:2026-09-14 15:12:39.765:"DL/T645-2007协议 回复报文信息：控制码：91，数据标识：00010000，数据域(需倒序解析)：90000000"                            File: Line:0 Function: Type:Debug:
DateTime:2026-09-14 15:12:39.765:"191600100103抄读成功"                            File: Line:0 Function: Type:Debug:
DateTime:2026-09-14 15:12:39.765:"抄读成功数量：1"                            File: Line:0 Function: Type:Debug:
DateTime:2026-09-14 15:12:39.765:"开始抄读：191600100104"                            File: Line:0 Function: Type:Debug:
DateTime:2026-09-14 15:12:40.268:"等待工装回复超时"                            File: Line:0 Function: Type:Debug:
DateTime:2026-09-14 15:12:40.268:"开始组帧"                            File: Line:0 Function: Type:Debug:
DateTime:2026-09-14 15:12:40.268:"组帧结束"                            File: Line:0 Function: Type:Debug:
DateTime:2026-09-14 15:12:40.268:"367.2Send:数据转发载波从节点52H-F1:：=>68 2B 00 43 00 00 00 00 00 7E 52 01 00 03 04 01 10 00 16 19 6B 8A E8 10 00 68 04 01 10 00 16 19 68 11 04 33 33 34 33 F6 16 4A 16"                            File: Line:0 Function: Type:Debug:
DateTime:2026-09-14 15:12:40.268:"槽位2透传:68EE00EE006840000000000022600000010002013C00682B004300000000007E520100030401100016196B8AE810006804011000161968110433333433F6164A163F16"                            File: Line:0 Function: Type:Debug:
DateTime:2026-09-14 15:12:40.268:"工装发送：68 EE 00 EE 00 68 40 00 00 00 00 00 22 60 00 00 01 00 02 01 3C 00 68 2B 00 43 00 00 00 00 00 7E 52 01 00 03 04 01 10 00 16 19 6B 8A E8 10 00 68 04 01 10 00 16 19 68 11 04 33 33 34 33 F6 16 4A 16 3F 16"                            File: Line:0 Function: Type:Debug:
DateTime:2026-09-14 15:12:40.318:"工装接收：68 32 00 32 00 68 80 00 00 00 00 00 00 60 00 00 01 00 E1 16"                            File: Line:0 Function: Type:Debug:
DateTime:2026-09-14 15:12:40.318:"m_baRecvMsg:"                            File: Line:0 Function: Type:Debug:
DateTime:2026-09-14 15:12:40.318:"frameList.size():1"                            File: Line:0 Function: Type:Debug:
DateTime:2026-09-14 15:12:40.318:"进入报文解析"                            File: Line:0 Function: Type:Debug:
DateTime:2026-09-14 15:12:40.318:"68 32 00 32 00 68 80 00 00 00 00 00 00 60 00 00 01 00 E1 16"                            File: Line:0 Function: Type:Debug:
DateTime:2026-09-14 15:12:40.318:"解码完成，功能码: 1"                            File: Line:0 Function: Type:Debug:
DateTime:2026-09-14 15:12:40.318:"工装回复确认帧"                            File: Line:0 Function: Type:Debug:
DateTime:2026-09-14 15:12:40.669:"工装接收：68 EE 00 EE 00 68 80 00 00 00 00 00 22 60 00 00 01 00 02 2C 00 68 2C 00 80 00 00 00 00 00 7E 52 01 00 03 04 01 10 00 16 19 14 00 68 04 01 10 00 16 19 68 91 08 33 33 34 33 C4 33 33 33 D7 16 70 16 BB 16"                            File: Line:0 Function: Type:Debug:
DateTime:2026-09-14 15:12:40.669:"m_baRecvMsg:"                            File: Line:0 Function: Type:Debug:
DateTime:2026-09-14 15:12:40.669:"frameList.size():1"                            File: Line:0 Function: Type:Debug:
DateTime:2026-09-14 15:12:40.669:"进入报文解析"                            File: Line:0 Function: Type:Debug:
DateTime:2026-09-14 15:12:40.669:"68 EE 00 EE 00 68 80 00 00 00 00 00 22 60 00 00 01 00 02 2C 00 68 2C 00 80 00 00 00 00 00 7E 52 01 00 03 04 01 10 00 16 19 14 00 68 04 01 10 00 16 19 68 91 08 33 33 34 33 C4 33 33 33 D7 16 70 16 BB 16"                            File: Line:0 Function: Type:Debug:
DateTime:2026-09-14 15:12:40.669:"解码完成，功能码: 4"                            File: Line:0 Function: Type:Debug:
DateTime:2026-09-14 15:12:40.669:"工装接收到透传报文"                            File: Line:0 Function: Type:Debug:
DateTime:2026-09-14 15:12:40.670:"022C00682C008000000000007E5201000304011000161914006804011000161968910833333433C4333333D7167016"                            File: Line:0 Function: Type:Debug:
DateTime:2026-09-14 15:12:40.670:"透传报文内容:68 2c 00 80 00 00 00 00 00 7e 52 01 00 03 04 01 10 00 16 19 14 00 68 04 01 10 00 16 19 68 91 08 33 33 34 33 c4 33 33 33 d7 16 70 16"                            File: Line:0 Function: Type:Debug:
DateTime:2026-09-14 15:12:43.289:"uTimeSecond_ms:30000"                            File: Line:0 Function: Type:Debug:
DateTime:2026-09-14 15:12:43.289:"查找结果: iret=0, wStart=0, dwOutLen=44, dwStreamLen=44, dwFindPos=0"                            File: Line:0 Function: Type:Debug:
DateTime:2026-09-14 15:12:43.289:"Receive:<= 68 2C 00 80 00 00 00 00 00 7E 52 01 00 03 04 01 10 00 16 19 14 00 68 04 01 10 00 16 19 68 91 08 33 33 34 33 C4 33 33 33 D7 16 70 16"                            File: Line:0 Function: Type:Debug:
DateTime:2026-09-14 15:12:43.289:"解析：功能码-AFN=52H,Fn=1："                            File: Line:0 Function: Type:Debug:
DateTime:2026-09-14 15:12:43.289:"DL/T645-2007协议 回复报文信息：控制码：91，数据标识：00010000，数据域(需倒序解析)：91000000"                            File: Line:0 Function: Type:Debug:
DateTime:2026-09-14 15:12:43.289:"191600100104抄读成功"                            File: Line:0 Function: Type:Debug:
DateTime:2026-09-14 15:12:43.289:"抄读成功数量：2"                            File: Line:0 Function: Type:Debug:
DateTime:2026-09-14 15:12:43.289:"开始抄读：191600100105"                            File: Line:0 Function: Type:Debug:
DateTime:2026-09-14 15:12:43.793:"等待工装回复超时"                            File: Line:0 Function: Type:Debug:
DateTime:2026-09-14 15:12:43.793:"开始组帧"                            File: Line:0 Function: Type:Debug:
DateTime:2026-09-14 15:12:43.793:"组帧结束"                            File: Line:0 Function: Type:Debug:
DateTime:2026-09-14 15:12:43.793:"367.2Send:数据转发载波从节点52H-F1:：=>68 2B 00 43 00 00 00 00 00 7F 52 01 00 03 05 01 10 00 16 19 6B 8A E8 10 00 68 05 01 10 00 16 19 68 11 04 33 33 34 33 F7 16 4E 16"                            File: Line:0 Function: Type:Debug:
DateTime:2026-09-14 15:12:43.793:"槽位2透传:68EE00EE006840000000000022600000010002013C00682B004300000000007F520100030501100016196B8AE810006805011000161968110433333433F7164E164716"                            File: Line:0 Function: Type:Debug:
DateTime:2026-09-14 15:12:43.793:"工装发送：68 EE 00 EE 00 68 40 00 00 00 00 00 22 60 00 00 01 00 02 01 3C 00 68 2B 00 43 00 00 00 00 00 7F 52 01 00 03 05 01 10 00 16 19 6B 8A E8 10 00 68 05 01 10 00 16 19 68 11 04 33 33 34 33 F7 16 4E 16 47 16"                            File: Line:0 Function: Type:Debug:
DateTime:2026-09-14 15:12:43.843:"工装接收：68 32 00 32 00 68 80 00 00 00 00 00 00 60 00 00 01 00 E1 16"                            File: Line:0 Function: Type:Debug:
DateTime:2026-09-14 15:12:43.843:"m_baRecvMsg:"                            File: Line:0 Function: Type:Debug:
DateTime:2026-09-14 15:12:43.843:"frameList.size():1"                            File: Line:0 Function: Type:Debug:
DateTime:2026-09-14 15:12:43.843:"进入报文解析"                            File: Line:0 Function: Type:Debug:
DateTime:2026-09-14 15:12:43.843:"68 32 00 32 00 68 80 00 00 00 00 00 00 60 00 00 01 00 E1 16"                            File: Line:0 Function: Type:Debug:
DateTime:2026-09-14 15:12:43.844:"解码完成，功能码: 1"                            File: Line:0 Function: Type:Debug:
DateTime:2026-09-14 15:12:43.844:"工装回复确认帧"                            File: Line:0 Function: Type:Debug:
DateTime:2026-09-14 15:12:44.454:"工装接收：68 EE 00 EE 00 68 80 00 00 00 00 00 22 60 00 00 01 00 02 2C 00 68 2C 00 80 00 00 00 00 00 7F 52 01 00 03 05 01 10 00 16 19 14 00 68 05 01 10 00 16 19 68 91 08 33 33 34 33 C5 33 33 33 D9 16 76 16 C7 16"                            File: Line:0 Function: Type:Debug:
DateTime:2026-09-14 15:12:44.454:"m_baRecvMsg:"                            File: Line:0 Function: Type:Debug:
DateTime:2026-09-14 15:12:44.454:"frameList.size():1"                            File: Line:0 Function: Type:Debug:
DateTime:2026-09-14 15:12:44.454:"进入报文解析"                            File: Line:0 Function: Type:Debug:
DateTime:2026-09-14 15:12:44.454:"68 EE 00 EE 00 68 80 00 00 00 00 00 22 60 00 00 01 00 02 2C 00 68 2C 00 80 00 00 00 00 00 7F 52 01 00 03 05 01 10 00 16 19 14 00 68 05 01 10 00 16 19 68 91 08 33 33 34 33 C5 33 33 33 D9 16 76 16 C7 16"                            File: Line:0 Function: Type:Debug:
DateTime:2026-09-14 15:12:44.454:"解码完成，功能码: 4"                            File: Line:0 Function: Type:Debug:
DateTime:2026-09-14 15:12:44.454:"工装接收到透传报文"                            File: Line:0 Function: Type:Debug:
DateTime:2026-09-14 15:12:44.454:"022C00682C008000000000007F5201000305011000161914006805011000161968910833333433C5333333D9167616"                            File: Line:0 Function: Type:Debug:
DateTime:2026-09-14 15:12:44.454:"透传报文内容:68 2c 00 80 00 00 00 00 00 7f 52 01 00 03 05 01 10 00 16 19 14 00 68 05 01 10 00 16 19 68 91 08 33 33 34 33 c5 33 33 33 d9 16 76 16"                            File: Line:0 Function: Type:Debug:
DateTime:2026-09-14 15:12:46.872:"uTimeSecond_ms:30000"                            File: Line:0 Function: Type:Debug:
DateTime:2026-09-14 15:12:46.872:"查找结果: iret=0, wStart=0, dwOutLen=44, dwStreamLen=44, dwFindPos=0"                            File: Line:0 Function: Type:Debug:
DateTime:2026-09-14 15:12:46.872:"Receive:<= 68 2C 00 80 00 00 00 00 00 7F 52 01 00 03 05 01 10 00 16 19 14 00 68 05 01 10 00 16 19 68 91 08 33 33 34 33 C5 33 33 33 D9 16 76 16"                            File: Line:0 Function: Type:Debug:
DateTime:2026-09-14 15:12:46.872:"解析：功能码-AFN=52H,Fn=1："                            File: Line:0 Function: Type:Debug:
DateTime:2026-09-14 15:12:46.872:"DL/T645-2007协议 回复报文信息：控制码：91，数据标识：00010000，数据域(需倒序解析)：92000000"                            File: Line:0 Function: Type:Debug:
DateTime:2026-09-14 15:12:46.872:"191600100105抄读成功"                            File: Line:0 Function: Type:Debug:
DateTime:2026-09-14 15:12:46.872:"抄读成功数量：3"                            File: Line:0 Function: Type:Debug:
DateTime:2026-09-14 15:12:46.872:"开始抄读：191600100106"                            File: Line:0 Function: Type:Debug:
DateTime:2026-09-14 15:12:47.375:"等待工装回复超时"                            File: Line:0 Function: Type:Debug:
DateTime:2026-09-14 15:12:47.375:"开始组帧"                            File: Line:0 Function: Type:Debug:
DateTime:2026-09-14 15:12:47.375:"组帧结束"                            File: Line:0 Function: Type:Debug:
DateTime:2026-09-14 15:12:47.375:"367.2Send:数据转发载波从节点52H-F1:：=>68 2B 00 43 00 00 00 00 00 80 52 01 00 03 06 01 10 00 16 19 6B 8A E8 10 00 68 06 01 10 00 16 19 68 11 04 33 33 34 33 F8 16 52 16"                            File: Line:0 Function: Type:Debug:
DateTime:2026-09-14 15:12:47.375:"槽位2透传:68EE00EE006840000000000022600000010002013C00682B0043000000000080520100030601100016196B8AE810006806011000161968110433333433F81652164F16"                            File: Line:0 Function: Type:Debug:
DateTime:2026-09-14 15:12:47.375:"工装发送：68 EE 00 EE 00 68 40 00 00 00 00 00 22 60 00 00 01 00 02 01 3C 00 68 2B 00 43 00 00 00 00 00 80 52 01 00 03 06 01 10 00 16 19 6B 8A E8 10 00 68 06 01 10 00 16 19 68 11 04 33 33 34 33 F8 16 52 16 4F 16"                            File: Line:0 Function: Type:Debug:
DateTime:2026-09-14 15:12:47.425:"工装接收：68 32 00 32 00 68 80 00 00 00 00 00 00 60 00 00 01 00 E1 16"                            File: Line:0 Function: Type:Debug:
DateTime:2026-09-14 15:12:47.425:"m_baRecvMsg:"                            File: Line:0 Function: Type:Debug:
DateTime:2026-09-14 15:12:47.425:"frameList.size():1"                            File: Line:0 Function: Type:Debug:
DateTime:2026-09-14 15:12:47.425:"进入报文解析"                            File: Line:0 Function: Type:Debug:
DateTime:2026-09-14 15:12:47.425:"68 32 00 32 00 68 80 00 00 00 00 00 00 60 00 00 01 00 E1 16"                            File: Line:0 Function: Type:Debug:
DateTime:2026-09-14 15:12:47.425:"解码完成，功能码: 1"                            File: Line:0 Function: Type:Debug:
DateTime:2026-09-14 15:12:47.425:"工装回复确认帧"                            File: Line:0 Function: Type:Debug:
DateTime:2026-09-14 15:12:49.029:"工装接收：68 EE 00 EE 00 68 80 00 00 00 00 00 22 60 00 00 01 00 02 2C 00 68 2C 00 80 00 00 00 00 00 80 52 01 00 03 06 01 10 00 16 19 14 00 68 06 01 10 00 16 19 68 91 08 33 33 34 33 C6 33 33 33 DB 16 7C 16 D3 16"                            File: Line:0 Function: Type:Debug:
DateTime:2026-09-14 15:12:49.029:"m_baRecvMsg:"                            File: Line:0 Function: Type:Debug:
DateTime:2026-09-14 15:12:49.029:"frameList.size():1"                            File: Line:0 Function: Type:Debug:
DateTime:2026-09-14 15:12:49.029:"进入报文解析"                            File: Line:0 Function: Type:Debug:
DateTime:2026-09-14 15:12:49.029:"68 EE 00 EE 00 68 80 00 00 00 00 00 22 60 00 00 01 00 02 2C 00 68 2C 00 80 00 00 00 00 00 80 52 01 00 03 06 01 10 00 16 19 14 00 68 06 01 10 00 16 19 68 91 08 33 33 34 33 C6 33 33 33 DB 16 7C 16 D3 16"                            File: Line:0 Function: Type:Debug:
DateTime:2026-09-14 15:12:49.029:"解码完成，功能码: 4"                            File: Line:0 Function: Type:Debug:
DateTime:2026-09-14 15:12:49.029:"工装接收到透传报文"                            File: Line:0 Function: Type:Debug:
DateTime:2026-09-14 15:12:49.029:"022C00682C00800000000000805201000306011000161914006806011000161968910833333433C6333333DB167C16"                            File: Line:0 Function: Type:Debug:
DateTime:2026-09-14 15:12:49.029:"透传报文内容:68 2c 00 80 00 00 00 00 00 80 52 01 00 03 06 01 10 00 16 19 14 00 68 06 01 10 00 16 19 68 91 08 33 33 34 33 c6 33 33 33 db 16 7c 16"                            File: Line:0 Function: Type:Debug:
DateTime:2026-09-14 15:12:50.439:"uTimeSecond_ms:30000"                            File: Line:0 Function: Type:Debug:
DateTime:2026-09-14 15:12:50.439:"查找结果: iret=0, wStart=0, dwOutLen=44, dwStreamLen=44, dwFindPos=0"                            File: Line:0 Function: Type:Debug:
DateTime:2026-09-14 15:12:50.439:"Receive:<= 68 2C 00 80 00 00 00 00 00 80 52 01 00 03 06 01 10 00 16 19 14 00 68 06 01 10 00 16 19 68 91 08 33 33 34 33 C6 33 33 33 DB 16 7C 16"                            File: Line:0 Function: Type:Debug:
DateTime:2026-09-14 15:12:50.439:"解析：功能码-AFN=52H,Fn=1："                            File: Line:0 Function: Type:Debug:
DateTime:2026-09-14 15:12:50.439:"DL/T645-2007协议 回复报文信息：控制码：91，数据标识：00010000，数据域(需倒序解析)：93000000"                            File: Line:0 Function: Type:Debug:
DateTime:2026-09-14 15:12:50.439:"191600100106抄读成功"                            File: Line:0 Function: Type:Debug:
DateTime:2026-09-14 15:12:50.439:"抄读成功数量：4"                            File: Line:0 Function: Type:Debug:
DateTime:2026-09-14 15:12:50.439:"开始抄读：191600100107"                            File: Line:0 Function: Type:Debug:
DateTime:2026-09-14 15:12:50.943:"等待工装回复超时"                            File: Line:0 Function: Type:Debug:
DateTime:2026-09-14 15:12:50.943:"开始组帧"                            File: Line:0 Function: Type:Debug:
DateTime:2026-09-14 15:12:50.943:"组帧结束"                            File: Line:0 Function: Type:Debug:
DateTime:2026-09-14 15:12:50.943:"367.2Send:数据转发载波从节点52H-F1:：=>68 2B 00 43 00 00 00 00 00 81 52 01 00 03 07 01 10 00 16 19 6B 8A E8 10 00 68 07 01 10 00 16 19 68 11 04 33 33 34 33 F9 16 56 16"                            File: Line:0 Function: Type:Debug:
DateTime:2026-09-14 15:12:50.943:"槽位2透传:68EE00EE006840000000000022600000010002013C00682B0043000000000081520100030701100016196B8AE810006807011000161968110433333433F91656165716"                            File: Line:0 Function: Type:Debug:
DateTime:2026-09-14 15:12:50.943:"工装发送：68 EE 00 EE 00 68 40 00 00 00 00 00 22 60 00 00 01 00 02 01 3C 00 68 2B 00 43 00 00 00 00 00 81 52 01 00 03 07 01 10 00 16 19 6B 8A E8 10 00 68 07 01 10 00 16 19 68 11 04 33 33 34 33 F9 16 56 16 57 16"                            File: Line:0 Function: Type:Debug:
DateTime:2026-09-14 15:12:50.993:"工装接收：68 32 00 32 00 68 80 00 00 00 00 00 00 60 00 00 01 00 E1 16"                            File: Line:0 Function: Type:Debug:
DateTime:2026-09-14 15:12:50.993:"m_baRecvMsg:"                            File: Line:0 Function: Type:Debug:
DateTime:2026-09-14 15:12:50.993:"frameList.size():1"                            File: Line:0 Function: Type:Debug:
DateTime:2026-09-14 15:12:50.993:"进入报文解析"                            File: Line:0 Function: Type:Debug:
DateTime:2026-09-14 15:12:50.993:"68 32 00 32 00 68 80 00 00 00 00 00 00 60 00 00 01 00 E1 16"                            File: Line:0 Function: Type:Debug:
DateTime:2026-09-14 15:12:50.994:"解码完成，功能码: 1"                            File: Line:0 Function: Type:Debug:
DateTime:2026-09-14 15:12:50.994:"工装回复确认帧"                            File: Line:0 Function: Type:Debug:
DateTime:2026-09-14 15:12:51.321:"工装接收：68 EE 00 EE 00 68 80 00 00 00 00 00 22 60 00 00 01 00 02 2C 00 68 2C 00 80 00 00 00 00 00 81 52 01 00 03 07 01 10 00 16 19 14 00 68 07 01 10 00 16 19 68 91 08 33 33 34 33 C7 33 33 33 DD 16 82 16 DF 16"                            File: Line:0 Function: Type:Debug:
DateTime:2026-09-14 15:12:51.321:"m_baRecvMsg:"                            File: Line:0 Function: Type:Debug:
DateTime:2026-09-14 15:12:51.321:"frameList.size():1"                            File: Line:0 Function: Type:Debug:
DateTime:2026-09-14 15:12:51.321:"进入报文解析"                            File: Line:0 Function: Type:Debug:
DateTime:2026-09-14 15:12:51.321:"68 EE 00 EE 00 68 80 00 00 00 00 00 22 60 00 00 01 00 02 2C 00 68 2C 00 80 00 00 00 00 00 81 52 01 00 03 07 01 10 00 16 19 14 00 68 07 01 10 00 16 19 68 91 08 33 33 34 33 C7 33 33 33 DD 16 82 16 DF 16"                            File: Line:0 Function: Type:Debug:
DateTime:2026-09-14 15:12:51.321:"解码完成，功能码: 4"                            File: Line:0 Function: Type:Debug:
DateTime:2026-09-14 15:12:51.321:"工装接收到透传报文"                            File: Line:0 Function: Type:Debug:
DateTime:2026-09-14 15:12:51.321:"022C00682C00800000000000815201000307011000161914006807011000161968910833333433C7333333DD168216"                            File: Line:0 Function: Type:Debug:
DateTime:2026-09-14 15:12:51.321:"透传报文内容:68 2c 00 80 00 00 00 00 00 81 52 01 00 03 07 01 10 00 16 19 14 00 68 07 01 10 00 16 19 68 91 08 33 33 34 33 c7 33 33 33 dd 16 82 16"                            File: Line:0 Function: Type:Debug:
DateTime:2026-09-14 15:12:54.040:"uTimeSecond_ms:30000"                            File: Line:0 Function: Type:Debug:
DateTime:2026-09-14 15:12:54.040:"查找结果: iret=0, wStart=0, dwOutLen=44, dwStreamLen=44, dwFindPos=0"                            File: Line:0 Function: Type:Debug:
DateTime:2026-09-14 15:12:54.040:"Receive:<= 68 2C 00 80 00 00 00 00 00 81 52 01 00 03 07 01 10 00 16 19 14 00 68 07 01 10 00 16 19 68 91 08 33 33 34 33 C7 33 33 33 DD 16 82 16"                            File: Line:0 Function: Type:Debug:
DateTime:2026-09-14 15:12:54.040:"解析：功能码-AFN=52H,Fn=1："                            File: Line:0 Function: Type:Debug:
DateTime:2026-09-14 15:12:54.040:"DL/T645-2007协议 回复报文信息：控制码：91，数据标识：00010000，数据域(需倒序解析)：94000000"                            File: Line:0 Function: Type:Debug:
DateTime:2026-09-14 15:12:54.040:"191600100107抄读成功"                            File: Line:0 Function: Type:Debug:
DateTime:2026-09-14 15:12:54.040:"抄读成功数量：5"                            File: Line:0 Function: Type:Debug:
DateTime:2026-09-14 15:12:54.040:"开始抄读：191600100108"                            File: Line:0 Function: Type:Debug:
DateTime:2026-09-14 15:12:54.544:"等待工装回复超时"                            File: Line:0 Function: Type:Debug:
DateTime:2026-09-14 15:12:54.544:"开始组帧"                            File: Line:0 Function: Type:Debug:
DateTime:2026-09-14 15:12:54.544:"组帧结束"                            File: Line:0 Function: Type:Debug:
DateTime:2026-09-14 15:12:54.544:"367.2Send:数据转发载波从节点52H-F1:：=>68 2B 00 43 00 00 00 00 00 82 52 01 00 03 08 01 10 00 16 19 6B 8A E8 10 00 68 08 01 10 00 16 19 68 11 04 33 33 34 33 FA 16 5A 16"                            File: Line:0 Function: Type:Debug:
DateTime:2026-09-14 15:12:54.544:"槽位2透传:68EE00EE006840000000000022600000010002013C00682B0043000000000082520100030801100016196B8AE810006808011000161968110433333433FA165A165F16"                            File: Line:0 Function: Type:Debug:
DateTime:2026-09-14 15:12:54.544:"工装发送：68 EE 00 EE 00 68 40 00 00 00 00 00 22 60 00 00 01 00 02 01 3C 00 68 2B 00 43 00 00 00 00 00 82 52 01 00 03 08 01 10 00 16 19 6B 8A E8 10 00 68 08 01 10 00 16 19 68 11 04 33 33 34 33 FA 16 5A 16 5F 16"                            File: Line:0 Function: Type:Debug:
DateTime:2026-09-14 15:12:54.594:"工装接收：68 32 00 32 00 68 80 00 00 00 00 00 00 60 00 00 01 00 E1 16"                            File: Line:0 Function: Type:Debug:
DateTime:2026-09-14 15:12:54.594:"m_baRecvMsg:"                            File: Line:0 Function: Type:Debug:
DateTime:2026-09-14 15:12:54.594:"frameList.size():1"                            File: Line:0 Function: Type:Debug:
DateTime:2026-09-14 15:12:54.594:"进入报文解析"                            File: Line:0 Function: Type:Debug:
DateTime:2026-09-14 15:12:54.594:"68 32 00 32 00 68 80 00 00 00 00 00 00 60 00 00 01 00 E1 16"                            File: Line:0 Function: Type:Debug:
DateTime:2026-09-14 15:12:54.594:"解码完成，功能码: 1"                            File: Line:0 Function: Type:Debug:
DateTime:2026-09-14 15:12:54.594:"工装回复确认帧"                            File: Line:0 Function: Type:Debug:
DateTime:2026-09-14 15:12:55.030:"工装接收：68 EE 00 EE 00 68 80 00 00 00 00 00 22 60 00 00 01 00 02 2C 00 68 2C 00 80 00 00 00 00 00 82 52 01 00 03 08 01 10 00 16 19 14 00 68 08 01 10 00 16 19 68 91 08 33 33 34 33 C8 33 33 33 DF 16 88 16 EB 16"                            File: Line:0 Function: Type:Debug:
DateTime:2026-09-14 15:12:55.030:"m_baRecvMsg:"                            File: Line:0 Function: Type:Debug:
DateTime:2026-09-14 15:12:55.030:"frameList.size():1"                            File: Line:0 Function: Type:Debug:
DateTime:2026-09-14 15:12:55.030:"进入报文解析"                            File: Line:0 Function: Type:Debug:
DateTime:2026-09-14 15:12:55.030:"68 EE 00 EE 00 68 80 00 00 00 00 00 22 60 00 00 01 00 02 2C 00 68 2C 00 80 00 00 00 00 00 82 52 01 00 03 08 01 10 00 16 19 14 00 68 08 01 10 00 16 19 68 91 08 33 33 34 33 C8 33 33 33 DF 16 88 16 EB 16"                            File: Line:0 Function: Type:Debug:
DateTime:2026-09-14 15:12:55.030:"解码完成，功能码: 4"                            File: Line:0 Function: Type:Debug:
DateTime:2026-09-14 15:12:55.030:"工装接收到透传报文"                            File: Line:0 Function: Type:Debug:
DateTime:2026-09-14 15:12:55.031:"022C00682C00800000000000825201000308011000161914006808011000161968910833333433C8333333DF168816"                            File: Line:0 Function: Type:Debug:
DateTime:2026-09-14 15:12:55.031:"透传报文内容:68 2c 00 80 00 00 00 00 00 82 52 01 00 03 08 01 10 00 16 19 14 00 68 08 01 10 00 16 19 68 91 08 33 33 34 33 c8 33 33 33 df 16 88 16"                            File: Line:0 Function: Type:Debug:
DateTime:2026-09-14 15:12:57.549:"uTimeSecond_ms:30000"                            File: Line:0 Function: Type:Debug:
DateTime:2026-09-14 15:12:57.549:"查找结果: iret=0, wStart=0, dwOutLen=44, dwStreamLen=44, dwFindPos=0"                            File: Line:0 Function: Type:Debug:
DateTime:2026-09-14 15:12:57.549:"Receive:<= 68 2C 00 80 00 00 00 00 00 82 52 01 00 03 08 01 10 00 16 19 14 00 68 08 01 10 00 16 19 68 91 08 33 33 34 33 C8 33 33 33 DF 16 88 16"                            File: Line:0 Function: Type:Debug:
DateTime:2026-09-14 15:12:57.549:"解析：功能码-AFN=52H,Fn=1："                            File: Line:0 Function: Type:Debug:
DateTime:2026-09-14 15:12:57.549:"DL/T645-2007协议 回复报文信息：控制码：91，数据标识：00010000，数据域(需倒序解析)：95000000"                            File: Line:0 Function: Type:Debug:
DateTime:2026-09-14 15:12:57.549:"191600100108抄读成功"                            File: Line:0 Function: Type:Debug:
DateTime:2026-09-14 15:12:57.549:"抄读成功数量：6"                            File: Line:0 Function: Type:Debug:
DateTime:2026-09-14 15:12:57.549:"抄读成功数量：6，预抄读表总数量：6"                            File: Line:0 Function: Type:Debug:
DateTime:2026-09-14 15:12:57.549:"191600100103抄读成功"                            File: Line:0 Function: Type:Debug:
DateTime:2026-09-14 15:12:57.549:"191600100104抄读成功"                            File: Line:0 Function: Type:Debug:
DateTime:2026-09-14 15:12:57.549:"191600100105抄读成功"                            File: Line:0 Function: Type:Debug:
DateTime:2026-09-14 15:12:57.549:"191600100106抄读成功"                            File: Line:0 Function: Type:Debug:
DateTime:2026-09-14 15:12:57.549:"191600100107抄读成功"                            File: Line:0 Function: Type:Debug:
DateTime:2026-09-14 15:12:57.549:"191600100108抄读成功"                            File: Line:0 Function: Type:Debug:
DateTime:2026-09-14 15:12:57.549:"抄读成功数量：6，预抄读表总数量：6"                            File: Line:0 Function: Type:Debug:
DateTime:2026-09-14 15:13:02.551:"抄表结果：成功率：100%，耗时:0分21秒"                            File: Line:0 Function: Type:Debug:
DateTime:2026-09-14 15:13:02.551:dll输出信息: ""                            File: Line:0 Function: Type:Debug:
DateTime:2026-09-14 15:13:02.551:接口函数调用成功，返回的结果为 0                            File: Line:0 Function: Type:Debug:
DateTime:2026-09-14 15:13:02.551:"外部传入的para：0，返回的result：0,返回的pValRet：0"                            File: Line:0 Function: Type:Debug:
DateTime:2026-09-14 15:13:02.551:"执行接口函数CCO_Func_ReadMeter_AFN52F1完成"                            File: Line:0 Function: Type:Debug:
DateTime:2026-09-14 15:13:02.552:coorIndex 0                            File: Line:0 Function: Type:Debug:
DateTime:2026-09-14 15:13:02.552:当前流程结束                            File: Line:0 Function: Type:Debug:
DateTime:2026-09-14 15:13:02.552:退出connect函数                            File: Line:0 Function: Type:Debug:
DateTime:2026-09-14 15:13:02.552:"=========【Step7-点抄各表】结束=========="                            File: Line:0 Function: Type:Debug:
DateTime:2026-09-14 15:13:02.552:"-----------------------------"                            File: Line:0 Function: Type:Debug:
DateTime:2026-09-14 15:13:02.555:"=============执行【Step8-三相功率源关源】==================="                            File: Line:0 Function: Type:Debug:
DateTime:2026-09-14 15:13:02.555:"--发送:A1 01 04 DC 07 00 E3"                            File: Line:0 Function: Type:Debug:
DateTime:2026-09-14 15:13:02.655:三相功率源关源成功                            File: Line:0 Function: Type:Debug:
DateTime:2026-09-14 15:13:02.655:"=========【Step8-三相功率源关源】结束=========="                            File: Line:0 Function: Type:Debug:
DateTime:2026-09-14 15:13:02.655:"-----------------------------"                            File: Line:0 Function: Type:Debug:
DateTime:2026-09-14 15:13:02.658:"=============执行【Step9-模块槽位下电】==================="                            File: Line:0 Function: Type:Debug:
DateTime:2026-09-14 15:13:02.658:"执行接口函数SimuCorn_power_off"                            File: Line:0 Function: Type:Debug:
DateTime:2026-09-14 15:13:02.658:callWorkFunction: SimuCorn_power_off                            File: Line:0 Function: Type:Debug:
DateTime:2026-09-14 15:13:02.658:找到对应函数，进入执行                            File: Line:0 Function: Type:Debug:
DateTime:2026-09-14 15:13:02.659:"工装发送：68 3E 00 3E 00 68 40 00 00 00 00 00 21 60 00 00 02 00 03 02 00 C8 16"                            File: Line:0 Function: Type:Debug:
DateTime:2026-09-14 15:13:02.659:"工装接收：68 32 00 32 00 68 80 00 00 00 00 00 00 60 00 00 01 00 E1 16"                            File: Line:0 Function: Type:Debug:
DateTime:2026-09-14 15:13:02.659:"m_baRecvMsg:"                            File: Line:0 Function: Type:Debug:
DateTime:2026-09-14 15:13:02.659:"frameList.size():1"                            File: Line:0 Function: Type:Debug:
DateTime:2026-09-14 15:13:02.659:"进入报文解析"                            File: Line:0 Function: Type:Debug:
DateTime:2026-09-14 15:13:02.659:"68 32 00 32 00 68 80 00 00 00 00 00 00 60 00 00 01 00 E1 16"                            File: Line:0 Function: Type:Debug:
DateTime:2026-09-14 15:13:02.659:"解码完成，功能码: 1"                            File: Line:0 Function: Type:Debug:
DateTime:2026-09-14 15:13:02.659:"工装回复确认帧"                            File: Line:0 Function: Type:Debug:
DateTime:2026-09-14 15:13:02.659:"工装发送：68 3E 00 3E 00 68 40 00 00 00 00 00 21 60 00 00 02 00 04 02 00 C9 16"                            File: Line:0 Function: Type:Debug:
DateTime:2026-09-14 15:13:02.660:"工装接收：68 32 00 32 00 68 80 00 00 00 00 00 00 60 00 00 01 00 E1 16"                            File: Line:0 Function: Type:Debug:
DateTime:2026-09-14 15:13:02.660:"m_baRecvMsg:"                            File: Line:0 Function: Type:Debug:
DateTime:2026-09-14 15:13:02.660:"frameList.size():1"                            File: Line:0 Function: Type:Debug:
DateTime:2026-09-14 15:13:02.660:"进入报文解析"                            File: Line:0 Function: Type:Debug:
DateTime:2026-09-14 15:13:02.660:"68 32 00 32 00 68 80 00 00 00 00 00 00 60 00 00 01 00 E1 16"                            File: Line:0 Function: Type:Debug:
DateTime:2026-09-14 15:13:02.660:"解码完成，功能码: 1"                            File: Line:0 Function: Type:Debug:
DateTime:2026-09-14 15:13:02.660:"工装回复确认帧"                            File: Line:0 Function: Type:Debug:
DateTime:2026-09-14 15:13:02.660:"工装发送：68 3E 00 3E 00 68 40 00 00 00 00 00 21 60 00 00 02 00 05 02 00 CA 16"                            File: Line:0 Function: Type:Debug:
DateTime:2026-09-14 15:13:02.661:"工装接收：68 32 00 32 00 68 80 00 00 00 00 00 00 60 00 00 01 00 E1 16"                            File: Line:0 Function: Type:Debug:
DateTime:2026-09-14 15:13:02.661:"m_baRecvMsg:"                            File: Line:0 Function: Type:Debug:
DateTime:2026-09-14 15:13:02.661:"frameList.size():1"                            File: Line:0 Function: Type:Debug:
DateTime:2026-09-14 15:13:02.661:"进入报文解析"                            File: Line:0 Function: Type:Debug:
DateTime:2026-09-14 15:13:02.661:"68 32 00 32 00 68 80 00 00 00 00 00 00 60 00 00 01 00 E1 16"                            File: Line:0 Function: Type:Debug:
DateTime:2026-09-14 15:13:02.661:"解码完成，功能码: 1"                            File: Line:0 Function: Type:Debug:
DateTime:2026-09-14 15:13:02.661:"工装回复确认帧"                            File: Line:0 Function: Type:Debug:
DateTime:2026-09-14 15:13:02.661:"工装发送：68 3E 00 3E 00 68 40 00 00 00 00 00 21 60 00 00 02 00 06 02 00 CB 16"                            File: Line:0 Function: Type:Debug:
DateTime:2026-09-14 15:13:02.661:"工装接收：68 32 00 32 00 68 80 00 00 00 00 00 00 60 00 00 01 00 E1 16"                            File: Line:0 Function: Type:Debug:
DateTime:2026-09-14 15:13:02.661:"m_baRecvMsg:"                            File: Line:0 Function: Type:Debug:
DateTime:2026-09-14 15:13:02.661:"frameList.size():1"                            File: Line:0 Function: Type:Debug:
DateTime:2026-09-14 15:13:02.661:"进入报文解析"                            File: Line:0 Function: Type:Debug:
DateTime:2026-09-14 15:13:02.662:"68 32 00 32 00 68 80 00 00 00 00 00 00 60 00 00 01 00 E1 16"                            File: Line:0 Function: Type:Debug:
DateTime:2026-09-14 15:13:02.662:"解码完成，功能码: 1"                            File: Line:0 Function: Type:Debug:
DateTime:2026-09-14 15:13:02.662:"工装回复确认帧"                            File: Line:0 Function: Type:Debug:
DateTime:2026-09-14 15:13:02.662:"工装发送：68 3E 00 3E 00 68 40 00 00 00 00 00 21 60 00 00 02 00 07 02 00 CC 16"                            File: Line:0 Function: Type:Debug:
DateTime:2026-09-14 15:13:02.662:"工装接收：68 32 00 32 00 68 80 00 00 00 00 00 00 60 00 00 01 00 E1 16"                            File: Line:0 Function: Type:Debug:
DateTime:2026-09-14 15:13:02.662:"m_baRecvMsg:"                            File: Line:0 Function: Type:Debug:
DateTime:2026-09-14 15:13:02.662:"frameList.size():1"                            File: Line:0 Function: Type:Debug:
DateTime:2026-09-14 15:13:02.662:"进入报文解析"                            File: Line:0 Function: Type:Debug:
DateTime:2026-09-14 15:13:02.662:"68 32 00 32 00 68 80 00 00 00 00 00 00 60 00 00 01 00 E1 16"                            File: Line:0 Function: Type:Debug:
DateTime:2026-09-14 15:13:02.662:"解码完成，功能码: 1"                            File: Line:0 Function: Type:Debug:
DateTime:2026-09-14 15:13:02.662:"工装回复确认帧"                            File: Line:0 Function: Type:Debug:
DateTime:2026-09-14 15:13:02.662:"工装发送：68 3E 00 3E 00 68 40 00 00 00 00 00 21 60 00 00 02 00 08 02 00 CD 16"                            File: Line:0 Function: Type:Debug:
DateTime:2026-09-14 15:13:02.663:"工装接收：68 32 00 32 00 68 80 00 00 00 00 00 00 60 00 00 01 00 E1 16"                            File: Line:0 Function: Type:Debug:
DateTime:2026-09-14 15:13:02.663:"m_baRecvMsg:"                            File: Line:0 Function: Type:Debug:
DateTime:2026-09-14 15:13:02.663:"frameList.size():1"                            File: Line:0 Function: Type:Debug:
DateTime:2026-09-14 15:13:02.663:"进入报文解析"                            File: Line:0 Function: Type:Debug:
DateTime:2026-09-14 15:13:02.663:"68 32 00 32 00 68 80 00 00 00 00 00 00 60 00 00 01 00 E1 16"                            File: Line:0 Function: Type:Debug:
DateTime:2026-09-14 15:13:02.663:"解码完成，功能码: 1"                            File: Line:0 Function: Type:Debug:
DateTime:2026-09-14 15:13:02.663:"工装回复确认帧"                            File: Line:0 Function: Type:Debug:
DateTime:2026-09-14 15:13:02.663:"所有槽位下电成功"                            File: Line:0 Function: Type:Debug:
DateTime:2026-09-14 15:13:02.765:dll输出信息: ""                            File: Line:0 Function: Type:Debug:
DateTime:2026-09-14 15:13:02.765:接口函数调用成功，返回的结果为 0                            File: Line:0 Function: Type:Debug:
DateTime:2026-09-14 15:13:02.765:"外部传入的para：0，返回的result：0,返回的pValRet：0"                            File: Line:0 Function: Type:Debug:
DateTime:2026-09-14 15:13:02.765:"执行接口函数SimuCorn_power_off完成"                            File: Line:0 Function: Type:Debug:
DateTime:2026-09-14 15:13:02.766:coorIndex 0                            File: Line:0 Function: Type:Debug:
DateTime:2026-09-14 15:13:02.766:当前流程结束                            File: Line:0 Function: Type:Debug:
DateTime:2026-09-14 15:13:02.766:退出connect函数                            File: Line:0 Function: Type:Debug:
DateTime:2026-09-14 15:13:02.766:"=========【Step9-模块槽位下电】结束=========="                            File: Line:0 Function: Type:Debug:
DateTime:2026-09-14 15:13:02.766:"-----------------------------"                            File: Line:0 Function: Type:Debug:
DateTime:2026-09-14 15:13:02.769:"=============执行【Step10-停电事件上报测试】==================="                            File: Line:0 Function: Type:Debug:
DateTime:2026-09-14 15:13:02.769:"执行接口函数CCO_Func_Power_OFF_Event"                            File: Line:0 Function: Type:Debug:
DateTime:2026-09-14 15:13:02.769:callWorkFunction: CCO_Func_Power_OFF_Event                            File: Line:0 Function: Type:Debug:
DateTime:2026-09-14 15:13:02.769:找到对应函数，进入执行                            File: Line:0 Function: Type:Debug:
DateTime:2026-09-14 15:13:02.769:"uTimeSecond_ms:5000"                            File: Line:0 Function: Type:Debug:
DateTime:2026-09-14 15:13:05.791:"等待工装回复超时"                            File: Line:0 Function: Type:Debug:
DateTime:2026-09-14 15:13:08.813:"等待工装回复超时"                            File: Line:0 Function: Type:Debug:
DateTime:2026-09-14 15:13:08.813:"uTimeSecond_ms:5000"                            File: Line:0 Function: Type:Debug:
DateTime:2026-09-14 15:13:11.835:"等待工装回复超时"                            File: Line:0 Function: Type:Debug:
DateTime:2026-09-14 15:13:14.857:"等待工装回复超时"                            File: Line:0 Function: Type:Debug:
DateTime:2026-09-14 15:13:14.857:"uTimeSecond_ms:5000"                            File: Line:0 Function: Type:Debug:
DateTime:2026-09-14 15:13:17.879:"等待工装回复超时"                            File: Line:0 Function: Type:Debug:
DateTime:2026-09-14 15:13:20.901:"等待工装回复超时"                            File: Line:0 Function: Type:Debug:
DateTime:2026-09-14 15:13:20.901:"uTimeSecond_ms:5000"                            File: Line:0 Function: Type:Debug:
DateTime:2026-09-14 15:13:23.922:"等待工装回复超时"                            File: Line:0 Function: Type:Debug:
DateTime:2026-09-14 15:13:24.390:"工装接收：68 72 01 72 01 68 80 00 00 00 00 00 22 60 00 00 01 00 02 4D 00 68 4D 00 C0 00 00 00 00 00 09 56 02 00 05 07 01 10 00 16 19 36 68 99 99 99 99 99 99 68 81 2A 35 33 36 1E 33 39 3A 34 43 33 49 4C 39 34 43 33 49 4C 37 34 43 33 49 4C 38 34 43 33 49 4C 36 34 43 33 49 4C 3B 34 43 33 49 4C 06 16 C5 16 A7 16"                            File: Line:0 Function: Type:Debug:
DateTime:2026-09-14 15:13:24.390:"m_baRecvMsg:"                            File: Line:0 Function: Type:Debug:
DateTime:2026-09-14 15:13:24.390:"rameList.size():"                            File: Line:0 Function: Type:Debug:
DateTime:2026-09-14 15:13:24.390:"进入报文解析"                            File: Line:0 Function: Type:Debug:
DateTime:2026-09-14 15:13:24.390:"68 72 01 72 01 68 80 00 00 00 00 00 22 60 00 00 01 00 02 4D 00 68 4D 00 C0 00 00 00 00 00 09 56 02 00 05 07 01 10 00 16 19 36 68 99 99 99 99 99 99 68 81 2A 35 33 36 1E 33 39 3A 34 43 33 49 4C 39 34 43 33 49 4C 37 34 43 33 49 4C 38 34 43 33 49 4C 36 34 43 33 49 4C 3B 34 43 33 49 4C 06 16 C5 16 A7 16"                            File: Line:0 Function: Type:Debug:
DateTime:2026-09-14 15:13:24.390:"解码完成，功能码: 4"                            File: Line:0 Function: Type:Debug:
DateTime:2026-09-14 15:13:24.390:"工装回复透传报文"                            File: Line:0 Function: Type:Debug:
DateTime:2026-09-14 15:13:24.390:"024D00684D00C000000000000956020005070110001619366899999999999968812A3533361E33393A344333494C39344333494C37344333494C38344333494C36344333494C3B344333494C0616C516"                            File: Line:0 Function: Type:Debug:
DateTime:2026-09-14 15:13:24.390:"内容:68 4d 00 c0 00 00 00 00 00 09 56 02 00 05 07 01 10 00 16 19 36 68 99 99 99 99 99 99 68 81 2a 35 33 36 1e 33 39 3a 34 43 33 49 4c 39 34 43 33 49 4c 37 34 43 33 49 4c 38 34 43 33 49 4c 36 34 43 33 49 4c 3b 34 43 33 49 4c 06 16 c5 16"                            File: Line:0 Function: Type:Debug:
DateTime:2026-09-14 15:13:27.009:"等待工装回复超时"                            File: Line:0 Function: Type:Debug:
DateTime:2026-09-14 15:13:27.009:"uTimeSecond_ms:5000"                            File: Line:0 Function: Type:Debug:
DateTime:2026-09-14 15:13:27.009:"查找结果: iret=0, wStart=0, dwOutLen=77, dwStreamLen=77, dwFindPos=0"                            File: Line:0 Function: Type:Debug:
DateTime:2026-09-14 15:13:27.009:"Receive:<= 68 4D 00 C0 00 00 00 00 00 09 56 02 00 05 07 01 10 00 16 19 36 68 99 99 99 99 99 99 68 81 2A 35 33 36 1E 33 39 3A 34 43 33 49 4C 39 34 43 33 49 4C 37 34 43 33 49 4C 38 34 43 33 49 4C 36 34 43 33 49 4C 3B 34 43 33 49 4C 06 16 C5 16"                            File: Line:0 Function: Type:Debug:
DateTime:2026-09-14 15:13:27.009:"解析：功能码-AFN=56H,Fn=2："                            File: Line:0 Function: Type:Debug:
DateTime:2026-09-14 15:13:27.009:"Send(确认)：=> 68 0F 00 43 00 00 00 00 00 09 50 01 00 9D 16"                            File: Line:0 Function: Type:Debug:
DateTime:2026-09-14 15:13:27.009:"槽位2透传:687E007E006840000000000022600000010002013C00680F00430000000000095001009D16C916"                            File: Line:0 Function: Type:Debug:
DateTime:2026-09-14 15:13:27.009:"工装发送：68 7E 00 7E 00 68 40 00 00 00 00 00 22 60 00 00 01 00 02 01 3C 00 68 0F 00 43 00 00 00 00 00 09 50 01 00 9D 16 C9 16"                            File: Line:0 Function: Type:Debug:
DateTime:2026-09-14 15:13:27.009:"|****************事件上报状态：************************|"                            File: Line:0 Function: Type:Debug:
DateTime:2026-09-14 15:13:27.009:"地址191600100103：--停电事件上报成功"                            File: Line:0 Function: Type:Debug:
DateTime:2026-09-14 15:13:27.009:"地址191600100104：--停电事件上报成功"                            File: Line:0 Function: Type:Debug:
DateTime:2026-09-14 15:13:27.009:"地址191600100105：--停电事件上报成功"                            File: Line:0 Function: Type:Debug:
DateTime:2026-09-14 15:13:27.009:"地址191600100106：--停电事件上报成功"                            File: Line:0 Function: Type:Debug:
DateTime:2026-09-14 15:13:27.010:"地址191600100107：--停电事件上报成功"                            File: Line:0 Function: Type:Debug:
DateTime:2026-09-14 15:13:27.010:"地址191600100108：--停电事件上报成功"                            File: Line:0 Function: Type:Debug:
DateTime:2026-09-14 15:13:27.010:"|*******************结束*****************************|"                            File: Line:0 Function: Type:Debug:
DateTime:2026-09-14 15:13:37.010:"停电事件测试完成,上报成功率100%."                            File: Line:0 Function: Type:Debug:
DateTime:2026-09-14 15:13:37.010:dll输出信息: ""                            File: Line:0 Function: Type:Debug:
DateTime:2026-09-14 15:13:37.010:接口函数调用成功，返回的结果为 0                            File: Line:0 Function: Type:Debug:
DateTime:2026-09-14 15:13:37.010:"外部传入的para：0，返回的result：0,返回的pValRet：0"                            File: Line:0 Function: Type:Debug:
DateTime:2026-09-14 15:13:37.010:"执行接口函数CCO_Func_Power_OFF_Event完成"                            File: Line:0 Function: Type:Debug:
DateTime:2026-09-14 15:13:37.011:coorIndex 0                            File: Line:0 Function: Type:Debug:
DateTime:2026-09-14 15:13:37.011:当前流程结束                            File: Line:0 Function: Type:Debug:
DateTime:2026-09-14 15:13:37.011:退出connect函数                            File: Line:0 Function: Type:Debug:
DateTime:2026-09-14 15:13:37.011:"=========【Step10-停电事件上报测试】结束=========="                            File: Line:0 Function: Type:Debug:
DateTime:2026-09-14 15:13:37.011:"-----------------------------"                            File: Line:0 Function: Type:Debug:
DateTime:2026-09-14 15:13:37.014:"=============执行【Step11-三相功率源升源】==================="                            File: Line:0 Function: Type:Debug:
DateTime:2026-09-14 15:13:37.014:"--发送:A1 01 04 DC 07 01 E4"                            File: Line:0 Function: Type:Debug:
DateTime:2026-09-14 15:13:37.115:三相功率源生源成功                            File: Line:0 Function: Type:Debug:
DateTime:2026-09-14 15:13:37.115:"=========【Step11-三相功率源升源】结束=========="                            File: Line:0 Function: Type:Debug:
DateTime:2026-09-14 15:13:37.115:"-----------------------------"                            File: Line:0 Function: Type:Debug:
DateTime:2026-09-14 15:13:37.118:"=============执行【Step12-模块槽位上电】==================="                            File: Line:0 Function: Type:Debug:
DateTime:2026-09-14 15:13:37.119:"执行接口函数SimuCorn_power_on"                            File: Line:0 Function: Type:Debug:
DateTime:2026-09-14 15:13:37.119:callWorkFunction: SimuCorn_power_on                            File: Line:0 Function: Type:Debug:
DateTime:2026-09-14 15:13:37.119:找到对应函数，进入执行                            File: Line:0 Function: Type:Debug:
DateTime:2026-09-14 15:13:37.119:"工装发送：68 3E 00 3E 00 68 40 00 00 00 00 00 21 60 00 00 02 00 03 02 01 C9 16"                            File: Line:0 Function: Type:Debug:
DateTime:2026-09-14 15:13:37.119:"工装接收：68 32 00 32 00 68 80 00 00 00 00 00 00 60 00 00 01 00 E1 16 68 32 00 32 00 68 80 00 00 00 00 00 00 60 00 00 01 00 E1 16"                            File: Line:0 Function: Type:Debug:
DateTime:2026-09-14 15:13:37.119:"m_baRecvMsg:"                            File: Line:0 Function: Type:Debug:
DateTime:2026-09-14 15:13:37.119:"frameList.size():2"                            File: Line:0 Function: Type:Debug:
DateTime:2026-09-14 15:13:37.119:"进入报文解析"                            File: Line:0 Function: Type:Debug:
DateTime:2026-09-14 15:13:37.119:"68 32 00 32 00 68 80 00 00 00 00 00 00 60 00 00 01 00 E1 16"                            File: Line:0 Function: Type:Debug:
DateTime:2026-09-14 15:13:37.120:"解码完成，功能码: 1"                            File: Line:0 Function: Type:Debug:
DateTime:2026-09-14 15:13:37.120:"工装回复确认帧"                            File: Line:0 Function: Type:Debug:
DateTime:2026-09-14 15:13:37.120:"工装发送：68 3E 00 3E 00 68 40 00 00 00 00 00 21 60 00 00 02 00 04 02 01 CA 16"                            File: Line:0 Function: Type:Debug:
DateTime:2026-09-14 15:13:37.120:"工装接收：68 32 00 32 00 68 80 00 00 00 00 00 00 60 00 00 01 00 E1 16"                            File: Line:0 Function: Type:Debug:
DateTime:2026-09-14 15:13:37.120:"m_baRecvMsg:"                            File: Line:0 Function: Type:Debug:
DateTime:2026-09-14 15:13:37.120:"frameList.size():1"                            File: Line:0 Function: Type:Debug:
DateTime:2026-09-14 15:13:37.120:"进入报文解析"                            File: Line:0 Function: Type:Debug:
DateTime:2026-09-14 15:13:37.120:"68 32 00 32 00 68 80 00 00 00 00 00 00 60 00 00 01 00 E1 16"                            File: Line:0 Function: Type:Debug:
DateTime:2026-09-14 15:13:37.120:"解码完成，功能码: 1"                            File: Line:0 Function: Type:Debug:
DateTime:2026-09-14 15:13:37.120:"工装回复确认帧"                            File: Line:0 Function: Type:Debug:
DateTime:2026-09-14 15:13:37.120:"工装发送：68 3E 00 3E 00 68 40 00 00 00 00 00 21 60 00 00 02 00 05 02 01 CB 16"                            File: Line:0 Function: Type:Debug:
DateTime:2026-09-14 15:13:37.121:"工装接收：68 32 00 32 00 68 80 00 00 00 00 00 00 60 00 00 01 00 E1 16"                            File: Line:0 Function: Type:Debug:
DateTime:2026-09-14 15:13:37.121:"m_baRecvMsg:"                            File: Line:0 Function: Type:Debug:
DateTime:2026-09-14 15:13:37.121:"frameList.size():1"                            File: Line:0 Function: Type:Debug:
DateTime:2026-09-14 15:13:37.121:"进入报文解析"                            File: Line:0 Function: Type:Debug:
DateTime:2026-09-14 15:13:37.121:"68 32 00 32 00 68 80 00 00 00 00 00 00 60 00 00 01 00 E1 16"                            File: Line:0 Function: Type:Debug:
DateTime:2026-09-14 15:13:37.121:"解码完成，功能码: 1"                            File: Line:0 Function: Type:Debug:
DateTime:2026-09-14 15:13:37.121:"工装回复确认帧"                            File: Line:0 Function: Type:Debug:
DateTime:2026-09-14 15:13:37.121:"工装发送：68 3E 00 3E 00 68 40 00 00 00 00 00 21 60 00 00 02 00 06 02 01 CC 16"                            File: Line:0 Function: Type:Debug:
DateTime:2026-09-14 15:13:37.122:"工装接收：68 32 00 32 00 68 80 00 00 00 00 00 00 60 00 00 01 00 E1 16"                            File: Line:0 Function: Type:Debug:
DateTime:2026-09-14 15:13:37.122:"m_baRecvMsg:"                            File: Line:0 Function: Type:Debug:
DateTime:2026-09-14 15:13:37.122:"frameList.size():1"                            File: Line:0 Function: Type:Debug:
DateTime:2026-09-14 15:13:37.122:"进入报文解析"                            File: Line:0 Function: Type:Debug:
DateTime:2026-09-14 15:13:37.122:"68 32 00 32 00 68 80 00 00 00 00 00 00 60 00 00 01 00 E1 16"                            File: Line:0 Function: Type:Debug:
DateTime:2026-09-14 15:13:37.122:"解码完成，功能码: 1"                            File: Line:0 Function: Type:Debug:
DateTime:2026-09-14 15:13:37.122:"工装回复确认帧"                            File: Line:0 Function: Type:Debug:
DateTime:2026-09-14 15:13:37.122:"工装发送：68 3E 00 3E 00 68 40 00 00 00 00 00 21 60 00 00 02 00 07 02 01 CD 16"                            File: Line:0 Function: Type:Debug:
DateTime:2026-09-14 15:13:37.122:"工装接收：68 32 00 32 00 68 80 00 00 00 00 00 00 60 00 00 01 00 E1 16"                            File: Line:0 Function: Type:Debug:
DateTime:2026-09-14 15:13:37.122:"m_baRecvMsg:"                            File: Line:0 Function: Type:Debug:
DateTime:2026-09-14 15:13:37.122:"frameList.size():1"                            File: Line:0 Function: Type:Debug:
DateTime:2026-09-14 15:13:37.123:"进入报文解析"                            File: Line:0 Function: Type:Debug:
DateTime:2026-09-14 15:13:37.123:"68 32 00 32 00 68 80 00 00 00 00 00 00 60 00 00 01 00 E1 16"                            File: Line:0 Function: Type:Debug:
DateTime:2026-09-14 15:13:37.123:"解码完成，功能码: 1"                            File: Line:0 Function: Type:Debug:
DateTime:2026-09-14 15:13:37.123:"工装回复确认帧"                            File: Line:0 Function: Type:Debug:
DateTime:2026-09-14 15:13:37.123:"工装发送：68 3E 00 3E 00 68 40 00 00 00 00 00 21 60 00 00 02 00 08 02 01 CE 16"                            File: Line:0 Function: Type:Debug:
DateTime:2026-09-14 15:13:37.123:"工装接收：68 32 00 32 00 68 80 00 00 00 00 00 00 60 00 00 01 00 E1 16"                            File: Line:0 Function: Type:Debug:
DateTime:2026-09-14 15:13:37.123:"m_baRecvMsg:"                            File: Line:0 Function: Type:Debug:
DateTime:2026-09-14 15:13:37.123:"frameList.size():1"                            File: Line:0 Function: Type:Debug:
DateTime:2026-09-14 15:13:37.123:"进入报文解析"                            File: Line:0 Function: Type:Debug:
DateTime:2026-09-14 15:13:37.123:"68 32 00 32 00 68 80 00 00 00 00 00 00 60 00 00 01 00 E1 16"                            File: Line:0 Function: Type:Debug:
DateTime:2026-09-14 15:13:37.123:"解码完成，功能码: 1"                            File: Line:0 Function: Type:Debug:
DateTime:2026-09-14 15:13:37.124:"工装回复确认帧"                            File: Line:0 Function: Type:Debug:
DateTime:2026-09-14 15:13:37.124:"所有槽位上电成功"                            File: Line:0 Function: Type:Debug:
DateTime:2026-09-14 15:13:37.225:dll输出信息: ""                            File: Line:0 Function: Type:Debug:
DateTime:2026-09-14 15:13:37.225:接口函数调用成功，返回的结果为 0                            File: Line:0 Function: Type:Debug:
DateTime:2026-09-14 15:13:37.225:"外部传入的para：0，返回的result：0,返回的pValRet：0"                            File: Line:0 Function: Type:Debug:
DateTime:2026-09-14 15:13:37.225:"执行接口函数SimuCorn_power_on完成"                            File: Line:0 Function: Type:Debug:
DateTime:2026-09-14 15:13:37.226:coorIndex 0                            File: Line:0 Function: Type:Debug:
DateTime:2026-09-14 15:13:37.226:当前流程结束                            File: Line:0 Function: Type:Debug:
DateTime:2026-09-14 15:13:37.226:退出connect函数                            File: Line:0 Function: Type:Debug:
DateTime:2026-09-14 15:13:37.226:"=========【Step12-模块槽位上电】结束=========="                            File: Line:0 Function: Type:Debug:
DateTime:2026-09-14 15:13:37.226:"-----------------------------"                            File: Line:0 Function: Type:Debug:
DateTime:2026-09-14 15:13:37.229:"=============执行【Step13-复电事件上报测试】==================="                            File: Line:0 Function: Type:Debug:
DateTime:2026-09-14 15:13:37.229:"执行接口函数CCO_Func_Power_ON_Event"                            File: Line:0 Function: Type:Debug:
DateTime:2026-09-14 15:13:37.229:callWorkFunction: CCO_Func_Power_ON_Event                            File: Line:0 Function: Type:Debug:
DateTime:2026-09-14 15:13:37.229:找到对应函数，进入执行                            File: Line:0 Function: Type:Debug:
DateTime:2026-09-14 15:13:37.229:"uTimeSecond_ms:5000"                            File: Line:0 Function: Type:Debug:
DateTime:2026-09-14 15:13:40.251:"等待工装回复超时"                            File: Line:0 Function: Type:Debug:
DateTime:2026-09-14 15:13:43.273:"等待工装回复超时"                            File: Line:0 Function: Type:Debug:
DateTime:2026-09-14 15:13:43.273:"uTimeSecond_ms:5000"                            File: Line:0 Function: Type:Debug:
DateTime:2026-09-14 15:13:46.295:"等待工装回复超时"                            File: Line:0 Function: Type:Debug:
DateTime:2026-09-14 15:13:49.317:"等待工装回复超时"                            File: Line:0 Function: Type:Debug:
DateTime:2026-09-14 15:13:49.317:"uTimeSecond_ms:5000"                            File: Line:0 Function: Type:Debug:
DateTime:2026-09-14 15:13:52.338:"等待工装回复超时"                            File: Line:0 Function: Type:Debug:
DateTime:2026-09-14 15:13:55.360:"等待工装回复超时"                            File: Line:0 Function: Type:Debug:
DateTime:2026-09-14 15:13:55.360:"uTimeSecond_ms:5000"                            File: Line:0 Function: Type:Debug:
DateTime:2026-09-14 15:13:58.382:"等待工装回复超时"                            File: Line:0 Function: Type:Debug:
DateTime:2026-09-14 15:14:01.006:"工装接收：68 FA 00 FA 00 68 80 00 00 00 00 00 22 60 00 00 01 00 02 2F 00 68 2F 00 C0 00 00 00 00 00 0A 56 02 00 05 04 01 10 00 16 19 18 68 04 01 10 00 16 19 68 81 0C 35 33 36 1E 34 34 37 34 43 33 49 4C 3B 16 0F 16 FF 16"                            File: Line:0 Function: Type:Debug:
DateTime:2026-09-14 15:14:01.006:"m_baRecvMsg:"                            File: Line:0 Function: Type:Debug:
DateTime:2026-09-14 15:14:01.006:"rameList.size():"                            File: Line:0 Function: Type:Debug:
DateTime:2026-09-14 15:14:01.006:"进入报文解析"                            File: Line:0 Function: Type:Debug:
DateTime:2026-09-14 15:14:01.006:"68 FA 00 FA 00 68 80 00 00 00 00 00 22 60 00 00 01 00 02 2F 00 68 2F 00 C0 00 00 00 00 00 0A 56 02 00 05 04 01 10 00 16 19 18 68 04 01 10 00 16 19 68 81 0C 35 33 36 1E 34 34 37 34 43 33 49 4C 3B 16 0F 16 FF 16"                            File: Line:0 Function: Type:Debug:
DateTime:2026-09-14 15:14:01.006:"解码完成，功能码: 4"                            File: Line:0 Function: Type:Debug:
DateTime:2026-09-14 15:14:01.006:"工装回复透传报文"                            File: Line:0 Function: Type:Debug:
DateTime:2026-09-14 15:14:01.006:"022F00682F00C000000000000A56020005040110001619186804011000161968810C3533361E343437344333494C3B160F16"                            File: Line:0 Function: Type:Debug:
DateTime:2026-09-14 15:14:01.006:"内容:68 2f 00 c0 00 00 00 00 00 0a 56 02 00 05 04 01 10 00 16 19 18 68 04 01 10 00 16 19 68 81 0c 35 33 36 1e 34 34 37 34 43 33 49 4c 3b 16 0f 16"                            File: Line:0 Function: Type:Debug:
DateTime:2026-09-14 15:14:01.409:"等待工装回复超时"                            File: Line:0 Function: Type:Debug:
DateTime:2026-09-14 15:14:01.409:"uTimeSecond_ms:5000"                            File: Line:0 Function: Type:Debug:
DateTime:2026-09-14 15:14:01.409:"查找结果: iret=0, wStart=0, dwOutLen=47, dwStreamLen=47, dwFindPos=0"                            File: Line:0 Function: Type:Debug:
DateTime:2026-09-14 15:14:01.409:"Receive:<= 68 2F 00 C0 00 00 00 00 00 0A 56 02 00 05 04 01 10 00 16 19 18 68 04 01 10 00 16 19 68 81 0C 35 33 36 1E 34 34 37 34 43 33 49 4C 3B 16 0F 16"                            File: Line:0 Function: Type:Debug:
DateTime:2026-09-14 15:14:01.409:"解析：功能码-AFN=56H,Fn=2："                            File: Line:0 Function: Type:Debug:
DateTime:2026-09-14 15:14:01.409:"Send(确认)：=> 68 0F 00 43 00 00 00 00 00 0A 50 01 00 9E 16"                            File: Line:0 Function: Type:Debug:
DateTime:2026-09-14 15:14:01.409:"槽位2透传:687E007E006840000000000022600000010002013C00680F004300000000000A5001009E16CB16"                            File: Line:0 Function: Type:Debug:
DateTime:2026-09-14 15:14:01.409:"工装发送：68 7E 00 7E 00 68 40 00 00 00 00 00 22 60 00 00 01 00 02 01 3C 00 68 0F 00 43 00 00 00 00 00 0A 50 01 00 9E 16 CB 16"                            File: Line:0 Function: Type:Debug:
DateTime:2026-09-14 15:14:01.409:"|****************事件上报状态：************************|"                            File: Line:0 Function: Type:Debug:
DateTime:2026-09-14 15:14:01.409:"地址191600100103：--停电事件上报失败"                            File: Line:0 Function: Type:Debug:
DateTime:2026-09-14 15:14:01.409:"地址191600100104：--复电事件上报成功"                            File: Line:0 Function: Type:Debug:
DateTime:2026-09-14 15:14:01.409:"地址191600100105：--停电事件上报失败"                            File: Line:0 Function: Type:Debug:
DateTime:2026-09-14 15:14:01.409:"地址191600100106：--停电事件上报失败"                            File: Line:0 Function: Type:Debug:
DateTime:2026-09-14 15:14:01.409:"地址191600100107：--停电事件上报失败"                            File: Line:0 Function: Type:Debug:
DateTime:2026-09-14 15:14:01.409:"地址191600100108：--停电事件上报失败"                            File: Line:0 Function: Type:Debug:
DateTime:2026-09-14 15:14:01.409:"|*******************结束*****************************|"                            File: Line:0 Function: Type:Debug:
DateTime:2026-09-14 15:14:01.410:"uTimeSecond_ms:5000"                            File: Line:0 Function: Type:Debug:
DateTime:2026-09-14 15:14:01.427:"工装接收：68 32 00 32 00 68 80 00 00 00 00 00 00 60 00 00 01 00 E1 16"                            File: Line:0 Function: Type:Debug:
DateTime:2026-09-14 15:14:01.427:"m_baRecvMsg:"                            File: Line:0 Function: Type:Debug:
DateTime:2026-09-14 15:14:01.427:"rameList.size():"                            File: Line:0 Function: Type:Debug:
DateTime:2026-09-14 15:14:01.427:"进入报文解析"                            File: Line:0 Function: Type:Debug:
DateTime:2026-09-14 15:14:01.427:"68 32 00 32 00 68 80 00 00 00 00 00 00 60 00 00 01 00 E1 16"                            File: Line:0 Function: Type:Debug:
DateTime:2026-09-14 15:14:01.427:"解码完成，功能码: 1"                            File: Line:0 Function: Type:Debug:
DateTime:2026-09-14 15:14:01.427:"工装回复确认帧"                            File: Line:0 Function: Type:Debug:
DateTime:2026-09-14 15:14:07.471:"等待工装回复超时"                            File: Line:0 Function: Type:Debug:
DateTime:2026-09-14 15:14:07.471:"uTimeSecond_ms:5000"                            File: Line:0 Function: Type:Debug:
DateTime:2026-09-14 15:14:10.493:"等待工装回复超时"                            File: Line:0 Function: Type:Debug:
DateTime:2026-09-14 15:14:11.039:"工装接收：68 5A 01 5A 01 68 80 00 00 00 00 00 22 60 00 00 01 00 02 47 00 68 47 00 C0 00 00 00 00 00 0B 56 02 00 05 07 01 10 00 16 19 30 68 99 99 99 99 99 99 68 81 24 35 33 36 1E 34 38 3A 34 43 33 49 4C 38 34 43 33 49 4C 36 34 43 33 49 4C 39 34 43 33 49 4C 3B 34 43 33 49 4C 8A 16 C9 16 A3 16"                            File: Line:0 Function: Type:Debug:
DateTime:2026-09-14 15:14:11.039:"m_baRecvMsg:"                            File: Line:0 Function: Type:Debug:
DateTime:2026-09-14 15:14:11.039:"rameList.size():"                            File: Line:0 Function: Type:Debug:
DateTime:2026-09-14 15:14:11.039:"进入报文解析"                            File: Line:0 Function: Type:Debug:
DateTime:2026-09-14 15:14:11.040:"68 5A 01 5A 01 68 80 00 00 00 00 00 22 60 00 00 01 00 02 47 00 68 47 00 C0 00 00 00 00 00 0B 56 02 00 05 07 01 10 00 16 19 30 68 99 99 99 99 99 99 68 81 24 35 33 36 1E 34 38 3A 34 43 33 49 4C 38 34 43 33 49 4C 36 34 43 33 49 4C 39 34 43 33 49 4C 3B 34 43 33 49 4C 8A 16 C9 16 A3 16"                            File: Line:0 Function: Type:Debug:
DateTime:2026-09-14 15:14:11.040:"解码完成，功能码: 4"                            File: Line:0 Function: Type:Debug:
DateTime:2026-09-14 15:14:11.040:"工装回复透传报文"                            File: Line:0 Function: Type:Debug:
DateTime:2026-09-14 15:14:11.040:"024700684700C000000000000B5602000507011000161930689999999999996881243533361E34383A344333494C38344333494C36344333494C39344333494C3B344333494C8A16C916"                            File: Line:0 Function: Type:Debug:
DateTime:2026-09-14 15:14:11.040:"内容:68 47 00 c0 00 00 00 00 00 0b 56 02 00 05 07 01 10 00 16 19 30 68 99 99 99 99 99 99 68 81 24 35 33 36 1e 34 38 3a 34 43 33 49 4c 38 34 43 33 49 4c 36 34 43 33 49 4c 39 34 43 33 49 4c 3b 34 43 33 49 4c 8a 16 c9 16"                            File: Line:0 Function: Type:Debug:
DateTime:2026-09-14 15:14:13.559:"等待工装回复超时"                            File: Line:0 Function: Type:Debug:
DateTime:2026-09-14 15:14:13.559:"uTimeSecond_ms:5000"                            File: Line:0 Function: Type:Debug:
DateTime:2026-09-14 15:14:13.559:"查找结果: iret=0, wStart=0, dwOutLen=71, dwStreamLen=71, dwFindPos=0"                            File: Line:0 Function: Type:Debug:
DateTime:2026-09-14 15:14:13.559:"Receive:<= 68 47 00 C0 00 00 00 00 00 0B 56 02 00 05 07 01 10 00 16 19 30 68 99 99 99 99 99 99 68 81 24 35 33 36 1E 34 38 3A 34 43 33 49 4C 38 34 43 33 49 4C 36 34 43 33 49 4C 39 34 43 33 49 4C 3B 34 43 33 49 4C 8A 16 C9 16"                            File: Line:0 Function: Type:Debug:
DateTime:2026-09-14 15:14:13.559:"解析：功能码-AFN=56H,Fn=2："                            File: Line:0 Function: Type:Debug:
DateTime:2026-09-14 15:14:13.559:"Send(确认)：=> 68 0F 00 43 00 00 00 00 00 0B 50 01 00 9F 16"                            File: Line:0 Function: Type:Debug:
DateTime:2026-09-14 15:14:13.559:"槽位2透传:687E007E006840000000000022600000010002013C00680F004300000000000B5001009F16CD16"                            File: Line:0 Function: Type:Debug:
DateTime:2026-09-14 15:14:13.559:"工装发送：68 7E 00 7E 00 68 40 00 00 00 00 00 22 60 00 00 01 00 02 01 3C 00 68 0F 00 43 00 00 00 00 00 0B 50 01 00 9F 16 CD 16"                            File: Line:0 Function: Type:Debug:
DateTime:2026-09-14 15:14:13.559:"|****************事件上报状态：************************|"                            File: Line:0 Function: Type:Debug:
DateTime:2026-09-14 15:14:13.559:"地址191600100103：--复电事件上报成功"                            File: Line:0 Function: Type:Debug:
DateTime:2026-09-14 15:14:13.559:"地址191600100104：--复电事件上报成功"                            File: Line:0 Function: Type:Debug:
DateTime:2026-09-14 15:14:13.559:"地址191600100105：--复电事件上报成功"                            File: Line:0 Function: Type:Debug:
DateTime:2026-09-14 15:14:13.559:"地址191600100106：--复电事件上报成功"                            File: Line:0 Function: Type:Debug:
DateTime:2026-09-14 15:14:13.560:"地址191600100107：--复电事件上报成功"                            File: Line:0 Function: Type:Debug:
DateTime:2026-09-14 15:14:13.560:"地址191600100108：--复电事件上报成功"                            File: Line:0 Function: Type:Debug:
DateTime:2026-09-14 15:14:13.560:"|*******************结束*****************************|"                            File: Line:0 Function: Type:Debug:
DateTime:2026-09-14 15:14:23.560:"复电事件测试完成,上报成功率100%."                            File: Line:0 Function: Type:Debug:
DateTime:2026-09-14 15:14:23.560:dll输出信息: ""                            File: Line:0 Function: Type:Debug:
DateTime:2026-09-14 15:14:23.560:接口函数调用成功，返回的结果为 0                            File: Line:0 Function: Type:Debug:
DateTime:2026-09-14 15:14:23.560:"外部传入的para：0，返回的result：0,返回的pValRet：0"                            File: Line:0 Function: Type:Debug:
DateTime:2026-09-14 15:14:23.560:"执行接口函数CCO_Func_Power_ON_Event完成"                            File: Line:0 Function: Type:Debug:
DateTime:2026-09-14 15:14:23.561:coorIndex 0                            File: Line:0 Function: Type:Debug:
DateTime:2026-09-14 15:14:23.561:当前流程结束                            File: Line:0 Function: Type:Debug:
DateTime:2026-09-14 15:14:23.561:退出connect函数                            File: Line:0 Function: Type:Debug:
DateTime:2026-09-14 15:14:23.561:"=========【Step13-复电事件上报测试】结束=========="                            File: Line:0 Function: Type:Debug:
DateTime:2026-09-14 15:14:23.561:"-----------------------------"                            File: Line:0 Function: Type:Debug:
DateTime:2026-09-14 15:14:23.564:"=============执行【Step14-三相功率源关源】==================="                            File: Line:0 Function: Type:Debug:
DateTime:2026-09-14 15:14:23.564:"--发送:A1 01 04 DC 07 00 E3"                            File: Line:0 Function: Type:Debug:
DateTime:2026-09-14 15:14:23.665:三相功率源关源成功                            File: Line:0 Function: Type:Debug:
DateTime:2026-09-14 15:14:23.665:"=========【Step14-三相功率源关源】结束=========="                            File: Line:0 Function: Type:Debug:
DateTime:2026-09-14 15:14:23.665:"-----------------------------"                            File: Line:0 Function: Type:Debug:
DateTime:2026-09-14 15:14:23.668:"=============执行【Step15-模块槽位下电】==================="                            File: Line:0 Function: Type:Debug:
DateTime:2026-09-14 15:14:23.668:"执行接口函数SimuCorn_power_off"                            File: Line:0 Function: Type:Debug:
DateTime:2026-09-14 15:14:23.668:callWorkFunction: SimuCorn_power_off                            File: Line:0 Function: Type:Debug:
DateTime:2026-09-14 15:14:23.668:找到对应函数，进入执行                            File: Line:0 Function: Type:Debug:
DateTime:2026-09-14 15:14:23.668:"工装发送：68 3E 00 3E 00 68 40 00 00 00 00 00 21 60 00 00 02 00 03 02 00 C8 16"                            File: Line:0 Function: Type:Debug:
DateTime:2026-09-14 15:14:23.669:"工装接收：68 32 00 32 00 68 80 00 00 00 00 00 00 60 00 00 01 00 E1 16 68 32 00 32 00 68 80 00 00 00 00 00 00 60 00 00 01 00 E1 16"                            File: Line:0 Function: Type:Debug:
DateTime:2026-09-14 15:14:23.669:"m_baRecvMsg:"                            File: Line:0 Function: Type:Debug:
DateTime:2026-09-14 15:14:23.669:"frameList.size():2"                            File: Line:0 Function: Type:Debug:
DateTime:2026-09-14 15:14:23.669:"进入报文解析"                            File: Line:0 Function: Type:Debug:
DateTime:2026-09-14 15:14:23.669:"68 32 00 32 00 68 80 00 00 00 00 00 00 60 00 00 01 00 E1 16"                            File: Line:0 Function: Type:Debug:
DateTime:2026-09-14 15:14:23.669:"解码完成，功能码: 1"                            File: Line:0 Function: Type:Debug:
DateTime:2026-09-14 15:14:23.669:"工装回复确认帧"                            File: Line:0 Function: Type:Debug:
DateTime:2026-09-14 15:14:23.669:"工装发送：68 3E 00 3E 00 68 40 00 00 00 00 00 21 60 00 00 02 00 04 02 00 C9 16"                            File: Line:0 Function: Type:Debug:
DateTime:2026-09-14 15:14:23.670:"工装接收：68 32 00 32 00 68 80 00 00 00 00 00 00 60 00 00 01 00 E1 16"                            File: Line:0 Function: Type:Debug:
DateTime:2026-09-14 15:14:23.670:"m_baRecvMsg:"                            File: Line:0 Function: Type:Debug:
DateTime:2026-09-14 15:14:23.670:"frameList.size():1"                            File: Line:0 Function: Type:Debug:
DateTime:2026-09-14 15:14:23.670:"进入报文解析"                            File: Line:0 Function: Type:Debug:
DateTime:2026-09-14 15:14:23.670:"68 32 00 32 00 68 80 00 00 00 00 00 00 60 00 00 01 00 E1 16"                            File: Line:0 Function: Type:Debug:
DateTime:2026-09-14 15:14:23.670:"解码完成，功能码: 1"                            File: Line:0 Function: Type:Debug:
DateTime:2026-09-14 15:14:23.670:"工装回复确认帧"                            File: Line:0 Function: Type:Debug:
DateTime:2026-09-14 15:14:23.670:"工装发送：68 3E 00 3E 00 68 40 00 00 00 00 00 21 60 00 00 02 00 05 02 00 CA 16"                            File: Line:0 Function: Type:Debug:
DateTime:2026-09-14 15:14:23.670:"工装接收：68 32 00 32 00 68 80 00 00 00 00 00 00 60 00 00 01 00 E1 16"                            File: Line:0 Function: Type:Debug:
DateTime:2026-09-14 15:14:23.670:"m_baRecvMsg:"                            File: Line:0 Function: Type:Debug:
DateTime:2026-09-14 15:14:23.670:"frameList.size():1"                            File: Line:0 Function: Type:Debug:
DateTime:2026-09-14 15:14:23.670:"进入报文解析"                            File: Line:0 Function: Type:Debug:
DateTime:2026-09-14 15:14:23.670:"68 32 00 32 00 68 80 00 00 00 00 00 00 60 00 00 01 00 E1 16"                            File: Line:0 Function: Type:Debug:
DateTime:2026-09-14 15:14:23.671:"解码完成，功能码: 1"                            File: Line:0 Function: Type:Debug:
DateTime:2026-09-14 15:14:23.671:"工装回复确认帧"                            File: Line:0 Function: Type:Debug:
DateTime:2026-09-14 15:14:23.671:"工装发送：68 3E 00 3E 00 68 40 00 00 00 00 00 21 60 00 00 02 00 06 02 00 CB 16"                            File: Line:0 Function: Type:Debug:
DateTime:2026-09-14 15:14:23.671:"工装接收：68 32 00 32 00 68 80 00 00 00 00 00 00 60 00 00 01 00 E1 16"                            File: Line:0 Function: Type:Debug:
DateTime:2026-09-14 15:14:23.671:"m_baRecvMsg:"                            File: Line:0 Function: Type:Debug:
DateTime:2026-09-14 15:14:23.671:"frameList.size():1"                            File: Line:0 Function: Type:Debug:
DateTime:2026-09-14 15:14:23.671:"进入报文解析"                            File: Line:0 Function: Type:Debug:
DateTime:2026-09-14 15:14:23.671:"68 32 00 32 00 68 80 00 00 00 00 00 00 60 00 00 01 00 E1 16"                            File: Line:0 Function: Type:Debug:
DateTime:2026-09-14 15:14:23.671:"解码完成，功能码: 1"                            File: Line:0 Function: Type:Debug:
DateTime:2026-09-14 15:14:23.671:"工装回复确认帧"                            File: Line:0 Function: Type:Debug:
DateTime:2026-09-14 15:14:23.671:"工装发送：68 3E 00 3E 00 68 40 00 00 00 00 00 21 60 00 00 02 00 07 02 00 CC 16"                            File: Line:0 Function: Type:Debug:
DateTime:2026-09-14 15:14:23.672:"工装接收：68 32 00 32 00 68 80 00 00 00 00 00 00 60 00 00 01 00 E1 16"                            File: Line:0 Function: Type:Debug:
DateTime:2026-09-14 15:14:23.672:"m_baRecvMsg:"                            File: Line:0 Function: Type:Debug:
DateTime:2026-09-14 15:14:23.672:"frameList.size():1"                            File: Line:0 Function: Type:Debug:
DateTime:2026-09-14 15:14:23.672:"进入报文解析"                            File: Line:0 Function: Type:Debug:
DateTime:2026-09-14 15:14:23.672:"68 32 00 32 00 68 80 00 00 00 00 00 00 60 00 00 01 00 E1 16"                            File: Line:0 Function: Type:Debug:
DateTime:2026-09-14 15:14:23.672:"解码完成，功能码: 1"                            File: Line:0 Function: Type:Debug:
DateTime:2026-09-14 15:14:23.672:"工装回复确认帧"                            File: Line:0 Function: Type:Debug:
DateTime:2026-09-14 15:14:23.672:"工装发送：68 3E 00 3E 00 68 40 00 00 00 00 00 21 60 00 00 02 00 08 02 00 CD 16"                            File: Line:0 Function: Type:Debug:
DateTime:2026-09-14 15:14:23.673:"工装接收：68 32 00 32 00 68 80 00 00 00 00 00 00 60 00 00 01 00 E1 16"                            File: Line:0 Function: Type:Debug:
DateTime:2026-09-14 15:14:23.673:"m_baRecvMsg:"                            File: Line:0 Function: Type:Debug:
DateTime:2026-09-14 15:14:23.673:"frameList.size():1"                            File: Line:0 Function: Type:Debug:
DateTime:2026-09-14 15:14:23.673:"进入报文解析"                            File: Line:0 Function: Type:Debug:
DateTime:2026-09-14 15:14:23.673:"68 32 00 32 00 68 80 00 00 00 00 00 00 60 00 00 01 00 E1 16"                            File: Line:0 Function: Type:Debug:
DateTime:2026-09-14 15:14:23.673:"解码完成，功能码: 1"                            File: Line:0 Function: Type:Debug:
DateTime:2026-09-14 15:14:23.673:"工装回复确认帧"                            File: Line:0 Function: Type:Debug:
DateTime:2026-09-14 15:14:23.673:"所有槽位下电成功"                            File: Line:0 Function: Type:Debug:
DateTime:2026-09-14 15:14:23.773:dll输出信息: ""                            File: Line:0 Function: Type:Debug:
DateTime:2026-09-14 15:14:23.773:接口函数调用成功，返回的结果为 0                            File: Line:0 Function: Type:Debug:
DateTime:2026-09-14 15:14:23.773:"外部传入的para：0，返回的result：0,返回的pValRet：0"                            File: Line:0 Function: Type:Debug:
DateTime:2026-09-14 15:14:23.773:"执行接口函数SimuCorn_power_off完成"                            File: Line:0 Function: Type:Debug:
DateTime:2026-09-14 15:14:23.774:coorIndex 0                            File: Line:0 Function: Type:Debug:
DateTime:2026-09-14 15:14:23.774:当前流程结束                            File: Line:0 Function: Type:Debug:
DateTime:2026-09-14 15:14:23.774:退出connect函数                            File: Line:0 Function: Type:Debug:
DateTime:2026-09-14 15:14:23.774:"=========【Step15-模块槽位下电】结束=========="                            File: Line:0 Function: Type:Debug:
DateTime:2026-09-14 15:14:23.774:"-----------------------------"                            File: Line:0 Function: Type:Debug:
DateTime:2026-09-14 15:14:23.776:"=============执行【Step16-停电事件上报测试(路由停电事件有去重处理，2min之内再次停电不上报)】==================="                            File: Line:0 Function: Type:Debug:
DateTime:2026-09-14 15:14:23.776:"执行接口函数CCO_Func_Power_OFF_Event"                            File: Line:0 Function: Type:Debug:
DateTime:2026-09-14 15:14:23.777:callWorkFunction: CCO_Func_Power_OFF_Event                            File: Line:0 Function: Type:Debug:
DateTime:2026-09-14 15:14:23.777:找到对应函数，进入执行                            File: Line:0 Function: Type:Debug:
DateTime:2026-09-14 15:14:23.777:"uTimeSecond_ms:5000"                            File: Line:0 Function: Type:Debug:
DateTime:2026-09-14 15:14:26.799:"等待工装回复超时"                            File: Line:0 Function: Type:Debug:
DateTime:2026-09-14 15:14:29.821:"等待工装回复超时"                            File: Line:0 Function: Type:Debug:
DateTime:2026-09-14 15:14:29.821:"uTimeSecond_ms:5000"                            File: Line:0 Function: Type:Debug:
DateTime:2026-09-14 15:14:32.843:"等待工装回复超时"                            File: Line:0 Function: Type:Debug:
DateTime:2026-09-14 15:14:35.865:"等待工装回复超时"                            File: Line:0 Function: Type:Debug:
DateTime:2026-09-14 15:14:35.865:"uTimeSecond_ms:5000"                            File: Line:0 Function: Type:Debug:
DateTime:2026-09-14 15:14:38.887:"等待工装回复超时"                            File: Line:0 Function: Type:Debug:
DateTime:2026-09-14 15:14:41.909:"等待工装回复超时"                            File: Line:0 Function: Type:Debug:
DateTime:2026-09-14 15:14:41.909:"uTimeSecond_ms:5000"                            File: Line:0 Function: Type:Debug:
DateTime:2026-09-14 15:14:44.931:"等待工装回复超时"                            File: Line:0 Function: Type:Debug:
DateTime:2026-09-14 15:14:47.953:"等待工装回复超时"                            File: Line:0 Function: Type:Debug:
DateTime:2026-09-14 15:14:47.953:"uTimeSecond_ms:5000"                            File: Line:0 Function: Type:Debug:
DateTime:2026-09-14 15:14:50.975:"等待工装回复超时"                            File: Line:0 Function: Type:Debug:
DateTime:2026-09-14 15:14:53.996:"等待工装回复超时"                            File: Line:0 Function: Type:Debug:
DateTime:2026-09-14 15:14:53.996:"uTimeSecond_ms:5000"                            File: Line:0 Function: Type:Debug:
DateTime:2026-09-14 15:14:57.018:"等待工装回复超时"                            File: Line:0 Function: Type:Debug:
DateTime:2026-09-14 15:15:00.040:"等待工装回复超时"                            File: Line:0 Function: Type:Debug:
DateTime:2026-09-14 15:15:00.040:"uTimeSecond_ms:5000"                            File: Line:0 Function: Type:Debug:
DateTime:2026-09-14 15:15:03.062:"等待工装回复超时"                            File: Line:0 Function: Type:Debug:
DateTime:2026-09-14 15:15:06.084:"等待工装回复超时"                            File: Line:0 Function: Type:Debug:
DateTime:2026-09-14 15:15:06.084:"uTimeSecond_ms:5000"                            File: Line:0 Function: Type:Debug:
DateTime:2026-09-14 15:15:09.106:"等待工装回复超时"                            File: Line:0 Function: Type:Debug:
DateTime:2026-09-14 15:15:12.128:"等待工装回复超时"                            File: Line:0 Function: Type:Debug:
DateTime:2026-09-14 15:15:12.128:"uTimeSecond_ms:5000"                            File: Line:0 Function: Type:Debug:
DateTime:2026-09-14 15:15:15.150:"等待工装回复超时"                            File: Line:0 Function: Type:Debug:
DateTime:2026-09-14 15:15:18.172:"等待工装回复超时"                            File: Line:0 Function: Type:Debug:
DateTime:2026-09-14 15:15:18.172:"uTimeSecond_ms:5000"                            File: Line:0 Function: Type:Debug:
DateTime:2026-09-14 15:15:21.194:"等待工装回复超时"                            File: Line:0 Function: Type:Debug:
DateTime:2026-09-14 15:15:24.216:"等待工装回复超时"                            File: Line:0 Function: Type:Debug:
DateTime:2026-09-14 15:15:24.216:"uTimeSecond_ms:5000"                            File: Line:0 Function: Type:Debug:
DateTime:2026-09-14 15:15:27.238:"等待工装回复超时"                            File: Line:0 Function: Type:Debug:
DateTime:2026-09-14 15:15:30.259:"等待工装回复超时"                            File: Line:0 Function: Type:Debug:
DateTime:2026-09-14 15:15:30.259:"uTimeSecond_ms:5000"                            File: Line:0 Function: Type:Debug:
DateTime:2026-09-14 15:15:33.281:"等待工装回复超时"                            File: Line:0 Function: Type:Debug:
DateTime:2026-09-14 15:15:36.303:"等待工装回复超时"                            File: Line:0 Function: Type:Debug:
DateTime:2026-09-14 15:15:36.303:"uTimeSecond_ms:5000"                            File: Line:0 Function: Type:Debug:
DateTime:2026-09-14 15:15:39.325:"等待工装回复超时"                            File: Line:0 Function: Type:Debug:
DateTime:2026-09-14 15:15:42.347:"等待工装回复超时"                            File: Line:0 Function: Type:Debug:
DateTime:2026-09-14 15:15:42.347:"uTimeSecond_ms:5000"                            File: Line:0 Function: Type:Debug:
DateTime:2026-09-14 15:15:45.369:"等待工装回复超时"                            File: Line:0 Function: Type:Debug:
DateTime:2026-09-14 15:15:48.391:"等待工装回复超时"                            File: Line:0 Function: Type:Debug:
DateTime:2026-09-14 15:15:48.391:"uTimeSecond_ms:5000"                            File: Line:0 Function: Type:Debug:
DateTime:2026-09-14 15:15:51.413:"等待工装回复超时"                            File: Line:0 Function: Type:Debug:
DateTime:2026-09-14 15:15:54.435:"等待工装回复超时"                            File: Line:0 Function: Type:Debug:
DateTime:2026-09-14 15:15:54.435:"uTimeSecond_ms:5000"                            File: Line:0 Function: Type:Debug:
DateTime:2026-09-14 15:15:57.457:"等待工装回复超时"                            File: Line:0 Function: Type:Debug:
DateTime:2026-09-14 15:16:00.479:"等待工装回复超时"                            File: Line:0 Function: Type:Debug:
DateTime:2026-09-14 15:16:00.479:"uTimeSecond_ms:5000"                            File: Line:0 Function: Type:Debug:
DateTime:2026-09-14 15:16:03.501:"等待工装回复超时"                            File: Line:0 Function: Type:Debug:
DateTime:2026-09-14 15:16:06.522:"等待工装回复超时"                            File: Line:0 Function: Type:Debug:
DateTime:2026-09-14 15:16:06.522:"uTimeSecond_ms:5000"                            File: Line:0 Function: Type:Debug:
DateTime:2026-09-14 15:16:09.544:"等待工装回复超时"                            File: Line:0 Function: Type:Debug:
DateTime:2026-09-14 15:16:12.566:"等待工装回复超时"                            File: Line:0 Function: Type:Debug:
DateTime:2026-09-14 15:16:12.566:"uTimeSecond_ms:5000"                            File: Line:0 Function: Type:Debug:
DateTime:2026-09-14 15:16:15.588:"等待工装回复超时"                            File: Line:0 Function: Type:Debug:
DateTime:2026-09-14 15:16:18.610:"等待工装回复超时"                            File: Line:0 Function: Type:Debug:
DateTime:2026-09-14 15:16:18.610:"uTimeSecond_ms:5000"                            File: Line:0 Function: Type:Debug:
DateTime:2026-09-14 15:16:18.759:"工装接收：68 72 01 72 01 68 80 00 00 00 00 00 22 60 00 00 01 00 02 4D 00 68 4D 00 C0 00 00 00 00 00 0C 56 02 00 01 12 90 78 56 34 12 36 68 12 90 78 56 34 12 68 81 2A 39 38 37 1E 35 39 3A 34 43 33 49 4C 37 34 43 33 49 4C 39 34 43 33 49 4C 38 34 43 33 49 4C 36 34 43 33 49 4C 3B 34 43 33 49 4C 32 16 8B 16 33 16"                            File: Line:0 Function: Type:Debug:
DateTime:2026-09-14 15:16:18.759:"m_baRecvMsg:"                            File: Line:0 Function: Type:Debug:
DateTime:2026-09-14 15:16:18.759:"rameList.size():"                            File: Line:0 Function: Type:Debug:
DateTime:2026-09-14 15:16:18.760:"进入报文解析"                            File: Line:0 Function: Type:Debug:
DateTime:2026-09-14 15:16:18.760:"68 72 01 72 01 68 80 00 00 00 00 00 22 60 00 00 01 00 02 4D 00 68 4D 00 C0 00 00 00 00 00 0C 56 02 00 01 12 90 78 56 34 12 36 68 12 90 78 56 34 12 68 81 2A 39 38 37 1E 35 39 3A 34 43 33 49 4C 37 34 43 33 49 4C 39 34 43 33 49 4C 38 34 43 33 49 4C 36 34 43 33 49 4C 3B 34 43 33 49 4C 32 16 8B 16 33 16"                            File: Line:0 Function: Type:Debug:
DateTime:2026-09-14 15:16:18.760:"解码完成，功能码: 4"                            File: Line:0 Function: Type:Debug:
DateTime:2026-09-14 15:16:18.760:"工装回复透传报文"                            File: Line:0 Function: Type:Debug:
DateTime:2026-09-14 15:16:18.760:"024D00684D00C000000000000C56020001129078563412366812907856341268812A3938371E35393A344333494C37344333494C39344333494C38344333494C36344333494C3B344333494C32168B16"                            File: Line:0 Function: Type:Debug:
DateTime:2026-09-14 15:16:18.760:"内容:68 4d 00 c0 00 00 00 00 00 0c 56 02 00 01 12 90 78 56 34 12 36 68 12 90 78 56 34 12 68 81 2a 39 38 37 1e 35 39 3a 34 43 33 49 4c 37 34 43 33 49 4c 39 34 43 33 49 4c 38 34 43 33 49 4c 36 34 43 33 49 4c 3b 34 43 33 49 4c 32 16 8b 16"                            File: Line:0 Function: Type:Debug:
DateTime:2026-09-14 15:16:21.681:"等待工装回复超时"                            File: Line:0 Function: Type:Debug:
DateTime:2026-09-14 15:16:21.681:"查找结果: iret=0, wStart=0, dwOutLen=77, dwStreamLen=77, dwFindPos=0"                            File: Line:0 Function: Type:Debug:
DateTime:2026-09-14 15:16:21.681:"Receive:<= 68 4D 00 C0 00 00 00 00 00 0C 56 02 00 01 12 90 78 56 34 12 36 68 12 90 78 56 34 12 68 81 2A 39 38 37 1E 35 39 3A 34 43 33 49 4C 37 34 43 33 49 4C 39 34 43 33 49 4C 38 34 43 33 49 4C 36 34 43 33 49 4C 3B 34 43 33 49 4C 32 16 8B 16"                            File: Line:0 Function: Type:Debug:
DateTime:2026-09-14 15:16:21.681:"解析：功能码-AFN=56H,Fn=2："                            File: Line:0 Function: Type:Debug:
DateTime:2026-09-14 15:16:21.681:"Send(确认)：=> 68 0F 00 43 00 00 00 00 00 0C 50 01 00 A0 16"                            File: Line:0 Function: Type:Debug:
DateTime:2026-09-14 15:16:21.681:"槽位2透传:687E007E006840000000000022600000010002013C00680F004300000000000C500100A016CF16"                            File: Line:0 Function: Type:Debug:
DateTime:2026-09-14 15:16:21.681:"工装发送：68 7E 00 7E 00 68 40 00 00 00 00 00 22 60 00 00 01 00 02 01 3C 00 68 0F 00 43 00 00 00 00 00 0C 50 01 00 A0 16 CF 16"                            File: Line:0 Function: Type:Debug:
DateTime:2026-09-14 15:16:21.681:"停上电类型--其他"                            File: Line:0 Function: Type:Debug:
DateTime:2026-09-14 15:16:21.681:"uTimeSecond_ms:5000"                            File: Line:0 Function: Type:Debug:
DateTime:2026-09-14 15:16:21.699:"工装接收：68 32 00 32 00 68 80 00 00 00 00 00 00 60 00 00 01 00 E1 16"                            File: Line:0 Function: Type:Debug:
DateTime:2026-09-14 15:16:21.699:"m_baRecvMsg:"                            File: Line:0 Function: Type:Debug:
DateTime:2026-09-14 15:16:21.699:"rameList.size():"                            File: Line:0 Function: Type:Debug:
DateTime:2026-09-14 15:16:21.699:"进入报文解析"                            File: Line:0 Function: Type:Debug:
DateTime:2026-09-14 15:16:21.699:"68 32 00 32 00 68 80 00 00 00 00 00 00 60 00 00 01 00 E1 16"                            File: Line:0 Function: Type:Debug:
DateTime:2026-09-14 15:16:21.699:"解码完成，功能码: 1"                            File: Line:0 Function: Type:Debug:
DateTime:2026-09-14 15:16:21.699:"工装回复确认帧"                            File: Line:0 Function: Type:Debug:
DateTime:2026-09-14 15:16:27.743:"等待工装回复超时"                            File: Line:0 Function: Type:Debug:
DateTime:2026-09-14 15:16:27.743:"停电事件测试时间到,上报成功率:0%"                            File: Line:0 Function: Type:Debug:
DateTime:2026-09-14 15:16:27.743:dll输出信息: ""                            File: Line:0 Function: Type:Debug:
DateTime:2026-09-14 15:16:27.743:接口函数调用成功，返回的结果为 0                            File: Line:0 Function: Type:Debug:
DateTime:2026-09-14 15:16:27.743:"外部传入的para：1，返回的result：0,返回的pValRet：1"                            File: Line:0 Function: Type:Debug:
DateTime:2026-09-14 15:16:27.743:"执行接口函数CCO_Func_Power_OFF_Event完成"                            File: Line:0 Function: Type:Debug:
DateTime:2026-09-14 15:16:27.744:coorIndex 0                            File: Line:0 Function: Type:Debug:
DateTime:2026-09-14 15:16:27.744:当前流程结束                            File: Line:0 Function: Type:Debug:
DateTime:2026-09-14 15:16:27.744:退出connect函数                            File: Line:0 Function: Type:Debug:
DateTime:2026-09-14 15:16:27.744:"=========【Step16-停电事件上报测试(路由停电事件有去重处理，2min之内再次停电不上报)】结束=========="                            File: Line:0 Function: Type:Debug:
DateTime:2026-09-14 15:16:27.744:"-----------------------------"                            File: Line:0 Function: Type:Debug:
DateTime:2026-09-14 15:16:27.747:"=============执行【Step17-三相功率源升源】==================="                            File: Line:0 Function: Type:Debug:
DateTime:2026-09-14 15:16:27.747:"--发送:A1 01 04 DC 07 01 E4"                            File: Line:0 Function: Type:Debug:
DateTime:2026-09-14 15:16:27.847:三相功率源生源成功                            File: Line:0 Function: Type:Debug:
DateTime:2026-09-14 15:16:27.847:"=========【Step17-三相功率源升源】结束=========="                            File: Line:0 Function: Type:Debug:
DateTime:2026-09-14 15:16:27.847:"-----------------------------"                            File: Line:0 Function: Type:Debug:
DateTime:2026-09-14 15:16:27.850:"=============执行【Step18-模块槽位上电】==================="                            File: Line:0 Function: Type:Debug:
DateTime:2026-09-14 15:16:27.850:"执行接口函数SimuCorn_power_on"                            File: Line:0 Function: Type:Debug:
DateTime:2026-09-14 15:16:27.850:callWorkFunction: SimuCorn_power_on                            File: Line:0 Function: Type:Debug:
DateTime:2026-09-14 15:16:27.851:找到对应函数，进入执行                            File: Line:0 Function: Type:Debug:
DateTime:2026-09-14 15:16:27.851:"工装发送：68 3E 00 3E 00 68 40 00 00 00 00 00 21 60 00 00 02 00 03 02 01 C9 16"                            File: Line:0 Function: Type:Debug:
DateTime:2026-09-14 15:16:27.851:"工装接收：68 32 00 32 00 68 80 00 00 00 00 00 00 60 00 00 01 00 E1 16"                            File: Line:0 Function: Type:Debug:
DateTime:2026-09-14 15:16:27.851:"m_baRecvMsg:"                            File: Line:0 Function: Type:Debug:
DateTime:2026-09-14 15:16:27.851:"frameList.size():1"                            File: Line:0 Function: Type:Debug:
DateTime:2026-09-14 15:16:27.851:"进入报文解析"                            File: Line:0 Function: Type:Debug:
DateTime:2026-09-14 15:16:27.851:"68 32 00 32 00 68 80 00 00 00 00 00 00 60 00 00 01 00 E1 16"                            File: Line:0 Function: Type:Debug:
DateTime:2026-09-14 15:16:27.851:"解码完成，功能码: 1"                            File: Line:0 Function: Type:Debug:
DateTime:2026-09-14 15:16:27.851:"工装回复确认帧"                            File: Line:0 Function: Type:Debug:
DateTime:2026-09-14 15:16:27.851:"工装发送：68 3E 00 3E 00 68 40 00 00 00 00 00 21 60 00 00 02 00 04 02 01 CA 16"                            File: Line:0 Function: Type:Debug:
DateTime:2026-09-14 15:16:27.852:"工装接收：68 32 00 32 00 68 80 00 00 00 00 00 00 60 00 00 01 00 E1 16"                            File: Line:0 Function: Type:Debug:
DateTime:2026-09-14 15:16:27.852:"m_baRecvMsg:"                            File: Line:0 Function: Type:Debug:
DateTime:2026-09-14 15:16:27.852:"frameList.size():1"                            File: Line:0 Function: Type:Debug:
DateTime:2026-09-14 15:16:27.852:"进入报文解析"                            File: Line:0 Function: Type:Debug:
DateTime:2026-09-14 15:16:27.852:"68 32 00 32 00 68 80 00 00 00 00 00 00 60 00 00 01 00 E1 16"                            File: Line:0 Function: Type:Debug:
DateTime:2026-09-14 15:16:27.852:"解码完成，功能码: 1"                            File: Line:0 Function: Type:Debug:
DateTime:2026-09-14 15:16:27.852:"工装回复确认帧"                            File: Line:0 Function: Type:Debug:
DateTime:2026-09-14 15:16:27.852:"工装发送：68 3E 00 3E 00 68 40 00 00 00 00 00 21 60 00 00 02 00 05 02 01 CB 16"                            File: Line:0 Function: Type:Debug:
DateTime:2026-09-14 15:16:27.853:"工装接收：68 32 00 32 00 68 80 00 00 00 00 00 00 60 00 00 01 00 E1 16"                            File: Line:0 Function: Type:Debug:
DateTime:2026-09-14 15:16:27.853:"m_baRecvMsg:"                            File: Line:0 Function: Type:Debug:
DateTime:2026-09-14 15:16:27.853:"frameList.size():1"                            File: Line:0 Function: Type:Debug:
DateTime:2026-09-14 15:16:27.853:"进入报文解析"                            File: Line:0 Function: Type:Debug:
DateTime:2026-09-14 15:16:27.853:"68 32 00 32 00 68 80 00 00 00 00 00 00 60 00 00 01 00 E1 16"                            File: Line:0 Function: Type:Debug:
DateTime:2026-09-14 15:16:27.853:"解码完成，功能码: 1"                            File: Line:0 Function: Type:Debug:
DateTime:2026-09-14 15:16:27.853:"工装回复确认帧"                            File: Line:0 Function: Type:Debug:
DateTime:2026-09-14 15:16:27.853:"工装发送：68 3E 00 3E 00 68 40 00 00 00 00 00 21 60 00 00 02 00 06 02 01 CC 16"                            File: Line:0 Function: Type:Debug:
DateTime:2026-09-14 15:16:27.853:"工装接收：68 32 00 32 00 68 80 00 00 00 00 00 00 60 00 00 01 00 E1 16"                            File: Line:0 Function: Type:Debug:
DateTime:2026-09-14 15:16:27.854:"m_baRecvMsg:"                            File: Line:0 Function: Type:Debug:
DateTime:2026-09-14 15:16:27.854:"frameList.size():1"                            File: Line:0 Function: Type:Debug:
DateTime:2026-09-14 15:16:27.854:"进入报文解析"                            File: Line:0 Function: Type:Debug:
DateTime:2026-09-14 15:16:27.854:"68 32 00 32 00 68 80 00 00 00 00 00 00 60 00 00 01 00 E1 16"                            File: Line:0 Function: Type:Debug:
DateTime:2026-09-14 15:16:27.854:"解码完成，功能码: 1"                            File: Line:0 Function: Type:Debug:
DateTime:2026-09-14 15:16:27.854:"工装回复确认帧"                            File: Line:0 Function: Type:Debug:
DateTime:2026-09-14 15:16:27.854:"工装发送：68 3E 00 3E 00 68 40 00 00 00 00 00 21 60 00 00 02 00 07 02 01 CD 16"                            File: Line:0 Function: Type:Debug:
DateTime:2026-09-14 15:16:27.854:"工装接收：68 32 00 32 00 68 80 00 00 00 00 00 00 60 00 00 01 00 E1 16"                            File: Line:0 Function: Type:Debug:
DateTime:2026-09-14 15:16:27.854:"m_baRecvMsg:"                            File: Line:0 Function: Type:Debug:
DateTime:2026-09-14 15:16:27.854:"frameList.size():1"                            File: Line:0 Function: Type:Debug:
DateTime:2026-09-14 15:16:27.854:"进入报文解析"                            File: Line:0 Function: Type:Debug:
DateTime:2026-09-14 15:16:27.854:"68 32 00 32 00 68 80 00 00 00 00 00 00 60 00 00 01 00 E1 16"                            File: Line:0 Function: Type:Debug:
DateTime:2026-09-14 15:16:27.854:"解码完成，功能码: 1"                            File: Line:0 Function: Type:Debug:
DateTime:2026-09-14 15:16:27.854:"工装回复确认帧"                            File: Line:0 Function: Type:Debug:
DateTime:2026-09-14 15:16:27.854:"工装发送：68 3E 00 3E 00 68 40 00 00 00 00 00 21 60 00 00 02 00 08 02 01 CE 16"                            File: Line:0 Function: Type:Debug:
DateTime:2026-09-14 15:16:27.855:"工装接收：68 32 00 32 00 68 80 00 00 00 00 00 00 60 00 00 01 00 E1 16"                            File: Line:0 Function: Type:Debug:
DateTime:2026-09-14 15:16:27.855:"m_baRecvMsg:"                            File: Line:0 Function: Type:Debug:
DateTime:2026-09-14 15:16:27.855:"frameList.size():1"                            File: Line:0 Function: Type:Debug:
DateTime:2026-09-14 15:16:27.855:"进入报文解析"                            File: Line:0 Function: Type:Debug:
DateTime:2026-09-14 15:16:27.855:"68 32 00 32 00 68 80 00 00 00 00 00 00 60 00 00 01 00 E1 16"                            File: Line:0 Function: Type:Debug:
DateTime:2026-09-14 15:16:27.855:"解码完成，功能码: 1"                            File: Line:0 Function: Type:Debug:
DateTime:2026-09-14 15:16:27.855:"工装回复确认帧"                            File: Line:0 Function: Type:Debug:
DateTime:2026-09-14 15:16:27.855:"所有槽位上电成功"                            File: Line:0 Function: Type:Debug:
DateTime:2026-09-14 15:16:27.957:dll输出信息: ""                            File: Line:0 Function: Type:Debug:
DateTime:2026-09-14 15:16:27.957:接口函数调用成功，返回的结果为 0                            File: Line:0 Function: Type:Debug:
DateTime:2026-09-14 15:16:27.957:"外部传入的para：0，返回的result：0,返回的pValRet：0"                            File: Line:0 Function: Type:Debug:
DateTime:2026-09-14 15:16:27.957:"执行接口函数SimuCorn_power_on完成"                            File: Line:0 Function: Type:Debug:
DateTime:2026-09-14 15:16:27.958:coorIndex 0                            File: Line:0 Function: Type:Debug:
DateTime:2026-09-14 15:16:27.958:当前流程结束                            File: Line:0 Function: Type:Debug:
DateTime:2026-09-14 15:16:27.958:退出connect函数                            File: Line:0 Function: Type:Debug:
DateTime:2026-09-14 15:16:27.958:"=========【Step18-模块槽位上电】结束=========="                            File: Line:0 Function: Type:Debug:
DateTime:2026-09-14 15:16:27.958:"-----------------------------"                            File: Line:0 Function: Type:Debug:
DateTime:2026-09-14 15:16:27.961:"=============执行【Step19-复电事件上报测试】==================="                            File: Line:0 Function: Type:Debug:
DateTime:2026-09-14 15:16:27.961:"执行接口函数CCO_Func_Power_ON_Event"                            File: Line:0 Function: Type:Debug:
DateTime:2026-09-14 15:16:27.961:callWorkFunction: CCO_Func_Power_ON_Event                            File: Line:0 Function: Type:Debug:
DateTime:2026-09-14 15:16:27.961:找到对应函数，进入执行                            File: Line:0 Function: Type:Debug:
DateTime:2026-09-14 15:16:27.961:"uTimeSecond_ms:5000"                            File: Line:0 Function: Type:Debug:
DateTime:2026-09-14 15:16:30.983:"等待工装回复超时"                            File: Line:0 Function: Type:Debug:
DateTime:2026-09-14 15:16:34.005:"等待工装回复超时"                            File: Line:0 Function: Type:Debug:
DateTime:2026-09-14 15:16:34.005:"uTimeSecond_ms:5000"                            File: Line:0 Function: Type:Debug:
DateTime:2026-09-14 15:16:37.027:"等待工装回复超时"                            File: Line:0 Function: Type:Debug:
DateTime:2026-09-14 15:16:40.049:"等待工装回复超时"                            File: Line:0 Function: Type:Debug:
DateTime:2026-09-14 15:16:40.049:"uTimeSecond_ms:5000"                            File: Line:0 Function: Type:Debug:
DateTime:2026-09-14 15:16:43.071:"等待工装回复超时"                            File: Line:0 Function: Type:Debug:
DateTime:2026-09-14 15:16:43.758:"工装接收：68 72 01 72 01 68 80 00 00 00 00 00 22 60 00 00 01 00 02 4D 00 68 4D 00 C0 00 00 00 00 00 0D 56 02 00 01 12 90 78 56 34 12 36 68 12 90 78 56 34 12 68 81 2A 39 38 37 1E 34 39 38 34 43 33 49 4C 3A 34 43 33 49 4C 36 34 43 33 49 4C 3B 34 43 33 49 4C 37 34 43 33 49 4C 39 34 43 33 49 4C 31 16 8A 16 31 16"                            File: Line:0 Function: Type:Debug:
DateTime:2026-09-14 15:16:43.758:"m_baRecvMsg:"                            File: Line:0 Function: Type:Debug:
DateTime:2026-09-14 15:16:43.758:"rameList.size():"                            File: Line:0 Function: Type:Debug:
DateTime:2026-09-14 15:16:43.758:"进入报文解析"                            File: Line:0 Function: Type:Debug:
DateTime:2026-09-14 15:16:43.758:"68 72 01 72 01 68 80 00 00 00 00 00 22 60 00 00 01 00 02 4D 00 68 4D 00 C0 00 00 00 00 00 0D 56 02 00 01 12 90 78 56 34 12 36 68 12 90 78 56 34 12 68 81 2A 39 38 37 1E 34 39 38 34 43 33 49 4C 3A 34 43 33 49 4C 36 34 43 33 49 4C 3B 34 43 33 49 4C 37 34 43 33 49 4C 39 34 43 33 49 4C 31 16 8A 16 31 16"                            File: Line:0 Function: Type:Debug:
DateTime:2026-09-14 15:16:43.758:"解码完成，功能码: 4"                            File: Line:0 Function: Type:Debug:
DateTime:2026-09-14 15:16:43.759:"工装回复透传报文"                            File: Line:0 Function: Type:Debug:
DateTime:2026-09-14 15:16:43.759:"024D00684D00C000000000000D56020001129078563412366812907856341268812A3938371E343938344333494C3A344333494C36344333494C3B344333494C37344333494C39344333494C31168A16"                            File: Line:0 Function: Type:Debug:
DateTime:2026-09-14 15:16:43.759:"内容:68 4d 00 c0 00 00 00 00 00 0d 56 02 00 01 12 90 78 56 34 12 36 68 12 90 78 56 34 12 68 81 2a 39 38 37 1e 34 39 38 34 43 33 49 4c 3a 34 43 33 49 4c 36 34 43 33 49 4c 3b 34 43 33 49 4c 37 34 43 33 49 4c 39 34 43 33 49 4c 31 16 8a 16"                            File: Line:0 Function: Type:Debug:
DateTime:2026-09-14 15:16:46.076:"等待工装回复超时"                            File: Line:0 Function: Type:Debug:
DateTime:2026-09-14 15:16:46.076:"uTimeSecond_ms:5000"                            File: Line:0 Function: Type:Debug:
DateTime:2026-09-14 15:16:46.076:"查找结果: iret=0, wStart=0, dwOutLen=77, dwStreamLen=77, dwFindPos=0"                            File: Line:0 Function: Type:Debug:
DateTime:2026-09-14 15:16:46.076:"Receive:<= 68 4D 00 C0 00 00 00 00 00 0D 56 02 00 01 12 90 78 56 34 12 36 68 12 90 78 56 34 12 68 81 2A 39 38 37 1E 34 39 38 34 43 33 49 4C 3A 34 43 33 49 4C 36 34 43 33 49 4C 3B 34 43 33 49 4C 37 34 43 33 49 4C 39 34 43 33 49 4C 31 16 8A 16"                            File: Line:0 Function: Type:Debug:
DateTime:2026-09-14 15:16:46.076:"解析：功能码-AFN=56H,Fn=2："                            File: Line:0 Function: Type:Debug:
DateTime:2026-09-14 15:16:46.076:"Send(确认)：=> 68 0F 00 43 00 00 00 00 00 0D 50 01 00 A1 16"                            File: Line:0 Function: Type:Debug:
DateTime:2026-09-14 15:16:46.076:"槽位2透传:687E007E006840000000000022600000010002013C00680F004300000000000D500100A116D116"                            File: Line:0 Function: Type:Debug:
DateTime:2026-09-14 15:16:46.076:"工装发送：68 7E 00 7E 00 68 40 00 00 00 00 00 22 60 00 00 01 00 02 01 3C 00 68 0F 00 43 00 00 00 00 00 0D 50 01 00 A1 16 D1 16"                            File: Line:0 Function: Type:Debug:
DateTime:2026-09-14 15:16:46.076:"|****************事件上报状态：************************|"                            File: Line:0 Function: Type:Debug:
DateTime:2026-09-14 15:16:46.076:"地址191600100103：--复电事件上报成功"                            File: Line:0 Function: Type:Debug:
DateTime:2026-09-14 15:16:46.076:"地址191600100104：--复电事件上报成功"                            File: Line:0 Function: Type:Debug:
DateTime:2026-09-14 15:16:46.076:"地址191600100105：--复电事件上报成功"                            File: Line:0 Function: Type:Debug:
DateTime:2026-09-14 15:16:46.077:"地址191600100106：--复电事件上报成功"                            File: Line:0 Function: Type:Debug:
DateTime:2026-09-14 15:16:46.077:"地址191600100107：--复电事件上报成功"                            File: Line:0 Function: Type:Debug:
DateTime:2026-09-14 15:16:46.077:"地址191600100108：--复电事件上报成功"                            File: Line:0 Function: Type:Debug:
DateTime:2026-09-14 15:16:46.077:"|*******************结束*****************************|"                            File: Line:0 Function: Type:Debug:
DateTime:2026-09-14 15:16:56.077:"复电事件测试完成,上报成功率100%."                            File: Line:0 Function: Type:Debug:
DateTime:2026-09-14 15:16:56.077:dll输出信息: ""                            File: Line:0 Function: Type:Debug:
DateTime:2026-09-14 15:16:56.077:接口函数调用成功，返回的结果为 0                            File: Line:0 Function: Type:Debug:
DateTime:2026-09-14 15:16:56.077:"外部传入的para：0，返回的result：0,返回的pValRet：0"                            File: Line:0 Function: Type:Debug:
DateTime:2026-09-14 15:16:56.077:"执行接口函数CCO_Func_Power_ON_Event完成"                            File: Line:0 Function: Type:Debug:
DateTime:2026-09-14 15:16:56.078:coorIndex 0                            File: Line:0 Function: Type:Debug:
DateTime:2026-09-14 15:16:56.078:当前流程结束                            File: Line:0 Function: Type:Debug:
DateTime:2026-09-14 15:16:56.078:退出connect函数                            File: Line:0 Function: Type:Debug:
DateTime:2026-09-14 15:16:56.078:"=========【Step19-复电事件上报测试】结束=========="                            File: Line:0 Function: Type:Debug:
DateTime:2026-09-14 15:16:56.078:"-----------------------------"                            File: Line:0 Function: Type:Debug:
DateTime:2026-09-14 15:16:56.081:"=============执行【执行延时】==================="                            File: Line:0 Function: Type:Debug:
DateTime:2026-09-14 15:16:56.081:"执行接口函数Func_Delay"                            File: Line:0 Function: Type:Debug:
DateTime:2026-09-14 15:16:56.081:callWorkFunction: Func_Delay                            File: Line:0 Function: Type:Debug:
DateTime:2026-09-14 15:16:56.081:找到对应函数，进入执行                            File: Line:0 Function: Type:Debug:
DateTime:2026-09-14 15:16:56.081:"延时时间为240s"                            File: Line:0 Function: Type:Debug:
DateTime:2026-09-14 15:16:56.081:"uTimeSecond_ms:240000"                            File: Line:0 Function: Type:Debug:
DateTime:2026-09-14 15:16:56.223:"工装接收：68 32 00 32 00 68 80 00 00 00 00 00 00 60 00 00 01 00 E1 16 68 FA 00 FA 00 68 80 00 00 00 00 00 22 60 00 00 01 00 02 2F 00 68 2F 00 C0 00 00 00 00 00 0E 56 02 00 05 08 01 10 00 16 19 18 68 08 01 10 00 16 19 68 81 0C 35 33 36 1E 34 34 3B 34 43 33 49 4C 43 16 27 16 2F 16 68 FA 00 FA 00 68 80 00 00 00 00 00 22 60 00 00 01 00 02 2F 00 68 2F 00 C0 00 00 00 00 00 0E 56 02 00 05 08 01 10 00 16 19 18 68 08 01 10 00 16 19 68 81 0C 35 33 36 1E 34 34 3B 34 43 33 49 4C 43 16 27 16 2F 16"                            File: Line:0 Function: Type:Debug:
DateTime:2026-09-14 15:16:56.224:"m_baRecvMsg:"                            File: Line:0 Function: Type:Debug:
DateTime:2026-09-14 15:16:56.224:"meList.size():"                            File: Line:0 Function: Type:Debug:
DateTime:2026-09-14 15:16:56.224:"进入报文解析"                            File: Line:0 Function: Type:Debug:
DateTime:2026-09-14 15:16:56.224:"68 32 00 32 00 68 80 00 00 00 00 00 00 60 00 00 01 00 E1 16"                            File: Line:0 Function: Type:Debug:
DateTime:2026-09-14 15:16:56.224:"解码完成，功能码: 1"                            File: Line:0 Function: Type:Debug:
DateTime:2026-09-14 15:16:56.224:"工装回复确认帧"                            File: Line:0 Function: Type:Debug:
DateTime:2026-09-14 15:16:56.224:"进入报文解析"                            File: Line:0 Function: Type:Debug:
DateTime:2026-09-14 15:16:56.224:"68 FA 00 FA 00 68 80 00 00 00 00 00 22 60 00 00 01 00 02 2F 00 68 2F 00 C0 00 00 00 00 00 0E 56 02 00 05 08 01 10 00 16 19 18 68 08 01 10 00 16 19 68 81 0C 35 33 36 1E 34 34 3B 34 43 33 49 4C 43 16 27 16 2F 16"                            File: Line:0 Function: Type:Debug:
DateTime:2026-09-14 15:16:56.224:"解码完成，功能码: 4"                            File: Line:0 Function: Type:Debug:
DateTime:2026-09-14 15:16:56.224:"工装回复透传报文"                            File: Line:0 Function: Type:Debug:
DateTime:2026-09-14 15:16:56.224:"022F00682F00C000000000000E56020005080110001619186808011000161968810C3533361E34343B344333494C43162716"                            File: Line:0 Function: Type:Debug:
DateTime:2026-09-14 15:16:56.224:"内容:68 2f 00 c0 00 00 00 00 00 0e 56 02 00 05 08 01 10 00 16 19 18 68 08 01 10 00 16 19 68 81 0c 35 33 36 1e 34 34 3b 34 43 33 49 4c 43 16 27 16"                            File: Line:0 Function: Type:Debug:
DateTime:2026-09-14 15:16:56.224:"进入报文解析"                            File: Line:0 Function: Type:Debug:
DateTime:2026-09-14 15:16:56.224:"68 FA 00 FA 00 68 80 00 00 00 00 00 22 60 00 00 01 00 02 2F 00 68 2F 00 C0 00 00 00 00 00 0E 56 02 00 05 08 01 10 00 16 19 18 68 08 01 10 00 16 19 68 81 0C 35 33 36 1E 34 34 3B 34 43 33 49 4C 43 16 27 16 2F 16"                            File: Line:0 Function: Type:Debug:
DateTime:2026-09-14 15:16:56.224:"解码完成，功能码: 4"                            File: Line:0 Function: Type:Debug:
DateTime:2026-09-14 15:16:56.224:"工装回复透传报文"                            File: Line:0 Function: Type:Debug:
DateTime:2026-09-14 15:16:56.224:"022F00682F00C000000000000E56020005080110001619186808011000161968810C3533361E34343B344333494C43162716"                            File: Line:0 Function: Type:Debug:
DateTime:2026-09-14 15:16:56.224:"内容:68 2f 00 c0 00 00 00 00 00 0e 56 02 00 05 08 01 10 00 16 19 18 68 08 01 10 00 16 19 68 81 0c 35 33 36 1e 34 34 3b 34 43 33 49 4c 43 16 27 16"                            File: Line:0 Function: Type:Debug:
DateTime:2026-09-14 15:16:59.145:"查找结果: iret=0, wStart=0, dwOutLen=47, dwStreamLen=94, dwFindPos=0"                            File: Line:0 Function: Type:Debug:
DateTime:2026-09-14 15:16:59.145:"Receive:<= 68 2F 00 C0 00 00 00 00 00 0E 56 02 00 05 08 01 10 00 16 19 18 68 08 01 10 00 16 19 68 81 0C 35 33 36 1E 34 34 3B 34 43 33 49 4C 43 16 27 16"                            File: Line:0 Function: Type:Debug:
DateTime:2026-09-14 15:16:59.145:"解析：功能码-AFN=56H,Fn=2："                            File: Line:0 Function: Type:Debug:
DateTime:2026-09-14 15:16:59.145:"AFN或者Fn与预判不一致"                            File: Line:0 Function: Type:Debug:
DateTime:2026-09-14 15:16:59.145:"Send(确认)：=> 68 0F 00 43 00 00 00 00 00 0E 50 01 00 A2 16"                            File: Line:0 Function: Type:Debug:
DateTime:2026-09-14 15:16:59.145:"槽位2透传:687E007E006840000000000022600000010002013C00680F004300000000000E500100A216D316"                            File: Line:0 Function: Type:Debug:
DateTime:2026-09-14 15:16:59.145:"工装发送：68 7E 00 7E 00 68 40 00 00 00 00 00 22 60 00 00 01 00 02 01 3C 00 68 0F 00 43 00 00 00 00 00 0E 50 01 00 A2 16 D3 16"                            File: Line:0 Function: Type:Debug:
DateTime:2026-09-14 15:16:59.145:"查找结果: iret=0, wStart=0, dwOutLen=47, dwStreamLen=47, dwFindPos=47"                            File: Line:0 Function: Type:Debug:
DateTime:2026-09-14 15:16:59.145:"Receive:<= 68 2F 00 C0 00 00 00 00 00 0E 56 02 00 05 08 01 10 00 16 19 18 68 08 01 10 00 16 19 68 81 0C 35 33 36 1E 34 34 3B 34 43 33 49 4C 43 16 27 16"                            File: Line:0 Function: Type:Debug:
DateTime:2026-09-14 15:16:59.145:"解析：功能码-AFN=56H,Fn=2："                            File: Line:0 Function: Type:Debug:
DateTime:2026-09-14 15:16:59.145:"AFN或者Fn与预判不一致"                            File: Line:0 Function: Type:Debug:
DateTime:2026-09-14 15:16:59.145:"Send(确认)：=> 68 0F 00 43 00 00 00 00 00 0E 50 01 00 A2 16"                            File: Line:0 Function: Type:Debug:
DateTime:2026-09-14 15:16:59.146:"槽位2透传:687E007E006840000000000022600000010002013C00680F004300000000000E500100A216D316"                            File: Line:0 Function: Type:Debug:
DateTime:2026-09-14 15:16:59.146:"工装发送：68 7E 00 7E 00 68 40 00 00 00 00 00 22 60 00 00 01 00 02 01 3C 00 68 0F 00 43 00 00 00 00 00 0E 50 01 00 A2 16 D3 16"                            File: Line:0 Function: Type:Debug:
DateTime:2026-09-14 15:16:59.163:"工装接收：68 32 00 32 00 68 80 00 00 00 00 00 00 60 00 00 01 00 E1 16"                            File: Line:0 Function: Type:Debug:
DateTime:2026-09-14 15:16:59.163:"m_baRecvMsg:"                            File: Line:0 Function: Type:Debug:
DateTime:2026-09-14 15:16:59.163:"rameList.size():"                            File: Line:0 Function: Type:Debug:
DateTime:2026-09-14 15:16:59.163:"进入报文解析"                            File: Line:0 Function: Type:Debug:
DateTime:2026-09-14 15:16:59.163:"68 32 00 32 00 68 80 00 00 00 00 00 00 60 00 00 01 00 E1 16"                            File: Line:0 Function: Type:Debug:
DateTime:2026-09-14 15:16:59.163:"解码完成，功能码: 1"                            File: Line:0 Function: Type:Debug:
DateTime:2026-09-14 15:16:59.163:"工装回复确认帧"                            File: Line:0 Function: Type:Debug:
DateTime:2026-09-14 15:16:59.181:"工装接收：68 32 00 32 00 68 80 00 00 00 00 00 00 60 00 00 01 00 E1 16"                            File: Line:0 Function: Type:Debug:
DateTime:2026-09-14 15:16:59.181:"m_baRecvMsg:"                            File: Line:0 Function: Type:Debug:
DateTime:2026-09-14 15:16:59.181:"rameList.size():"                            File: Line:0 Function: Type:Debug:
DateTime:2026-09-14 15:16:59.181:"进入报文解析"                            File: Line:0 Function: Type:Debug:
DateTime:2026-09-14 15:16:59.181:"68 32 00 32 00 68 80 00 00 00 00 00 00 60 00 00 01 00 E1 16"                            File: Line:0 Function: Type:Debug:
DateTime:2026-09-14 15:16:59.181:"解码完成，功能码: 1"                            File: Line:0 Function: Type:Debug:
DateTime:2026-09-14 15:16:59.181:"工装回复确认帧"                            File: Line:0 Function: Type:Debug:
DateTime:2026-09-14 15:17:00.220:"工装接收：68 12 01 12 01 68 80 00 00 00 00 00 22 60 00 00 01 00 02 35 00 68 35 00 C0 00 00 00 00 00 0F 56 02 00 05 03 01 10 00 16 19 1E 68 99 99 99 99 99 99 68 81 12 35 33 36 1E 34 35 36 34 43 33 49 4C 37 34 43 33 49 4C 09 16 B5 16 57 16"                            File: Line:0 Function: Type:Debug:
DateTime:2026-09-14 15:17:00.220:"m_baRecvMsg:"                            File: Line:0 Function: Type:Debug:
DateTime:2026-09-14 15:17:00.220:"rameList.size():"                            File: Line:0 Function: Type:Debug:
DateTime:2026-09-14 15:17:00.220:"进入报文解析"                            File: Line:0 Function: Type:Debug:
DateTime:2026-09-14 15:17:00.220:"68 12 01 12 01 68 80 00 00 00 00 00 22 60 00 00 01 00 02 35 00 68 35 00 C0 00 00 00 00 00 0F 56 02 00 05 03 01 10 00 16 19 1E 68 99 99 99 99 99 99 68 81 12 35 33 36 1E 34 35 36 34 43 33 49 4C 37 34 43 33 49 4C 09 16 B5 16 57 16"                            File: Line:0 Function: Type:Debug:
DateTime:2026-09-14 15:17:00.220:"解码完成，功能码: 4"                            File: Line:0 Function: Type:Debug:
DateTime:2026-09-14 15:17:00.220:"工装回复透传报文"                            File: Line:0 Function: Type:Debug:
DateTime:2026-09-14 15:17:00.220:"023500683500C000000000000F560200050301100016191E689999999999996881123533361E343536344333494C37344333494C0916B516"                            File: Line:0 Function: Type:Debug:
DateTime:2026-09-14 15:17:00.220:"内容:68 35 00 c0 00 00 00 00 00 0f 56 02 00 05 03 01 10 00 16 19 1e 68 99 99 99 99 99 99 68 81 12 35 33 36 1e 34 35 36 34 43 33 49 4c 37 34 43 33 49 4c 09 16 b5 16"                            File: Line:0 Function: Type:Debug:
DateTime:2026-09-14 15:17:02.234:"查找结果: iret=0, wStart=0, dwOutLen=53, dwStreamLen=53, dwFindPos=0"                            File: Line:0 Function: Type:Debug:
DateTime:2026-09-14 15:17:02.234:"Receive:<= 68 35 00 C0 00 00 00 00 00 0F 56 02 00 05 03 01 10 00 16 19 1E 68 99 99 99 99 99 99 68 81 12 35 33 36 1E 34 35 36 34 43 33 49 4C 37 34 43 33 49 4C 09 16 B5 16"                            File: Line:0 Function: Type:Debug:
DateTime:2026-09-14 15:17:02.234:"解析：功能码-AFN=56H,Fn=2："                            File: Line:0 Function: Type:Debug:
DateTime:2026-09-14 15:17:02.234:"AFN或者Fn与预判不一致"                            File: Line:0 Function: Type:Debug:
DateTime:2026-09-14 15:17:02.234:"Send(确认)：=> 68 0F 00 43 00 00 00 00 00 0F 50 01 00 A3 16"                            File: Line:0 Function: Type:Debug:
DateTime:2026-09-14 15:17:02.234:"槽位2透传:687E007E006840000000000022600000010002013C00680F004300000000000F500100A316D516"                            File: Line:0 Function: Type:Debug:
DateTime:2026-09-14 15:17:02.234:"工装发送：68 7E 00 7E 00 68 40 00 00 00 00 00 22 60 00 00 01 00 02 01 3C 00 68 0F 00 43 00 00 00 00 00 0F 50 01 00 A3 16 D5 16"                            File: Line:0 Function: Type:Debug:
DateTime:2026-09-14 15:17:02.252:"工装接收：68 32 00 32 00 68 80 00 00 00 00 00 00 60 00 00 01 00 E1 16"                            File: Line:0 Function: Type:Debug:
DateTime:2026-09-14 15:17:02.252:"m_baRecvMsg:"                            File: Line:0 Function: Type:Debug:
DateTime:2026-09-14 15:17:02.252:"rameList.size():"                            File: Line:0 Function: Type:Debug:
DateTime:2026-09-14 15:17:02.252:"进入报文解析"                            File: Line:0 Function: Type:Debug:
DateTime:2026-09-14 15:17:02.252:"68 32 00 32 00 68 80 00 00 00 00 00 00 60 00 00 01 00 E1 16"                            File: Line:0 Function: Type:Debug:
DateTime:2026-09-14 15:17:02.252:"解码完成，功能码: 1"                            File: Line:0 Function: Type:Debug:
DateTime:2026-09-14 15:17:02.252:"工装回复确认帧"                            File: Line:0 Function: Type:Debug:
DateTime:2026-09-14 15:17:08.296:"等待工装回复超时"                            File: Line:0 Function: Type:Debug:
DateTime:2026-09-14 15:17:10.211:"工装接收：68 FA 00 FA 00 68 80 00 00 00 00 00 22 60 00 00 01 00 02 2F 00 68 2F 00 C0 00 00 00 00 00 10 56 02 00 05 06 01 10 00 16 19 18 68 06 01 10 00 16 19 68 81 0C 35 33 36 1E 34 34 39 34 43 33 49 4C 3F 16 1F 16 1F 16"                            File: Line:0 Function: Type:Debug:
DateTime:2026-09-14 15:17:10.212:"m_baRecvMsg:"                            File: Line:0 Function: Type:Debug:
DateTime:2026-09-14 15:17:10.212:"rameList.size():"                            File: Line:0 Function: Type:Debug:
DateTime:2026-09-14 15:17:10.212:"进入报文解析"                            File: Line:0 Function: Type:Debug:
DateTime:2026-09-14 15:17:10.212:"68 FA 00 FA 00 68 80 00 00 00 00 00 22 60 00 00 01 00 02 2F 00 68 2F 00 C0 00 00 00 00 00 10 56 02 00 05 06 01 10 00 16 19 18 68 06 01 10 00 16 19 68 81 0C 35 33 36 1E 34 34 39 34 43 33 49 4C 3F 16 1F 16 1F 16"                            File: Line:0 Function: Type:Debug:
DateTime:2026-09-14 15:17:10.212:"解码完成，功能码: 4"                            File: Line:0 Function: Type:Debug:
DateTime:2026-09-14 15:17:10.212:"工装回复透传报文"                            File: Line:0 Function: Type:Debug:
DateTime:2026-09-14 15:17:10.212:"022F00682F00C000000000001056020005060110001619186806011000161968810C3533361E343439344333494C3F161F16"                            File: Line:0 Function: Type:Debug:
DateTime:2026-09-14 15:17:10.212:"内容:68 2f 00 c0 00 00 00 00 00 10 56 02 00 05 06 01 10 00 16 19 18 68 06 01 10 00 16 19 68 81 0c 35 33 36 1e 34 34 39 34 43 33 49 4c 3f 16 1f 16"                            File: Line:0 Function: Type:Debug:
DateTime:2026-09-14 15:17:11.320:"等待工装回复超时"                            File: Line:0 Function: Type:Debug:
DateTime:2026-09-14 15:17:11.320:"查找结果: iret=0, wStart=0, dwOutLen=47, dwStreamLen=47, dwFindPos=0"                            File: Line:0 Function: Type:Debug:
DateTime:2026-09-14 15:17:11.320:"Receive:<= 68 2F 00 C0 00 00 00 00 00 10 56 02 00 05 06 01 10 00 16 19 18 68 06 01 10 00 16 19 68 81 0C 35 33 36 1E 34 34 39 34 43 33 49 4C 3F 16 1F 16"                            File: Line:0 Function: Type:Debug:
DateTime:2026-09-14 15:17:11.320:"解析：功能码-AFN=56H,Fn=2："                            File: Line:0 Function: Type:Debug:
DateTime:2026-09-14 15:17:11.320:"AFN或者Fn与预判不一致"                            File: Line:0 Function: Type:Debug:
DateTime:2026-09-14 15:17:11.320:"Send(确认)：=> 68 0F 00 43 00 00 00 00 00 10 50 01 00 A4 16"                            File: Line:0 Function: Type:Debug:
DateTime:2026-09-14 15:17:11.320:"槽位2透传:687E007E006840000000000022600000010002013C00680F0043000000000010500100A416D716"                            File: Line:0 Function: Type:Debug:
DateTime:2026-09-14 15:17:11.320:"工装发送：68 7E 00 7E 00 68 40 00 00 00 00 00 22 60 00 00 01 00 02 01 3C 00 68 0F 00 43 00 00 00 00 00 10 50 01 00 A4 16 D7 16"                            File: Line:0 Function: Type:Debug:
DateTime:2026-09-14 15:17:11.338:"工装接收：68 32 00 32 00 68 80 00 00 00 00 00 00 60 00 00 01 00 E1 16"                            File: Line:0 Function: Type:Debug:
DateTime:2026-09-14 15:17:11.338:"m_baRecvMsg:"                            File: Line:0 Function: Type:Debug:
DateTime:2026-09-14 15:17:11.338:"rameList.size():"                            File: Line:0 Function: Type:Debug:
DateTime:2026-09-14 15:17:11.338:"进入报文解析"                            File: Line:0 Function: Type:Debug:
DateTime:2026-09-14 15:17:11.338:"68 32 00 32 00 68 80 00 00 00 00 00 00 60 00 00 01 00 E1 16"                            File: Line:0 Function: Type:Debug:
DateTime:2026-09-14 15:17:11.338:"解码完成，功能码: 1"                            File: Line:0 Function: Type:Debug:
DateTime:2026-09-14 15:17:11.338:"工装回复确认帧"                            File: Line:0 Function: Type:Debug:
DateTime:2026-09-14 15:17:17.382:"等待工装回复超时"                            File: Line:0 Function: Type:Debug:
DateTime:2026-09-14 15:17:20.220:"工装接收：68 12 01 12 01 68 80 00 00 00 00 00 22 60 00 00 01 00 02 35 00 68 35 00 C0 00 00 00 00 00 11 56 02 00 05 05 01 10 00 16 19 1E 68 99 99 99 99 99 99 68 81 12 35 33 36 1E 34 35 38 34 43 33 49 4C 3A 34 43 33 49 4C 0E 16 C3 16 73 16"                            File: Line:0 Function: Type:Debug:
DateTime:2026-09-14 15:17:20.220:"m_baRecvMsg:"                            File: Line:0 Function: Type:Debug:
DateTime:2026-09-14 15:17:20.220:"rameList.size():"                            File: Line:0 Function: Type:Debug:
DateTime:2026-09-14 15:17:20.220:"进入报文解析"                            File: Line:0 Function: Type:Debug:
DateTime:2026-09-14 15:17:20.220:"68 12 01 12 01 68 80 00 00 00 00 00 22 60 00 00 01 00 02 35 00 68 35 00 C0 00 00 00 00 00 11 56 02 00 05 05 01 10 00 16 19 1E 68 99 99 99 99 99 99 68 81 12 35 33 36 1E 34 35 38 34 43 33 49 4C 3A 34 43 33 49 4C 0E 16 C3 16 73 16"                            File: Line:0 Function: Type:Debug:
DateTime:2026-09-14 15:17:20.221:"解码完成，功能码: 4"                            File: Line:0 Function: Type:Debug:
DateTime:2026-09-14 15:17:20.221:"工装回复透传报文"                            File: Line:0 Function: Type:Debug:
DateTime:2026-09-14 15:17:20.221:"023500683500C0000000000011560200050501100016191E689999999999996881123533361E343538344333494C3A344333494C0E16C316"                            File: Line:0 Function: Type:Debug:
DateTime:2026-09-14 15:17:20.221:"内容:68 35 00 c0 00 00 00 00 00 11 56 02 00 05 05 01 10 00 16 19 1e 68 99 99 99 99 99 99 68 81 12 35 33 36 1e 34 35 38 34 43 33 49 4c 3a 34 43 33 49 4c 0e 16 c3 16"                            File: Line:0 Function: Type:Debug:
DateTime:2026-09-14 15:17:20.423:"等待工装回复超时"                            File: Line:0 Function: Type:Debug:
DateTime:2026-09-14 15:17:20.423:"查找结果: iret=0, wStart=0, dwOutLen=53, dwStreamLen=53, dwFindPos=0"                            File: Line:0 Function: Type:Debug:
DateTime:2026-09-14 15:17:20.423:"Receive:<= 68 35 00 C0 00 00 00 00 00 11 56 02 00 05 05 01 10 00 16 19 1E 68 99 99 99 99 99 99 68 81 12 35 33 36 1E 34 35 38 34 43 33 49 4C 3A 34 43 33 49 4C 0E 16 C3 16"                            File: Line:0 Function: Type:Debug:
DateTime:2026-09-14 15:17:20.423:"解析：功能码-AFN=56H,Fn=2："                            File: Line:0 Function: Type:Debug:
DateTime:2026-09-14 15:17:20.423:"AFN或者Fn与预判不一致"                            File: Line:0 Function: Type:Debug:
DateTime:2026-09-14 15:17:20.423:"Send(确认)：=> 68 0F 00 43 00 00 00 00 00 11 50 01 00 A5 16"                            File: Line:0 Function: Type:Debug:
DateTime:2026-09-14 15:17:20.423:"槽位2透传:687E007E006840000000000022600000010002013C00680F0043000000000011500100A516D916"                            File: Line:0 Function: Type:Debug:
DateTime:2026-09-14 15:17:20.423:"工装发送：68 7E 00 7E 00 68 40 00 00 00 00 00 22 60 00 00 01 00 02 01 3C 00 68 0F 00 43 00 00 00 00 00 11 50 01 00 A5 16 D9 16"                            File: Line:0 Function: Type:Debug:
DateTime:2026-09-14 15:17:20.441:"工装接收：68 32 00 32 00 68 80 00 00 00 00 00 00 60 00 00 01 00 E1 16"                            File: Line:0 Function: Type:Debug:
DateTime:2026-09-14 15:17:20.441:"m_baRecvMsg:"                            File: Line:0 Function: Type:Debug:
DateTime:2026-09-14 15:17:20.441:"rameList.size():"                            File: Line:0 Function: Type:Debug:
DateTime:2026-09-14 15:17:20.441:"进入报文解析"                            File: Line:0 Function: Type:Debug:
DateTime:2026-09-14 15:17:20.441:"68 32 00 32 00 68 80 00 00 00 00 00 00 60 00 00 01 00 E1 16"                            File: Line:0 Function: Type:Debug:
DateTime:2026-09-14 15:17:20.441:"解码完成，功能码: 1"                            File: Line:0 Function: Type:Debug:
DateTime:2026-09-14 15:17:20.441:"工装回复确认帧"                            File: Line:0 Function: Type:Debug:
DateTime:2026-09-14 15:17:26.485:"等待工装回复超时"                            File: Line:0 Function: Type:Debug:
DateTime:2026-09-14 15:17:29.507:"等待工装回复超时"                            File: Line:0 Function: Type:Debug:
DateTime:2026-09-14 15:17:32.528:"等待工装回复超时"                            File: Line:0 Function: Type:Debug:
DateTime:2026-09-14 15:17:35.550:"等待工装回复超时"                            File: Line:0 Function: Type:Debug:
DateTime:2026-09-14 15:17:38.572:"等待工装回复超时"                            File: Line:0 Function: Type:Debug:
DateTime:2026-09-14 15:17:41.594:"等待工装回复超时"                            File: Line:0 Function: Type:Debug:
DateTime:2026-09-14 15:17:44.616:"等待工装回复超时"                            File: Line:0 Function: Type:Debug:
DateTime:2026-09-14 15:17:47.638:"等待工装回复超时"                            File: Line:0 Function: Type:Debug:
DateTime:2026-09-14 15:17:50.660:"等待工装回复超时"                            File: Line:0 Function: Type:Debug:
DateTime:2026-09-14 15:17:53.048:"RocketMq上报工况(设备输出信息):{\"devSeatNo\":\"1\",\"machNo\":\"\",\"occurTime\":\"2026-09-14 15:17:52\",\"plantNo\":\"YL-101601\",\"realTimeValues\":[{\"outParaName\":\"volage\",\"outParaValue\":\"220V\"}],\"remarks\":\"null\"}"                            File: Line:0 Function: Type:Debug:
DateTime:2026-09-14 15:17:53.048:QAbstractSocket::waitForDisconnected() is not allowed in UnconnectedState                            File: Line:0 Function: Type:Warning:
DateTime:2026-09-14 15:17:53.682:"等待工装回复超时"                            File: Line:0 Function: Type:Debug:
DateTime:2026-09-14 15:17:56.704:"等待工装回复超时"                            File: Line:0 Function: Type:Debug:
DateTime:2026-09-14 15:17:59.726:"等待工装回复超时"                            File: Line:0 Function: Type:Debug:
DateTime:2026-09-14 15:18:02.748:"等待工装回复超时"                            File: Line:0 Function: Type:Debug:
DateTime:2026-09-14 15:18:05.770:"等待工装回复超时"                            File: Line:0 Function: Type:Debug:
DateTime:2026-09-14 15:18:08.791:"等待工装回复超时"                            File: Line:0 Function: Type:Debug:
DateTime:2026-09-14 15:18:11.813:"等待工装回复超时"                            File: Line:0 Function: Type:Debug:
DateTime:2026-09-14 15:18:14.835:"等待工装回复超时"                            File: Line:0 Function: Type:Debug:
DateTime:2026-09-14 15:18:17.857:"等待工装回复超时"                            File: Line:0 Function: Type:Debug:
DateTime:2026-09-14 15:18:20.879:"等待工装回复超时"                            File: Line:0 Function: Type:Debug:
DateTime:2026-09-14 15:18:23.901:"等待工装回复超时"                            File: Line:0 Function: Type:Debug:
DateTime:2026-09-14 15:18:26.923:"等待工装回复超时"                            File: Line:0 Function: Type:Debug:
DateTime:2026-09-14 15:18:29.945:"等待工装回复超时"                            File: Line:0 Function: Type:Debug:
DateTime:2026-09-14 15:18:32.967:"等待工装回复超时"                            File: Line:0 Function: Type:Debug:
DateTime:2026-09-14 15:18:35.989:"等待工装回复超时"                            File: Line:0 Function: Type:Debug:
DateTime:2026-09-14 15:18:39.011:"等待工装回复超时"                            File: Line:0 Function: Type:Debug:
DateTime:2026-09-14 15:18:42.032:"等待工装回复超时"                            File: Line:0 Function: Type:Debug:
DateTime:2026-09-14 15:18:45.054:"等待工装回复超时"                            File: Line:0 Function: Type:Debug:
DateTime:2026-09-14 15:18:48.076:"等待工装回复超时"                            File: Line:0 Function: Type:Debug:
DateTime:2026-09-14 15:18:51.098:"等待工装回复超时"                            File: Line:0 Function: Type:Debug:
DateTime:2026-09-14 15:18:54.120:"等待工装回复超时"                            File: Line:0 Function: Type:Debug:
DateTime:2026-09-14 15:18:57.142:"等待工装回复超时"                            File: Line:0 Function: Type:Debug:
DateTime:2026-09-14 15:19:00.164:"等待工装回复超时"                            File: Line:0 Function: Type:Debug:
DateTime:2026-09-14 15:19:03.186:"等待工装回复超时"                            File: Line:0 Function: Type:Debug:
DateTime:2026-09-14 15:19:06.208:"等待工装回复超时"                            File: Line:0 Function: Type:Debug:
DateTime:2026-09-14 15:19:09.230:"等待工装回复超时"                            File: Line:0 Function: Type:Debug:
DateTime:2026-09-14 15:19:12.252:"等待工装回复超时"                            File: Line:0 Function: Type:Debug:
DateTime:2026-09-14 15:19:15.274:"等待工装回复超时"                            File: Line:0 Function: Type:Debug:
DateTime:2026-09-14 15:19:18.295:"等待工装回复超时"                            File: Line:0 Function: Type:Debug:
DateTime:2026-09-14 15:19:21.317:"等待工装回复超时"                            File: Line:0 Function: Type:Debug:
DateTime:2026-09-14 15:19:24.339:"等待工装回复超时"                            File: Line:0 Function: Type:Debug:
DateTime:2026-09-14 15:19:27.361:"等待工装回复超时"                            File: Line:0 Function: Type:Debug:
DateTime:2026-09-14 15:19:30.383:"等待工装回复超时"                            File: Line:0 Function: Type:Debug:
DateTime:2026-09-14 15:19:33.405:"等待工装回复超时"                            File: Line:0 Function: Type:Debug:
DateTime:2026-09-14 15:19:36.427:"等待工装回复超时"                            File: Line:0 Function: Type:Debug:
DateTime:2026-09-14 15:19:39.449:"等待工装回复超时"                            File: Line:0 Function: Type:Debug:
DateTime:2026-09-14 15:19:42.471:"等待工装回复超时"                            File: Line:0 Function: Type:Debug:
DateTime:2026-09-14 15:19:45.493:"等待工装回复超时"                            File: Line:0 Function: Type:Debug:
DateTime:2026-09-14 15:19:48.515:"等待工装回复超时"                            File: Line:0 Function: Type:Debug:
DateTime:2026-09-14 15:19:51.537:"等待工装回复超时"                            File: Line:0 Function: Type:Debug:
DateTime:2026-09-14 15:19:54.558:"等待工装回复超时"                            File: Line:0 Function: Type:Debug:
DateTime:2026-09-14 15:19:57.580:"等待工装回复超时"                            File: Line:0 Function: Type:Debug:
DateTime:2026-09-14 15:20:00.602:"等待工装回复超时"                            File: Line:0 Function: Type:Debug:
DateTime:2026-09-14 15:20:03.624:"等待工装回复超时"                            File: Line:0 Function: Type:Debug:
DateTime:2026-09-14 15:20:06.646:"等待工装回复超时"                            File: Line:0 Function: Type:Debug:
DateTime:2026-09-14 15:20:09.668:"等待工装回复超时"                            File: Line:0 Function: Type:Debug:
DateTime:2026-09-14 15:20:12.690:"等待工装回复超时"                            File: Line:0 Function: Type:Debug:
DateTime:2026-09-14 15:20:15.712:"等待工装回复超时"                            File: Line:0 Function: Type:Debug:
DateTime:2026-09-14 15:20:18.734:"等待工装回复超时"                            File: Line:0 Function: Type:Debug:
DateTime:2026-09-14 15:20:21.756:"等待工装回复超时"                            File: Line:0 Function: Type:Debug:
DateTime:2026-09-14 15:20:24.778:"等待工装回复超时"                            File: Line:0 Function: Type:Debug:
DateTime:2026-09-14 15:20:27.800:"等待工装回复超时"                            File: Line:0 Function: Type:Debug:
DateTime:2026-09-14 15:20:30.821:"等待工装回复超时"                            File: Line:0 Function: Type:Debug:
DateTime:2026-09-14 15:20:33.843:"等待工装回复超时"                            File: Line:0 Function: Type:Debug:
DateTime:2026-09-14 15:20:36.865:"等待工装回复超时"                            File: Line:0 Function: Type:Debug:
DateTime:2026-09-14 15:20:39.887:"等待工装回复超时"                            File: Line:0 Function: Type:Debug:
DateTime:2026-09-14 15:20:42.909:"等待工装回复超时"                            File: Line:0 Function: Type:Debug:
DateTime:2026-09-14 15:20:45.931:"等待工装回复超时"                            File: Line:0 Function: Type:Debug:
DateTime:2026-09-14 15:20:48.953:"等待工装回复超时"                            File: Line:0 Function: Type:Debug:
DateTime:2026-09-14 15:20:51.975:"等待工装回复超时"                            File: Line:0 Function: Type:Debug:
DateTime:2026-09-14 15:20:54.997:"等待工装回复超时"                            File: Line:0 Function: Type:Debug:
DateTime:2026-09-14 15:20:58.019:"等待工装回复超时"                            File: Line:0 Function: Type:Debug:
DateTime:2026-09-14 15:20:58.019:"延时时间到"                            File: Line:0 Function: Type:Debug:
DateTime:2026-09-14 15:20:58.119:dll输出信息: ""                            File: Line:0 Function: Type:Debug:
DateTime:2026-09-14 15:20:58.119:接口函数调用成功，返回的结果为 0                            File: Line:0 Function: Type:Debug:
DateTime:2026-09-14 15:20:58.119:"外部传入的para：0，返回的result：0,返回的pValRet：0"                            File: Line:0 Function: Type:Debug:
DateTime:2026-09-14 15:20:58.119:"执行接口函数Func_Delay完成"                            File: Line:0 Function: Type:Debug:
DateTime:2026-09-14 15:20:58.119:coorIndex 0                            File: Line:0 Function: Type:Debug:
DateTime:2026-09-14 15:20:58.119:当前流程结束                            File: Line:0 Function: Type:Debug:
DateTime:2026-09-14 15:20:58.119:退出connect函数                            File: Line:0 Function: Type:Debug:
DateTime:2026-09-14 15:20:58.119:"=========【执行延时】结束=========="                            File: Line:0 Function: Type:Debug:
DateTime:2026-09-14 15:20:58.119:"-----------------------------"                            File: Line:0 Function: Type:Debug:
DateTime:2026-09-14 15:20:58.121:"=============执行【Step20-三相功率源关源】==================="                            File: Line:0 Function: Type:Debug:
DateTime:2026-09-14 15:20:58.121:"--发送:A1 01 04 DC 07 00 E3"                            File: Line:0 Function: Type:Debug:
DateTime:2026-09-14 15:20:58.222:三相功率源关源成功                            File: Line:0 Function: Type:Debug:
DateTime:2026-09-14 15:20:58.222:"=========【Step20-三相功率源关源】结束=========="                            File: Line:0 Function: Type:Debug:
DateTime:2026-09-14 15:20:58.222:"-----------------------------"                            File: Line:0 Function: Type:Debug:
DateTime:2026-09-14 15:20:58.226:"=============执行【Step21-模块槽位下电】==================="                            File: Line:0 Function: Type:Debug:
DateTime:2026-09-14 15:20:58.226:"执行接口函数SimuCorn_power_off"                            File: Line:0 Function: Type:Debug:
DateTime:2026-09-14 15:20:58.226:callWorkFunction: SimuCorn_power_off                            File: Line:0 Function: Type:Debug:
DateTime:2026-09-14 15:20:58.226:找到对应函数，进入执行                            File: Line:0 Function: Type:Debug:
DateTime:2026-09-14 15:20:58.226:"工装发送：68 3E 00 3E 00 68 40 00 00 00 00 00 21 60 00 00 02 00 03 02 00 C8 16"                            File: Line:0 Function: Type:Debug:
DateTime:2026-09-14 15:20:58.226:"工装接收：68 32 00 32 00 68 80 00 00 00 00 00 00 60 00 00 01 00 E1 16"                            File: Line:0 Function: Type:Debug:
DateTime:2026-09-14 15:20:58.227:"m_baRecvMsg:"                            File: Line:0 Function: Type:Debug:
DateTime:2026-09-14 15:20:58.227:"frameList.size():1"                            File: Line:0 Function: Type:Debug:
DateTime:2026-09-14 15:20:58.227:"进入报文解析"                            File: Line:0 Function: Type:Debug:
DateTime:2026-09-14 15:20:58.227:"68 32 00 32 00 68 80 00 00 00 00 00 00 60 00 00 01 00 E1 16"                            File: Line:0 Function: Type:Debug:
DateTime:2026-09-14 15:20:58.227:"解码完成，功能码: 1"                            File: Line:0 Function: Type:Debug:
DateTime:2026-09-14 15:20:58.227:"工装回复确认帧"                            File: Line:0 Function: Type:Debug:
DateTime:2026-09-14 15:20:58.227:"工装发送：68 3E 00 3E 00 68 40 00 00 00 00 00 21 60 00 00 02 00 04 02 00 C9 16"                            File: Line:0 Function: Type:Debug:
DateTime:2026-09-14 15:20:58.227:"工装接收：68 32 00 32 00 68 80 00 00 00 00 00 00 60 00 00 01 00 E1 16"                            File: Line:0 Function: Type:Debug:
DateTime:2026-09-14 15:20:58.227:"m_baRecvMsg:"                            File: Line:0 Function: Type:Debug:
DateTime:2026-09-14 15:20:58.227:"frameList.size():1"                            File: Line:0 Function: Type:Debug:
DateTime:2026-09-14 15:20:58.227:"进入报文解析"                            File: Line:0 Function: Type:Debug:
DateTime:2026-09-14 15:20:58.227:"68 32 00 32 00 68 80 00 00 00 00 00 00 60 00 00 01 00 E1 16"                            File: Line:0 Function: Type:Debug:
DateTime:2026-09-14 15:20:58.227:"解码完成，功能码: 1"                            File: Line:0 Function: Type:Debug:
DateTime:2026-09-14 15:20:58.228:"工装回复确认帧"                            File: Line:0 Function: Type:Debug:
DateTime:2026-09-14 15:20:58.228:"工装发送：68 3E 00 3E 00 68 40 00 00 00 00 00 21 60 00 00 02 00 05 02 00 CA 16"                            File: Line:0 Function: Type:Debug:
DateTime:2026-09-14 15:20:58.228:"工装接收：68 32 00 32 00 68 80 00 00 00 00 00 00 60 00 00 01 00 E1 16"                            File: Line:0 Function: Type:Debug:
DateTime:2026-09-14 15:20:58.228:"m_baRecvMsg:"                            File: Line:0 Function: Type:Debug:
DateTime:2026-09-14 15:20:58.228:"frameList.size():1"                            File: Line:0 Function: Type:Debug:
DateTime:2026-09-14 15:20:58.228:"进入报文解析"                            File: Line:0 Function: Type:Debug:
DateTime:2026-09-14 15:20:58.228:"68 32 00 32 00 68 80 00 00 00 00 00 00 60 00 00 01 00 E1 16"                            File: Line:0 Function: Type:Debug:
DateTime:2026-09-14 15:20:58.228:"解码完成，功能码: 1"                            File: Line:0 Function: Type:Debug:
DateTime:2026-09-14 15:20:58.228:"工装回复确认帧"                            File: Line:0 Function: Type:Debug:
DateTime:2026-09-14 15:20:58.228:"工装发送：68 3E 00 3E 00 68 40 00 00 00 00 00 21 60 00 00 02 00 06 02 00 CB 16"                            File: Line:0 Function: Type:Debug:
DateTime:2026-09-14 15:20:58.229:"工装接收：68 32 00 32 00 68 80 00 00 00 00 00 00 60 00 00 01 00 E1 16"                            File: Line:0 Function: Type:Debug:
DateTime:2026-09-14 15:20:58.229:"m_baRecvMsg:"                            File: Line:0 Function: Type:Debug:
DateTime:2026-09-14 15:20:58.229:"frameList.size():1"                            File: Line:0 Function: Type:Debug:
DateTime:2026-09-14 15:20:58.229:"进入报文解析"                            File: Line:0 Function: Type:Debug:
DateTime:2026-09-14 15:20:58.229:"68 32 00 32 00 68 80 00 00 00 00 00 00 60 00 00 01 00 E1 16"                            File: Line:0 Function: Type:Debug:
DateTime:2026-09-14 15:20:58.229:"解码完成，功能码: 1"                            File: Line:0 Function: Type:Debug:
DateTime:2026-09-14 15:20:58.229:"工装回复确认帧"                            File: Line:0 Function: Type:Debug:
DateTime:2026-09-14 15:20:58.229:"工装发送：68 3E 00 3E 00 68 40 00 00 00 00 00 21 60 00 00 02 00 07 02 00 CC 16"                            File: Line:0 Function: Type:Debug:
DateTime:2026-09-14 15:20:58.230:"工装接收：68 32 00 32 00 68 80 00 00 00 00 00 00 60 00 00 01 00 E1 16"                            File: Line:0 Function: Type:Debug:
DateTime:2026-09-14 15:20:58.230:"m_baRecvMsg:"                            File: Line:0 Function: Type:Debug:
DateTime:2026-09-14 15:20:58.230:"frameList.size():1"                            File: Line:0 Function: Type:Debug:
DateTime:2026-09-14 15:20:58.230:"进入报文解析"                            File: Line:0 Function: Type:Debug:
DateTime:2026-09-14 15:20:58.230:"68 32 00 32 00 68 80 00 00 00 00 00 00 60 00 00 01 00 E1 16"                            File: Line:0 Function: Type:Debug:
DateTime:2026-09-14 15:20:58.230:"解码完成，功能码: 1"                            File: Line:0 Function: Type:Debug:
DateTime:2026-09-14 15:20:58.230:"工装回复确认帧"                            File: Line:0 Function: Type:Debug:
DateTime:2026-09-14 15:20:58.230:"工装发送：68 3E 00 3E 00 68 40 00 00 00 00 00 21 60 00 00 02 00 08 02 00 CD 16"                            File: Line:0 Function: Type:Debug:
DateTime:2026-09-14 15:20:58.230:"工装接收：68 32 00 32 00 68 80 00 00 00 00 00 00 60 00 00 01 00 E1 16"                            File: Line:0 Function: Type:Debug:
DateTime:2026-09-14 15:20:58.230:"m_baRecvMsg:"                            File: Line:0 Function: Type:Debug:
DateTime:2026-09-14 15:20:58.230:"frameList.size():1"                            File: Line:0 Function: Type:Debug:
DateTime:2026-09-14 15:20:58.230:"进入报文解析"                            File: Line:0 Function: Type:Debug:
DateTime:2026-09-14 15:20:58.230:"68 32 00 32 00 68 80 00 00 00 00 00 00 60 00 00 01 00 E1 16"                            File: Line:0 Function: Type:Debug:
DateTime:2026-09-14 15:20:58.230:"解码完成，功能码: 1"                            File: Line:0 Function: Type:Debug:
DateTime:2026-09-14 15:20:58.231:"工装回复确认帧"                            File: Line:0 Function: Type:Debug:
DateTime:2026-09-14 15:20:58.231:"所有槽位下电成功"                            File: Line:0 Function: Type:Debug:
DateTime:2026-09-14 15:20:58.332:dll输出信息: ""                            File: Line:0 Function: Type:Debug:
DateTime:2026-09-14 15:20:58.332:接口函数调用成功，返回的结果为 0                            File: Line:0 Function: Type:Debug:
DateTime:2026-09-14 15:20:58.332:"外部传入的para：0，返回的result：0,返回的pValRet：0"                            File: Line:0 Function: Type:Debug:
DateTime:2026-09-14 15:20:58.332:"执行接口函数SimuCorn_power_off完成"                            File: Line:0 Function: Type:Debug:
DateTime:2026-09-14 15:20:58.333:coorIndex 0                            File: Line:0 Function: Type:Debug:
DateTime:2026-09-14 15:20:58.333:当前流程结束                            File: Line:0 Function: Type:Debug:
DateTime:2026-09-14 15:20:58.333:退出connect函数                            File: Line:0 Function: Type:Debug:
DateTime:2026-09-14 15:20:58.333:"=========【Step21-模块槽位下电】结束=========="                            File: Line:0 Function: Type:Debug:
DateTime:2026-09-14 15:20:58.333:"-----------------------------"                            File: Line:0 Function: Type:Debug:
DateTime:2026-09-14 15:20:58.336:"=============执行【Step22-停电事件上报测试】==================="                            File: Line:0 Function: Type:Debug:
DateTime:2026-09-14 15:20:58.336:"执行接口函数CCO_Func_Power_OFF_Event"                            File: Line:0 Function: Type:Debug:
DateTime:2026-09-14 15:20:58.336:callWorkFunction: CCO_Func_Power_OFF_Event                            File: Line:0 Function: Type:Debug:
DateTime:2026-09-14 15:20:58.336:找到对应函数，进入执行                            File: Line:0 Function: Type:Debug:
DateTime:2026-09-14 15:20:58.336:"uTimeSecond_ms:5000"                            File: Line:0 Function: Type:Debug:
DateTime:2026-09-14 15:21:01.358:"等待工装回复超时"                            File: Line:0 Function: Type:Debug:
DateTime:2026-09-14 15:21:04.380:"等待工装回复超时"                            File: Line:0 Function: Type:Debug:
DateTime:2026-09-14 15:21:04.380:"uTimeSecond_ms:5000"                            File: Line:0 Function: Type:Debug:
DateTime:2026-09-14 15:21:07.402:"等待工装回复超时"                            File: Line:0 Function: Type:Debug:
DateTime:2026-09-14 15:21:10.424:"等待工装回复超时"                            File: Line:0 Function: Type:Debug:
DateTime:2026-09-14 15:21:10.424:"uTimeSecond_ms:5000"                            File: Line:0 Function: Type:Debug:
DateTime:2026-09-14 15:21:13.445:"等待工装回复超时"                            File: Line:0 Function: Type:Debug:
DateTime:2026-09-14 15:21:16.467:"等待工装回复超时"                            File: Line:0 Function: Type:Debug:
DateTime:2026-09-14 15:21:16.467:"uTimeSecond_ms:5000"                            File: Line:0 Function: Type:Debug:
DateTime:2026-09-14 15:21:19.489:"等待工装回复超时"                            File: Line:0 Function: Type:Debug:
DateTime:2026-09-14 15:21:19.934:"工装接收：68 72 01 72 01 68 80 00 00 00 00 00 22 60 00 00 01 00 02 4D 00 68 4D 00 C0 00 00 00 00 00 12 56 02 00 05 08 01 10 00 16 19 36 68 99 99 99 99 99 99 68 81 2A 35 33 36 1E 33 39 3B 34 43 33 49 4C 3A 34 43 33 49 4C 37 34 43 33 49 4C 38 34 43 33 49 4C 36 34 43 33 49 4C 39 34 43 33 49 4C 06 16 CF 16 BB 16"                            File: Line:0 Function: Type:Debug:
DateTime:2026-09-14 15:21:19.934:"m_baRecvMsg:"                            File: Line:0 Function: Type:Debug:
DateTime:2026-09-14 15:21:19.934:"rameList.size():"                            File: Line:0 Function: Type:Debug:
DateTime:2026-09-14 15:21:19.934:"进入报文解析"                            File: Line:0 Function: Type:Debug:
DateTime:2026-09-14 15:21:19.934:"68 72 01 72 01 68 80 00 00 00 00 00 22 60 00 00 01 00 02 4D 00 68 4D 00 C0 00 00 00 00 00 12 56 02 00 05 08 01 10 00 16 19 36 68 99 99 99 99 99 99 68 81 2A 35 33 36 1E 33 39 3B 34 43 33 49 4C 3A 34 43 33 49 4C 37 34 43 33 49 4C 38 34 43 33 49 4C 36 34 43 33 49 4C 39 34 43 33 49 4C 06 16 CF 16 BB 16"                            File: Line:0 Function: Type:Debug:
DateTime:2026-09-14 15:21:19.934:"解码完成，功能码: 4"                            File: Line:0 Function: Type:Debug:
DateTime:2026-09-14 15:21:19.934:"工装回复透传报文"                            File: Line:0 Function: Type:Debug:
DateTime:2026-09-14 15:21:19.934:"024D00684D00C000000000001256020005080110001619366899999999999968812A3533361E33393B344333494C3A344333494C37344333494C38344333494C36344333494C39344333494C0616CF16"                            File: Line:0 Function: Type:Debug:
DateTime:2026-09-14 15:21:19.934:"内容:68 4d 00 c0 00 00 00 00 00 12 56 02 00 05 08 01 10 00 16 19 36 68 99 99 99 99 99 99 68 81 2a 35 33 36 1e 33 39 3b 34 43 33 49 4c 3a 34 43 33 49 4c 37 34 43 33 49 4c 38 34 43 33 49 4c 36 34 43 33 49 4c 39 34 43 33 49 4c 06 16 cf 16"                            File: Line:0 Function: Type:Debug:
DateTime:2026-09-14 15:21:22.553:"等待工装回复超时"                            File: Line:0 Function: Type:Debug:
DateTime:2026-09-14 15:21:22.553:"uTimeSecond_ms:5000"                            File: Line:0 Function: Type:Debug:
DateTime:2026-09-14 15:21:22.553:"查找结果: iret=0, wStart=0, dwOutLen=77, dwStreamLen=77, dwFindPos=0"                            File: Line:0 Function: Type:Debug:
DateTime:2026-09-14 15:21:22.553:"Receive:<= 68 4D 00 C0 00 00 00 00 00 12 56 02 00 05 08 01 10 00 16 19 36 68 99 99 99 99 99 99 68 81 2A 35 33 36 1E 33 39 3B 34 43 33 49 4C 3A 34 43 33 49 4C 37 34 43 33 49 4C 38 34 43 33 49 4C 36 34 43 33 49 4C 39 34 43 33 49 4C 06 16 CF 16"                            File: Line:0 Function: Type:Debug:
DateTime:2026-09-14 15:21:22.553:"解析：功能码-AFN=56H,Fn=2："                            File: Line:0 Function: Type:Debug:
DateTime:2026-09-14 15:21:22.553:"Send(确认)：=> 68 0F 00 43 00 00 00 00 00 12 50 01 00 A6 16"                            File: Line:0 Function: Type:Debug:
DateTime:2026-09-14 15:21:22.553:"槽位2透传:687E007E006840000000000022600000010002013C00680F0043000000000012500100A616DB16"                            File: Line:0 Function: Type:Debug:
DateTime:2026-09-14 15:21:22.553:"工装发送：68 7E 00 7E 00 68 40 00 00 00 00 00 22 60 00 00 01 00 02 01 3C 00 68 0F 00 43 00 00 00 00 00 12 50 01 00 A6 16 DB 16"                            File: Line:0 Function: Type:Debug:
DateTime:2026-09-14 15:21:22.553:"|****************事件上报状态：************************|"                            File: Line:0 Function: Type:Debug:
DateTime:2026-09-14 15:21:22.553:"地址191600100103：--停电事件上报成功"                            File: Line:0 Function: Type:Debug:
DateTime:2026-09-14 15:21:22.554:"地址191600100104：--停电事件上报成功"                            File: Line:0 Function: Type:Debug:
DateTime:2026-09-14 15:21:22.554:"地址191600100105：--停电事件上报成功"                            File: Line:0 Function: Type:Debug:
DateTime:2026-09-14 15:21:22.554:"地址191600100106：--停电事件上报成功"                            File: Line:0 Function: Type:Debug:
DateTime:2026-09-14 15:21:22.554:"地址191600100107：--停电事件上报成功"                            File: Line:0 Function: Type:Debug:
DateTime:2026-09-14 15:21:22.554:"地址191600100108：--停电事件上报成功"                            File: Line:0 Function: Type:Debug:
DateTime:2026-09-14 15:21:22.554:"|*******************结束*****************************|"                            File: Line:0 Function: Type:Debug:
DateTime:2026-09-14 15:21:32.555:"停电事件测试完成,上报成功率100%."                            File: Line:0 Function: Type:Debug:
DateTime:2026-09-14 15:21:32.555:dll输出信息: ""                            File: Line:0 Function: Type:Debug:
DateTime:2026-09-14 15:21:32.555:接口函数调用成功，返回的结果为 0                            File: Line:0 Function: Type:Debug:
DateTime:2026-09-14 15:21:32.555:"外部传入的para：0，返回的result：0,返回的pValRet：0"                            File: Line:0 Function: Type:Debug:
DateTime:2026-09-14 15:21:32.555:"执行接口函数CCO_Func_Power_OFF_Event完成"                            File: Line:0 Function: Type:Debug:
DateTime:2026-09-14 15:21:32.556:coorIndex 0                            File: Line:0 Function: Type:Debug:
DateTime:2026-09-14 15:21:32.556:当前流程结束                            File: Line:0 Function: Type:Debug:
DateTime:2026-09-14 15:21:32.556:退出connect函数                            File: Line:0 Function: Type:Debug:
DateTime:2026-09-14 15:21:32.556:"=========【Step22-停电事件上报测试】结束=========="                            File: Line:0 Function: Type:Debug:
DateTime:2026-09-14 15:21:32.556:"-----------------------------"                            File: Line:0 Function: Type:Debug:
DateTime:2026-09-14 15:21:32.559:"=============执行【Step23-三相功率源升源】==================="                            File: Line:0 Function: Type:Debug:
DateTime:2026-09-14 15:21:32.559:"--发送:A1 01 04 DC 07 01 E4"                            File: Line:0 Function: Type:Debug:
DateTime:2026-09-14 15:21:32.660:三相功率源生源成功                            File: Line:0 Function: Type:Debug:
DateTime:2026-09-14 15:21:32.660:"=========【Step23-三相功率源升源】结束=========="                            File: Line:0 Function: Type:Debug:
DateTime:2026-09-14 15:21:32.660:"-----------------------------"                            File: Line:0 Function: Type:Debug:
DateTime:2026-09-14 15:21:32.663:"=============执行【Step24-模块槽位上电】==================="                            File: Line:0 Function: Type:Debug:
DateTime:2026-09-14 15:21:32.663:"执行接口函数SimuCorn_power_on"                            File: Line:0 Function: Type:Debug:
DateTime:2026-09-14 15:21:32.663:callWorkFunction: SimuCorn_power_on                            File: Line:0 Function: Type:Debug:
DateTime:2026-09-14 15:21:32.664:找到对应函数，进入执行                            File: Line:0 Function: Type:Debug:
DateTime:2026-09-14 15:21:32.664:"工装发送：68 3E 00 3E 00 68 40 00 00 00 00 00 21 60 00 00 02 00 03 02 01 C9 16"                            File: Line:0 Function: Type:Debug:
DateTime:2026-09-14 15:21:32.664:"工装接收：68 32 00 32 00 68 80 00 00 00 00 00 00 60 00 00 01 00 E1 16 68 32 00 32 00 68 80 00 00 00 00 00 00 60 00 00 01 00 E1 16"                            File: Line:0 Function: Type:Debug:
DateTime:2026-09-14 15:21:32.664:"m_baRecvMsg:"                            File: Line:0 Function: Type:Debug:
DateTime:2026-09-14 15:21:32.664:"frameList.size():2"                            File: Line:0 Function: Type:Debug:
DateTime:2026-09-14 15:21:32.664:"进入报文解析"                            File: Line:0 Function: Type:Debug:
DateTime:2026-09-14 15:21:32.664:"68 32 00 32 00 68 80 00 00 00 00 00 00 60 00 00 01 00 E1 16"                            File: Line:0 Function: Type:Debug:
DateTime:2026-09-14 15:21:32.664:"解码完成，功能码: 1"                            File: Line:0 Function: Type:Debug:
DateTime:2026-09-14 15:21:32.664:"工装回复确认帧"                            File: Line:0 Function: Type:Debug:
DateTime:2026-09-14 15:21:32.664:"工装发送：68 3E 00 3E 00 68 40 00 00 00 00 00 21 60 00 00 02 00 04 02 01 CA 16"                            File: Line:0 Function: Type:Debug:
DateTime:2026-09-14 15:21:32.665:"工装接收：68 32 00 32 00 68 80 00 00 00 00 00 00 60 00 00 01 00 E1 16"                            File: Line:0 Function: Type:Debug:
DateTime:2026-09-14 15:21:32.665:"m_baRecvMsg:"                            File: Line:0 Function: Type:Debug:
DateTime:2026-09-14 15:21:32.665:"frameList.size():1"                            File: Line:0 Function: Type:Debug:
DateTime:2026-09-14 15:21:32.665:"进入报文解析"                            File: Line:0 Function: Type:Debug:
DateTime:2026-09-14 15:21:32.665:"68 32 00 32 00 68 80 00 00 00 00 00 00 60 00 00 01 00 E1 16"                            File: Line:0 Function: Type:Debug:
DateTime:2026-09-14 15:21:32.665:"解码完成，功能码: 1"                            File: Line:0 Function: Type:Debug:
DateTime:2026-09-14 15:21:32.665:"工装回复确认帧"                            File: Line:0 Function: Type:Debug:
DateTime:2026-09-14 15:21:32.665:"工装发送：68 3E 00 3E 00 68 40 00 00 00 00 00 21 60 00 00 02 00 05 02 01 CB 16"                            File: Line:0 Function: Type:Debug:
DateTime:2026-09-14 15:21:32.666:"工装接收：68 32 00 32 00 68 80 00 00 00 00 00 00 60 00 00 01 00 E1 16"                            File: Line:0 Function: Type:Debug:
DateTime:2026-09-14 15:21:32.666:"m_baRecvMsg:"                            File: Line:0 Function: Type:Debug:
DateTime:2026-09-14 15:21:32.666:"frameList.size():1"                            File: Line:0 Function: Type:Debug:
DateTime:2026-09-14 15:21:32.666:"进入报文解析"                            File: Line:0 Function: Type:Debug:
DateTime:2026-09-14 15:21:32.666:"68 32 00 32 00 68 80 00 00 00 00 00 00 60 00 00 01 00 E1 16"                            File: Line:0 Function: Type:Debug:
DateTime:2026-09-14 15:21:32.666:"解码完成，功能码: 1"                            File: Line:0 Function: Type:Debug:
DateTime:2026-09-14 15:21:32.666:"工装回复确认帧"                            File: Line:0 Function: Type:Debug:
DateTime:2026-09-14 15:21:32.666:"工装发送：68 3E 00 3E 00 68 40 00 00 00 00 00 21 60 00 00 02 00 06 02 01 CC 16"                            File: Line:0 Function: Type:Debug:
DateTime:2026-09-14 15:21:32.666:"工装接收：68 32 00 32 00 68 80 00 00 00 00 00 00 60 00 00 01 00 E1 16"                            File: Line:0 Function: Type:Debug:
DateTime:2026-09-14 15:21:32.667:"m_baRecvMsg:"                            File: Line:0 Function: Type:Debug:
DateTime:2026-09-14 15:21:32.667:"frameList.size():1"                            File: Line:0 Function: Type:Debug:
DateTime:2026-09-14 15:21:32.667:"进入报文解析"                            File: Line:0 Function: Type:Debug:
DateTime:2026-09-14 15:21:32.667:"68 32 00 32 00 68 80 00 00 00 00 00 00 60 00 00 01 00 E1 16"                            File: Line:0 Function: Type:Debug:
DateTime:2026-09-14 15:21:32.667:"解码完成，功能码: 1"                            File: Line:0 Function: Type:Debug:
DateTime:2026-09-14 15:21:32.667:"工装回复确认帧"                            File: Line:0 Function: Type:Debug:
DateTime:2026-09-14 15:21:32.667:"工装发送：68 3E 00 3E 00 68 40 00 00 00 00 00 21 60 00 00 02 00 07 02 01 CD 16"                            File: Line:0 Function: Type:Debug:
DateTime:2026-09-14 15:21:32.667:"工装接收：68 32 00 32 00 68 80 00 00 00 00 00 00 60 00 00 01 00 E1 16"                            File: Line:0 Function: Type:Debug:
DateTime:2026-09-14 15:21:32.667:"m_baRecvMsg:"                            File: Line:0 Function: Type:Debug:
DateTime:2026-09-14 15:21:32.667:"frameList.size():1"                            File: Line:0 Function: Type:Debug:
DateTime:2026-09-14 15:21:32.667:"进入报文解析"                            File: Line:0 Function: Type:Debug:
DateTime:2026-09-14 15:21:32.667:"68 32 00 32 00 68 80 00 00 00 00 00 00 60 00 00 01 00 E1 16"                            File: Line:0 Function: Type:Debug:
DateTime:2026-09-14 15:21:32.667:"解码完成，功能码: 1"                            File: Line:0 Function: Type:Debug:
DateTime:2026-09-14 15:21:32.667:"工装回复确认帧"                            File: Line:0 Function: Type:Debug:
DateTime:2026-09-14 15:21:32.668:"工装发送：68 3E 00 3E 00 68 40 00 00 00 00 00 21 60 00 00 02 00 08 02 01 CE 16"                            File: Line:0 Function: Type:Debug:
DateTime:2026-09-14 15:21:32.668:"工装接收：68 32 00 32 00 68 80 00 00 00 00 00 00 60 00 00 01 00 E1 16"                            File: Line:0 Function: Type:Debug:
DateTime:2026-09-14 15:21:32.668:"m_baRecvMsg:"                            File: Line:0 Function: Type:Debug:
DateTime:2026-09-14 15:21:32.668:"frameList.size():1"                            File: Line:0 Function: Type:Debug:
DateTime:2026-09-14 15:21:32.668:"进入报文解析"                            File: Line:0 Function: Type:Debug:
DateTime:2026-09-14 15:21:32.668:"68 32 00 32 00 68 80 00 00 00 00 00 00 60 00 00 01 00 E1 16"                            File: Line:0 Function: Type:Debug:
DateTime:2026-09-14 15:21:32.668:"解码完成，功能码: 1"                            File: Line:0 Function: Type:Debug:
DateTime:2026-09-14 15:21:32.668:"工装回复确认帧"                            File: Line:0 Function: Type:Debug:
DateTime:2026-09-14 15:21:32.668:"所有槽位上电成功"                            File: Line:0 Function: Type:Debug:
DateTime:2026-09-14 15:21:32.770:dll输出信息: ""                            File: Line:0 Function: Type:Debug:
DateTime:2026-09-14 15:21:32.770:接口函数调用成功，返回的结果为 0                            File: Line:0 Function: Type:Debug:
DateTime:2026-09-14 15:21:32.770:"外部传入的para：0，返回的result：0,返回的pValRet：0"                            File: Line:0 Function: Type:Debug:
DateTime:2026-09-14 15:21:32.770:"执行接口函数SimuCorn_power_on完成"                            File: Line:0 Function: Type:Debug:
DateTime:2026-09-14 15:21:32.771:coorIndex 0                            File: Line:0 Function: Type:Debug:
DateTime:2026-09-14 15:21:32.771:当前流程结束                            File: Line:0 Function: Type:Debug:
DateTime:2026-09-14 15:21:32.771:退出connect函数                            File: Line:0 Function: Type:Debug:
DateTime:2026-09-14 15:21:32.771:"=========【Step24-模块槽位上电】结束=========="                            File: Line:0 Function: Type:Debug:
DateTime:2026-09-14 15:21:32.771:"-----------------------------"                            File: Line:0 Function: Type:Debug:
DateTime:2026-09-14 15:21:32.774:"=============执行【Step25-复电事件上报测试】==================="                            File: Line:0 Function: Type:Debug:
DateTime:2026-09-14 15:21:32.774:"执行接口函数CCO_Func_Power_ON_Event"                            File: Line:0 Function: Type:Debug:
DateTime:2026-09-14 15:21:32.774:callWorkFunction: CCO_Func_Power_ON_Event                            File: Line:0 Function: Type:Debug:
DateTime:2026-09-14 15:21:32.774:找到对应函数，进入执行                            File: Line:0 Function: Type:Debug:
DateTime:2026-09-14 15:21:32.774:"uTimeSecond_ms:5000"                            File: Line:0 Function: Type:Debug:
DateTime:2026-09-14 15:21:35.796:"等待工装回复超时"                            File: Line:0 Function: Type:Debug:
DateTime:2026-09-14 15:21:38.818:"等待工装回复超时"                            File: Line:0 Function: Type:Debug:
DateTime:2026-09-14 15:21:38.818:"uTimeSecond_ms:5000"                            File: Line:0 Function: Type:Debug:
DateTime:2026-09-14 15:21:41.840:"等待工装回复超时"                            File: Line:0 Function: Type:Debug:
DateTime:2026-09-14 15:21:44.861:"等待工装回复超时"                            File: Line:0 Function: Type:Debug:
DateTime:2026-09-14 15:21:44.861:"uTimeSecond_ms:5000"                            File: Line:0 Function: Type:Debug:
DateTime:2026-09-14 15:21:47.883:"等待工装回复超时"                            File: Line:0 Function: Type:Debug:
DateTime:2026-09-14 15:21:50.905:"等待工装回复超时"                            File: Line:0 Function: Type:Debug:
DateTime:2026-09-14 15:21:50.905:"uTimeSecond_ms:5000"                            File: Line:0 Function: Type:Debug:
DateTime:2026-09-14 15:21:53.433:"工装接收：68 FA 00 FA 00 68 80 00 00 00 00 00 22 60 00 00 01 00 02 2F 00 68 2F 00 C0 00 00 00 00 00 13 56 02 00 05 08 01 10 00 16 19 18 68 08 01 10 00 16 19 68 81 0C 35 33 36 1E 34 34 3B 34 43 33 49 4C 43 16 2C 16 39 16"                            File: Line:0 Function: Type:Debug:
DateTime:2026-09-14 15:21:53.433:"m_baRecvMsg:"                            File: Line:0 Function: Type:Debug:
DateTime:2026-09-14 15:21:53.433:"rameList.size():"                            File: Line:0 Function: Type:Debug:
DateTime:2026-09-14 15:21:53.433:"进入报文解析"                            File: Line:0 Function: Type:Debug:
DateTime:2026-09-14 15:21:53.433:"68 FA 00 FA 00 68 80 00 00 00 00 00 22 60 00 00 01 00 02 2F 00 68 2F 00 C0 00 00 00 00 00 13 56 02 00 05 08 01 10 00 16 19 18 68 08 01 10 00 16 19 68 81 0C 35 33 36 1E 34 34 3B 34 43 33 49 4C 43 16 2C 16 39 16"                            File: Line:0 Function: Type:Debug:
DateTime:2026-09-14 15:21:53.433:"解码完成，功能码: 4"                            File: Line:0 Function: Type:Debug:
DateTime:2026-09-14 15:21:53.433:"工装回复透传报文"                            File: Line:0 Function: Type:Debug:
DateTime:2026-09-14 15:21:53.433:"022F00682F00C000000000001356020005080110001619186808011000161968810C3533361E34343B344333494C43162C16"                            File: Line:0 Function: Type:Debug:
DateTime:2026-09-14 15:21:53.433:"内容:68 2f 00 c0 00 00 00 00 00 13 56 02 00 05 08 01 10 00 16 19 18 68 08 01 10 00 16 19 68 81 0c 35 33 36 1e 34 34 3b 34 43 33 49 4c 43 16 2c 16"                            File: Line:0 Function: Type:Debug:
DateTime:2026-09-14 15:21:53.936:"等待工装回复超时"                            File: Line:0 Function: Type:Debug:
DateTime:2026-09-14 15:21:53.936:"查找结果: iret=0, wStart=0, dwOutLen=47, dwStreamLen=47, dwFindPos=0"                            File: Line:0 Function: Type:Debug:
DateTime:2026-09-14 15:21:53.936:"Receive:<= 68 2F 00 C0 00 00 00 00 00 13 56 02 00 05 08 01 10 00 16 19 18 68 08 01 10 00 16 19 68 81 0C 35 33 36 1E 34 34 3B 34 43 33 49 4C 43 16 2C 16"                            File: Line:0 Function: Type:Debug:
DateTime:2026-09-14 15:21:53.936:"解析：功能码-AFN=56H,Fn=2："                            File: Line:0 Function: Type:Debug:
DateTime:2026-09-14 15:21:53.936:"Send(确认)：=> 68 0F 00 43 00 00 00 00 00 13 50 01 00 A7 16"                            File: Line:0 Function: Type:Debug:
DateTime:2026-09-14 15:21:53.936:"槽位2透传:687E007E006840000000000022600000010002013C00680F0043000000000013500100A716DD16"                            File: Line:0 Function: Type:Debug:
DateTime:2026-09-14 15:21:53.936:"工装发送：68 7E 00 7E 00 68 40 00 00 00 00 00 22 60 00 00 01 00 02 01 3C 00 68 0F 00 43 00 00 00 00 00 13 50 01 00 A7 16 DD 16"                            File: Line:0 Function: Type:Debug:
DateTime:2026-09-14 15:21:53.936:"|****************事件上报状态：************************|"                            File: Line:0 Function: Type:Debug:
DateTime:2026-09-14 15:21:53.936:"地址191600100103：--停电事件上报失败"                            File: Line:0 Function: Type:Debug:
DateTime:2026-09-14 15:21:53.936:"地址191600100104：--停电事件上报失败"                            File: Line:0 Function: Type:Debug:
DateTime:2026-09-14 15:21:53.936:"地址191600100105：--停电事件上报失败"                            File: Line:0 Function: Type:Debug:
DateTime:2026-09-14 15:21:53.936:"地址191600100106：--停电事件上报失败"                            File: Line:0 Function: Type:Debug:
DateTime:2026-09-14 15:21:53.936:"地址191600100107：--停电事件上报失败"                            File: Line:0 Function: Type:Debug:
DateTime:2026-09-14 15:21:53.936:"地址191600100108：--复电事件上报成功"                            File: Line:0 Function: Type:Debug:
DateTime:2026-09-14 15:21:53.936:"|*******************结束*****************************|"                            File: Line:0 Function: Type:Debug:
DateTime:2026-09-14 15:21:53.937:"uTimeSecond_ms:5000"                            File: Line:0 Function: Type:Debug:
DateTime:2026-09-14 15:21:53.954:"工装接收：68 32 00 32 00 68 80 00 00 00 00 00 00 60 00 00 01 00 E1 16"                            File: Line:0 Function: Type:Debug:
DateTime:2026-09-14 15:21:53.954:"m_baRecvMsg:"                            File: Line:0 Function: Type:Debug:
DateTime:2026-09-14 15:21:53.954:"rameList.size():"                            File: Line:0 Function: Type:Debug:
DateTime:2026-09-14 15:21:53.954:"进入报文解析"                            File: Line:0 Function: Type:Debug:
DateTime:2026-09-14 15:21:53.954:"68 32 00 32 00 68 80 00 00 00 00 00 00 60 00 00 01 00 E1 16"                            File: Line:0 Function: Type:Debug:
DateTime:2026-09-14 15:21:53.954:"解码完成，功能码: 1"                            File: Line:0 Function: Type:Debug:
DateTime:2026-09-14 15:21:53.954:"工装回复确认帧"                            File: Line:0 Function: Type:Debug:
DateTime:2026-09-14 15:21:59.998:"等待工装回复超时"                            File: Line:0 Function: Type:Debug:
DateTime:2026-09-14 15:21:59.998:"uTimeSecond_ms:5000"                            File: Line:0 Function: Type:Debug:
DateTime:2026-09-14 15:22:03.020:"等待工装回复超时"                            File: Line:0 Function: Type:Debug:
DateTime:2026-09-14 15:22:03.449:"工装接收：68 2A 01 2A 01 68 80 00 00 00 00 00 22 60 00 00 01 00 02 3B 00 68 3B 00 C0 00 00 00 00 00 14 56 02 00 05 03 01 10 00 16 19 24 68 99 99 99 99 99 99 68 81 18 35 33 36 1E 34 36 36 34 43 33 49 4C 3A 34 43 33 49 4C 37 34 43 33 49 4C 89 16 C0 16 79 16"                            File: Line:0 Function: Type:Debug:
DateTime:2026-09-14 15:22:03.449:"m_baRecvMsg:"                            File: Line:0 Function: Type:Debug:
DateTime:2026-09-14 15:22:03.449:"rameList.size():"                            File: Line:0 Function: Type:Debug:
DateTime:2026-09-14 15:22:03.449:"进入报文解析"                            File: Line:0 Function: Type:Debug:
DateTime:2026-09-14 15:22:03.449:"68 2A 01 2A 01 68 80 00 00 00 00 00 22 60 00 00 01 00 02 3B 00 68 3B 00 C0 00 00 00 00 00 14 56 02 00 05 03 01 10 00 16 19 24 68 99 99 99 99 99 99 68 81 18 35 33 36 1E 34 36 36 34 43 33 49 4C 3A 34 43 33 49 4C 37 34 43 33 49 4C 89 16 C0 16 79 16"                            File: Line:0 Function: Type:Debug:
DateTime:2026-09-14 15:22:03.449:"解码完成，功能码: 4"                            File: Line:0 Function: Type:Debug:
DateTime:2026-09-14 15:22:03.449:"工装回复透传报文"                            File: Line:0 Function: Type:Debug:
DateTime:2026-09-14 15:22:03.449:"023B00683B00C00000000000145602000503011000161924689999999999996881183533361E343636344333494C3A344333494C37344333494C8916C016"                            File: Line:0 Function: Type:Debug:
DateTime:2026-09-14 15:22:03.449:"内容:68 3b 00 c0 00 00 00 00 00 14 56 02 00 05 03 01 10 00 16 19 24 68 99 99 99 99 99 99 68 81 18 35 33 36 1e 34 36 36 34 43 33 49 4c 3a 34 43 33 49 4c 37 34 43 33 49 4c 89 16 c0 16"                            File: Line:0 Function: Type:Debug:
DateTime:2026-09-14 15:22:06.068:"等待工装回复超时"                            File: Line:0 Function: Type:Debug:
DateTime:2026-09-14 15:22:06.068:"uTimeSecond_ms:5000"                            File: Line:0 Function: Type:Debug:
DateTime:2026-09-14 15:22:06.068:"查找结果: iret=0, wStart=0, dwOutLen=59, dwStreamLen=59, dwFindPos=0"                            File: Line:0 Function: Type:Debug:
DateTime:2026-09-14 15:22:06.068:"Receive:<= 68 3B 00 C0 00 00 00 00 00 14 56 02 00 05 03 01 10 00 16 19 24 68 99 99 99 99 99 99 68 81 18 35 33 36 1E 34 36 36 34 43 33 49 4C 3A 34 43 33 49 4C 37 34 43 33 49 4C 89 16 C0 16"                            File: Line:0 Function: Type:Debug:
DateTime:2026-09-14 15:22:06.068:"解析：功能码-AFN=56H,Fn=2："                            File: Line:0 Function: Type:Debug:
DateTime:2026-09-14 15:22:06.068:"Send(确认)：=> 68 0F 00 43 00 00 00 00 00 14 50 01 00 A8 16"                            File: Line:0 Function: Type:Debug:
DateTime:2026-09-14 15:22:06.068:"槽位2透传:687E007E006840000000000022600000010002013C00680F0043000000000014500100A816DF16"                            File: Line:0 Function: Type:Debug:
DateTime:2026-09-14 15:22:06.068:"工装发送：68 7E 00 7E 00 68 40 00 00 00 00 00 22 60 00 00 01 00 02 01 3C 00 68 0F 00 43 00 00 00 00 00 14 50 01 00 A8 16 DF 16"                            File: Line:0 Function: Type:Debug:
DateTime:2026-09-14 15:22:06.068:"|****************事件上报状态：************************|"                            File: Line:0 Function: Type:Debug:
DateTime:2026-09-14 15:22:06.068:"地址191600100103：--复电事件上报成功"                            File: Line:0 Function: Type:Debug:
DateTime:2026-09-14 15:22:06.068:"地址191600100104：--复电事件上报成功"                            File: Line:0 Function: Type:Debug:
DateTime:2026-09-14 15:22:06.068:"地址191600100105：--停电事件上报失败"                            File: Line:0 Function: Type:Debug:
DateTime:2026-09-14 15:22:06.068:"地址191600100106：--停电事件上报失败"                            File: Line:0 Function: Type:Debug:
DateTime:2026-09-14 15:22:06.069:"地址191600100107：--复电事件上报成功"                            File: Line:0 Function: Type:Debug:
DateTime:2026-09-14 15:22:06.069:"地址191600100108：--复电事件上报成功"                            File: Line:0 Function: Type:Debug:
DateTime:2026-09-14 15:22:06.069:"|*******************结束*****************************|"                            File: Line:0 Function: Type:Debug:
DateTime:2026-09-14 15:22:06.069:"uTimeSecond_ms:5000"                            File: Line:0 Function: Type:Debug:
DateTime:2026-09-14 15:22:06.086:"工装接收：68 32 00 32 00 68 80 00 00 00 00 00 00 60 00 00 01 00 E1 16"                            File: Line:0 Function: Type:Debug:
DateTime:2026-09-14 15:22:06.086:"m_baRecvMsg:"                            File: Line:0 Function: Type:Debug:
DateTime:2026-09-14 15:22:06.086:"rameList.size():"                            File: Line:0 Function: Type:Debug:
DateTime:2026-09-14 15:22:06.086:"进入报文解析"                            File: Line:0 Function: Type:Debug:
DateTime:2026-09-14 15:22:06.086:"68 32 00 32 00 68 80 00 00 00 00 00 00 60 00 00 01 00 E1 16"                            File: Line:0 Function: Type:Debug:
DateTime:2026-09-14 15:22:06.086:"解码完成，功能码: 1"                            File: Line:0 Function: Type:Debug:
DateTime:2026-09-14 15:22:06.086:"工装回复确认帧"                            File: Line:0 Function: Type:Debug:
DateTime:2026-09-14 15:22:12.129:"等待工装回复超时"                            File: Line:0 Function: Type:Debug:
DateTime:2026-09-14 15:22:12.129:"uTimeSecond_ms:5000"                            File: Line:0 Function: Type:Debug:
DateTime:2026-09-14 15:22:13.441:"工装接收：68 12 01 12 01 68 80 00 00 00 00 00 22 60 00 00 01 00 02 35 00 68 35 00 C0 00 00 00 00 00 15 56 02 00 05 06 01 10 00 16 19 1E 68 99 99 99 99 99 99 68 81 12 35 33 36 1E 34 35 39 34 43 33 49 4C 38 34 43 33 49 4C 0D 16 C6 16 79 16"                            File: Line:0 Function: Type:Debug:
DateTime:2026-09-14 15:22:13.441:"m_baRecvMsg:"                            File: Line:0 Function: Type:Debug:
DateTime:2026-09-14 15:22:13.441:"rameList.size():"                            File: Line:0 Function: Type:Debug:
DateTime:2026-09-14 15:22:13.441:"进入报文解析"                            File: Line:0 Function: Type:Debug:
DateTime:2026-09-14 15:22:13.441:"68 12 01 12 01 68 80 00 00 00 00 00 22 60 00 00 01 00 02 35 00 68 35 00 C0 00 00 00 00 00 15 56 02 00 05 06 01 10 00 16 19 1E 68 99 99 99 99 99 99 68 81 12 35 33 36 1E 34 35 39 34 43 33 49 4C 38 34 43 33 49 4C 0D 16 C6 16 79 16"                            File: Line:0 Function: Type:Debug:
DateTime:2026-09-14 15:22:13.441:"解码完成，功能码: 4"                            File: Line:0 Function: Type:Debug:
DateTime:2026-09-14 15:22:13.441:"工装回复透传报文"                            File: Line:0 Function: Type:Debug:
DateTime:2026-09-14 15:22:13.441:"023500683500C0000000000015560200050601100016191E689999999999996881123533361E343539344333494C38344333494C0D16C616"                            File: Line:0 Function: Type:Debug:
DateTime:2026-09-14 15:22:13.441:"内容:68 35 00 c0 00 00 00 00 00 15 56 02 00 05 06 01 10 00 16 19 1e 68 99 99 99 99 99 99 68 81 12 35 33 36 1e 34 35 39 34 43 33 49 4c 38 34 43 33 49 4c 0d 16 c6 16"                            File: Line:0 Function: Type:Debug:
DateTime:2026-09-14 15:22:15.153:"等待工装回复超时"                            File: Line:0 Function: Type:Debug:
DateTime:2026-09-14 15:22:15.153:"查找结果: iret=0, wStart=0, dwOutLen=53, dwStreamLen=53, dwFindPos=0"                            File: Line:0 Function: Type:Debug:
DateTime:2026-09-14 15:22:15.153:"Receive:<= 68 35 00 C0 00 00 00 00 00 15 56 02 00 05 06 01 10 00 16 19 1E 68 99 99 99 99 99 99 68 81 12 35 33 36 1E 34 35 39 34 43 33 49 4C 38 34 43 33 49 4C 0D 16 C6 16"                            File: Line:0 Function: Type:Debug:
DateTime:2026-09-14 15:22:15.153:"解析：功能码-AFN=56H,Fn=2："                            File: Line:0 Function: Type:Debug:
DateTime:2026-09-14 15:22:15.153:"Send(确认)：=> 68 0F 00 43 00 00 00 00 00 15 50 01 00 A9 16"                            File: Line:0 Function: Type:Debug:
DateTime:2026-09-14 15:22:15.153:"槽位2透传:687E007E006840000000000022600000010002013C00680F0043000000000015500100A916E116"                            File: Line:0 Function: Type:Debug:
DateTime:2026-09-14 15:22:15.153:"工装发送：68 7E 00 7E 00 68 40 00 00 00 00 00 22 60 00 00 01 00 02 01 3C 00 68 0F 00 43 00 00 00 00 00 15 50 01 00 A9 16 E1 16"                            File: Line:0 Function: Type:Debug:
DateTime:2026-09-14 15:22:15.153:"|****************事件上报状态：************************|"                            File: Line:0 Function: Type:Debug:
DateTime:2026-09-14 15:22:15.153:"地址191600100103：--复电事件上报成功"                            File: Line:0 Function: Type:Debug:
DateTime:2026-09-14 15:22:15.153:"地址191600100104：--复电事件上报成功"                            File: Line:0 Function: Type:Debug:
DateTime:2026-09-14 15:22:15.153:"地址191600100105：--复电事件上报成功"                            File: Line:0 Function: Type:Debug:
DateTime:2026-09-14 15:22:15.153:"地址191600100106：--复电事件上报成功"                            File: Line:0 Function: Type:Debug:
DateTime:2026-09-14 15:22:15.153:"地址191600100107：--复电事件上报成功"                            File: Line:0 Function: Type:Debug:
DateTime:2026-09-14 15:22:15.153:"地址191600100108：--复电事件上报成功"                            File: Line:0 Function: Type:Debug:
DateTime:2026-09-14 15:22:15.153:"|*******************结束*****************************|"                            File: Line:0 Function: Type:Debug:
DateTime:2026-09-14 15:22:25.155:"复电事件测试完成,上报成功率100%."                            File: Line:0 Function: Type:Debug:
DateTime:2026-09-14 15:22:25.155:dll输出信息: ""                            File: Line:0 Function: Type:Debug:
DateTime:2026-09-14 15:22:25.155:接口函数调用成功，返回的结果为 0                            File: Line:0 Function: Type:Debug:
DateTime:2026-09-14 15:22:25.155:"外部传入的para：0，返回的result：0,返回的pValRet：0"                            File: Line:0 Function: Type:Debug:
DateTime:2026-09-14 15:22:25.155:"执行接口函数CCO_Func_Power_ON_Event完成"                            File: Line:0 Function: Type:Debug:
DateTime:2026-09-14 15:22:25.156:coorIndex 0                            File: Line:0 Function: Type:Debug:
DateTime:2026-09-14 15:22:25.156:当前流程结束                            File: Line:0 Function: Type:Debug:
DateTime:2026-09-14 15:22:25.157:退出connect函数                            File: Line:0 Function: Type:Debug:
DateTime:2026-09-14 15:22:25.157:"=========【Step25-复电事件上报测试】结束=========="                            File: Line:0 Function: Type:Debug:
DateTime:2026-09-14 15:22:25.157:"-----------------------------"                            File: Line:0 Function: Type:Debug:
DateTime:2026-09-14 15:22:25.159:"=============执行【Step26-AFN55F2允许禁止从节点上报-禁止】==================="                            File: Line:0 Function: Type:Debug:
DateTime:2026-09-14 15:22:25.160:"执行接口函数CCO_AFN55_F2"                            File: Line:0 Function: Type:Debug:
DateTime:2026-09-14 15:22:25.160:callWorkFunction: CCO_AFN55_F2                            File: Line:0 Function: Type:Debug:
DateTime:2026-09-14 15:22:25.160:找到对应函数，进入执行                            File: Line:0 Function: Type:Debug:
DateTime:2026-09-14 15:22:25.663:"等待工装回复超时"                            File: Line:0 Function: Type:Debug:
DateTime:2026-09-14 15:22:25.663:"开始组帧"                            File: Line:0 Function: Type:Debug:
DateTime:2026-09-14 15:22:25.663:"组帧结束"                            File: Line:0 Function: Type:Debug:
DateTime:2026-09-14 15:22:25.663:"367.2Send:设置允许/禁止从节点上报(55H-F2)：=>68 38 00 43 00 00 00 00 00 83 55 02 00 05 03 03 01 10 00 16 19 00 03 04 01 10 00 16 19 00 03 05 01 10 00 16 19 00 03 06 01 10 00 16 19 00 03 07 01 10 00 16 19 00 8A 16"                            File: Line:0 Function: Type:Debug:
DateTime:2026-09-14 15:22:25.663:"槽位2透传:68220122016840000000000022600000010002013C006838004300000000008355020005030301100016190003040110001619000305011000161900030601100016190003070110001619008A16CC16"                            File: Line:0 Function: Type:Debug:
DateTime:2026-09-14 15:22:25.663:"工装发送：68 22 01 22 01 68 40 00 00 00 00 00 22 60 00 00 01 00 02 01 3C 00 68 38 00 43 00 00 00 00 00 83 55 02 00 05 03 03 01 10 00 16 19 00 03 04 01 10 00 16 19 00 03 05 01 10 00 16 19 00 03 06 01 10 00 16 19 00 03 07 01 10 00 16 19 00 8A 16 CC 16"                            File: Line:0 Function: Type:Debug:
DateTime:2026-09-14 15:22:25.728:"工装接收：68 32 00 32 00 68 80 00 00 00 00 00 00 60 00 00 01 00 E1 16 68 32 00 32 00 68 80 00 00 00 00 00 00 60 00 00 01 00 E1 16"                            File: Line:0 Function: Type:Debug:
DateTime:2026-09-14 15:22:25.728:"m_baRecvMsg:"                            File: Line:0 Function: Type:Debug:
DateTime:2026-09-14 15:22:25.729:"frameList.size():2"                            File: Line:0 Function: Type:Debug:
DateTime:2026-09-14 15:22:25.729:"进入报文解析"                            File: Line:0 Function: Type:Debug:
DateTime:2026-09-14 15:22:25.729:"68 32 00 32 00 68 80 00 00 00 00 00 00 60 00 00 01 00 E1 16"                            File: Line:0 Function: Type:Debug:
DateTime:2026-09-14 15:22:25.729:"解码完成，功能码: 1"                            File: Line:0 Function: Type:Debug:
DateTime:2026-09-14 15:22:25.729:"工装回复确认帧"                            File: Line:0 Function: Type:Debug:
DateTime:2026-09-14 15:22:25.729:"进入报文解析"                            File: Line:0 Function: Type:Debug:
DateTime:2026-09-14 15:22:25.729:"68 32 00 32 00 68 80 00 00 00 00 00 00 60 00 00 01 00 E1 16"                            File: Line:0 Function: Type:Debug:
DateTime:2026-09-14 15:22:25.729:"解码完成，功能码: 1"                            File: Line:0 Function: Type:Debug:
DateTime:2026-09-14 15:22:25.729:"工装回复确认帧"                            File: Line:0 Function: Type:Debug:
DateTime:2026-09-14 15:22:25.776:"工装接收：68 7A 00 7A 00 68 80 00 00 00 00 00 22 60 00 00 01 00 02 0F 00 68 0F 00 80 00 00 00 00 00 83 50 01 00 54 16 49 16"                            File: Line:0 Function: Type:Debug:
DateTime:2026-09-14 15:22:25.776:"m_baRecvMsg:"                            File: Line:0 Function: Type:Debug:
DateTime:2026-09-14 15:22:25.776:"frameList.size():1"                            File: Line:0 Function: Type:Debug:
DateTime:2026-09-14 15:22:25.776:"进入报文解析"                            File: Line:0 Function: Type:Debug:
DateTime:2026-09-14 15:22:25.776:"68 7A 00 7A 00 68 80 00 00 00 00 00 22 60 00 00 01 00 02 0F 00 68 0F 00 80 00 00 00 00 00 83 50 01 00 54 16 49 16"                            File: Line:0 Function: Type:Debug:
DateTime:2026-09-14 15:22:25.776:"解码完成，功能码: 4"                            File: Line:0 Function: Type:Debug:
DateTime:2026-09-14 15:22:25.776:"工装接收到透传报文"                            File: Line:0 Function: Type:Debug:
DateTime:2026-09-14 15:22:25.776:"020F00680F00800000000000835001005416"                            File: Line:0 Function: Type:Debug:
DateTime:2026-09-14 15:22:25.776:"透传报文内容:68 0f 00 80 00 00 00 00 00 83 50 01 00 54 16"                            File: Line:0 Function: Type:Debug:
DateTime:2026-09-14 15:22:28.697:"uTimeSecond_ms:5000"                            File: Line:0 Function: Type:Debug:
DateTime:2026-09-14 15:22:28.697:"查找结果: iret=0, wStart=0, dwOutLen=15, dwStreamLen=15, dwFindPos=0"                            File: Line:0 Function: Type:Debug:
DateTime:2026-09-14 15:22:28.697:"Receive:<= 68 0F 00 80 00 00 00 00 00 83 50 01 00 54 16"                            File: Line:0 Function: Type:Debug:
DateTime:2026-09-14 15:22:28.697:"解析：功能码-AFN=50H,Fn=1："                            File: Line:0 Function: Type:Debug:
DateTime:2026-09-14 15:22:28.697:"设置允许/禁止从节点上报成功"                            File: Line:0 Function: Type:Debug:
DateTime:2026-09-14 15:22:28.697:"成功数量：5"                            File: Line:0 Function: Type:Debug:
DateTime:2026-09-14 15:22:29.222:"等待工装回复超时"                            File: Line:0 Function: Type:Debug:
DateTime:2026-09-14 15:22:29.222:"开始组帧"                            File: Line:0 Function: Type:Debug:
DateTime:2026-09-14 15:22:29.222:"组帧结束"                            File: Line:0 Function: Type:Debug:
DateTime:2026-09-14 15:22:29.222:"367.2Send:设置允许/禁止从节点上报(55H-F2)：=>68 18 00 43 00 00 00 00 00 83 55 02 00 01 03 08 01 10 00 16 19 00 69 16"                            File: Line:0 Function: Type:Debug:
DateTime:2026-09-14 15:22:29.222:"槽位2透传:68A200A2006840000000000022600000010002013C006818004300000000008355020001030801100016190069166A16"                            File: Line:0 Function: Type:Debug:
DateTime:2026-09-14 15:22:29.222:"工装发送：68 A2 00 A2 00 68 40 00 00 00 00 00 22 60 00 00 01 00 02 01 3C 00 68 18 00 43 00 00 00 00 00 83 55 02 00 01 03 08 01 10 00 16 19 00 69 16 6A 16"                            File: Line:0 Function: Type:Debug:
DateTime:2026-09-14 15:22:29.250:"工装接收：68 32 00 32 00 68 80 00 00 00 00 00 00 60 00 00 01 00 E1 16"                            File: Line:0 Function: Type:Debug:
DateTime:2026-09-14 15:22:29.250:"m_baRecvMsg:"                            File: Line:0 Function: Type:Debug:
DateTime:2026-09-14 15:22:29.250:"frameList.size():1"                            File: Line:0 Function: Type:Debug:
DateTime:2026-09-14 15:22:29.250:"进入报文解析"                            File: Line:0 Function: Type:Debug:
DateTime:2026-09-14 15:22:29.250:"68 32 00 32 00 68 80 00 00 00 00 00 00 60 00 00 01 00 E1 16"                            File: Line:0 Function: Type:Debug:
DateTime:2026-09-14 15:22:29.250:"解码完成，功能码: 1"                            File: Line:0 Function: Type:Debug:
DateTime:2026-09-14 15:22:29.250:"工装回复确认帧"                            File: Line:0 Function: Type:Debug:
DateTime:2026-09-14 15:22:29.292:"工装接收：68 7A 00 7A 00 68 80 00 00 00 00 00 22 60 00 00 01 00 02 0F 00 68 0F 00 80 00 00 00 00 00 83 50 01 00 54 16 49 16"                            File: Line:0 Function: Type:Debug:
DateTime:2026-09-14 15:22:29.292:"m_baRecvMsg:"                            File: Line:0 Function: Type:Debug:
DateTime:2026-09-14 15:22:29.292:"frameList.size():1"                            File: Line:0 Function: Type:Debug:
DateTime:2026-09-14 15:22:29.292:"进入报文解析"                            File: Line:0 Function: Type:Debug:
DateTime:2026-09-14 15:22:29.292:"68 7A 00 7A 00 68 80 00 00 00 00 00 22 60 00 00 01 00 02 0F 00 68 0F 00 80 00 00 00 00 00 83 50 01 00 54 16 49 16"                            File: Line:0 Function: Type:Debug:
DateTime:2026-09-14 15:22:29.292:"解码完成，功能码: 4"                            File: Line:0 Function: Type:Debug:
DateTime:2026-09-14 15:22:29.292:"工装接收到透传报文"                            File: Line:0 Function: Type:Debug:
DateTime:2026-09-14 15:22:29.292:"020F00680F00800000000000835001005416"                            File: Line:0 Function: Type:Debug:
DateTime:2026-09-14 15:22:29.292:"透传报文内容:68 0f 00 80 00 00 00 00 00 83 50 01 00 54 16"                            File: Line:0 Function: Type:Debug:
DateTime:2026-09-14 15:22:32.313:"uTimeSecond_ms:5000"                            File: Line:0 Function: Type:Debug:
DateTime:2026-09-14 15:22:32.313:"查找结果: iret=0, wStart=0, dwOutLen=15, dwStreamLen=15, dwFindPos=0"                            File: Line:0 Function: Type:Debug:
DateTime:2026-09-14 15:22:32.313:"Receive:<= 68 0F 00 80 00 00 00 00 00 83 50 01 00 54 16"                            File: Line:0 Function: Type:Debug:
DateTime:2026-09-14 15:22:32.313:"解析：功能码-AFN=50H,Fn=1："                            File: Line:0 Function: Type:Debug:
DateTime:2026-09-14 15:22:32.313:"设置允许/禁止从节点上报成功"                            File: Line:0 Function: Type:Debug:
DateTime:2026-09-14 15:22:32.313:"成功数量：6"                            File: Line:0 Function: Type:Debug:
DateTime:2026-09-14 15:22:32.334:"设置允许/禁止从节点上报总数量：6 全部成功 "                            File: Line:0 Function: Type:Debug:
DateTime:2026-09-14 15:22:32.334:dll输出信息: ""                            File: Line:0 Function: Type:Debug:
DateTime:2026-09-14 15:22:32.334:接口函数调用成功，返回的结果为 0                            File: Line:0 Function: Type:Debug:
DateTime:2026-09-14 15:22:32.334:"外部传入的para：0，返回的result：0,返回的pValRet：0"                            File: Line:0 Function: Type:Debug:
DateTime:2026-09-14 15:22:32.334:"执行接口函数CCO_AFN55_F2完成"                            File: Line:0 Function: Type:Debug:
DateTime:2026-09-14 15:22:32.335:coorIndex 0                            File: Line:0 Function: Type:Debug:
DateTime:2026-09-14 15:22:32.335:当前流程结束                            File: Line:0 Function: Type:Debug:
DateTime:2026-09-14 15:22:32.335:退出connect函数                            File: Line:0 Function: Type:Debug:
DateTime:2026-09-14 15:22:32.335:"=========【Step26-AFN55F2允许禁止从节点上报-禁止】结束=========="                            File: Line:0 Function: Type:Debug:
DateTime:2026-09-14 15:22:32.335:"-----------------------------"                            File: Line:0 Function: Type:Debug:
DateTime:2026-09-14 15:22:32.338:"=============执行【执行延时】==================="                            File: Line:0 Function: Type:Debug:
DateTime:2026-09-14 15:22:32.338:"执行接口函数Func_Delay"                            File: Line:0 Function: Type:Debug:
DateTime:2026-09-14 15:22:32.338:callWorkFunction: Func_Delay                            File: Line:0 Function: Type:Debug:
DateTime:2026-09-14 15:22:32.338:找到对应函数，进入执行                            File: Line:0 Function: Type:Debug:
DateTime:2026-09-14 15:22:32.338:"延时时间为240s"                            File: Line:0 Function: Type:Debug:
DateTime:2026-09-14 15:22:32.338:"uTimeSecond_ms:240000"                            File: Line:0 Function: Type:Debug:
DateTime:2026-09-14 15:22:35.360:"等待工装回复超时"                            File: Line:0 Function: Type:Debug:
DateTime:2026-09-14 15:22:38.382:"等待工装回复超时"                            File: Line:0 Function: Type:Debug:
DateTime:2026-09-14 15:22:41.404:"等待工装回复超时"                            File: Line:0 Function: Type:Debug:
DateTime:2026-09-14 15:22:44.426:"等待工装回复超时"                            File: Line:0 Function: Type:Debug:
DateTime:2026-09-14 15:22:47.448:"等待工装回复超时"                            File: Line:0 Function: Type:Debug:
DateTime:2026-09-14 15:22:50.470:"等待工装回复超时"                            File: Line:0 Function: Type:Debug:
DateTime:2026-09-14 15:22:53.492:"等待工装回复超时"                            File: Line:0 Function: Type:Debug:
DateTime:2026-09-14 15:22:56.514:"等待工装回复超时"                            File: Line:0 Function: Type:Debug:
DateTime:2026-09-14 15:22:59.536:"等待工装回复超时"                            File: Line:0 Function: Type:Debug:
DateTime:2026-09-14 15:23:02.558:"等待工装回复超时"                            File: Line:0 Function: Type:Debug:
DateTime:2026-09-14 15:23:05.580:"等待工装回复超时"                            File: Line:0 Function: Type:Debug:
DateTime:2026-09-14 15:23:08.601:"等待工装回复超时"                            File: Line:0 Function: Type:Debug:
DateTime:2026-09-14 15:23:11.623:"等待工装回复超时"                            File: Line:0 Function: Type:Debug:
DateTime:2026-09-14 15:23:14.645:"等待工装回复超时"                            File: Line:0 Function: Type:Debug:
DateTime:2026-09-14 15:23:17.667:"等待工装回复超时"                            File: Line:0 Function: Type:Debug:
DateTime:2026-09-14 15:23:20.689:"等待工装回复超时"                            File: Line:0 Function: Type:Debug:
DateTime:2026-09-14 15:23:23.711:"等待工装回复超时"                            File: Line:0 Function: Type:Debug:
DateTime:2026-09-14 15:23:26.733:"等待工装回复超时"                            File: Line:0 Function: Type:Debug:
DateTime:2026-09-14 15:23:29.755:"等待工装回复超时"                            File: Line:0 Function: Type:Debug:
DateTime:2026-09-14 15:23:32.777:"等待工装回复超时"                            File: Line:0 Function: Type:Debug:
DateTime:2026-09-14 15:23:35.799:"等待工装回复超时"                            File: Line:0 Function: Type:Debug:
DateTime:2026-09-14 15:23:38.821:"等待工装回复超时"                            File: Line:0 Function: Type:Debug:
DateTime:2026-09-14 15:23:41.843:"等待工装回复超时"                            File: Line:0 Function: Type:Debug:
DateTime:2026-09-14 15:23:44.864:"等待工装回复超时"                            File: Line:0 Function: Type:Debug:
DateTime:2026-09-14 15:23:47.886:"等待工装回复超时"                            File: Line:0 Function: Type:Debug:
DateTime:2026-09-14 15:23:50.908:"等待工装回复超时"                            File: Line:0 Function: Type:Debug:
DateTime:2026-09-14 15:23:53.930:"等待工装回复超时"                            File: Line:0 Function: Type:Debug:
DateTime:2026-09-14 15:23:56.952:"等待工装回复超时"                            File: Line:0 Function: Type:Debug:
DateTime:2026-09-14 15:23:59.974:"等待工装回复超时"                            File: Line:0 Function: Type:Debug:
DateTime:2026-09-14 15:24:02.996:"等待工装回复超时"                            File: Line:0 Function: Type:Debug:
DateTime:2026-09-14 15:24:06.018:"等待工装回复超时"                            File: Line:0 Function: Type:Debug:
DateTime:2026-09-14 15:24:09.040:"等待工装回复超时"                            File: Line:0 Function: Type:Debug:
DateTime:2026-09-14 15:24:12.062:"等待工装回复超时"                            File: Line:0 Function: Type:Debug:
DateTime:2026-09-14 15:24:15.084:"等待工装回复超时"                            File: Line:0 Function: Type:Debug:
DateTime:2026-09-14 15:24:18.106:"等待工装回复超时"                            File: Line:0 Function: Type:Debug:
DateTime:2026-09-14 15:24:21.127:"等待工装回复超时"                            File: Line:0 Function: Type:Debug:
DateTime:2026-09-14 15:24:24.149:"等待工装回复超时"                            File: Line:0 Function: Type:Debug:
DateTime:2026-09-14 15:24:27.171:"等待工装回复超时"                            File: Line:0 Function: Type:Debug:
DateTime:2026-09-14 15:24:30.193:"等待工装回复超时"                            File: Line:0 Function: Type:Debug:
DateTime:2026-09-14 15:24:33.215:"等待工装回复超时"                            File: Line:0 Function: Type:Debug:
DateTime:2026-09-14 15:24:36.237:"等待工装回复超时"                            File: Line:0 Function: Type:Debug:
DateTime:2026-09-14 15:24:39.259:"等待工装回复超时"                            File: Line:0 Function: Type:Debug:
DateTime:2026-09-14 15:24:42.281:"等待工装回复超时"                            File: Line:0 Function: Type:Debug:
DateTime:2026-09-14 15:24:45.303:"等待工装回复超时"                            File: Line:0 Function: Type:Debug:
DateTime:2026-09-14 15:24:48.325:"等待工装回复超时"                            File: Line:0 Function: Type:Debug:
DateTime:2026-09-14 15:24:51.347:"等待工装回复超时"                            File: Line:0 Function: Type:Debug:
DateTime:2026-09-14 15:24:54.369:"等待工装回复超时"                            File: Line:0 Function: Type:Debug:
DateTime:2026-09-14 15:24:57.390:"等待工装回复超时"                            File: Line:0 Function: Type:Debug:
DateTime:2026-09-14 15:25:00.412:"等待工装回复超时"                            File: Line:0 Function: Type:Debug:
DateTime:2026-09-14 15:25:03.434:"等待工装回复超时"                            File: Line:0 Function: Type:Debug:
DateTime:2026-09-14 15:25:06.456:"等待工装回复超时"                            File: Line:0 Function: Type:Debug:
DateTime:2026-09-14 15:25:09.478:"等待工装回复超时"                            File: Line:0 Function: Type:Debug:
DateTime:2026-09-14 15:25:12.500:"等待工装回复超时"                            File: Line:0 Function: Type:Debug:
DateTime:2026-09-14 15:25:15.522:"等待工装回复超时"                            File: Line:0 Function: Type:Debug:
DateTime:2026-09-14 15:25:18.544:"等待工装回复超时"                            File: Line:0 Function: Type:Debug:
DateTime:2026-09-14 15:25:21.566:"等待工装回复超时"                            File: Line:0 Function: Type:Debug:
DateTime:2026-09-14 15:25:24.588:"等待工装回复超时"                            File: Line:0 Function: Type:Debug:
DateTime:2026-09-14 15:25:25.671:"工装接收：68 9A 00 9A 00 68 80 00 00 00 00 00 22 60 00 00 01 00 02 17 00 68 17 00 C3 00 00 00 00 00 16 14 08 01 04 00 25 25 15 14 09 26 9C 16 E9 16"                            File: Line:0 Function: Type:Debug:
DateTime:2026-09-14 15:25:25.672:"m_baRecvMsg:"                            File: Line:0 Function: Type:Debug:
DateTime:2026-09-14 15:25:25.672:"rameList.size():"                            File: Line:0 Function: Type:Debug:
DateTime:2026-09-14 15:25:25.672:"进入报文解析"                            File: Line:0 Function: Type:Debug:
DateTime:2026-09-14 15:25:25.672:"68 9A 00 9A 00 68 80 00 00 00 00 00 22 60 00 00 01 00 02 17 00 68 17 00 C3 00 00 00 00 00 16 14 08 01 04 00 25 25 15 14 09 26 9C 16 E9 16"                            File: Line:0 Function: Type:Debug:
DateTime:2026-09-14 15:25:25.672:"解码完成，功能码: 4"                            File: Line:0 Function: Type:Debug:
DateTime:2026-09-14 15:25:25.672:"工装回复透传报文"                            File: Line:0 Function: Type:Debug:
DateTime:2026-09-14 15:25:25.672:"021700681700C300000000001614080104002525151409269C16"                            File: Line:0 Function: Type:Debug:
DateTime:2026-09-14 15:25:25.672:"内容:68 17 00 c3 00 00 00 00 00 16 14 08 01 04 00 25 25 15 14 09 26 9c 16"                            File: Line:0 Function: Type:Debug:
DateTime:2026-09-14 15:25:27.686:"等待工装回复超时"                            File: Line:0 Function: Type:Debug:
DateTime:2026-09-14 15:25:27.686:"查找结果: iret=0, wStart=0, dwOutLen=23, dwStreamLen=23, dwFindPos=0"                            File: Line:0 Function: Type:Debug:
DateTime:2026-09-14 15:25:27.686:"Receive:<= 68 17 00 C3 00 00 00 00 00 16 14 08 01 04 00 25 25 15 14 09 26 9C 16"                            File: Line:0 Function: Type:Debug:
DateTime:2026-09-14 15:25:27.686:"解析：功能码-AFN=14H,Fn=12："                            File: Line:0 Function: Type:Debug:
DateTime:2026-09-14 15:25:27.686:"Send(14F12回复时钟请求)：=> 68 20 00 43 00 00 00 00 00 16 14 08 01 30 10 00 00 08 74 0F 5C 93 09 00 00 39 30 36 32 31 3B 16"                            File: Line:0 Function: Type:Debug:
DateTime:2026-09-14 15:25:27.686:"槽位2透传:68C200C2006840000000000022600000010002013C00682000430000000000161408013010000008740F5C9309000039303632313B161616"                            File: Line:0 Function: Type:Debug:
DateTime:2026-09-14 15:25:27.686:"工装发送：68 C2 00 C2 00 68 40 00 00 00 00 00 22 60 00 00 01 00 02 01 3C 00 68 20 00 43 00 00 00 00 00 16 14 08 01 30 10 00 00 08 74 0F 5C 93 09 00 00 39 30 36 32 31 3B 16 16 16"                            File: Line:0 Function: Type:Debug:
DateTime:2026-09-14 15:25:27.724:"工装接收：68 32 00 32 00 68 80 00 00 00 00 00 00 60 00 00 01 00 E1 16"                            File: Line:0 Function: Type:Debug:
DateTime:2026-09-14 15:25:27.724:"m_baRecvMsg:"                            File: Line:0 Function: Type:Debug:
DateTime:2026-09-14 15:25:27.724:"rameList.size():"                            File: Line:0 Function: Type:Debug:
DateTime:2026-09-14 15:25:27.724:"进入报文解析"                            File: Line:0 Function: Type:Debug:
DateTime:2026-09-14 15:25:27.724:"68 32 00 32 00 68 80 00 00 00 00 00 00 60 00 00 01 00 E1 16"                            File: Line:0 Function: Type:Debug:
DateTime:2026-09-14 15:25:27.724:"解码完成，功能码: 1"                            File: Line:0 Function: Type:Debug:
DateTime:2026-09-14 15:25:27.724:"工装回复确认帧"                            File: Line:0 Function: Type:Debug:
DateTime:2026-09-14 15:25:33.768:"等待工装回复超时"                            File: Line:0 Function: Type:Debug:
DateTime:2026-09-14 15:25:35.659:"工装接收：68 7A 00 7A 00 68 80 00 00 00 00 00 22 60 00 00 01 00 02 0F 00 68 0F 00 C3 00 00 00 00 00 17 14 02 00 F0 16 81 16"                            File: Line:0 Function: Type:Debug:
DateTime:2026-09-14 15:25:35.659:"m_baRecvMsg:"                            File: Line:0 Function: Type:Debug:
DateTime:2026-09-14 15:25:35.659:"rameList.size():"                            File: Line:0 Function: Type:Debug:
DateTime:2026-09-14 15:25:35.659:"进入报文解析"                            File: Line:0 Function: Type:Debug:
DateTime:2026-09-14 15:25:35.659:"68 7A 00 7A 00 68 80 00 00 00 00 00 22 60 00 00 01 00 02 0F 00 68 0F 00 C3 00 00 00 00 00 17 14 02 00 F0 16 81 16"                            File: Line:0 Function: Type:Debug:
DateTime:2026-09-14 15:25:35.659:"解码完成，功能码: 4"                            File: Line:0 Function: Type:Debug:
DateTime:2026-09-14 15:25:35.659:"工装回复透传报文"                            File: Line:0 Function: Type:Debug:
DateTime:2026-09-14 15:25:35.659:"020F00680F00C3000000000017140200F016"                            File: Line:0 Function: Type:Debug:
DateTime:2026-09-14 15:25:35.659:"内容:68 0f 00 c3 00 00 00 00 00 17 14 02 00 f0 16"                            File: Line:0 Function: Type:Debug:
DateTime:2026-09-14 15:25:36.868:"等待工装回复超时"                            File: Line:0 Function: Type:Debug:
DateTime:2026-09-14 15:25:36.868:"查找结果: iret=0, wStart=0, dwOutLen=15, dwStreamLen=15, dwFindPos=0"                            File: Line:0 Function: Type:Debug:
DateTime:2026-09-14 15:25:36.868:"Receive:<= 68 0F 00 C3 00 00 00 00 00 17 14 02 00 F0 16"                            File: Line:0 Function: Type:Debug:
DateTime:2026-09-14 15:25:36.868:"解析：功能码-AFN=14H,Fn=2："                            File: Line:0 Function: Type:Debug:
DateTime:2026-09-14 15:25:36.868:"Send(回复路由请求集中器时钟)：=> 68 15 00 03 00 00 00 00 00 17 14 02 00 36 25 15 14 09 26 E3 16"                            File: Line:0 Function: Type:Debug:
DateTime:2026-09-14 15:25:36.868:"槽位2透传:68960096006840000000000022600000010002013C0068150003000000000017140200362515140926E3165B16"                            File: Line:0 Function: Type:Debug:
DateTime:2026-09-14 15:25:36.868:"工装发送：68 96 00 96 00 68 40 00 00 00 00 00 22 60 00 00 01 00 02 01 3C 00 68 15 00 03 00 00 00 00 00 17 14 02 00 36 25 15 14 09 26 E3 16 5B 16"                            File: Line:0 Function: Type:Debug:
DateTime:2026-09-14 15:25:36.893:"工装接收：68 32 00 32 00 68 80 00 00 00 00 00 00 60 00 00 01 00 E1 16"                            File: Line:0 Function: Type:Debug:
DateTime:2026-09-14 15:25:36.893:"m_baRecvMsg:"                            File: Line:0 Function: Type:Debug:
DateTime:2026-09-14 15:25:36.893:"rameList.size():"                            File: Line:0 Function: Type:Debug:
DateTime:2026-09-14 15:25:36.893:"进入报文解析"                            File: Line:0 Function: Type:Debug:
DateTime:2026-09-14 15:25:36.893:"68 32 00 32 00 68 80 00 00 00 00 00 00 60 00 00 01 00 E1 16"                            File: Line:0 Function: Type:Debug:
DateTime:2026-09-14 15:25:36.893:"解码完成，功能码: 1"                            File: Line:0 Function: Type:Debug:
DateTime:2026-09-14 15:25:36.893:"工装回复确认帧"                            File: Line:0 Function: Type:Debug:
DateTime:2026-09-14 15:25:42.937:"等待工装回复超时"                            File: Line:0 Function: Type:Debug:
DateTime:2026-09-14 15:25:45.959:"等待工装回复超时"                            File: Line:0 Function: Type:Debug:
DateTime:2026-09-14 15:25:48.980:"等待工装回复超时"                            File: Line:0 Function: Type:Debug:
DateTime:2026-09-14 15:25:52.002:"等待工装回复超时"                            File: Line:0 Function: Type:Debug:
DateTime:2026-09-14 15:25:55.024:"等待工装回复超时"                            File: Line:0 Function: Type:Debug:
DateTime:2026-09-14 15:25:58.046:"等待工装回复超时"                            File: Line:0 Function: Type:Debug:
DateTime:2026-09-14 15:26:01.068:"等待工装回复超时"                            File: Line:0 Function: Type:Debug:
DateTime:2026-09-14 15:26:04.090:"等待工装回复超时"                            File: Line:0 Function: Type:Debug:
DateTime:2026-09-14 15:26:07.112:"等待工装回复超时"                            File: Line:0 Function: Type:Debug:
DateTime:2026-09-14 15:26:10.134:"等待工装回复超时"                            File: Line:0 Function: Type:Debug:
DateTime:2026-09-14 15:26:13.156:"等待工装回复超时"                            File: Line:0 Function: Type:Debug:
DateTime:2026-09-14 15:26:16.178:"等待工装回复超时"                            File: Line:0 Function: Type:Debug:
DateTime:2026-09-14 15:26:19.200:"等待工装回复超时"                            File: Line:0 Function: Type:Debug:
DateTime:2026-09-14 15:26:22.221:"等待工装回复超时"                            File: Line:0 Function: Type:Debug:
DateTime:2026-09-14 15:26:25.243:"等待工装回复超时"                            File: Line:0 Function: Type:Debug:
DateTime:2026-09-14 15:26:28.265:"等待工装回复超时"                            File: Line:0 Function: Type:Debug:
DateTime:2026-09-14 15:26:31.287:"等待工装回复超时"                            File: Line:0 Function: Type:Debug:
DateTime:2026-09-14 15:26:34.309:"等待工装回复超时"                            File: Line:0 Function: Type:Debug:
DateTime:2026-09-14 15:26:34.309:"延时时间到"                            File: Line:0 Function: Type:Debug:
DateTime:2026-09-14 15:26:34.410:dll输出信息: ""                            File: Line:0 Function: Type:Debug:
DateTime:2026-09-14 15:26:34.410:接口函数调用成功，返回的结果为 0                            File: Line:0 Function: Type:Debug:
DateTime:2026-09-14 15:26:34.410:"外部传入的para：0，返回的result：0,返回的pValRet：0"                            File: Line:0 Function: Type:Debug:
DateTime:2026-09-14 15:26:34.410:"执行接口函数Func_Delay完成"                            File: Line:0 Function: Type:Debug:
DateTime:2026-09-14 15:26:34.410:coorIndex 0                            File: Line:0 Function: Type:Debug:
DateTime:2026-09-14 15:26:34.410:当前流程结束                            File: Line:0 Function: Type:Debug:
DateTime:2026-09-14 15:26:34.410:退出connect函数                            File: Line:0 Function: Type:Debug:
DateTime:2026-09-14 15:26:34.410:"=========【执行延时】结束=========="                            File: Line:0 Function: Type:Debug:
DateTime:2026-09-14 15:26:34.410:"-----------------------------"                            File: Line:0 Function: Type:Debug:
DateTime:2026-09-14 15:26:34.412:"=============执行【Step27-三相功率源关源】==================="                            File: Line:0 Function: Type:Debug:
DateTime:2026-09-14 15:26:34.412:"--发送:A1 01 04 DC 07 00 E3"                            File: Line:0 Function: Type:Debug:
DateTime:2026-09-14 15:26:34.513:三相功率源关源成功                            File: Line:0 Function: Type:Debug:
DateTime:2026-09-14 15:26:34.513:"=========【Step27-三相功率源关源】结束=========="                            File: Line:0 Function: Type:Debug:
DateTime:2026-09-14 15:26:34.513:"-----------------------------"                            File: Line:0 Function: Type:Debug:
DateTime:2026-09-14 15:26:34.517:"=============执行【Step28-模块槽位下电】==================="                            File: Line:0 Function: Type:Debug:
DateTime:2026-09-14 15:26:34.518:"执行接口函数SimuCorn_power_off"                            File: Line:0 Function: Type:Debug:
DateTime:2026-09-14 15:26:34.518:callWorkFunction: SimuCorn_power_off                            File: Line:0 Function: Type:Debug:
DateTime:2026-09-14 15:26:34.518:找到对应函数，进入执行                            File: Line:0 Function: Type:Debug:
DateTime:2026-09-14 15:26:34.518:"工装发送：68 3E 00 3E 00 68 40 00 00 00 00 00 21 60 00 00 02 00 03 02 00 C8 16"                            File: Line:0 Function: Type:Debug:
DateTime:2026-09-14 15:26:34.518:"工装接收：68 32 00 32 00 68 80 00 00 00 00 00 00 60 00 00 01 00 E1 16"                            File: Line:0 Function: Type:Debug:
DateTime:2026-09-14 15:26:34.518:"m_baRecvMsg:"                            File: Line:0 Function: Type:Debug:
DateTime:2026-09-14 15:26:34.518:"frameList.size():1"                            File: Line:0 Function: Type:Debug:
DateTime:2026-09-14 15:26:34.518:"进入报文解析"                            File: Line:0 Function: Type:Debug:
DateTime:2026-09-14 15:26:34.518:"68 32 00 32 00 68 80 00 00 00 00 00 00 60 00 00 01 00 E1 16"                            File: Line:0 Function: Type:Debug:
DateTime:2026-09-14 15:26:34.519:"解码完成，功能码: 1"                            File: Line:0 Function: Type:Debug:
DateTime:2026-09-14 15:26:34.519:"工装回复确认帧"                            File: Line:0 Function: Type:Debug:
DateTime:2026-09-14 15:26:34.519:"工装发送：68 3E 00 3E 00 68 40 00 00 00 00 00 21 60 00 00 02 00 04 02 00 C9 16"                            File: Line:0 Function: Type:Debug:
DateTime:2026-09-14 15:26:34.519:"工装接收：68 32 00 32 00 68 80 00 00 00 00 00 00 60 00 00 01 00 E1 16"                            File: Line:0 Function: Type:Debug:
DateTime:2026-09-14 15:26:34.519:"m_baRecvMsg:"                            File: Line:0 Function: Type:Debug:
DateTime:2026-09-14 15:26:34.519:"frameList.size():1"                            File: Line:0 Function: Type:Debug:
DateTime:2026-09-14 15:26:34.519:"进入报文解析"                            File: Line:0 Function: Type:Debug:
DateTime:2026-09-14 15:26:34.519:"68 32 00 32 00 68 80 00 00 00 00 00 00 60 00 00 01 00 E1 16"                            File: Line:0 Function: Type:Debug:
DateTime:2026-09-14 15:26:34.519:"解码完成，功能码: 1"                            File: Line:0 Function: Type:Debug:
DateTime:2026-09-14 15:26:34.519:"工装回复确认帧"                            File: Line:0 Function: Type:Debug:
DateTime:2026-09-14 15:26:34.519:"工装发送：68 3E 00 3E 00 68 40 00 00 00 00 00 21 60 00 00 02 00 05 02 00 CA 16"                            File: Line:0 Function: Type:Debug:
DateTime:2026-09-14 15:26:34.520:"工装接收：68 32 00 32 00 68 80 00 00 00 00 00 00 60 00 00 01 00 E1 16"                            File: Line:0 Function: Type:Debug:
DateTime:2026-09-14 15:26:34.520:"m_baRecvMsg:"                            File: Line:0 Function: Type:Debug:
DateTime:2026-09-14 15:26:34.520:"frameList.size():1"                            File: Line:0 Function: Type:Debug:
DateTime:2026-09-14 15:26:34.520:"进入报文解析"                            File: Line:0 Function: Type:Debug:
DateTime:2026-09-14 15:26:34.520:"68 32 00 32 00 68 80 00 00 00 00 00 00 60 00 00 01 00 E1 16"                            File: Line:0 Function: Type:Debug:
DateTime:2026-09-14 15:26:34.520:"解码完成，功能码: 1"                            File: Line:0 Function: Type:Debug:
DateTime:2026-09-14 15:26:34.520:"工装回复确认帧"                            File: Line:0 Function: Type:Debug:
DateTime:2026-09-14 15:26:34.520:"工装发送：68 3E 00 3E 00 68 40 00 00 00 00 00 21 60 00 00 02 00 06 02 00 CB 16"                            File: Line:0 Function: Type:Debug:
DateTime:2026-09-14 15:26:34.521:"工装接收：68 32 00 32 00 68 80 00 00 00 00 00 00 60 00 00 01 00 E1 16"                            File: Line:0 Function: Type:Debug:
DateTime:2026-09-14 15:26:34.521:"m_baRecvMsg:"                            File: Line:0 Function: Type:Debug:
DateTime:2026-09-14 15:26:34.521:"frameList.size():1"                            File: Line:0 Function: Type:Debug:
DateTime:2026-09-14 15:26:34.521:"进入报文解析"                            File: Line:0 Function: Type:Debug:
DateTime:2026-09-14 15:26:34.521:"68 32 00 32 00 68 80 00 00 00 00 00 00 60 00 00 01 00 E1 16"                            File: Line:0 Function: Type:Debug:
DateTime:2026-09-14 15:26:34.521:"解码完成，功能码: 1"                            File: Line:0 Function: Type:Debug:
DateTime:2026-09-14 15:26:34.521:"工装回复确认帧"                            File: Line:0 Function: Type:Debug:
DateTime:2026-09-14 15:26:34.521:"工装发送：68 3E 00 3E 00 68 40 00 00 00 00 00 21 60 00 00 02 00 07 02 00 CC 16"                            File: Line:0 Function: Type:Debug:
DateTime:2026-09-14 15:26:34.521:"工装接收：68 32 00 32 00 68 80 00 00 00 00 00 00 60 00 00 01 00 E1 16"                            File: Line:0 Function: Type:Debug:
DateTime:2026-09-14 15:26:34.521:"m_baRecvMsg:"                            File: Line:0 Function: Type:Debug:
DateTime:2026-09-14 15:26:34.521:"frameList.size():1"                            File: Line:0 Function: Type:Debug:
DateTime:2026-09-14 15:26:34.521:"进入报文解析"                            File: Line:0 Function: Type:Debug:
DateTime:2026-09-14 15:26:34.521:"68 32 00 32 00 68 80 00 00 00 00 00 00 60 00 00 01 00 E1 16"                            File: Line:0 Function: Type:Debug:
DateTime:2026-09-14 15:26:34.522:"解码完成，功能码: 1"                            File: Line:0 Function: Type:Debug:
DateTime:2026-09-14 15:26:34.522:"工装回复确认帧"                            File: Line:0 Function: Type:Debug:
DateTime:2026-09-14 15:26:34.522:"工装发送：68 3E 00 3E 00 68 40 00 00 00 00 00 21 60 00 00 02 00 08 02 00 CD 16"                            File: Line:0 Function: Type:Debug:
DateTime:2026-09-14 15:26:34.522:"工装接收：68 32 00 32 00 68 80 00 00 00 00 00 00 60 00 00 01 00 E1 16"                            File: Line:0 Function: Type:Debug:
DateTime:2026-09-14 15:26:34.522:"m_baRecvMsg:"                            File: Line:0 Function: Type:Debug:
DateTime:2026-09-14 15:26:34.522:"frameList.size():1"                            File: Line:0 Function: Type:Debug:
DateTime:2026-09-14 15:26:34.522:"进入报文解析"                            File: Line:0 Function: Type:Debug:
DateTime:2026-09-14 15:26:34.522:"68 32 00 32 00 68 80 00 00 00 00 00 00 60 00 00 01 00 E1 16"                            File: Line:0 Function: Type:Debug:
DateTime:2026-09-14 15:26:34.522:"解码完成，功能码: 1"                            File: Line:0 Function: Type:Debug:
DateTime:2026-09-14 15:26:34.522:"工装回复确认帧"                            File: Line:0 Function: Type:Debug:
DateTime:2026-09-14 15:26:34.522:"所有槽位下电成功"                            File: Line:0 Function: Type:Debug:
DateTime:2026-09-14 15:26:34.623:dll输出信息: ""                            File: Line:0 Function: Type:Debug:
DateTime:2026-09-14 15:26:34.623:接口函数调用成功，返回的结果为 0                            File: Line:0 Function: Type:Debug:
DateTime:2026-09-14 15:26:34.623:"外部传入的para：0，返回的result：0,返回的pValRet：0"                            File: Line:0 Function: Type:Debug:
DateTime:2026-09-14 15:26:34.623:"执行接口函数SimuCorn_power_off完成"                            File: Line:0 Function: Type:Debug:
DateTime:2026-09-14 15:26:34.624:coorIndex 0                            File: Line:0 Function: Type:Debug:
DateTime:2026-09-14 15:26:34.624:当前流程结束                            File: Line:0 Function: Type:Debug:
DateTime:2026-09-14 15:26:34.624:退出connect函数                            File: Line:0 Function: Type:Debug:
DateTime:2026-09-14 15:26:34.624:"=========【Step28-模块槽位下电】结束=========="                            File: Line:0 Function: Type:Debug:
DateTime:2026-09-14 15:26:34.624:"-----------------------------"                            File: Line:0 Function: Type:Debug:
DateTime:2026-09-14 15:26:34.627:"=============执行【Step29-停电事件上报测试(福建程序禁止上报后，停电事件还是会上报)】==================="                            File: Line:0 Function: Type:Debug:
DateTime:2026-09-14 15:26:34.627:"执行接口函数CCO_Func_Power_OFF_Event"                            File: Line:0 Function: Type:Debug:
DateTime:2026-09-14 15:26:34.627:callWorkFunction: CCO_Func_Power_OFF_Event                            File: Line:0 Function: Type:Debug:
DateTime:2026-09-14 15:26:34.627:找到对应函数，进入执行                            File: Line:0 Function: Type:Debug:
DateTime:2026-09-14 15:26:34.627:"uTimeSecond_ms:5000"                            File: Line:0 Function: Type:Debug:
DateTime:2026-09-14 15:26:37.649:"等待工装回复超时"                            File: Line:0 Function: Type:Debug:
DateTime:2026-09-14 15:26:40.671:"等待工装回复超时"                            File: Line:0 Function: Type:Debug:
DateTime:2026-09-14 15:26:40.671:"uTimeSecond_ms:5000"                            File: Line:0 Function: Type:Debug:
DateTime:2026-09-14 15:26:43.693:"等待工装回复超时"                            File: Line:0 Function: Type:Debug:
DateTime:2026-09-14 15:26:46.715:"等待工装回复超时"                            File: Line:0 Function: Type:Debug:
DateTime:2026-09-14 15:26:46.715:"uTimeSecond_ms:5000"                            File: Line:0 Function: Type:Debug:
DateTime:2026-09-14 15:26:49.737:"等待工装回复超时"                            File: Line:0 Function: Type:Debug:
DateTime:2026-09-14 15:26:52.759:"等待工装回复超时"                            File: Line:0 Function: Type:Debug:
DateTime:2026-09-14 15:26:52.759:"uTimeSecond_ms:5000"                            File: Line:0 Function: Type:Debug:
DateTime:2026-09-14 15:26:55.781:"等待工装回复超时"                            File: Line:0 Function: Type:Debug:
DateTime:2026-09-14 15:26:58.803:"等待工装回复超时"                            File: Line:0 Function: Type:Debug:
DateTime:2026-09-14 15:26:58.803:"uTimeSecond_ms:5000"                            File: Line:0 Function: Type:Debug:
DateTime:2026-09-14 15:27:01.825:"等待工装回复超时"                            File: Line:0 Function: Type:Debug:
DateTime:2026-09-14 15:27:04.846:"等待工装回复超时"                            File: Line:0 Function: Type:Debug:
DateTime:2026-09-14 15:27:04.846:"uTimeSecond_ms:5000"                            File: Line:0 Function: Type:Debug:
DateTime:2026-09-14 15:27:07.868:"等待工装回复超时"                            File: Line:0 Function: Type:Debug:
DateTime:2026-09-14 15:27:10.890:"等待工装回复超时"                            File: Line:0 Function: Type:Debug:
DateTime:2026-09-14 15:27:10.890:"uTimeSecond_ms:5000"                            File: Line:0 Function: Type:Debug:
DateTime:2026-09-14 15:27:13.912:"等待工装回复超时"                            File: Line:0 Function: Type:Debug:
DateTime:2026-09-14 15:27:16.934:"等待工装回复超时"                            File: Line:0 Function: Type:Debug:
DateTime:2026-09-14 15:27:16.934:"uTimeSecond_ms:5000"                            File: Line:0 Function: Type:Debug:
DateTime:2026-09-14 15:27:19.956:"等待工装回复超时"                            File: Line:0 Function: Type:Debug:
DateTime:2026-09-14 15:27:22.978:"等待工装回复超时"                            File: Line:0 Function: Type:Debug:
DateTime:2026-09-14 15:27:22.978:"uTimeSecond_ms:5000"                            File: Line:0 Function: Type:Debug:
DateTime:2026-09-14 15:27:26.000:"等待工装回复超时"                            File: Line:0 Function: Type:Debug:
DateTime:2026-09-14 15:27:29.022:"等待工装回复超时"                            File: Line:0 Function: Type:Debug:
DateTime:2026-09-14 15:27:29.022:"uTimeSecond_ms:5000"                            File: Line:0 Function: Type:Debug:
DateTime:2026-09-14 15:27:32.044:"等待工装回复超时"                            File: Line:0 Function: Type:Debug:
DateTime:2026-09-14 15:27:35.066:"等待工装回复超时"                            File: Line:0 Function: Type:Debug:
DateTime:2026-09-14 15:27:35.066:"uTimeSecond_ms:5000"                            File: Line:0 Function: Type:Debug:
DateTime:2026-09-14 15:27:38.088:"等待工装回复超时"                            File: Line:0 Function: Type:Debug:
DateTime:2026-09-14 15:27:41.109:"等待工装回复超时"                            File: Line:0 Function: Type:Debug:
DateTime:2026-09-14 15:27:41.109:"uTimeSecond_ms:5000"                            File: Line:0 Function: Type:Debug:
DateTime:2026-09-14 15:27:44.131:"等待工装回复超时"                            File: Line:0 Function: Type:Debug:
DateTime:2026-09-14 15:27:47.153:"等待工装回复超时"                            File: Line:0 Function: Type:Debug:
DateTime:2026-09-14 15:27:47.153:"uTimeSecond_ms:5000"                            File: Line:0 Function: Type:Debug:
DateTime:2026-09-14 15:27:50.175:"等待工装回复超时"                            File: Line:0 Function: Type:Debug:
DateTime:2026-09-14 15:27:53.197:"等待工装回复超时"                            File: Line:0 Function: Type:Debug:
DateTime:2026-09-14 15:27:53.197:"uTimeSecond_ms:5000"                            File: Line:0 Function: Type:Debug:
DateTime:2026-09-14 15:27:56.219:"等待工装回复超时"                            File: Line:0 Function: Type:Debug:
DateTime:2026-09-14 15:27:59.241:"等待工装回复超时"                            File: Line:0 Function: Type:Debug:
DateTime:2026-09-14 15:27:59.241:"uTimeSecond_ms:5000"                            File: Line:0 Function: Type:Debug:
DateTime:2026-09-14 15:28:02.263:"等待工装回复超时"                            File: Line:0 Function: Type:Debug:
DateTime:2026-09-14 15:28:05.285:"等待工装回复超时"                            File: Line:0 Function: Type:Debug:
DateTime:2026-09-14 15:28:05.285:"uTimeSecond_ms:5000"                            File: Line:0 Function: Type:Debug:
DateTime:2026-09-14 15:28:08.307:"等待工装回复超时"                            File: Line:0 Function: Type:Debug:
DateTime:2026-09-14 15:28:11.329:"等待工装回复超时"                            File: Line:0 Function: Type:Debug:
DateTime:2026-09-14 15:28:11.329:"uTimeSecond_ms:5000"                            File: Line:0 Function: Type:Debug:
DateTime:2026-09-14 15:28:14.351:"等待工装回复超时"                            File: Line:0 Function: Type:Debug:
DateTime:2026-09-14 15:28:17.372:"等待工装回复超时"                            File: Line:0 Function: Type:Debug:
DateTime:2026-09-14 15:28:17.372:"uTimeSecond_ms:5000"                            File: Line:0 Function: Type:Debug:
DateTime:2026-09-14 15:28:20.394:"等待工装回复超时"                            File: Line:0 Function: Type:Debug:
DateTime:2026-09-14 15:28:23.416:"等待工装回复超时"                            File: Line:0 Function: Type:Debug:
DateTime:2026-09-14 15:28:23.416:"uTimeSecond_ms:5000"                            File: Line:0 Function: Type:Debug:
DateTime:2026-09-14 15:28:26.438:"等待工装回复超时"                            File: Line:0 Function: Type:Debug:
DateTime:2026-09-14 15:28:29.460:"等待工装回复超时"                            File: Line:0 Function: Type:Debug:
DateTime:2026-09-14 15:28:29.460:"uTimeSecond_ms:5000"                            File: Line:0 Function: Type:Debug:
DateTime:2026-09-14 15:28:32.482:"等待工装回复超时"                            File: Line:0 Function: Type:Debug:
DateTime:2026-09-14 15:28:35.504:"等待工装回复超时"                            File: Line:0 Function: Type:Debug:
DateTime:2026-09-14 15:28:35.504:"uTimeSecond_ms:5000"                            File: Line:0 Function: Type:Debug:
DateTime:2026-09-14 15:28:38.526:"等待工装回复超时"                            File: Line:0 Function: Type:Debug:
DateTime:2026-09-14 15:28:41.548:"等待工装回复超时"                            File: Line:0 Function: Type:Debug:
DateTime:2026-09-14 15:28:41.548:"uTimeSecond_ms:5000"                            File: Line:0 Function: Type:Debug:
DateTime:2026-09-14 15:28:42.722:"工装接收：68 42 01 42 01 68 80 00 00 00 00 00 22 60 00 00 01 00 02 41 00 68 41 00 C0 00 00 00 00 00 18 56 02 00 01 12 90 78 56 34 12 2A 68 12 90 78 56 34 12 68 81 1E 39 38 37 1E 35 37 37 34 43 33 49 4C 39 34 43 33 49 4C 38 34 43 33 49 4C 36 34 43 33 49 4C 31 16 89 16 17 16"                            File: Line:0 Function: Type:Debug:
DateTime:2026-09-14 15:28:42.722:"m_baRecvMsg:"                            File: Line:0 Function: Type:Debug:
DateTime:2026-09-14 15:28:42.722:"rameList.size():"                            File: Line:0 Function: Type:Debug:
DateTime:2026-09-14 15:28:42.722:"进入报文解析"                            File: Line:0 Function: Type:Debug:
DateTime:2026-09-14 15:28:42.722:"68 42 01 42 01 68 80 00 00 00 00 00 22 60 00 00 01 00 02 41 00 68 41 00 C0 00 00 00 00 00 18 56 02 00 01 12 90 78 56 34 12 2A 68 12 90 78 56 34 12 68 81 1E 39 38 37 1E 35 37 37 34 43 33 49 4C 39 34 43 33 49 4C 38 34 43 33 49 4C 36 34 43 33 49 4C 31 16 89 16 17 16"                            File: Line:0 Function: Type:Debug:
DateTime:2026-09-14 15:28:42.722:"解码完成，功能码: 4"                            File: Line:0 Function: Type:Debug:
DateTime:2026-09-14 15:28:42.723:"工装回复透传报文"                            File: Line:0 Function: Type:Debug:
DateTime:2026-09-14 15:28:42.723:"024100684100C0000000000018560200011290785634122A6812907856341268811E3938371E353737344333494C39344333494C38344333494C36344333494C31168916"                            File: Line:0 Function: Type:Debug:
DateTime:2026-09-14 15:28:42.723:"内容:68 41 00 c0 00 00 00 00 00 18 56 02 00 01 12 90 78 56 34 12 2a 68 12 90 78 56 34 12 68 81 1e 39 38 37 1e 35 37 37 34 43 33 49 4c 39 34 43 33 49 4c 38 34 43 33 49 4c 36 34 43 33 49 4c 31 16 89 16"                            File: Line:0 Function: Type:Debug:
DateTime:2026-09-14 15:28:44.637:"等待工装回复超时"                            File: Line:0 Function: Type:Debug:
DateTime:2026-09-14 15:28:44.637:"查找结果: iret=0, wStart=0, dwOutLen=65, dwStreamLen=65, dwFindPos=0"                            File: Line:0 Function: Type:Debug:
DateTime:2026-09-14 15:28:44.637:"Receive:<= 68 41 00 C0 00 00 00 00 00 18 56 02 00 01 12 90 78 56 34 12 2A 68 12 90 78 56 34 12 68 81 1E 39 38 37 1E 35 37 37 34 43 33 49 4C 39 34 43 33 49 4C 38 34 43 33 49 4C 36 34 43 33 49 4C 31 16 89 16"                            File: Line:0 Function: Type:Debug:
DateTime:2026-09-14 15:28:44.637:"解析：功能码-AFN=56H,Fn=2："                            File: Line:0 Function: Type:Debug:
DateTime:2026-09-14 15:28:44.637:"Send(确认)：=> 68 0F 00 43 00 00 00 00 00 18 50 01 00 AC 16"                            File: Line:0 Function: Type:Debug:
DateTime:2026-09-14 15:28:44.637:"槽位2透传:687E007E006840000000000022600000010002013C00680F0043000000000018500100AC16E716"                            File: Line:0 Function: Type:Debug:
DateTime:2026-09-14 15:28:44.637:"工装发送：68 7E 00 7E 00 68 40 00 00 00 00 00 22 60 00 00 01 00 02 01 3C 00 68 0F 00 43 00 00 00 00 00 18 50 01 00 AC 16 E7 16"                            File: Line:0 Function: Type:Debug:
DateTime:2026-09-14 15:28:44.637:"停上电类型--其他"                            File: Line:0 Function: Type:Debug:
DateTime:2026-09-14 15:28:44.637:"uTimeSecond_ms:5000"                            File: Line:0 Function: Type:Debug:
DateTime:2026-09-14 15:28:44.654:"工装接收：68 32 00 32 00 68 80 00 00 00 00 00 00 60 00 00 01 00 E1 16"                            File: Line:0 Function: Type:Debug:
DateTime:2026-09-14 15:28:44.654:"m_baRecvMsg:"                            File: Line:0 Function: Type:Debug:
DateTime:2026-09-14 15:28:44.654:"rameList.size():"                            File: Line:0 Function: Type:Debug:
DateTime:2026-09-14 15:28:44.654:"进入报文解析"                            File: Line:0 Function: Type:Debug:
DateTime:2026-09-14 15:28:44.654:"68 32 00 32 00 68 80 00 00 00 00 00 00 60 00 00 01 00 E1 16"                            File: Line:0 Function: Type:Debug:
DateTime:2026-09-14 15:28:44.654:"解码完成，功能码: 1"                            File: Line:0 Function: Type:Debug:
DateTime:2026-09-14 15:28:44.654:"工装回复确认帧"                            File: Line:0 Function: Type:Debug:
DateTime:2026-09-14 15:28:50.698:"等待工装回复超时"                            File: Line:0 Function: Type:Debug:
DateTime:2026-09-14 15:28:50.698:"uTimeSecond_ms:5000"                            File: Line:0 Function: Type:Debug:
DateTime:2026-09-14 15:28:53.720:"等待工装回复超时"                            File: Line:0 Function: Type:Debug:
DateTime:2026-09-14 15:28:56.742:"等待工装回复超时"                            File: Line:0 Function: Type:Debug:
DateTime:2026-09-14 15:28:56.742:"uTimeSecond_ms:5000"                            File: Line:0 Function: Type:Debug:
DateTime:2026-09-14 15:28:59.764:"等待工装回复超时"                            File: Line:0 Function: Type:Debug:
DateTime:2026-09-14 15:29:02.786:"等待工装回复超时"                            File: Line:0 Function: Type:Debug:
DateTime:2026-09-14 15:29:02.786:"uTimeSecond_ms:5000"                            File: Line:0 Function: Type:Debug:
DateTime:2026-09-14 15:29:05.808:"等待工装回复超时"                            File: Line:0 Function: Type:Debug:
DateTime:2026-09-14 15:29:06.704:"工装接收：68 12 01 12 01 68 80 00 00 00 00 00 22 60 00 00 01 00 02 35 00 68 35 00 C0 00 00 00 00 00 19 56 02 00 01 12 90 78 56 34 12 1E 68 12 90 78 56 34 12 68 81 12 39 38 37 1E 35 35 3A 34 43 33 49 4C 3B 34 43 33 49 4C 3C 16 94 16 15 16"                            File: Line:0 Function: Type:Debug:
DateTime:2026-09-14 15:29:06.704:"m_baRecvMsg:"                            File: Line:0 Function: Type:Debug:
DateTime:2026-09-14 15:29:06.704:"rameList.size():"                            File: Line:0 Function: Type:Debug:
DateTime:2026-09-14 15:29:06.704:"进入报文解析"                            File: Line:0 Function: Type:Debug:
DateTime:2026-09-14 15:29:06.705:"68 12 01 12 01 68 80 00 00 00 00 00 22 60 00 00 01 00 02 35 00 68 35 00 C0 00 00 00 00 00 19 56 02 00 01 12 90 78 56 34 12 1E 68 12 90 78 56 34 12 68 81 12 39 38 37 1E 35 35 3A 34 43 33 49 4C 3B 34 43 33 49 4C 3C 16 94 16 15 16"                            File: Line:0 Function: Type:Debug:
DateTime:2026-09-14 15:29:06.705:"解码完成，功能码: 4"                            File: Line:0 Function: Type:Debug:
DateTime:2026-09-14 15:29:06.705:"工装回复透传报文"                            File: Line:0 Function: Type:Debug:
DateTime:2026-09-14 15:29:06.705:"023500683500C0000000000019560200011290785634121E681290785634126881123938371E35353A344333494C3B344333494C3C169416"                            File: Line:0 Function: Type:Debug:
DateTime:2026-09-14 15:29:06.705:"内容:68 35 00 c0 00 00 00 00 00 19 56 02 00 01 12 90 78 56 34 12 1e 68 12 90 78 56 34 12 68 81 12 39 38 37 1e 35 35 3a 34 43 33 49 4c 3b 34 43 33 49 4c 3c 16 94 16"                            File: Line:0 Function: Type:Debug:
DateTime:2026-09-14 15:29:08.820:"等待工装回复超时"                            File: Line:0 Function: Type:Debug:
DateTime:2026-09-14 15:29:08.820:"uTimeSecond_ms:5000"                            File: Line:0 Function: Type:Debug:
DateTime:2026-09-14 15:29:08.820:"查找结果: iret=0, wStart=0, dwOutLen=53, dwStreamLen=53, dwFindPos=0"                            File: Line:0 Function: Type:Debug:
DateTime:2026-09-14 15:29:08.820:"Receive:<= 68 35 00 C0 00 00 00 00 00 19 56 02 00 01 12 90 78 56 34 12 1E 68 12 90 78 56 34 12 68 81 12 39 38 37 1E 35 35 3A 34 43 33 49 4C 3B 34 43 33 49 4C 3C 16 94 16"                            File: Line:0 Function: Type:Debug:
DateTime:2026-09-14 15:29:08.820:"解析：功能码-AFN=56H,Fn=2："                            File: Line:0 Function: Type:Debug:
DateTime:2026-09-14 15:29:08.820:"Send(确认)：=> 68 0F 00 43 00 00 00 00 00 19 50 01 00 AD 16"                            File: Line:0 Function: Type:Debug:
DateTime:2026-09-14 15:29:08.820:"槽位2透传:687E007E006840000000000022600000010002013C00680F0043000000000019500100AD16E916"                            File: Line:0 Function: Type:Debug:
DateTime:2026-09-14 15:29:08.820:"工装发送：68 7E 00 7E 00 68 40 00 00 00 00 00 22 60 00 00 01 00 02 01 3C 00 68 0F 00 43 00 00 00 00 00 19 50 01 00 AD 16 E9 16"                            File: Line:0 Function: Type:Debug:
DateTime:2026-09-14 15:29:08.820:"停上电类型--其他"                            File: Line:0 Function: Type:Debug:
DateTime:2026-09-14 15:29:08.820:"uTimeSecond_ms:5000"                            File: Line:0 Function: Type:Debug:
DateTime:2026-09-14 15:29:08.838:"工装接收：68 32 00 32 00 68 80 00 00 00 00 00 00 60 00 00 01 00 E1 16"                            File: Line:0 Function: Type:Debug:
DateTime:2026-09-14 15:29:08.838:"m_baRecvMsg:"                            File: Line:0 Function: Type:Debug:
DateTime:2026-09-14 15:29:08.838:"rameList.size():"                            File: Line:0 Function: Type:Debug:
DateTime:2026-09-14 15:29:08.838:"进入报文解析"                            File: Line:0 Function: Type:Debug:
DateTime:2026-09-14 15:29:08.838:"68 32 00 32 00 68 80 00 00 00 00 00 00 60 00 00 01 00 E1 16"                            File: Line:0 Function: Type:Debug:
DateTime:2026-09-14 15:29:08.838:"解码完成，功能码: 1"                            File: Line:0 Function: Type:Debug:
DateTime:2026-09-14 15:29:08.838:"工装回复确认帧"                            File: Line:0 Function: Type:Debug:
DateTime:2026-09-14 15:29:14.882:"等待工装回复超时"                            File: Line:0 Function: Type:Debug:
DateTime:2026-09-14 15:29:14.882:"uTimeSecond_ms:5000"                            File: Line:0 Function: Type:Debug:
DateTime:2026-09-14 15:29:17.904:"等待工装回复超时"                            File: Line:0 Function: Type:Debug:
DateTime:2026-09-14 15:29:20.925:"等待工装回复超时"                            File: Line:0 Function: Type:Debug:
DateTime:2026-09-14 15:29:20.925:"uTimeSecond_ms:5000"                            File: Line:0 Function: Type:Debug:
DateTime:2026-09-14 15:29:23.947:"等待工装回复超时"                            File: Line:0 Function: Type:Debug:
DateTime:2026-09-14 15:29:26.969:"等待工装回复超时"                            File: Line:0 Function: Type:Debug:
DateTime:2026-09-14 15:29:26.969:"uTimeSecond_ms:5000"                            File: Line:0 Function: Type:Debug:
DateTime:2026-09-14 15:29:29.991:"等待工装回复超时"                            File: Line:0 Function: Type:Debug:
DateTime:2026-09-14 15:29:33.013:"等待工装回复超时"                            File: Line:0 Function: Type:Debug:
DateTime:2026-09-14 15:29:33.013:"uTimeSecond_ms:5000"                            File: Line:0 Function: Type:Debug:
DateTime:2026-09-14 15:29:36.035:"等待工装回复超时"                            File: Line:0 Function: Type:Debug:
DateTime:2026-09-14 15:29:39.057:"等待工装回复超时"                            File: Line:0 Function: Type:Debug:
DateTime:2026-09-14 15:29:39.057:"uTimeSecond_ms:5000"                            File: Line:0 Function: Type:Debug:
DateTime:2026-09-14 15:29:42.079:"等待工装回复超时"                            File: Line:0 Function: Type:Debug:
DateTime:2026-09-14 15:29:45.101:"等待工装回复超时"                            File: Line:0 Function: Type:Debug:
DateTime:2026-09-14 15:29:45.101:"uTimeSecond_ms:5000"                            File: Line:0 Function: Type:Debug:
DateTime:2026-09-14 15:29:48.123:"等待工装回复超时"                            File: Line:0 Function: Type:Debug:
DateTime:2026-09-14 15:29:51.145:"等待工装回复超时"                            File: Line:0 Function: Type:Debug:
DateTime:2026-09-14 15:29:51.145:"uTimeSecond_ms:5000"                            File: Line:0 Function: Type:Debug:
DateTime:2026-09-14 15:29:54.167:"等待工装回复超时"                            File: Line:0 Function: Type:Debug:
DateTime:2026-09-14 15:29:57.188:"等待工装回复超时"                            File: Line:0 Function: Type:Debug:
DateTime:2026-09-14 15:29:57.188:"uTimeSecond_ms:5000"                            File: Line:0 Function: Type:Debug:
DateTime:2026-09-14 15:30:00.210:"等待工装回复超时"                            File: Line:0 Function: Type:Debug:
DateTime:2026-09-14 15:30:03.232:"等待工装回复超时"                            File: Line:0 Function: Type:Debug:
DateTime:2026-09-14 15:30:03.232:"uTimeSecond_ms:5000"                            File: Line:0 Function: Type:Debug:
DateTime:2026-09-14 15:30:06.254:"等待工装回复超时"                            File: Line:0 Function: Type:Debug:
DateTime:2026-09-14 15:30:09.276:"等待工装回复超时"                            File: Line:0 Function: Type:Debug:
DateTime:2026-09-14 15:30:09.276:"uTimeSecond_ms:5000"                            File: Line:0 Function: Type:Debug:
DateTime:2026-09-14 15:30:12.298:"等待工装回复超时"                            File: Line:0 Function: Type:Debug:
DateTime:2026-09-14 15:30:15.320:"等待工装回复超时"                            File: Line:0 Function: Type:Debug:
DateTime:2026-09-14 15:30:15.320:"uTimeSecond_ms:5000"                            File: Line:0 Function: Type:Debug:
DateTime:2026-09-14 15:30:18.342:"等待工装回复超时"                            File: Line:0 Function: Type:Debug:
DateTime:2026-09-14 15:30:21.364:"等待工装回复超时"                            File: Line:0 Function: Type:Debug:
DateTime:2026-09-14 15:30:21.364:"uTimeSecond_ms:5000"                            File: Line:0 Function: Type:Debug:
DateTime:2026-09-14 15:30:24.386:"等待工装回复超时"                            File: Line:0 Function: Type:Debug:
DateTime:2026-09-14 15:30:27.408:"等待工装回复超时"                            File: Line:0 Function: Type:Debug:
DateTime:2026-09-14 15:30:27.408:"uTimeSecond_ms:5000"                            File: Line:0 Function: Type:Debug:
DateTime:2026-09-14 15:30:30.430:"等待工装回复超时"                            File: Line:0 Function: Type:Debug:
DateTime:2026-09-14 15:30:33.451:"等待工装回复超时"                            File: Line:0 Function: Type:Debug:
DateTime:2026-09-14 15:30:33.451:"uTimeSecond_ms:5000"                            File: Line:0 Function: Type:Debug:
DateTime:2026-09-14 15:30:36.473:"等待工装回复超时"                            File: Line:0 Function: Type:Debug:
DateTime:2026-09-14 15:30:39.495:"等待工装回复超时"                            File: Line:0 Function: Type:Debug:
DateTime:2026-09-14 15:30:39.495:"uTimeSecond_ms:5000"                            File: Line:0 Function: Type:Debug:
DateTime:2026-09-14 15:30:42.517:"等待工装回复超时"                            File: Line:0 Function: Type:Debug:
DateTime:2026-09-14 15:30:45.539:"等待工装回复超时"                            File: Line:0 Function: Type:Debug:
DateTime:2026-09-14 15:30:45.539:"uTimeSecond_ms:5000"                            File: Line:0 Function: Type:Debug:
DateTime:2026-09-14 15:30:48.561:"等待工装回复超时"                            File: Line:0 Function: Type:Debug:
DateTime:2026-09-14 15:30:51.583:"等待工装回复超时"                            File: Line:0 Function: Type:Debug:
DateTime:2026-09-14 15:30:51.583:"uTimeSecond_ms:5000"                            File: Line:0 Function: Type:Debug:
DateTime:2026-09-14 15:30:54.605:"等待工装回复超时"                            File: Line:0 Function: Type:Debug:
DateTime:2026-09-14 15:30:57.627:"等待工装回复超时"                            File: Line:0 Function: Type:Debug:
DateTime:2026-09-14 15:30:57.627:"uTimeSecond_ms:5000"                            File: Line:0 Function: Type:Debug:
DateTime:2026-09-14 15:31:00.649:"等待工装回复超时"                            File: Line:0 Function: Type:Debug:
DateTime:2026-09-14 15:31:03.671:"等待工装回复超时"                            File: Line:0 Function: Type:Debug:
DateTime:2026-09-14 15:31:03.671:"uTimeSecond_ms:5000"                            File: Line:0 Function: Type:Debug:
DateTime:2026-09-14 15:31:06.693:"等待工装回复超时"                            File: Line:0 Function: Type:Debug:
DateTime:2026-09-14 15:31:09.714:"等待工装回复超时"                            File: Line:0 Function: Type:Debug:
DateTime:2026-09-14 15:31:09.714:"uTimeSecond_ms:5000"                            File: Line:0 Function: Type:Debug:
DateTime:2026-09-14 15:31:12.736:"等待工装回复超时"                            File: Line:0 Function: Type:Debug:
DateTime:2026-09-14 15:31:15.758:"等待工装回复超时"                            File: Line:0 Function: Type:Debug:
DateTime:2026-09-14 15:31:15.758:"uTimeSecond_ms:5000"                            File: Line:0 Function: Type:Debug:
DateTime:2026-09-14 15:31:18.780:"等待工装回复超时"                            File: Line:0 Function: Type:Debug:
DateTime:2026-09-14 15:31:21.802:"等待工装回复超时"                            File: Line:0 Function: Type:Debug:
DateTime:2026-09-14 15:31:21.802:"uTimeSecond_ms:5000"                            File: Line:0 Function: Type:Debug:
DateTime:2026-09-14 15:31:24.824:"等待工装回复超时"                            File: Line:0 Function: Type:Debug:
DateTime:2026-09-14 15:31:27.846:"等待工装回复超时"                            File: Line:0 Function: Type:Debug:
DateTime:2026-09-14 15:31:27.846:"uTimeSecond_ms:5000"                            File: Line:0 Function: Type:Debug:
DateTime:2026-09-14 15:31:30.868:"等待工装回复超时"                            File: Line:0 Function: Type:Debug:
DateTime:2026-09-14 15:31:33.890:"等待工装回复超时"                            File: Line:0 Function: Type:Debug:
DateTime:2026-09-14 15:31:33.890:"uTimeSecond_ms:5000"                            File: Line:0 Function: Type:Debug:
DateTime:2026-09-14 15:31:36.912:"等待工装回复超时"                            File: Line:0 Function: Type:Debug:
DateTime:2026-09-14 15:31:39.934:"等待工装回复超时"                            File: Line:0 Function: Type:Debug:
DateTime:2026-09-14 15:31:39.934:"停电事件测试时间到,上报成功率:0%"                            File: Line:0 Function: Type:Debug:
DateTime:2026-09-14 15:31:39.934:dll输出信息: ""                            File: Line:0 Function: Type:Debug:
DateTime:2026-09-14 15:31:39.934:接口函数调用成功，返回的结果为 0                            File: Line:0 Function: Type:Debug:
DateTime:2026-09-14 15:31:39.934:"外部传入的para：0，返回的result：0,返回的pValRet：1"                            File: Line:0 Function: Type:Debug:
DateTime:2026-09-14 15:31:39.934:返回结果不满足预期值                            File: Line:0 Function: Type:Debug:
DateTime:2026-09-14 15:31:39.935:coorIndex 0                            File: Line:0 Function: Type:Debug:
DateTime:2026-09-14 15:31:39.935:当前流程结束                            File: Line:0 Function: Type:Debug:
DateTime:2026-09-14 15:31:39.935:退出connect函数                            File: Line:0 Function: Type:Debug:
DateTime:2026-09-14 15:31:39.935:"=========【Step29-停电事件上报测试(福建程序禁止上报后，停电事件还是会上报)】结束=========="                            File: Line:0 Function: Type:Debug:
DateTime:2026-09-14 15:31:39.936:"-----------------------------"                            File: Line:0 Function: Type:Debug:
DateTime:2026-09-14 15:31:39.939:"=============执行【Step30-三相功率源升源】==================="                            File: Line:0 Function: Type:Debug:
DateTime:2026-09-14 15:31:39.939:"--发送:A1 01 04 DC 07 01 E4"                            File: Line:0 Function: Type:Debug:
DateTime:2026-09-14 15:31:40.039:三相功率源生源成功                            File: Line:0 Function: Type:Debug:
DateTime:2026-09-14 15:31:40.039:"=========【Step30-三相功率源升源】结束=========="                            File: Line:0 Function: Type:Debug:
DateTime:2026-09-14 15:31:40.039:"-----------------------------"                            File: Line:0 Function: Type:Debug:
DateTime:2026-09-14 15:31:40.043:"=============执行【Step31-模块槽位上电】==================="                            File: Line:0 Function: Type:Debug:
DateTime:2026-09-14 15:31:40.043:"执行接口函数SimuCorn_power_on"                            File: Line:0 Function: Type:Debug:
DateTime:2026-09-14 15:31:40.043:callWorkFunction: SimuCorn_power_on                            File: Line:0 Function: Type:Debug:
DateTime:2026-09-14 15:31:40.043:找到对应函数，进入执行                            File: Line:0 Function: Type:Debug:
DateTime:2026-09-14 15:31:40.043:"工装发送：68 3E 00 3E 00 68 40 00 00 00 00 00 21 60 00 00 02 00 03 02 01 C9 16"                            File: Line:0 Function: Type:Debug:
DateTime:2026-09-14 15:31:40.044:"工装接收：68 32 00 32 00 68 80 00 00 00 00 00 00 60 00 00 01 00 E1 16"                            File: Line:0 Function: Type:Debug:
DateTime:2026-09-14 15:31:40.044:"m_baRecvMsg:"                            File: Line:0 Function: Type:Debug:
DateTime:2026-09-14 15:31:40.044:"frameList.size():1"                            File: Line:0 Function: Type:Debug:
DateTime:2026-09-14 15:31:40.044:"进入报文解析"                            File: Line:0 Function: Type:Debug:
DateTime:2026-09-14 15:31:40.044:"68 32 00 32 00 68 80 00 00 00 00 00 00 60 00 00 01 00 E1 16"                            File: Line:0 Function: Type:Debug:
DateTime:2026-09-14 15:31:40.044:"解码完成，功能码: 1"                            File: Line:0 Function: Type:Debug:
DateTime:2026-09-14 15:31:40.044:"工装回复确认帧"                            File: Line:0 Function: Type:Debug:
DateTime:2026-09-14 15:31:40.044:"工装发送：68 3E 00 3E 00 68 40 00 00 00 00 00 21 60 00 00 02 00 04 02 01 CA 16"                            File: Line:0 Function: Type:Debug:
DateTime:2026-09-14 15:31:40.045:"工装接收：68 32 00 32 00 68 80 00 00 00 00 00 00 60 00 00 01 00 E1 16"                            File: Line:0 Function: Type:Debug:
DateTime:2026-09-14 15:31:40.045:"m_baRecvMsg:"                            File: Line:0 Function: Type:Debug:
DateTime:2026-09-14 15:31:40.045:"frameList.size():1"                            File: Line:0 Function: Type:Debug:
DateTime:2026-09-14 15:31:40.045:"进入报文解析"                            File: Line:0 Function: Type:Debug:
DateTime:2026-09-14 15:31:40.045:"68 32 00 32 00 68 80 00 00 00 00 00 00 60 00 00 01 00 E1 16"                            File: Line:0 Function: Type:Debug:
DateTime:2026-09-14 15:31:40.045:"解码完成，功能码: 1"                            File: Line:0 Function: Type:Debug:
DateTime:2026-09-14 15:31:40.045:"工装回复确认帧"                            File: Line:0 Function: Type:Debug:
DateTime:2026-09-14 15:31:40.045:"工装发送：68 3E 00 3E 00 68 40 00 00 00 00 00 21 60 00 00 02 00 05 02 01 CB 16"                            File: Line:0 Function: Type:Debug:
DateTime:2026-09-14 15:31:40.045:"工装接收：68 32 00 32 00 68 80 00 00 00 00 00 00 60 00 00 01 00 E1 16"                            File: Line:0 Function: Type:Debug:
DateTime:2026-09-14 15:31:40.045:"m_baRecvMsg:"                            File: Line:0 Function: Type:Debug:
DateTime:2026-09-14 15:31:40.045:"frameList.size():1"                            File: Line:0 Function: Type:Debug:
DateTime:2026-09-14 15:31:40.046:"进入报文解析"                            File: Line:0 Function: Type:Debug:
DateTime:2026-09-14 15:31:40.046:"68 32 00 32 00 68 80 00 00 00 00 00 00 60 00 00 01 00 E1 16"                            File: Line:0 Function: Type:Debug:
DateTime:2026-09-14 15:31:40.046:"解码完成，功能码: 1"                            File: Line:0 Function: Type:Debug:
DateTime:2026-09-14 15:31:40.046:"工装回复确认帧"                            File: Line:0 Function: Type:Debug:
DateTime:2026-09-14 15:31:40.046:"工装发送：68 3E 00 3E 00 68 40 00 00 00 00 00 21 60 00 00 02 00 06 02 01 CC 16"                            File: Line:0 Function: Type:Debug:
DateTime:2026-09-14 15:31:40.046:"工装接收：68 32 00 32 00 68 80 00 00 00 00 00 00 60 00 00 01 00 E1 16"                            File: Line:0 Function: Type:Debug:
DateTime:2026-09-14 15:31:40.046:"m_baRecvMsg:"                            File: Line:0 Function: Type:Debug:
DateTime:2026-09-14 15:31:40.046:"frameList.size():1"                            File: Line:0 Function: Type:Debug:
DateTime:2026-09-14 15:31:40.046:"进入报文解析"                            File: Line:0 Function: Type:Debug:
DateTime:2026-09-14 15:31:40.046:"68 32 00 32 00 68 80 00 00 00 00 00 00 60 00 00 01 00 E1 16"                            File: Line:0 Function: Type:Debug:
DateTime:2026-09-14 15:31:40.046:"解码完成，功能码: 1"                            File: Line:0 Function: Type:Debug:
DateTime:2026-09-14 15:31:40.046:"工装回复确认帧"                            File: Line:0 Function: Type:Debug:
DateTime:2026-09-14 15:31:40.046:"工装发送：68 3E 00 3E 00 68 40 00 00 00 00 00 21 60 00 00 02 00 07 02 01 CD 16"                            File: Line:0 Function: Type:Debug:
DateTime:2026-09-14 15:31:40.047:"工装接收：68 32 00 32 00 68 80 00 00 00 00 00 00 60 00 00 01 00 E1 16"                            File: Line:0 Function: Type:Debug:
DateTime:2026-09-14 15:31:40.047:"m_baRecvMsg:"                            File: Line:0 Function: Type:Debug:
DateTime:2026-09-14 15:31:40.047:"frameList.size():1"                            File: Line:0 Function: Type:Debug:
DateTime:2026-09-14 15:31:40.047:"进入报文解析"                            File: Line:0 Function: Type:Debug:
DateTime:2026-09-14 15:31:40.047:"68 32 00 32 00 68 80 00 00 00 00 00 00 60 00 00 01 00 E1 16"                            File: Line:0 Function: Type:Debug:
DateTime:2026-09-14 15:31:40.047:"解码完成，功能码: 1"                            File: Line:0 Function: Type:Debug:
DateTime:2026-09-14 15:31:40.047:"工装回复确认帧"                            File: Line:0 Function: Type:Debug:
DateTime:2026-09-14 15:31:40.047:"工装发送：68 3E 00 3E 00 68 40 00 00 00 00 00 21 60 00 00 02 00 08 02 01 CE 16"                            File: Line:0 Function: Type:Debug:
DateTime:2026-09-14 15:31:40.048:"工装接收：68 32 00 32 00 68 80 00 00 00 00 00 00 60 00 00 01 00 E1 16"                            File: Line:0 Function: Type:Debug:
DateTime:2026-09-14 15:31:40.048:"m_baRecvMsg:"                            File: Line:0 Function: Type:Debug:
DateTime:2026-09-14 15:31:40.048:"frameList.size():1"                            File: Line:0 Function: Type:Debug:
DateTime:2026-09-14 15:31:40.048:"进入报文解析"                            File: Line:0 Function: Type:Debug:
DateTime:2026-09-14 15:31:40.048:"68 32 00 32 00 68 80 00 00 00 00 00 00 60 00 00 01 00 E1 16"                            File: Line:0 Function: Type:Debug:
DateTime:2026-09-14 15:31:40.048:"解码完成，功能码: 1"                            File: Line:0 Function: Type:Debug:
DateTime:2026-09-14 15:31:40.048:"工装回复确认帧"                            File: Line:0 Function: Type:Debug:
DateTime:2026-09-14 15:31:40.048:"所有槽位上电成功"                            File: Line:0 Function: Type:Debug:
DateTime:2026-09-14 15:31:40.149:dll输出信息: ""                            File: Line:0 Function: Type:Debug:
DateTime:2026-09-14 15:31:40.149:接口函数调用成功，返回的结果为 0                            File: Line:0 Function: Type:Debug:
DateTime:2026-09-14 15:31:40.149:"外部传入的para：0，返回的result：0,返回的pValRet：0"                            File: Line:0 Function: Type:Debug:
DateTime:2026-09-14 15:31:40.149:"执行接口函数SimuCorn_power_on完成"                            File: Line:0 Function: Type:Debug:
DateTime:2026-09-14 15:31:40.150:coorIndex 0                            File: Line:0 Function: Type:Debug:
DateTime:2026-09-14 15:31:40.150:当前流程结束                            File: Line:0 Function: Type:Debug:
DateTime:2026-09-14 15:31:40.150:退出connect函数                            File: Line:0 Function: Type:Debug:
DateTime:2026-09-14 15:31:40.150:"=========【Step31-模块槽位上电】结束=========="                            File: Line:0 Function: Type:Debug:
DateTime:2026-09-14 15:31:40.150:"-----------------------------"                            File: Line:0 Function: Type:Debug:
DateTime:2026-09-14 15:31:40.153:"=============执行【Step32-复电事件上报测试】==================="                            File: Line:0 Function: Type:Debug:
DateTime:2026-09-14 15:31:40.153:"执行接口函数CCO_Func_Power_ON_Event"                            File: Line:0 Function: Type:Debug:
DateTime:2026-09-14 15:31:40.153:callWorkFunction: CCO_Func_Power_ON_Event                            File: Line:0 Function: Type:Debug:
DateTime:2026-09-14 15:31:40.153:找到对应函数，进入执行                            File: Line:0 Function: Type:Debug:
DateTime:2026-09-14 15:31:40.153:"uTimeSecond_ms:5000"                            File: Line:0 Function: Type:Debug:
DateTime:2026-09-14 15:31:43.175:"等待工装回复超时"                            File: Line:0 Function: Type:Debug:
DateTime:2026-09-14 15:31:46.197:"等待工装回复超时"                            File: Line:0 Function: Type:Debug:
DateTime:2026-09-14 15:31:46.197:"uTimeSecond_ms:5000"                            File: Line:0 Function: Type:Debug:
DateTime:2026-09-14 15:31:49.219:"等待工装回复超时"                            File: Line:0 Function: Type:Debug:
DateTime:2026-09-14 15:31:52.241:"等待工装回复超时"                            File: Line:0 Function: Type:Debug:
DateTime:2026-09-14 15:31:52.241:"uTimeSecond_ms:5000"                            File: Line:0 Function: Type:Debug:
DateTime:2026-09-14 15:31:55.263:"等待工装回复超时"                            File: Line:0 Function: Type:Debug:
DateTime:2026-09-14 15:31:55.705:"工装接收：68 2A 01 2A 01 68 80 00 00 00 00 00 22 60 00 00 01 00 02 3B 00 68 3B 00 C0 00 00 00 00 00 1A 56 02 00 01 12 90 78 56 34 12 24 68 12 90 78 56 34 12 68 81 18 39 38 37 1E 34 36 38 34 43 33 49 4C 3B 34 43 33 49 4C 37 34 43 33 49 4C B6 16 8F 16 17 16"                            File: Line:0 Function: Type:Debug:
DateTime:2026-09-14 15:31:55.705:"m_baRecvMsg:"                            File: Line:0 Function: Type:Debug:
DateTime:2026-09-14 15:31:55.705:"rameList.size():"                            File: Line:0 Function: Type:Debug:
DateTime:2026-09-14 15:31:55.705:"进入报文解析"                            File: Line:0 Function: Type:Debug:
DateTime:2026-09-14 15:31:55.705:"68 2A 01 2A 01 68 80 00 00 00 00 00 22 60 00 00 01 00 02 3B 00 68 3B 00 C0 00 00 00 00 00 1A 56 02 00 01 12 90 78 56 34 12 24 68 12 90 78 56 34 12 68 81 18 39 38 37 1E 34 36 38 34 43 33 49 4C 3B 34 43 33 49 4C 37 34 43 33 49 4C B6 16 8F 16 17 16"                            File: Line:0 Function: Type:Debug:
DateTime:2026-09-14 15:31:55.705:"解码完成，功能码: 4"                            File: Line:0 Function: Type:Debug:
DateTime:2026-09-14 15:31:55.705:"工装回复透传报文"                            File: Line:0 Function: Type:Debug:
DateTime:2026-09-14 15:31:55.705:"023B00683B00C000000000001A5602000112907856341224681290785634126881183938371E343638344333494C3B344333494C37344333494CB6168F16"                            File: Line:0 Function: Type:Debug:
DateTime:2026-09-14 15:31:55.705:"内容:68 3b 00 c0 00 00 00 00 00 1a 56 02 00 01 12 90 78 56 34 12 24 68 12 90 78 56 34 12 68 81 18 39 38 37 1e 34 36 38 34 43 33 49 4c 3b 34 43 33 49 4c 37 34 43 33 49 4c b6 16 8f 16"                            File: Line:0 Function: Type:Debug:
DateTime:2026-09-14 15:31:58.324:"等待工装回复超时"                            File: Line:0 Function: Type:Debug:
DateTime:2026-09-14 15:31:58.324:"uTimeSecond_ms:5000"                            File: Line:0 Function: Type:Debug:
DateTime:2026-09-14 15:31:58.324:"查找结果: iret=0, wStart=0, dwOutLen=59, dwStreamLen=59, dwFindPos=0"                            File: Line:0 Function: Type:Debug:
DateTime:2026-09-14 15:31:58.324:"Receive:<= 68 3B 00 C0 00 00 00 00 00 1A 56 02 00 01 12 90 78 56 34 12 24 68 12 90 78 56 34 12 68 81 18 39 38 37 1E 34 36 38 34 43 33 49 4C 3B 34 43 33 49 4C 37 34 43 33 49 4C B6 16 8F 16"                            File: Line:0 Function: Type:Debug:
DateTime:2026-09-14 15:31:58.324:"解析：功能码-AFN=56H,Fn=2："                            File: Line:0 Function: Type:Debug:
DateTime:2026-09-14 15:31:58.324:"Send(确认)：=> 68 0F 00 43 00 00 00 00 00 1A 50 01 00 AE 16"                            File: Line:0 Function: Type:Debug:
DateTime:2026-09-14 15:31:58.324:"槽位2透传:687E007E006840000000000022600000010002013C00680F004300000000001A500100AE16EB16"                            File: Line:0 Function: Type:Debug:
DateTime:2026-09-14 15:31:58.324:"工装发送：68 7E 00 7E 00 68 40 00 00 00 00 00 22 60 00 00 01 00 02 01 3C 00 68 0F 00 43 00 00 00 00 00 1A 50 01 00 AE 16 EB 16"                            File: Line:0 Function: Type:Debug:
DateTime:2026-09-14 15:31:58.324:"|****************事件上报状态：************************|"                            File: Line:0 Function: Type:Debug:
DateTime:2026-09-14 15:31:58.324:"地址191600100103：--停电事件上报失败"                            File: Line:0 Function: Type:Debug:
DateTime:2026-09-14 15:31:58.324:"地址191600100104：--复电事件上报成功"                            File: Line:0 Function: Type:Debug:
DateTime:2026-09-14 15:31:58.324:"地址191600100105：--复电事件上报成功"                            File: Line:0 Function: Type:Debug:
DateTime:2026-09-14 15:31:58.324:"地址191600100106：--停电事件上报失败"                            File: Line:0 Function: Type:Debug:
DateTime:2026-09-14 15:31:58.324:"地址191600100107：--停电事件上报失败"                            File: Line:0 Function: Type:Debug:
DateTime:2026-09-14 15:31:58.324:"地址191600100108：--复电事件上报成功"                            File: Line:0 Function: Type:Debug:
DateTime:2026-09-14 15:31:58.325:"|*******************结束*****************************|"                            File: Line:0 Function: Type:Debug:
DateTime:2026-09-14 15:31:58.325:"uTimeSecond_ms:5000"                            File: Line:0 Function: Type:Debug:
DateTime:2026-09-14 15:31:58.342:"工装接收：68 32 00 32 00 68 80 00 00 00 00 00 00 60 00 00 01 00 E1 16"                            File: Line:0 Function: Type:Debug:
DateTime:2026-09-14 15:31:58.342:"m_baRecvMsg:"                            File: Line:0 Function: Type:Debug:
DateTime:2026-09-14 15:31:58.342:"rameList.size():"                            File: Line:0 Function: Type:Debug:
DateTime:2026-09-14 15:31:58.342:"进入报文解析"                            File: Line:0 Function: Type:Debug:
DateTime:2026-09-14 15:31:58.342:"68 32 00 32 00 68 80 00 00 00 00 00 00 60 00 00 01 00 E1 16"                            File: Line:0 Function: Type:Debug:
DateTime:2026-09-14 15:31:58.342:"解码完成，功能码: 1"                            File: Line:0 Function: Type:Debug:
DateTime:2026-09-14 15:31:58.342:"工装回复确认帧"                            File: Line:0 Function: Type:Debug:
DateTime:2026-09-14 15:32:04.386:"等待工装回复超时"                            File: Line:0 Function: Type:Debug:
DateTime:2026-09-14 15:32:04.386:"uTimeSecond_ms:5000"                            File: Line:0 Function: Type:Debug:
DateTime:2026-09-14 15:32:05.548:"工装接收：68 FA 00 FA 00 68 80 00 00 00 00 00 22 60 00 00 01 00 02 2F 00 68 2F 00 C0 00 00 00 00 00 1B 56 02 00 05 05 01 10 00 16 19 18 68 05 01 10 00 16 19 68 81 0C 35 33 36 1E 34 34 38 34 43 33 49 4C 3D 16 25 16 2B 16"                            File: Line:0 Function: Type:Debug:
DateTime:2026-09-14 15:32:05.548:"m_baRecvMsg:"                            File: Line:0 Function: Type:Debug:
DateTime:2026-09-14 15:32:05.549:"rameList.size():"                            File: Line:0 Function: Type:Debug:
DateTime:2026-09-14 15:32:05.549:"进入报文解析"                            File: Line:0 Function: Type:Debug:
DateTime:2026-09-14 15:32:05.549:"68 FA 00 FA 00 68 80 00 00 00 00 00 22 60 00 00 01 00 02 2F 00 68 2F 00 C0 00 00 00 00 00 1B 56 02 00 05 05 01 10 00 16 19 18 68 05 01 10 00 16 19 68 81 0C 35 33 36 1E 34 34 38 34 43 33 49 4C 3D 16 25 16 2B 16"                            File: Line:0 Function: Type:Debug:
DateTime:2026-09-14 15:32:05.549:"解码完成，功能码: 4"                            File: Line:0 Function: Type:Debug:
DateTime:2026-09-14 15:32:05.549:"工装回复透传报文"                            File: Line:0 Function: Type:Debug:
DateTime:2026-09-14 15:32:05.549:"022F00682F00C000000000001B56020005050110001619186805011000161968810C3533361E343438344333494C3D162516"                            File: Line:0 Function: Type:Debug:
DateTime:2026-09-14 15:32:05.549:"内容:68 2f 00 c0 00 00 00 00 00 1b 56 02 00 05 05 01 10 00 16 19 18 68 05 01 10 00 16 19 68 81 0c 35 33 36 1e 34 34 38 34 43 33 49 4c 3d 16 25 16"                            File: Line:0 Function: Type:Debug:
DateTime:2026-09-14 15:32:07.463:"等待工装回复超时"                            File: Line:0 Function: Type:Debug:
DateTime:2026-09-14 15:32:07.463:"查找结果: iret=0, wStart=0, dwOutLen=47, dwStreamLen=47, dwFindPos=0"                            File: Line:0 Function: Type:Debug:
DateTime:2026-09-14 15:32:07.463:"Receive:<= 68 2F 00 C0 00 00 00 00 00 1B 56 02 00 05 05 01 10 00 16 19 18 68 05 01 10 00 16 19 68 81 0C 35 33 36 1E 34 34 38 34 43 33 49 4C 3D 16 25 16"                            File: Line:0 Function: Type:Debug:
DateTime:2026-09-14 15:32:07.463:"解析：功能码-AFN=56H,Fn=2："                            File: Line:0 Function: Type:Debug:
DateTime:2026-09-14 15:32:07.463:"Send(确认)：=> 68 0F 00 43 00 00 00 00 00 1B 50 01 00 AF 16"                            File: Line:0 Function: Type:Debug:
DateTime:2026-09-14 15:32:07.463:"槽位2透传:687E007E006840000000000022600000010002013C00680F004300000000001B500100AF16ED16"                            File: Line:0 Function: Type:Debug:
DateTime:2026-09-14 15:32:07.463:"工装发送：68 7E 00 7E 00 68 40 00 00 00 00 00 22 60 00 00 01 00 02 01 3C 00 68 0F 00 43 00 00 00 00 00 1B 50 01 00 AF 16 ED 16"                            File: Line:0 Function: Type:Debug:
DateTime:2026-09-14 15:32:07.463:"|****************事件上报状态：************************|"                            File: Line:0 Function: Type:Debug:
DateTime:2026-09-14 15:32:07.463:"地址191600100103：--停电事件上报失败"                            File: Line:0 Function: Type:Debug:
DateTime:2026-09-14 15:32:07.463:"地址191600100104：--复电事件上报成功"                            File: Line:0 Function: Type:Debug:
DateTime:2026-09-14 15:32:07.463:"地址191600100105：--复电事件上报成功"                            File: Line:0 Function: Type:Debug:
DateTime:2026-09-14 15:32:07.463:"地址191600100106：--停电事件上报失败"                            File: Line:0 Function: Type:Debug:
DateTime:2026-09-14 15:32:07.464:"地址191600100107：--停电事件上报失败"                            File: Line:0 Function: Type:Debug:
DateTime:2026-09-14 15:32:07.464:"地址191600100108：--复电事件上报成功"                            File: Line:0 Function: Type:Debug:
DateTime:2026-09-14 15:32:07.464:"|*******************结束*****************************|"                            File: Line:0 Function: Type:Debug:
DateTime:2026-09-14 15:32:07.464:"uTimeSecond_ms:5000"                            File: Line:0 Function: Type:Debug:
DateTime:2026-09-14 15:32:07.481:"工装接收：68 32 00 32 00 68 80 00 00 00 00 00 00 60 00 00 01 00 E1 16"                            File: Line:0 Function: Type:Debug:
DateTime:2026-09-14 15:32:07.481:"m_baRecvMsg:"                            File: Line:0 Function: Type:Debug:
DateTime:2026-09-14 15:32:07.481:"rameList.size():"                            File: Line:0 Function: Type:Debug:
DateTime:2026-09-14 15:32:07.481:"进入报文解析"                            File: Line:0 Function: Type:Debug:
DateTime:2026-09-14 15:32:07.481:"68 32 00 32 00 68 80 00 00 00 00 00 00 60 00 00 01 00 E1 16"                            File: Line:0 Function: Type:Debug:
DateTime:2026-09-14 15:32:07.481:"解码完成，功能码: 1"                            File: Line:0 Function: Type:Debug:
DateTime:2026-09-14 15:32:07.481:"工装回复确认帧"                            File: Line:0 Function: Type:Debug:
DateTime:2026-09-14 15:32:07.570:"工装接收：68 2A 01 2A 01 68 80 00 00 00 00 00 22 60 00 00 01 00 02 3B 00 68 3B 00 C0 00 00 00 00 00 1C 56 02 00 01 12 90 78 56 34 12 24 68 12 90 78 56 34 12 68 81 18 39 38 37 1E 34 36 36 34 43 33 49 4C 39 34 43 33 49 4C 3A 34 43 33 49 4C B5 16 8F 16 17 16"                            File: Line:0 Function: Type:Debug:
DateTime:2026-09-14 15:32:07.571:"m_baRecvMsg:"                            File: Line:0 Function: Type:Debug:
DateTime:2026-09-14 15:32:07.571:"rameList.size():"                            File: Line:0 Function: Type:Debug:
DateTime:2026-09-14 15:32:07.571:"进入报文解析"                            File: Line:0 Function: Type:Debug:
DateTime:2026-09-14 15:32:07.571:"68 2A 01 2A 01 68 80 00 00 00 00 00 22 60 00 00 01 00 02 3B 00 68 3B 00 C0 00 00 00 00 00 1C 56 02 00 01 12 90 78 56 34 12 24 68 12 90 78 56 34 12 68 81 18 39 38 37 1E 34 36 36 34 43 33 49 4C 39 34 43 33 49 4C 3A 34 43 33 49 4C B5 16 8F 16 17 16"                            File: Line:0 Function: Type:Debug:
DateTime:2026-09-14 15:32:07.571:"解码完成，功能码: 4"                            File: Line:0 Function: Type:Debug:
DateTime:2026-09-14 15:32:07.571:"工装回复透传报文"                            File: Line:0 Function: Type:Debug:
DateTime:2026-09-14 15:32:07.571:"023B00683B00C000000000001C5602000112907856341224681290785634126881183938371E343636344333494C39344333494C3A344333494CB5168F16"                            File: Line:0 Function: Type:Debug:
DateTime:2026-09-14 15:32:07.571:"内容:68 3b 00 c0 00 00 00 00 00 1c 56 02 00 01 12 90 78 56 34 12 24 68 12 90 78 56 34 12 68 81 18 39 38 37 1e 34 36 36 34 43 33 49 4c 39 34 43 33 49 4c 3a 34 43 33 49 4c b5 16 8f 16"                            File: Line:0 Function: Type:Debug:
DateTime:2026-09-14 15:32:10.492:"查找结果: iret=0, wStart=0, dwOutLen=59, dwStreamLen=59, dwFindPos=0"                            File: Line:0 Function: Type:Debug:
DateTime:2026-09-14 15:32:10.492:"Receive:<= 68 3B 00 C0 00 00 00 00 00 1C 56 02 00 01 12 90 78 56 34 12 24 68 12 90 78 56 34 12 68 81 18 39 38 37 1E 34 36 36 34 43 33 49 4C 39 34 43 33 49 4C 3A 34 43 33 49 4C B5 16 8F 16"                            File: Line:0 Function: Type:Debug:
DateTime:2026-09-14 15:32:10.492:"解析：功能码-AFN=56H,Fn=2："                            File: Line:0 Function: Type:Debug:
DateTime:2026-09-14 15:32:10.492:"Send(确认)：=> 68 0F 00 43 00 00 00 00 00 1C 50 01 00 B0 16"                            File: Line:0 Function: Type:Debug:
DateTime:2026-09-14 15:32:10.492:"槽位2透传:687E007E006840000000000022600000010002013C00680F004300000000001C500100B016EF16"                            File: Line:0 Function: Type:Debug:
DateTime:2026-09-14 15:32:10.492:"工装发送：68 7E 00 7E 00 68 40 00 00 00 00 00 22 60 00 00 01 00 02 01 3C 00 68 0F 00 43 00 00 00 00 00 1C 50 01 00 B0 16 EF 16"                            File: Line:0 Function: Type:Debug:
DateTime:2026-09-14 15:32:10.492:"|****************事件上报状态：************************|"                            File: Line:0 Function: Type:Debug:
DateTime:2026-09-14 15:32:10.492:"地址191600100103：--复电事件上报成功"                            File: Line:0 Function: Type:Debug:
DateTime:2026-09-14 15:32:10.492:"地址191600100104：--复电事件上报成功"                            File: Line:0 Function: Type:Debug:
DateTime:2026-09-14 15:32:10.492:"地址191600100105：--复电事件上报成功"                            File: Line:0 Function: Type:Debug:
DateTime:2026-09-14 15:32:10.492:"地址191600100106：--复电事件上报成功"                            File: Line:0 Function: Type:Debug:
DateTime:2026-09-14 15:32:10.492:"地址191600100107：--复电事件上报成功"                            File: Line:0 Function: Type:Debug:
DateTime:2026-09-14 15:32:10.492:"地址191600100108：--复电事件上报成功"                            File: Line:0 Function: Type:Debug:
DateTime:2026-09-14 15:32:10.492:"|*******************结束*****************************|"                            File: Line:0 Function: Type:Debug:
DateTime:2026-09-14 15:32:20.493:"复电事件测试完成,上报成功率100%."                            File: Line:0 Function: Type:Debug:
DateTime:2026-09-14 15:32:20.493:dll输出信息: ""                            File: Line:0 Function: Type:Debug:
DateTime:2026-09-14 15:32:20.493:接口函数调用成功，返回的结果为 0                            File: Line:0 Function: Type:Debug:
DateTime:2026-09-14 15:32:20.493:"外部传入的para：0，返回的result：0,返回的pValRet：0"                            File: Line:0 Function: Type:Debug:
DateTime:2026-09-14 15:32:20.493:"执行接口函数CCO_Func_Power_ON_Event完成"                            File: Line:0 Function: Type:Debug:
DateTime:2026-09-14 15:32:20.494:coorIndex 0                            File: Line:0 Function: Type:Debug:
DateTime:2026-09-14 15:32:20.494:当前流程结束                            File: Line:0 Function: Type:Debug:
DateTime:2026-09-14 15:32:20.494:退出connect函数                            File: Line:0 Function: Type:Debug:
DateTime:2026-09-14 15:32:20.494:"=========【Step32-复电事件上报测试】结束=========="                            File: Line:0 Function: Type:Debug:
DateTime:2026-09-14 15:32:20.494:"-----------------------------"                            File: Line:0 Function: Type:Debug:
DateTime:2026-09-14 15:32:20.497:"=============执行【Step33-AFN55F2允许禁止从节点上报-允许】==================="                            File: Line:0 Function: Type:Debug:
DateTime:2026-09-14 15:32:20.497:"执行接口函数CCO_AFN55_F2"                            File: Line:0 Function: Type:Debug:
DateTime:2026-09-14 15:32:20.497:callWorkFunction: CCO_AFN55_F2                            File: Line:0 Function: Type:Debug:
DateTime:2026-09-14 15:32:20.497:找到对应函数，进入执行                            File: Line:0 Function: Type:Debug:
DateTime:2026-09-14 15:32:21.002:"等待工装回复超时"                            File: Line:0 Function: Type:Debug:
DateTime:2026-09-14 15:32:21.002:"开始组帧"                            File: Line:0 Function: Type:Debug:
DateTime:2026-09-14 15:32:21.002:"组帧结束"                            File: Line:0 Function: Type:Debug:
DateTime:2026-09-14 15:32:21.002:"367.2Send:设置允许/禁止从节点上报(55H-F2)：=>68 38 00 43 00 00 00 00 00 84 55 02 00 05 03 03 01 10 00 16 19 01 03 04 01 10 00 16 19 01 03 05 01 10 00 16 19 01 03 06 01 10 00 16 19 01 03 07 01 10 00 16 19 01 90 16"                            File: Line:0 Function: Type:Debug:
DateTime:2026-09-14 15:32:21.002:"槽位2透传:68220122016840000000000022600000010002013C006838004300000000008455020005030301100016190103040110001619010305011000161901030601100016190103070110001619019016D816"                            File: Line:0 Function: Type:Debug:
DateTime:2026-09-14 15:32:21.002:"工装发送：68 22 01 22 01 68 40 00 00 00 00 00 22 60 00 00 01 00 02 01 3C 00 68 38 00 43 00 00 00 00 00 84 55 02 00 05 03 03 01 10 00 16 19 01 03 04 01 10 00 16 19 01 03 05 01 10 00 16 19 01 03 06 01 10 00 16 19 01 03 07 01 10 00 16 19 01 90 16 D8 16"                            File: Line:0 Function: Type:Debug:
DateTime:2026-09-14 15:32:21.067:"工装接收：68 32 00 32 00 68 80 00 00 00 00 00 00 60 00 00 01 00 E1 16 68 FA 00 FA 00 68 80 00 00 00 00 00 22 60 00 00 01 00 02 2F 00 68 2F 00 C0 00 00 00 00 00 1D 56 02 00 05 03 01 10 00 16 19 18 68 03 01 10 00 16 19 68 81 0C 35 33 36 1E 34 34 36 34 43 33 49 4C 39 16 1D 16 1B 16 68 32 00 32 00 68 80 00 00 00 00 00 00 60 00 00 01 00 E1 16"                            File: Line:0 Function: Type:Debug:
DateTime:2026-09-14 15:32:21.067:"m_baRecvMsg:"                            File: Line:0 Function: Type:Debug:
DateTime:2026-09-14 15:32:21.067:"frameList.size():3"                            File: Line:0 Function: Type:Debug:
DateTime:2026-09-14 15:32:21.067:"进入报文解析"                            File: Line:0 Function: Type:Debug:
DateTime:2026-09-14 15:32:21.067:"68 32 00 32 00 68 80 00 00 00 00 00 00 60 00 00 01 00 E1 16"                            File: Line:0 Function: Type:Debug:
DateTime:2026-09-14 15:32:21.067:"解码完成，功能码: 1"                            File: Line:0 Function: Type:Debug:
DateTime:2026-09-14 15:32:21.067:"工装回复确认帧"                            File: Line:0 Function: Type:Debug:
DateTime:2026-09-14 15:32:21.067:"进入报文解析"                            File: Line:0 Function: Type:Debug:
DateTime:2026-09-14 15:32:21.067:"68 FA 00 FA 00 68 80 00 00 00 00 00 22 60 00 00 01 00 02 2F 00 68 2F 00 C0 00 00 00 00 00 1D 56 02 00 05 03 01 10 00 16 19 18 68 03 01 10 00 16 19 68 81 0C 35 33 36 1E 34 34 36 34 43 33 49 4C 39 16 1D 16 1B 16"                            File: Line:0 Function: Type:Debug:
DateTime:2026-09-14 15:32:21.067:"解码完成，功能码: 4"                            File: Line:0 Function: Type:Debug:
DateTime:2026-09-14 15:32:21.067:"工装接收到透传报文"                            File: Line:0 Function: Type:Debug:
DateTime:2026-09-14 15:32:21.068:"022F00682F00C000000000001D56020005030110001619186803011000161968810C3533361E343436344333494C39161D16"                            File: Line:0 Function: Type:Debug:
DateTime:2026-09-14 15:32:21.068:"透传报文内容:68 2f 00 c0 00 00 00 00 00 1d 56 02 00 05 03 01 10 00 16 19 18 68 03 01 10 00 16 19 68 81 0c 35 33 36 1e 34 34 36 34 43 33 49 4c 39 16 1d 16"                            File: Line:0 Function: Type:Debug:
DateTime:2026-09-14 15:32:21.068:"进入报文解析"                            File: Line:0 Function: Type:Debug:
DateTime:2026-09-14 15:32:21.068:"68 32 00 32 00 68 80 00 00 00 00 00 00 60 00 00 01 00 E1 16"                            File: Line:0 Function: Type:Debug:
DateTime:2026-09-14 15:32:21.068:"解码完成，功能码: 1"                            File: Line:0 Function: Type:Debug:
DateTime:2026-09-14 15:32:21.068:"工装回复确认帧"                            File: Line:0 Function: Type:Debug:
DateTime:2026-09-14 15:32:21.119:"工装接收：68 7A 00 7A 00 68 80 00 00 00 00 00 22 60 00 00 01 00 02 0F 00 68 0F 00 80 00 00 00 00 00 84 50 01 00 55 16 4B 16"                            File: Line:0 Function: Type:Debug:
DateTime:2026-09-14 15:32:21.119:"m_baRecvMsg:"                            File: Line:0 Function: Type:Debug:
DateTime:2026-09-14 15:32:21.119:"frameList.size():1"                            File: Line:0 Function: Type:Debug:
DateTime:2026-09-14 15:32:21.119:"进入报文解析"                            File: Line:0 Function: Type:Debug:
DateTime:2026-09-14 15:32:21.119:"68 7A 00 7A 00 68 80 00 00 00 00 00 22 60 00 00 01 00 02 0F 00 68 0F 00 80 00 00 00 00 00 84 50 01 00 55 16 4B 16"                            File: Line:0 Function: Type:Debug:
DateTime:2026-09-14 15:32:21.119:"解码完成，功能码: 4"                            File: Line:0 Function: Type:Debug:
DateTime:2026-09-14 15:32:21.119:"工装接收到透传报文"                            File: Line:0 Function: Type:Debug:
DateTime:2026-09-14 15:32:21.119:"020F00680F00800000000000845001005516"                            File: Line:0 Function: Type:Debug:
DateTime:2026-09-14 15:32:21.119:"透传报文内容:68 0f 00 80 00 00 00 00 00 84 50 01 00 55 16"                            File: Line:0 Function: Type:Debug:
DateTime:2026-09-14 15:32:22.532:"工装接收：68 FA 00 FA 00 68 80 00 00 00 00 00 22 60 00 00 01 00 02 2F 00 68 2F 00 C0 00 00 00 00 00 1D 56 02 00 05 03 01 10 00 16 19 18 68 03 01 10 00 16 19 68 81 0C 35 33 36 1E 34 34 36 34 43 33 49 4C 39 16 1D 16 1B 16"                            File: Line:0 Function: Type:Debug:
DateTime:2026-09-14 15:32:22.532:"m_baRecvMsg:"                            File: Line:0 Function: Type:Debug:
DateTime:2026-09-14 15:32:22.532:"frameList.size():1"                            File: Line:0 Function: Type:Debug:
DateTime:2026-09-14 15:32:22.532:"进入报文解析"                            File: Line:0 Function: Type:Debug:
DateTime:2026-09-14 15:32:22.532:"68 FA 00 FA 00 68 80 00 00 00 00 00 22 60 00 00 01 00 02 2F 00 68 2F 00 C0 00 00 00 00 00 1D 56 02 00 05 03 01 10 00 16 19 18 68 03 01 10 00 16 19 68 81 0C 35 33 36 1E 34 34 36 34 43 33 49 4C 39 16 1D 16 1B 16"                            File: Line:0 Function: Type:Debug:
DateTime:2026-09-14 15:32:22.532:"解码完成，功能码: 4"                            File: Line:0 Function: Type:Debug:
DateTime:2026-09-14 15:32:22.532:"工装接收到透传报文"                            File: Line:0 Function: Type:Debug:
DateTime:2026-09-14 15:32:22.532:"022F00682F00C000000000001D56020005030110001619186803011000161968810C3533361E343436344333494C39161D16"                            File: Line:0 Function: Type:Debug:
DateTime:2026-09-14 15:32:22.532:"透传报文内容:68 2f 00 c0 00 00 00 00 00 1d 56 02 00 05 03 01 10 00 16 19 18 68 03 01 10 00 16 19 68 81 0c 35 33 36 1e 34 34 36 34 43 33 49 4c 39 16 1d 16"                            File: Line:0 Function: Type:Debug:
DateTime:2026-09-14 15:32:24.044:"uTimeSecond_ms:5000"                            File: Line:0 Function: Type:Debug:
DateTime:2026-09-14 15:32:24.044:"查找结果: iret=0, wStart=0, dwOutLen=47, dwStreamLen=109, dwFindPos=0"                            File: Line:0 Function: Type:Debug:
DateTime:2026-09-14 15:32:24.044:"Receive:<= 68 2F 00 C0 00 00 00 00 00 1D 56 02 00 05 03 01 10 00 16 19 18 68 03 01 10 00 16 19 68 81 0C 35 33 36 1E 34 34 36 34 43 33 49 4C 39 16 1D 16"                            File: Line:0 Function: Type:Debug:
DateTime:2026-09-14 15:32:24.044:"解析：功能码-AFN=56H,Fn=2："                            File: Line:0 Function: Type:Debug:
DateTime:2026-09-14 15:32:24.044:"AFN或者Fn与预判不一致"                            File: Line:0 Function: Type:Debug:
DateTime:2026-09-14 15:32:24.044:"Send(确认)：=> 68 0F 00 43 00 00 00 00 00 1D 50 01 00 B1 16"                            File: Line:0 Function: Type:Debug:
DateTime:2026-09-14 15:32:24.044:"槽位2透传:687E007E006840000000000022600000010002013C00680F004300000000001D500100B116F116"                            File: Line:0 Function: Type:Debug:
DateTime:2026-09-14 15:32:24.044:"工装发送：68 7E 00 7E 00 68 40 00 00 00 00 00 22 60 00 00 01 00 02 01 3C 00 68 0F 00 43 00 00 00 00 00 1D 50 01 00 B1 16 F1 16"                            File: Line:0 Function: Type:Debug:
DateTime:2026-09-14 15:32:24.044:"查找结果: iret=0, wStart=0, dwOutLen=15, dwStreamLen=62, dwFindPos=47"                            File: Line:0 Function: Type:Debug:
DateTime:2026-09-14 15:32:24.044:"Receive:<= 68 0F 00 80 00 00 00 00 00 84 50 01 00 55 16"                            File: Line:0 Function: Type:Debug:
DateTime:2026-09-14 15:32:24.044:"解析：功能码-AFN=50H,Fn=1："                            File: Line:0 Function: Type:Debug:
DateTime:2026-09-14 15:32:24.044:"查找结果: iret=0, wStart=0, dwOutLen=47, dwStreamLen=47, dwFindPos=62"                            File: Line:0 Function: Type:Debug:
DateTime:2026-09-14 15:32:24.045:"Receive:<= 68 2F 00 C0 00 00 00 00 00 1D 56 02 00 05 03 01 10 00 16 19 18 68 03 01 10 00 16 19 68 81 0C 35 33 36 1E 34 34 36 34 43 33 49 4C 39 16 1D 16"                            File: Line:0 Function: Type:Debug:
DateTime:2026-09-14 15:32:24.045:"解析：功能码-AFN=56H,Fn=2："                            File: Line:0 Function: Type:Debug:
DateTime:2026-09-14 15:32:24.045:"AFN或者Fn与预判不一致"                            File: Line:0 Function: Type:Debug:
DateTime:2026-09-14 15:32:24.045:"Send(确认)：=> 68 0F 00 43 00 00 00 00 00 1D 50 01 00 B1 16"                            File: Line:0 Function: Type:Debug:
DateTime:2026-09-14 15:32:24.045:"槽位2透传:687E007E006840000000000022600000010002013C00680F004300000000001D500100B116F116"                            File: Line:0 Function: Type:Debug:
DateTime:2026-09-14 15:32:24.045:"工装发送：68 7E 00 7E 00 68 40 00 00 00 00 00 22 60 00 00 01 00 02 01 3C 00 68 0F 00 43 00 00 00 00 00 1D 50 01 00 B1 16 F1 16"                            File: Line:0 Function: Type:Debug:
DateTime:2026-09-14 15:32:24.045:"设置允许/禁止从节点上报成功"                            File: Line:0 Function: Type:Debug:
DateTime:2026-09-14 15:32:24.045:"成功数量：5"                            File: Line:0 Function: Type:Debug:
DateTime:2026-09-14 15:32:24.066:"工装接收：68 32 00 32 00 68 80 00 00 00 00 00 00 60 00 00 01 00 E1 16"                            File: Line:0 Function: Type:Debug:
DateTime:2026-09-14 15:32:24.066:"m_baRecvMsg:"                            File: Line:0 Function: Type:Debug:
DateTime:2026-09-14 15:32:24.066:"rameList.size():"                            File: Line:0 Function: Type:Debug:
DateTime:2026-09-14 15:32:24.066:"进入报文解析"                            File: Line:0 Function: Type:Debug:
DateTime:2026-09-14 15:32:24.066:"68 32 00 32 00 68 80 00 00 00 00 00 00 60 00 00 01 00 E1 16"                            File: Line:0 Function: Type:Debug:
DateTime:2026-09-14 15:32:24.066:"解码完成，功能码: 1"                            File: Line:0 Function: Type:Debug:
DateTime:2026-09-14 15:32:24.066:"工装回复确认帧"                            File: Line:0 Function: Type:Debug:
DateTime:2026-09-14 15:32:24.080:"工装接收：68 32 00 32 00 68 80 00 00 00 00 00 00 60 00 00 01 00 E1 16"                            File: Line:0 Function: Type:Debug:
DateTime:2026-09-14 15:32:24.080:"m_baRecvMsg:"                            File: Line:0 Function: Type:Debug:
DateTime:2026-09-14 15:32:24.080:"rameList.size():"                            File: Line:0 Function: Type:Debug:
DateTime:2026-09-14 15:32:24.080:"进入报文解析"                            File: Line:0 Function: Type:Debug:
DateTime:2026-09-14 15:32:24.080:"68 32 00 32 00 68 80 00 00 00 00 00 00 60 00 00 01 00 E1 16"                            File: Line:0 Function: Type:Debug:
DateTime:2026-09-14 15:32:24.080:"解码完成，功能码: 1"                            File: Line:0 Function: Type:Debug:
DateTime:2026-09-14 15:32:24.080:"工装回复确认帧"                            File: Line:0 Function: Type:Debug:
DateTime:2026-09-14 15:32:25.087:"等待工装回复超时"                            File: Line:0 Function: Type:Debug:
DateTime:2026-09-14 15:32:25.087:"开始组帧"                            File: Line:0 Function: Type:Debug:
DateTime:2026-09-14 15:32:25.087:"组帧结束"                            File: Line:0 Function: Type:Debug:
DateTime:2026-09-14 15:32:25.087:"367.2Send:设置允许/禁止从节点上报(55H-F2)：=>68 18 00 43 00 00 00 00 00 84 55 02 00 01 03 08 01 10 00 16 19 01 6B 16"                            File: Line:0 Function: Type:Debug:
DateTime:2026-09-14 15:32:25.087:"槽位2透传:68A200A2006840000000000022600000010002013C00681800430000000000845502000103080110001619016B166E16"                            File: Line:0 Function: Type:Debug:
DateTime:2026-09-14 15:32:25.087:"工装发送：68 A2 00 A2 00 68 40 00 00 00 00 00 22 60 00 00 01 00 02 01 3C 00 68 18 00 43 00 00 00 00 00 84 55 02 00 01 03 08 01 10 00 16 19 01 6B 16 6E 16"                            File: Line:0 Function: Type:Debug:
DateTime:2026-09-14 15:32:25.115:"工装接收：68 32 00 32 00 68 80 00 00 00 00 00 00 60 00 00 01 00 E1 16"                            File: Line:0 Function: Type:Debug:
DateTime:2026-09-14 15:32:25.115:"m_baRecvMsg:"                            File: Line:0 Function: Type:Debug:
DateTime:2026-09-14 15:32:25.115:"frameList.size():1"                            File: Line:0 Function: Type:Debug:
DateTime:2026-09-14 15:32:25.115:"进入报文解析"                            File: Line:0 Function: Type:Debug:
DateTime:2026-09-14 15:32:25.115:"68 32 00 32 00 68 80 00 00 00 00 00 00 60 00 00 01 00 E1 16"                            File: Line:0 Function: Type:Debug:
DateTime:2026-09-14 15:32:25.115:"解码完成，功能码: 1"                            File: Line:0 Function: Type:Debug:
DateTime:2026-09-14 15:32:25.115:"工装回复确认帧"                            File: Line:0 Function: Type:Debug:
DateTime:2026-09-14 15:32:25.170:"工装接收：68 7A 00 7A 00 68 80 00 00 00 00 00 22 60 00 00 01 00 02 0F 00 68 0F 00 80 00 00 00 00 00 84 50 01 00 55 16 4B 16"                            File: Line:0 Function: Type:Debug:
DateTime:2026-09-14 15:32:25.170:"m_baRecvMsg:"                            File: Line:0 Function: Type:Debug:
DateTime:2026-09-14 15:32:25.170:"frameList.size():1"                            File: Line:0 Function: Type:Debug:
DateTime:2026-09-14 15:32:25.170:"进入报文解析"                            File: Line:0 Function: Type:Debug:
DateTime:2026-09-14 15:32:25.170:"68 7A 00 7A 00 68 80 00 00 00 00 00 22 60 00 00 01 00 02 0F 00 68 0F 00 80 00 00 00 00 00 84 50 01 00 55 16 4B 16"                            File: Line:0 Function: Type:Debug:
DateTime:2026-09-14 15:32:25.170:"解码完成，功能码: 4"                            File: Line:0 Function: Type:Debug:
DateTime:2026-09-14 15:32:25.170:"工装接收到透传报文"                            File: Line:0 Function: Type:Debug:
DateTime:2026-09-14 15:32:25.170:"020F00680F00800000000000845001005516"                            File: Line:0 Function: Type:Debug:
DateTime:2026-09-14 15:32:25.170:"透传报文内容:68 0f 00 80 00 00 00 00 00 84 50 01 00 55 16"                            File: Line:0 Function: Type:Debug:
DateTime:2026-09-14 15:32:26.537:"工装接收：68 2A 01 2A 01 68 80 00 00 00 00 00 22 60 00 00 01 00 02 3B 00 68 3B 00 C0 00 00 00 00 00 1E 56 02 00 05 08 01 10 00 16 19 24 68 99 99 99 99 99 99 68 81 18 35 33 36 1E 34 36 3B 34 43 33 49 4C 3A 34 43 33 49 4C 39 34 43 33 49 4C 90 16 DD 16 B3 16"                            File: Line:0 Function: Type:Debug:
DateTime:2026-09-14 15:32:26.537:"m_baRecvMsg:"                            File: Line:0 Function: Type:Debug:
DateTime:2026-09-14 15:32:26.537:"frameList.size():1"                            File: Line:0 Function: Type:Debug:
DateTime:2026-09-14 15:32:26.537:"进入报文解析"                            File: Line:0 Function: Type:Debug:
DateTime:2026-09-14 15:32:26.537:"68 2A 01 2A 01 68 80 00 00 00 00 00 22 60 00 00 01 00 02 3B 00 68 3B 00 C0 00 00 00 00 00 1E 56 02 00 05 08 01 10 00 16 19 24 68 99 99 99 99 99 99 68 81 18 35 33 36 1E 34 36 3B 34 43 33 49 4C 3A 34 43 33 49 4C 39 34 43 33 49 4C 90 16 DD 16 B3 16"                            File: Line:0 Function: Type:Debug:
DateTime:2026-09-14 15:32:26.537:"解码完成，功能码: 4"                            File: Line:0 Function: Type:Debug:
DateTime:2026-09-14 15:32:26.537:"工装接收到透传报文"                            File: Line:0 Function: Type:Debug:
DateTime:2026-09-14 15:32:26.537:"023B00683B00C000000000001E5602000508011000161924689999999999996881183533361E34363B344333494C3A344333494C39344333494C9016DD16"                            File: Line:0 Function: Type:Debug:
DateTime:2026-09-14 15:32:26.537:"透传报文内容:68 3b 00 c0 00 00 00 00 00 1e 56 02 00 05 08 01 10 00 16 19 24 68 99 99 99 99 99 99 68 81 18 35 33 36 1e 34 36 3b 34 43 33 49 4c 3a 34 43 33 49 4c 39 34 43 33 49 4c 90 16 dd 16"                            File: Line:0 Function: Type:Debug:
DateTime:2026-09-14 15:32:28.149:"uTimeSecond_ms:5000"                            File: Line:0 Function: Type:Debug:
DateTime:2026-09-14 15:32:28.149:"查找结果: iret=0, wStart=0, dwOutLen=15, dwStreamLen=74, dwFindPos=0"                            File: Line:0 Function: Type:Debug:
DateTime:2026-09-14 15:32:28.149:"Receive:<= 68 0F 00 80 00 00 00 00 00 84 50 01 00 55 16"                            File: Line:0 Function: Type:Debug:
DateTime:2026-09-14 15:32:28.149:"解析：功能码-AFN=50H,Fn=1："                            File: Line:0 Function: Type:Debug:
DateTime:2026-09-14 15:32:28.149:"查找结果: iret=0, wStart=0, dwOutLen=59, dwStreamLen=59, dwFindPos=15"                            File: Line:0 Function: Type:Debug:
DateTime:2026-09-14 15:32:28.149:"Receive:<= 68 3B 00 C0 00 00 00 00 00 1E 56 02 00 05 08 01 10 00 16 19 24 68 99 99 99 99 99 99 68 81 18 35 33 36 1E 34 36 3B 34 43 33 49 4C 3A 34 43 33 49 4C 39 34 43 33 49 4C 90 16 DD 16"                            File: Line:0 Function: Type:Debug:
DateTime:2026-09-14 15:32:28.149:"解析：功能码-AFN=56H,Fn=2："                            File: Line:0 Function: Type:Debug:
DateTime:2026-09-14 15:32:28.149:"AFN或者Fn与预判不一致"                            File: Line:0 Function: Type:Debug:
DateTime:2026-09-14 15:32:28.149:"Send(确认)：=> 68 0F 00 43 00 00 00 00 00 1E 50 01 00 B2 16"                            File: Line:0 Function: Type:Debug:
DateTime:2026-09-14 15:32:28.149:"槽位2透传:687E007E006840000000000022600000010002013C00680F004300000000001E500100B216F316"                            File: Line:0 Function: Type:Debug:
DateTime:2026-09-14 15:32:28.149:"工装发送：68 7E 00 7E 00 68 40 00 00 00 00 00 22 60 00 00 01 00 02 01 3C 00 68 0F 00 43 00 00 00 00 00 1E 50 01 00 B2 16 F3 16"                            File: Line:0 Function: Type:Debug:
DateTime:2026-09-14 15:32:28.149:"设置允许/禁止从节点上报成功"                            File: Line:0 Function: Type:Debug:
DateTime:2026-09-14 15:32:28.149:"成功数量：6"                            File: Line:0 Function: Type:Debug:
DateTime:2026-09-14 15:32:28.171:"设置允许/禁止从节点上报总数量：6 全部成功 "                            File: Line:0 Function: Type:Debug:
DateTime:2026-09-14 15:32:28.171:dll输出信息: ""                            File: Line:0 Function: Type:Debug:
DateTime:2026-09-14 15:32:28.171:接口函数调用成功，返回的结果为 0                            File: Line:0 Function: Type:Debug:
DateTime:2026-09-14 15:32:28.171:"外部传入的para：0，返回的result：0,返回的pValRet：0"                            File: Line:0 Function: Type:Debug:
DateTime:2026-09-14 15:32:28.171:"执行接口函数CCO_AFN55_F2完成"                            File: Line:0 Function: Type:Debug:
DateTime:2026-09-14 15:32:28.172:coorIndex 0                            File: Line:0 Function: Type:Debug:
DateTime:2026-09-14 15:32:28.172:当前流程结束                            File: Line:0 Function: Type:Debug:
DateTime:2026-09-14 15:32:28.172:退出connect函数                            File: Line:0 Function: Type:Debug:
DateTime:2026-09-14 15:32:28.172:"=========【Step33-AFN55F2允许禁止从节点上报-允许】结束=========="                            File: Line:0 Function: Type:Debug:
DateTime:2026-09-14 15:32:28.172:"-----------------------------"                            File: Line:0 Function: Type:Debug:
DateTime:2026-09-14 15:32:28.175:"=============执行【Step34-三相功率源关源】==================="                            File: Line:0 Function: Type:Debug:
DateTime:2026-09-14 15:32:28.175:"--发送:A1 01 04 DC 07 00 E3"                            File: Line:0 Function: Type:Debug:
DateTime:2026-09-14 15:32:28.276:三相功率源关源成功                            File: Line:0 Function: Type:Debug:
DateTime:2026-09-14 15:32:28.276:"=========【Step34-三相功率源关源】结束=========="                            File: Line:0 Function: Type:Debug:
DateTime:2026-09-14 15:32:28.276:"-----------------------------"                            File: Line:0 Function: Type:Debug:
DateTime:2026-09-14 15:32:28.279:"=============执行【Step35-模块槽位下电】==================="                            File: Line:0 Function: Type:Debug:
DateTime:2026-09-14 15:32:28.280:"执行接口函数SimuCorn_power_off"                            File: Line:0 Function: Type:Debug:
DateTime:2026-09-14 15:32:28.280:callWorkFunction: SimuCorn_power_off                            File: Line:0 Function: Type:Debug:
DateTime:2026-09-14 15:32:28.280:找到对应函数，进入执行                            File: Line:0 Function: Type:Debug:
DateTime:2026-09-14 15:32:28.280:"工装发送：68 3E 00 3E 00 68 40 00 00 00 00 00 21 60 00 00 02 00 03 02 00 C8 16"                            File: Line:0 Function: Type:Debug:
DateTime:2026-09-14 15:32:28.280:"工装接收：68 32 00 32 00 68 80 00 00 00 00 00 00 60 00 00 01 00 E1 16 68 32 00 32 00 68 80 00 00 00 00 00 00 60 00 00 01 00 E1 16"                            File: Line:0 Function: Type:Debug:
DateTime:2026-09-14 15:32:28.280:"m_baRecvMsg:"                            File: Line:0 Function: Type:Debug:
DateTime:2026-09-14 15:32:28.281:"frameList.size():2"                            File: Line:0 Function: Type:Debug:
DateTime:2026-09-14 15:32:28.281:"进入报文解析"                            File: Line:0 Function: Type:Debug:
DateTime:2026-09-14 15:32:28.281:"68 32 00 32 00 68 80 00 00 00 00 00 00 60 00 00 01 00 E1 16"                            File: Line:0 Function: Type:Debug:
DateTime:2026-09-14 15:32:28.281:"解码完成，功能码: 1"                            File: Line:0 Function: Type:Debug:
DateTime:2026-09-14 15:32:28.281:"工装回复确认帧"                            File: Line:0 Function: Type:Debug:
DateTime:2026-09-14 15:32:28.281:"工装发送：68 3E 00 3E 00 68 40 00 00 00 00 00 21 60 00 00 02 00 04 02 00 C9 16"                            File: Line:0 Function: Type:Debug:
DateTime:2026-09-14 15:32:28.281:"工装接收：68 32 00 32 00 68 80 00 00 00 00 00 00 60 00 00 01 00 E1 16"                            File: Line:0 Function: Type:Debug:
DateTime:2026-09-14 15:32:28.281:"m_baRecvMsg:"                            File: Line:0 Function: Type:Debug:
DateTime:2026-09-14 15:32:28.281:"frameList.size():1"                            File: Line:0 Function: Type:Debug:
DateTime:2026-09-14 15:32:28.281:"进入报文解析"                            File: Line:0 Function: Type:Debug:
DateTime:2026-09-14 15:32:28.281:"68 32 00 32 00 68 80 00 00 00 00 00 00 60 00 00 01 00 E1 16"                            File: Line:0 Function: Type:Debug:
DateTime:2026-09-14 15:32:28.281:"解码完成，功能码: 1"                            File: Line:0 Function: Type:Debug:
DateTime:2026-09-14 15:32:28.281:"工装回复确认帧"                            File: Line:0 Function: Type:Debug:
DateTime:2026-09-14 15:32:28.281:"工装发送：68 3E 00 3E 00 68 40 00 00 00 00 00 21 60 00 00 02 00 05 02 00 CA 16"                            File: Line:0 Function: Type:Debug:
DateTime:2026-09-14 15:32:28.282:"工装接收：68 32 00 32 00 68 80 00 00 00 00 00 00 60 00 00 01 00 E1 16"                            File: Line:0 Function: Type:Debug:
DateTime:2026-09-14 15:32:28.282:"m_baRecvMsg:"                            File: Line:0 Function: Type:Debug:
DateTime:2026-09-14 15:32:28.282:"frameList.size():1"                            File: Line:0 Function: Type:Debug:
DateTime:2026-09-14 15:32:28.282:"进入报文解析"                            File: Line:0 Function: Type:Debug:
DateTime:2026-09-14 15:32:28.282:"68 32 00 32 00 68 80 00 00 00 00 00 00 60 00 00 01 00 E1 16"                            File: Line:0 Function: Type:Debug:
DateTime:2026-09-14 15:32:28.282:"解码完成，功能码: 1"                            File: Line:0 Function: Type:Debug:
DateTime:2026-09-14 15:32:28.282:"工装回复确认帧"                            File: Line:0 Function: Type:Debug:
DateTime:2026-09-14 15:32:28.282:"工装发送：68 3E 00 3E 00 68 40 00 00 00 00 00 21 60 00 00 02 00 06 02 00 CB 16"                            File: Line:0 Function: Type:Debug:
DateTime:2026-09-14 15:32:28.283:"工装接收：68 32 00 32 00 68 80 00 00 00 00 00 00 60 00 00 01 00 E1 16"                            File: Line:0 Function: Type:Debug:
DateTime:2026-09-14 15:32:28.283:"m_baRecvMsg:"                            File: Line:0 Function: Type:Debug:
DateTime:2026-09-14 15:32:28.283:"frameList.size():1"                            File: Line:0 Function: Type:Debug:
DateTime:2026-09-14 15:32:28.283:"进入报文解析"                            File: Line:0 Function: Type:Debug:
DateTime:2026-09-14 15:32:28.283:"68 32 00 32 00 68 80 00 00 00 00 00 00 60 00 00 01 00 E1 16"                            File: Line:0 Function: Type:Debug:
DateTime:2026-09-14 15:32:28.283:"解码完成，功能码: 1"                            File: Line:0 Function: Type:Debug:
DateTime:2026-09-14 15:32:28.283:"工装回复确认帧"                            File: Line:0 Function: Type:Debug:
DateTime:2026-09-14 15:32:28.283:"工装发送：68 3E 00 3E 00 68 40 00 00 00 00 00 21 60 00 00 02 00 07 02 00 CC 16"                            File: Line:0 Function: Type:Debug:
DateTime:2026-09-14 15:32:28.283:"工装接收：68 32 00 32 00 68 80 00 00 00 00 00 00 60 00 00 01 00 E1 16"                            File: Line:0 Function: Type:Debug:
DateTime:2026-09-14 15:32:28.283:"m_baRecvMsg:"                            File: Line:0 Function: Type:Debug:
DateTime:2026-09-14 15:32:28.283:"frameList.size():1"                            File: Line:0 Function: Type:Debug:
DateTime:2026-09-14 15:32:28.283:"进入报文解析"                            File: Line:0 Function: Type:Debug:
DateTime:2026-09-14 15:32:28.283:"68 32 00 32 00 68 80 00 00 00 00 00 00 60 00 00 01 00 E1 16"                            File: Line:0 Function: Type:Debug:
DateTime:2026-09-14 15:32:28.284:"解码完成，功能码: 1"                            File: Line:0 Function: Type:Debug:
DateTime:2026-09-14 15:32:28.284:"工装回复确认帧"                            File: Line:0 Function: Type:Debug:
DateTime:2026-09-14 15:32:28.284:"工装发送：68 3E 00 3E 00 68 40 00 00 00 00 00 21 60 00 00 02 00 08 02 00 CD 16"                            File: Line:0 Function: Type:Debug:
DateTime:2026-09-14 15:32:28.284:"工装接收：68 32 00 32 00 68 80 00 00 00 00 00 00 60 00 00 01 00 E1 16"                            File: Line:0 Function: Type:Debug:
DateTime:2026-09-14 15:32:28.284:"m_baRecvMsg:"                            File: Line:0 Function: Type:Debug:
DateTime:2026-09-14 15:32:28.284:"frameList.size():1"                            File: Line:0 Function: Type:Debug:
DateTime:2026-09-14 15:32:28.284:"进入报文解析"                            File: Line:0 Function: Type:Debug:
DateTime:2026-09-14 15:32:28.284:"68 32 00 32 00 68 80 00 00 00 00 00 00 60 00 00 01 00 E1 16"                            File: Line:0 Function: Type:Debug:
DateTime:2026-09-14 15:32:28.284:"解码完成，功能码: 1"                            File: Line:0 Function: Type:Debug:
DateTime:2026-09-14 15:32:28.284:"工装回复确认帧"                            File: Line:0 Function: Type:Debug:
DateTime:2026-09-14 15:32:28.284:"所有槽位下电成功"                            File: Line:0 Function: Type:Debug:
DateTime:2026-09-14 15:32:28.386:dll输出信息: ""                            File: Line:0 Function: Type:Debug:
DateTime:2026-09-14 15:32:28.386:接口函数调用成功，返回的结果为 0                            File: Line:0 Function: Type:Debug:
DateTime:2026-09-14 15:32:28.386:"外部传入的para：0，返回的result：0,返回的pValRet：0"                            File: Line:0 Function: Type:Debug:
DateTime:2026-09-14 15:32:28.386:"执行接口函数SimuCorn_power_off完成"                            File: Line:0 Function: Type:Debug:
DateTime:2026-09-14 15:32:28.387:coorIndex 0                            File: Line:0 Function: Type:Debug:
DateTime:2026-09-14 15:32:28.387:当前流程结束                            File: Line:0 Function: Type:Debug:
DateTime:2026-09-14 15:32:28.387:退出connect函数                            File: Line:0 Function: Type:Debug:
DateTime:2026-09-14 15:32:28.387:"=========【Step35-模块槽位下电】结束=========="                            File: Line:0 Function: Type:Debug:
DateTime:2026-09-14 15:32:28.387:"-----------------------------"                            File: Line:0 Function: Type:Debug:
DateTime:2026-09-14 15:32:28.390:"=============执行【Step36-停电事件上报测试(停电5s不上报)】==================="                            File: Line:0 Function: Type:Debug:
DateTime:2026-09-14 15:32:28.390:"执行接口函数CCO_Func_Power_OFF_Event"                            File: Line:0 Function: Type:Debug:
DateTime:2026-09-14 15:32:28.390:callWorkFunction: CCO_Func_Power_OFF_Event                            File: Line:0 Function: Type:Debug:
DateTime:2026-09-14 15:32:28.391:找到对应函数，进入执行                            File: Line:0 Function: Type:Debug:
DateTime:2026-09-14 15:32:28.391:"uTimeSecond_ms:5000"                            File: Line:0 Function: Type:Debug:
DateTime:2026-09-14 15:32:31.413:"等待工装回复超时"                            File: Line:0 Function: Type:Debug:
DateTime:2026-09-14 15:32:34.435:"等待工装回复超时"                            File: Line:0 Function: Type:Debug:
DateTime:2026-09-14 15:32:34.435:"停电事件测试时间到,上报成功率:0%"                            File: Line:0 Function: Type:Debug:
DateTime:2026-09-14 15:32:34.435:dll输出信息: ""                            File: Line:0 Function: Type:Debug:
DateTime:2026-09-14 15:32:34.435:接口函数调用成功，返回的结果为 0                            File: Line:0 Function: Type:Debug:
DateTime:2026-09-14 15:32:34.435:"外部传入的para：1，返回的result：0,返回的pValRet：1"                            File: Line:0 Function: Type:Debug:
DateTime:2026-09-14 15:32:34.435:"执行接口函数CCO_Func_Power_OFF_Event完成"                            File: Line:0 Function: Type:Debug:
DateTime:2026-09-14 15:32:34.436:coorIndex 0                            File: Line:0 Function: Type:Debug:
DateTime:2026-09-14 15:32:34.436:当前流程结束                            File: Line:0 Function: Type:Debug:
DateTime:2026-09-14 15:32:34.436:退出connect函数                            File: Line:0 Function: Type:Debug:
DateTime:2026-09-14 15:32:34.436:"=========【Step36-停电事件上报测试(停电5s不上报)】结束=========="                            File: Line:0 Function: Type:Debug:
DateTime:2026-09-14 15:32:34.436:"-----------------------------"                            File: Line:0 Function: Type:Debug:
DateTime:2026-09-14 15:32:34.439:"=============执行【Step37-三相功率源升源】==================="                            File: Line:0 Function: Type:Debug:
DateTime:2026-09-14 15:32:34.439:"--发送:A1 01 04 DC 07 01 E4"                            File: Line:0 Function: Type:Debug:
DateTime:2026-09-14 15:32:34.541:三相功率源生源成功                            File: Line:0 Function: Type:Debug:
DateTime:2026-09-14 15:32:34.541:"=========【Step37-三相功率源升源】结束=========="                            File: Line:0 Function: Type:Debug:
DateTime:2026-09-14 15:32:34.541:"-----------------------------"                            File: Line:0 Function: Type:Debug:
DateTime:2026-09-14 15:32:34.545:"=============执行【Step38-模块槽位上电】==================="                            File: Line:0 Function: Type:Debug:
DateTime:2026-09-14 15:32:34.545:"执行接口函数SimuCorn_power_on"                            File: Line:0 Function: Type:Debug:
DateTime:2026-09-14 15:32:34.545:callWorkFunction: SimuCorn_power_on                            File: Line:0 Function: Type:Debug:
DateTime:2026-09-14 15:32:34.545:找到对应函数，进入执行                            File: Line:0 Function: Type:Debug:
DateTime:2026-09-14 15:32:34.545:"工装发送：68 3E 00 3E 00 68 40 00 00 00 00 00 21 60 00 00 02 00 03 02 01 C9 16"                            File: Line:0 Function: Type:Debug:
DateTime:2026-09-14 15:32:34.546:"工装接收：68 32 00 32 00 68 80 00 00 00 00 00 00 60 00 00 01 00 E1 16"                            File: Line:0 Function: Type:Debug:
DateTime:2026-09-14 15:32:34.546:"m_baRecvMsg:"                            File: Line:0 Function: Type:Debug:
DateTime:2026-09-14 15:32:34.546:"frameList.size():1"                            File: Line:0 Function: Type:Debug:
DateTime:2026-09-14 15:32:34.546:"进入报文解析"                            File: Line:0 Function: Type:Debug:
DateTime:2026-09-14 15:32:34.546:"68 32 00 32 00 68 80 00 00 00 00 00 00 60 00 00 01 00 E1 16"                            File: Line:0 Function: Type:Debug:
DateTime:2026-09-14 15:32:34.546:"解码完成，功能码: 1"                            File: Line:0 Function: Type:Debug:
DateTime:2026-09-14 15:32:34.546:"工装回复确认帧"                            File: Line:0 Function: Type:Debug:
DateTime:2026-09-14 15:32:34.546:"工装发送：68 3E 00 3E 00 68 40 00 00 00 00 00 21 60 00 00 02 00 04 02 01 CA 16"                            File: Line:0 Function: Type:Debug:
DateTime:2026-09-14 15:32:34.546:"工装接收：68 32 00 32 00 68 80 00 00 00 00 00 00 60 00 00 01 00 E1 16"                            File: Line:0 Function: Type:Debug:
DateTime:2026-09-14 15:32:34.546:"m_baRecvMsg:"                            File: Line:0 Function: Type:Debug:
DateTime:2026-09-14 15:32:34.547:"frameList.size():1"                            File: Line:0 Function: Type:Debug:
DateTime:2026-09-14 15:32:34.547:"进入报文解析"                            File: Line:0 Function: Type:Debug:
DateTime:2026-09-14 15:32:34.547:"68 32 00 32 00 68 80 00 00 00 00 00 00 60 00 00 01 00 E1 16"                            File: Line:0 Function: Type:Debug:
DateTime:2026-09-14 15:32:34.547:"解码完成，功能码: 1"                            File: Line:0 Function: Type:Debug:
DateTime:2026-09-14 15:32:34.547:"工装回复确认帧"                            File: Line:0 Function: Type:Debug:
DateTime:2026-09-14 15:32:34.547:"工装发送：68 3E 00 3E 00 68 40 00 00 00 00 00 21 60 00 00 02 00 05 02 01 CB 16"                            File: Line:0 Function: Type:Debug:
DateTime:2026-09-14 15:32:34.547:"工装接收：68 32 00 32 00 68 80 00 00 00 00 00 00 60 00 00 01 00 E1 16"                            File: Line:0 Function: Type:Debug:
DateTime:2026-09-14 15:32:34.547:"m_baRecvMsg:"                            File: Line:0 Function: Type:Debug:
DateTime:2026-09-14 15:32:34.547:"frameList.size():1"                            File: Line:0 Function: Type:Debug:
DateTime:2026-09-14 15:32:34.547:"进入报文解析"                            File: Line:0 Function: Type:Debug:
DateTime:2026-09-14 15:32:34.547:"68 32 00 32 00 68 80 00 00 00 00 00 00 60 00 00 01 00 E1 16"                            File: Line:0 Function: Type:Debug:
DateTime:2026-09-14 15:32:34.547:"解码完成，功能码: 1"                            File: Line:0 Function: Type:Debug:
DateTime:2026-09-14 15:32:34.547:"工装回复确认帧"                            File: Line:0 Function: Type:Debug:
DateTime:2026-09-14 15:32:34.547:"工装发送：68 3E 00 3E 00 68 40 00 00 00 00 00 21 60 00 00 02 00 06 02 01 CC 16"                            File: Line:0 Function: Type:Debug:
DateTime:2026-09-14 15:32:34.548:"工装接收：68 32 00 32 00 68 80 00 00 00 00 00 00 60 00 00 01 00 E1 16"                            File: Line:0 Function: Type:Debug:
DateTime:2026-09-14 15:32:34.548:"m_baRecvMsg:"                            File: Line:0 Function: Type:Debug:
DateTime:2026-09-14 15:32:34.548:"frameList.size():1"                            File: Line:0 Function: Type:Debug:
DateTime:2026-09-14 15:32:34.548:"进入报文解析"                            File: Line:0 Function: Type:Debug:
DateTime:2026-09-14 15:32:34.548:"68 32 00 32 00 68 80 00 00 00 00 00 00 60 00 00 01 00 E1 16"                            File: Line:0 Function: Type:Debug:
DateTime:2026-09-14 15:32:34.548:"解码完成，功能码: 1"                            File: Line:0 Function: Type:Debug:
DateTime:2026-09-14 15:32:34.548:"工装回复确认帧"                            File: Line:0 Function: Type:Debug:
DateTime:2026-09-14 15:32:34.548:"工装发送：68 3E 00 3E 00 68 40 00 00 00 00 00 21 60 00 00 02 00 07 02 01 CD 16"                            File: Line:0 Function: Type:Debug:
DateTime:2026-09-14 15:32:34.549:"工装接收：68 32 00 32 00 68 80 00 00 00 00 00 00 60 00 00 01 00 E1 16"                            File: Line:0 Function: Type:Debug:
DateTime:2026-09-14 15:32:34.549:"m_baRecvMsg:"                            File: Line:0 Function: Type:Debug:
DateTime:2026-09-14 15:32:34.549:"frameList.size():1"                            File: Line:0 Function: Type:Debug:
DateTime:2026-09-14 15:32:34.549:"进入报文解析"                            File: Line:0 Function: Type:Debug:
DateTime:2026-09-14 15:32:34.549:"68 32 00 32 00 68 80 00 00 00 00 00 00 60 00 00 01 00 E1 16"                            File: Line:0 Function: Type:Debug:
DateTime:2026-09-14 15:32:34.549:"解码完成，功能码: 1"                            File: Line:0 Function: Type:Debug:
DateTime:2026-09-14 15:32:34.549:"工装回复确认帧"                            File: Line:0 Function: Type:Debug:
DateTime:2026-09-14 15:32:34.549:"工装发送：68 3E 00 3E 00 68 40 00 00 00 00 00 21 60 00 00 02 00 08 02 01 CE 16"                            File: Line:0 Function: Type:Debug:
DateTime:2026-09-14 15:32:34.549:"工装接收：68 32 00 32 00 68 80 00 00 00 00 00 00 60 00 00 01 00 E1 16"                            File: Line:0 Function: Type:Debug:
DateTime:2026-09-14 15:32:34.549:"m_baRecvMsg:"                            File: Line:0 Function: Type:Debug:
DateTime:2026-09-14 15:32:34.549:"frameList.size():1"                            File: Line:0 Function: Type:Debug:
DateTime:2026-09-14 15:32:34.549:"进入报文解析"                            File: Line:0 Function: Type:Debug:
DateTime:2026-09-14 15:32:34.549:"68 32 00 32 00 68 80 00 00 00 00 00 00 60 00 00 01 00 E1 16"                            File: Line:0 Function: Type:Debug:
DateTime:2026-09-14 15:32:34.550:"解码完成，功能码: 1"                            File: Line:0 Function: Type:Debug:
DateTime:2026-09-14 15:32:34.550:"工装回复确认帧"                            File: Line:0 Function: Type:Debug:
DateTime:2026-09-14 15:32:34.550:"所有槽位上电成功"                            File: Line:0 Function: Type:Debug:
DateTime:2026-09-14 15:32:34.650:dll输出信息: ""                            File: Line:0 Function: Type:Debug:
DateTime:2026-09-14 15:32:34.650:接口函数调用成功，返回的结果为 0                            File: Line:0 Function: Type:Debug:
DateTime:2026-09-14 15:32:34.650:"外部传入的para：0，返回的result：0,返回的pValRet：0"                            File: Line:0 Function: Type:Debug:
DateTime:2026-09-14 15:32:34.650:"执行接口函数SimuCorn_power_on完成"                            File: Line:0 Function: Type:Debug:
DateTime:2026-09-14 15:32:34.651:coorIndex 0                            File: Line:0 Function: Type:Debug:
DateTime:2026-09-14 15:32:34.651:当前流程结束                            File: Line:0 Function: Type:Debug:
DateTime:2026-09-14 15:32:34.651:退出connect函数                            File: Line:0 Function: Type:Debug:
DateTime:2026-09-14 15:32:34.651:"=========【Step38-模块槽位上电】结束=========="                            File: Line:0 Function: Type:Debug:
DateTime:2026-09-14 15:32:34.651:"-----------------------------"                            File: Line:0 Function: Type:Debug:
DateTime:2026-09-14 15:32:34.654:"=============执行【Step39-复电事件上报测试(停电5s不上报)】==================="                            File: Line:0 Function: Type:Debug:
DateTime:2026-09-14 15:32:34.655:"执行接口函数CCO_Func_Power_ON_Event"                            File: Line:0 Function: Type:Debug:
DateTime:2026-09-14 15:32:34.655:callWorkFunction: CCO_Func_Power_ON_Event                            File: Line:0 Function: Type:Debug:
DateTime:2026-09-14 15:32:34.655:找到对应函数，进入执行                            File: Line:0 Function: Type:Debug:
DateTime:2026-09-14 15:32:34.655:"uTimeSecond_ms:5000"                            File: Line:0 Function: Type:Debug:
DateTime:2026-09-14 15:32:36.520:"工装接收：68 FA 00 FA 00 68 80 00 00 00 00 00 22 60 00 00 01 00 02 2F 00 68 2F 00 C0 00 00 00 00 00 1F 56 02 00 05 04 01 10 00 16 19 18 68 04 01 10 00 16 19 68 81 0C 35 33 36 1E 34 34 37 34 43 33 49 4C 3B 16 24 16 29 16"                            File: Line:0 Function: Type:Debug:
DateTime:2026-09-14 15:32:36.520:"m_baRecvMsg:"                            File: Line:0 Function: Type:Debug:
DateTime:2026-09-14 15:32:36.520:"rameList.size():"                            File: Line:0 Function: Type:Debug:
DateTime:2026-09-14 15:32:36.521:"进入报文解析"                            File: Line:0 Function: Type:Debug:
DateTime:2026-09-14 15:32:36.521:"68 FA 00 FA 00 68 80 00 00 00 00 00 22 60 00 00 01 00 02 2F 00 68 2F 00 C0 00 00 00 00 00 1F 56 02 00 05 04 01 10 00 16 19 18 68 04 01 10 00 16 19 68 81 0C 35 33 36 1E 34 34 37 34 43 33 49 4C 3B 16 24 16 29 16"                            File: Line:0 Function: Type:Debug:
DateTime:2026-09-14 15:32:36.521:"解码完成，功能码: 4"                            File: Line:0 Function: Type:Debug:
DateTime:2026-09-14 15:32:36.521:"工装回复透传报文"                            File: Line:0 Function: Type:Debug:
DateTime:2026-09-14 15:32:36.521:"022F00682F00C000000000001F56020005040110001619186804011000161968810C3533361E343437344333494C3B162416"                            File: Line:0 Function: Type:Debug:
DateTime:2026-09-14 15:32:36.521:"内容:68 2f 00 c0 00 00 00 00 00 1f 56 02 00 05 04 01 10 00 16 19 18 68 04 01 10 00 16 19 68 81 0c 35 33 36 1e 34 34 37 34 43 33 49 4c 3b 16 24 16"                            File: Line:0 Function: Type:Debug:
DateTime:2026-09-14 15:32:37.730:"等待工装回复超时"                            File: Line:0 Function: Type:Debug:
DateTime:2026-09-14 15:32:37.730:"查找结果: iret=0, wStart=0, dwOutLen=47, dwStreamLen=47, dwFindPos=0"                            File: Line:0 Function: Type:Debug:
DateTime:2026-09-14 15:32:37.730:"Receive:<= 68 2F 00 C0 00 00 00 00 00 1F 56 02 00 05 04 01 10 00 16 19 18 68 04 01 10 00 16 19 68 81 0C 35 33 36 1E 34 34 37 34 43 33 49 4C 3B 16 24 16"                            File: Line:0 Function: Type:Debug:
DateTime:2026-09-14 15:32:37.730:"解析：功能码-AFN=56H,Fn=2："                            File: Line:0 Function: Type:Debug:
DateTime:2026-09-14 15:32:37.730:"Send(确认)：=> 68 0F 00 43 00 00 00 00 00 1F 50 01 00 B3 16"                            File: Line:0 Function: Type:Debug:
DateTime:2026-09-14 15:32:37.730:"槽位2透传:687E007E006840000000000022600000010002013C00680F004300000000001F500100B316F516"                            File: Line:0 Function: Type:Debug:
DateTime:2026-09-14 15:32:37.730:"工装发送：68 7E 00 7E 00 68 40 00 00 00 00 00 22 60 00 00 01 00 02 01 3C 00 68 0F 00 43 00 00 00 00 00 1F 50 01 00 B3 16 F5 16"                            File: Line:0 Function: Type:Debug:
DateTime:2026-09-14 15:32:37.730:"|****************事件上报状态：************************|"                            File: Line:0 Function: Type:Debug:
DateTime:2026-09-14 15:32:37.730:"地址191600100103：--停电事件上报失败"                            File: Line:0 Function: Type:Debug:
DateTime:2026-09-14 15:32:37.730:"地址191600100104：--复电事件上报成功"                            File: Line:0 Function: Type:Debug:
DateTime:2026-09-14 15:32:37.730:"地址191600100105：--停电事件上报失败"                            File: Line:0 Function: Type:Debug:
DateTime:2026-09-14 15:32:37.730:"地址191600100106：--停电事件上报失败"                            File: Line:0 Function: Type:Debug:
DateTime:2026-09-14 15:32:37.730:"地址191600100107：--停电事件上报失败"                            File: Line:0 Function: Type:Debug:
DateTime:2026-09-14 15:32:37.730:"地址191600100108：--停电事件上报失败"                            File: Line:0 Function: Type:Debug:
DateTime:2026-09-14 15:32:37.730:"|*******************结束*****************************|"                            File: Line:0 Function: Type:Debug:
DateTime:2026-09-14 15:32:37.730:"复电事件测试时间到,上报成功率:16.6667%"                            File: Line:0 Function: Type:Debug:
DateTime:2026-09-14 15:32:37.731:dll输出信息: ""                            File: Line:0 Function: Type:Debug:
DateTime:2026-09-14 15:32:37.731:接口函数调用成功，返回的结果为 0                            File: Line:0 Function: Type:Debug:
DateTime:2026-09-14 15:32:37.731:"外部传入的para：1，返回的result：0,返回的pValRet：-999"                            File: Line:0 Function: Type:Debug:
DateTime:2026-09-14 15:32:37.731:返回结果不满足预期值                            File: Line:0 Function: Type:Debug:
DateTime:2026-09-14 15:32:37.732:coorIndex 0                            File: Line:0 Function: Type:Debug:
DateTime:2026-09-14 15:32:37.732:当前流程结束                            File: Line:0 Function: Type:Debug:
DateTime:2026-09-14 15:32:37.732:退出connect函数                            File: Line:0 Function: Type:Debug:
DateTime:2026-09-14 15:32:37.732:"=========【Step39-复电事件上报测试(停电5s不上报)】结束=========="                            File: Line:0 Function: Type:Debug:
DateTime:2026-09-14 15:32:37.732:"-----------------------------"                            File: Line:0 Function: Type:Debug:
DateTime:2026-09-14 15:32:37.736:"=============执行【测试结束EB031101清空从节点档案】==================="                            File: Line:0 Function: Type:Debug:
DateTime:2026-09-14 15:32:37.736:"执行接口函数CCO_AFN52_F1_EB031101_set"                            File: Line:0 Function: Type:Debug:
DateTime:2026-09-14 15:32:37.736:callWorkFunction: CCO_AFN52_F1_EB031101_set                            File: Line:0 Function: Type:Debug:
DateTime:2026-09-14 15:32:37.736:找到对应函数，进入执行                            File: Line:0 Function: Type:Debug:
DateTime:2026-09-14 15:32:37.748:"工装接收：68 32 00 32 00 68 80 00 00 00 00 00 00 60 00 00 01 00 E1 16"                            File: Line:0 Function: Type:Debug:
DateTime:2026-09-14 15:32:37.748:"m_baRecvMsg:"                            File: Line:0 Function: Type:Debug:
DateTime:2026-09-14 15:32:37.748:"rameList.size():"                            File: Line:0 Function: Type:Debug:
DateTime:2026-09-14 15:32:37.748:"进入报文解析"                            File: Line:0 Function: Type:Debug:
DateTime:2026-09-14 15:32:37.748:"68 32 00 32 00 68 80 00 00 00 00 00 00 60 00 00 01 00 E1 16"                            File: Line:0 Function: Type:Debug:
DateTime:2026-09-14 15:32:37.748:"解码完成，功能码: 1"                            File: Line:0 Function: Type:Debug:
DateTime:2026-09-14 15:32:37.748:"工装回复确认帧"                            File: Line:0 Function: Type:Debug:
DateTime:2026-09-14 15:32:38.755:"等待工装回复超时"                            File: Line:0 Function: Type:Debug:
DateTime:2026-09-14 15:32:38.755:"开始组帧"                            File: Line:0 Function: Type:Debug:
DateTime:2026-09-14 15:32:38.755:"组帧结束"                            File: Line:0 Function: Type:Debug:
DateTime:2026-09-14 15:32:38.755:"367.2Send:数据转发(设置-从节点档案清单管理-删除表,EB031101)：=>68 59 00 43 00 00 00 00 00 85 52 01 00 02 12 90 78 56 34 12 6B 8A E8 3E 00 68 12 90 78 56 34 12 68 14 32 34 44 36 1E 3B 33 33 33 44 44 44 44 33 39 36 34 43 33 49 4C 37 34 43 33 49 4C 38 34 43 33 49 4C 39 34 43 33 49 4C 3A 34 43 33 49 4C 3B 34 43 33 49 4C B5 16 6E 16"                            File: Line:0 Function: Type:Debug:
DateTime:2026-09-14 15:32:38.755:"槽位2透传:68A601A6016840000000000022600000010002013C0068590043000000000085520100021290785634126B8AE83E00681290785634126814323444361E3B33333344444444333936344333494C37344333494C38344333494C39344333494C3A344333494C3B344333494CB5166E16B516"                            File: Line:0 Function: Type:Debug:
DateTime:2026-09-14 15:32:38.755:"工装发送：68 A6 01 A6 01 68 40 00 00 00 00 00 22 60 00 00 01 00 02 01 3C 00 68 59 00 43 00 00 00 00 00 85 52 01 00 02 12 90 78 56 34 12 6B 8A E8 3E 00 68 12 90 78 56 34 12 68 14 32 34 44 36 1E 3B 33 33 33 44 44 44 44 33 39 36 34 43 33 49 4C 37 34 43 33 49 4C 38 34 43 33 49 4C 39 34 43 33 49 4C 3A 34 43 33 49 4C 3B 34 43 33 49 4C B5 16 6E 16 B5 16"                            File: Line:0 Function: Type:Debug:
DateTime:2026-09-14 15:32:38.858:"工装接收：68 32 00 32 00 68 80 00 00 00 00 00 00 60 00 00 01 00 E1 16"                            File: Line:0 Function: Type:Debug:
DateTime:2026-09-14 15:32:38.859:"m_baRecvMsg:"                            File: Line:0 Function: Type:Debug:
DateTime:2026-09-14 15:32:38.859:"frameList.size():1"                            File: Line:0 Function: Type:Debug:
DateTime:2026-09-14 15:32:38.859:"进入报文解析"                            File: Line:0 Function: Type:Debug:
DateTime:2026-09-14 15:32:38.859:"68 32 00 32 00 68 80 00 00 00 00 00 00 60 00 00 01 00 E1 16"                            File: Line:0 Function: Type:Debug:
DateTime:2026-09-14 15:32:38.859:"解码完成，功能码: 1"                            File: Line:0 Function: Type:Debug:
DateTime:2026-09-14 15:32:38.859:"工装回复确认帧"                            File: Line:0 Function: Type:Debug:
DateTime:2026-09-14 15:32:38.942:"工装接收：68 CE 00 CE 00 68 80 00 00 00 00 00 22 60 00 00 01 00 02 24 00 68 24 00 80 00 00 00 00 00 85 52 01 00 02 12 90 78 56 34 12 0C 00 68 12 90 78 56 34 12 68 94 00 1A 16 66 16 97 16"                            File: Line:0 Function: Type:Debug:
DateTime:2026-09-14 15:32:38.942:"m_baRecvMsg:"                            File: Line:0 Function: Type:Debug:
DateTime:2026-09-14 15:32:38.942:"frameList.size():1"                            File: Line:0 Function: Type:Debug:
DateTime:2026-09-14 15:32:38.942:"进入报文解析"                            File: Line:0 Function: Type:Debug:
DateTime:2026-09-14 15:32:38.942:"68 CE 00 CE 00 68 80 00 00 00 00 00 22 60 00 00 01 00 02 24 00 68 24 00 80 00 00 00 00 00 85 52 01 00 02 12 90 78 56 34 12 0C 00 68 12 90 78 56 34 12 68 94 00 1A 16 66 16 97 16"                            File: Line:0 Function: Type:Debug:
DateTime:2026-09-14 15:32:38.942:"解码完成，功能码: 4"                            File: Line:0 Function: Type:Debug:
DateTime:2026-09-14 15:32:38.942:"工装接收到透传报文"                            File: Line:0 Function: Type:Debug:
DateTime:2026-09-14 15:32:38.942:"02240068240080000000000085520100021290785634120C00681290785634126894001A166616"                            File: Line:0 Function: Type:Debug:
DateTime:2026-09-14 15:32:38.942:"透传报文内容:68 24 00 80 00 00 00 00 00 85 52 01 00 02 12 90 78 56 34 12 0c 00 68 12 90 78 56 34 12 68 94 00 1a 16 66 16"                            File: Line:0 Function: Type:Debug:
DateTime:2026-09-14 15:32:41.762:"uTimeSecond_ms:30000"                            File: Line:0 Function: Type:Debug:
DateTime:2026-09-14 15:32:41.762:"查找结果: iret=0, wStart=0, dwOutLen=36, dwStreamLen=36, dwFindPos=0"                            File: Line:0 Function: Type:Debug:
DateTime:2026-09-14 15:32:41.762:"Receive:<= 68 24 00 80 00 00 00 00 00 85 52 01 00 02 12 90 78 56 34 12 0C 00 68 12 90 78 56 34 12 68 94 00 1A 16 66 16"                            File: Line:0 Function: Type:Debug:
DateTime:2026-09-14 15:32:41.762:"解析：功能码-AFN=52H,Fn=1："                            File: Line:0 Function: Type:Debug:
DateTime:2026-09-14 15:32:41.762:"透传回复内容：021290785634120C00681290785634126894001A16"                            File: Line:0 Function: Type:Debug:
DateTime:2026-09-14 15:32:41.762:"设置成功,成功数量：6"                            File: Line:0 Function: Type:Debug:
DateTime:2026-09-14 15:32:41.783:"删除表总数量：6 全部成功 "                            File: Line:0 Function: Type:Debug:
DateTime:2026-09-14 15:32:41.783:dll输出信息: ""                            File: Line:0 Function: Type:Debug:
DateTime:2026-09-14 15:32:41.783:接口函数调用成功，返回的结果为 0                            File: Line:0 Function: Type:Debug:
DateTime:2026-09-14 15:32:41.783:"外部传入的para：0，返回的result：0,返回的pValRet：0"                            File: Line:0 Function: Type:Debug:
DateTime:2026-09-14 15:32:41.783:"执行接口函数CCO_AFN52_F1_EB031101_set完成"                            File: Line:0 Function: Type:Debug:
DateTime:2026-09-14 15:32:41.783:coorIndex 0                            File: Line:0 Function: Type:Debug:
DateTime:2026-09-14 15:32:41.783:当前流程结束                            File: Line:0 Function: Type:Debug:
DateTime:2026-09-14 15:32:41.783:退出connect函数                            File: Line:0 Function: Type:Debug:
DateTime:2026-09-14 15:32:41.783:"=========【测试结束EB031101清空从节点档案】结束=========="                            File: Line:0 Function: Type:Debug:
DateTime:2026-09-14 15:32:41.783:"-----------------------------"                            File: Line:0 Function: Type:Debug:
DateTime:2026-09-14 15:32:41.784:"=============执行【测试槽位透传关闭】==================="                            File: Line:0 Function: Type:Debug:
DateTime:2026-09-14 15:32:41.785:"执行接口函数SimuCorn_close_transport"                            File: Line:0 Function: Type:Debug:
DateTime:2026-09-14 15:32:41.785:callWorkFunction: SimuCorn_close_transport                            File: Line:0 Function: Type:Debug:
DateTime:2026-09-14 15:32:41.785:找到对应函数，进入执行                            File: Line:0 Function: Type:Debug:
DateTime:2026-09-14 15:32:41.785:"工装发送：68 42 00 42 00 68 40 00 00 00 00 00 22 60 00 00 01 00 02 00 3C 00 01 16"                            File: Line:0 Function: Type:Debug:
DateTime:2026-09-14 15:32:41.785:"工装接收：68 32 00 32 00 68 80 00 00 00 00 00 00 60 00 00 01 00 E1 16"                            File: Line:0 Function: Type:Debug:
DateTime:2026-09-14 15:32:41.785:"m_baRecvMsg:"                            File: Line:0 Function: Type:Debug:
DateTime:2026-09-14 15:32:41.786:"frameList.size():1"                            File: Line:0 Function: Type:Debug:
DateTime:2026-09-14 15:32:41.786:"进入报文解析"                            File: Line:0 Function: Type:Debug:
DateTime:2026-09-14 15:32:41.786:"68 32 00 32 00 68 80 00 00 00 00 00 00 60 00 00 01 00 E1 16"                            File: Line:0 Function: Type:Debug:
DateTime:2026-09-14 15:32:41.786:"解码完成，功能码: 1"                            File: Line:0 Function: Type:Debug:
DateTime:2026-09-14 15:32:41.786:"工装回复确认帧"                            File: Line:0 Function: Type:Debug:
DateTime:2026-09-14 15:32:41.786:"全部槽位关闭透传成功"                            File: Line:0 Function: Type:Debug:
DateTime:2026-09-14 15:32:41.887:dll输出信息: ""                            File: Line:0 Function: Type:Debug:
DateTime:2026-09-14 15:32:41.887:接口函数调用成功，返回的结果为 0                            File: Line:0 Function: Type:Debug:
DateTime:2026-09-14 15:32:41.887:"外部传入的para：0，返回的result：0,返回的pValRet：0"                            File: Line:0 Function: Type:Debug:
DateTime:2026-09-14 15:32:41.887:"执行接口函数SimuCorn_close_transport完成"                            File: Line:0 Function: Type:Debug:
DateTime:2026-09-14 15:32:41.887:coorIndex 0                            File: Line:0 Function: Type:Debug:
DateTime:2026-09-14 15:32:41.887:当前流程结束                            File: Line:0 Function: Type:Debug:
DateTime:2026-09-14 15:32:41.887:退出connect函数                            File: Line:0 Function: Type:Debug:
DateTime:2026-09-14 15:32:41.887:"=========【测试槽位透传关闭】结束=========="                            File: Line:0 Function: Type:Debug:
DateTime:2026-09-14 15:32:41.887:"-----------------------------"                            File: Line:0 Function: Type:Debug:
DateTime:2026-09-14 15:32:41.889:"=============执行【测试槽位下电】==================="                            File: Line:0 Function: Type:Debug:
DateTime:2026-09-14 15:32:41.889:"执行接口函数SimuCorn_power_off"                            File: Line:0 Function: Type:Debug:
DateTime:2026-09-14 15:32:41.889:callWorkFunction: SimuCorn_power_off                            File: Line:0 Function: Type:Debug:
DateTime:2026-09-14 15:32:41.889:找到对应函数，进入执行                            File: Line:0 Function: Type:Debug:
DateTime:2026-09-14 15:32:41.889:"工装发送：68 3E 00 3E 00 68 40 00 00 00 00 00 21 60 00 00 02 00 01 02 00 C6 16"                            File: Line:0 Function: Type:Debug:
DateTime:2026-09-14 15:32:41.889:"工装接收：68 32 00 32 00 68 80 00 00 00 00 00 00 60 00 00 01 00 E1 16"                            File: Line:0 Function: Type:Debug:
DateTime:2026-09-14 15:32:41.889:"m_baRecvMsg:"                            File: Line:0 Function: Type:Debug:
DateTime:2026-09-14 15:32:41.889:"frameList.size():1"                            File: Line:0 Function: Type:Debug:
DateTime:2026-09-14 15:32:41.889:"进入报文解析"                            File: Line:0 Function: Type:Debug:
DateTime:2026-09-14 15:32:41.890:"68 32 00 32 00 68 80 00 00 00 00 00 00 60 00 00 01 00 E1 16"                            File: Line:0 Function: Type:Debug:
DateTime:2026-09-14 15:32:41.890:"解码完成，功能码: 1"                            File: Line:0 Function: Type:Debug:
DateTime:2026-09-14 15:32:41.890:"工装回复确认帧"                            File: Line:0 Function: Type:Debug:
DateTime:2026-09-14 15:32:41.890:"工装发送：68 3E 00 3E 00 68 40 00 00 00 00 00 21 60 00 00 02 00 02 02 00 C7 16"                            File: Line:0 Function: Type:Debug:
DateTime:2026-09-14 15:32:41.890:"工装接收：68 32 00 32 00 68 80 00 00 00 00 00 00 60 00 00 01 00 E1 16"                            File: Line:0 Function: Type:Debug:
DateTime:2026-09-14 15:32:41.890:"m_baRecvMsg:"                            File: Line:0 Function: Type:Debug:
DateTime:2026-09-14 15:32:41.890:"frameList.size():1"                            File: Line:0 Function: Type:Debug:
DateTime:2026-09-14 15:32:41.890:"进入报文解析"                            File: Line:0 Function: Type:Debug:
DateTime:2026-09-14 15:32:41.890:"68 32 00 32 00 68 80 00 00 00 00 00 00 60 00 00 01 00 E1 16"                            File: Line:0 Function: Type:Debug:
DateTime:2026-09-14 15:32:41.890:"解码完成，功能码: 1"                            File: Line:0 Function: Type:Debug:
DateTime:2026-09-14 15:32:41.890:"工装回复确认帧"                            File: Line:0 Function: Type:Debug:
DateTime:2026-09-14 15:32:41.890:"工装发送：68 3E 00 3E 00 68 40 00 00 00 00 00 21 60 00 00 02 00 03 02 00 C8 16"                            File: Line:0 Function: Type:Debug:
DateTime:2026-09-14 15:32:41.891:"工装接收：68 32 00 32 00 68 80 00 00 00 00 00 00 60 00 00 01 00 E1 16"                            File: Line:0 Function: Type:Debug:
DateTime:2026-09-14 15:32:41.891:"m_baRecvMsg:"                            File: Line:0 Function: Type:Debug:
DateTime:2026-09-14 15:32:41.891:"frameList.size():1"                            File: Line:0 Function: Type:Debug:
DateTime:2026-09-14 15:32:41.891:"进入报文解析"                            File: Line:0 Function: Type:Debug:
DateTime:2026-09-14 15:32:41.891:"68 32 00 32 00 68 80 00 00 00 00 00 00 60 00 00 01 00 E1 16"                            File: Line:0 Function: Type:Debug:
DateTime:2026-09-14 15:32:41.891:"解码完成，功能码: 1"                            File: Line:0 Function: Type:Debug:
DateTime:2026-09-14 15:32:41.891:"工装回复确认帧"                            File: Line:0 Function: Type:Debug:
DateTime:2026-09-14 15:32:41.891:"工装发送：68 3E 00 3E 00 68 40 00 00 00 00 00 21 60 00 00 02 00 04 02 00 C9 16"                            File: Line:0 Function: Type:Debug:
DateTime:2026-09-14 15:32:41.892:"工装接收：68 32 00 32 00 68 80 00 00 00 00 00 00 60 00 00 01 00 E1 16"                            File: Line:0 Function: Type:Debug:
DateTime:2026-09-14 15:32:41.892:"m_baRecvMsg:"                            File: Line:0 Function: Type:Debug:
DateTime:2026-09-14 15:32:41.892:"frameList.size():1"                            File: Line:0 Function: Type:Debug:
DateTime:2026-09-14 15:32:41.892:"进入报文解析"                            File: Line:0 Function: Type:Debug:
DateTime:2026-09-14 15:32:41.892:"68 32 00 32 00 68 80 00 00 00 00 00 00 60 00 00 01 00 E1 16"                            File: Line:0 Function: Type:Debug:
DateTime:2026-09-14 15:32:41.892:"解码完成，功能码: 1"                            File: Line:0 Function: Type:Debug:
DateTime:2026-09-14 15:32:41.892:"工装回复确认帧"                            File: Line:0 Function: Type:Debug:
DateTime:2026-09-14 15:32:41.892:"工装发送：68 3E 00 3E 00 68 40 00 00 00 00 00 21 60 00 00 02 00 05 02 00 CA 16"                            File: Line:0 Function: Type:Debug:
DateTime:2026-09-14 15:32:41.892:"工装接收：68 32 00 32 00 68 80 00 00 00 00 00 00 60 00 00 01 00 E1 16"                            File: Line:0 Function: Type:Debug:
DateTime:2026-09-14 15:32:41.892:"m_baRecvMsg:"                            File: Line:0 Function: Type:Debug:
DateTime:2026-09-14 15:32:41.892:"frameList.size():1"                            File: Line:0 Function: Type:Debug:
DateTime:2026-09-14 15:32:41.892:"进入报文解析"                            File: Line:0 Function: Type:Debug:
DateTime:2026-09-14 15:32:41.892:"68 32 00 32 00 68 80 00 00 00 00 00 00 60 00 00 01 00 E1 16"                            File: Line:0 Function: Type:Debug:
DateTime:2026-09-14 15:32:41.892:"解码完成，功能码: 1"                            File: Line:0 Function: Type:Debug:
DateTime:2026-09-14 15:32:41.892:"工装回复确认帧"                            File: Line:0 Function: Type:Debug:
DateTime:2026-09-14 15:32:41.892:"工装发送：68 3E 00 3E 00 68 40 00 00 00 00 00 21 60 00 00 02 00 06 02 00 CB 16"                            File: Line:0 Function: Type:Debug:
DateTime:2026-09-14 15:32:41.893:"工装接收：68 32 00 32 00 68 80 00 00 00 00 00 00 60 00 00 01 00 E1 16"                            File: Line:0 Function: Type:Debug:
DateTime:2026-09-14 15:32:41.893:"m_baRecvMsg:"                            File: Line:0 Function: Type:Debug:
DateTime:2026-09-14 15:32:41.893:"frameList.size():1"                            File: Line:0 Function: Type:Debug:
DateTime:2026-09-14 15:32:41.893:"进入报文解析"                            File: Line:0 Function: Type:Debug:
DateTime:2026-09-14 15:32:41.893:"68 32 00 32 00 68 80 00 00 00 00 00 00 60 00 00 01 00 E1 16"                            File: Line:0 Function: Type:Debug:
DateTime:2026-09-14 15:32:41.893:"解码完成，功能码: 1"                            File: Line:0 Function: Type:Debug:
DateTime:2026-09-14 15:32:41.893:"工装回复确认帧"                            File: Line:0 Function: Type:Debug:
DateTime:2026-09-14 15:32:41.893:"工装发送：68 3E 00 3E 00 68 40 00 00 00 00 00 21 60 00 00 02 00 07 02 00 CC 16"                            File: Line:0 Function: Type:Debug:
DateTime:2026-09-14 15:32:41.894:"工装接收：68 32 00 32 00 68 80 00 00 00 00 00 00 60 00 00 01 00 E1 16"                            File: Line:0 Function: Type:Debug:
DateTime:2026-09-14 15:32:41.894:"m_baRecvMsg:"                            File: Line:0 Function: Type:Debug:
DateTime:2026-09-14 15:32:41.894:"frameList.size():1"                            File: Line:0 Function: Type:Debug:
DateTime:2026-09-14 15:32:41.894:"进入报文解析"                            File: Line:0 Function: Type:Debug:
DateTime:2026-09-14 15:32:41.894:"68 32 00 32 00 68 80 00 00 00 00 00 00 60 00 00 01 00 E1 16"                            File: Line:0 Function: Type:Debug:
DateTime:2026-09-14 15:32:41.894:"解码完成，功能码: 1"                            File: Line:0 Function: Type:Debug:
DateTime:2026-09-14 15:32:41.894:"工装回复确认帧"                            File: Line:0 Function: Type:Debug:
DateTime:2026-09-14 15:32:41.894:"工装发送：68 3E 00 3E 00 68 40 00 00 00 00 00 21 60 00 00 02 00 08 02 00 CD 16"                            File: Line:0 Function: Type:Debug:
DateTime:2026-09-14 15:32:41.894:"工装接收：68 32 00 32 00 68 80 00 00 00 00 00 00 60 00 00 01 00 E1 16"                            File: Line:0 Function: Type:Debug:
DateTime:2026-09-14 15:32:41.894:"m_baRecvMsg:"                            File: Line:0 Function: Type:Debug:
DateTime:2026-09-14 15:32:41.894:"frameList.size():1"                            File: Line:0 Function: Type:Debug:
DateTime:2026-09-14 15:32:41.894:"进入报文解析"                            File: Line:0 Function: Type:Debug:
DateTime:2026-09-14 15:32:41.894:"68 32 00 32 00 68 80 00 00 00 00 00 00 60 00 00 01 00 E1 16"                            File: Line:0 Function: Type:Debug:
DateTime:2026-09-14 15:32:41.895:"解码完成，功能码: 1"                            File: Line:0 Function: Type:Debug:
DateTime:2026-09-14 15:32:41.895:"工装回复确认帧"                            File: Line:0 Function: Type:Debug:
DateTime:2026-09-14 15:32:41.895:"所有槽位下电成功"                            File: Line:0 Function: Type:Debug:
DateTime:2026-09-14 15:32:41.996:dll输出信息: ""                            File: Line:0 Function: Type:Debug:
DateTime:2026-09-14 15:32:41.996:接口函数调用成功，返回的结果为 0                            File: Line:0 Function: Type:Debug:
DateTime:2026-09-14 15:32:41.996:"外部传入的para：0，返回的result：0,返回的pValRet：0"                            File: Line:0 Function: Type:Debug:
DateTime:2026-09-14 15:32:41.996:"执行接口函数SimuCorn_power_off完成"                            File: Line:0 Function: Type:Debug:
DateTime:2026-09-14 15:32:41.996:coorIndex 0                            File: Line:0 Function: Type:Debug:
DateTime:2026-09-14 15:32:41.996:当前流程结束                            File: Line:0 Function: Type:Debug:
DateTime:2026-09-14 15:32:41.996:退出connect函数                            File: Line:0 Function: Type:Debug:
DateTime:2026-09-14 15:32:41.996:"=========【测试槽位下电】结束=========="                            File: Line:0 Function: Type:Debug:
DateTime:2026-09-14 15:32:41.996:"-----------------------------"                            File: Line:0 Function: Type:Debug:
DateTime:2026-09-14 15:32:41.998:"=============执行【三相功率源关源】==================="                            File: Line:0 Function: Type:Debug:
DateTime:2026-09-14 15:32:41.998:"--发送:A1 01 04 DC 07 00 E3"                            File: Line:0 Function: Type:Debug:
DateTime:2026-09-14 15:32:42.098:三相功率源关源成功                            File: Line:0 Function: Type:Debug:
DateTime:2026-09-14 15:32:42.098:"=========【三相功率源关源】结束=========="                            File: Line:0 Function: Type:Debug:
DateTime:2026-09-14 15:32:42.098:"-----------------------------"                            File: Line:0 Function: Type:Debug:
DateTime:2026-09-14 15:32:42.099:"=============执行【关闭应用串口】==================="                            File: Line:0 Function: Type:Debug:
DateTime:2026-09-14 15:32:42.099:"执行接口函数ini_SimuCorn_Connect_Close"                            File: Line:0 Function: Type:Debug:
DateTime:2026-09-14 15:32:42.099:callWorkFunction: ini_SimuCorn_Connect_Close                            File: Line:0 Function: Type:Debug:
DateTime:2026-09-14 15:32:42.099:找到对应函数，进入执行                            File: Line:0 Function: Type:Debug:
DateTime:2026-09-14 15:32:42.100:"工装板连接关闭"                            File: Line:0 Function: Type:Debug:
DateTime:2026-09-14 15:32:42.201:dll输出信息: ""                            File: Line:0 Function: Type:Debug:
DateTime:2026-09-14 15:32:42.201:接口函数调用成功，返回的结果为 0                            File: Line:0 Function: Type:Debug:
DateTime:2026-09-14 15:32:42.201:"外部传入的para：0，返回的result：0,返回的pValRet：0"                            File: Line:0 Function: Type:Debug:
DateTime:2026-09-14 15:32:42.201:"执行接口函数ini_SimuCorn_Connect_Close完成"                            File: Line:0 Function: Type:Debug:
DateTime:2026-09-14 15:32:42.201:coorIndex 0                            File: Line:0 Function: Type:Debug:
DateTime:2026-09-14 15:32:42.201:当前流程结束                            File: Line:0 Function: Type:Debug:
DateTime:2026-09-14 15:32:42.201:退出connect函数                            File: Line:0 Function: Type:Debug:
DateTime:2026-09-14 15:32:42.201:"=========【关闭应用串口】结束=========="                            File: Line:0 Function: Type:Debug:
DateTime:2026-09-14 15:32:42.201:"-----------------------------"                            File: Line:0 Function: Type:Debug:
DateTime:2026-09-14 15:32:42.202:工作结束,开始存储本地数据                            File: Line:0 Function: Type:Debug:
DateTime:2026-09-14 15:32:42.227:三相功率源串口关闭成功                            File: Line:0 Function: Type:Debug:
DateTime:2026-09-14 15:32:42.227:高低温箱串口关闭成功                            File: Line:0 Function: Type:Debug:
DateTime:2026-09-14 15:32:42.232:"保存测试结果成功"                            File: Line:0 Function: Type:Debug:
DateTime:2026-09-14 15:32:42.232:"=============执行【关闭测试项日志】==================="                            File: Line:0 Function: Type:Debug:
====== 测试项结束: 停复电事件上报测试 ======
时间: 2026-09-14 15:32:42

